generation,sol_idx,emitter_id,mean_throughput,eval_0,eval_1,eval_2,eval_3,eval_4
0,0,0,3.296800,3.314000,3.195000,3.237000,3.398000,3.340000
0,1,0,3.097400,3.201000,2.949000,3.078000,3.144000,3.115000
0,2,0,3.045200,3.107000,2.983000,2.926000,3.122000,3.088000
0,3,0,2.972600,2.975000,2.973000,2.970000,2.854000,3.091000
0,4,0,3.089200,3.007000,3.172000,2.984000,3.180000,3.103000
0,5,0,2.792400,2.850000,2.696000,2.828000,2.814000,2.774000
0,6,0,3.158800,3.148000,3.002000,3.230000,3.155000,3.259000
0,7,0,2.973600,3.059000,2.956000,2.928000,2.906000,3.019000
0,8,0,2.974800,2.980000,3.012000,2.929000,2.958000,2.995000
0,9,0,3.185000,3.139000,3.173000,3.123000,3.216000,3.274000
0,10,0,3.130000,3.167000,3.223000,3.045000,3.122000,3.093000
0,11,0,2.968200,3.070000,2.946000,2.932000,2.900000,2.993000
0,12,0,3.045000,3.144000,3.020000,3.058000,3.060000,2.943000
0,13,0,3.125600,3.146000,3.094000,3.104000,3.207000,3.077000
0,14,0,2.898800,2.903000,2.857000,2.884000,2.831000,3.019000
0,15,0,2.926600,2.838000,2.927000,2.909000,2.954000,3.005000
0,16,0,3.165600,3.311000,3.093000,3.166000,3.128000,3.130000
0,17,0,3.028800,3.155000,2.904000,3.039000,3.096000,2.950000
0,18,0,3.109400,3.114000,3.046000,3.074000,3.215000,3.098000
0,19,0,3.076400,2.996000,3.129000,3.120000,3.071000,3.066000
0,20,0,3.043000,3.049000,3.005000,3.066000,2.998000,3.097000
0,21,0,3.265200,3.312000,3.241000,3.229000,3.218000,3.326000
0,22,0,3.372400,3.376000,3.432000,3.344000,3.361000,3.349000
0,23,0,3.014400,3.035000,2.942000,3.062000,2.980000,3.053000
0,24,0,2.908400,2.963000,2.870000,2.797000,2.986000,2.926000
0,25,0,3.269400,3.125000,3.278000,3.315000,3.323000,3.306000
0,26,0,3.133000,3.124000,3.045000,3.122000,3.136000,3.238000
0,27,0,3.002600,3.154000,3.056000,2.871000,2.929000,3.003000
0,28,0,2.911800,2.902000,2.842000,2.883000,2.892000,3.040000
0,29,0,2.943600,3.041000,2.978000,2.840000,2.761000,3.098000
0,30,0,2.996400,3.081000,2.934000,3.032000,2.960000,2.975000
0,31,0,3.116400,3.206000,3.132000,3.061000,3.082000,3.101000
0,32,0,2.809200,2.877000,2.744000,2.800000,2.755000,2.870000
0,33,0,3.023400,3.129000,2.957000,3.062000,2.933000,3.036000
0,34,0,2.923600,2.969000,2.874000,2.903000,2.870000,3.002000
0,35,0,3.373800,3.486000,3.319000,3.451000,3.383000,3.230000
0,36,0,3.322000,3.304000,3.276000,3.223000,3.357000,3.450000
0,37,0,3.255200,3.353000,3.264000,3.062000,3.321000,3.276000
0,38,0,3.044400,3.099000,3.052000,3.006000,3.018000,3.047000
0,39,0,3.081400,3.202000,3.071000,3.002000,2.998000,3.134000
0,40,0,3.229800,3.201000,3.270000,3.210000,3.206000,3.262000
0,41,0,3.075200,3.159000,2.959000,3.017000,3.077000,3.164000
0,42,0,3.290800,3.400000,3.162000,3.186000,3.376000,3.330000
0,43,0,3.048400,3.062000,2.945000,2.986000,3.060000,3.189000
0,44,0,3.293600,3.349000,3.363000,3.355000,3.217000,3.184000
0,45,0,2.953000,2.962000,2.959000,2.910000,2.964000,2.970000
0,46,0,3.065000,3.058000,3.053000,2.964000,3.185000,3.065000
0,47,0,3.097000,3.091000,3.087000,3.020000,3.102000,3.185000
0,48,0,3.209000,3.311000,3.186000,3.087000,3.209000,3.252000
0,49,0,2.928600,3.002000,2.894000,2.855000,2.902000,2.990000
0,50,0,2.966600,2.922000,3.025000,2.947000,2.962000,2.977000
0,51,0,3.231000,3.194000,3.266000,3.233000,3.184000,3.278000
0,52,0,3.147400,3.114000,3.121000,3.180000,3.135000,3.187000
0,53,0,3.234400,3.224000,3.308000,3.238000,3.169000,3.233000
0,54,0,2.854000,2.898000,2.763000,2.841000,2.910000,2.858000
0,55,0,2.994000,2.993000,2.943000,2.943000,3.066000,3.025000
0,56,0,3.098000,3.206000,2.977000,3.144000,3.020000,3.143000
0,57,0,3.013600,3.042000,3.011000,3.030000,2.991000,2.994000
0,58,0,3.153200,3.043000,3.234000,3.125000,3.252000,3.112000
0,59,0,3.046400,3.073000,3.044000,3.080000,3.039000,2.996000
0,60,0,3.217400,3.341000,3.109000,3.174000,3.211000,3.252000
0,61,0,2.732400,2.811000,2.672000,2.735000,2.648000,2.796000
0,62,0,2.955400,2.979000,3.053000,2.852000,2.974000,2.919000
0,63,0,2.971400,3.154000,2.865000,2.989000,2.903000,2.946000
0,64,0,3.102000,3.164000,3.086000,3.121000,3.088000,3.051000
0,65,0,2.997600,3.145000,2.913000,3.060000,2.962000,2.908000
0,66,0,2.973800,3.016000,2.901000,2.958000,2.962000,3.032000
0,67,0,3.215400,3.221000,3.267000,3.115000,3.176000,3.298000
0,68,0,3.021600,3.057000,3.032000,2.967000,3.002000,3.050000
0,69,0,3.248000,3.374000,3.141000,3.246000,3.280000,3.199000
0,70,0,3.103200,3.169000,3.069000,3.030000,3.131000,3.117000
0,71,0,3.195200,3.164000,3.099000,3.328000,3.264000,3.121000
0,72,0,3.013800,3.077000,2.962000,2.911000,3.006000,3.113000
0,73,0,3.462200,3.572000,3.483000,3.346000,3.454000,3.456000
0,74,0,3.124600,3.220000,3.128000,3.024000,3.183000,3.068000
0,75,0,2.798600,2.921000,2.844000,2.635000,2.826000,2.767000
0,76,0,3.075000,3.088000,3.033000,3.028000,3.071000,3.155000
0,77,0,3.153800,3.243000,3.138000,3.143000,3.118000,3.127000
0,78,0,2.699200,2.676000,2.694000,2.607000,2.754000,2.765000
0,79,0,2.990200,2.932000,3.010000,2.960000,2.981000,3.068000
0,80,0,3.065200,3.071000,3.042000,2.973000,3.068000,3.172000
0,81,0,3.009800,3.135000,2.930000,3.093000,2.930000,2.961000
0,82,0,3.014200,3.131000,2.994000,2.876000,3.010000,3.060000
0,83,0,2.976000,2.974000,2.968000,2.917000,3.002000,3.019000
0,84,0,2.986000,3.119000,2.936000,2.880000,2.960000,3.035000
0,85,0,3.234000,3.147000,3.235000,3.199000,3.343000,3.246000
0,86,0,3.191600,3.201000,3.231000,3.057000,3.294000,3.175000
0,87,0,3.224800,3.167000,3.264000,3.255000,3.248000,3.190000
0,88,0,3.280800,3.296000,3.220000,3.175000,3.362000,3.351000
0,89,0,3.150400,3.065000,3.192000,3.085000,3.193000,3.217000
0,90,0,3.199400,3.332000,3.178000,3.037000,3.186000,3.264000
0,91,0,2.832000,2.935000,2.838000,2.674000,2.813000,2.900000
0,92,0,3.095000,3.181000,3.107000,3.033000,3.129000,3.025000
0,93,0,3.114600,3.187000,3.059000,3.138000,3.111000,3.078000
0,94,0,3.091600,3.112000,3.026000,3.093000,3.170000,3.057000
0,95,0,3.117200,3.222000,3.038000,3.081000,3.061000,3.184000
0,96,0,2.789800,2.916000,2.778000,2.790000,2.728000,2.737000
0,97,0,3.239200,3.382000,3.221000,3.167000,3.232000,3.194000
0,98,0,2.962400,3.092000,2.959000,2.798000,3.052000,2.911000
0,99,0,3.006600,3.034000,2.986000,2.900000,3.048000,3.065000
1,0,0,3.219400,3.220000,3.144000,3.394000,3.118000,3.221000
1,1,0,3.309000,3.280000,3.296000,3.482000,3.207000,3.280000
1,2,0,3.367400,3.389000,3.292000,3.627000,3.255000,3.274000
1,3,0,3.166200,3.025000,3.171000,3.287000,3.148000,3.200000
1,4,0,3.144800,3.085000,3.039000,3.320000,3.104000,3.176000
1,5,0,3.194200,3.265000,3.103000,3.331000,3.037000,3.235000
1,6,0,2.953000,2.948000,2.841000,3.082000,2.925000,2.969000
1,7,0,3.456000,3.490000,3.404000,3.628000,3.294000,3.464000
1,8,0,3.070000,3.068000,2.979000,3.126000,3.073000,3.104000
1,9,0,3.220200,3.146000,3.165000,3.416000,3.238000,3.136000
1,10,0,3.164000,3.065000,3.107000,3.269000,3.124000,3.255000
1,11,0,3.207400,3.242000,3.160000,3.337000,3.205000,3.093000
1,12,0,3.393200,3.346000,3.355000,3.550000,3.396000,3.319000
1,13,0,3.425800,3.380000,3.293000,3.604000,3.379000,3.473000
1,14,0,3.378600,3.473000,3.310000,3.460000,3.362000,3.288000
1,15,0,3.333200,3.351000,3.190000,3.435000,3.287000,3.403000
1,16,0,3.218200,3.377000,3.065000,3.319000,3.107000,3.223000
1,17,0,3.420600,3.335000,3.413000,3.590000,3.332000,3.433000
1,18,0,3.101400,3.106000,3.109000,3.146000,3.024000,3.122000
1,19,0,2.816600,2.746000,2.781000,2.980000,2.873000,2.703000
1,20,0,3.235800,3.202000,3.123000,3.412000,3.148000,3.294000
1,21,0,3.440800,3.456000,3.391000,3.563000,3.361000,3.433000
1,22,0,3.238600,3.203000,3.139000,3.343000,3.216000,3.292000
1,23,0,3.234400,3.169000,3.201000,3.439000,3.092000,3.271000
1,24,0,3.449000,3.398000,3.423000,3.694000,3.357000,3.373000
1,25,0,3.023400,3.068000,2.899000,3.152000,2.948000,3.050000
1,26,0,3.097400,3.163000,3.001000,3.159000,3.104000,3.060000
1,27,0,2.916200,2.848000,2.854000,3.102000,2.803000,2.974000
1,28,0,3.334600,3.246000,3.291000,3.570000,3.241000,3.325000
1,29,0,3.251800,3.196000,3.167000,3.417000,3.130000,3.349000
1,30,0,3.320200,3.309000,3.285000,3.490000,3.275000,3.242000
1,31,0,3.281600,3.219000,3.206000,3.477000,3.183000,3.323000
1,32,0,3.362200,3.380000,3.253000,3.576000,3.231000,3.371000
1,33,0,3.335000,3.346000,3.177000,3.564000,3.328000,3.260000
1,34,0,3.331400,3.310000,3.205000,3.557000,3.224000,3.361000
1,35,0,3.226000,3.166000,3.161000,3.349000,3.132000,3.322000
1,36,0,3.383600,3.415000,3.355000,3.435000,3.372000,3.341000
1,37,0,3.573600,3.519000,3.482000,3.759000,3.602000,3.506000
1,38,0,3.047200,3.079000,2.934000,3.111000,2.996000,3.116000
1,39,0,3.078600,3.100000,3.047000,3.185000,2.893000,3.168000
1,40,0,3.245200,3.123000,3.216000,3.467000,3.230000,3.190000
1,41,0,3.343800,3.338000,3.271000,3.591000,3.244000,3.275000
1,42,0,3.732800,3.704000,3.776000,3.968000,3.532000,3.684000
1,43,0,3.372800,3.351000,3.298000,3.476000,3.391000,3.348000
1,44,0,3.104200,3.117000,3.089000,3.187000,3.077000,3.051000
1,45,0,3.274600,3.242000,3.337000,3.376000,3.196000,3.222000
1,46,0,3.212400,3.227000,3.134000,3.447000,2.992000,3.262000
1,47,0,3.277600,3.169000,3.222000,3.551000,3.241000,3.205000
1,48,0,3.146200,3.144000,2.990000,3.325000,3.067000,3.205000
1,49,0,3.087400,3.090000,3.038000,3.231000,3.043000,3.035000
1,50,0,3.354000,3.358000,3.263000,3.621000,3.188000,3.340000
1,51,0,3.205000,3.108000,3.100000,3.382000,3.251000,3.184000
1,52,0,3.222800,3.237000,3.101000,3.401000,3.097000,3.278000
1,53,0,3.083000,3.016000,3.002000,3.258000,3.102000,3.037000
1,54,0,3.325800,3.254000,3.316000,3.514000,3.248000,3.297000
1,55,0,3.116800,3.043000,3.020000,3.227000,3.154000,3.140000
1,56,0,3.082800,3.068000,2.975000,3.259000,2.943000,3.169000
1,57,0,3.210000,3.177000,3.231000,3.370000,3.102000,3.170000
1,58,0,3.389600,3.371000,3.333000,3.593000,3.270000,3.381000
1,59,0,3.279400,3.257000,3.166000,3.344000,3.280000,3.350000
1,60,0,3.546400,3.481000,3.513000,3.755000,3.372000,3.611000
1,61,0,3.230800,3.225000,3.070000,3.352000,3.302000,3.205000
1,62,0,3.183200,3.185000,3.169000,3.290000,3.073000,3.199000
1,63,0,3.313800,3.318000,3.170000,3.506000,3.282000,3.293000
1,64,0,3.019000,3.011000,2.977000,3.135000,2.955000,3.017000
1,65,0,3.250000,3.256000,3.259000,3.447000,3.077000,3.211000
1,66,0,3.114800,3.121000,2.940000,3.230000,3.125000,3.158000
1,67,0,3.500800,3.439000,3.403000,3.746000,3.437000,3.479000
1,68,0,3.451800,3.317000,3.383000,3.659000,3.491000,3.409000
1,69,0,3.346600,3.298000,3.246000,3.519000,3.287000,3.383000
1,70,0,2.969200,2.939000,2.900000,3.160000,2.947000,2.900000
1,71,0,3.213400,3.221000,3.222000,3.318000,3.108000,3.198000
1,72,0,3.032800,3.129000,2.878000,3.105000,2.939000,3.113000
1,73,0,3.190000,3.044000,3.100000,3.317000,3.223000,3.266000
1,74,0,3.346000,3.361000,3.225000,3.534000,3.390000,3.220000
1,75,0,3.229800,3.189000,3.156000,3.388000,3.131000,3.285000
1,76,0,3.079200,2.911000,3.010000,3.204000,3.076000,3.195000
1,77,0,3.118000,3.090000,3.026000,3.304000,3.097000,3.073000
1,78,0,3.446000,3.387000,3.427000,3.583000,3.457000,3.376000
1,79,0,2.899400,2.790000,2.757000,3.178000,2.931000,2.841000
1,80,0,3.083800,2.989000,3.014000,3.313000,3.015000,3.088000
1,81,0,3.154000,3.104000,3.029000,3.365000,3.155000,3.117000
1,82,0,3.093000,3.031000,3.074000,3.291000,2.996000,3.073000
1,83,0,3.245000,3.223000,3.182000,3.559000,3.122000,3.139000
1,84,0,3.306200,3.290000,3.165000,3.492000,3.273000,3.311000
1,85,0,3.197200,3.142000,3.097000,3.404000,3.177000,3.166000
1,86,0,3.163600,3.160000,3.085000,3.340000,3.040000,3.193000
1,87,0,2.957200,3.063000,2.874000,3.024000,2.810000,3.015000
1,88,0,3.381800,3.413000,3.280000,3.584000,3.313000,3.319000
1,89,0,3.179200,3.182000,3.127000,3.405000,3.076000,3.106000
1,90,0,3.379800,3.459000,3.389000,3.498000,3.266000,3.287000
1,91,0,3.041200,3.015000,2.976000,3.208000,2.912000,3.095000
1,92,0,2.878000,2.715000,2.886000,3.049000,2.787000,2.953000
1,93,0,3.186800,3.124000,3.141000,3.337000,3.189000,3.143000
1,94,0,3.387000,3.341000,3.506000,3.430000,3.326000,3.332000
1,95,0,3.232400,3.155000,3.205000,3.370000,3.174000,3.258000
1,96,0,3.420200,3.372000,3.374000,3.548000,3.430000,3.377000
1,97,0,3.309600,3.256000,3.279000,3.403000,3.263000,3.347000
1,98,0,3.314200,3.224000,3.211000,3.575000,3.292000,3.269000
1,99,0,3.269000,3.174000,3.221000,3.413000,3.285000,3.252000
2,0,0,3.461000,3.514000,3.490000,3.569000,3.386000,3.346000
2,1,0,3.409200,3.337000,3.528000,3.503000,3.279000,3.399000
2,2,0,3.591200,3.679000,3.663000,3.675000,3.499000,3.440000
2,3,0,3.590800,3.547000,3.653000,3.544000,3.593000,3.617000
2,4,0,3.576600,3.641000,3.593000,3.578000,3.548000,3.523000
2,5,0,3.267800,3.383000,3.291000,3.214000,3.157000,3.294000
2,6,0,3.380600,3.320000,3.402000,3.457000,3.299000,3.425000
2,7,0,3.080200,3.205000,3.132000,3.083000,2.998000,2.983000
2,8,0,3.420000,3.447000,3.435000,3.426000,3.350000,3.442000
2,9,0,3.304000,3.342000,3.292000,3.382000,3.238000,3.266000
2,10,0,3.359800,3.470000,3.369000,3.341000,3.345000,3.274000
2,11,0,3.428000,3.364000,3.431000,3.398000,3.418000,3.529000
2,12,0,3.100600,3.068000,3.235000,3.095000,3.010000,3.095000
2,13,0,3.396600,3.427000,3.391000,3.474000,3.452000,3.239000
2,14,0,3.271200,3.364000,3.235000,3.335000,3.200000,3.222000
2,15,0,3.073800,3.113000,3.093000,2.998000,3.053000,3.112000
2,16,0,3.431800,3.399000,3.401000,3.480000,3.455000,3.424000
2,17,0,3.257800,3.323000,3.223000,3.197000,3.193000,3.353000
2,18,0,3.310200,3.283000,3.290000,3.424000,3.253000,3.301000
2,19,0,3.221000,3.259000,3.118000,3.285000,3.192000,3.251000
2,20,0,3.566000,3.631000,3.601000,3.576000,3.511000,3.511000
2,21,0,3.357000,3.392000,3.334000,3.408000,3.347000,3.304000
2,22,0,3.157400,3.124000,3.119000,3.169000,3.164000,3.211000
2,23,0,3.535800,3.568000,3.473000,3.428000,3.648000,3.562000
2,24,0,3.329600,3.411000,3.300000,3.317000,3.294000,3.326000
2,25,0,3.263800,3.301000,3.250000,3.315000,3.214000,3.239000
2,26,0,3.349200,3.363000,3.345000,3.355000,3.344000,3.339000
2,27,0,3.293600,3.433000,3.285000,3.207000,3.201000,3.342000
2,28,0,3.378200,3.363000,3.297000,3.477000,3.385000,3.369000
2,29,0,3.320600,3.331000,3.357000,3.257000,3.290000,3.368000
2,30,0,3.307600,3.373000,3.251000,3.390000,3.299000,3.225000
2,31,0,3.334800,3.368000,3.270000,3.341000,3.276000,3.419000
2,32,0,3.099600,3.128000,3.098000,3.167000,3.078000,3.027000
2,33,0,3.216600,3.254000,3.209000,3.241000,3.224000,3.155000
2,34,0,3.492200,3.499000,3.459000,3.564000,3.493000,3.446000
2,35,0,3.656200,3.631000,3.658000,3.605000,3.708000,3.679000
2,36,0,3.331600,3.395000,3.509000,3.452000,3.239000,3.063000
2,37,0,3.378000,3.497000,3.336000,3.386000,3.363000,3.308000
2,38,0,3.376200,3.508000,3.300000,3.439000,3.261000,3.373000
2,39,0,3.412400,3.420000,3.386000,3.526000,3.370000,3.360000
2,40,0,3.335200,3.292000,3.373000,3.388000,3.344000,3.279000
2,41,0,3.641000,3.643000,3.730000,3.576000,3.600000,3.656000
2,42,0,3.278400,3.293000,3.249000,3.332000,3.259000,3.259000
2,43,0,3.151000,3.117000,3.171000,3.146000,3.140000,3.181000
2,44,0,3.316400,3.413000,3.320000,3.379000,3.233000,3.237000
2,45,0,3.290200,3.194000,3.344000,3.364000,3.222000,3.327000
2,46,0,3.568400,3.550000,3.492000,3.698000,3.570000,3.532000
2,47,0,3.415800,3.554000,3.540000,3.378000,3.356000,3.251000
2,48,0,3.141400,3.183000,3.270000,3.073000,3.088000,3.093000
2,49,0,3.100000,3.162000,3.129000,3.029000,3.027000,3.153000
2,50,0,3.314400,3.390000,3.322000,3.385000,3.288000,3.187000
2,51,0,3.383200,3.450000,3.438000,3.353000,3.309000,3.366000
2,52,0,3.496800,3.457000,3.473000,3.498000,3.441000,3.615000
2,53,0,3.122000,3.099000,3.184000,3.202000,3.144000,2.981000
2,54,0,3.525800,3.508000,3.494000,3.501000,3.471000,3.655000
2,55,0,3.354000,3.337000,3.381000,3.363000,3.300000,3.389000
2,56,0,3.319000,3.368000,3.282000,3.421000,3.253000,3.271000
2,57,0,3.486200,3.565000,3.388000,3.546000,3.561000,3.371000
2,58,0,3.266000,3.259000,3.222000,3.328000,3.253000,3.268000
2,59,0,3.663600,3.708000,3.658000,3.683000,3.657000,3.612000
2,60,0,3.264200,3.359000,3.300000,3.322000,3.157000,3.183000
2,61,0,3.272400,3.368000,3.217000,3.288000,3.197000,3.292000
2,62,0,3.085600,3.117000,3.097000,3.077000,3.158000,2.979000
2,63,0,3.455400,3.506000,3.430000,3.354000,3.411000,3.576000
2,64,0,3.291600,3.341000,3.241000,3.388000,3.234000,3.254000
2,65,0,3.092200,3.106000,3.123000,3.192000,3.024000,3.016000
2,66,0,3.182800,3.193000,3.107000,3.212000,3.233000,3.169000
2,67,0,3.144200,3.163000,3.127000,3.148000,3.078000,3.205000
2,68,0,3.456000,3.574000,3.406000,3.596000,3.359000,3.345000
2,69,0,3.561000,3.630000,3.584000,3.676000,3.431000,3.484000
2,70,0,3.085600,3.113000,3.117000,3.133000,3.021000,3.044000
2,71,0,3.388800,3.456000,3.363000,3.374000,3.373000,3.378000
2,72,0,3.422800,3.372000,3.487000,3.483000,3.351000,3.421000
2,73,0,3.368400,3.440000,3.294000,3.450000,3.245000,3.413000
2,74,0,3.320600,3.288000,3.308000,3.347000,3.316000,3.344000
2,75,0,3.149600,3.108000,3.192000,3.178000,3.122000,3.148000
2,76,0,3.179400,3.155000,3.276000,3.170000,3.190000,3.106000
2,77,0,3.342600,3.426000,3.326000,3.408000,3.202000,3.351000
2,78,0,3.593600,3.671000,3.517000,3.705000,3.506000,3.569000
2,79,0,3.398800,3.418000,3.518000,3.327000,3.344000,3.387000
2,80,0,3.369000,3.307000,3.391000,3.403000,3.367000,3.377000
2,81,0,3.184400,3.263000,3.210000,3.217000,3.108000,3.124000
2,82,0,3.378000,3.502000,3.372000,3.478000,3.302000,3.236000
2,83,0,3.344000,3.368000,3.347000,3.379000,3.342000,3.284000
2,84,0,3.323000,3.354000,3.486000,3.359000,3.194000,3.222000
2,85,0,3.518800,3.439000,3.529000,3.621000,3.526000,3.479000
2,86,0,3.304600,3.372000,3.240000,3.384000,3.308000,3.219000
2,87,0,3.434200,3.482000,3.565000,3.525000,3.361000,3.238000
2,88,0,3.650000,3.734000,3.621000,3.686000,3.636000,3.573000
2,89,0,3.648000,3.749000,3.594000,3.642000,3.674000,3.581000
2,90,0,3.384000,3.523000,3.346000,3.325000,3.359000,3.367000
2,91,0,3.501800,3.576000,3.481000,3.522000,3.436000,3.494000
2,92,0,3.040400,3.040000,3.074000,3.060000,3.014000,3.014000
2,93,0,3.346800,3.422000,3.296000,3.359000,3.329000,3.328000
2,94,0,3.396800,3.492000,3.382000,3.467000,3.344000,3.299000
2,95,0,3.504600,3.564000,3.550000,3.389000,3.555000,3.465000
2,96,0,3.458800,3.486000,3.496000,3.451000,3.482000,3.379000
2,97,0,3.239600,3.362000,3.274000,3.244000,3.123000,3.195000
2,98,0,3.227800,3.298000,3.217000,3.275000,3.192000,3.157000
2,99,0,3.366600,3.245000,3.509000,3.494000,3.344000,3.241000
3,0,0,3.466600,3.422000,3.524000,3.426000,3.452000,3.509000
3,1,0,3.635600,3.531000,3.770000,3.601000,3.607000,3.669000
3,2,0,3.494800,3.429000,3.506000,3.434000,3.548000,3.557000
3,3,0,3.695200,3.515000,3.834000,3.684000,3.663000,3.780000
3,4,0,3.312000,3.257000,3.378000,3.188000,3.330000,3.407000
3,5,0,3.512800,3.455000,3.618000,3.544000,3.434000,3.513000
3,6,0,3.597000,3.626000,3.664000,3.541000,3.472000,3.682000
3,7,0,3.773800,3.732000,3.907000,3.750000,3.687000,3.793000
3,8,0,3.639800,3.675000,3.722000,3.608000,3.535000,3.659000
3,9,0,3.182000,3.224000,3.325000,3.142000,3.085000,3.134000
3,10,0,3.631000,3.595000,3.670000,3.683000,3.649000,3.558000
3,11,0,3.527800,3.505000,3.544000,3.469000,3.494000,3.627000
3,12,0,3.452000,3.332000,3.564000,3.446000,3.446000,3.472000
3,13,0,3.902800,3.856000,4.069000,3.962000,3.692000,3.935000
3,14,0,3.288600,3.206000,3.402000,3.229000,3.228000,3.378000
3,15,0,3.498400,3.429000,3.598000,3.429000,3.475000,3.561000
3,16,0,3.712400,3.719000,3.843000,3.675000,3.566000,3.759000
3,17,0,3.439000,3.301000,3.603000,3.399000,3.394000,3.498000
3,18,0,3.525600,3.430000,3.611000,3.525000,3.535000,3.527000
3,19,0,3.361400,3.287000,3.371000,3.335000,3.300000,3.514000
3,20,0,3.494200,3.419000,3.610000,3.523000,3.447000,3.472000
3,21,0,3.837400,3.892000,3.937000,3.823000,3.652000,3.883000
3,22,0,3.595400,3.627000,3.740000,3.474000,3.440000,3.696000
3,23,0,3.463200,3.384000,3.556000,3.470000,3.455000,3.451000
3,24,0,3.347000,3.385000,3.488000,3.314000,3.137000,3.411000
3,25,0,3.298600,3.258000,3.352000,3.282000,3.213000,3.388000
3,26,0,3.456200,3.458000,3.476000,3.505000,3.336000,3.506000
3,27,0,3.414600,3.364000,3.479000,3.383000,3.362000,3.485000
3,28,0,3.487200,3.389000,3.630000,3.519000,3.447000,3.451000
3,29,0,3.499400,3.483000,3.619000,3.526000,3.414000,3.455000
3,30,0,3.705200,3.684000,3.779000,3.717000,3.589000,3.757000
3,31,0,3.527400,3.480000,3.602000,3.522000,3.436000,3.597000
3,32,0,3.522800,3.553000,3.741000,3.434000,3.439000,3.447000
3,33,0,3.396000,3.328000,3.503000,3.405000,3.404000,3.340000
3,34,0,3.836000,3.851000,3.954000,3.758000,3.691000,3.926000
3,35,0,3.158800,3.172000,3.188000,3.160000,2.927000,3.347000
3,36,0,3.529200,3.540000,3.659000,3.467000,3.457000,3.523000
3,37,0,3.571800,3.526000,3.633000,3.531000,3.490000,3.679000
3,38,0,3.546400,3.586000,3.676000,3.484000,3.413000,3.573000
3,39,0,3.506000,3.457000,3.640000,3.469000,3.387000,3.577000
3,40,0,3.453400,3.403000,3.535000,3.451000,3.341000,3.537000
3,41,0,3.468800,3.408000,3.518000,3.498000,3.388000,3.532000
3,42,0,3.375600,3.309000,3.332000,3.466000,3.353000,3.418000
3,43,0,3.499600,3.397000,3.525000,3.490000,3.473000,3.613000
3,44,0,3.458200,3.353000,3.484000,3.596000,3.337000,3.521000
3,45,0,3.185200,3.107000,3.174000,3.148000,3.193000,3.304000
3,46,0,3.829200,3.831000,3.959000,3.836000,3.706000,3.814000
3,47,0,3.529000,3.526000,3.664000,3.493000,3.525000,3.437000
3,48,0,3.628600,3.582000,3.737000,3.665000,3.548000,3.611000
3,49,0,3.416600,3.515000,3.472000,3.359000,3.325000,3.412000
3,50,0,3.645600,3.585000,3.692000,3.647000,3.580000,3.724000
3,51,0,3.481000,3.466000,3.588000,3.402000,3.393000,3.556000
3,52,0,3.500800,3.419000,3.639000,3.551000,3.401000,3.494000
3,53,0,3.649200,3.601000,3.700000,3.703000,3.506000,3.736000
3,54,0,3.635000,3.638000,3.751000,3.662000,3.437000,3.687000
3,55,0,3.364400,3.342000,3.537000,3.317000,3.265000,3.361000
3,56,0,3.456800,3.361000,3.521000,3.517000,3.359000,3.526000
3,57,0,3.506800,3.410000,3.542000,3.560000,3.489000,3.533000
3,58,0,3.581600,3.532000,3.613000,3.525000,3.520000,3.718000
3,59,0,3.515000,3.415000,3.494000,3.517000,3.555000,3.594000
3,60,0,3.566200,3.564000,3.759000,3.441000,3.447000,3.620000
3,61,0,3.444800,3.384000,3.423000,3.528000,3.351000,3.538000
3,62,0,3.429200,3.410000,3.448000,3.484000,3.291000,3.513000
3,63,0,3.222400,3.231000,3.277000,3.141000,3.185000,3.278000
3,64,0,3.570000,3.520000,3.636000,3.514000,3.566000,3.614000
3,65,0,3.781600,3.710000,3.787000,3.810000,3.670000,3.931000
3,66,0,3.401600,3.382000,3.493000,3.327000,3.286000,3.520000
3,67,0,3.268800,3.224000,3.408000,3.251000,3.181000,3.280000
3,68,0,3.622400,3.568000,3.814000,3.537000,3.562000,3.631000
3,69,0,3.420200,3.412000,3.607000,3.407000,3.276000,3.399000
3,70,0,3.711800,3.680000,3.805000,3.716000,3.638000,3.720000
3,71,0,3.525800,3.442000,3.616000,3.558000,3.419000,3.594000
3,72,0,3.914600,3.780000,4.068000,3.949000,3.797000,3.979000
3,73,0,3.486200,3.446000,3.568000,3.467000,3.374000,3.576000
3,74,0,3.302600,3.230000,3.368000,3.319000,3.280000,3.316000
3,75,0,3.232200,3.220000,3.368000,3.174000,3.157000,3.242000
3,76,0,3.540000,3.541000,3.649000,3.458000,3.482000,3.570000
3,77,0,3.445200,3.446000,3.574000,3.458000,3.361000,3.387000
3,78,0,3.464800,3.483000,3.519000,3.442000,3.380000,3.500000
3,79,0,3.591800,3.657000,3.640000,3.597000,3.528000,3.537000
3,80,0,3.439600,3.460000,3.578000,3.289000,3.342000,3.529000
3,81,0,3.289400,3.280000,3.454000,3.284000,3.222000,3.207000
3,82,0,3.503800,3.463000,3.565000,3.503000,3.493000,3.495000
3,83,0,3.516000,3.495000,3.634000,3.488000,3.493000,3.470000
3,84,0,3.316000,3.361000,3.370000,3.293000,3.188000,3.368000
3,85,0,3.481800,3.430000,3.593000,3.373000,3.404000,3.609000
3,86,0,3.397000,3.413000,3.454000,3.337000,3.394000,3.387000
3,87,0,3.437800,3.458000,3.513000,3.398000,3.301000,3.519000
3,88,0,3.599800,3.546000,3.776000,3.616000,3.486000,3.575000
3,89,0,3.513400,3.504000,3.666000,3.604000,3.347000,3.446000
3,90,0,3.535000,3.444000,3.716000,3.495000,3.434000,3.586000
3,91,0,3.631800,3.588000,3.675000,3.636000,3.554000,3.706000
3,92,0,3.557600,3.454000,3.708000,3.499000,3.527000,3.600000
3,93,0,3.727400,3.754000,3.777000,3.737000,3.658000,3.711000
3,94,0,3.560600,3.619000,3.725000,3.471000,3.393000,3.595000
3,95,0,3.536800,3.454000,3.633000,3.577000,3.509000,3.511000
3,96,0,3.556800,3.376000,3.683000,3.589000,3.574000,3.562000
3,97,0,3.775200,3.742000,3.909000,3.814000,3.618000,3.793000
3,98,0,3.333800,3.262000,3.402000,3.298000,3.280000,3.427000
3,99,0,3.421200,3.403000,3.447000,3.478000,3.351000,3.427000
4,0,0,3.839400,3.836000,3.825000,3.722000,3.864000,3.950000
4,1,0,3.843000,3.904000,3.760000,3.856000,3.972000,3.723000
4,2,0,3.701800,3.796000,3.562000,3.624000,3.785000,3.742000
4,3,0,3.848200,3.950000,3.855000,3.754000,3.843000,3.839000
4,4,0,3.521400,3.543000,3.666000,3.392000,3.500000,3.506000
4,5,0,3.312000,3.159000,3.197000,3.234000,3.568000,3.402000
4,6,0,3.763400,3.704000,3.794000,3.833000,3.740000,3.746000
4,7,0,3.675200,3.678000,3.642000,3.686000,3.643000,3.727000
4,8,0,3.976600,4.077000,3.956000,3.796000,4.001000,4.053000
4,9,0,3.666200,3.731000,3.657000,3.610000,3.693000,3.640000
4,10,0,3.500400,3.517000,3.414000,3.525000,3.584000,3.462000
4,11,0,3.738000,3.726000,3.783000,3.680000,3.770000,3.731000
4,12,0,3.669400,3.676000,3.684000,3.563000,3.741000,3.683000
4,13,0,3.731200,3.767000,3.695000,3.650000,3.833000,3.711000
4,14,0,3.593600,3.711000,3.501000,3.536000,3.575000,3.645000
4,15,0,3.654600,3.693000,3.653000,3.577000,3.665000,3.685000
4,16,0,3.583600,3.408000,3.478000,3.531000,3.847000,3.654000
4,17,0,3.777800,3.706000,3.726000,3.729000,3.838000,3.890000
4,18,0,3.883800,3.893000,3.832000,3.797000,3.870000,4.027000
4,19,0,3.914200,3.875000,3.866000,3.936000,4.051000,3.843000
4,20,0,3.547400,3.526000,3.507000,3.530000,3.566000,3.608000
4,21,0,3.353200,3.421000,3.265000,3.332000,3.436000,3.312000
4,22,0,3.357800,3.480000,3.301000,3.327000,3.477000,3.204000
4,23,0,3.697400,3.811000,3.650000,3.696000,3.654000,3.676000
4,24,0,3.549600,3.522000,3.586000,3.472000,3.542000,3.626000
4,25,0,3.640400,3.682000,3.577000,3.645000,3.654000,3.644000
4,26,0,3.779400,3.814000,3.768000,3.652000,3.857000,3.806000
4,27,0,3.568600,3.587000,3.416000,3.586000,3.566000,3.688000
4,28,0,3.571400,3.559000,3.514000,3.514000,3.688000,3.582000
4,29,0,3.619200,3.680000,3.657000,3.609000,3.497000,3.653000
4,30,0,3.679400,3.734000,3.543000,3.585000,3.794000,3.741000
4,31,0,3.662400,3.724000,3.553000,3.591000,3.717000,3.727000
4,32,0,3.610800,3.608000,3.582000,3.515000,3.696000,3.653000
4,33,0,3.890600,3.952000,3.848000,3.759000,4.028000,3.866000
4,34,0,3.573200,3.559000,3.570000,3.520000,3.696000,3.521000
4,35,0,3.925800,3.938000,3.915000,3.776000,4.045000,3.955000
4,36,0,3.777600,3.894000,3.755000,3.772000,3.747000,3.720000
4,37,0,3.380600,3.391000,3.285000,3.256000,3.532000,3.439000
4,38,0,3.495000,3.440000,3.514000,3.421000,3.527000,3.573000
4,39,0,3.684600,3.643000,3.670000,3.585000,3.781000,3.744000
4,40,0,3.689600,3.788000,3.675000,3.557000,3.746000,3.682000
4,41,0,3.766400,3.869000,3.623000,3.744000,3.817000,3.779000
4,42,0,3.803200,3.853000,3.671000,3.747000,3.906000,3.839000
4,43,0,3.582000,3.587000,3.477000,3.463000,3.709000,3.674000
4,44,0,3.868800,3.825000,3.861000,3.838000,3.951000,3.869000
4,45,0,3.474600,3.534000,3.399000,3.335000,3.626000,3.479000
4,46,0,3.712800,3.840000,3.624000,3.565000,3.727000,3.808000
4,47,0,3.778200,3.863000,3.717000,3.639000,3.842000,3.830000
4,48,0,3.519000,3.682000,3.433000,3.510000,3.482000,3.488000
4,49,0,3.667200,3.601000,3.469000,3.746000,3.781000,3.739000
4,50,0,3.296600,3.302000,3.210000,3.297000,3.406000,3.268000
4,51,0,3.929600,3.884000,3.801000,3.955000,4.109000,3.899000
4,52,0,3.563000,3.636000,3.521000,3.538000,3.588000,3.532000
4,53,0,3.723600,3.744000,3.756000,3.619000,3.772000,3.727000
4,54,0,3.583400,3.515000,3.622000,3.526000,3.653000,3.601000
4,55,0,3.605200,3.691000,3.412000,3.633000,3.646000,3.644000
4,56,0,3.919200,3.926000,3.928000,3.950000,3.878000,3.914000
4,57,0,3.826600,3.746000,3.739000,3.827000,3.951000,3.870000
4,58,0,3.751200,3.762000,3.718000,3.731000,3.814000,3.731000
4,59,0,3.454400,3.483000,3.367000,3.507000,3.473000,3.442000
4,60,0,3.574800,3.611000,3.554000,3.541000,3.550000,3.618000
4,61,0,3.373400,3.365000,3.260000,3.376000,3.492000,3.374000
4,62,0,3.559200,3.617000,3.353000,3.519000,3.670000,3.637000
4,63,0,3.367000,3.310000,3.298000,3.315000,3.559000,3.353000
4,64,0,4.024000,4.197000,3.962000,3.866000,3.957000,4.138000
4,65,0,3.663000,3.828000,3.488000,3.650000,3.681000,3.668000
4,66,0,3.829800,3.809000,3.740000,3.782000,3.948000,3.870000
4,67,0,3.810400,3.842000,3.729000,3.752000,3.952000,3.777000
4,68,0,3.640800,3.650000,3.528000,3.538000,3.919000,3.569000
4,69,0,3.932000,3.904000,3.793000,3.975000,4.040000,3.948000
4,70,0,3.732200,3.863000,3.626000,3.688000,3.743000,3.741000
4,71,0,3.747400,3.759000,3.653000,3.697000,3.829000,3.799000
4,72,0,3.644600,3.666000,3.593000,3.571000,3.794000,3.599000
4,73,0,4.103400,4.084000,4.037000,4.142000,4.047000,4.207000
4,74,0,3.557600,3.521000,3.554000,3.527000,3.600000,3.586000
4,75,0,3.837200,3.951000,3.756000,3.705000,3.879000,3.895000
4,76,0,3.725000,3.689000,3.740000,3.659000,3.795000,3.742000
4,77,0,3.837800,3.882000,3.824000,3.774000,3.715000,3.994000
4,78,0,3.552600,3.554000,3.461000,3.499000,3.621000,3.628000
4,79,0,3.554000,3.566000,3.440000,3.629000,3.623000,3.512000
4,80,0,3.600600,3.711000,3.520000,3.603000,3.599000,3.570000
4,81,0,3.749400,3.841000,3.725000,3.676000,3.750000,3.755000
4,82,0,3.898400,3.898000,3.853000,3.670000,4.021000,4.050000
4,83,0,4.002000,3.964000,3.871000,3.947000,4.128000,4.100000
4,84,0,3.439200,3.377000,3.347000,3.419000,3.533000,3.520000
4,85,0,3.712000,3.700000,3.650000,3.763000,3.756000,3.691000
4,86,0,3.701400,3.730000,3.771000,3.547000,3.708000,3.751000
4,87,0,3.482000,3.545000,3.471000,3.428000,3.494000,3.472000
4,88,0,3.781400,3.823000,3.780000,3.648000,3.896000,3.760000
4,89,0,3.883600,3.910000,3.770000,3.965000,3.908000,3.865000
4,90,0,3.288800,3.296000,3.209000,3.297000,3.280000,3.362000
4,91,0,3.567200,3.574000,3.452000,3.554000,3.654000,3.602000
4,92,0,3.577600,3.538000,3.560000,3.562000,3.646000,3.582000
4,93,0,3.666800,3.755000,3.606000,3.577000,3.734000,3.662000
4,94,0,3.782000,3.820000,3.660000,3.719000,3.924000,3.787000
4,95,0,3.827400,3.846000,3.771000,3.742000,3.875000,3.903000
4,96,0,3.637600,3.640000,3.608000,3.515000,3.756000,3.669000
4,97,0,3.602200,3.615000,3.498000,3.502000,3.725000,3.671000
4,98,0,3.746000,3.872000,3.676000,3.684000,3.812000,3.686000
4,99,0,3.677400,3.702000,3.719000,3.563000,3.647000,3.756000
5,0,0,3.811400,3.756000,3.773000,3.748000,3.837000,3.943000
5,1,0,3.948200,3.917000,3.907000,3.840000,3.934000,4.143000
5,2,0,3.832000,3.843000,3.784000,3.808000,3.762000,3.963000
5,3,0,3.686600,3.802000,3.536000,3.650000,3.613000,3.832000
5,4,0,3.846000,3.719000,3.850000,3.836000,3.912000,3.913000
5,5,0,3.651600,3.707000,3.637000,3.639000,3.580000,3.695000
5,6,0,3.859600,3.978000,3.694000,3.768000,3.853000,4.005000
5,7,0,4.050200,4.128000,4.010000,3.991000,3.970000,4.152000
5,8,0,3.582400,3.618000,3.504000,3.540000,3.569000,3.681000
5,9,0,3.956200,3.984000,3.813000,3.998000,3.911000,4.075000
5,10,0,3.837200,3.845000,3.751000,3.693000,3.809000,4.088000
5,11,0,3.809600,3.813000,3.827000,3.806000,3.681000,3.921000
5,12,0,3.748000,3.740000,3.742000,3.707000,3.755000,3.796000
5,13,0,3.640000,3.773000,3.508000,3.622000,3.593000,3.704000
5,14,0,3.898000,3.991000,3.824000,3.774000,3.786000,4.115000
5,15,0,3.895200,3.971000,3.813000,3.709000,3.914000,4.069000
5,16,0,3.908400,3.946000,3.782000,3.905000,3.858000,4.051000
5,17,0,3.881000,4.018000,3.839000,3.788000,3.769000,3.991000
5,18,0,3.976400,3.972000,3.910000,3.859000,4.003000,4.138000
5,19,0,3.973400,4.004000,3.879000,3.976000,4.031000,3.977000
5,20,0,3.646200,3.690000,3.648000,3.565000,3.585000,3.743000
5,21,0,3.882200,3.879000,3.820000,3.828000,3.884000,4.000000
5,22,0,3.727600,3.781000,3.621000,3.742000,3.581000,3.913000
5,23,0,3.945400,3.962000,3.953000,3.860000,3.965000,3.987000
5,24,0,3.626600,3.720000,3.547000,3.458000,3.667000,3.741000
5,25,0,3.771800,3.911000,3.688000,3.676000,3.668000,3.916000
5,26,0,3.609600,3.695000,3.505000,3.554000,3.552000,3.742000
5,27,0,4.018600,4.124000,3.978000,3.967000,3.914000,4.110000
5,28,0,3.815800,3.772000,3.844000,3.751000,3.774000,3.938000
5,29,0,3.724600,3.719000,3.595000,3.654000,3.773000,3.882000
5,30,0,3.897600,3.935000,3.790000,3.824000,3.894000,4.045000
5,31,0,3.813800,3.787000,3.694000,3.834000,3.802000,3.952000
5,32,0,3.919000,3.962000,3.770000,3.923000,3.932000,4.008000
5,33,0,3.732800,3.764000,3.649000,3.724000,3.700000,3.827000
5,34,0,4.008400,4.040000,3.976000,4.012000,3.934000,4.080000
5,35,0,3.787200,3.898000,3.682000,3.703000,3.695000,3.958000
5,36,0,4.022800,3.946000,3.975000,3.923000,4.116000,4.154000
5,37,0,3.771000,3.958000,3.691000,3.832000,3.590000,3.784000
5,38,0,3.735400,3.788000,3.610000,3.771000,3.666000,3.842000
5,39,0,3.758600,3.877000,3.701000,3.547000,3.727000,3.941000
5,40,0,4.085400,4.209000,4.020000,3.973000,4.099000,4.126000
5,41,0,4.026800,4.087000,3.928000,4.009000,3.967000,4.143000
5,42,0,3.680000,3.666000,3.637000,3.560000,3.732000,3.805000
5,43,0,3.965400,3.846000,3.892000,4.008000,3.990000,4.091000
5,44,0,3.813600,3.860000,3.690000,3.761000,3.801000,3.956000
5,45,0,3.662800,3.777000,3.584000,3.665000,3.589000,3.699000
5,46,0,3.820000,4.003000,3.856000,3.731000,3.696000,3.814000
5,47,0,4.006800,4.231000,3.859000,3.922000,3.946000,4.076000
5,48,0,3.883200,3.875000,3.738000,3.822000,3.949000,4.032000
5,49,0,4.132600,4.158000,4.010000,4.112000,4.056000,4.327000
5,50,0,3.955800,4.035000,3.851000,3.887000,3.886000,4.120000
5,51,0,3.600200,3.768000,3.512000,3.589000,3.521000,3.611000
5,52,0,3.838800,3.912000,3.695000,3.718000,3.892000,3.977000
5,53,0,3.726800,3.784000,3.748000,3.632000,3.569000,3.901000
5,54,0,3.893600,3.986000,3.832000,3.796000,3.818000,4.036000
5,55,0,3.857600,3.920000,3.790000,3.807000,3.766000,4.005000
5,56,0,3.431400,3.481000,3.492000,3.224000,3.439000,3.521000
5,57,0,3.643800,3.579000,3.575000,3.605000,3.606000,3.854000
5,58,0,3.896600,3.812000,3.860000,3.791000,4.006000,4.014000
5,59,0,3.866400,3.875000,3.845000,3.715000,3.889000,4.008000
5,60,0,3.863600,3.866000,3.753000,3.788000,3.917000,3.994000
5,61,0,3.616400,3.666000,3.570000,3.610000,3.572000,3.664000
5,62,0,3.751600,3.746000,3.716000,3.667000,3.694000,3.935000
5,63,0,3.643400,3.767000,3.552000,3.505000,3.682000,3.711000
5,64,0,3.603200,3.664000,3.444000,3.527000,3.641000,3.740000
5,65,0,3.672800,3.751000,3.568000,3.562000,3.619000,3.864000
5,66,0,3.584800,3.678000,3.490000,3.553000,3.583000,3.620000
5,67,0,3.662400,3.666000,3.546000,3.715000,3.524000,3.861000
5,68,0,3.836400,3.909000,3.803000,3.712000,3.877000,3.881000
5,69,0,3.518200,3.587000,3.475000,3.324000,3.512000,3.693000
5,70,0,3.742200,3.811000,3.682000,3.577000,3.736000,3.905000
5,71,0,3.761000,3.858000,3.682000,3.704000,3.685000,3.876000
5,72,0,3.716400,3.786000,3.702000,3.756000,3.608000,3.730000
5,73,0,3.732600,3.732000,3.655000,3.611000,3.766000,3.899000
5,74,0,3.723800,3.793000,3.686000,3.687000,3.672000,3.781000
5,75,0,3.585400,3.747000,3.425000,3.491000,3.583000,3.681000
5,76,0,3.957000,4.001000,3.936000,3.801000,3.991000,4.056000
5,77,0,3.681800,3.683000,3.549000,3.651000,3.617000,3.909000
5,78,0,3.916400,3.934000,3.867000,3.849000,3.953000,3.979000
5,79,0,3.862000,3.853000,3.879000,3.802000,3.870000,3.906000
5,80,0,3.927200,4.083000,3.899000,3.886000,3.686000,4.082000
5,81,0,3.625200,3.674000,3.569000,3.574000,3.545000,3.764000
5,82,0,3.821600,3.858000,3.681000,3.810000,3.775000,3.984000
5,83,0,3.460400,3.534000,3.373000,3.438000,3.488000,3.469000
5,84,0,3.801800,3.877000,3.637000,3.727000,3.786000,3.982000
5,85,0,3.889600,3.866000,3.972000,3.776000,3.817000,4.017000
5,86,0,3.754000,3.831000,3.727000,3.654000,3.642000,3.916000
5,87,0,3.744400,3.857000,3.640000,3.687000,3.684000,3.854000
5,88,0,4.044800,4.203000,3.966000,3.987000,3.941000,4.127000
5,89,0,4.012800,4.185000,3.911000,3.880000,3.976000,4.112000
5,90,0,4.117600,4.205000,3.988000,4.016000,4.089000,4.290000
5,91,0,3.606400,3.684000,3.537000,3.541000,3.513000,3.757000
5,92,0,3.592400,3.626000,3.596000,3.375000,3.437000,3.928000
5,93,0,3.770200,3.787000,3.668000,3.733000,3.788000,3.875000
5,94,0,4.073600,4.099000,4.001000,4.102000,3.877000,4.289000
5,95,0,3.616800,3.577000,3.552000,3.657000,3.632000,3.666000
5,96,0,3.837800,3.869000,3.754000,3.806000,3.797000,3.963000
5,97,0,3.743800,3.867000,3.607000,3.660000,3.712000,3.873000
5,98,0,3.949800,4.012000,3.840000,3.959000,3.792000,4.146000
5,99,0,3.596600,3.738000,3.589000,3.491000,3.537000,3.628000
6,0,0,3.509800,3.493000,3.536000,3.399000,3.614000,3.507000
6,1,0,3.606800,3.424000,3.528000,3.549000,3.771000,3.762000
6,2,0,3.647400,3.716000,3.598000,3.531000,3.767000,3.625000
6,3,0,3.711000,3.732000,3.753000,3.653000,3.790000,3.627000
6,4,0,3.865000,3.949000,3.804000,3.742000,3.932000,3.898000
6,5,0,3.586000,3.658000,3.522000,3.516000,3.677000,3.557000
6,6,0,3.927600,3.836000,3.818000,3.966000,4.103000,3.915000
6,7,0,3.606200,3.590000,3.460000,3.640000,3.754000,3.587000
6,8,0,3.551600,3.548000,3.479000,3.594000,3.534000,3.603000
6,9,0,3.568800,3.579000,3.481000,3.681000,3.508000,3.595000
6,10,0,3.719000,3.723000,3.657000,3.752000,3.755000,3.708000
6,11,0,3.776000,3.814000,3.732000,3.689000,3.863000,3.782000
6,12,0,3.819600,3.805000,3.680000,3.802000,3.952000,3.859000
6,13,0,3.921400,3.945000,3.846000,3.900000,3.947000,3.969000
6,14,0,4.069400,4.239000,4.028000,3.926000,4.023000,4.131000
6,15,0,3.802400,3.814000,3.811000,3.747000,3.851000,3.789000
6,16,0,3.987600,3.961000,3.907000,3.949000,4.063000,4.058000
6,17,0,3.891800,3.930000,3.805000,3.851000,3.932000,3.941000
6,18,0,3.700600,3.803000,3.592000,3.680000,3.797000,3.631000
6,19,0,3.706600,3.856000,3.689000,3.512000,3.841000,3.635000
6,20,0,3.792600,3.742000,3.702000,3.897000,3.831000,3.791000
6,21,0,3.695200,3.634000,3.550000,3.722000,3.814000,3.756000
6,22,0,3.764200,3.777000,3.672000,3.719000,3.814000,3.839000
6,23,0,3.892000,4.089000,3.796000,3.807000,3.881000,3.887000
6,24,0,3.807800,3.877000,3.693000,3.717000,3.919000,3.833000
6,25,0,3.924600,3.916000,3.835000,3.960000,3.998000,3.914000
6,26,0,3.926400,3.902000,3.986000,4.021000,3.923000,3.800000
6,27,0,4.074000,4.137000,4.005000,3.973000,4.184000,4.071000
6,28,0,3.790000,3.839000,3.704000,3.750000,3.875000,3.782000
6,29,0,3.873400,3.830000,3.706000,3.886000,4.101000,3.844000
6,30,0,3.904200,3.931000,3.887000,3.941000,3.857000,3.905000
6,31,0,3.755400,3.795000,3.739000,3.797000,3.759000,3.687000
6,32,0,3.591200,3.630000,3.576000,3.539000,3.653000,3.558000
6,33,0,3.584200,3.642000,3.500000,3.640000,3.560000,3.579000
6,34,0,3.936200,4.020000,3.898000,3.903000,3.893000,3.967000
6,35,0,3.712200,3.723000,3.656000,3.702000,3.811000,3.669000
6,36,0,3.664800,3.746000,3.491000,3.697000,3.614000,3.776000
6,37,0,3.902400,3.935000,3.945000,3.850000,3.910000,3.872000
6,38,0,4.027600,4.101000,3.922000,4.044000,4.043000,4.028000
6,39,0,3.570000,3.520000,3.605000,3.638000,3.685000,3.402000
6,40,0,3.966600,3.912000,3.930000,3.982000,4.006000,4.003000
6,41,0,3.681400,3.741000,3.586000,3.634000,3.763000,3.683000
6,42,0,4.008200,4.097000,3.908000,3.959000,4.101000,3.976000
6,43,0,3.855000,3.782000,3.858000,3.782000,3.983000,3.870000
6,44,0,3.611600,3.654000,3.483000,3.577000,3.673000,3.671000
6,45,0,3.888400,3.814000,3.980000,4.035000,3.821000,3.792000
6,46,0,3.873000,3.856000,3.787000,3.772000,3.952000,3.998000
6,47,0,3.928600,4.026000,3.847000,3.944000,3.948000,3.878000
6,48,0,3.859600,3.924000,3.719000,3.858000,3.950000,3.847000
6,49,0,3.801400,3.887000,3.682000,3.793000,3.917000,3.728000
6,50,0,3.796400,3.899000,3.847000,3.794000,3.673000,3.769000
6,51,0,3.888400,3.920000,3.785000,3.837000,4.070000,3.830000
6,52,0,3.730000,3.763000,3.709000,3.665000,3.731000,3.782000
6,53,0,3.964800,3.936000,3.855000,4.000000,4.034000,3.999000
6,54,0,4.049800,4.045000,4.024000,4.103000,4.119000,3.958000
6,55,0,4.023600,4.065000,3.894000,3.965000,4.135000,4.059000
6,56,0,4.012600,3.977000,4.032000,4.015000,4.044000,3.995000
6,57,0,3.821600,3.812000,3.768000,3.765000,3.923000,3.840000
6,58,0,3.926200,3.914000,3.884000,3.954000,3.940000,3.939000
6,59,0,4.010800,4.034000,3.883000,4.036000,4.061000,4.040000
6,60,0,4.049600,4.052000,4.032000,4.012000,4.095000,4.057000
6,61,0,3.851600,3.915000,3.710000,3.833000,3.919000,3.881000
6,62,0,3.892800,3.943000,3.730000,3.874000,3.987000,3.930000
6,63,0,3.897400,3.943000,3.796000,4.010000,3.851000,3.887000
6,64,0,4.100400,4.138000,3.993000,3.975000,4.318000,4.078000
6,65,0,3.805800,3.786000,3.726000,3.807000,3.956000,3.754000
6,66,0,3.903600,3.924000,3.897000,3.913000,3.968000,3.816000
6,67,0,3.818400,3.836000,3.713000,3.770000,3.892000,3.881000
6,68,0,3.888000,3.889000,3.797000,3.724000,4.081000,3.949000
6,69,0,3.927000,3.971000,3.882000,3.877000,4.022000,3.883000
6,70,0,3.632800,3.728000,3.564000,3.553000,3.641000,3.678000
6,71,0,3.883600,4.022000,3.773000,3.933000,3.912000,3.778000
6,72,0,3.896400,3.850000,3.899000,3.829000,3.949000,3.955000
6,73,0,4.211600,4.184000,4.094000,4.321000,4.287000,4.172000
6,74,0,3.969200,3.950000,3.917000,3.934000,4.019000,4.026000
6,75,0,3.969200,3.855000,3.887000,4.096000,4.120000,3.888000
6,76,0,3.669200,3.680000,3.588000,3.504000,3.769000,3.805000
6,77,0,3.404200,3.507000,3.343000,3.466000,3.502000,3.203000
6,78,0,3.883800,3.935000,3.754000,3.877000,3.950000,3.903000
6,79,0,3.745000,3.822000,3.675000,3.738000,3.784000,3.706000
6,80,0,4.048200,4.119000,3.911000,3.969000,4.142000,4.100000
6,81,0,4.023000,4.071000,3.943000,3.991000,4.079000,4.031000
6,82,0,3.737800,3.735000,3.701000,3.701000,3.780000,3.772000
6,83,0,3.839400,3.876000,3.713000,3.833000,3.904000,3.871000
6,84,0,3.885400,3.944000,3.904000,3.779000,3.915000,3.885000
6,85,0,3.512400,3.539000,3.543000,3.427000,3.502000,3.551000
6,86,0,3.749600,3.798000,3.627000,3.742000,3.813000,3.768000
6,87,0,3.708400,3.846000,3.605000,3.779000,3.696000,3.616000
6,88,0,3.815800,3.737000,3.827000,3.876000,3.807000,3.832000
6,89,0,3.862400,3.929000,3.729000,3.891000,3.879000,3.884000
6,90,0,3.852200,3.782000,3.783000,3.888000,3.905000,3.903000
6,91,0,3.648400,3.717000,3.515000,3.671000,3.698000,3.641000
6,92,0,3.769200,3.790000,3.638000,3.677000,3.935000,3.806000
6,93,0,3.845200,3.901000,3.750000,3.854000,3.955000,3.766000
6,94,0,4.065400,4.105000,3.984000,4.068000,4.165000,4.005000
6,95,0,3.874800,3.942000,3.706000,3.905000,3.904000,3.917000
6,96,0,3.618400,3.570000,3.582000,3.504000,3.733000,3.703000
6,97,0,4.215600,4.197000,4.142000,4.195000,4.321000,4.223000
6,98,0,4.079400,4.016000,4.107000,4.184000,4.095000,3.995000
6,99,0,3.996400,4.005000,3.956000,3.844000,4.128000,4.049000
7,0,0,3.816400,3.771000,3.713000,3.893000,3.851000,3.854000
7,1,0,4.001600,4.026000,3.876000,4.043000,3.970000,4.093000
7,2,0,3.891600,3.784000,3.821000,3.903000,3.989000,3.961000
7,3,0,3.994800,3.986000,3.885000,4.121000,4.019000,3.963000
7,4,0,4.085000,3.900000,3.982000,4.176000,4.061000,4.306000
7,5,0,3.981600,3.852000,4.032000,3.906000,4.037000,4.081000
7,6,0,4.141600,4.079000,4.111000,4.202000,4.066000,4.250000
7,7,0,3.925400,3.794000,3.966000,3.919000,3.879000,4.069000
7,8,0,3.998400,4.012000,3.977000,3.909000,3.943000,4.151000
7,9,0,3.808200,3.720000,3.835000,3.824000,3.787000,3.875000
7,10,0,3.657000,3.625000,3.560000,3.707000,3.714000,3.679000
7,11,0,3.990800,3.778000,4.014000,4.052000,4.052000,4.058000
7,12,0,3.982000,3.911000,3.988000,3.984000,4.001000,4.026000
7,13,0,3.857000,3.792000,3.824000,3.947000,3.801000,3.921000
7,14,0,4.042200,4.014000,4.092000,4.060000,4.021000,4.024000
7,15,0,3.713800,3.620000,3.742000,3.683000,3.787000,3.737000
7,16,0,3.819400,3.697000,3.790000,3.852000,3.969000,3.789000
7,17,0,3.712800,3.642000,3.751000,3.801000,3.604000,3.766000
7,18,0,3.819200,3.877000,3.792000,3.723000,3.836000,3.868000
7,19,0,4.133800,4.120000,3.997000,4.209000,4.081000,4.262000
7,20,0,4.111200,4.140000,4.053000,4.170000,4.016000,4.177000
7,21,0,3.771400,3.676000,3.707000,3.863000,3.705000,3.906000
7,22,0,4.300400,4.271000,4.291000,4.278000,4.368000,4.294000
7,23,0,4.221800,4.078000,4.273000,4.189000,4.225000,4.344000
7,24,0,4.156400,4.161000,4.176000,4.185000,4.164000,4.096000
7,25,0,4.328000,4.266000,4.232000,4.386000,4.268000,4.488000
7,26,0,3.857400,3.793000,3.866000,3.919000,3.783000,3.926000
7,27,0,3.972000,4.000000,3.990000,3.978000,4.050000,3.842000
7,28,0,3.691800,3.588000,3.694000,3.696000,3.641000,3.840000
7,29,0,3.744800,3.628000,3.742000,3.877000,3.719000,3.758000
7,30,0,3.916000,3.884000,3.872000,4.060000,3.886000,3.878000
7,31,0,3.742000,3.581000,3.694000,3.781000,3.817000,3.837000
7,32,0,3.543000,3.354000,3.513000,3.601000,3.591000,3.656000
7,33,0,3.943600,3.808000,3.853000,4.016000,3.969000,4.072000
7,34,0,4.013400,4.094000,4.005000,3.906000,3.956000,4.106000
7,35,0,4.151000,4.137000,4.045000,4.182000,4.116000,4.275000
7,36,0,3.708000,3.647000,3.691000,3.845000,3.632000,3.725000
7,37,0,4.009400,4.112000,4.012000,3.984000,3.878000,4.061000
7,38,0,4.224800,4.121000,4.251000,4.318000,4.189000,4.245000
7,39,0,3.505800,3.364000,3.344000,3.520000,3.660000,3.641000
7,40,0,3.950800,3.875000,4.035000,3.795000,4.039000,4.010000
7,41,0,3.878800,3.753000,3.854000,3.927000,3.805000,4.055000
7,42,0,3.658600,3.592000,3.663000,3.704000,3.612000,3.722000
7,43,0,3.874200,3.773000,3.886000,4.001000,3.866000,3.845000
7,44,0,4.010200,3.997000,4.158000,3.994000,3.869000,4.033000
7,45,0,3.904000,3.797000,3.921000,4.026000,3.821000,3.955000
7,46,0,3.986200,3.960000,3.887000,4.099000,3.992000,3.993000
7,47,0,3.902800,3.834000,3.827000,3.934000,3.941000,3.978000
7,48,0,3.807000,3.690000,3.768000,3.864000,3.826000,3.887000
7,49,0,3.660000,3.560000,3.456000,3.737000,3.628000,3.919000
7,50,0,3.973800,3.854000,4.018000,4.012000,4.077000,3.908000
7,51,0,4.022600,3.947000,4.111000,4.034000,3.942000,4.079000
7,52,0,3.506200,3.437000,3.507000,3.461000,3.531000,3.595000
7,53,0,3.917000,3.834000,4.029000,3.952000,3.790000,3.980000
7,54,0,3.973800,3.885000,4.016000,4.125000,3.819000,4.024000
7,55,0,4.047400,3.835000,4.013000,4.145000,4.045000,4.199000
7,56,0,3.697400,3.686000,3.670000,3.692000,3.675000,3.764000
7,57,0,3.927200,3.864000,3.847000,4.057000,3.887000,3.981000
7,58,0,3.945200,3.826000,4.035000,3.958000,3.938000,3.969000
7,59,0,3.663200,3.658000,3.700000,3.681000,3.633000,3.644000
7,60,0,3.894600,3.892000,3.763000,3.925000,3.910000,3.983000
7,61,0,3.740200,3.562000,3.717000,3.718000,3.779000,3.925000
7,62,0,4.045600,3.926000,4.024000,4.144000,4.033000,4.101000
7,63,0,4.081200,3.971000,4.000000,4.122000,4.070000,4.243000
7,64,0,3.739600,3.591000,3.776000,3.721000,3.778000,3.832000
7,65,0,3.733600,3.623000,3.723000,3.783000,3.696000,3.843000
7,66,0,4.315200,4.299000,4.207000,4.478000,4.252000,4.340000
7,67,0,3.787400,3.637000,3.752000,3.906000,3.705000,3.937000
7,68,0,3.749000,3.626000,3.695000,3.808000,3.758000,3.858000
7,69,0,4.023600,3.981000,3.945000,4.049000,4.078000,4.065000
7,70,0,4.314600,4.158000,4.312000,4.373000,4.364000,4.366000
7,71,0,3.857400,3.858000,3.961000,3.889000,3.678000,3.901000
7,72,0,3.936000,3.777000,3.869000,4.008000,3.905000,4.121000
7,73,0,3.939400,3.810000,3.850000,3.984000,3.986000,4.067000
7,74,0,4.033000,4.084000,4.043000,3.952000,4.068000,4.018000
7,75,0,4.225000,4.139000,4.247000,4.230000,4.204000,4.305000
7,76,0,3.709600,3.683000,3.674000,3.718000,3.726000,3.747000
7,77,0,3.865000,3.828000,3.998000,3.884000,3.756000,3.859000
7,78,0,3.827600,3.762000,3.819000,3.796000,3.847000,3.914000
7,79,0,4.294800,4.200000,4.370000,4.388000,4.230000,4.286000
7,80,0,3.937000,3.849000,3.944000,4.012000,3.885000,3.995000
7,81,0,3.733600,3.606000,3.715000,3.777000,3.739000,3.831000
7,82,0,4.198200,4.118000,4.246000,4.267000,4.236000,4.124000
7,83,0,3.857800,3.704000,3.809000,3.916000,3.795000,4.065000
7,84,0,3.681800,3.643000,3.689000,3.669000,3.682000,3.726000
7,85,0,4.070000,3.979000,4.059000,4.086000,4.036000,4.190000
7,86,0,3.693600,3.555000,3.736000,3.790000,3.571000,3.816000
7,87,0,4.173600,4.086000,4.179000,4.251000,4.050000,4.302000
7,88,0,3.765800,3.694000,3.626000,3.816000,3.789000,3.904000
7,89,0,3.924800,3.780000,4.037000,3.952000,3.926000,3.929000
7,90,0,3.928200,3.827000,3.863000,3.933000,4.009000,4.009000
7,91,0,3.640800,3.586000,3.662000,3.730000,3.467000,3.759000
7,92,0,4.055800,3.972000,4.060000,4.124000,4.044000,4.079000
7,93,0,3.878200,3.751000,3.921000,3.943000,3.836000,3.940000
7,94,0,4.138200,4.026000,4.078000,4.221000,4.085000,4.281000
7,95,0,3.807000,3.837000,3.719000,3.751000,3.883000,3.845000
7,96,0,3.668800,3.644000,3.614000,3.620000,3.637000,3.829000
7,97,0,3.901400,3.800000,3.825000,4.053000,3.876000,3.953000
7,98,0,3.987200,3.980000,3.963000,3.978000,3.972000,4.043000
7,99,0,3.694200,3.489000,3.603000,3.802000,3.754000,3.823000
8,0,0,4.250400,4.425000,4.177000,4.280000,4.195000,4.175000
8,1,0,3.999400,4.245000,3.786000,3.981000,4.025000,3.960000
8,2,0,4.009800,4.137000,3.865000,4.044000,3.888000,4.115000
8,3,0,4.037600,4.309000,3.750000,4.007000,4.128000,3.994000
8,4,0,4.151600,4.223000,4.056000,4.159000,4.139000,4.181000
8,5,0,4.061600,4.175000,3.961000,4.144000,3.987000,4.041000
8,6,0,4.038400,4.195000,3.821000,4.135000,3.895000,4.146000
8,7,0,4.354400,4.316000,4.339000,4.475000,4.184000,4.458000
8,8,0,3.840000,3.951000,3.658000,3.916000,3.803000,3.872000
8,9,0,4.172400,4.280000,4.103000,4.181000,4.138000,4.160000
8,10,0,3.993400,4.030000,3.864000,4.115000,3.904000,4.054000
8,11,0,3.843000,4.023000,3.543000,4.002000,3.845000,3.802000
8,12,0,4.103400,4.100000,3.916000,4.255000,4.131000,4.115000
8,13,0,3.959600,4.165000,3.656000,3.956000,3.977000,4.044000
8,14,0,4.334800,4.437000,4.176000,4.371000,4.353000,4.337000
8,15,0,4.210400,4.446000,4.035000,4.217000,4.087000,4.267000
8,16,0,4.196000,4.242000,4.094000,4.271000,4.167000,4.206000
8,17,0,3.972000,4.204000,3.786000,4.025000,3.923000,3.922000
8,18,0,4.033000,4.243000,3.855000,3.993000,3.960000,4.114000
8,19,0,4.186800,4.317000,4.079000,4.237000,4.122000,4.179000
8,20,0,4.086200,4.196000,3.935000,4.139000,4.058000,4.103000
8,21,0,3.826000,3.913000,3.557000,3.884000,3.785000,3.991000
8,22,0,4.315600,4.540000,4.164000,4.415000,4.220000,4.239000
8,23,0,4.078800,4.185000,3.930000,4.103000,4.038000,4.138000
8,24,0,3.877400,4.056000,3.796000,3.870000,3.737000,3.928000
8,25,0,4.004800,4.117000,3.913000,4.117000,3.893000,3.984000
8,26,0,3.842800,4.114000,3.655000,3.922000,3.694000,3.829000
8,27,0,3.872200,4.042000,3.724000,3.892000,3.865000,3.838000
8,28,0,4.037400,4.212000,3.796000,4.118000,3.991000,4.070000
8,29,0,4.181600,4.278000,4.024000,4.274000,4.075000,4.257000
8,30,0,4.056800,4.111000,3.939000,4.126000,4.000000,4.108000
8,31,0,3.996000,4.221000,3.836000,4.001000,3.887000,4.035000
8,32,0,3.881400,4.192000,3.761000,3.921000,3.768000,3.765000
8,33,0,4.052400,4.210000,3.825000,4.251000,3.858000,4.118000
8,34,0,3.757400,3.844000,3.629000,3.857000,3.587000,3.870000
8,35,0,4.198600,4.374000,4.037000,4.233000,4.217000,4.132000
8,36,0,3.987800,4.167000,3.855000,4.028000,3.963000,3.926000
8,37,0,3.695200,3.606000,3.644000,3.733000,3.668000,3.825000
8,38,0,4.055200,4.224000,3.784000,4.108000,4.007000,4.153000
8,39,0,4.056600,4.185000,3.974000,4.056000,3.989000,4.079000
8,40,0,4.162800,4.227000,4.054000,4.239000,4.135000,4.159000
8,41,0,4.073200,4.169000,3.916000,4.109000,4.002000,4.170000
8,42,0,4.008800,4.166000,3.993000,4.066000,3.976000,3.843000
8,43,0,4.024400,4.182000,3.832000,4.041000,4.016000,4.051000
8,44,0,3.915000,4.011000,3.727000,3.954000,3.862000,4.021000
8,45,0,3.943600,4.035000,3.810000,3.888000,3.991000,3.994000
8,46,0,3.711800,3.821000,3.639000,3.765000,3.606000,3.728000
8,47,0,4.276600,4.322000,4.195000,4.221000,4.296000,4.349000
8,48,0,4.053000,4.114000,3.886000,4.095000,4.051000,4.119000
8,49,0,4.145000,4.184000,3.939000,4.208000,4.093000,4.301000
8,50,0,3.875200,4.057000,3.705000,3.971000,3.733000,3.910000
8,51,0,3.708600,3.860000,3.496000,3.711000,3.648000,3.828000
8,52,0,4.166400,4.352000,4.070000,4.246000,4.067000,4.097000
8,53,0,4.067800,4.184000,3.978000,4.187000,3.984000,4.006000
8,54,0,3.942800,4.056000,3.874000,3.956000,3.910000,3.918000
8,55,0,4.013200,4.286000,3.774000,3.980000,3.987000,4.039000
8,56,0,3.929000,4.060000,3.775000,3.922000,3.984000,3.904000
8,57,0,4.174600,4.378000,3.849000,4.183000,4.119000,4.344000
8,58,0,4.025600,4.200000,3.865000,4.007000,4.049000,4.007000
8,59,0,4.079400,4.172000,3.881000,4.128000,4.139000,4.077000
8,60,0,4.201800,4.246000,3.995000,4.280000,4.222000,4.266000
8,61,0,4.158600,4.386000,4.025000,4.210000,4.060000,4.112000
8,62,0,4.179400,4.437000,3.953000,4.178000,4.158000,4.171000
8,63,0,4.355200,4.399000,4.219000,4.405000,4.322000,4.431000
8,64,0,4.179800,4.445000,4.021000,4.060000,4.169000,4.204000
8,65,0,3.974000,4.078000,3.712000,4.074000,3.892000,4.114000
8,66,0,4.040000,4.140000,4.018000,4.190000,3.935000,3.917000
8,67,0,3.922600,4.093000,3.770000,3.920000,3.952000,3.878000
8,68,0,4.041200,4.233000,3.853000,4.045000,4.004000,4.071000
8,69,0,3.860400,4.082000,3.712000,3.853000,3.858000,3.797000
8,70,0,3.986200,4.199000,3.824000,3.945000,3.901000,4.062000
8,71,0,4.131800,4.186000,3.938000,4.307000,4.053000,4.175000
8,72,0,4.117000,4.257000,3.928000,4.159000,3.997000,4.244000
8,73,0,3.862400,4.065000,3.608000,3.803000,4.065000,3.771000
8,74,0,3.796200,4.000000,3.615000,3.853000,3.769000,3.744000
8,75,0,4.033200,4.341000,3.826000,4.109000,3.980000,3.910000
8,76,0,4.068200,4.226000,3.948000,4.134000,4.006000,4.027000
8,77,0,3.888400,4.016000,3.837000,3.906000,3.805000,3.878000
8,78,0,3.991400,4.116000,3.917000,3.940000,3.859000,4.125000
8,79,0,4.094600,4.302000,3.993000,4.092000,3.974000,4.112000
8,80,0,3.971200,4.212000,3.764000,3.999000,3.871000,4.010000
8,81,0,4.054200,4.222000,3.954000,4.154000,3.988000,3.953000
8,82,0,4.000600,4.057000,3.847000,4.110000,3.973000,4.016000
8,83,0,4.264600,4.506000,4.082000,4.193000,4.308000,4.234000
8,84,0,4.032600,4.099000,3.837000,4.169000,3.905000,4.153000
8,85,0,4.157400,4.244000,3.982000,4.246000,4.152000,4.163000
8,86,0,3.966200,4.154000,3.866000,3.876000,3.930000,4.005000
8,87,0,4.037800,4.161000,3.899000,3.996000,4.004000,4.129000
8,88,0,4.172000,4.300000,4.118000,4.198000,3.995000,4.249000
8,89,0,3.917800,4.020000,3.802000,3.966000,3.842000,3.959000
8,90,0,3.710200,3.831000,3.529000,3.799000,3.638000,3.754000
8,91,0,3.803600,4.065000,3.477000,3.833000,3.863000,3.780000
8,92,0,3.966600,4.149000,3.811000,4.013000,3.891000,3.969000
8,93,0,3.974600,4.132000,3.913000,3.993000,3.846000,3.989000
8,94,0,3.623400,3.740000,3.464000,3.778000,3.503000,3.632000
8,95,0,4.265200,4.438000,4.148000,4.263000,4.188000,4.289000
8,96,0,4.021800,4.232000,3.710000,4.144000,4.001000,4.022000
8,97,0,3.695000,3.790000,3.572000,3.832000,3.605000,3.676000
8,98,0,4.197000,4.428000,4.092000,4.236000,4.070000,4.159000
8,99,0,3.739400,3.975000,3.596000,3.727000,3.665000,3.734000
9,0,0,4.228200,4.234000,4.225000,4.259000,4.281000,4.142000
9,1,0,4.246800,4.168000,4.251000,4.168000,4.317000,4.330000
9,2,0,4.210400,4.275000,4.116000,4.171000,4.358000,4.132000
9,3,0,4.252600,4.288000,4.131000,4.274000,4.352000,4.218000
9,4,0,4.069600,3.988000,3.907000,4.118000,4.319000,4.016000
9,5,0,3.898000,3.971000,3.811000,3.967000,3.968000,3.773000
9,6,0,4.514400,4.440000,4.376000,4.421000,4.737000,4.598000
9,7,0,4.163000,4.231000,4.155000,4.119000,4.057000,4.253000
9,8,0,4.458000,4.443000,4.340000,4.389000,4.685000,4.433000
9,9,0,4.023800,4.059000,3.987000,4.046000,4.083000,3.944000
9,10,0,4.176800,4.171000,4.161000,4.179000,4.250000,4.123000
9,11,0,4.281200,4.277000,4.292000,4.216000,4.535000,4.086000
9,12,0,4.123600,4.195000,3.998000,4.115000,4.294000,4.016000
9,13,0,4.079200,4.051000,3.947000,4.223000,4.157000,4.018000
9,14,0,4.299400,4.289000,4.160000,4.341000,4.402000,4.305000
9,15,0,4.099600,4.122000,4.023000,4.046000,4.216000,4.091000
9,16,0,4.193400,4.176000,4.157000,4.191000,4.335000,4.108000
9,17,0,4.282800,4.393000,4.155000,4.284000,4.281000,4.301000
9,18,0,4.264200,4.300000,4.253000,4.185000,4.418000,4.165000
9,19,0,4.420400,4.534000,4.288000,4.426000,4.474000,4.380000
9,20,0,4.122600,4.212000,3.955000,3.918000,4.290000,4.238000
9,21,0,3.883800,3.888000,3.847000,3.896000,3.996000,3.792000
9,22,0,4.173000,4.177000,3.963000,4.227000,4.304000,4.194000
9,23,0,3.774600,3.809000,3.729000,3.717000,3.858000,3.760000
9,24,0,4.283600,4.288000,4.263000,4.218000,4.353000,4.296000
9,25,0,4.543400,4.498000,4.505000,4.531000,4.681000,4.502000
9,26,0,4.590800,4.642000,4.638000,4.531000,4.653000,4.490000
9,27,0,4.098000,4.155000,3.916000,4.069000,4.191000,4.159000
9,28,0,3.866600,3.920000,3.831000,3.848000,3.993000,3.741000
9,29,0,4.405600,4.316000,4.272000,4.447000,4.624000,4.369000
9,30,0,3.908800,3.800000,3.889000,3.930000,4.030000,3.895000
9,31,0,4.162000,4.235000,4.092000,4.135000,4.260000,4.088000
9,32,0,3.883000,3.840000,3.861000,3.908000,3.939000,3.867000
9,33,0,4.138200,4.161000,4.038000,4.134000,4.224000,4.134000
9,34,0,4.023400,4.040000,4.017000,3.903000,4.125000,4.032000
9,35,0,3.934400,4.106000,3.794000,3.780000,4.087000,3.905000
9,36,0,3.856800,3.882000,3.688000,3.896000,3.958000,3.860000
9,37,0,3.740800,3.806000,3.647000,3.726000,3.719000,3.806000
9,38,0,4.018000,4.015000,3.880000,4.058000,4.130000,4.007000
9,39,0,4.184000,4.182000,4.021000,4.162000,4.283000,4.272000
9,40,0,3.764800,3.901000,3.709000,3.762000,3.851000,3.601000
9,41,0,3.971800,3.965000,3.972000,3.889000,4.093000,3.940000
9,42,0,4.417000,4.403000,4.383000,4.398000,4.477000,4.424000
9,43,0,4.105800,4.194000,4.007000,4.030000,4.230000,4.068000
9,44,0,4.122800,4.080000,4.042000,4.079000,4.229000,4.184000
9,45,0,3.879600,3.878000,3.762000,3.894000,4.009000,3.855000
9,46,0,4.314200,4.327000,4.267000,4.303000,4.384000,4.290000
9,47,0,3.949000,3.915000,3.890000,4.020000,4.053000,3.867000
9,48,0,4.309600,4.311000,4.323000,4.254000,4.406000,4.254000
9,49,0,3.864000,3.908000,3.731000,3.901000,3.863000,3.917000
9,50,0,4.203200,4.309000,4.005000,4.249000,4.345000,4.108000
9,51,0,4.147200,4.101000,4.014000,4.254000,4.214000,4.153000
9,52,0,4.031600,4.033000,4.061000,3.977000,4.105000,3.982000
9,53,0,3.789000,3.988000,3.671000,3.724000,3.794000,3.768000
9,54,0,3.885400,3.892000,3.843000,3.946000,3.927000,3.819000
9,55,0,3.911800,3.918000,3.866000,3.834000,3.940000,4.001000
9,56,0,4.151400,4.082000,4.111000,4.152000,4.292000,4.120000
9,57,0,3.995600,4.001000,3.871000,3.967000,4.152000,3.987000
9,58,0,3.992600,4.026000,3.973000,4.003000,4.098000,3.863000
9,59,0,4.081400,4.118000,4.029000,4.124000,4.162000,3.974000
9,60,0,4.059200,4.166000,4.074000,3.939000,4.117000,4.000000
9,61,0,3.832400,3.804000,3.791000,3.698000,3.957000,3.912000
9,62,0,4.291200,4.329000,4.164000,4.309000,4.410000,4.244000
9,63,0,3.928600,3.909000,3.861000,3.943000,3.996000,3.934000
9,64,0,4.510800,4.576000,4.395000,4.467000,4.681000,4.435000
9,65,0,4.048200,4.035000,3.962000,4.049000,4.218000,3.977000
9,66,0,4.144800,4.097000,4.100000,4.149000,4.196000,4.182000
9,67,0,4.468200,4.377000,4.359000,4.510000,4.586000,4.509000
9,68,0,4.493800,4.495000,4.359000,4.580000,4.611000,4.424000
9,69,0,4.098400,4.015000,4.093000,4.054000,4.263000,4.067000
9,70,0,4.047600,4.000000,3.939000,3.977000,4.199000,4.123000
9,71,0,3.798200,3.797000,3.743000,3.736000,3.910000,3.805000
9,72,0,4.454400,4.442000,4.437000,4.434000,4.602000,4.357000
9,73,0,3.828800,3.882000,3.791000,3.733000,3.876000,3.862000
9,74,0,3.771600,3.803000,3.662000,3.782000,3.818000,3.793000
9,75,0,4.020200,4.036000,4.059000,3.925000,4.156000,3.925000
9,76,0,3.879600,3.841000,3.814000,3.892000,4.041000,3.810000
9,77,0,4.261800,4.263000,4.264000,4.256000,4.315000,4.211000
9,78,0,3.897200,3.862000,3.842000,3.870000,4.009000,3.903000
9,79,0,3.907600,3.994000,3.832000,3.907000,3.989000,3.816000
9,80,0,4.324600,4.196000,4.429000,4.266000,4.416000,4.316000
9,81,0,3.995200,3.941000,4.019000,4.005000,4.160000,3.851000
9,82,0,4.453600,4.500000,4.243000,4.511000,4.582000,4.432000
9,83,0,3.785600,3.781000,3.746000,3.782000,3.968000,3.651000
9,84,0,4.098800,4.193000,3.994000,4.083000,4.027000,4.197000
9,85,0,3.891200,3.973000,3.911000,3.824000,4.004000,3.744000
9,86,0,4.306000,4.254000,4.192000,4.321000,4.536000,4.227000
9,87,0,3.868200,3.803000,3.770000,3.870000,4.025000,3.873000
9,88,0,3.870600,3.898000,3.770000,3.843000,4.006000,3.836000
9,89,0,3.898000,3.946000,3.851000,3.878000,4.018000,3.797000
9,90,0,4.065400,4.161000,4.066000,4.078000,4.231000,3.791000
9,91,0,4.454600,4.396000,4.400000,4.405000,4.671000,4.401000
9,92,0,3.760000,3.828000,3.597000,3.697000,3.859000,3.819000
9,93,0,4.016200,4.153000,3.920000,4.032000,4.106000,3.870000
9,94,0,4.140800,4.151000,4.076000,4.171000,4.249000,4.057000
9,95,0,3.847600,3.913000,3.745000,3.828000,3.929000,3.823000
9,96,0,4.026600,4.023000,3.862000,4.063000,4.213000,3.972000
9,97,0,4.112200,4.104000,3.968000,4.155000,4.243000,4.091000
9,98,0,4.066800,4.106000,3.893000,4.079000,4.290000,3.966000
9,99,0,3.721800,3.779000,3.662000,3.684000,3.797000,3.687000
10,0,0,3.993800,3.884000,3.930000,4.171000,4.176000,3.808000
10,1,0,3.996000,3.868000,4.035000,4.096000,4.041000,3.940000
10,2,0,3.801400,3.862000,3.749000,3.890000,3.732000,3.774000
10,3,0,3.818800,3.799000,3.707000,3.995000,3.919000,3.674000
10,4,0,4.226400,4.315000,4.146000,4.198000,4.260000,4.213000
10,5,0,4.276200,4.226000,4.378000,4.273000,4.257000,4.247000
10,6,0,3.956800,3.853000,3.953000,4.048000,3.981000,3.949000
10,7,0,4.316800,4.281000,4.241000,4.412000,4.321000,4.329000
10,8,0,4.142000,4.217000,4.037000,4.109000,4.135000,4.212000
10,9,0,3.815000,3.790000,3.718000,3.890000,3.747000,3.930000
10,10,0,4.232000,4.299000,4.194000,4.250000,4.247000,4.170000
10,11,0,4.213000,4.184000,4.132000,4.277000,4.276000,4.196000
10,12,0,4.334400,4.176000,4.416000,4.437000,4.327000,4.316000
10,13,0,4.037000,4.115000,3.877000,4.187000,4.004000,4.002000
10,14,0,4.099600,4.019000,4.046000,4.212000,4.071000,4.150000
10,15,0,4.376200,4.408000,4.207000,4.437000,4.430000,4.399000
10,16,0,4.329400,4.352000,4.265000,4.472000,4.293000,4.265000
10,17,0,3.736200,3.768000,3.611000,3.838000,3.718000,3.746000
10,18,0,4.239400,4.353000,4.209000,4.382000,4.175000,4.078000
10,19,0,4.535400,4.520000,4.583000,4.616000,4.610000,4.348000
10,20,0,4.193600,4.114000,4.166000,4.359000,4.156000,4.173000
10,21,0,4.107800,4.117000,4.098000,4.168000,4.110000,4.046000
10,22,0,4.145200,4.151000,4.088000,4.119000,4.095000,4.273000
10,23,0,4.375600,4.263000,4.422000,4.416000,4.341000,4.436000
10,24,0,3.865600,3.963000,3.795000,3.866000,3.913000,3.791000
10,25,0,4.719800,4.700000,4.669000,4.794000,4.689000,4.747000
10,26,0,4.146800,4.158000,4.048000,4.207000,4.117000,4.204000
10,27,0,3.894800,3.853000,3.854000,3.901000,3.998000,3.868000
10,28,0,3.988200,3.972000,3.943000,4.116000,3.938000,3.972000
10,29,0,4.416200,4.541000,4.410000,4.459000,4.299000,4.372000
10,30,0,4.307400,4.359000,4.217000,4.453000,4.321000,4.187000
10,31,0,4.064800,4.072000,4.015000,4.050000,4.081000,4.106000
10,32,0,4.401800,4.395000,4.352000,4.467000,4.419000,4.376000
10,33,0,4.529400,4.519000,4.531000,4.596000,4.481000,4.520000
10,34,0,4.099400,4.081000,4.049000,4.197000,4.137000,4.033000
10,35,0,4.355800,4.463000,4.286000,4.435000,4.354000,4.241000
10,36,0,4.680400,4.744000,4.584000,4.766000,4.655000,4.653000
10,37,0,3.907600,4.003000,3.769000,4.002000,3.940000,3.824000
10,38,0,4.195800,4.161000,4.208000,4.305000,4.197000,4.108000
10,39,0,4.050800,3.988000,3.919000,4.117000,4.259000,3.971000
10,40,0,4.132800,4.194000,4.030000,4.136000,4.180000,4.124000
10,41,0,4.306000,4.301000,4.230000,4.324000,4.419000,4.256000
10,42,0,4.565000,4.640000,4.576000,4.526000,4.557000,4.526000
10,43,0,3.974200,3.913000,3.928000,4.162000,4.007000,3.861000
10,44,0,3.834600,3.942000,3.832000,3.880000,3.858000,3.661000
10,45,0,3.944000,3.949000,3.898000,4.068000,3.840000,3.965000
10,46,0,4.393800,4.393000,4.288000,4.425000,4.399000,4.464000
10,47,0,3.921600,3.757000,3.950000,3.981000,4.005000,3.915000
10,48,0,4.260600,4.218000,4.269000,4.305000,4.234000,4.277000
10,49,0,4.184200,4.257000,4.088000,4.408000,4.054000,4.114000
10,50,0,3.845600,3.790000,3.776000,3.960000,3.923000,3.779000
10,51,0,4.146200,4.232000,4.101000,4.191000,4.191000,4.016000
10,52,0,4.152000,3.937000,4.129000,4.347000,4.235000,4.112000
10,53,0,4.418800,4.341000,4.423000,4.487000,4.418000,4.425000
10,54,0,4.328800,4.192000,4.420000,4.271000,4.440000,4.321000
10,55,0,4.133400,4.042000,4.090000,4.169000,4.200000,4.166000
10,56,0,4.052200,4.027000,4.053000,4.017000,4.106000,4.058000
10,57,0,4.151000,4.147000,4.126000,4.163000,4.201000,4.118000
10,58,0,4.027000,4.167000,4.055000,3.963000,4.040000,3.910000
10,59,0,3.918600,3.948000,3.873000,3.929000,3.957000,3.886000
10,60,0,4.167800,4.163000,4.191000,4.139000,4.210000,4.136000
10,61,0,4.107800,4.131000,4.021000,4.272000,4.099000,4.016000
10,62,0,4.763200,4.705000,4.801000,4.831000,4.676000,4.803000
10,63,0,4.288400,4.366000,4.298000,4.243000,4.315000,4.220000
10,64,0,4.196000,4.211000,4.033000,4.252000,4.195000,4.289000
10,65,0,4.059200,4.040000,4.042000,4.231000,4.018000,3.965000
10,66,0,3.831600,3.776000,3.805000,3.867000,3.965000,3.745000
10,67,0,4.121600,4.304000,4.070000,4.205000,4.079000,3.950000
10,68,0,4.067000,4.086000,3.987000,4.158000,4.129000,3.975000
10,69,0,4.296600,4.360000,4.158000,4.401000,4.415000,4.149000
10,70,0,4.383800,4.431000,4.395000,4.432000,4.357000,4.304000
10,71,0,4.155200,4.158000,4.122000,4.252000,4.133000,4.111000
10,72,0,4.452800,4.441000,4.368000,4.476000,4.507000,4.472000
10,73,0,4.199800,4.245000,4.133000,4.181000,4.245000,4.195000
10,74,0,4.108600,4.096000,4.183000,4.157000,4.101000,4.006000
10,75,0,4.002400,3.892000,3.907000,4.068000,4.077000,4.068000
10,76,0,4.159200,4.196000,4.090000,4.205000,4.191000,4.114000
10,77,0,4.060800,4.070000,4.102000,4.060000,4.075000,3.997000
10,78,0,3.985200,3.969000,4.021000,4.047000,3.991000,3.898000
10,79,0,4.035800,4.088000,3.924000,4.129000,4.037000,4.001000
10,80,0,4.135000,4.225000,4.114000,4.174000,4.153000,4.009000
10,81,0,4.177600,4.190000,4.092000,4.192000,4.124000,4.290000
10,82,0,4.252000,4.283000,4.093000,4.308000,4.223000,4.353000
10,83,0,4.048200,3.908000,4.094000,4.087000,4.027000,4.125000
10,84,0,4.305800,4.304000,4.118000,4.445000,4.318000,4.344000
10,85,0,4.333200,4.307000,4.283000,4.315000,4.350000,4.411000
10,86,0,4.438000,4.436000,4.280000,4.559000,4.549000,4.366000
10,87,0,4.273600,4.327000,4.291000,4.239000,4.290000,4.221000
10,88,0,4.352600,4.497000,4.272000,4.385000,4.340000,4.269000
10,89,0,4.344200,4.299000,4.272000,4.432000,4.383000,4.335000
10,90,0,4.183200,4.151000,4.140000,4.278000,4.200000,4.147000
10,91,0,4.192400,4.257000,4.205000,4.235000,4.126000,4.139000
10,92,0,4.554400,4.524000,4.465000,4.514000,4.726000,4.543000
10,93,0,3.902600,3.935000,3.831000,3.927000,3.954000,3.866000
10,94,0,4.137200,4.072000,4.146000,4.312000,4.113000,4.043000
10,95,0,4.304000,4.272000,4.214000,4.520000,4.300000,4.214000
10,96,0,3.979800,3.944000,3.914000,4.013000,4.009000,4.019000
10,97,0,3.933400,3.978000,3.857000,3.934000,4.042000,3.856000
10,98,0,4.580800,4.661000,4.585000,4.580000,4.460000,4.618000
10,99,0,4.015800,4.050000,3.952000,3.999000,4.065000,4.013000
11,0,0,4.526800,4.529000,4.508000,4.513000,4.597000,4.487000
11,1,0,4.698800,4.693000,4.712000,4.715000,4.746000,4.628000
11,2,0,4.407000,4.312000,4.403000,4.478000,4.429000,4.413000
11,3,0,4.139200,4.127000,4.198000,4.181000,4.058000,4.132000
11,4,0,4.112800,4.081000,4.050000,4.120000,4.216000,4.097000
11,5,0,4.400000,4.454000,4.303000,4.468000,4.402000,4.373000
11,6,0,4.563000,4.640000,4.485000,4.572000,4.589000,4.529000
11,7,0,4.214800,4.140000,4.166000,4.259000,4.224000,4.285000
11,8,0,4.227400,4.328000,4.150000,4.294000,4.281000,4.084000
11,9,0,4.675600,4.724000,4.596000,4.680000,4.706000,4.672000
11,10,0,4.295000,4.345000,4.288000,4.273000,4.283000,4.286000
11,11,0,4.892800,4.830000,4.840000,4.980000,4.865000,4.949000
11,12,0,4.152800,4.077000,4.216000,4.155000,4.147000,4.169000
11,13,0,4.414000,4.382000,4.468000,4.392000,4.481000,4.347000
11,14,0,4.061400,4.050000,4.064000,4.145000,4.073000,3.975000
11,15,0,4.186200,4.207000,4.134000,4.263000,4.160000,4.167000
11,16,0,4.275800,4.326000,4.178000,4.318000,4.232000,4.325000
11,17,0,4.326400,4.307000,4.293000,4.344000,4.424000,4.264000
11,18,0,4.320200,4.313000,4.286000,4.371000,4.381000,4.250000
11,19,0,4.651600,4.613000,4.626000,4.738000,4.615000,4.666000
11,20,0,3.917800,3.799000,4.010000,3.844000,3.993000,3.943000
11,21,0,4.033800,4.077000,4.050000,4.062000,4.133000,3.847000
11,22,0,4.453800,4.463000,4.456000,4.543000,4.477000,4.330000
11,23,0,4.470200,4.537000,4.361000,4.540000,4.448000,4.465000
11,24,0,3.977600,3.966000,3.864000,3.999000,4.079000,3.980000
11,25,0,4.412800,4.342000,4.375000,4.450000,4.451000,4.446000
11,26,0,4.486200,4.611000,4.301000,4.543000,4.471000,4.505000
11,27,0,4.547400,4.650000,4.535000,4.520000,4.612000,4.420000
11,28,0,4.163000,4.130000,4.149000,4.074000,4.281000,4.181000
11,29,0,4.213400,4.262000,4.102000,4.181000,4.263000,4.259000
11,30,0,4.616000,4.689000,4.498000,4.558000,4.808000,4.527000
11,31,0,4.562200,4.550000,4.451000,4.587000,4.665000,4.558000
11,32,0,4.229200,4.219000,4.165000,4.323000,4.241000,4.198000
11,33,0,4.347200,4.446000,4.345000,4.435000,4.222000,4.288000
11,34,0,3.857600,3.813000,3.857000,3.864000,3.889000,3.865000
11,35,0,4.470600,4.526000,4.382000,4.599000,4.465000,4.381000
11,36,0,4.618200,4.702000,4.493000,4.601000,4.787000,4.508000
11,37,0,4.716200,4.752000,4.642000,4.702000,4.807000,4.678000
11,38,0,4.180800,4.151000,4.164000,4.158000,4.217000,4.214000
11,39,0,4.308000,4.478000,4.248000,4.157000,4.348000,4.309000
11,40,0,4.537600,4.545000,4.491000,4.574000,4.557000,4.521000
11,41,0,4.342600,4.279000,4.319000,4.392000,4.402000,4.321000
11,42,0,4.380400,4.386000,4.291000,4.437000,4.438000,4.350000
11,43,0,4.605000,4.527000,4.547000,4.665000,4.703000,4.583000
11,44,0,4.413200,4.468000,4.308000,4.492000,4.465000,4.333000
11,45,0,4.137800,4.236000,4.059000,4.051000,4.191000,4.152000
11,46,0,4.668600,4.745000,4.478000,4.708000,4.593000,4.819000
11,47,0,4.181200,4.210000,4.089000,4.201000,4.207000,4.199000
11,48,0,4.210400,4.100000,4.232000,4.230000,4.219000,4.271000
11,49,0,4.537000,4.530000,4.554000,4.563000,4.504000,4.534000
11,50,0,4.311200,4.313000,4.184000,4.344000,4.408000,4.307000
11,51,0,4.248600,4.322000,4.150000,4.306000,4.225000,4.240000
11,52,0,4.374200,4.348000,4.368000,4.348000,4.375000,4.432000
11,53,0,4.503600,4.472000,4.472000,4.577000,4.485000,4.512000
11,54,0,4.599600,4.717000,4.533000,4.553000,4.669000,4.526000
11,55,0,4.700000,4.672000,4.578000,4.766000,4.792000,4.692000
11,56,0,4.125000,4.117000,4.090000,4.106000,4.151000,4.161000
11,57,0,4.313400,4.296000,4.283000,4.289000,4.348000,4.351000
11,58,0,4.377400,4.456000,4.405000,4.346000,4.424000,4.256000
11,59,0,4.273600,4.353000,4.063000,4.253000,4.420000,4.279000
11,60,0,4.254000,4.341000,4.339000,4.174000,4.189000,4.227000
11,61,0,4.347000,4.341000,4.301000,4.429000,4.342000,4.322000
11,62,0,4.264000,4.295000,4.274000,4.270000,4.249000,4.232000
11,63,0,4.279600,4.253000,4.138000,4.406000,4.310000,4.291000
11,64,0,4.451000,4.451000,4.333000,4.483000,4.457000,4.531000
11,65,0,4.045800,4.027000,4.028000,3.975000,4.112000,4.087000
11,66,0,4.572600,4.666000,4.470000,4.593000,4.576000,4.558000
11,67,0,4.541600,4.601000,4.459000,4.558000,4.551000,4.539000
11,68,0,4.471000,4.510000,4.517000,4.464000,4.525000,4.339000
11,69,0,4.677800,4.709000,4.619000,4.742000,4.520000,4.799000
11,70,0,4.392200,4.468000,4.408000,4.389000,4.438000,4.258000
11,71,0,4.202000,4.070000,4.196000,4.260000,4.284000,4.200000
11,72,0,4.392200,4.531000,4.404000,4.322000,4.367000,4.337000
11,73,0,4.315200,4.403000,4.262000,4.257000,4.309000,4.345000
11,74,0,4.435000,4.469000,4.334000,4.458000,4.451000,4.463000
11,75,0,4.316600,4.323000,4.259000,4.342000,4.361000,4.298000
11,76,0,4.231000,4.360000,4.177000,4.233000,4.185000,4.200000
11,77,0,4.601600,4.675000,4.603000,4.596000,4.542000,4.592000
11,78,0,4.557400,4.559000,4.445000,4.510000,4.569000,4.704000
11,79,0,4.624400,4.607000,4.688000,4.644000,4.565000,4.618000
11,80,0,4.391600,4.460000,4.323000,4.381000,4.486000,4.308000
11,81,0,4.786200,4.829000,4.665000,4.813000,4.769000,4.855000
11,82,0,4.778400,4.804000,4.680000,4.716000,4.722000,4.970000
11,83,0,4.559200,4.565000,4.497000,4.604000,4.528000,4.602000
11,84,0,4.509800,4.582000,4.517000,4.500000,4.498000,4.452000
11,85,0,4.352600,4.445000,4.306000,4.323000,4.338000,4.351000
11,86,0,4.028600,4.043000,3.990000,4.022000,4.043000,4.045000
11,87,0,4.658400,4.720000,4.583000,4.625000,4.696000,4.668000
11,88,0,4.195600,4.259000,4.096000,4.187000,4.151000,4.285000
11,89,0,4.788600,4.898000,4.641000,4.872000,4.690000,4.842000
11,90,0,4.448600,4.495000,4.463000,4.460000,4.431000,4.394000
11,91,0,4.580600,4.502000,4.602000,4.614000,4.554000,4.631000
11,92,0,3.949200,4.006000,4.018000,3.969000,3.972000,3.781000
11,93,0,4.617200,4.574000,4.532000,4.730000,4.634000,4.616000
11,94,0,4.543400,4.705000,4.533000,4.473000,4.529000,4.477000
11,95,0,4.280200,4.228000,4.309000,4.423000,4.217000,4.224000
11,96,0,4.410000,4.413000,4.327000,4.462000,4.508000,4.340000
11,97,0,4.294800,4.363000,4.263000,4.289000,4.236000,4.323000
11,98,0,4.325200,4.451000,4.222000,4.123000,4.496000,4.334000
11,99,0,4.501000,4.405000,4.417000,4.677000,4.544000,4.462000
12,0,0,4.422800,4.421000,4.316000,4.338000,4.544000,4.495000
12,1,0,5.287800,5.364000,5.280000,5.307000,5.212000,5.276000
12,2,0,4.389800,4.336000,4.399000,4.367000,4.447000,4.400000
12,3,0,4.377600,4.420000,4.339000,4.330000,4.420000,4.379000
12,4,0,4.557800,4.534000,4.558000,4.523000,4.589000,4.585000
12,5,0,4.410000,4.567000,4.391000,4.250000,4.417000,4.425000
12,6,0,4.808400,4.867000,4.875000,4.641000,4.719000,4.940000
12,7,0,4.473800,4.491000,4.395000,4.424000,4.503000,4.556000
12,8,0,4.375600,4.438000,4.348000,4.309000,4.395000,4.388000
12,9,0,4.403000,4.559000,4.257000,4.341000,4.347000,4.511000
12,10,0,4.348400,4.357000,4.379000,4.380000,4.383000,4.243000
12,11,0,4.526800,4.512000,4.510000,4.552000,4.502000,4.558000
12,12,0,4.640000,4.651000,4.543000,4.553000,4.703000,4.750000
12,13,0,4.226800,4.276000,4.031000,4.328000,4.343000,4.156000
12,14,0,4.824800,4.814000,4.830000,4.700000,4.869000,4.911000
12,15,0,4.375200,4.379000,4.338000,4.413000,4.443000,4.303000
12,16,0,4.742000,4.669000,4.739000,4.819000,4.646000,4.837000
12,17,0,4.027000,4.025000,3.981000,3.956000,4.143000,4.030000
12,18,0,4.281600,4.290000,4.217000,4.221000,4.312000,4.368000
12,19,0,4.976000,5.083000,4.870000,4.965000,4.924000,5.038000
12,20,0,4.834400,4.938000,4.916000,4.679000,4.758000,4.881000
12,21,0,4.401200,4.249000,4.450000,4.367000,4.498000,4.442000
12,22,0,4.587600,4.599000,4.532000,4.507000,4.607000,4.693000
12,23,0,4.443600,4.329000,4.414000,4.437000,4.517000,4.521000
12,24,0,4.274600,4.212000,4.212000,4.215000,4.354000,4.380000
12,25,0,4.548800,4.487000,4.449000,4.558000,4.577000,4.673000
12,26,0,4.365000,4.470000,4.249000,4.361000,4.378000,4.367000
12,27,0,4.425000,4.529000,4.248000,4.440000,4.416000,4.492000
12,28,0,4.482800,4.587000,4.336000,4.466000,4.481000,4.544000
12,29,0,4.466000,4.497000,4.438000,4.366000,4.545000,4.484000
12,30,0,4.622200,4.580000,4.651000,4.601000,4.565000,4.714000
12,31,0,4.347400,4.325000,4.340000,4.306000,4.347000,4.419000
12,32,0,4.435400,4.387000,4.322000,4.389000,4.495000,4.584000
12,33,0,4.613800,4.583000,4.587000,4.587000,4.669000,4.643000
12,34,0,4.536200,4.614000,4.486000,4.425000,4.715000,4.441000
12,35,0,4.253400,4.250000,4.168000,4.175000,4.339000,4.335000
12,36,0,4.441400,4.366000,4.340000,4.365000,4.512000,4.624000
12,37,0,4.503000,4.529000,4.476000,4.434000,4.526000,4.550000
12,38,0,4.421000,4.431000,4.508000,4.314000,4.420000,4.432000
12,39,0,4.167200,4.320000,4.175000,4.005000,4.198000,4.138000
12,40,0,4.569800,4.647000,4.498000,4.503000,4.597000,4.604000
12,41,0,4.334800,4.163000,4.438000,4.286000,4.440000,4.347000
12,42,0,4.251800,4.257000,4.251000,4.236000,4.247000,4.268000
12,43,0,4.234400,4.123000,4.153000,4.172000,4.255000,4.469000
12,44,0,4.341600,4.339000,4.267000,4.428000,4.307000,4.367000
12,45,0,4.331400,4.363000,4.270000,4.181000,4.467000,4.376000
12,46,0,4.611000,4.601000,4.509000,4.651000,4.546000,4.748000
12,47,0,4.129800,4.212000,4.091000,4.121000,4.102000,4.123000
12,48,0,4.396600,4.434000,4.383000,4.382000,4.447000,4.337000
12,49,0,4.347200,4.394000,4.335000,4.303000,4.404000,4.300000
12,50,0,4.435400,4.480000,4.407000,4.305000,4.479000,4.506000
12,51,0,4.702200,4.740000,4.719000,4.552000,4.672000,4.828000
12,52,0,4.121200,4.153000,3.983000,3.936000,4.185000,4.349000
12,53,0,4.252800,4.427000,4.268000,4.155000,4.230000,4.184000
12,54,0,4.320400,4.327000,4.254000,4.361000,4.360000,4.300000
12,55,0,4.430000,4.476000,4.352000,4.435000,4.425000,4.462000
12,56,0,4.404000,4.396000,4.314000,4.271000,4.494000,4.545000
12,57,0,4.752200,4.829000,4.721000,4.700000,4.706000,4.805000
12,58,0,4.869400,4.810000,4.850000,4.784000,5.013000,4.890000
12,59,0,4.880200,4.938000,4.901000,4.746000,4.914000,4.902000
12,60,0,4.210200,4.178000,4.252000,4.195000,4.245000,4.181000
12,61,0,4.293200,4.301000,4.272000,4.240000,4.224000,4.429000
12,62,0,4.371200,4.342000,4.371000,4.302000,4.444000,4.397000
12,63,0,4.374800,4.361000,4.392000,4.426000,4.384000,4.311000
12,64,0,4.276600,4.207000,4.219000,4.322000,4.238000,4.397000
12,65,0,4.132800,4.188000,4.100000,3.992000,4.202000,4.182000
12,66,0,4.317000,4.248000,4.366000,4.235000,4.371000,4.365000
12,67,0,4.753800,4.795000,4.667000,4.730000,4.757000,4.820000
12,68,0,4.250600,4.200000,4.323000,4.237000,4.209000,4.284000
12,69,0,4.422600,4.367000,4.483000,4.413000,4.440000,4.410000
12,70,0,4.362600,4.525000,4.319000,4.204000,4.391000,4.374000
12,71,0,4.510200,4.566000,4.340000,4.485000,4.635000,4.525000
12,72,0,4.265400,4.283000,4.313000,4.186000,4.244000,4.301000
12,73,0,4.404800,4.446000,4.411000,4.280000,4.397000,4.490000
12,74,0,4.721400,4.745000,4.857000,4.699000,4.613000,4.693000
12,75,0,4.623200,4.707000,4.575000,4.619000,4.525000,4.690000
12,76,0,4.583000,4.702000,4.531000,4.549000,4.592000,4.541000
12,77,0,4.651800,4.651000,4.532000,4.653000,4.718000,4.705000
12,78,0,4.651800,4.602000,4.735000,4.497000,4.739000,4.686000
12,79,0,4.137200,4.249000,4.039000,4.119000,4.148000,4.131000
12,80,0,4.170800,4.117000,4.045000,4.197000,4.137000,4.358000
12,81,0,4.420200,4.531000,4.395000,4.377000,4.421000,4.377000
12,82,0,4.378600,4.417000,4.403000,4.290000,4.375000,4.408000
12,83,0,4.535200,4.543000,4.554000,4.515000,4.513000,4.551000
12,84,0,4.526400,4.679000,4.220000,4.525000,4.593000,4.615000
12,85,0,4.592600,4.555000,4.650000,4.594000,4.591000,4.573000
12,86,0,4.066400,4.089000,4.095000,3.993000,4.069000,4.086000
12,87,0,4.528000,4.438000,4.548000,4.525000,4.566000,4.563000
12,88,0,4.629000,4.681000,4.590000,4.559000,4.667000,4.648000
12,89,0,5.020800,5.028000,5.097000,4.981000,5.042000,4.956000
12,90,0,4.888600,4.927000,4.902000,4.778000,4.892000,4.944000
12,91,0,4.601400,4.602000,4.600000,4.530000,4.613000,4.662000
12,92,0,4.485400,4.523000,4.376000,4.393000,4.546000,4.589000
12,93,0,4.429800,4.406000,4.386000,4.297000,4.499000,4.561000
12,94,0,4.425200,4.464000,4.331000,4.301000,4.495000,4.535000
12,95,0,4.265600,4.240000,4.175000,4.161000,4.358000,4.394000
12,96,0,4.330200,4.437000,4.377000,4.142000,4.289000,4.406000
12,97,0,4.768600,4.798000,4.651000,4.721000,4.841000,4.832000
12,98,0,4.207000,4.237000,4.205000,4.163000,4.203000,4.227000
12,99,0,4.560600,4.538000,4.541000,4.420000,4.666000,4.638000
13,0,0,4.860800,4.909000,4.928000,4.838000,4.829000,4.800000
13,1,0,4.516600,4.489000,4.548000,4.562000,4.446000,4.538000
13,2,0,4.560200,4.618000,4.527000,4.512000,4.490000,4.654000
13,3,0,4.709600,4.702000,4.788000,4.682000,4.548000,4.828000
13,4,0,4.554000,4.538000,4.552000,4.456000,4.602000,4.622000
13,5,0,4.701400,4.766000,4.653000,4.768000,4.691000,4.629000
13,6,0,4.465400,4.575000,4.351000,4.473000,4.397000,4.531000
13,7,0,4.467200,4.556000,4.454000,4.367000,4.462000,4.497000
13,8,0,4.612800,4.542000,4.675000,4.442000,4.701000,4.704000
13,9,0,4.878200,4.917000,4.997000,4.842000,4.821000,4.814000
13,10,0,4.641600,4.744000,4.592000,4.566000,4.678000,4.628000
13,11,0,4.431400,4.460000,4.449000,4.351000,4.393000,4.504000
13,12,0,4.633000,4.687000,4.623000,4.500000,4.668000,4.687000
13,13,0,4.068400,4.085000,4.090000,4.016000,3.989000,4.162000
13,14,0,5.033400,5.015000,5.075000,4.962000,5.016000,5.099000
13,15,0,4.637000,4.574000,4.599000,4.666000,4.614000,4.732000
13,16,0,4.653800,4.552000,4.712000,4.561000,4.766000,4.678000
13,17,0,4.568400,4.634000,4.457000,4.440000,4.587000,4.724000
13,18,0,4.836400,4.906000,4.777000,4.809000,4.796000,4.894000
13,19,0,4.743200,4.761000,4.649000,4.759000,4.740000,4.807000
13,20,0,4.200400,4.186000,4.171000,4.212000,4.195000,4.238000
13,21,0,4.333200,4.372000,4.276000,4.282000,4.375000,4.361000
13,22,0,5.060800,5.041000,4.922000,5.198000,5.050000,5.093000
13,23,0,4.767800,4.763000,4.797000,4.629000,4.777000,4.873000
13,24,0,4.492200,4.557000,4.512000,4.434000,4.520000,4.438000
13,25,0,4.499800,4.453000,4.487000,4.554000,4.434000,4.571000
13,26,0,4.621800,4.657000,4.606000,4.545000,4.614000,4.687000
13,27,0,4.856000,4.905000,4.860000,4.790000,4.781000,4.944000
13,28,0,4.468800,4.497000,4.470000,4.480000,4.427000,4.470000
13,29,0,4.441000,4.334000,4.364000,4.453000,4.589000,4.465000
13,30,0,4.573600,4.580000,4.569000,4.548000,4.642000,4.529000
13,31,0,4.942800,4.988000,4.923000,4.876000,4.889000,5.038000
13,32,0,4.568600,4.655000,4.442000,4.544000,4.577000,4.625000
13,33,0,5.187000,5.153000,5.265000,5.196000,5.194000,5.127000
13,34,0,5.008000,5.018000,5.029000,4.925000,5.069000,4.999000
13,35,0,4.324200,4.444000,4.308000,4.236000,4.350000,4.283000
13,36,0,4.548800,4.562000,4.580000,4.524000,4.534000,4.544000
13,37,0,4.556200,4.594000,4.520000,4.454000,4.627000,4.586000
13,38,0,4.301200,4.358000,4.253000,4.386000,4.320000,4.189000
13,39,0,4.416000,4.490000,4.321000,4.384000,4.416000,4.469000
13,40,0,4.540800,4.610000,4.531000,4.572000,4.505000,4.486000
13,41,0,4.895000,4.953000,4.950000,4.797000,4.877000,4.898000
13,42,0,4.371800,4.394000,4.386000,4.316000,4.406000,4.357000
13,43,0,4.160800,4.081000,4.245000,4.097000,4.180000,4.201000
13,44,0,5.233800,5.314000,5.238000,5.186000,5.132000,5.299000
13,45,0,4.284200,4.286000,4.273000,4.235000,4.287000,4.340000
13,46,0,4.347200,4.431000,4.265000,4.367000,4.322000,4.351000
13,47,0,4.381000,4.344000,4.341000,4.364000,4.331000,4.525000
13,48,0,4.532800,4.489000,4.604000,4.493000,4.571000,4.507000
13,49,0,4.723000,4.739000,4.761000,4.645000,4.780000,4.690000
13,50,0,4.665400,4.605000,4.610000,4.706000,4.706000,4.700000
13,51,0,4.920600,4.962000,4.968000,4.720000,4.982000,4.971000
13,52,0,4.560200,4.469000,4.568000,4.554000,4.664000,4.546000
13,53,0,4.631600,4.682000,4.637000,4.621000,4.592000,4.626000
13,54,0,4.458000,4.470000,4.430000,4.445000,4.543000,4.402000
13,55,0,4.627200,4.731000,4.559000,4.589000,4.579000,4.678000
13,56,0,4.419400,4.349000,4.518000,4.369000,4.381000,4.480000
13,57,0,4.726400,4.653000,4.794000,4.604000,4.722000,4.859000
13,58,0,4.864000,4.891000,4.799000,4.906000,4.877000,4.847000
13,59,0,4.672600,4.678000,4.614000,4.789000,4.763000,4.519000
13,60,0,4.730600,4.759000,4.788000,4.597000,4.821000,4.688000
13,61,0,4.702800,4.709000,4.680000,4.649000,4.691000,4.785000
13,62,0,4.312000,4.386000,4.240000,4.290000,4.243000,4.401000
13,63,0,4.876400,4.859000,4.875000,4.815000,4.971000,4.862000
13,64,0,4.417000,4.396000,4.432000,4.394000,4.376000,4.487000
13,65,0,4.784200,4.858000,4.752000,4.690000,4.785000,4.836000
13,66,0,4.796200,4.865000,4.825000,4.711000,4.729000,4.851000
13,67,0,4.278400,4.401000,4.232000,4.334000,4.179000,4.246000
13,68,0,4.278400,4.383000,4.261000,4.160000,4.261000,4.327000
13,69,0,4.136000,4.117000,4.214000,4.071000,4.176000,4.102000
13,70,0,4.931000,4.865000,5.024000,4.801000,4.961000,5.004000
13,71,0,4.368600,4.464000,4.303000,4.300000,4.386000,4.390000
13,72,0,4.847800,4.795000,4.718000,4.917000,4.853000,4.956000
13,73,0,4.349400,4.422000,4.345000,4.279000,4.440000,4.261000
13,74,0,4.683400,4.645000,4.629000,4.680000,4.633000,4.830000
13,75,0,4.726800,4.761000,4.857000,4.632000,4.627000,4.757000
13,76,0,4.511800,4.463000,4.552000,4.565000,4.489000,4.490000
13,77,0,4.521400,4.491000,4.526000,4.556000,4.498000,4.536000
13,78,0,4.401400,4.409000,4.408000,4.367000,4.390000,4.433000
13,79,0,4.668000,4.622000,4.775000,4.564000,4.701000,4.678000
13,80,0,4.796400,4.730000,4.904000,4.601000,4.878000,4.869000
13,81,0,4.377800,4.464000,4.348000,4.257000,4.347000,4.473000
13,82,0,4.427600,4.380000,4.500000,4.361000,4.412000,4.485000
13,83,0,4.863400,4.988000,4.845000,4.734000,4.839000,4.911000
13,84,0,4.948200,4.934000,4.949000,4.863000,4.973000,5.022000
13,85,0,4.240000,4.096000,4.312000,4.247000,4.243000,4.302000
13,86,0,4.630800,4.688000,4.728000,4.635000,4.488000,4.615000
13,87,0,4.969800,5.015000,4.926000,5.003000,4.906000,4.999000
13,88,0,4.592000,4.564000,4.578000,4.599000,4.605000,4.614000
13,89,0,4.680800,4.717000,4.762000,4.559000,4.675000,4.691000
13,90,0,4.544400,4.527000,4.467000,4.462000,4.518000,4.748000
13,91,0,4.480400,4.528000,4.424000,4.470000,4.485000,4.495000
13,92,0,4.679200,4.571000,4.774000,4.638000,4.715000,4.698000
13,93,0,4.392600,4.359000,4.314000,4.402000,4.412000,4.476000
13,94,0,4.816000,4.765000,4.814000,4.716000,4.852000,4.933000
13,95,0,4.584800,4.509000,4.494000,4.654000,4.673000,4.594000
13,96,0,4.383600,4.331000,4.360000,4.370000,4.535000,4.322000
13,97,0,4.860200,4.857000,4.844000,4.859000,4.795000,4.946000
13,98,0,4.636600,4.771000,4.781000,4.546000,4.586000,4.499000
13,99,0,4.368800,4.372000,4.326000,4.316000,4.387000,4.443000
14,0,0,4.139600,4.173000,4.094000,4.101000,4.143000,4.187000
14,1,0,4.868000,4.822000,4.729000,4.804000,5.059000,4.926000
14,2,0,4.532400,4.355000,4.601000,4.517000,4.616000,4.573000
14,3,0,4.402800,4.293000,4.374000,4.469000,4.397000,4.481000
14,4,0,5.149600,5.003000,5.184000,5.185000,5.212000,5.164000
14,5,0,5.068200,4.879000,5.046000,5.083000,5.228000,5.105000
14,6,0,4.166200,3.976000,4.215000,4.114000,4.303000,4.223000
14,7,0,4.608200,4.440000,4.535000,4.731000,4.833000,4.502000
14,8,0,4.561600,4.298000,4.486000,4.719000,4.635000,4.670000
14,9,0,4.616200,4.546000,4.625000,4.499000,4.737000,4.674000
14,10,0,4.710000,4.558000,4.800000,4.653000,4.869000,4.670000
14,11,0,4.874800,4.702000,4.943000,4.877000,4.947000,4.905000
14,12,0,4.364800,4.245000,4.391000,4.247000,4.466000,4.475000
14,13,0,4.301000,4.114000,4.254000,4.388000,4.371000,4.378000
14,14,0,4.465000,4.349000,4.432000,4.543000,4.663000,4.338000
14,15,0,4.507800,4.402000,4.347000,4.511000,4.691000,4.588000
14,16,0,4.773400,4.648000,4.703000,4.695000,4.928000,4.893000
14,17,0,4.715200,4.722000,4.599000,4.784000,4.833000,4.638000
14,18,0,4.288200,4.162000,4.258000,4.368000,4.350000,4.303000
14,19,0,4.617400,4.395000,4.660000,4.592000,4.760000,4.680000
14,20,0,4.609200,4.433000,4.586000,4.624000,4.688000,4.715000
14,21,0,5.025200,4.970000,4.974000,5.017000,5.160000,5.005000
14,22,0,4.472400,4.324000,4.500000,4.502000,4.608000,4.428000
14,23,0,5.121200,5.026000,5.115000,5.106000,5.175000,5.184000
14,24,0,4.945600,4.809000,4.965000,4.929000,5.081000,4.944000
14,25,0,4.483600,4.396000,4.503000,4.384000,4.583000,4.552000
14,26,0,5.040000,4.954000,4.979000,4.965000,5.191000,5.111000
14,27,0,4.728800,4.483000,4.745000,4.815000,4.901000,4.700000
14,28,0,4.828000,4.692000,4.788000,4.802000,4.994000,4.864000
14,29,0,4.647000,4.415000,4.574000,4.646000,4.841000,4.759000
14,30,0,5.208400,5.119000,5.221000,5.178000,5.335000,5.189000
14,31,0,4.210000,4.110000,4.175000,4.246000,4.400000,4.119000
14,32,0,4.652600,4.476000,4.620000,4.628000,4.789000,4.750000
14,33,0,4.791400,4.742000,4.590000,4.807000,4.952000,4.866000
14,34,0,5.002400,4.931000,5.028000,4.968000,5.083000,5.002000
14,35,0,4.796200,4.670000,4.795000,4.797000,4.966000,4.753000
14,36,0,4.317600,4.206000,4.411000,4.188000,4.346000,4.437000
14,37,0,4.526600,4.414000,4.614000,4.436000,4.620000,4.549000
14,38,0,4.786000,4.639000,4.779000,4.741000,4.903000,4.868000
14,39,0,4.523800,4.398000,4.499000,4.412000,4.680000,4.630000
14,40,0,4.811200,4.671000,4.672000,4.840000,4.901000,4.972000
14,41,0,4.447000,4.425000,4.444000,4.445000,4.482000,4.439000
14,42,0,4.991800,4.966000,5.000000,5.013000,4.912000,5.068000
14,43,0,4.898600,4.579000,4.799000,4.886000,5.067000,5.162000
14,44,0,4.753400,4.579000,4.757000,4.715000,4.906000,4.810000
14,45,0,4.992000,4.961000,4.900000,4.941000,5.084000,5.074000
14,46,0,4.541000,4.429000,4.464000,4.559000,4.648000,4.605000
14,47,0,4.720400,4.645000,4.536000,4.762000,4.848000,4.811000
14,48,0,4.680200,4.437000,4.606000,4.753000,4.944000,4.661000
14,49,0,4.739400,4.621000,4.754000,4.737000,4.835000,4.750000
14,50,0,4.480000,4.346000,4.428000,4.429000,4.642000,4.555000
14,51,0,4.569600,4.383000,4.559000,4.542000,4.776000,4.588000
14,52,0,5.082800,4.952000,5.003000,5.165000,5.203000,5.091000
14,53,0,4.557400,4.476000,4.506000,4.627000,4.769000,4.409000
14,54,0,4.780200,4.728000,4.763000,4.741000,4.798000,4.871000
14,55,0,4.503800,4.390000,4.549000,4.480000,4.572000,4.528000
14,56,0,4.885400,4.793000,4.875000,4.814000,5.006000,4.939000
14,57,0,4.369400,4.285000,4.356000,4.355000,4.458000,4.393000
14,58,0,4.823200,4.755000,4.743000,4.715000,5.041000,4.862000
14,59,0,5.014600,4.926000,5.083000,5.073000,5.121000,4.870000
14,60,0,4.830800,4.829000,4.831000,4.814000,4.947000,4.733000
14,61,0,4.821400,4.783000,4.783000,4.775000,4.990000,4.776000
14,62,0,4.681600,4.530000,4.496000,4.746000,4.802000,4.834000
14,63,0,5.052200,5.022000,4.931000,5.152000,5.136000,5.020000
14,64,0,4.813800,4.667000,4.745000,4.908000,4.863000,4.886000
14,65,0,4.659600,4.500000,4.660000,4.660000,4.751000,4.727000
14,66,0,4.639200,4.345000,4.600000,4.711000,4.770000,4.770000
14,67,0,4.783000,4.640000,4.672000,4.876000,4.915000,4.812000
14,68,0,4.737800,4.577000,4.701000,4.712000,4.829000,4.870000
14,69,0,4.740000,4.575000,4.756000,4.763000,4.804000,4.802000
14,70,0,4.880400,4.755000,4.807000,4.891000,5.035000,4.914000
14,71,0,4.654400,4.364000,4.740000,4.656000,4.860000,4.652000
14,72,0,4.819800,4.763000,4.897000,4.775000,4.965000,4.699000
14,73,0,5.017800,4.879000,4.995000,5.002000,5.133000,5.080000
14,74,0,4.683800,4.510000,4.662000,4.741000,4.870000,4.636000
14,75,0,4.589200,4.404000,4.516000,4.662000,4.681000,4.683000
14,76,0,4.650800,4.528000,4.595000,4.638000,4.890000,4.603000
14,77,0,4.569200,4.449000,4.514000,4.534000,4.758000,4.591000
14,78,0,4.626600,4.570000,4.612000,4.625000,4.705000,4.621000
14,79,0,4.526800,4.382000,4.577000,4.523000,4.704000,4.448000
14,80,0,4.664400,4.603000,4.512000,4.617000,4.888000,4.702000
14,81,0,4.473600,4.378000,4.450000,4.453000,4.476000,4.611000
14,82,0,4.692000,4.511000,4.690000,4.748000,4.660000,4.851000
14,83,0,5.017800,4.839000,4.924000,4.968000,5.242000,5.116000
14,84,0,5.001600,4.816000,4.986000,5.155000,4.971000,5.080000
14,85,0,4.927600,4.742000,4.867000,4.831000,5.126000,5.072000
14,86,0,4.607600,4.485000,4.586000,4.636000,4.648000,4.683000
14,87,0,4.838800,4.603000,4.859000,5.001000,4.900000,4.831000
14,88,0,4.961000,4.912000,4.941000,5.001000,5.010000,4.941000
14,89,0,4.855400,4.653000,4.888000,4.849000,5.014000,4.873000
14,90,0,4.546000,4.352000,4.470000,4.565000,4.622000,4.721000
14,91,0,4.679000,4.380000,4.678000,4.777000,4.823000,4.737000
14,92,0,4.638000,4.504000,4.600000,4.816000,4.668000,4.602000
14,93,0,4.511000,4.461000,4.356000,4.512000,4.695000,4.531000
14,94,0,4.750000,4.687000,4.780000,4.760000,4.903000,4.620000
14,95,0,4.645600,4.638000,4.542000,4.569000,4.702000,4.777000
14,96,0,4.856200,4.728000,4.751000,4.915000,4.984000,4.903000
14,97,0,4.662400,4.552000,4.603000,4.568000,4.954000,4.635000
14,98,0,4.386400,4.288000,4.300000,4.346000,4.580000,4.418000
14,99,0,4.477800,4.319000,4.332000,4.505000,4.676000,4.557000
15,0,0,4.727400,4.752000,4.883000,4.583000,4.744000,4.675000
15,1,0,4.991600,5.017000,5.176000,4.925000,4.868000,4.972000
15,2,0,4.539600,4.624000,4.529000,4.442000,4.513000,4.590000
15,3,0,5.127000,5.215000,5.102000,5.004000,5.255000,5.059000
15,4,0,4.667800,4.840000,4.697000,4.549000,4.528000,4.725000
15,5,0,5.001800,5.124000,4.905000,4.960000,4.887000,5.133000
15,6,0,4.955800,5.045000,4.871000,4.933000,5.019000,4.911000
15,7,0,4.658800,4.605000,4.798000,4.499000,4.650000,4.742000
15,8,0,4.633400,4.708000,4.608000,4.551000,4.487000,4.813000
15,9,0,5.208200,5.142000,5.305000,5.047000,5.269000,5.278000
15,10,0,4.528200,4.586000,4.608000,4.507000,4.428000,4.512000
15,11,0,4.646000,4.858000,4.640000,4.485000,4.549000,4.698000
15,12,0,4.731400,4.889000,4.780000,4.547000,4.745000,4.696000
15,13,0,5.160800,5.319000,5.175000,5.041000,5.092000,5.177000
15,14,0,4.808200,4.852000,4.920000,4.664000,4.788000,4.817000
15,15,0,4.438400,4.578000,4.452000,4.273000,4.455000,4.434000
15,16,0,4.713800,4.677000,4.841000,4.669000,4.598000,4.784000
15,17,0,4.611400,4.567000,4.699000,4.467000,4.594000,4.730000
15,18,0,4.495400,4.510000,4.478000,4.522000,4.476000,4.491000
15,19,0,4.918200,5.077000,5.042000,4.777000,4.797000,4.898000
15,20,0,4.918600,5.072000,5.032000,4.718000,4.862000,4.909000
15,21,0,4.439200,4.419000,4.522000,4.295000,4.482000,4.478000
15,22,0,4.814400,4.856000,4.887000,4.676000,4.734000,4.919000
15,23,0,4.807800,5.039000,4.787000,4.510000,4.870000,4.833000
15,24,0,4.709800,4.862000,4.761000,4.630000,4.593000,4.703000
15,25,0,4.885000,4.981000,4.909000,4.855000,4.805000,4.875000
15,26,0,5.010400,5.163000,5.011000,4.940000,4.996000,4.942000
15,27,0,4.719200,4.864000,4.654000,4.665000,4.821000,4.592000
15,28,0,4.802800,4.841000,4.880000,4.658000,4.744000,4.891000
15,29,0,4.192600,4.315000,4.255000,4.015000,4.151000,4.227000
15,30,0,4.538800,4.572000,4.539000,4.491000,4.478000,4.614000
15,31,0,5.076200,5.214000,5.150000,4.976000,4.970000,5.071000
15,32,0,4.968600,5.114000,4.957000,4.905000,4.912000,4.955000
15,33,0,5.067600,5.086000,5.139000,5.058000,4.981000,5.074000
15,34,0,4.691000,4.843000,4.636000,4.506000,4.708000,4.762000
15,35,0,4.829400,4.826000,4.865000,4.763000,4.866000,4.827000
15,36,0,4.697000,4.712000,4.811000,4.595000,4.640000,4.727000
15,37,0,4.464400,4.450000,4.616000,4.356000,4.356000,4.544000
15,38,0,4.597800,4.657000,4.755000,4.549000,4.452000,4.576000
15,39,0,4.695400,4.680000,4.700000,4.645000,4.697000,4.755000
15,40,0,5.032200,5.090000,5.017000,5.013000,4.999000,5.042000
15,41,0,4.812200,4.850000,4.855000,4.641000,4.749000,4.966000
15,42,0,4.612200,4.827000,4.618000,4.427000,4.390000,4.799000
15,43,0,4.655400,4.751000,4.691000,4.651000,4.555000,4.629000
15,44,0,4.577400,4.746000,4.585000,4.392000,4.530000,4.634000
15,45,0,4.225400,4.207000,4.188000,4.230000,4.213000,4.289000
15,46,0,4.895400,5.201000,4.976000,4.564000,4.747000,4.989000
15,47,0,4.905400,4.938000,5.002000,4.828000,4.857000,4.902000
15,48,0,4.622000,4.748000,4.639000,4.393000,4.550000,4.780000
15,49,0,4.901400,5.093000,4.955000,4.702000,4.893000,4.864000
15,50,0,4.860400,4.929000,4.926000,4.703000,4.815000,4.929000
15,51,0,4.737800,4.942000,4.682000,4.602000,4.754000,4.709000
15,52,0,4.700600,4.855000,4.833000,4.554000,4.582000,4.679000
15,53,0,4.684200,4.662000,4.755000,4.548000,4.681000,4.775000
15,54,0,4.751000,4.782000,4.759000,4.698000,4.764000,4.752000
15,55,0,4.898800,5.029000,4.981000,4.838000,4.788000,4.858000
15,56,0,4.743600,4.899000,4.834000,4.619000,4.664000,4.702000
15,57,0,4.623200,4.732000,4.562000,4.507000,4.687000,4.628000
15,58,0,4.922000,4.970000,4.956000,4.808000,4.915000,4.961000
15,59,0,4.689000,4.712000,4.832000,4.624000,4.718000,4.559000
15,60,0,4.275000,4.394000,4.305000,4.120000,4.232000,4.324000
15,61,0,5.101600,5.184000,5.108000,4.988000,5.052000,5.176000
15,62,0,4.746200,4.859000,4.830000,4.696000,4.655000,4.691000
15,63,0,4.563800,4.635000,4.552000,4.464000,4.567000,4.601000
15,64,0,4.865800,4.787000,5.019000,5.005000,4.867000,4.651000
15,65,0,4.639800,4.663000,4.635000,4.675000,4.547000,4.679000
15,66,0,4.800200,5.024000,4.794000,4.619000,4.719000,4.845000
15,67,0,4.878800,4.317000,5.075000,4.908000,5.051000,5.043000
15,68,0,4.859200,5.122000,4.908000,4.819000,4.604000,4.843000
15,69,0,4.529800,4.659000,4.463000,4.387000,4.502000,4.638000
15,70,0,5.153400,5.183000,5.166000,5.043000,5.190000,5.185000
15,71,0,5.318800,5.362000,5.402000,5.195000,5.284000,5.351000
15,72,0,4.817200,4.871000,4.783000,4.695000,4.843000,4.894000
15,73,0,4.805000,5.081000,4.708000,5.095000,4.429000,4.712000
15,74,0,4.521200,4.621000,4.491000,4.420000,4.434000,4.640000
15,75,0,4.676400,4.835000,4.629000,4.581000,4.619000,4.718000
15,76,0,4.841600,4.897000,4.906000,4.770000,4.787000,4.848000
15,77,0,4.767800,4.917000,4.890000,4.647000,4.682000,4.703000
15,78,0,4.310200,4.373000,4.343000,4.191000,4.329000,4.315000
15,79,0,5.143800,5.197000,5.193000,5.066000,5.094000,5.169000
15,80,0,4.737400,4.924000,4.790000,4.664000,4.519000,4.790000
15,81,0,5.042400,5.217000,5.104000,4.799000,5.109000,4.983000
15,82,0,4.958800,4.913000,5.090000,4.980000,4.852000,4.959000
15,83,0,4.833400,4.906000,5.003000,4.651000,4.727000,4.880000
15,84,0,4.636800,4.732000,4.659000,4.436000,4.511000,4.846000
15,85,0,4.649400,4.567000,4.853000,4.631000,4.556000,4.640000
15,86,0,4.972200,5.158000,4.957000,4.876000,4.808000,5.062000
15,87,0,4.942400,5.097000,4.901000,4.816000,4.986000,4.912000
15,88,0,4.845600,4.829000,4.982000,4.694000,4.927000,4.796000
15,89,0,5.012200,5.038000,5.015000,4.953000,4.988000,5.067000
15,90,0,4.648600,4.588000,4.718000,4.499000,4.639000,4.799000
15,91,0,4.791200,4.953000,4.866000,4.648000,4.720000,4.769000
15,92,0,4.637400,4.632000,4.688000,4.577000,4.578000,4.712000
15,93,0,4.693600,4.842000,4.804000,4.397000,4.738000,4.687000
15,94,0,4.882800,5.011000,5.050000,4.761000,4.744000,4.848000
15,95,0,4.596600,4.642000,4.582000,4.581000,4.505000,4.673000
15,96,0,5.074400,5.031000,5.150000,5.029000,4.994000,5.168000
15,97,0,4.859200,4.989000,4.947000,4.714000,4.803000,4.843000
15,98,0,4.930200,4.978000,5.071000,4.784000,4.951000,4.867000
15,99,0,4.606400,4.664000,4.619000,4.475000,4.698000,4.576000
16,0,0,4.429400,4.400000,4.423000,4.473000,4.414000,4.437000
16,1,0,4.437600,4.344000,4.375000,4.492000,4.399000,4.578000
16,2,0,5.195800,5.238000,5.133000,5.145000,5.206000,5.257000
16,3,0,4.786200,4.870000,4.820000,4.715000,4.802000,4.724000
16,4,0,4.896200,4.941000,4.823000,4.891000,4.992000,4.834000
16,5,0,4.730200,4.676000,4.671000,4.715000,4.756000,4.833000
16,6,0,4.876600,4.870000,4.801000,4.928000,4.877000,4.907000
16,7,0,5.207600,5.211000,5.131000,5.278000,5.232000,5.186000
16,8,0,4.990600,4.939000,4.955000,4.993000,5.002000,5.064000
16,9,0,4.405200,4.434000,4.280000,4.516000,4.408000,4.388000
16,10,0,5.078400,5.063000,5.062000,5.056000,5.109000,5.102000
16,11,0,4.824000,4.833000,4.674000,4.825000,4.962000,4.826000
16,12,0,4.958200,4.874000,4.713000,5.047000,5.086000,5.071000
16,13,0,4.871800,4.853000,4.934000,4.705000,5.006000,4.861000
16,14,0,5.166000,5.081000,5.106000,5.225000,5.276000,5.142000
16,15,0,5.079800,5.096000,4.955000,5.087000,5.145000,5.116000
16,16,0,5.042200,5.077000,4.917000,5.098000,5.132000,4.987000
16,17,0,4.951000,5.054000,4.777000,4.969000,5.008000,4.947000
16,18,0,5.248200,5.303000,5.194000,5.213000,5.181000,5.350000
16,19,0,4.911800,4.931000,4.818000,4.842000,4.937000,5.031000
16,20,0,4.954400,4.901000,4.841000,5.006000,5.050000,4.974000
16,21,0,5.231400,5.289000,5.110000,5.194000,5.322000,5.242000
16,22,0,5.126600,5.177000,4.968000,5.147000,5.185000,5.156000
16,23,0,5.000000,5.034000,4.808000,4.998000,5.017000,5.143000
16,24,0,5.000200,5.047000,4.866000,5.038000,4.996000,5.054000
16,25,0,5.058000,4.967000,4.997000,5.135000,5.051000,5.140000
16,26,0,4.927800,4.958000,4.801000,4.952000,4.969000,4.959000
16,27,0,4.840600,4.852000,4.758000,4.809000,4.902000,4.882000
16,28,0,5.326400,5.505000,5.117000,5.305000,5.411000,5.294000
16,29,0,5.119600,5.034000,5.209000,5.122000,5.153000,5.080000
16,30,0,4.707000,4.789000,4.526000,4.678000,4.670000,4.872000
16,31,0,4.896200,4.916000,4.873000,4.873000,4.941000,4.878000
16,32,0,5.289200,5.303000,5.222000,5.215000,5.387000,5.319000
16,33,0,4.963600,5.112000,4.832000,5.011000,4.935000,4.928000
16,34,0,5.095400,5.158000,4.929000,5.065000,5.083000,5.242000
16,35,0,5.119200,5.122000,5.119000,5.059000,5.165000,5.131000
16,36,0,4.771000,4.764000,4.685000,4.881000,4.786000,4.739000
16,37,0,4.644400,4.660000,4.413000,4.594000,4.735000,4.820000
16,38,0,4.450000,4.461000,4.395000,4.447000,4.510000,4.437000
16,39,0,4.746400,4.669000,4.663000,4.855000,4.790000,4.755000
16,40,0,4.842800,4.690000,4.853000,4.909000,4.847000,4.915000
16,41,0,5.007200,5.087000,4.860000,4.994000,5.145000,4.950000
16,42,0,4.884400,4.783000,4.748000,5.041000,4.905000,4.945000
16,43,0,5.079000,5.216000,4.957000,5.130000,5.086000,5.006000
16,44,0,5.354800,5.442000,5.172000,5.427000,5.339000,5.394000
16,45,0,4.997400,4.915000,5.001000,5.048000,5.120000,4.903000
16,46,0,4.869200,4.959000,4.733000,4.870000,4.892000,4.892000
16,47,0,4.666000,4.729000,4.536000,4.622000,4.718000,4.725000
16,48,0,4.780600,4.813000,4.703000,4.894000,4.698000,4.795000
16,49,0,4.832600,4.807000,4.639000,4.740000,5.013000,4.964000
16,50,0,5.292000,5.411000,5.159000,5.283000,5.320000,5.287000
16,51,0,4.963200,5.058000,4.951000,4.926000,4.972000,4.909000
16,52,0,5.322000,5.328000,5.285000,5.341000,5.406000,5.250000
16,53,0,4.760400,4.774000,4.654000,4.805000,4.749000,4.820000
16,54,0,4.534200,4.536000,4.411000,4.627000,4.557000,4.540000
16,55,0,5.082600,5.155000,5.057000,5.118000,5.039000,5.044000
16,56,0,4.954000,4.880000,4.877000,5.030000,5.037000,4.946000
16,57,0,4.768400,4.775000,4.566000,4.815000,4.806000,4.880000
16,58,0,4.879800,4.833000,4.730000,4.942000,4.944000,4.950000
16,59,0,5.019600,4.976000,4.942000,5.040000,5.086000,5.054000
16,60,0,4.933600,5.004000,4.839000,4.979000,4.956000,4.890000
16,61,0,4.714800,4.791000,4.495000,4.826000,4.750000,4.712000
16,62,0,4.775600,4.801000,4.805000,4.814000,4.731000,4.727000
16,63,0,4.717800,4.791000,4.695000,4.682000,4.681000,4.740000
16,64,0,4.805200,4.743000,4.579000,4.845000,4.923000,4.936000
16,65,0,5.011200,5.004000,4.993000,5.040000,4.932000,5.087000
16,66,0,4.938000,4.872000,4.874000,4.978000,5.045000,4.921000
16,67,0,5.046200,5.072000,4.872000,5.063000,5.095000,5.129000
16,68,0,4.689600,4.705000,4.582000,4.750000,4.799000,4.612000
16,69,0,4.960200,5.027000,4.871000,5.017000,4.968000,4.918000
16,70,0,5.114800,5.207000,5.024000,5.070000,5.136000,5.137000
16,71,0,4.933200,4.983000,4.871000,4.957000,4.925000,4.930000
16,72,0,4.680000,4.639000,4.639000,4.781000,4.707000,4.634000
16,73,0,5.105000,5.146000,4.950000,5.156000,5.089000,5.184000
16,74,0,5.160400,5.175000,5.117000,5.172000,5.157000,5.181000
16,75,0,4.397000,4.284000,4.402000,4.449000,4.442000,4.408000
16,76,0,4.979600,5.017000,4.915000,4.951000,5.086000,4.929000
16,77,0,5.001000,5.099000,4.950000,5.039000,4.824000,5.093000
16,78,0,5.007200,5.067000,4.868000,5.075000,5.007000,5.019000
16,79,0,4.996600,4.916000,4.964000,4.957000,5.100000,5.046000
16,80,0,4.788000,4.791000,4.823000,4.832000,4.779000,4.715000
16,81,0,4.859600,4.919000,4.750000,4.900000,4.776000,4.953000
16,82,0,4.548000,4.631000,4.502000,4.541000,4.570000,4.496000
16,83,0,4.843000,4.798000,4.759000,4.896000,4.856000,4.906000
16,84,0,4.826800,4.757000,4.690000,4.936000,4.809000,4.942000
16,85,0,5.030000,5.040000,4.957000,5.067000,5.130000,4.956000
16,86,0,4.670000,4.690000,4.581000,4.727000,4.710000,4.642000
16,87,0,4.979600,5.003000,4.988000,4.934000,4.944000,5.029000
16,88,0,4.696800,4.635000,4.657000,4.668000,4.760000,4.764000
16,89,0,5.311800,5.164000,5.229000,5.376000,5.491000,5.299000
16,90,0,4.800600,4.851000,4.679000,4.905000,4.744000,4.824000
16,91,0,4.868800,4.858000,4.833000,4.846000,4.919000,4.888000
16,92,0,5.274000,5.331000,5.140000,5.334000,5.270000,5.295000
16,93,0,5.012800,5.003000,4.991000,4.974000,5.024000,5.072000
16,94,0,4.796000,4.806000,4.606000,4.818000,4.842000,4.908000
16,95,0,5.233000,5.281000,5.101000,5.247000,5.194000,5.342000
16,96,0,5.185000,5.340000,4.922000,5.299000,5.065000,5.299000
16,97,0,4.702600,4.547000,4.717000,4.749000,4.738000,4.762000
16,98,0,4.980200,5.034000,4.864000,5.027000,4.979000,4.997000
16,99,0,5.006600,5.177000,4.898000,5.077000,4.915000,4.966000
17,0,0,4.300400,4.329000,4.284000,4.229000,4.244000,4.416000
17,1,0,4.944800,4.813000,4.951000,4.968000,4.933000,5.059000
17,2,0,4.964400,4.987000,4.965000,4.824000,5.022000,5.024000
17,3,0,5.446600,5.535000,5.449000,5.269000,5.430000,5.550000
17,4,0,4.828000,4.734000,4.881000,4.773000,4.872000,4.880000
17,5,0,5.034800,5.112000,4.989000,4.933000,4.919000,5.221000
17,6,0,5.191800,5.188000,5.106000,5.011000,5.320000,5.334000
17,7,0,4.682200,4.657000,4.537000,4.696000,4.812000,4.709000
17,8,0,5.175000,5.154000,5.251000,5.125000,5.091000,5.254000
17,9,0,5.354400,5.397000,5.335000,5.210000,5.362000,5.468000
17,10,0,4.920200,4.909000,4.864000,4.929000,4.926000,4.973000
17,11,0,4.831200,4.672000,4.856000,4.908000,4.868000,4.852000
17,12,0,4.589200,4.545000,4.527000,4.580000,4.517000,4.777000
17,13,0,4.954800,4.927000,4.956000,4.849000,5.047000,4.995000
17,14,0,5.734800,5.748000,5.739000,5.677000,5.637000,5.873000
17,15,0,5.150800,5.157000,5.045000,5.066000,5.201000,5.285000
17,16,0,5.387200,5.304000,5.487000,5.288000,5.404000,5.453000
17,17,0,5.064400,5.122000,5.101000,4.945000,5.030000,5.124000
17,18,0,4.960600,4.892000,4.990000,4.934000,4.970000,5.017000
17,19,0,4.565400,4.653000,4.600000,4.463000,4.478000,4.633000
17,20,0,4.720800,4.668000,4.780000,4.741000,4.690000,4.725000
17,21,0,4.978600,5.003000,4.906000,4.957000,4.960000,5.067000
17,22,0,5.015400,4.972000,4.973000,4.886000,5.124000,5.122000
17,23,0,4.851200,4.809000,4.895000,4.756000,4.757000,5.039000
17,24,0,4.857200,4.887000,4.732000,4.749000,4.903000,5.015000
17,25,0,4.694000,4.522000,4.657000,4.695000,4.747000,4.849000
17,26,0,4.837000,4.929000,4.749000,4.764000,4.836000,4.907000
17,27,0,4.380000,4.540000,4.279000,4.434000,4.355000,4.292000
17,28,0,4.995200,4.963000,4.963000,4.859000,5.073000,5.118000
17,29,0,4.997400,4.996000,4.966000,4.924000,5.014000,5.087000
17,30,0,4.356800,4.396000,4.362000,4.320000,4.327000,4.379000
17,31,0,4.957600,4.943000,4.925000,4.955000,4.916000,5.049000
17,32,0,4.963800,4.951000,4.934000,4.919000,4.953000,5.062000
17,33,0,5.348200,5.161000,5.380000,5.392000,5.345000,5.463000
17,34,0,5.364400,5.418000,5.274000,5.318000,5.375000,5.437000
17,35,0,4.996200,4.904000,4.863000,5.059000,4.982000,5.173000
17,36,0,5.060400,5.010000,5.056000,5.020000,5.092000,5.124000
17,37,0,4.798400,4.755000,4.673000,4.779000,5.013000,4.772000
17,38,0,4.539400,4.452000,4.618000,4.446000,4.507000,4.674000
17,39,0,4.638200,4.607000,4.582000,4.631000,4.591000,4.780000
17,40,0,4.918400,4.816000,4.942000,4.896000,4.999000,4.939000
17,41,0,4.779200,4.818000,4.729000,4.684000,4.738000,4.927000
17,42,0,4.765200,4.678000,4.789000,4.637000,4.815000,4.907000
17,43,0,4.888200,4.925000,4.709000,4.816000,5.025000,4.966000
17,44,0,5.029800,4.947000,5.013000,4.975000,5.057000,5.157000
17,45,0,4.583000,4.493000,4.599000,4.689000,4.473000,4.661000
17,46,0,4.836600,4.857000,4.766000,4.736000,4.860000,4.964000
17,47,0,5.066200,4.955000,5.133000,4.942000,5.111000,5.190000
17,48,0,5.004200,5.005000,4.970000,4.841000,5.109000,5.096000
17,49,0,4.780000,4.672000,4.721000,4.727000,4.795000,4.985000
17,50,0,5.309200,5.280000,5.352000,5.246000,5.222000,5.446000
17,51,0,4.848200,4.781000,4.940000,4.758000,4.823000,4.939000
17,52,0,4.520200,4.533000,4.367000,4.444000,4.601000,4.656000
17,53,0,4.656200,4.663000,4.655000,4.698000,4.559000,4.706000
17,54,0,5.372600,5.434000,5.220000,5.249000,5.468000,5.492000
17,55,0,4.676200,4.607000,4.671000,4.605000,4.690000,4.808000
17,56,0,4.697200,4.759000,4.540000,4.790000,4.633000,4.764000
17,57,0,5.100000,5.035000,5.061000,5.071000,5.148000,5.185000
17,58,0,5.062800,4.999000,5.048000,4.955000,5.088000,5.224000
17,59,0,4.782200,4.808000,4.761000,4.625000,4.856000,4.861000
17,60,0,5.093600,4.948000,5.060000,5.056000,5.088000,5.316000
17,61,0,5.033400,5.061000,4.913000,5.024000,4.958000,5.211000
17,62,0,4.663400,4.643000,4.667000,4.562000,4.663000,4.782000
17,63,0,5.138600,5.209000,5.203000,5.001000,5.198000,5.082000
17,64,0,5.090200,5.066000,5.152000,4.965000,5.096000,5.172000
17,65,0,5.364400,5.330000,5.316000,5.368000,5.400000,5.408000
17,66,0,4.978400,5.014000,4.929000,4.891000,5.012000,5.046000
17,67,0,4.986200,5.022000,4.826000,4.969000,5.045000,5.069000
17,68,0,4.827400,4.844000,4.899000,4.640000,4.794000,4.960000
17,69,0,5.195200,5.138000,5.212000,5.114000,5.191000,5.321000
17,70,0,4.813000,4.728000,4.774000,4.793000,4.758000,5.012000
17,71,0,5.264800,5.292000,5.146000,5.109000,5.385000,5.392000
17,72,0,4.787600,4.829000,4.817000,4.673000,4.749000,4.870000
17,73,0,4.850400,4.893000,4.819000,4.798000,4.896000,4.846000
17,74,0,5.265800,5.221000,5.304000,5.208000,5.196000,5.400000
17,75,0,5.226600,5.270000,5.265000,5.063000,5.271000,5.264000
17,76,0,4.832600,4.909000,4.756000,4.716000,4.961000,4.821000
17,77,0,5.513400,5.536000,5.572000,5.413000,5.478000,5.568000
17,78,0,4.894800,4.847000,4.811000,4.800000,5.006000,5.010000
17,79,0,5.249400,5.208000,5.210000,5.118000,5.349000,5.362000
17,80,0,4.821800,4.761000,4.872000,4.666000,4.772000,5.038000
17,81,0,4.803400,4.798000,4.713000,4.750000,4.757000,4.999000
17,82,0,4.984200,4.951000,4.855000,4.879000,4.961000,5.275000
17,83,0,5.120400,4.977000,5.059000,5.192000,5.143000,5.231000
17,84,0,4.819800,4.850000,4.811000,4.725000,4.822000,4.891000
17,85,0,4.673000,4.661000,4.659000,4.552000,4.725000,4.768000
17,86,0,4.942800,4.906000,4.961000,4.925000,4.924000,4.998000
17,87,0,4.619200,4.615000,4.724000,4.494000,4.562000,4.701000
17,88,0,5.349000,5.471000,5.214000,5.289000,5.362000,5.409000
17,89,0,5.060200,4.990000,5.027000,4.999000,5.166000,5.119000
17,90,0,4.822800,4.853000,4.795000,4.783000,4.841000,4.842000
17,91,0,5.490600,5.335000,5.523000,5.415000,5.563000,5.617000
17,92,0,4.759400,4.810000,4.756000,4.570000,4.751000,4.910000
17,93,0,4.973800,4.956000,4.933000,4.958000,5.035000,4.987000
17,94,0,4.780200,4.770000,4.755000,4.675000,4.879000,4.822000
17,95,0,4.893600,4.859000,4.860000,4.794000,4.868000,5.087000
17,96,0,5.117600,5.061000,5.087000,5.036000,5.177000,5.227000
17,97,0,4.869600,4.879000,4.975000,4.836000,4.708000,4.950000
17,98,0,5.450800,5.569000,5.251000,5.377000,5.530000,5.527000
17,99,0,5.120200,5.163000,4.934000,4.997000,5.260000,5.247000
18,0,0,5.168200,5.229000,5.237000,5.025000,5.164000,5.186000
18,1,0,4.865200,4.864000,4.971000,4.737000,4.934000,4.820000
18,2,0,4.973200,4.964000,5.177000,4.890000,4.950000,4.885000
18,3,0,5.025000,4.922000,5.121000,4.900000,5.183000,4.999000
18,4,0,4.951000,4.936000,5.091000,4.852000,4.987000,4.889000
18,5,0,5.290000,5.258000,5.351000,5.147000,5.391000,5.303000
18,6,0,5.012200,5.045000,5.104000,4.888000,5.051000,4.973000
18,7,0,5.081000,5.052000,5.151000,4.914000,5.077000,5.211000
18,8,0,5.210800,5.141000,5.152000,5.240000,5.274000,5.247000
18,9,0,4.798200,4.816000,4.820000,4.772000,4.829000,4.754000
18,10,0,5.196800,5.191000,5.240000,5.184000,5.205000,5.164000
18,11,0,4.960200,4.906000,5.061000,4.852000,5.046000,4.936000
18,12,0,4.854800,4.866000,4.948000,4.720000,4.888000,4.852000
18,13,0,5.367600,5.448000,5.543000,5.186000,5.309000,5.352000
18,14,0,4.837000,4.839000,4.827000,4.903000,4.820000,4.796000
18,15,0,5.401800,5.055000,5.663000,5.376000,5.523000,5.392000
18,16,0,4.905400,4.826000,4.978000,4.822000,4.996000,4.905000
18,17,0,5.395400,5.590000,5.164000,5.371000,5.540000,5.312000
18,18,0,4.766600,4.787000,4.807000,4.712000,4.746000,4.781000
18,19,0,5.031400,4.751000,5.270000,5.042000,5.113000,4.981000
18,20,0,5.287400,5.464000,5.300000,5.118000,5.299000,5.256000
18,21,0,5.414800,5.375000,5.392000,5.443000,5.476000,5.388000
18,22,0,4.839200,4.871000,4.933000,4.743000,4.910000,4.739000
18,23,0,4.565200,4.547000,4.542000,4.466000,4.666000,4.605000
18,24,0,5.002800,5.008000,5.205000,5.015000,5.005000,4.781000
18,25,0,5.145000,5.050000,5.189000,5.050000,5.304000,5.132000
18,26,0,4.949000,4.956000,5.054000,4.788000,5.058000,4.889000
18,27,0,5.075400,5.193000,5.077000,4.926000,5.092000,5.089000
18,28,0,4.790800,4.758000,4.859000,4.686000,4.880000,4.771000
18,29,0,4.951400,4.929000,5.028000,4.957000,5.004000,4.839000
18,30,0,5.346800,5.347000,5.334000,5.452000,5.346000,5.255000
18,31,0,5.196400,5.101000,5.227000,5.145000,5.387000,5.122000
18,32,0,4.976600,4.944000,5.028000,4.839000,5.161000,4.911000
18,33,0,4.708200,4.739000,4.819000,4.573000,4.759000,4.651000
18,34,0,4.690400,4.673000,4.800000,4.674000,4.628000,4.677000
18,35,0,5.130400,5.004000,5.245000,4.994000,5.157000,5.252000
18,36,0,5.171400,5.260000,5.249000,5.025000,5.221000,5.102000
18,37,0,4.913800,4.852000,4.931000,4.960000,5.050000,4.776000
18,38,0,4.765600,4.807000,4.974000,4.526000,4.796000,4.725000
18,39,0,5.181800,5.273000,5.254000,5.096000,5.154000,5.132000
18,40,0,5.112600,5.187000,5.054000,5.149000,5.166000,5.007000
18,41,0,5.097600,5.081000,5.155000,5.082000,5.134000,5.036000
18,42,0,5.063600,5.049000,5.155000,4.938000,5.180000,4.996000
18,43,0,4.966600,5.000000,4.916000,5.030000,4.971000,4.916000
18,44,0,4.916000,4.747000,5.167000,4.662000,4.956000,5.048000
18,45,0,4.919600,4.976000,4.857000,4.774000,5.120000,4.871000
18,46,0,5.142200,5.197000,5.196000,5.110000,5.048000,5.160000
18,47,0,4.526000,4.511000,4.579000,4.441000,4.643000,4.456000
18,48,0,5.300400,5.245000,5.223000,5.351000,5.378000,5.305000
18,49,0,4.501000,4.432000,4.620000,4.578000,4.535000,4.340000
18,50,0,4.755800,4.812000,4.823000,4.712000,4.817000,4.615000
18,51,0,5.339200,5.249000,5.439000,5.322000,5.509000,5.177000
18,52,0,5.384600,5.336000,5.667000,5.249000,5.402000,5.269000
18,53,0,4.845600,4.821000,4.896000,4.758000,4.898000,4.855000
18,54,0,5.288400,5.226000,5.342000,5.296000,5.379000,5.199000
18,55,0,5.172600,5.227000,5.250000,5.113000,5.128000,5.145000
18,56,0,5.224600,5.119000,5.407000,5.174000,5.335000,5.088000
18,57,0,5.005600,5.056000,5.085000,4.962000,4.986000,4.939000
18,58,0,5.741200,5.721000,5.922000,5.671000,5.764000,5.628000
18,59,0,5.512800,5.575000,5.575000,5.423000,5.564000,5.427000
18,60,0,5.269200,5.072000,5.422000,5.252000,5.313000,5.287000
18,61,0,4.810400,4.964000,4.891000,4.611000,4.810000,4.776000
18,62,0,5.051600,5.061000,5.211000,4.866000,5.104000,5.016000
18,63,0,5.074600,4.958000,5.172000,5.071000,5.133000,5.039000
18,64,0,5.255600,5.212000,5.322000,5.181000,5.356000,5.207000
18,65,0,4.998000,5.184000,4.709000,4.971000,5.174000,4.952000
18,66,0,5.056400,5.126000,5.031000,4.962000,5.146000,5.017000
18,67,0,5.150400,5.036000,5.278000,5.172000,5.124000,5.142000
18,68,0,5.075400,4.954000,5.145000,5.035000,5.163000,5.080000
18,69,0,4.658000,4.712000,4.777000,4.593000,4.699000,4.509000
18,70,0,5.361600,5.215000,5.387000,5.309000,5.468000,5.429000
18,71,0,5.119000,5.196000,5.222000,4.988000,5.261000,4.928000
18,72,0,5.150200,5.140000,5.217000,5.137000,5.165000,5.092000
18,73,0,4.852000,4.875000,4.876000,4.768000,4.919000,4.822000
18,74,0,4.817200,4.733000,4.908000,4.796000,4.860000,4.789000
18,75,0,5.064200,4.954000,5.142000,4.904000,5.213000,5.108000
18,76,0,4.992000,5.029000,4.936000,4.897000,5.097000,5.001000
18,77,0,4.987200,4.971000,4.965000,4.939000,5.198000,4.863000
18,78,0,5.369200,5.182000,5.573000,5.429000,5.295000,5.367000
18,79,0,5.305400,5.292000,5.366000,5.302000,5.409000,5.158000
18,80,0,4.535200,4.621000,4.649000,4.579000,4.460000,4.367000
18,81,0,5.161600,5.160000,5.239000,5.041000,5.258000,5.110000
18,82,0,4.889800,4.782000,5.030000,4.733000,5.072000,4.832000
18,83,0,5.158400,5.195000,5.214000,5.103000,5.162000,5.118000
18,84,0,4.916800,4.935000,4.974000,4.967000,4.874000,4.834000
18,85,0,5.317400,5.286000,5.440000,5.183000,5.363000,5.315000
18,86,0,5.044000,4.943000,5.144000,4.948000,5.286000,4.899000
18,87,0,5.009600,4.940000,5.045000,4.957000,5.075000,5.031000
18,88,0,4.964400,5.037000,4.984000,4.938000,5.101000,4.762000
18,89,0,5.097000,4.758000,5.187000,5.133000,5.312000,5.095000
18,90,0,4.804000,4.653000,4.901000,4.799000,4.914000,4.753000
18,91,0,5.275200,5.301000,5.333000,5.102000,5.398000,5.242000
18,92,0,4.867800,4.992000,4.908000,4.798000,4.829000,4.812000
18,93,0,4.759800,4.705000,4.859000,4.727000,4.979000,4.529000
18,94,0,5.316000,5.342000,5.422000,5.276000,5.322000,5.218000
18,95,0,5.113000,5.209000,5.166000,5.073000,5.138000,4.979000
18,96,0,5.319000,5.309000,5.372000,5.277000,5.384000,5.253000
18,97,0,4.819600,4.783000,4.813000,4.762000,4.954000,4.786000
18,98,0,5.364000,5.259000,5.466000,5.361000,5.366000,5.368000
18,99,0,4.718400,4.632000,4.844000,4.716000,4.818000,4.582000
19,0,0,4.968200,4.992000,5.026000,5.138000,4.885000,4.800000
19,1,0,4.956000,4.856000,5.024000,4.897000,4.993000,5.010000
19,2,0,4.990400,5.063000,4.942000,5.002000,5.057000,4.888000
19,3,0,5.181000,5.100000,5.155000,5.182000,5.260000,5.208000
19,4,0,5.074000,5.085000,5.022000,5.021000,5.106000,5.136000
19,5,0,5.106800,5.010000,5.052000,5.121000,5.244000,5.107000
19,6,0,4.746400,4.877000,4.614000,4.758000,4.756000,4.727000
19,7,0,4.824800,4.827000,4.758000,4.884000,4.799000,4.856000
19,8,0,5.098000,4.924000,5.250000,5.116000,5.151000,5.049000
19,9,0,4.815400,4.566000,5.062000,4.968000,4.731000,4.750000
19,10,0,5.108800,5.226000,5.043000,5.100000,5.068000,5.107000
19,11,0,5.304800,5.146000,5.399000,5.331000,5.423000,5.225000
19,12,0,5.335000,5.273000,5.348000,5.468000,5.339000,5.247000
19,13,0,5.430800,5.433000,5.381000,5.524000,5.417000,5.399000
19,14,0,5.095800,5.104000,5.198000,5.010000,5.204000,4.963000
19,15,0,5.362800,5.283000,5.437000,5.417000,5.342000,5.335000
19,16,0,4.618800,4.566000,4.689000,4.479000,4.673000,4.687000
19,17,0,4.690000,4.700000,4.695000,4.714000,4.712000,4.629000
19,18,0,5.262200,5.215000,5.278000,5.289000,5.320000,5.209000
19,19,0,4.882000,4.952000,4.955000,4.845000,4.792000,4.866000
19,20,0,4.668800,4.634000,4.568000,4.619000,4.781000,4.742000
19,21,0,4.383000,4.371000,4.428000,4.385000,4.426000,4.305000
19,22,0,5.276000,5.200000,5.306000,5.347000,5.273000,5.254000
19,23,0,4.885200,4.820000,4.797000,5.029000,4.904000,4.876000
19,24,0,4.877000,4.905000,4.895000,4.849000,4.851000,4.885000
19,25,0,4.935800,4.992000,4.888000,4.952000,4.891000,4.956000
19,26,0,4.961600,4.927000,4.995000,4.999000,5.016000,4.871000
19,27,0,5.049800,4.981000,5.109000,5.030000,5.141000,4.988000
19,28,0,5.767800,5.775000,5.897000,5.618000,5.884000,5.665000
19,29,0,5.076000,5.013000,5.100000,5.067000,5.091000,5.109000
19,30,0,5.097600,5.073000,5.073000,5.190000,5.137000,5.015000
19,31,0,5.018400,5.007000,4.883000,5.142000,5.100000,4.960000
19,32,0,5.045400,5.084000,5.015000,5.090000,5.015000,5.023000
19,33,0,5.243000,5.437000,5.227000,5.140000,5.193000,5.218000
19,34,0,4.979800,4.866000,4.969000,5.115000,5.078000,4.871000
19,35,0,5.458800,5.505000,5.476000,5.433000,5.466000,5.414000
19,36,0,4.938600,4.843000,5.080000,4.950000,4.952000,4.868000
19,37,0,5.172600,5.098000,5.205000,5.218000,5.128000,5.214000
19,38,0,5.197000,5.224000,5.242000,5.160000,5.262000,5.097000
19,39,0,4.752600,4.824000,4.715000,4.771000,4.678000,4.775000
19,40,0,4.951000,4.896000,4.868000,5.122000,4.986000,4.883000
19,41,0,5.309200,5.225000,5.292000,5.322000,5.374000,5.333000
19,42,0,4.907800,4.971000,4.915000,4.960000,4.881000,4.812000
19,43,0,5.148200,5.135000,5.259000,5.240000,5.138000,4.969000
19,44,0,4.904800,4.840000,4.907000,4.855000,5.027000,4.895000
19,45,0,5.229200,5.258000,5.143000,5.300000,5.246000,5.199000
19,46,0,4.612000,4.512000,4.595000,4.663000,4.634000,4.656000
19,47,0,5.210600,5.192000,5.198000,5.213000,5.167000,5.283000
19,48,0,5.153400,5.189000,5.038000,5.247000,5.179000,5.114000
19,49,0,5.362800,5.349000,5.408000,5.384000,5.389000,5.284000
19,50,0,5.127800,5.115000,5.116000,5.138000,5.124000,5.146000
19,51,0,5.425000,5.290000,5.513000,5.575000,5.424000,5.323000
19,52,0,5.100800,5.156000,5.142000,5.094000,5.000000,5.112000
19,53,0,5.493200,5.452000,5.515000,5.607000,5.470000,5.422000
19,54,0,5.142600,5.175000,5.136000,5.148000,5.130000,5.124000
19,55,0,5.072800,5.116000,5.132000,5.185000,4.962000,4.969000
19,56,0,4.861600,4.814000,4.786000,4.910000,4.922000,4.876000
19,57,0,4.825800,4.705000,4.950000,4.895000,4.792000,4.787000
19,58,0,5.236200,5.122000,5.450000,5.126000,5.295000,5.188000
19,59,0,4.538000,4.384000,4.649000,4.540000,4.614000,4.503000
19,60,0,4.909600,4.945000,4.878000,4.859000,4.993000,4.873000
19,61,0,5.546000,5.558000,5.592000,5.594000,5.614000,5.372000
19,62,0,4.976400,4.984000,5.010000,4.928000,4.991000,4.969000
19,63,0,4.852800,4.800000,4.846000,4.928000,4.950000,4.740000
19,64,0,5.703200,5.696000,5.728000,5.771000,5.706000,5.615000
19,65,0,5.025800,5.059000,4.980000,5.148000,4.985000,4.957000
19,66,0,5.332800,5.275000,5.304000,5.443000,5.277000,5.365000
19,67,0,5.030600,5.038000,4.953000,5.015000,5.113000,5.034000
19,68,0,5.365800,5.348000,5.383000,5.360000,5.337000,5.401000
19,69,0,5.399800,5.457000,5.420000,5.415000,5.442000,5.265000
19,70,0,5.324400,5.321000,5.450000,5.312000,5.406000,5.133000
19,71,0,4.891400,4.833000,4.928000,4.974000,4.950000,4.772000
19,72,0,5.255200,5.207000,5.213000,5.348000,5.295000,5.213000
19,73,0,5.131800,5.116000,5.101000,5.306000,5.225000,4.911000
19,74,0,5.366400,5.310000,5.285000,5.342000,5.467000,5.428000
19,75,0,5.236400,5.211000,5.197000,5.252000,5.316000,5.206000
19,76,0,5.322400,5.283000,5.396000,5.384000,5.261000,5.288000
19,77,0,5.258600,5.308000,5.399000,5.281000,5.052000,5.253000
19,78,0,4.787400,4.753000,4.840000,4.874000,4.753000,4.717000
19,79,0,5.460800,5.477000,5.481000,5.388000,5.555000,5.403000
19,80,0,4.789400,4.830000,4.898000,4.784000,4.695000,4.740000
19,81,0,5.206800,5.293000,5.265000,5.208000,5.223000,5.045000
19,82,0,5.218600,5.174000,5.218000,5.204000,5.335000,5.162000
19,83,0,4.817000,4.747000,4.811000,4.901000,4.826000,4.800000
19,84,0,5.079600,5.094000,5.080000,4.978000,5.163000,5.083000
19,85,0,4.964400,4.916000,5.008000,4.910000,5.045000,4.943000
19,86,0,5.200600,5.133000,5.256000,5.145000,5.276000,5.193000
19,87,0,4.866600,4.811000,4.958000,4.948000,4.875000,4.741000
19,88,0,5.098000,5.105000,5.160000,4.993000,5.108000,5.124000
19,89,0,5.341400,5.479000,5.187000,5.497000,5.205000,5.339000
19,90,0,5.384000,5.410000,5.375000,5.445000,5.464000,5.226000
19,91,0,5.301600,5.305000,5.252000,5.385000,5.362000,5.204000
19,92,0,4.913000,4.979000,4.911000,4.943000,4.814000,4.918000
19,93,0,5.249600,5.175000,5.303000,5.248000,5.339000,5.183000
19,94,0,5.383600,5.388000,5.334000,5.278000,5.494000,5.424000
19,95,0,5.220400,5.408000,5.230000,5.207000,5.189000,5.068000
19,96,0,5.337200,5.376000,5.342000,5.287000,5.363000,5.318000
19,97,0,5.170800,5.187000,5.104000,5.189000,5.173000,5.201000
19,98,0,5.085400,5.206000,5.141000,5.024000,5.048000,5.008000
19,99,0,5.204800,5.130000,5.249000,5.224000,5.213000,5.208000
20,0,0,4.753600,4.889000,4.816000,4.522000,4.851000,4.690000
20,1,0,4.436000,4.520000,4.484000,4.244000,4.504000,4.428000
20,2,0,5.562600,5.691000,5.509000,5.480000,5.494000,5.639000
20,3,0,5.295200,5.416000,5.300000,5.126000,5.353000,5.281000
20,4,0,5.101200,5.306000,4.982000,5.053000,5.157000,5.008000
20,5,0,5.306800,5.430000,5.350000,5.142000,5.258000,5.354000
20,6,0,5.234400,5.359000,5.115000,5.056000,5.312000,5.330000
20,7,0,4.884000,5.036000,4.895000,4.760000,4.967000,4.762000
20,8,0,4.807200,4.866000,4.871000,4.712000,4.778000,4.809000
20,9,0,5.075200,5.276000,5.056000,4.915000,5.032000,5.097000
20,10,0,4.787600,4.937000,4.846000,4.540000,4.877000,4.738000
20,11,0,5.218800,5.326000,5.237000,5.159000,5.186000,5.186000
20,12,0,5.116200,5.149000,5.163000,4.950000,5.195000,5.124000
20,13,0,5.167400,5.349000,5.191000,5.001000,5.171000,5.125000
20,14,0,5.044200,5.073000,5.103000,4.925000,5.076000,5.044000
20,15,0,5.146000,5.262000,5.156000,5.093000,5.163000,5.056000
20,16,0,5.502800,5.603000,5.461000,5.523000,5.489000,5.438000
20,17,0,5.505200,5.671000,5.430000,5.512000,5.592000,5.321000
20,18,0,5.357800,5.484000,5.421000,5.340000,5.255000,5.289000
20,19,0,5.222400,5.285000,5.346000,5.344000,5.005000,5.132000
20,20,0,5.168600,5.180000,5.069000,5.064000,5.264000,5.266000
20,21,0,5.074800,5.245000,5.090000,4.962000,4.951000,5.126000
20,22,0,4.963200,5.127000,5.064000,4.610000,5.003000,5.012000
20,23,0,5.172400,5.309000,5.130000,5.020000,5.190000,5.213000
20,24,0,5.595400,5.649000,5.726000,5.459000,5.598000,5.545000
20,25,0,5.306200,5.454000,5.316000,5.191000,5.275000,5.295000
20,26,0,5.327800,5.412000,5.226000,5.207000,5.313000,5.481000
20,27,0,4.877200,4.959000,4.968000,4.742000,4.891000,4.826000
20,28,0,5.286800,5.210000,5.241000,5.235000,5.415000,5.333000
20,29,0,5.605000,5.699000,5.649000,5.577000,5.559000,5.541000
20,30,0,5.021400,5.097000,4.952000,4.870000,5.073000,5.115000
20,31,0,4.890200,5.099000,4.898000,4.678000,4.943000,4.833000
20,32,0,5.563200,5.598000,5.606000,5.490000,5.567000,5.555000
20,33,0,5.065400,5.165000,4.984000,5.015000,5.032000,5.131000
20,34,0,5.032200,5.105000,4.984000,4.975000,5.111000,4.986000
20,35,0,4.735400,4.588000,4.940000,4.754000,4.824000,4.571000
20,36,0,5.287600,5.446000,5.235000,5.169000,5.228000,5.360000
20,37,0,5.241200,5.323000,5.259000,5.148000,5.221000,5.255000
20,38,0,4.776600,4.712000,4.885000,4.599000,4.879000,4.808000
20,39,0,5.146400,5.333000,5.067000,4.968000,5.158000,5.206000
20,40,0,5.074600,5.076000,5.092000,4.809000,5.246000,5.150000
20,41,0,5.457400,5.583000,5.499000,5.296000,5.354000,5.555000
20,42,0,5.489800,5.609000,5.331000,5.584000,5.658000,5.267000
20,43,0,5.013000,5.121000,4.997000,4.910000,4.981000,5.056000
20,44,0,5.182600,5.239000,5.258000,5.023000,5.198000,5.195000
20,45,0,5.131200,5.138000,5.135000,4.961000,5.270000,5.152000
20,46,0,5.709200,5.845000,5.706000,5.700000,5.602000,5.693000
20,47,0,4.766000,4.824000,4.827000,4.554000,4.851000,4.774000
20,48,0,5.346800,5.490000,5.189000,5.261000,5.443000,5.351000
20,49,0,4.832800,4.958000,4.782000,4.694000,4.920000,4.810000
20,50,0,5.303400,5.452000,5.339000,5.054000,5.316000,5.356000
20,51,0,5.152400,5.277000,5.187000,5.073000,5.104000,5.121000
20,52,0,5.385600,5.566000,5.373000,5.231000,5.324000,5.434000
20,53,0,4.977200,4.966000,5.022000,4.817000,5.075000,5.006000
20,54,0,5.047600,5.158000,5.045000,4.962000,5.044000,5.029000
20,55,0,5.272000,5.409000,5.311000,5.091000,5.247000,5.302000
20,56,0,5.347000,5.320000,5.422000,5.385000,5.151000,5.457000
20,57,0,5.284000,5.393000,5.140000,5.153000,5.355000,5.379000
20,58,0,4.654600,4.762000,4.730000,4.533000,4.556000,4.692000
20,59,0,5.083200,5.181000,4.953000,4.982000,5.138000,5.162000
20,60,0,5.660600,5.809000,5.613000,5.653000,5.663000,5.565000
20,61,0,4.815800,4.801000,4.873000,4.630000,4.835000,4.940000
20,62,0,5.260200,5.410000,5.422000,4.989000,5.276000,5.204000
20,63,0,4.682000,4.699000,4.727000,4.521000,4.689000,4.774000
20,64,0,5.478600,5.642000,5.611000,5.484000,5.331000,5.325000
20,65,0,5.041600,5.163000,5.105000,4.978000,4.987000,4.975000
20,66,0,5.056200,5.217000,5.066000,4.998000,4.878000,5.122000
20,67,0,5.322800,5.497000,5.322000,5.113000,5.378000,5.304000
20,68,0,4.960000,5.118000,4.882000,4.998000,4.886000,4.916000
20,69,0,5.138200,5.156000,5.183000,4.998000,5.203000,5.151000
20,70,0,5.194000,5.299000,5.089000,5.151000,5.172000,5.259000
20,71,0,5.390200,5.387000,5.435000,5.317000,5.507000,5.305000
20,72,0,5.319600,5.452000,5.336000,5.159000,5.355000,5.296000
20,73,0,4.914400,4.985000,5.031000,4.872000,4.825000,4.859000
20,74,0,5.132800,5.279000,5.128000,5.035000,5.110000,5.112000
20,75,0,5.140800,5.207000,5.075000,5.118000,5.087000,5.217000
20,76,0,4.720800,4.852000,4.702000,4.497000,4.802000,4.751000
20,77,0,5.155800,5.252000,5.163000,5.134000,5.169000,5.061000
20,78,0,5.578800,5.749000,5.627000,5.360000,5.577000,5.581000
20,79,0,4.951600,5.094000,5.033000,4.833000,4.963000,4.835000
20,80,0,5.480800,5.638000,5.511000,5.404000,5.410000,5.441000
20,81,0,4.896000,5.082000,4.958000,4.640000,4.827000,4.973000
20,82,0,5.052800,5.199000,5.008000,4.869000,5.141000,5.047000
20,83,0,4.934800,4.962000,5.050000,4.716000,4.961000,4.985000
20,84,0,5.044000,5.215000,4.966000,4.958000,5.013000,5.068000
20,85,0,5.196600,5.282000,5.347000,5.108000,5.114000,5.132000
20,86,0,5.062200,5.231000,4.957000,5.000000,4.934000,5.189000
20,87,0,5.233600,5.255000,5.208000,5.147000,5.301000,5.257000
20,88,0,5.009600,5.137000,5.064000,4.867000,4.967000,5.013000
20,89,0,5.363600,5.433000,5.333000,5.252000,5.414000,5.386000
20,90,0,4.421800,4.574000,4.414000,4.241000,4.427000,4.453000
20,91,0,5.141400,5.217000,5.157000,5.011000,5.218000,5.104000
20,92,0,4.788000,4.983000,4.835000,4.453000,4.926000,4.743000
20,93,0,5.302200,5.367000,5.283000,5.260000,5.245000,5.356000
20,94,0,5.543400,5.670000,5.597000,5.469000,5.442000,5.539000
20,95,0,5.011800,5.144000,5.034000,4.790000,4.969000,5.122000
20,96,0,5.551600,5.642000,5.564000,5.447000,5.497000,5.608000
20,97,0,5.555400,5.563000,5.653000,5.355000,5.633000,5.573000
20,98,0,5.094400,5.161000,5.116000,4.887000,5.051000,5.257000
20,99,0,5.374600,5.424000,5.437000,5.192000,5.323000,5.497000
21,0,0,5.397400,5.648000,5.297000,5.239000,5.403000,5.400000
21,1,0,5.096800,5.463000,4.903000,4.896000,5.359000,4.863000
21,2,0,4.993600,5.075000,5.213000,4.878000,4.968000,4.834000
21,3,0,5.382800,5.542000,5.400000,5.328000,5.326000,5.318000
21,4,0,5.441400,5.529000,5.533000,5.393000,5.317000,5.435000
21,5,0,5.461200,5.452000,5.525000,5.460000,5.441000,5.428000
21,6,0,5.289800,5.354000,5.361000,5.306000,5.153000,5.275000
21,7,0,5.067200,5.193000,5.208000,4.994000,5.035000,4.906000
21,8,0,5.366200,5.282000,5.224000,5.515000,5.411000,5.399000
21,9,0,5.360000,5.474000,5.435000,5.266000,5.246000,5.379000
21,10,0,5.543200,5.738000,5.578000,5.353000,5.543000,5.504000
21,11,0,5.202600,5.088000,5.441000,5.173000,5.192000,5.119000
21,12,0,4.764200,4.940000,4.887000,4.622000,4.627000,4.745000
21,13,0,5.272600,5.344000,5.371000,5.177000,5.275000,5.196000
21,14,0,5.255600,5.410000,5.145000,4.974000,5.419000,5.330000
21,15,0,5.486600,5.814000,5.171000,5.201000,5.691000,5.556000
21,16,0,4.862600,4.882000,5.039000,4.799000,4.688000,4.905000
21,17,0,5.252600,5.367000,5.365000,5.186000,5.285000,5.060000
21,18,0,5.114000,5.132000,5.263000,5.056000,5.112000,5.007000
21,19,0,5.356000,5.394000,5.510000,5.303000,5.276000,5.297000
21,20,0,5.376200,5.381000,5.515000,5.356000,5.211000,5.418000
21,21,0,5.442000,5.446000,5.421000,5.395000,5.417000,5.531000
21,22,0,5.494600,5.638000,5.552000,5.412000,5.564000,5.307000
21,23,0,5.004200,5.075000,5.073000,4.975000,4.882000,5.016000
21,24,0,5.397400,5.433000,5.489000,5.364000,5.296000,5.405000
21,25,0,5.005600,5.003000,5.156000,4.930000,4.903000,5.036000
21,26,0,5.028200,5.125000,5.081000,4.977000,4.916000,5.042000
21,27,0,5.505800,5.554000,5.459000,5.445000,5.496000,5.575000
21,28,0,5.016800,5.039000,5.153000,4.846000,5.047000,4.999000
21,29,0,5.334800,5.362000,5.411000,5.347000,5.278000,5.276000
21,30,0,5.440400,5.389000,5.591000,5.386000,5.434000,5.402000
21,31,0,5.238800,5.250000,5.412000,5.176000,5.204000,5.152000
21,32,0,4.799200,5.043000,4.888000,4.735000,4.681000,4.649000
21,33,0,5.536200,5.705000,5.586000,5.392000,5.497000,5.501000
21,34,0,5.421800,5.438000,5.428000,5.438000,5.431000,5.374000
21,35,0,5.549600,5.686000,5.606000,5.496000,5.529000,5.431000
21,36,0,5.207600,5.236000,5.194000,5.182000,5.204000,5.222000
21,37,0,5.603800,5.726000,5.566000,5.471000,5.656000,5.600000
21,38,0,5.345000,5.413000,5.428000,5.274000,5.444000,5.166000
21,39,0,5.609000,5.754000,5.620000,5.463000,5.613000,5.595000
21,40,0,4.856000,4.968000,4.956000,4.751000,4.731000,4.874000
21,41,0,5.427200,5.557000,5.413000,5.290000,5.416000,5.460000
21,42,0,5.589200,5.702000,5.311000,5.463000,5.750000,5.720000
21,43,0,5.537000,5.636000,5.579000,5.587000,5.429000,5.454000
21,44,0,4.985600,5.141000,4.864000,4.616000,5.414000,4.893000
21,45,0,5.257000,5.422000,5.444000,5.107000,5.174000,5.138000
21,46,0,5.599800,5.739000,5.507000,5.454000,5.722000,5.577000
21,47,0,5.472200,5.554000,5.500000,5.349000,5.592000,5.366000
21,48,0,5.488600,5.525000,5.552000,5.532000,5.364000,5.470000
21,49,0,5.074200,4.995000,5.152000,4.956000,5.144000,5.124000
21,50,0,5.149800,5.297000,5.047000,5.115000,5.163000,5.127000
21,51,0,5.119200,5.239000,5.279000,4.941000,5.041000,5.096000
21,52,0,5.348600,5.419000,5.441000,5.286000,5.295000,5.302000
21,53,0,5.349600,5.423000,5.508000,5.385000,5.161000,5.271000
21,54,0,4.783800,4.753000,4.957000,4.704000,4.671000,4.834000
21,55,0,5.415400,5.576000,5.396000,5.342000,5.386000,5.377000
21,56,0,5.323600,5.234000,5.471000,5.431000,5.255000,5.227000
21,57,0,5.017800,5.214000,5.197000,4.932000,4.918000,4.828000
21,58,0,5.034400,5.225000,5.184000,4.860000,4.913000,4.990000
21,59,0,4.990800,5.020000,5.226000,4.851000,4.886000,4.971000
21,60,0,5.107400,5.263000,5.430000,4.995000,4.798000,5.051000
21,61,0,5.307600,5.410000,5.444000,5.247000,5.298000,5.139000
21,62,0,4.828200,4.858000,4.946000,4.686000,4.909000,4.742000
21,63,0,5.016800,5.110000,5.151000,4.957000,4.984000,4.882000
21,64,0,5.542800,5.691000,5.637000,5.513000,5.414000,5.459000
21,65,0,5.761400,5.780000,5.930000,5.740000,5.686000,5.671000
21,66,0,5.600600,5.623000,5.713000,5.470000,5.641000,5.556000
21,67,0,5.126600,5.157000,5.232000,5.009000,5.130000,5.105000
21,68,0,5.674200,5.802000,5.795000,5.580000,5.652000,5.542000
21,69,0,5.440800,5.393000,5.595000,5.444000,5.405000,5.367000
21,70,0,5.646800,5.673000,5.794000,5.528000,5.582000,5.657000
21,71,0,5.445600,5.609000,5.622000,5.447000,5.272000,5.278000
21,72,0,5.266600,5.521000,5.347000,5.186000,5.097000,5.182000
21,73,0,5.159800,5.328000,5.195000,5.120000,5.016000,5.140000
21,74,0,5.482000,5.670000,5.227000,5.404000,5.626000,5.483000
21,75,0,5.091000,5.206000,5.146000,5.066000,5.065000,4.972000
21,76,0,5.447200,5.503000,5.610000,5.331000,5.456000,5.336000
21,77,0,5.339400,5.501000,5.414000,5.368000,5.267000,5.147000
21,78,0,5.291000,5.549000,5.213000,5.109000,5.280000,5.304000
21,79,0,4.920400,5.057000,4.987000,4.765000,4.883000,4.910000
21,80,0,4.937600,4.897000,5.177000,4.859000,4.863000,4.892000
21,81,0,4.877000,4.886000,4.942000,4.853000,4.863000,4.841000
21,82,0,4.926600,5.058000,5.048000,4.791000,4.954000,4.782000
21,83,0,5.194600,5.264000,5.248000,5.067000,5.317000,5.077000
21,84,0,5.107600,5.151000,5.359000,4.994000,5.040000,4.994000
21,85,0,5.151600,5.207000,5.287000,5.091000,5.143000,5.030000
21,86,0,5.831000,5.880000,5.839000,5.760000,5.872000,5.804000
21,87,0,5.074600,5.186000,5.173000,5.163000,4.947000,4.904000
21,88,0,4.755000,4.833000,4.954000,4.764000,4.617000,4.607000
21,89,0,4.971600,4.974000,5.143000,4.932000,4.850000,4.959000
21,90,0,5.137000,5.238000,5.125000,5.090000,5.058000,5.174000
21,91,0,5.329000,5.455000,5.441000,5.149000,5.327000,5.273000
21,92,0,5.090800,5.160000,5.150000,5.163000,5.025000,4.956000
21,93,0,5.790800,5.799000,5.810000,5.855000,5.829000,5.661000
21,94,0,5.264000,5.455000,5.162000,5.003000,5.405000,5.295000
21,95,0,5.051200,4.951000,5.101000,5.058000,5.386000,4.760000
21,96,0,4.932600,5.118000,5.086000,4.733000,4.882000,4.844000
21,97,0,4.651400,4.789000,4.728000,4.584000,4.425000,4.731000
21,98,0,5.378000,5.471000,5.414000,5.284000,5.352000,5.369000
21,99,0,5.309000,5.303000,5.355000,5.239000,5.372000,5.276000
22,0,0,5.121600,5.352000,5.110000,4.969000,5.124000,5.053000
22,1,0,5.849000,5.950000,5.811000,5.810000,5.910000,5.764000
22,2,0,5.620800,5.663000,5.648000,5.497000,5.601000,5.695000
22,3,0,5.338800,5.491000,5.307000,5.297000,5.252000,5.347000
22,4,0,5.576200,5.561000,5.545000,5.434000,5.610000,5.731000
22,5,0,4.555200,4.605000,4.645000,4.543000,4.571000,4.412000
22,6,0,5.144400,5.282000,5.243000,5.037000,5.029000,5.131000
22,7,0,5.109800,5.125000,5.187000,5.070000,5.062000,5.105000
22,8,0,4.967200,5.008000,5.030000,5.000000,4.874000,4.924000
22,9,0,5.569000,5.408000,5.573000,5.679000,5.557000,5.628000
22,10,0,5.209200,5.196000,5.264000,5.100000,5.338000,5.148000
22,11,0,5.068400,5.280000,5.154000,4.912000,5.052000,4.944000
22,12,0,5.332200,5.375000,5.474000,5.285000,5.481000,5.046000
22,13,0,5.292600,5.297000,5.451000,5.173000,5.362000,5.180000
22,14,0,5.805400,5.853000,5.813000,5.866000,5.837000,5.658000
22,15,0,5.767000,5.907000,5.755000,5.745000,5.777000,5.651000
22,16,0,5.307000,5.503000,5.349000,5.316000,5.317000,5.050000
22,17,0,5.346000,5.245000,5.476000,5.350000,5.253000,5.406000
22,18,0,5.313800,5.483000,5.438000,5.115000,5.266000,5.267000
22,19,0,5.229600,5.374000,5.253000,5.157000,5.161000,5.203000
22,20,0,5.474800,5.453000,5.482000,5.492000,5.574000,5.373000
22,21,0,5.541600,5.651000,5.572000,5.579000,5.496000,5.410000
22,22,0,5.875400,5.940000,5.807000,5.804000,5.831000,5.995000
22,23,0,5.519000,5.620000,5.570000,5.444000,5.454000,5.507000
22,24,0,5.053200,5.110000,5.022000,4.982000,5.089000,5.063000
22,25,0,5.188600,5.340000,5.152000,5.089000,5.208000,5.154000
22,26,0,5.699600,5.555000,5.723000,5.640000,5.793000,5.787000
22,27,0,5.582600,5.755000,5.561000,5.462000,5.584000,5.551000
22,28,0,5.216000,5.129000,5.342000,5.091000,5.260000,5.258000
22,29,0,5.633200,5.759000,5.619000,5.554000,5.638000,5.596000
22,30,0,5.499800,5.609000,5.461000,5.601000,5.451000,5.377000
22,31,0,5.078600,5.129000,5.205000,4.978000,5.096000,4.985000
22,32,0,5.602000,5.573000,5.586000,5.654000,5.570000,5.627000
22,33,0,5.660400,5.716000,5.663000,5.396000,5.818000,5.709000
22,34,0,5.906400,5.872000,5.889000,5.853000,5.934000,5.984000
22,35,0,5.297800,5.264000,5.324000,5.286000,5.349000,5.266000
22,36,0,5.113400,5.330000,5.154000,5.065000,5.083000,4.935000
22,37,0,5.116400,5.259000,5.215000,4.890000,5.182000,5.036000
22,38,0,5.429000,5.475000,5.520000,5.284000,5.446000,5.420000
22,39,0,5.306000,5.466000,5.275000,5.320000,5.325000,5.144000
22,40,0,5.389400,5.477000,5.427000,5.417000,5.320000,5.306000
22,41,0,5.182600,5.252000,5.235000,5.061000,5.142000,5.223000
22,42,0,5.644400,5.865000,5.529000,5.372000,5.693000,5.763000
22,43,0,5.463800,5.455000,5.575000,5.279000,5.489000,5.521000
22,44,0,4.922600,5.041000,4.920000,4.809000,4.935000,4.908000
22,45,0,5.226200,5.260000,5.285000,5.156000,5.274000,5.156000
22,46,0,5.478400,5.595000,5.401000,5.523000,5.458000,5.415000
22,47,0,5.269800,5.262000,5.257000,5.198000,5.470000,5.162000
22,48,0,5.330400,5.395000,5.468000,5.275000,5.286000,5.228000
22,49,0,5.321600,5.358000,5.331000,5.319000,5.250000,5.350000
22,50,0,5.739200,5.725000,5.697000,5.679000,5.783000,5.812000
22,51,0,5.419400,5.452000,5.433000,5.392000,5.418000,5.402000
22,52,0,5.116000,5.271000,5.169000,4.983000,5.160000,4.997000
22,53,0,5.910600,5.944000,5.847000,5.964000,5.969000,5.829000
22,54,0,5.590200,5.653000,5.560000,5.668000,5.502000,5.568000
22,55,0,5.652600,5.626000,5.688000,5.580000,5.625000,5.744000
22,56,0,5.219200,5.390000,5.181000,5.236000,5.191000,5.098000
22,57,0,5.125600,5.127000,5.140000,5.136000,5.121000,5.104000
22,58,0,4.704800,4.692000,4.650000,4.807000,4.700000,4.675000
22,59,0,5.417600,5.517000,5.433000,5.289000,5.422000,5.427000
22,60,0,4.574000,4.621000,4.574000,4.593000,4.528000,4.554000
22,61,0,5.644600,5.636000,5.627000,5.520000,5.678000,5.762000
22,62,0,5.177400,5.219000,5.282000,5.068000,5.284000,5.034000
22,63,0,5.578400,5.628000,5.627000,5.475000,5.572000,5.590000
22,64,0,5.164200,5.167000,5.222000,5.231000,5.135000,5.066000
22,65,0,5.316800,5.416000,5.430000,5.198000,5.342000,5.198000
22,66,0,5.583800,5.654000,5.632000,5.468000,5.570000,5.595000
22,67,0,4.851200,4.889000,4.793000,4.831000,4.885000,4.858000
22,68,0,5.369800,5.537000,5.377000,5.323000,5.339000,5.273000
22,69,0,5.299800,5.460000,5.346000,5.213000,5.267000,5.213000
22,70,0,5.331600,5.211000,5.395000,5.298000,5.338000,5.416000
22,71,0,5.706600,5.753000,5.695000,5.708000,5.739000,5.638000
22,72,0,4.823600,4.890000,4.700000,4.838000,4.793000,4.897000
22,73,0,5.595800,5.621000,5.593000,5.665000,5.576000,5.524000
22,74,0,5.333600,5.384000,5.368000,5.257000,5.298000,5.361000
22,75,0,5.591000,5.689000,5.540000,5.506000,5.594000,5.626000
22,76,0,5.153200,5.209000,5.130000,5.210000,4.979000,5.238000
22,77,0,5.821200,5.904000,5.922000,5.742000,5.792000,5.746000
22,78,0,5.626600,5.812000,5.625000,5.559000,5.482000,5.655000
22,79,0,5.549000,5.625000,5.644000,5.421000,5.615000,5.440000
22,80,0,5.097000,5.142000,5.161000,4.979000,5.118000,5.085000
22,81,0,5.736200,5.738000,5.665000,5.662000,5.782000,5.834000
22,82,0,5.002000,5.049000,5.035000,5.050000,4.987000,4.889000
22,83,0,5.514000,5.650000,5.559000,5.480000,5.412000,5.469000
22,84,0,4.875200,4.862000,4.855000,4.863000,4.822000,4.974000
22,85,0,5.495200,5.527000,5.611000,5.430000,5.501000,5.407000
22,86,0,5.728200,5.645000,5.702000,5.789000,5.691000,5.814000
22,87,0,5.158600,5.237000,5.289000,5.134000,5.116000,5.017000
22,88,0,5.474400,5.439000,5.523000,5.478000,5.514000,5.418000
22,89,0,5.273200,5.399000,5.416000,5.078000,5.281000,5.192000
22,90,0,5.638800,5.598000,5.716000,5.581000,5.657000,5.642000
22,91,0,5.161000,5.237000,5.227000,5.071000,5.211000,5.059000
22,92,0,5.369200,5.394000,5.422000,5.291000,5.340000,5.399000
22,93,0,5.374800,5.446000,5.392000,5.277000,5.371000,5.388000
22,94,0,5.223400,5.401000,5.195000,5.124000,5.254000,5.143000
22,95,0,5.356800,5.451000,5.399000,5.352000,5.414000,5.168000
22,96,0,5.320600,5.348000,5.340000,5.260000,5.338000,5.317000
22,97,0,5.288000,5.290000,5.385000,5.220000,5.296000,5.249000
22,98,0,5.337600,5.278000,5.491000,5.272000,5.330000,5.317000
22,99,0,5.443200,5.564000,5.380000,5.441000,5.445000,5.386000
23,0,0,5.360800,5.323000,5.554000,5.439000,5.191000,5.297000
23,1,0,4.924600,5.036000,4.735000,4.951000,5.115000,4.786000
23,2,0,5.021200,4.986000,4.987000,5.096000,5.051000,4.986000
23,3,0,5.663600,5.744000,5.575000,5.721000,5.748000,5.530000
23,4,0,5.186400,5.318000,5.034000,5.194000,5.298000,5.088000
23,5,0,5.627000,5.691000,5.545000,5.697000,5.737000,5.465000
23,6,0,5.564200,5.636000,5.405000,5.612000,5.737000,5.431000
23,7,0,5.905400,5.980000,6.128000,5.675000,5.794000,5.950000
23,8,0,5.527800,5.562000,5.617000,5.581000,5.416000,5.463000
23,9,0,5.412000,5.604000,5.414000,5.445000,5.282000,5.315000
23,10,0,5.390000,5.466000,5.242000,5.489000,5.525000,5.228000
23,11,0,5.538000,5.559000,5.643000,5.477000,5.406000,5.605000
23,12,0,4.630200,4.532000,4.569000,4.668000,4.857000,4.525000
23,13,0,5.468200,5.628000,5.458000,5.609000,5.557000,5.089000
23,14,0,5.597600,5.744000,5.395000,5.647000,5.580000,5.622000
23,15,0,5.854000,5.956000,5.755000,5.743000,5.940000,5.876000
23,16,0,5.781000,5.888000,5.704000,5.816000,5.727000,5.770000
23,17,0,5.507200,5.661000,5.680000,5.573000,5.358000,5.264000
23,18,0,5.620200,5.770000,5.631000,5.636000,5.620000,5.444000
23,19,0,5.354400,5.346000,5.400000,5.388000,5.368000,5.270000
23,20,0,5.788200,5.903000,5.667000,5.807000,5.886000,5.678000
23,21,0,5.211800,5.255000,5.070000,5.271000,5.207000,5.256000
23,22,0,5.882600,5.947000,5.874000,5.996000,5.943000,5.653000
23,23,0,5.287800,5.580000,5.010000,5.397000,5.370000,5.082000
23,24,0,5.597000,5.670000,5.556000,5.612000,5.643000,5.504000
23,25,0,5.576800,5.760000,5.452000,5.600000,5.597000,5.475000
23,26,0,5.424600,5.637000,5.297000,5.403000,5.440000,5.346000
23,27,0,5.517200,5.610000,5.479000,5.518000,5.579000,5.400000
23,28,0,4.790600,4.971000,4.799000,4.784000,4.896000,4.503000
23,29,0,5.896600,5.982000,5.856000,5.843000,5.926000,5.876000
23,30,0,5.767200,5.828000,5.749000,5.839000,5.749000,5.671000
23,31,0,5.570000,5.659000,5.499000,5.563000,5.614000,5.515000
23,32,0,5.130600,5.321000,4.944000,5.238000,5.269000,4.881000
23,33,0,5.803400,5.735000,5.957000,5.789000,5.731000,5.805000
23,34,0,5.854800,5.932000,5.821000,5.936000,5.796000,5.789000
23,35,0,5.773200,5.831000,5.728000,5.775000,5.841000,5.691000
23,36,0,5.479200,5.526000,5.428000,5.486000,5.529000,5.427000
23,37,0,5.196800,5.264000,5.331000,5.177000,5.230000,4.982000
23,38,0,5.531800,5.752000,5.559000,5.557000,5.602000,5.189000
23,39,0,5.598400,5.693000,5.600000,5.578000,5.626000,5.495000
23,40,0,5.759200,5.914000,5.776000,5.686000,5.759000,5.661000
23,41,0,5.034400,5.121000,5.072000,5.013000,5.146000,4.820000
23,42,0,5.625800,5.712000,5.608000,5.757000,5.407000,5.645000
23,43,0,5.783400,5.733000,5.751000,5.755000,5.943000,5.735000
23,44,0,5.482600,5.581000,5.698000,5.504000,5.320000,5.310000
23,45,0,5.550400,5.526000,5.469000,5.645000,5.575000,5.537000
23,46,0,6.023200,6.019000,6.126000,5.918000,5.976000,6.077000
23,47,0,5.464800,5.443000,5.475000,5.566000,5.511000,5.329000
23,48,0,5.741200,5.846000,5.850000,5.687000,5.600000,5.723000
23,49,0,5.621800,5.607000,5.579000,5.686000,5.736000,5.501000
23,50,0,5.267600,5.370000,5.082000,5.303000,5.350000,5.233000
23,51,0,5.760400,5.804000,5.835000,5.754000,5.669000,5.740000
23,52,0,6.023200,6.112000,5.991000,5.994000,6.052000,5.967000
23,53,0,5.438200,5.381000,5.381000,5.560000,5.486000,5.383000
23,54,0,5.467800,5.545000,5.417000,5.470000,5.628000,5.279000
23,55,0,5.939600,6.046000,6.021000,5.979000,5.724000,5.928000
23,56,0,5.287400,5.369000,5.193000,5.270000,5.398000,5.207000
23,57,0,5.482200,5.596000,5.383000,5.590000,5.479000,5.363000
23,58,0,6.069200,6.166000,6.039000,6.060000,5.970000,6.111000
23,59,0,5.536000,5.640000,5.495000,5.590000,5.553000,5.402000
23,60,0,5.617600,5.808000,5.701000,5.606000,5.483000,5.490000
23,61,0,5.759200,5.870000,5.730000,5.788000,5.731000,5.677000
23,62,0,5.095600,5.206000,4.920000,5.126000,5.213000,5.013000
23,63,0,5.925800,6.034000,5.881000,5.984000,5.882000,5.848000
23,64,0,5.490200,5.600000,5.530000,5.560000,5.388000,5.373000
23,65,0,5.463600,5.590000,5.372000,5.515000,5.539000,5.302000
23,66,0,5.223400,5.269000,5.108000,5.289000,5.259000,5.192000
23,67,0,5.619400,5.745000,5.465000,5.779000,5.633000,5.475000
23,68,0,5.813000,5.872000,5.755000,5.798000,5.818000,5.822000
23,69,0,5.020800,5.149000,4.697000,5.140000,5.183000,4.935000
23,70,0,6.020200,6.097000,6.037000,6.095000,5.977000,5.895000
23,71,0,5.283200,5.373000,5.352000,5.234000,5.398000,5.059000
23,72,0,5.808600,5.887000,5.857000,5.810000,5.754000,5.735000
23,73,0,5.599000,5.538000,5.568000,5.757000,5.589000,5.543000
23,74,0,5.923000,6.104000,5.975000,5.994000,5.630000,5.912000
23,75,0,5.407000,5.416000,5.327000,5.453000,5.444000,5.395000
23,76,0,5.501000,5.543000,5.500000,5.503000,5.577000,5.382000
23,77,0,5.482600,5.568000,5.333000,5.518000,5.635000,5.359000
23,78,0,5.576000,5.581000,5.644000,5.597000,5.407000,5.651000
23,79,0,5.070600,5.080000,5.123000,5.057000,5.009000,5.084000
23,80,0,5.447400,5.551000,5.315000,5.609000,5.431000,5.331000
23,81,0,5.392600,5.456000,5.334000,5.399000,5.399000,5.375000
23,82,0,5.698400,5.905000,5.776000,5.558000,5.475000,5.778000
23,83,0,5.490400,5.517000,5.520000,5.546000,5.534000,5.335000
23,84,0,5.516200,5.620000,5.391000,5.424000,5.367000,5.779000
23,85,0,5.543400,5.617000,5.542000,5.691000,5.311000,5.556000
23,86,0,5.683800,5.696000,5.715000,5.579000,5.793000,5.636000
23,87,0,5.265000,5.415000,5.233000,5.345000,5.058000,5.274000
23,88,0,5.388200,5.455000,5.324000,5.443000,5.398000,5.321000
23,89,0,5.259600,5.142000,5.353000,5.288000,5.467000,5.048000
23,90,0,5.773800,5.841000,5.723000,5.840000,5.823000,5.642000
23,91,0,5.795400,5.862000,5.859000,5.794000,5.795000,5.667000
23,92,0,5.547000,5.568000,5.590000,5.496000,5.615000,5.466000
23,93,0,5.887000,5.898000,5.900000,5.844000,5.849000,5.944000
23,94,0,5.543200,5.592000,5.545000,5.579000,5.523000,5.477000
23,95,0,5.399400,5.611000,5.428000,5.452000,5.162000,5.344000
23,96,0,5.917000,6.042000,5.801000,5.928000,5.912000,5.902000
23,97,0,5.768000,5.762000,5.838000,5.804000,5.555000,5.881000
23,98,0,5.154400,4.957000,5.436000,5.016000,4.932000,5.431000
23,99,0,5.784800,5.887000,5.771000,5.798000,5.729000,5.739000
24,0,0,5.635400,5.771000,5.579000,5.704000,5.463000,5.660000
24,1,0,5.689000,5.688000,5.657000,5.644000,5.765000,5.691000
24,2,0,5.913200,5.864000,5.945000,5.787000,5.992000,5.978000
24,3,0,5.430200,5.383000,5.468000,5.377000,5.466000,5.457000
24,4,0,5.953000,6.168000,6.142000,5.881000,5.720000,5.854000
24,5,0,5.841400,5.859000,5.782000,5.746000,5.904000,5.916000
24,6,0,5.323800,5.481000,5.435000,5.339000,5.159000,5.205000
24,7,0,5.811800,5.769000,5.676000,5.803000,5.948000,5.863000
24,8,0,5.245400,5.277000,5.211000,5.280000,5.226000,5.233000
24,9,0,5.740800,5.718000,5.774000,5.605000,5.849000,5.758000
24,10,0,5.922800,5.912000,5.800000,5.918000,6.012000,5.972000
24,11,0,5.520200,5.437000,5.346000,5.749000,5.403000,5.666000
24,12,0,5.880400,5.990000,5.881000,5.787000,5.787000,5.957000
24,13,0,5.370400,5.402000,5.332000,5.234000,5.460000,5.424000
24,14,0,5.670800,5.670000,5.759000,5.703000,5.653000,5.569000
24,15,0,5.192200,5.157000,5.221000,5.057000,5.232000,5.294000
24,16,0,5.675000,5.757000,5.624000,5.479000,5.844000,5.671000
24,17,0,5.589400,5.490000,5.748000,5.496000,5.660000,5.553000
24,18,0,5.696400,5.760000,5.614000,5.592000,5.587000,5.929000
24,19,0,5.612400,5.588000,5.632000,5.548000,5.686000,5.608000
24,20,0,5.601800,5.393000,5.517000,5.616000,5.736000,5.747000
24,21,0,5.352000,5.281000,5.333000,5.305000,5.426000,5.415000
24,22,0,5.452800,5.477000,5.404000,5.419000,5.557000,5.407000
24,23,0,5.779600,5.700000,5.760000,5.715000,5.900000,5.823000
24,24,0,4.734800,4.605000,4.774000,4.676000,4.840000,4.779000
24,25,0,5.274400,5.148000,5.208000,5.203000,5.585000,5.228000
24,26,0,5.621800,5.855000,5.157000,5.721000,5.572000,5.804000
24,27,0,5.820800,5.670000,5.816000,5.746000,5.957000,5.915000
24,28,0,5.236800,5.233000,5.247000,5.151000,5.263000,5.290000
24,29,0,5.174200,5.203000,5.259000,5.043000,5.235000,5.131000
24,30,0,5.758400,5.656000,5.701000,5.746000,5.996000,5.693000
24,31,0,5.806200,6.110000,5.626000,5.823000,5.808000,5.664000
24,32,0,5.142000,5.241000,4.942000,5.215000,5.260000,5.052000
24,33,0,6.033200,6.138000,5.893000,6.049000,6.061000,6.025000
24,34,0,5.434600,5.472000,5.425000,5.349000,5.550000,5.377000
24,35,0,5.714800,5.691000,5.679000,5.630000,5.889000,5.685000
24,36,0,5.256000,5.268000,5.182000,5.142000,5.313000,5.375000
24,37,0,5.834400,5.922000,5.744000,5.804000,5.838000,5.864000
24,38,0,5.755800,5.644000,5.840000,5.738000,5.740000,5.817000
24,39,0,5.549600,5.440000,5.529000,5.492000,5.690000,5.597000
24,40,0,5.836200,5.780000,5.836000,5.795000,5.964000,5.806000
24,41,0,5.498400,5.529000,5.389000,5.457000,5.513000,5.604000
24,42,0,5.957800,5.881000,5.886000,5.900000,6.087000,6.035000
24,43,0,5.645600,5.656000,5.546000,5.573000,5.807000,5.646000
24,44,0,5.315600,5.327000,5.237000,5.290000,5.452000,5.272000
24,45,0,5.268400,5.324000,5.298000,5.242000,5.376000,5.102000
24,46,0,5.665400,5.556000,5.686000,5.615000,5.752000,5.718000
24,47,0,5.560800,5.405000,5.506000,5.571000,5.700000,5.622000
24,48,0,5.867800,5.867000,5.762000,5.747000,6.077000,5.886000
24,49,0,5.522400,5.459000,5.519000,5.542000,5.665000,5.427000
24,50,0,5.396000,5.435000,5.299000,5.359000,5.571000,5.316000
24,51,0,5.847400,5.807000,5.764000,5.842000,5.964000,5.860000
24,52,0,5.288400,5.238000,5.278000,5.278000,5.339000,5.309000
24,53,0,5.310200,5.372000,5.447000,5.322000,5.281000,5.129000
24,54,0,5.532000,5.475000,5.510000,5.397000,5.754000,5.524000
24,55,0,5.848200,5.766000,5.836000,5.794000,5.914000,5.931000
24,56,0,5.721800,5.763000,6.034000,5.575000,5.620000,5.617000
24,57,0,6.027800,6.019000,5.976000,5.934000,6.139000,6.071000
24,58,0,5.653200,5.480000,5.682000,5.642000,5.724000,5.738000
24,59,0,5.667400,5.540000,5.649000,5.560000,5.871000,5.717000
24,60,0,5.772200,5.857000,5.735000,5.753000,5.727000,5.789000
24,61,0,5.815600,5.778000,5.774000,5.888000,5.948000,5.690000
24,62,0,5.678600,5.647000,5.695000,5.566000,5.612000,5.873000
24,63,0,5.404400,5.343000,5.424000,5.417000,5.446000,5.392000
24,64,0,5.674400,5.767000,5.674000,5.594000,5.751000,5.586000
24,65,0,5.689600,5.834000,5.494000,5.585000,5.660000,5.875000
24,66,0,5.567800,5.527000,5.487000,5.464000,5.619000,5.742000
24,67,0,5.666800,5.785000,5.631000,5.673000,5.629000,5.616000
24,68,0,5.487000,5.390000,5.479000,5.367000,5.633000,5.566000
24,69,0,5.641000,5.785000,5.510000,5.603000,5.624000,5.683000
24,70,0,5.539400,5.532000,5.495000,5.456000,5.669000,5.545000
24,71,0,5.367600,5.333000,5.336000,5.361000,5.531000,5.277000
24,72,0,5.979000,6.127000,6.000000,5.843000,5.949000,5.976000
24,73,0,5.465000,5.369000,5.471000,5.427000,5.563000,5.495000
24,74,0,5.600800,5.604000,5.606000,5.538000,5.617000,5.639000
24,75,0,5.007800,4.998000,4.918000,4.998000,5.055000,5.070000
24,76,0,5.381600,5.425000,5.380000,5.236000,5.445000,5.422000
24,77,0,5.142600,4.934000,5.118000,5.164000,5.266000,5.231000
24,78,0,5.667800,5.527000,5.549000,5.621000,5.873000,5.769000
24,79,0,5.227000,5.192000,5.126000,5.125000,5.340000,5.352000
24,80,0,5.555000,5.615000,5.536000,5.332000,5.647000,5.645000
24,81,0,5.517000,5.466000,5.569000,5.521000,5.592000,5.437000
24,82,0,5.833200,5.781000,5.816000,5.845000,5.905000,5.819000
24,83,0,5.581200,5.548000,5.606000,5.552000,5.618000,5.582000
24,84,0,5.881400,5.884000,5.824000,5.854000,5.982000,5.863000
24,85,0,5.454000,5.424000,5.467000,5.333000,5.635000,5.411000
24,86,0,6.029800,5.873000,6.094000,6.040000,6.128000,6.014000
24,87,0,5.557800,5.867000,5.446000,5.511000,5.383000,5.582000
24,88,0,5.865400,5.828000,5.713000,5.915000,5.924000,5.947000
24,89,0,5.740600,5.668000,5.543000,5.677000,5.857000,5.958000
24,90,0,5.951000,5.960000,5.935000,5.875000,6.087000,5.898000
24,91,0,5.994400,6.040000,5.906000,5.992000,6.149000,5.885000
24,92,0,5.517200,5.821000,5.530000,5.628000,5.445000,5.162000
24,93,0,5.401800,5.371000,5.447000,5.290000,5.462000,5.439000
24,94,0,5.362400,5.334000,5.197000,5.440000,5.280000,5.561000
24,95,0,5.876200,5.841000,5.852000,5.793000,6.083000,5.812000
24,96,0,5.298600,5.250000,5.411000,5.114000,5.349000,5.369000
24,97,0,5.187000,5.019000,5.261000,5.124000,5.359000,5.172000
24,98,0,5.566600,5.569000,5.567000,5.484000,5.671000,5.542000
24,99,0,5.849600,5.884000,5.850000,5.905000,5.706000,5.903000
25,0,0,5.673200,5.679000,5.641000,5.716000,5.613000,5.717000
25,1,0,5.674400,5.588000,5.854000,5.592000,5.541000,5.797000
25,2,0,5.533600,5.288000,5.798000,5.562000,5.444000,5.576000
25,3,0,5.322200,5.321000,5.307000,5.383000,5.268000,5.332000
25,4,0,6.169200,6.251000,5.980000,6.242000,6.035000,6.338000
25,5,0,5.817000,5.926000,5.950000,5.807000,5.644000,5.758000
25,6,0,5.862600,5.855000,5.912000,5.782000,5.917000,5.847000
25,7,0,5.440600,5.475000,5.489000,5.444000,5.399000,5.396000
25,8,0,5.345600,5.386000,5.505000,5.437000,5.154000,5.246000
25,9,0,5.773600,5.833000,5.746000,5.761000,5.637000,5.891000
25,10,0,5.324600,5.380000,5.292000,5.277000,5.354000,5.320000
25,11,0,5.622800,5.616000,5.633000,5.719000,5.445000,5.701000
25,12,0,5.330000,5.376000,5.377000,5.263000,5.303000,5.331000
25,13,0,5.865600,5.937000,5.917000,5.897000,5.748000,5.829000
25,14,0,6.124800,6.195000,6.025000,6.137000,6.081000,6.186000
25,15,0,5.530200,5.644000,5.554000,5.524000,5.378000,5.551000
25,16,0,6.062200,6.118000,6.141000,6.083000,5.855000,6.114000
25,17,0,5.582600,5.586000,5.485000,5.655000,5.588000,5.599000
25,18,0,5.642800,5.915000,5.601000,5.576000,5.501000,5.621000
25,19,0,5.543000,5.512000,5.600000,5.436000,5.527000,5.640000
25,20,0,6.129800,6.023000,6.221000,6.161000,6.114000,6.130000
25,21,0,5.658400,5.682000,5.705000,5.640000,5.605000,5.660000
25,22,0,5.649400,5.717000,5.617000,5.693000,5.614000,5.606000
25,23,0,5.465800,5.470000,5.499000,5.379000,5.463000,5.518000
25,24,0,5.498600,5.566000,5.490000,5.537000,5.416000,5.484000
25,25,0,5.555800,5.607000,5.573000,5.523000,5.445000,5.631000
25,26,0,5.657200,5.643000,5.655000,5.711000,5.591000,5.686000
25,27,0,5.722400,5.898000,5.719000,5.706000,5.615000,5.674000
25,28,0,5.742200,5.813000,5.779000,5.750000,5.617000,5.752000
25,29,0,5.848200,5.916000,5.859000,5.835000,5.788000,5.843000
25,30,0,6.042200,6.067000,6.060000,5.996000,6.053000,6.035000
25,31,0,5.519000,5.673000,5.509000,5.403000,5.408000,5.602000
25,32,0,5.508400,5.649000,5.307000,5.142000,5.741000,5.703000
25,33,0,5.599200,5.626000,5.582000,5.644000,5.519000,5.625000
25,34,0,4.885600,4.945000,4.895000,4.981000,4.782000,4.825000
25,35,0,5.763400,5.801000,5.779000,5.675000,5.715000,5.847000
25,36,0,5.372200,5.440000,5.387000,5.520000,5.221000,5.293000
25,37,0,5.925600,5.897000,5.965000,5.911000,5.946000,5.909000
25,38,0,5.704200,5.795000,5.744000,5.627000,5.699000,5.656000
25,39,0,5.532400,5.570000,5.578000,5.458000,5.474000,5.582000
25,40,0,5.601200,5.673000,5.575000,5.584000,5.489000,5.685000
25,41,0,5.290000,5.285000,5.354000,5.310000,5.269000,5.232000
25,42,0,5.867600,5.545000,5.980000,5.992000,5.712000,6.109000
25,43,0,5.608200,5.616000,5.546000,5.653000,5.548000,5.678000
25,44,0,5.874000,5.934000,5.902000,5.894000,5.723000,5.917000
25,45,0,5.720000,5.693000,5.648000,5.779000,5.733000,5.747000
25,46,0,5.737600,5.862000,5.810000,5.764000,5.553000,5.699000
25,47,0,5.569800,5.627000,5.417000,5.649000,5.583000,5.573000
25,48,0,5.802400,5.807000,5.698000,5.796000,5.794000,5.917000
25,49,0,5.745000,5.677000,5.744000,5.773000,5.749000,5.782000
25,50,0,5.175800,5.069000,5.143000,5.228000,5.229000,5.210000
25,51,0,5.240000,5.131000,5.217000,5.284000,5.256000,5.312000
25,52,0,5.439600,5.460000,5.403000,5.591000,5.343000,5.401000
25,53,0,5.688400,5.707000,5.789000,5.725000,5.451000,5.770000
25,54,0,5.716800,5.777000,5.751000,5.698000,5.562000,5.796000
25,55,0,5.289600,5.389000,5.349000,5.311000,5.097000,5.302000
25,56,0,5.960000,5.942000,5.984000,5.957000,5.955000,5.962000
25,57,0,5.769200,5.808000,5.976000,5.616000,5.726000,5.720000
25,58,0,5.289200,5.273000,5.260000,5.339000,5.182000,5.392000
25,59,0,5.393600,5.361000,5.432000,5.392000,5.355000,5.428000
25,60,0,6.018000,6.037000,6.038000,6.162000,5.906000,5.947000
25,61,0,5.878200,5.898000,5.911000,5.926000,5.704000,5.952000
25,62,0,6.071800,6.193000,6.027000,6.075000,5.862000,6.202000
25,63,0,5.563800,5.719000,5.347000,5.514000,5.637000,5.602000
25,64,0,5.936800,5.780000,5.995000,5.887000,6.138000,5.884000
25,65,0,5.337800,5.443000,5.402000,5.323000,5.189000,5.332000
25,66,0,5.636000,5.633000,5.583000,5.598000,5.534000,5.832000
25,67,0,5.505200,5.437000,5.491000,5.520000,5.547000,5.531000
25,68,0,5.318800,5.251000,5.365000,5.321000,5.249000,5.408000
25,69,0,5.628600,5.728000,5.710000,5.458000,5.487000,5.760000
25,70,0,6.082200,6.240000,6.077000,6.108000,5.869000,6.117000
25,71,0,5.543400,5.548000,5.601000,5.582000,5.350000,5.636000
25,72,0,5.635200,5.674000,5.498000,5.796000,5.618000,5.590000
25,73,0,5.317400,5.346000,5.376000,5.366000,5.169000,5.330000
25,74,0,5.890200,5.913000,5.902000,5.880000,5.814000,5.942000
25,75,0,6.280200,6.328000,6.276000,6.279000,6.168000,6.350000
25,76,0,5.920600,6.054000,5.915000,5.901000,5.738000,5.995000
25,77,0,5.424400,5.416000,5.485000,5.335000,5.394000,5.492000
25,78,0,5.376200,5.408000,5.222000,5.455000,5.368000,5.428000
25,79,0,5.854400,5.906000,5.912000,5.931000,5.741000,5.782000
25,80,0,5.987600,6.137000,5.956000,5.952000,5.931000,5.962000
25,81,0,5.651000,5.643000,5.562000,5.655000,5.686000,5.709000
25,82,0,5.815200,5.879000,6.330000,5.739000,5.730000,5.398000
25,83,0,5.547200,5.577000,5.619000,5.520000,5.372000,5.648000
25,84,0,5.499000,5.467000,5.338000,5.527000,5.500000,5.663000
25,85,0,5.748400,5.771000,5.830000,5.824000,5.623000,5.694000
25,86,0,5.742400,5.752000,5.753000,5.723000,5.662000,5.822000
25,87,0,5.463000,5.433000,5.484000,5.394000,5.393000,5.611000
25,88,0,6.193200,6.299000,6.222000,6.214000,5.984000,6.247000
25,89,0,5.056200,5.047000,5.002000,5.043000,5.041000,5.148000
25,90,0,5.557400,5.575000,5.629000,5.493000,5.454000,5.636000
25,91,0,5.560600,5.660000,5.408000,5.668000,5.463000,5.604000
25,92,0,5.255400,5.329000,5.269000,5.280000,5.226000,5.173000
25,93,0,5.271200,5.288000,5.298000,5.393000,5.221000,5.156000
25,94,0,5.921000,5.916000,5.997000,5.931000,5.893000,5.868000
25,95,0,5.311000,5.295000,5.236000,5.353000,5.226000,5.445000
25,96,0,6.055600,6.080000,6.046000,6.052000,5.976000,6.124000
25,97,0,5.156200,5.101000,5.317000,5.137000,5.149000,5.077000
25,98,0,6.009000,6.021000,6.224000,5.773000,6.108000,5.919000
25,99,0,5.443200,5.607000,5.384000,5.398000,5.346000,5.481000
26,0,0,5.170800,5.245000,5.152000,5.374000,4.950000,5.133000
26,1,0,5.829000,5.914000,5.541000,5.980000,5.845000,5.865000
26,2,0,5.685600,5.748000,5.702000,5.681000,5.583000,5.714000
26,3,0,5.890400,5.979000,5.687000,6.023000,5.874000,5.889000
26,4,0,6.198000,6.305000,6.157000,6.196000,6.099000,6.233000
26,5,0,6.095800,6.315000,6.066000,6.237000,5.988000,5.873000
26,6,0,6.006400,6.185000,5.996000,6.070000,5.916000,5.865000
26,7,0,5.377200,5.493000,5.440000,5.292000,5.454000,5.207000
26,8,0,5.836800,5.843000,5.922000,5.785000,5.732000,5.902000
26,9,0,5.534600,5.670000,5.424000,5.551000,5.533000,5.495000
26,10,0,5.551400,5.342000,5.730000,5.722000,5.492000,5.471000
26,11,0,5.989000,5.919000,5.675000,6.228000,6.204000,5.919000
26,12,0,5.465600,5.443000,5.415000,5.737000,5.480000,5.253000
26,13,0,5.789000,5.888000,5.836000,5.784000,5.743000,5.694000
26,14,0,5.769000,5.675000,5.664000,5.930000,5.847000,5.729000
26,15,0,5.503200,5.463000,5.664000,5.513000,5.524000,5.352000
26,16,0,5.957400,5.967000,5.974000,5.952000,5.891000,6.003000
26,17,0,5.488000,5.404000,5.634000,5.479000,5.515000,5.408000
26,18,0,5.942200,5.947000,5.995000,5.990000,5.901000,5.878000
26,19,0,5.983200,6.053000,5.983000,6.015000,5.964000,5.901000
26,20,0,5.965400,5.977000,5.885000,6.014000,5.893000,6.058000
26,21,0,5.739400,5.568000,5.988000,5.775000,5.691000,5.675000
26,22,0,6.089600,6.126000,6.037000,6.169000,6.074000,6.042000
26,23,0,5.750000,5.841000,5.795000,5.666000,5.677000,5.771000
26,24,0,5.941000,5.959000,5.856000,6.065000,5.986000,5.839000
26,25,0,6.310800,6.278000,6.417000,6.335000,6.202000,6.322000
26,26,0,6.248600,6.201000,6.237000,6.315000,6.224000,6.266000
26,27,0,5.596400,5.547000,5.591000,5.794000,5.506000,5.544000
26,28,0,5.572000,5.511000,5.700000,5.661000,5.517000,5.471000
26,29,0,4.905400,4.961000,4.862000,4.881000,5.006000,4.817000
26,30,0,5.642400,5.627000,5.743000,5.728000,5.519000,5.595000
26,31,0,5.709600,5.585000,5.808000,5.798000,5.722000,5.635000
26,32,0,5.637400,5.575000,5.710000,5.760000,5.594000,5.548000
26,33,0,5.786200,5.763000,5.948000,5.839000,5.698000,5.683000
26,34,0,6.006400,6.139000,5.994000,5.893000,6.013000,5.993000
26,35,0,6.026000,5.944000,6.158000,6.035000,5.961000,6.032000
26,36,0,5.656600,5.328000,5.607000,5.780000,5.703000,5.865000
26,37,0,5.866200,5.893000,5.893000,5.866000,5.746000,5.933000
26,38,0,5.324400,5.328000,5.403000,5.394000,5.391000,5.106000
26,39,0,5.940200,5.955000,5.920000,6.029000,6.007000,5.790000
26,40,0,5.855800,5.851000,5.872000,5.940000,5.824000,5.792000
26,41,0,5.925000,5.999000,5.577000,6.048000,6.091000,5.910000
26,42,0,6.072000,6.214000,6.068000,6.115000,5.981000,5.982000
26,43,0,5.871000,5.931000,5.867000,5.851000,5.776000,5.930000
26,44,0,5.880800,5.850000,5.926000,6.026000,5.752000,5.850000
26,45,0,5.886600,5.990000,5.828000,5.960000,5.833000,5.822000
26,46,0,5.693000,5.585000,5.957000,5.656000,5.653000,5.614000
26,47,0,5.924400,5.985000,5.859000,5.996000,5.964000,5.818000
26,48,0,5.724800,5.730000,5.687000,5.818000,5.655000,5.734000
26,49,0,5.326200,5.358000,5.128000,5.346000,5.509000,5.290000
26,50,0,5.490800,5.554000,5.506000,5.442000,5.468000,5.484000
26,51,0,6.029400,6.040000,6.030000,5.940000,6.094000,6.043000
26,52,0,5.044400,5.083000,5.245000,5.029000,4.915000,4.950000
26,53,0,5.956400,5.809000,5.969000,6.063000,6.016000,5.925000
26,54,0,5.764200,5.851000,5.779000,5.668000,5.753000,5.770000
26,55,0,5.769400,5.731000,5.778000,5.819000,5.791000,5.728000
26,56,0,6.149600,6.165000,6.138000,6.226000,6.061000,6.158000
26,57,0,5.782800,5.542000,5.766000,5.954000,5.787000,5.865000
26,58,0,5.822000,5.795000,5.905000,5.905000,5.746000,5.759000
26,59,0,5.922000,5.922000,6.045000,5.890000,5.728000,6.025000
26,60,0,6.027800,6.019000,5.888000,6.011000,6.248000,5.973000
26,61,0,5.845400,6.296000,5.394000,5.910000,5.789000,5.838000
26,62,0,5.878200,5.824000,5.993000,5.779000,5.877000,5.918000
26,63,0,5.625800,5.650000,5.766000,5.730000,5.546000,5.437000
26,64,0,5.845200,5.945000,5.898000,5.929000,5.696000,5.758000
26,65,0,5.589000,5.637000,5.338000,5.707000,5.540000,5.723000
26,66,0,5.681400,5.789000,5.666000,5.723000,5.556000,5.673000
26,67,0,5.257400,5.178000,5.383000,5.269000,5.259000,5.198000
26,68,0,6.074600,6.144000,6.026000,6.130000,6.131000,5.942000
26,69,0,5.169600,5.049000,5.266000,5.258000,5.261000,5.014000
26,70,0,6.036200,6.088000,6.076000,6.055000,5.925000,6.037000
26,71,0,5.914800,5.902000,5.869000,5.930000,5.991000,5.882000
26,72,0,5.818600,5.959000,5.769000,5.759000,5.850000,5.756000
26,73,0,5.859800,5.963000,5.832000,5.848000,5.873000,5.783000
26,74,0,5.929600,5.939000,5.964000,6.019000,5.817000,5.909000
26,75,0,5.396800,5.451000,5.192000,5.362000,5.481000,5.498000
26,76,0,6.061400,6.026000,6.192000,6.147000,5.864000,6.078000
26,77,0,5.697800,5.891000,5.704000,5.781000,5.515000,5.598000
26,78,0,5.850600,5.880000,5.957000,5.890000,5.696000,5.830000
26,79,0,5.674600,5.580000,5.820000,5.690000,5.622000,5.661000
26,80,0,5.572400,5.658000,5.507000,5.587000,5.678000,5.432000
26,81,0,5.824400,5.296000,6.057000,5.968000,5.807000,5.994000
26,82,0,5.600400,5.682000,5.767000,5.597000,5.586000,5.370000
26,83,0,5.858600,5.831000,5.920000,5.864000,5.776000,5.902000
26,84,0,5.822600,5.948000,5.540000,5.892000,5.890000,5.843000
26,85,0,5.951200,5.919000,6.145000,5.910000,5.935000,5.847000
26,86,0,5.737200,5.789000,5.835000,5.716000,5.629000,5.717000
26,87,0,5.103400,5.039000,5.195000,5.223000,5.046000,5.014000
26,88,0,5.733800,5.645000,5.896000,5.861000,5.654000,5.613000
26,89,0,5.935400,6.151000,5.859000,6.056000,5.865000,5.746000
26,90,0,5.782000,5.768000,5.933000,5.779000,5.784000,5.646000
26,91,0,5.875000,5.799000,6.024000,5.871000,5.845000,5.836000
26,92,0,6.031800,6.126000,6.149000,5.979000,5.917000,5.988000
26,93,0,6.002800,6.099000,6.037000,5.972000,6.011000,5.895000
26,94,0,5.638200,5.638000,5.582000,5.731000,5.794000,5.446000
26,95,0,6.032600,5.958000,6.123000,6.064000,5.863000,6.155000
26,96,0,5.411800,5.394000,5.619000,5.329000,5.371000,5.346000
26,97,0,5.142800,5.298000,5.189000,5.089000,5.133000,5.005000
26,98,0,6.109600,6.229000,6.096000,6.151000,6.038000,6.034000
26,99,0,5.893600,5.937000,6.023000,6.003000,5.815000,5.690000
27,0,0,5.958200,5.900000,5.991000,5.936000,6.004000,5.960000
27,1,0,6.208400,6.093000,6.046000,6.217000,6.382000,6.304000
27,2,0,6.082400,5.907000,5.927000,6.171000,6.208000,6.199000
27,3,0,6.006800,6.066000,5.837000,6.023000,5.973000,6.135000
27,4,0,5.068600,5.025000,5.034000,5.044000,5.060000,5.180000
27,5,0,5.349000,5.290000,5.442000,5.361000,5.269000,5.383000
27,6,0,6.033000,6.036000,5.938000,6.015000,6.050000,6.126000
27,7,0,5.858800,5.765000,6.001000,5.828000,5.910000,5.790000
27,8,0,5.495800,5.575000,5.481000,5.502000,5.379000,5.542000
27,9,0,5.795400,5.632000,5.928000,5.970000,5.803000,5.644000
27,10,0,6.155200,6.096000,5.982000,6.258000,6.202000,6.238000
27,11,0,5.762400,5.735000,5.606000,5.753000,5.811000,5.907000
27,12,0,6.173800,6.169000,6.279000,6.153000,6.124000,6.144000
27,13,0,5.549000,5.602000,5.525000,5.467000,5.538000,5.613000
27,14,0,6.147600,6.180000,6.083000,6.104000,6.159000,6.212000
27,15,0,6.102000,6.059000,6.101000,6.059000,6.148000,6.143000
27,16,0,5.829400,5.850000,5.781000,5.843000,5.828000,5.845000
27,17,0,5.547200,5.569000,5.604000,5.415000,5.589000,5.559000
27,18,0,6.185800,6.114000,6.191000,6.256000,6.129000,6.239000
27,19,0,5.948800,5.913000,5.965000,5.890000,5.981000,5.995000
27,20,0,5.741200,5.767000,5.704000,5.893000,5.803000,5.539000
27,21,0,6.031400,6.017000,5.885000,6.108000,6.092000,6.055000
27,22,0,5.183600,5.142000,5.248000,5.096000,5.184000,5.248000
27,23,0,6.048200,5.980000,6.027000,6.049000,6.080000,6.105000
27,24,0,5.278600,5.147000,5.175000,5.378000,5.409000,5.284000
27,25,0,5.931600,5.992000,5.833000,5.905000,5.916000,6.012000
27,26,0,5.474200,5.437000,5.370000,5.496000,5.499000,5.569000
27,27,0,5.478000,5.384000,5.504000,5.537000,5.515000,5.450000
27,28,0,5.956600,5.922000,5.897000,6.068000,6.025000,5.871000
27,29,0,5.866800,5.724000,5.798000,5.956000,5.939000,5.917000
27,30,0,5.779400,5.771000,5.705000,5.891000,5.860000,5.670000
27,31,0,5.537200,5.626000,5.381000,5.630000,5.548000,5.501000
27,32,0,5.985800,5.863000,5.761000,6.079000,6.037000,6.189000
27,33,0,5.422000,5.553000,5.361000,5.415000,5.389000,5.392000
27,34,0,5.623600,5.449000,5.731000,5.647000,5.562000,5.729000
27,35,0,5.843800,5.748000,5.908000,5.704000,5.835000,6.024000
27,36,0,5.456600,5.417000,5.250000,5.449000,5.507000,5.660000
27,37,0,5.986200,5.947000,6.029000,6.029000,6.028000,5.898000
27,38,0,5.621200,5.747000,5.538000,5.483000,5.709000,5.629000
27,39,0,5.542600,5.460000,5.441000,5.553000,5.519000,5.740000
27,40,0,5.901400,5.839000,5.859000,5.983000,5.926000,5.900000
27,41,0,5.785400,5.687000,5.771000,5.792000,5.855000,5.822000
27,42,0,5.426200,5.503000,5.461000,5.424000,5.258000,5.485000
27,43,0,6.083800,5.991000,6.008000,6.184000,6.071000,6.165000
27,44,0,6.199200,6.196000,6.090000,6.198000,6.266000,6.246000
27,45,0,5.523000,5.520000,5.343000,5.530000,5.603000,5.619000
27,46,0,5.891800,5.713000,5.924000,5.977000,5.871000,5.974000
27,47,0,5.654200,5.549000,5.667000,5.674000,5.648000,5.733000
27,48,0,5.639600,5.573000,5.591000,5.659000,5.673000,5.702000
27,49,0,5.830800,5.738000,5.882000,5.836000,5.922000,5.776000
27,50,0,5.523800,5.528000,5.471000,5.464000,5.602000,5.554000
27,51,0,5.381200,5.345000,5.275000,5.426000,5.304000,5.556000
27,52,0,5.861600,5.741000,5.876000,5.887000,5.850000,5.954000
27,53,0,5.913600,5.944000,5.924000,5.975000,5.881000,5.844000
27,54,0,5.772800,5.801000,5.672000,5.870000,5.847000,5.674000
27,55,0,5.439600,5.406000,5.357000,5.335000,5.469000,5.631000
27,56,0,6.179400,6.249000,5.995000,6.255000,6.194000,6.204000
27,57,0,5.720800,5.656000,5.507000,5.809000,5.796000,5.836000
27,58,0,5.576600,5.367000,5.723000,5.521000,5.710000,5.562000
27,59,0,6.264000,6.261000,6.325000,6.251000,6.264000,6.219000
27,60,0,5.965800,5.838000,5.950000,5.908000,6.010000,6.123000
27,61,0,5.910400,5.878000,5.876000,5.906000,5.936000,5.956000
27,62,0,5.676000,5.653000,5.540000,5.639000,5.736000,5.812000
27,63,0,5.995800,5.896000,5.979000,5.980000,6.080000,6.044000
27,64,0,6.080000,6.134000,6.022000,6.000000,6.057000,6.187000
27,65,0,5.819800,5.792000,5.748000,5.745000,5.870000,5.944000
27,66,0,5.428400,5.438000,5.436000,5.444000,5.369000,5.455000
27,67,0,5.751200,5.764000,5.770000,5.686000,5.796000,5.740000
27,68,0,6.107600,5.940000,6.114000,6.098000,6.157000,6.229000
27,69,0,6.037400,6.084000,6.016000,5.927000,6.126000,6.034000
27,70,0,5.633000,5.445000,5.464000,5.688000,5.780000,5.788000
27,71,0,5.476600,5.485000,5.478000,5.372000,5.632000,5.416000
27,72,0,5.454200,5.506000,5.421000,5.311000,5.535000,5.498000
27,73,0,5.927800,5.967000,6.018000,5.878000,5.958000,5.818000
27,74,0,5.813600,5.749000,5.779000,5.759000,5.923000,5.858000
27,75,0,5.875600,5.842000,5.828000,5.949000,5.966000,5.793000
27,76,0,6.036600,6.045000,6.037000,5.948000,6.008000,6.145000
27,77,0,5.865400,5.753000,5.873000,5.707000,5.997000,5.997000
27,78,0,6.143800,6.222000,6.035000,6.133000,6.169000,6.160000
27,79,0,5.503400,5.488000,5.499000,5.433000,5.442000,5.655000
27,80,0,6.204200,6.031000,6.203000,6.180000,6.295000,6.312000
27,81,0,5.500600,5.494000,5.491000,5.457000,5.513000,5.548000
27,82,0,6.005000,5.934000,5.957000,6.069000,6.115000,5.950000
27,83,0,6.079000,6.007000,6.033000,6.058000,6.215000,6.082000
27,84,0,5.978800,5.928000,5.844000,5.999000,5.993000,6.130000
27,85,0,5.775200,5.736000,5.680000,5.885000,5.813000,5.762000
27,86,0,5.520600,5.393000,5.609000,5.481000,5.472000,5.648000
27,87,0,5.883800,5.818000,5.882000,5.859000,5.860000,6.000000
27,88,0,6.156800,6.090000,6.016000,6.290000,6.277000,6.111000
27,89,0,5.317400,5.459000,4.897000,5.580000,5.574000,5.077000
27,90,0,5.937200,5.862000,5.742000,5.976000,6.043000,6.063000
27,91,0,5.578600,5.766000,5.537000,5.594000,5.378000,5.618000
27,92,0,5.744800,5.697000,5.741000,5.733000,5.813000,5.740000
27,93,0,6.253600,6.064000,6.252000,6.288000,6.273000,6.391000
27,94,0,5.945400,5.793000,5.893000,5.970000,6.061000,6.010000
27,95,0,6.057200,5.962000,5.974000,6.066000,6.179000,6.105000
27,96,0,5.827400,5.720000,5.805000,5.893000,5.881000,5.838000
27,97,0,5.669800,5.660000,5.577000,5.676000,5.722000,5.714000
27,98,0,5.303800,5.255000,5.252000,5.296000,5.274000,5.442000
27,99,0,5.980400,5.917000,5.993000,6.020000,5.946000,6.026000
28,0,0,5.484800,5.484000,5.508000,5.505000,5.489000,5.438000
28,1,0,5.643000,5.531000,5.757000,5.815000,5.576000,5.536000
28,2,0,5.444600,5.218000,5.434000,5.405000,5.642000,5.524000
28,3,0,6.141000,6.025000,5.944000,6.159000,6.287000,6.290000
28,4,0,5.403000,5.378000,5.497000,5.344000,5.336000,5.460000
28,5,0,6.238200,6.073000,6.295000,6.342000,6.283000,6.198000
28,6,0,5.778600,5.576000,5.849000,5.853000,5.939000,5.676000
28,7,0,5.758800,5.543000,5.765000,5.785000,5.916000,5.785000
28,8,0,5.851200,5.797000,5.780000,5.765000,5.889000,6.025000
28,9,0,5.775600,5.595000,5.810000,5.789000,5.846000,5.838000
28,10,0,5.214000,5.109000,5.149000,5.223000,5.371000,5.218000
28,11,0,6.021800,5.819000,6.118000,6.100000,6.143000,5.929000
28,12,0,6.025600,5.813000,6.093000,6.104000,5.954000,6.164000
28,13,0,6.295000,6.329000,6.298000,6.280000,6.368000,6.200000
28,14,0,5.856200,5.722000,5.675000,5.904000,6.054000,5.926000
28,15,0,5.161200,4.919000,5.190000,5.174000,5.219000,5.304000
28,16,0,5.404600,5.320000,5.508000,5.520000,5.435000,5.240000
28,17,0,5.539200,5.417000,5.583000,5.531000,5.627000,5.538000
28,18,0,5.420200,5.312000,5.451000,5.407000,5.514000,5.417000
28,19,0,6.045800,5.890000,6.095000,6.090000,6.104000,6.050000
28,20,0,5.738600,5.734000,5.743000,5.679000,5.884000,5.653000
28,21,0,6.062400,5.858000,6.073000,6.081000,6.178000,6.122000
28,22,0,6.222600,6.104000,6.263000,6.246000,6.320000,6.180000
28,23,0,6.440600,6.354000,6.378000,6.443000,6.574000,6.454000
28,24,0,6.100800,5.983000,6.159000,6.132000,6.105000,6.125000
28,25,0,5.783600,5.681000,5.701000,5.941000,5.818000,5.777000
28,26,0,5.580200,5.537000,5.606000,5.690000,5.532000,5.536000
28,27,0,5.462600,5.353000,5.553000,5.461000,5.501000,5.445000
28,28,0,5.780200,5.650000,5.728000,5.840000,5.796000,5.887000
28,29,0,5.325800,5.091000,5.344000,5.400000,5.441000,5.353000
28,30,0,5.918600,5.846000,5.805000,5.988000,5.970000,5.984000
28,31,0,6.110600,6.004000,6.107000,6.181000,5.996000,6.265000
28,32,0,5.721000,5.658000,5.678000,5.737000,5.791000,5.741000
28,33,0,5.754400,5.597000,5.889000,5.792000,5.758000,5.736000
28,34,0,5.747200,5.557000,5.829000,5.727000,5.793000,5.830000
28,35,0,5.173000,5.122000,5.213000,5.204000,5.316000,5.010000
28,36,0,5.730600,5.663000,5.668000,5.826000,5.728000,5.768000
28,37,0,5.921400,5.806000,5.988000,5.920000,5.886000,6.007000
28,38,0,5.696400,5.533000,5.847000,5.626000,5.714000,5.762000
28,39,0,5.793600,5.693000,5.876000,5.614000,6.085000,5.700000
28,40,0,5.682600,5.545000,5.635000,5.816000,5.786000,5.631000
28,41,0,6.245400,6.258000,6.292000,6.305000,6.098000,6.274000
28,42,0,5.576200,5.467000,5.581000,5.716000,5.555000,5.562000
28,43,0,5.994200,5.937000,6.007000,6.107000,5.868000,6.052000
28,44,0,5.605600,5.454000,5.621000,5.705000,5.570000,5.678000
28,45,0,6.088200,6.063000,6.081000,6.125000,6.028000,6.144000
28,46,0,5.610800,5.457000,5.520000,5.614000,5.702000,5.761000
28,47,0,5.868200,5.807000,5.864000,5.888000,5.894000,5.888000
28,48,0,5.514600,5.492000,5.483000,5.594000,5.472000,5.532000
28,49,0,6.079600,6.009000,6.046000,6.178000,6.053000,6.112000
28,50,0,6.469600,6.406000,6.552000,6.260000,6.541000,6.589000
28,51,0,6.107800,5.945000,6.072000,6.067000,6.291000,6.164000
28,52,0,5.084000,5.119000,5.103000,5.007000,5.133000,5.058000
28,53,0,5.852000,5.720000,5.913000,5.844000,5.857000,5.926000
28,54,0,5.571800,5.392000,5.631000,5.586000,5.649000,5.601000
28,55,0,6.018600,5.974000,6.034000,6.067000,5.999000,6.019000
28,56,0,6.124000,6.015000,6.007000,6.171000,6.273000,6.154000
28,57,0,5.442000,5.347000,5.536000,5.442000,5.400000,5.485000
28,58,0,5.787200,5.639000,5.854000,5.897000,5.726000,5.820000
28,59,0,6.058600,5.982000,6.091000,6.043000,6.189000,5.988000
28,60,0,5.892600,5.845000,5.870000,5.891000,5.927000,5.930000
28,61,0,6.270600,6.066000,6.308000,6.351000,6.328000,6.300000
28,62,0,6.047200,6.030000,5.970000,6.099000,6.200000,5.937000
28,63,0,5.850400,5.700000,5.968000,5.714000,5.936000,5.934000
28,64,0,5.333800,5.209000,5.144000,5.311000,5.508000,5.497000
28,65,0,5.651000,5.589000,5.653000,5.676000,5.773000,5.564000
28,66,0,5.951600,5.691000,5.962000,5.991000,6.113000,6.001000
28,67,0,5.885400,5.805000,5.818000,5.862000,6.104000,5.838000
28,68,0,6.023600,5.904000,6.142000,6.153000,5.973000,5.946000
28,69,0,5.914600,5.673000,5.971000,5.999000,5.956000,5.974000
28,70,0,5.572600,5.441000,5.548000,5.629000,5.642000,5.603000
28,71,0,5.772600,5.679000,5.760000,5.721000,5.874000,5.829000
28,72,0,5.445000,5.382000,5.521000,5.385000,5.476000,5.461000
28,73,0,5.616200,5.572000,5.731000,5.312000,5.860000,5.606000
28,74,0,5.830000,5.667000,5.833000,5.785000,6.026000,5.839000
28,75,0,6.074800,5.994000,6.054000,6.153000,6.065000,6.108000
28,76,0,6.215400,6.131000,6.218000,6.313000,6.237000,6.178000
28,77,0,6.115600,6.094000,6.114000,5.953000,6.333000,6.084000
28,78,0,5.953200,5.891000,6.077000,5.843000,5.942000,6.013000
28,79,0,5.881400,5.860000,5.764000,5.847000,6.039000,5.897000
28,80,0,5.922400,5.946000,5.866000,5.886000,6.131000,5.783000
28,81,0,5.708400,5.689000,5.680000,5.719000,5.564000,5.890000
28,82,0,5.888600,5.717000,5.964000,5.866000,5.951000,5.945000
28,83,0,5.762800,5.595000,5.960000,5.692000,5.808000,5.759000
28,84,0,6.075200,5.831000,6.119000,6.200000,6.096000,6.130000
28,85,0,5.170400,5.002000,5.112000,5.266000,5.268000,5.204000
28,86,0,5.835000,5.552000,5.963000,5.886000,5.847000,5.927000
28,87,0,6.150800,6.137000,6.207000,6.127000,6.096000,6.187000
28,88,0,5.631000,5.508000,5.655000,5.712000,5.626000,5.654000
28,89,0,5.911400,5.896000,5.995000,5.866000,5.912000,5.888000
28,90,0,5.931400,5.844000,6.012000,5.947000,5.934000,5.920000
28,91,0,5.690000,5.666000,5.800000,5.494000,5.735000,5.755000
28,92,0,5.388400,5.333000,5.244000,5.374000,5.531000,5.460000
28,93,0,5.528400,5.273000,5.596000,5.586000,5.636000,5.551000
28,94,0,5.613600,5.528000,5.582000,5.629000,5.643000,5.686000
28,95,0,6.007000,5.952000,6.090000,5.913000,5.973000,6.107000
28,96,0,5.798400,5.801000,5.768000,5.847000,5.786000,5.790000
28,97,0,6.090200,6.009000,6.080000,6.029000,6.242000,6.091000
28,98,0,6.052400,5.923000,6.132000,5.931000,6.164000,6.112000
28,99,0,5.914400,5.798000,6.055000,5.900000,6.067000,5.752000
29,0,0,6.289600,6.276000,6.276000,6.378000,6.262000,6.256000
29,1,0,5.963600,6.385000,5.528000,6.122000,6.089000,5.694000
29,2,0,6.207000,6.304000,6.188000,6.230000,6.178000,6.135000
29,3,0,5.140400,5.172000,5.064000,5.291000,5.027000,5.148000
29,4,0,6.185600,6.380000,5.975000,6.253000,6.212000,6.108000
29,5,0,5.924800,5.967000,5.947000,6.091000,5.774000,5.845000
29,6,0,5.629800,5.682000,5.629000,5.726000,5.472000,5.640000
29,7,0,5.959600,6.017000,6.034000,6.073000,5.904000,5.770000
29,8,0,5.956600,5.962000,5.845000,6.035000,6.039000,5.902000
29,9,0,6.055000,6.130000,5.906000,6.049000,6.186000,6.004000
29,10,0,5.503000,5.634000,5.495000,5.650000,5.451000,5.285000
29,11,0,5.995000,6.031000,5.991000,6.136000,5.967000,5.850000
29,12,0,6.087200,6.275000,5.972000,6.228000,5.992000,5.969000
29,13,0,5.928800,6.077000,5.919000,5.988000,5.854000,5.806000
29,14,0,5.290600,5.354000,5.346000,5.380000,5.259000,5.114000
29,15,0,5.915400,6.103000,5.637000,5.954000,6.088000,5.795000
29,16,0,6.221400,6.270000,6.136000,6.285000,6.226000,6.190000
29,17,0,5.725200,5.856000,5.679000,5.838000,5.677000,5.576000
29,18,0,5.309800,5.501000,5.257000,5.106000,5.491000,5.194000
29,19,0,6.000800,6.114000,6.035000,6.094000,5.938000,5.823000
29,20,0,6.240800,6.317000,6.256000,6.222000,6.212000,6.197000
29,21,0,5.964400,6.080000,6.045000,6.091000,5.861000,5.745000
29,22,0,5.790200,5.977000,5.681000,5.849000,5.701000,5.743000
29,23,0,5.206600,5.387000,5.313000,5.179000,5.082000,5.072000
29,24,0,6.408400,6.548000,6.418000,6.422000,6.289000,6.365000
29,25,0,6.538200,6.629000,6.580000,6.536000,6.520000,6.426000
29,26,0,6.128400,6.222000,6.079000,6.185000,6.005000,6.151000
29,27,0,5.988000,5.998000,6.051000,6.075000,5.976000,5.840000
29,28,0,6.078200,6.093000,6.092000,6.110000,6.027000,6.069000
29,29,0,5.973600,6.073000,5.961000,6.049000,5.944000,5.841000
29,30,0,5.849800,5.925000,5.923000,6.087000,5.623000,5.691000
29,31,0,6.133400,6.287000,6.125000,6.055000,6.117000,6.083000
29,32,0,5.487400,5.573000,5.419000,5.582000,5.463000,5.400000
29,33,0,5.940800,6.045000,5.877000,6.085000,5.844000,5.853000
29,34,0,6.193800,6.292000,6.059000,6.219000,6.196000,6.203000
29,35,0,5.872600,5.975000,5.834000,5.988000,5.732000,5.834000
29,36,0,5.864400,6.019000,5.921000,5.902000,5.687000,5.793000
29,37,0,5.790400,5.814000,5.695000,5.981000,5.778000,5.684000
29,38,0,6.244000,6.257000,6.298000,6.352000,6.111000,6.202000
29,39,0,6.280600,6.284000,6.276000,6.350000,6.241000,6.252000
29,40,0,6.087600,6.126000,5.618000,6.318000,6.194000,6.182000
29,41,0,5.863200,5.950000,5.946000,5.858000,5.874000,5.688000
29,42,0,6.201400,6.116000,6.253000,6.343000,6.184000,6.111000
29,43,0,5.915000,5.992000,5.901000,6.014000,5.916000,5.752000
29,44,0,6.265200,6.333000,6.236000,6.382000,6.152000,6.223000
29,45,0,6.217200,6.271000,6.251000,6.165000,6.217000,6.182000
29,46,0,5.860400,5.829000,5.809000,6.013000,5.799000,5.852000
29,47,0,5.654800,5.715000,5.521000,5.780000,5.638000,5.620000
29,48,0,6.083000,6.153000,6.175000,6.120000,6.108000,5.859000
29,49,0,6.098600,6.260000,6.049000,6.073000,6.047000,6.064000
29,50,0,6.124200,6.143000,6.186000,6.260000,5.949000,6.083000
29,51,0,6.100000,6.217000,6.225000,6.070000,6.046000,5.942000
29,52,0,6.032600,6.093000,6.051000,6.194000,5.900000,5.925000
29,53,0,5.318400,5.444000,5.297000,5.368000,5.313000,5.170000
29,54,0,5.196200,5.424000,5.215000,5.134000,5.044000,5.164000
29,55,0,5.907800,5.991000,5.962000,6.055000,5.846000,5.685000
29,56,0,6.244600,6.357000,6.207000,6.309000,6.225000,6.125000
29,57,0,6.072600,6.090000,6.034000,6.152000,6.085000,6.002000
29,58,0,6.297400,6.417000,6.239000,6.384000,6.254000,6.193000
29,59,0,6.042400,6.020000,6.118000,6.123000,5.968000,5.983000
29,60,0,6.256800,6.278000,6.366000,6.260000,6.196000,6.184000
29,61,0,6.248800,6.202000,6.219000,6.336000,6.267000,6.220000
29,62,0,5.960000,6.021000,6.005000,6.099000,5.914000,5.761000
29,63,0,6.214200,6.178000,6.282000,6.270000,6.110000,6.231000
29,64,0,6.202600,6.329000,6.145000,6.257000,6.207000,6.075000
29,65,0,6.150800,6.215000,6.241000,6.364000,5.976000,5.958000
29,66,0,6.095800,6.197000,6.128000,6.051000,6.155000,5.948000
29,67,0,6.106200,6.179000,6.130000,6.246000,5.965000,6.011000
29,68,0,6.064800,6.136000,6.168000,6.139000,6.009000,5.872000
29,69,0,5.481400,5.618000,5.344000,5.544000,5.473000,5.428000
29,70,0,6.391800,6.440000,6.343000,6.424000,6.372000,6.380000
29,71,0,5.841400,5.906000,5.933000,5.940000,5.724000,5.704000
29,72,0,5.611800,5.846000,5.603000,5.614000,5.454000,5.542000
29,73,0,6.246000,6.307000,6.356000,6.187000,6.158000,6.222000
29,74,0,5.843800,5.979000,5.693000,5.915000,5.853000,5.779000
29,75,0,5.550200,5.543000,5.633000,5.666000,5.344000,5.565000
29,76,0,6.519200,6.663000,6.684000,6.489000,6.330000,6.430000
29,77,0,5.205600,5.331000,5.340000,5.299000,5.089000,4.969000
29,78,0,6.203400,6.290000,6.226000,6.283000,6.026000,6.192000
29,79,0,6.149800,6.256000,6.133000,6.247000,6.025000,6.088000
29,80,0,5.495000,5.493000,5.480000,5.647000,5.432000,5.423000
29,81,0,5.726200,5.813000,5.669000,5.734000,5.844000,5.571000
29,82,0,5.365400,5.460000,5.312000,5.654000,5.181000,5.220000
29,83,0,6.183600,6.278000,6.187000,6.273000,6.167000,6.013000
29,84,0,6.277200,6.441000,6.080000,6.352000,6.220000,6.293000
29,85,0,5.845800,5.775000,5.921000,5.830000,5.912000,5.791000
29,86,0,5.853600,5.804000,5.824000,5.986000,5.718000,5.936000
29,87,0,5.626600,5.633000,5.431000,5.741000,5.749000,5.579000
29,88,0,5.817600,5.871000,5.871000,5.793000,5.798000,5.755000
29,89,0,6.481200,6.636000,6.410000,6.561000,6.425000,6.374000
29,90,0,5.527400,5.620000,5.507000,5.623000,5.439000,5.448000
29,91,0,6.157600,6.189000,6.143000,6.321000,6.047000,6.088000
29,92,0,5.821800,5.847000,5.877000,5.899000,5.682000,5.804000
29,93,0,6.097600,6.118000,6.057000,6.100000,6.235000,5.978000
29,94,0,6.056600,6.113000,6.177000,6.114000,5.928000,5.951000
29,95,0,6.034000,6.179000,6.069000,5.873000,6.066000,5.983000
29,96,0,5.360200,5.239000,5.393000,5.611000,5.281000,5.277000
29,97,0,5.675400,5.682000,5.743000,5.894000,5.468000,5.590000
29,98,0,5.089800,5.235000,5.089000,5.063000,5.045000,5.017000
29,99,0,5.991400,6.059000,5.966000,6.018000,5.994000,5.920000
30,0,0,5.964800,6.044000,5.836000,5.993000,6.032000,5.919000
30,1,0,6.178600,6.179000,6.072000,6.214000,6.373000,6.055000
30,2,0,6.525800,6.519000,6.473000,6.423000,6.649000,6.565000
30,3,0,6.318000,6.457000,6.263000,6.251000,6.365000,6.254000
30,4,0,5.804400,5.640000,5.956000,5.802000,5.874000,5.750000
30,5,0,6.181400,6.145000,6.164000,6.351000,6.180000,6.067000
30,6,0,6.241200,6.133000,6.287000,6.176000,6.332000,6.278000
30,7,0,5.701200,5.661000,5.765000,5.645000,5.816000,5.619000
30,8,0,5.874000,5.728000,6.010000,5.924000,5.952000,5.756000
30,9,0,6.106600,5.998000,6.249000,6.111000,6.126000,6.049000
30,10,0,5.751600,5.705000,5.820000,5.650000,5.890000,5.693000
30,11,0,6.012200,5.999000,5.932000,5.992000,6.079000,6.059000
30,12,0,6.122400,6.131000,6.066000,5.999000,6.304000,6.112000
30,13,0,6.226200,6.106000,6.243000,6.211000,6.324000,6.247000
30,14,0,6.121600,6.128000,6.171000,6.161000,6.200000,5.948000
30,15,0,5.696800,5.717000,5.677000,5.716000,5.679000,5.695000
30,16,0,6.348000,6.194000,6.283000,6.437000,6.596000,6.230000
30,17,0,5.978800,5.936000,5.977000,5.895000,6.227000,5.859000
30,18,0,6.430200,6.425000,6.515000,6.425000,6.444000,6.342000
30,19,0,6.443800,6.394000,6.470000,6.535000,6.521000,6.299000
30,20,0,5.777400,5.648000,5.875000,5.661000,5.923000,5.780000
30,21,0,6.259800,6.108000,6.262000,6.218000,6.476000,6.235000
30,22,0,5.868400,5.768000,5.836000,5.863000,6.108000,5.767000
30,23,0,6.484800,6.359000,6.549000,6.544000,6.633000,6.339000
30,24,0,5.818400,5.704000,5.945000,5.835000,5.747000,5.861000
30,25,0,6.304400,6.118000,6.233000,6.425000,6.346000,6.400000
30,26,0,6.385800,6.350000,6.385000,6.427000,6.484000,6.283000
30,27,0,5.830800,5.825000,5.881000,5.728000,5.968000,5.752000
30,28,0,5.896600,5.817000,5.888000,5.967000,5.969000,5.842000
30,29,0,6.205400,6.211000,6.203000,6.218000,6.260000,6.135000
30,30,0,5.994600,5.989000,5.950000,6.166000,6.039000,5.829000
30,31,0,6.472200,6.541000,6.495000,6.450000,6.539000,6.336000
30,32,0,5.575000,5.599000,5.614000,5.547000,5.603000,5.512000
30,33,0,6.074400,5.970000,6.094000,6.108000,6.128000,6.072000
30,34,0,5.757600,5.783000,5.760000,5.800000,5.821000,5.624000
30,35,0,6.373600,6.410000,6.305000,6.304000,6.537000,6.312000
30,36,0,6.224000,6.062000,6.240000,6.129000,6.468000,6.221000
30,37,0,6.290200,6.182000,6.264000,6.267000,6.416000,6.322000
30,38,0,6.295600,6.029000,6.334000,6.299000,6.458000,6.358000
30,39,0,6.054800,6.163000,6.101000,6.126000,6.052000,5.832000
30,40,0,5.973400,5.888000,5.983000,5.859000,6.170000,5.967000
30,41,0,6.180400,6.108000,6.226000,6.220000,6.143000,6.205000
30,42,0,6.247400,6.181000,6.340000,6.112000,6.374000,6.230000
30,43,0,5.989600,5.854000,6.111000,6.085000,5.943000,5.955000
30,44,0,5.775200,5.669000,5.699000,5.859000,5.946000,5.703000
30,45,0,5.548200,5.522000,5.605000,5.622000,5.603000,5.389000
30,46,0,5.972600,5.919000,5.959000,6.120000,5.974000,5.891000
30,47,0,6.236200,6.180000,6.354000,6.201000,6.342000,6.104000
30,48,0,6.455800,6.349000,6.387000,6.500000,6.631000,6.412000
30,49,0,6.286400,6.180000,6.266000,6.355000,6.373000,6.258000
30,50,0,5.545200,5.557000,5.569000,5.503000,5.693000,5.404000
30,51,0,6.097200,6.065000,6.156000,6.036000,6.192000,6.037000
30,52,0,6.099800,6.050000,6.122000,6.027000,6.202000,6.098000
30,53,0,6.047800,5.830000,6.068000,6.116000,6.321000,5.904000
30,54,0,6.051800,5.991000,6.178000,6.123000,5.985000,5.982000
30,55,0,5.660400,5.689000,5.735000,5.647000,5.707000,5.524000
30,56,0,6.423800,6.455000,6.375000,6.491000,6.340000,6.458000
30,57,0,6.279200,6.283000,6.331000,6.200000,6.347000,6.235000
30,58,0,5.771200,5.560000,5.700000,5.853000,5.889000,5.854000
30,59,0,6.007200,6.010000,5.952000,6.030000,6.142000,5.902000
30,60,0,6.210200,6.162000,6.294000,6.186000,6.171000,6.238000
30,61,0,6.327600,6.346000,6.334000,6.380000,6.376000,6.202000
30,62,0,5.909000,5.913000,5.981000,5.806000,6.039000,5.806000
30,63,0,5.637000,5.599000,5.613000,5.749000,5.690000,5.534000
30,64,0,6.045200,6.032000,6.117000,5.928000,6.089000,6.060000
30,65,0,6.379400,6.143000,6.456000,6.363000,6.569000,6.366000
30,66,0,6.152400,6.154000,6.093000,6.269000,6.197000,6.049000
30,67,0,5.729000,5.557000,5.690000,5.908000,5.870000,5.620000
30,68,0,6.379200,6.276000,6.474000,6.387000,6.424000,6.335000
30,69,0,5.860400,5.755000,5.958000,5.865000,5.947000,5.777000
30,70,0,5.998800,5.901000,5.927000,5.896000,6.221000,6.049000
30,71,0,5.985200,5.937000,6.012000,5.797000,6.193000,5.987000
30,72,0,6.137000,6.232000,5.941000,6.340000,6.145000,6.027000
30,73,0,5.504400,5.511000,5.350000,5.448000,5.682000,5.531000
30,74,0,5.512800,5.549000,5.491000,5.457000,5.559000,5.508000
30,75,0,6.566800,6.559000,6.529000,6.482000,6.666000,6.598000
30,76,0,6.427800,6.276000,6.530000,6.477000,6.477000,6.379000
30,77,0,6.333400,6.246000,6.189000,6.357000,6.427000,6.448000
30,78,0,5.689800,5.605000,5.738000,5.648000,5.894000,5.564000
30,79,0,5.825200,5.807000,5.746000,5.876000,5.835000,5.862000
30,80,0,6.393600,6.388000,6.382000,6.401000,6.420000,6.377000
30,81,0,6.063800,6.057000,6.099000,6.160000,5.976000,6.027000
30,82,0,5.780800,5.804000,5.813000,5.737000,5.743000,5.807000
30,83,0,5.770600,5.704000,5.571000,5.804000,5.990000,5.784000
30,84,0,5.941600,5.825000,6.012000,5.872000,6.048000,5.951000
30,85,0,6.309400,6.243000,6.379000,6.311000,6.333000,6.281000
30,86,0,6.124200,6.104000,6.128000,6.091000,6.244000,6.054000
30,87,0,6.234600,6.137000,6.345000,6.198000,6.211000,6.282000
30,88,0,5.400600,5.330000,5.369000,5.247000,5.663000,5.394000
30,89,0,6.375400,6.092000,6.431000,6.531000,6.494000,6.329000
30,90,0,6.189400,6.321000,5.676000,6.246000,6.540000,6.164000
30,91,0,6.102000,6.097000,6.091000,6.141000,6.174000,6.007000
30,92,0,5.780800,5.767000,5.736000,5.685000,5.917000,5.799000
30,93,0,6.007000,5.944000,5.877000,6.043000,6.132000,6.039000
30,94,0,5.913200,5.949000,5.946000,5.797000,5.926000,5.948000
30,95,0,6.125400,6.236000,6.095000,6.061000,6.169000,6.066000
30,96,0,6.209200,6.158000,6.210000,6.121000,6.372000,6.185000
30,97,0,6.117200,6.081000,6.083000,6.113000,6.238000,6.071000
30,98,0,6.274400,6.164000,6.342000,6.424000,6.314000,6.128000
30,99,0,6.180000,6.162000,6.154000,6.225000,6.249000,6.110000
31,0,0,6.455400,6.515000,6.373000,6.329000,6.496000,6.564000
31,1,0,6.142000,6.132000,5.804000,6.139000,6.419000,6.216000
31,2,0,6.241400,6.324000,6.258000,6.173000,6.152000,6.300000
31,3,0,5.946600,5.915000,6.014000,5.975000,5.885000,5.944000
31,4,0,6.217600,6.232000,6.100000,6.218000,6.166000,6.372000
31,5,0,6.417600,6.322000,6.509000,6.330000,6.385000,6.542000
31,6,0,6.210800,6.313000,6.128000,6.211000,6.225000,6.177000
31,7,0,5.946400,6.024000,5.801000,5.885000,5.885000,6.137000
31,8,0,5.556600,5.584000,5.598000,5.506000,5.468000,5.627000
31,9,0,5.910400,5.956000,5.901000,5.812000,5.854000,6.029000
31,10,0,6.627600,6.639000,6.547000,6.634000,6.647000,6.671000
31,11,0,6.031200,5.984000,6.105000,6.066000,5.973000,6.028000
31,12,0,6.290200,6.196000,6.380000,6.392000,6.223000,6.260000
31,13,0,5.897400,5.961000,5.929000,5.774000,5.880000,5.943000
31,14,0,6.055600,6.160000,5.980000,6.095000,5.906000,6.137000
31,15,0,6.269200,6.389000,6.290000,6.111000,6.170000,6.386000
31,16,0,5.863600,5.875000,5.965000,5.711000,5.730000,6.037000
31,17,0,5.881200,5.909000,5.938000,5.857000,5.821000,5.881000
31,18,0,6.233600,6.133000,6.273000,6.219000,6.196000,6.347000
31,19,0,6.061200,6.293000,6.105000,5.897000,5.868000,6.143000
31,20,0,6.289200,6.281000,6.285000,6.205000,6.261000,6.414000
31,21,0,6.229200,6.169000,6.298000,6.206000,6.122000,6.351000
31,22,0,6.075400,6.061000,6.101000,6.036000,6.047000,6.132000
31,23,0,6.216800,6.106000,6.175000,6.235000,6.114000,6.454000
31,24,0,6.447200,6.394000,6.398000,6.503000,6.414000,6.527000
31,25,0,5.509800,5.405000,5.509000,5.558000,5.510000,5.567000
31,26,0,6.333800,6.322000,6.465000,6.256000,6.251000,6.375000
31,27,0,6.471200,6.463000,6.434000,6.505000,6.324000,6.630000
31,28,0,5.914200,5.969000,5.854000,5.827000,5.889000,6.032000
31,29,0,6.615000,6.594000,6.648000,6.475000,6.609000,6.749000
31,30,0,6.429600,6.519000,6.347000,6.379000,6.356000,6.547000
31,31,0,6.614000,6.627000,6.595000,6.548000,6.544000,6.756000
31,32,0,6.093400,5.955000,6.114000,6.135000,6.159000,6.104000
31,33,0,6.064000,6.052000,6.013000,6.052000,6.029000,6.174000
31,34,0,6.401800,6.510000,6.362000,6.335000,6.296000,6.506000
31,35,0,6.260400,6.283000,6.261000,6.297000,6.104000,6.357000
31,36,0,6.063600,6.046000,6.026000,6.072000,6.032000,6.142000
31,37,0,5.800600,5.943000,5.520000,5.904000,5.870000,5.766000
31,38,0,6.109000,6.077000,6.029000,6.240000,6.102000,6.097000
31,39,0,6.088800,6.087000,6.191000,5.837000,6.104000,6.225000
31,40,0,6.123400,6.091000,5.861000,6.150000,6.306000,6.209000
31,41,0,6.176600,6.122000,5.864000,6.216000,6.363000,6.318000
31,42,0,5.829200,6.049000,5.610000,5.794000,5.780000,5.913000
31,43,0,6.637000,6.755000,6.522000,6.643000,6.540000,6.725000
31,44,0,5.928400,5.867000,5.926000,5.920000,5.955000,5.974000
31,45,0,6.102600,6.022000,6.154000,5.985000,6.078000,6.274000
31,46,0,6.359000,6.451000,6.196000,6.378000,6.367000,6.403000
31,47,0,6.484200,6.462000,6.484000,6.549000,6.282000,6.644000
31,48,0,6.140600,6.163000,6.016000,6.204000,6.116000,6.204000
31,49,0,6.259200,6.284000,6.135000,6.309000,6.238000,6.330000
31,50,0,5.960200,5.986000,5.957000,6.003000,5.825000,6.030000
31,51,0,6.363400,6.454000,6.388000,6.326000,6.209000,6.440000
31,52,0,6.125200,6.050000,6.082000,6.098000,6.075000,6.321000
31,53,0,5.857600,5.872000,5.877000,5.884000,5.746000,5.909000
31,54,0,6.568800,6.588000,6.593000,6.541000,6.427000,6.695000
31,55,0,6.073400,6.089000,6.045000,5.996000,5.948000,6.289000
31,56,0,6.457800,6.521000,6.135000,6.541000,6.608000,6.484000
31,57,0,6.055000,5.957000,6.109000,6.083000,6.046000,6.080000
31,58,0,5.708800,5.658000,5.735000,5.598000,5.686000,5.867000
31,59,0,6.570000,6.613000,6.530000,6.606000,6.551000,6.550000
31,60,0,5.528000,5.565000,5.676000,5.514000,5.384000,5.501000
31,61,0,6.283200,6.332000,6.232000,6.282000,6.217000,6.353000
31,62,0,6.252200,6.310000,6.195000,6.217000,6.171000,6.368000
31,63,0,6.562200,6.529000,6.596000,6.409000,6.556000,6.721000
31,64,0,6.426000,6.587000,6.179000,6.559000,6.467000,6.338000
31,65,0,5.946600,5.786000,6.084000,5.904000,5.922000,6.037000
31,66,0,6.281000,6.348000,6.346000,6.232000,6.179000,6.300000
31,67,0,6.297800,6.294000,6.301000,6.252000,6.252000,6.390000
31,68,0,6.449200,6.482000,6.299000,6.512000,6.402000,6.551000
31,69,0,5.664800,5.600000,5.718000,5.616000,5.631000,5.759000
31,70,0,6.308800,6.301000,6.215000,6.323000,6.249000,6.456000
31,71,0,5.995200,5.998000,6.096000,5.910000,5.910000,6.062000
31,72,0,6.145200,6.225000,6.161000,6.086000,6.055000,6.199000
31,73,0,6.256600,6.263000,6.329000,6.190000,6.179000,6.322000
31,74,0,6.014000,5.960000,6.066000,5.878000,6.013000,6.153000
31,75,0,6.406800,6.453000,6.278000,6.537000,6.342000,6.424000
31,76,0,5.666800,5.558000,5.738000,5.612000,5.607000,5.819000
31,77,0,6.270600,6.271000,6.263000,6.285000,6.121000,6.413000
31,78,0,6.266800,6.145000,6.295000,6.128000,6.178000,6.588000
31,79,0,6.302800,6.208000,6.183000,6.428000,6.291000,6.404000
31,80,0,6.281400,6.360000,6.200000,6.229000,6.386000,6.232000
31,81,0,6.064200,6.044000,5.949000,6.011000,6.134000,6.183000
31,82,0,5.978000,5.883000,5.978000,5.985000,5.922000,6.122000
31,83,0,5.667600,5.710000,5.725000,5.740000,5.555000,5.608000
31,84,0,6.232200,6.293000,6.067000,6.196000,6.149000,6.456000
31,85,0,5.700000,5.700000,5.741000,5.613000,5.567000,5.879000
31,86,0,6.140800,6.035000,6.212000,6.152000,6.172000,6.133000
31,87,0,5.946600,5.809000,5.597000,5.956000,6.342000,6.029000
31,88,0,5.491800,5.381000,5.490000,5.460000,5.466000,5.662000
31,89,0,6.127600,6.299000,6.185000,5.988000,6.053000,6.113000
31,90,0,6.335600,6.307000,6.399000,6.359000,6.203000,6.410000
31,91,0,6.147800,6.075000,5.897000,6.117000,6.402000,6.248000
31,92,0,6.039400,6.043000,6.084000,5.996000,6.028000,6.046000
31,93,0,6.302200,6.314000,6.238000,6.308000,6.215000,6.436000
31,94,0,5.911800,5.941000,5.820000,5.943000,5.877000,5.978000
31,95,0,5.954600,5.943000,5.946000,5.950000,5.886000,6.048000
31,96,0,6.473000,6.513000,6.455000,6.397000,6.423000,6.577000
31,97,0,6.088600,6.086000,5.756000,6.241000,6.183000,6.177000
31,98,0,5.822400,5.707000,5.802000,5.817000,5.889000,5.897000
31,99,0,5.815200,5.828000,5.825000,5.777000,5.751000,5.895000
32,0,0,6.547200,6.498000,6.372000,6.646000,6.606000,6.614000
32,1,0,6.416800,6.437000,6.335000,6.352000,6.451000,6.509000
32,2,0,6.098000,6.037000,6.082000,6.138000,6.086000,6.147000
32,3,0,6.285600,6.267000,6.236000,6.280000,6.259000,6.386000
32,4,0,5.948400,5.858000,5.988000,5.983000,5.932000,5.981000
32,5,0,6.207800,6.233000,6.228000,6.262000,6.054000,6.262000
32,6,0,6.336400,6.296000,6.318000,6.484000,6.246000,6.338000
32,7,0,6.426000,6.359000,6.393000,6.472000,6.417000,6.489000
32,8,0,6.460000,6.487000,6.391000,6.424000,6.449000,6.549000
32,9,0,6.528600,6.544000,6.405000,6.585000,6.487000,6.622000
32,10,0,6.346400,6.457000,6.334000,6.350000,6.233000,6.358000
32,11,0,6.248600,6.246000,6.235000,6.291000,6.249000,6.222000
32,12,0,6.279400,6.273000,6.255000,6.262000,6.260000,6.347000
32,13,0,5.854000,5.909000,5.842000,5.819000,5.723000,5.977000
32,14,0,6.007200,5.987000,6.001000,6.038000,5.784000,6.226000
32,15,0,6.238600,6.175000,6.066000,6.296000,6.265000,6.391000
32,16,0,6.266000,6.247000,6.047000,6.441000,6.240000,6.355000
32,17,0,6.141400,5.983000,6.234000,6.160000,6.175000,6.155000
32,18,0,6.392400,6.456000,6.426000,6.567000,6.272000,6.241000
32,19,0,6.603600,6.610000,6.546000,6.675000,6.520000,6.667000
32,20,0,6.232800,6.206000,6.074000,6.331000,6.337000,6.216000
32,21,0,6.244600,6.156000,6.209000,6.240000,6.285000,6.333000
32,22,0,5.798000,5.827000,5.857000,5.699000,5.854000,5.753000
32,23,0,6.431400,6.419000,6.337000,6.469000,6.381000,6.551000
32,24,0,6.421600,6.502000,6.375000,6.378000,6.393000,6.460000
32,25,0,5.731400,5.608000,5.727000,5.767000,5.694000,5.861000
32,26,0,6.299600,6.178000,6.252000,6.355000,6.257000,6.456000
32,27,0,6.102000,6.035000,6.160000,6.140000,5.915000,6.260000
32,28,0,6.763200,6.695000,6.723000,6.785000,6.845000,6.768000
32,29,0,6.111200,6.126000,6.068000,6.135000,6.034000,6.193000
32,30,0,6.266600,6.305000,6.334000,6.284000,6.129000,6.281000
32,31,0,6.293400,6.247000,6.306000,6.305000,6.365000,6.244000
32,32,0,6.427600,6.479000,6.357000,6.455000,6.335000,6.512000
32,33,0,6.047000,6.004000,6.049000,6.072000,6.016000,6.094000
32,34,0,6.083600,6.115000,5.848000,6.305000,6.087000,6.063000
32,35,0,6.336200,6.264000,6.413000,6.350000,6.184000,6.470000
32,36,0,6.248800,6.231000,6.050000,6.291000,6.377000,6.295000
32,37,0,6.256000,6.274000,6.287000,6.144000,6.305000,6.270000
32,38,0,5.927000,6.247000,5.653000,6.304000,5.615000,5.816000
32,39,0,6.157800,6.081000,6.125000,6.216000,6.114000,6.253000
32,40,0,5.382200,5.366000,5.427000,5.479000,5.170000,5.469000
32,41,0,6.388800,6.388000,6.319000,6.433000,6.410000,6.394000
32,42,0,6.422000,6.418000,6.330000,6.412000,6.328000,6.622000
32,43,0,6.751200,6.747000,6.821000,6.832000,6.505000,6.851000
32,44,0,6.150000,6.056000,6.134000,6.351000,6.030000,6.179000
32,45,0,6.224600,6.152000,6.107000,6.235000,6.238000,6.391000
32,46,0,6.728800,6.750000,6.600000,6.815000,6.748000,6.731000
32,47,0,5.553000,5.577000,5.428000,5.487000,5.509000,5.764000
32,48,0,5.889800,5.826000,6.015000,5.986000,5.791000,5.831000
32,49,0,6.422000,6.398000,6.367000,6.495000,6.415000,6.435000
32,50,0,5.697000,5.698000,5.699000,5.599000,5.750000,5.739000
32,51,0,5.642600,5.690000,5.587000,5.579000,5.622000,5.735000
32,52,0,6.049800,6.015000,6.052000,6.072000,6.052000,6.058000
32,53,0,6.264400,6.174000,6.240000,6.403000,6.221000,6.284000
32,54,0,6.203800,6.193000,6.245000,6.308000,6.033000,6.240000
32,55,0,6.438800,6.230000,6.482000,6.592000,6.408000,6.482000
32,56,0,6.152800,6.140000,6.151000,6.208000,6.062000,6.203000
32,57,0,6.130600,6.118000,6.121000,6.228000,6.061000,6.125000
32,58,0,6.367600,6.422000,6.203000,6.534000,6.179000,6.500000
32,59,0,6.155200,6.205000,6.068000,6.175000,6.138000,6.190000
32,60,0,6.014600,6.045000,5.838000,6.077000,6.020000,6.093000
32,61,0,6.209600,6.214000,6.291000,6.189000,6.070000,6.284000
32,62,0,5.766200,5.626000,5.902000,5.582000,5.783000,5.938000
32,63,0,6.260000,6.279000,6.261000,6.412000,6.134000,6.214000
32,64,0,6.396800,6.239000,6.415000,6.339000,6.439000,6.552000
32,65,0,6.507000,6.501000,6.626000,6.495000,6.365000,6.548000
32,66,0,6.081800,6.021000,6.186000,5.982000,5.951000,6.269000
32,67,0,6.050600,6.047000,6.078000,6.121000,5.975000,6.032000
32,68,0,6.362600,6.444000,6.312000,6.368000,6.327000,6.362000
32,69,0,5.867800,5.953000,5.969000,5.966000,5.711000,5.740000
32,70,0,6.548400,6.470000,6.547000,6.539000,6.592000,6.594000
32,71,0,6.547200,6.526000,6.484000,6.612000,6.545000,6.569000
32,72,0,6.718400,6.763000,6.698000,6.745000,6.609000,6.777000
32,73,0,6.414200,6.416000,6.334000,6.389000,6.336000,6.596000
32,74,0,6.249800,6.337000,6.295000,6.300000,6.034000,6.283000
32,75,0,5.747000,5.517000,5.798000,5.832000,5.721000,5.867000
32,76,0,6.317200,6.278000,6.339000,6.456000,6.011000,6.502000
32,77,0,6.357000,6.306000,6.432000,6.387000,6.233000,6.427000
32,78,0,6.394200,6.336000,6.416000,6.286000,6.444000,6.489000
32,79,0,5.856200,5.830000,5.947000,5.959000,5.800000,5.745000
32,80,0,6.036200,5.979000,6.143000,6.101000,5.890000,6.068000
32,81,0,6.095800,6.071000,6.094000,6.132000,5.997000,6.185000
32,82,0,6.265000,6.299000,6.097000,6.343000,6.230000,6.356000
32,83,0,5.674800,5.613000,5.766000,5.684000,5.501000,5.810000
32,84,0,5.896400,5.749000,5.967000,6.030000,5.852000,5.884000
32,85,0,6.793200,6.664000,6.761000,6.850000,6.785000,6.906000
32,86,0,6.512000,6.536000,6.536000,6.585000,6.315000,6.588000
32,87,0,5.959800,6.027000,5.914000,5.950000,5.842000,6.066000
32,88,0,6.311400,6.260000,6.241000,6.290000,6.323000,6.443000
32,89,0,6.387200,6.404000,6.301000,6.473000,6.386000,6.372000
32,90,0,6.289600,6.499000,6.411000,6.088000,5.927000,6.523000
32,91,0,6.294800,6.293000,6.311000,6.287000,6.319000,6.264000
32,92,0,6.429200,6.431000,6.354000,6.437000,6.357000,6.567000
32,93,0,6.560000,6.603000,6.450000,6.562000,6.501000,6.684000
32,94,0,6.345600,6.346000,6.360000,6.393000,6.377000,6.252000
32,95,0,6.968000,6.887000,6.934000,7.077000,6.946000,6.996000
32,96,0,6.209800,6.174000,5.989000,6.350000,6.157000,6.379000
32,97,0,6.116800,6.176000,6.199000,6.193000,5.942000,6.074000
32,98,0,6.204800,6.127000,6.173000,6.202000,6.290000,6.232000
32,99,0,5.644200,5.576000,5.625000,5.629000,5.690000,5.701000
33,0,0,6.365600,6.469000,6.350000,6.472000,6.187000,6.350000
33,1,0,6.359800,6.483000,6.382000,6.267000,6.329000,6.338000
33,2,0,6.556400,6.680000,6.623000,6.561000,6.388000,6.530000
33,3,0,6.464800,6.468000,6.467000,6.497000,6.368000,6.524000
33,4,0,6.270400,6.363000,6.261000,6.279000,6.229000,6.220000
33,5,0,6.081400,6.247000,6.199000,6.057000,5.898000,6.006000
33,6,0,6.048000,6.140000,6.125000,6.042000,5.870000,6.063000
33,7,0,6.206600,6.293000,6.132000,6.258000,6.175000,6.175000
33,8,0,6.013400,6.159000,6.231000,6.002000,5.850000,5.825000
33,9,0,5.980800,6.112000,5.894000,5.964000,5.986000,5.948000
33,10,0,6.065400,6.184000,6.091000,6.063000,5.927000,6.062000
33,11,0,5.755400,5.872000,5.667000,5.721000,5.802000,5.715000
33,12,0,6.516200,6.570000,6.623000,6.622000,6.362000,6.404000
33,13,0,5.977600,6.105000,6.019000,5.968000,5.765000,6.031000
33,14,0,5.641000,5.795000,5.667000,5.668000,5.465000,5.610000
33,15,0,6.655400,6.639000,6.657000,6.632000,6.563000,6.786000
33,16,0,6.232600,6.360000,6.328000,6.277000,6.092000,6.106000
33,17,0,6.265800,6.191000,6.423000,6.240000,6.254000,6.221000
33,18,0,6.229000,6.298000,6.294000,6.207000,6.234000,6.112000
33,19,0,6.236000,6.288000,6.358000,6.268000,6.112000,6.154000
33,20,0,6.661000,6.800000,6.707000,6.725000,6.496000,6.577000
33,21,0,6.423800,6.604000,6.401000,6.474000,6.403000,6.237000
33,22,0,6.015800,6.179000,6.097000,5.950000,5.945000,5.908000
33,23,0,6.403600,6.592000,6.469000,6.424000,6.266000,6.267000
33,24,0,6.440600,6.576000,6.585000,6.344000,6.311000,6.387000
33,25,0,6.345000,6.331000,6.312000,6.464000,6.240000,6.378000
33,26,0,6.719200,6.826000,6.773000,6.646000,6.634000,6.717000
33,27,0,6.269800,6.346000,6.238000,6.361000,6.285000,6.119000
33,28,0,6.035800,6.117000,6.110000,6.031000,5.914000,6.007000
33,29,0,6.029200,6.132000,6.114000,6.167000,5.940000,5.793000
33,30,0,6.465600,6.605000,6.616000,6.143000,6.478000,6.486000
33,31,0,6.696800,6.743000,6.700000,6.738000,6.664000,6.639000
33,32,0,6.414800,6.491000,6.445000,6.558000,6.206000,6.374000
33,33,0,6.262800,6.410000,6.362000,6.322000,6.042000,6.178000
33,34,0,6.263200,6.558000,6.009000,5.881000,6.344000,6.524000
33,35,0,6.202600,6.236000,6.159000,6.298000,6.160000,6.160000
33,36,0,6.609800,6.721000,6.564000,6.677000,6.492000,6.595000
33,37,0,6.629200,6.696000,6.682000,6.620000,6.579000,6.569000
33,38,0,6.174400,6.269000,6.281000,6.146000,6.103000,6.073000
33,39,0,6.113200,6.270000,6.081000,6.059000,6.078000,6.078000
33,40,0,6.027800,6.069000,6.004000,6.131000,5.862000,6.073000
33,41,0,5.882800,6.002000,5.961000,5.861000,5.793000,5.797000
33,42,0,6.590400,6.735000,6.704000,6.651000,6.481000,6.381000
33,43,0,6.108200,6.208000,6.103000,6.114000,6.054000,6.062000
33,44,0,5.875200,5.972000,5.882000,5.880000,5.744000,5.898000
33,45,0,6.538400,6.650000,6.626000,6.585000,6.434000,6.397000
33,46,0,5.980000,6.030000,6.046000,5.897000,5.846000,6.081000
33,47,0,6.087000,6.151000,6.085000,6.183000,6.042000,5.974000
33,48,0,6.222200,6.367000,6.231000,6.210000,6.130000,6.173000
33,49,0,6.379600,6.585000,6.511000,6.294000,6.217000,6.291000
33,50,0,6.298400,6.359000,6.273000,6.377000,6.165000,6.318000
33,51,0,6.327400,6.513000,6.351000,6.345000,6.214000,6.214000
33,52,0,5.649800,5.730000,5.660000,5.578000,5.593000,5.688000
33,53,0,5.808200,5.908000,5.837000,5.827000,5.766000,5.703000
33,54,0,6.458000,6.569000,6.515000,6.473000,6.332000,6.401000
33,55,0,6.039200,6.210000,6.123000,5.872000,5.917000,6.074000
33,56,0,6.273400,6.102000,6.367000,6.322000,6.313000,6.263000
33,57,0,6.120400,6.255000,6.115000,6.108000,6.007000,6.117000
33,58,0,6.654400,6.730000,6.685000,6.637000,6.638000,6.582000
33,59,0,6.339200,6.430000,6.409000,6.500000,6.216000,6.141000
33,60,0,6.249000,6.374000,6.311000,6.272000,6.178000,6.110000
33,61,0,6.121800,6.225000,6.265000,6.175000,5.977000,5.967000
33,62,0,6.672800,6.933000,6.693000,6.681000,6.537000,6.520000
33,63,0,6.476000,6.588000,6.402000,6.529000,6.421000,6.440000
33,64,0,6.852400,6.957000,6.875000,6.807000,6.782000,6.841000
33,65,0,5.882800,6.055000,5.964000,5.700000,5.760000,5.935000
33,66,0,6.271600,6.324000,6.330000,6.261000,6.261000,6.182000
33,67,0,5.929600,6.102000,5.991000,5.908000,5.781000,5.866000
33,68,0,6.201200,6.269000,6.252000,6.218000,6.033000,6.234000
33,69,0,5.873600,6.002000,5.997000,5.944000,5.747000,5.678000
33,70,0,6.171200,6.285000,6.218000,6.226000,6.133000,5.994000
33,71,0,6.129800,6.293000,6.161000,6.148000,6.019000,6.028000
33,72,0,6.423600,6.464000,6.476000,6.450000,6.275000,6.453000
33,73,0,6.186400,6.133000,6.291000,6.219000,6.111000,6.178000
33,74,0,5.852600,5.979000,5.982000,5.732000,5.807000,5.763000
33,75,0,6.337200,6.439000,6.272000,6.356000,6.254000,6.365000
33,76,0,6.526800,6.646000,6.558000,6.531000,6.325000,6.574000
33,77,0,6.538200,6.595000,6.670000,6.491000,6.358000,6.577000
33,78,0,5.916000,5.986000,6.026000,5.878000,5.766000,5.924000
33,79,0,6.313000,6.500000,6.409000,6.255000,6.203000,6.198000
33,80,0,5.959600,5.973000,6.000000,5.955000,5.942000,5.928000
33,81,0,5.877200,5.948000,5.938000,5.919000,5.757000,5.824000
33,82,0,6.187200,6.257000,6.242000,6.242000,6.045000,6.150000
33,83,0,6.152800,5.989000,6.464000,5.732000,6.288000,6.291000
33,84,0,6.387600,6.658000,6.392000,6.395000,6.319000,6.174000
33,85,0,6.673600,6.776000,6.781000,6.547000,6.624000,6.640000
33,86,0,6.297200,6.478000,6.290000,6.347000,6.151000,6.220000
33,87,0,6.207400,6.260000,6.323000,6.212000,6.097000,6.145000
33,88,0,6.200000,6.343000,6.240000,6.319000,5.985000,6.113000
33,89,0,5.583000,5.698000,5.591000,5.540000,5.475000,5.611000
33,90,0,6.560600,6.721000,6.566000,6.563000,6.517000,6.436000
33,91,0,6.546600,6.721000,6.624000,6.413000,6.427000,6.548000
33,92,0,6.252000,6.325000,6.201000,6.235000,6.252000,6.247000
33,93,0,6.369200,6.501000,6.361000,6.479000,6.228000,6.277000
33,94,0,6.052400,6.243000,5.974000,6.144000,5.898000,6.003000
33,95,0,6.566400,6.682000,6.601000,6.598000,6.494000,6.457000
33,96,0,6.403600,6.461000,6.484000,6.497000,6.210000,6.366000
33,97,0,6.297400,6.316000,6.405000,6.329000,6.234000,6.203000
33,98,0,6.082000,6.235000,6.163000,5.909000,6.033000,6.070000
33,99,0,5.939000,6.096000,5.958000,5.861000,6.120000,5.660000
34,0,0,6.347800,6.348000,6.241000,6.440000,6.335000,6.375000
34,1,0,6.709800,6.611000,6.682000,6.822000,6.672000,6.762000
34,2,0,6.299000,6.287000,6.475000,6.385000,6.056000,6.292000
34,3,0,6.360200,6.299000,6.318000,6.517000,6.461000,6.206000
34,4,0,6.516000,6.607000,6.521000,6.563000,6.422000,6.467000
34,5,0,5.998000,6.098000,5.952000,5.980000,5.921000,6.039000
34,6,0,6.517600,6.595000,6.467000,6.591000,6.545000,6.390000
34,7,0,6.426600,6.615000,6.503000,6.400000,6.296000,6.319000
34,8,0,6.101200,6.155000,6.030000,6.102000,6.026000,6.193000
34,9,0,6.637400,6.619000,6.443000,6.758000,6.714000,6.653000
34,10,0,5.775600,5.796000,5.652000,5.779000,5.863000,5.788000
34,11,0,6.135600,6.189000,6.206000,6.160000,5.997000,6.126000
34,12,0,6.620800,6.611000,6.728000,6.766000,6.527000,6.472000
34,13,0,6.321800,6.510000,6.268000,6.310000,6.302000,6.219000
34,14,0,6.500000,6.566000,6.545000,6.609000,6.438000,6.342000
34,15,0,6.521800,6.454000,6.502000,6.657000,6.425000,6.571000
34,16,0,6.267600,6.367000,6.467000,5.881000,6.579000,6.044000
34,17,0,5.842600,5.877000,5.716000,5.923000,5.894000,5.803000
34,18,0,6.451000,6.435000,6.461000,6.567000,6.392000,6.400000
34,19,0,6.532000,6.716000,6.403000,6.633000,6.444000,6.464000
34,20,0,6.726800,6.908000,6.714000,6.781000,6.672000,6.559000
34,21,0,6.326600,6.360000,6.331000,6.359000,6.228000,6.355000
34,22,0,6.349600,6.463000,6.336000,6.271000,6.382000,6.296000
34,23,0,6.488600,6.515000,6.548000,6.536000,6.407000,6.437000
34,24,0,5.923000,5.852000,5.964000,6.053000,5.887000,5.859000
34,25,0,6.627400,6.748000,6.531000,6.656000,6.556000,6.646000
34,26,0,6.592600,6.600000,6.565000,6.562000,6.574000,6.662000
34,27,0,5.955600,6.000000,5.997000,5.918000,5.904000,5.959000
34,28,0,6.236600,6.243000,6.095000,6.377000,6.304000,6.164000
34,29,0,6.559000,6.562000,6.607000,6.705000,6.423000,6.498000
34,30,0,6.756200,6.900000,6.721000,6.832000,6.565000,6.763000
34,31,0,6.578800,6.487000,6.565000,6.575000,6.696000,6.571000
34,32,0,6.250200,6.345000,6.260000,6.381000,6.156000,6.109000
34,33,0,5.833000,5.928000,5.586000,5.834000,5.601000,6.216000
34,34,0,6.705200,6.776000,6.717000,6.652000,6.683000,6.698000
34,35,0,6.436200,6.524000,6.481000,6.443000,6.289000,6.444000
34,36,0,6.419400,6.487000,6.413000,6.496000,6.372000,6.329000
34,37,0,6.585200,6.609000,6.675000,6.630000,6.490000,6.522000
34,38,0,6.683800,6.744000,6.664000,6.838000,6.538000,6.635000
34,39,0,6.730600,6.796000,6.791000,6.705000,6.609000,6.752000
34,40,0,6.233400,6.396000,6.151000,6.349000,6.195000,6.076000
34,41,0,6.364200,6.461000,6.397000,6.472000,6.125000,6.366000
34,42,0,6.350200,6.520000,6.462000,6.231000,6.231000,6.307000
34,43,0,6.223200,6.338000,6.236000,6.361000,6.117000,6.064000
34,44,0,6.904600,6.948000,6.988000,6.931000,6.782000,6.874000
34,45,0,6.229200,6.249000,6.148000,6.338000,6.117000,6.294000
34,46,0,6.031600,6.047000,5.950000,6.044000,6.054000,6.063000
34,47,0,6.884800,6.864000,6.881000,6.979000,6.878000,6.822000
34,48,0,5.870800,5.972000,5.796000,5.946000,5.788000,5.852000
34,49,0,6.221600,6.317000,6.260000,6.316000,6.122000,6.093000
34,50,0,6.551000,6.607000,6.419000,6.596000,6.621000,6.512000
34,51,0,6.264800,6.294000,6.146000,6.333000,6.243000,6.308000
34,52,0,6.423400,6.397000,6.500000,6.602000,6.352000,6.266000
34,53,0,6.625800,6.739000,6.628000,6.664000,6.604000,6.494000
34,54,0,6.598800,6.727000,6.604000,6.668000,6.482000,6.513000
34,55,0,6.871400,6.950000,6.908000,6.785000,6.817000,6.897000
34,56,0,6.455400,6.521000,6.436000,6.540000,6.346000,6.434000
34,57,0,6.353600,6.369000,6.383000,6.485000,6.324000,6.207000
34,58,0,6.763400,6.859000,6.761000,6.818000,6.747000,6.632000
34,59,0,6.613000,6.867000,6.484000,6.699000,6.608000,6.407000
34,60,0,6.114600,6.147000,6.024000,6.156000,6.109000,6.137000
34,61,0,6.045800,6.097000,5.967000,6.293000,5.914000,5.958000
34,62,0,6.006200,6.053000,6.079000,5.959000,6.019000,5.921000
34,63,0,6.199200,6.306000,6.119000,6.321000,6.107000,6.143000
34,64,0,6.335400,6.366000,6.344000,6.371000,6.444000,6.152000
34,65,0,6.463400,6.553000,6.497000,6.370000,6.566000,6.331000
34,66,0,6.884800,6.892000,6.899000,6.908000,6.867000,6.858000
34,67,0,6.309400,6.356000,6.270000,6.381000,6.164000,6.376000
34,68,0,6.568400,6.538000,6.549000,6.706000,6.564000,6.485000
34,69,0,6.265400,6.382000,6.201000,6.370000,6.177000,6.197000
34,70,0,6.230000,6.151000,6.170000,6.283000,6.206000,6.340000
34,71,0,6.512400,6.598000,6.533000,6.459000,6.530000,6.442000
34,72,0,6.094000,6.144000,5.989000,6.075000,6.122000,6.140000
34,73,0,6.734200,6.859000,6.737000,6.700000,6.684000,6.691000
34,74,0,6.760200,6.800000,6.819000,6.723000,6.661000,6.798000
34,75,0,6.513200,6.676000,6.425000,6.574000,6.431000,6.460000
34,76,0,6.362800,6.520000,6.307000,6.401000,6.274000,6.312000
34,77,0,6.237400,6.320000,6.301000,6.230000,6.206000,6.130000
34,78,0,6.168600,6.242000,6.140000,6.180000,6.112000,6.169000
34,79,0,5.952400,5.995000,5.985000,5.945000,5.859000,5.978000
34,80,0,6.341600,6.418000,6.373000,6.387000,6.140000,6.390000
34,81,0,5.849400,5.898000,5.710000,5.935000,5.844000,5.860000
34,82,0,5.941400,5.879000,5.971000,6.021000,5.861000,5.975000
34,83,0,6.744200,6.765000,6.645000,6.864000,6.714000,6.733000
34,84,0,6.617600,6.674000,6.597000,6.723000,6.589000,6.505000
34,85,0,6.293800,6.252000,6.133000,6.440000,6.335000,6.309000
34,86,0,6.201600,6.114000,6.263000,6.198000,6.130000,6.303000
34,87,0,6.505600,6.581000,6.498000,6.579000,6.466000,6.404000
34,88,0,6.795600,6.829000,6.756000,6.801000,6.758000,6.834000
34,89,0,6.479600,6.517000,6.346000,6.592000,6.405000,6.538000
34,90,0,6.150000,6.200000,6.201000,6.184000,5.999000,6.166000
34,91,0,5.996200,5.970000,5.785000,6.106000,6.087000,6.033000
34,92,0,6.711800,6.798000,6.588000,6.887000,6.633000,6.653000
34,93,0,6.798600,6.852000,6.755000,6.824000,6.742000,6.820000
34,94,0,6.413600,6.344000,6.408000,6.552000,6.355000,6.409000
34,95,0,6.465000,6.413000,6.429000,6.497000,6.512000,6.474000
34,96,0,6.237600,6.333000,6.282000,6.369000,6.142000,6.062000
34,97,0,6.629800,6.780000,6.517000,6.613000,6.651000,6.588000
34,98,0,6.202200,6.262000,6.081000,6.274000,6.257000,6.137000
34,99,0,6.558000,6.617000,6.622000,6.615000,6.434000,6.502000
35,0,0,6.528800,6.504000,6.320000,6.597000,6.610000,6.613000
35,1,0,6.537000,6.465000,6.578000,6.447000,6.670000,6.525000
35,2,0,6.864400,6.879000,6.860000,6.784000,6.909000,6.890000
35,3,0,6.699800,6.654000,6.635000,6.641000,6.853000,6.716000
35,4,0,6.253600,6.183000,6.305000,6.183000,6.264000,6.333000
35,5,0,6.166400,6.092000,6.204000,6.108000,6.295000,6.133000
35,6,0,6.166800,5.946000,6.272000,6.087000,6.292000,6.237000
35,7,0,5.997800,5.776000,6.069000,6.065000,6.137000,5.942000
35,8,0,6.600400,6.503000,6.487000,6.620000,6.733000,6.659000
35,9,0,6.702000,6.657000,6.643000,6.614000,6.761000,6.835000
35,10,0,5.985400,5.641000,6.112000,5.941000,6.105000,6.128000
35,11,0,6.625800,6.614000,6.642000,6.606000,6.659000,6.608000
35,12,0,6.577600,6.494000,6.521000,6.630000,6.630000,6.613000
35,13,0,6.799600,6.792000,6.671000,6.758000,6.922000,6.855000
35,14,0,5.752800,5.742000,5.710000,5.598000,5.881000,5.833000
35,15,0,6.808000,6.755000,6.745000,6.828000,6.798000,6.914000
35,16,0,6.662200,6.564000,6.630000,6.569000,6.715000,6.833000
35,17,0,6.741000,6.693000,6.775000,6.716000,6.754000,6.767000
35,18,0,6.384800,6.252000,6.385000,6.336000,6.502000,6.449000
35,19,0,5.803400,5.671000,5.807000,5.617000,6.067000,5.855000
35,20,0,6.645200,6.694000,6.450000,6.703000,6.755000,6.624000
35,21,0,6.482200,6.505000,6.437000,6.403000,6.616000,6.450000
35,22,0,6.415600,6.357000,6.421000,6.272000,6.459000,6.569000
35,23,0,6.264600,6.143000,6.207000,6.194000,6.382000,6.397000
35,24,0,6.055800,5.989000,6.078000,6.002000,6.120000,6.090000
35,25,0,6.550000,6.485000,6.444000,6.561000,6.591000,6.669000
35,26,0,6.225800,6.145000,6.109000,6.276000,6.305000,6.294000
35,27,0,6.055200,6.026000,6.005000,5.867000,6.135000,6.243000
35,28,0,5.881800,5.729000,5.946000,5.815000,5.998000,5.921000
35,29,0,6.064800,6.003000,6.057000,6.046000,6.071000,6.147000
35,30,0,6.198600,6.206000,6.278000,5.970000,6.277000,6.262000
35,31,0,6.690200,6.715000,6.578000,6.629000,6.776000,6.753000
35,32,0,6.986000,6.937000,6.853000,6.991000,7.083000,7.066000
35,33,0,6.319000,6.281000,6.310000,6.304000,6.304000,6.396000
35,34,0,6.802400,6.716000,6.845000,6.725000,6.891000,6.835000
35,35,0,6.442000,6.359000,6.382000,6.353000,6.621000,6.495000
35,36,0,6.199000,6.154000,6.198000,6.147000,6.343000,6.153000
35,37,0,6.808000,6.869000,6.754000,6.870000,6.690000,6.857000
35,38,0,6.594800,6.602000,6.563000,6.495000,6.615000,6.699000
35,39,0,6.247600,6.318000,6.160000,6.118000,6.313000,6.329000
35,40,0,6.489400,6.377000,6.495000,6.496000,6.564000,6.515000
35,41,0,5.995400,5.968000,5.947000,5.911000,6.025000,6.126000
35,42,0,5.992600,5.988000,5.994000,5.733000,6.180000,6.068000
35,43,0,6.696800,6.680000,6.654000,6.596000,6.725000,6.829000
35,44,0,6.630200,6.570000,6.586000,6.609000,6.774000,6.612000
35,45,0,5.836600,5.885000,5.756000,5.722000,5.825000,5.995000
35,46,0,6.457600,6.442000,6.282000,6.485000,6.539000,6.540000
35,47,0,6.355400,6.365000,6.275000,6.268000,6.405000,6.464000
35,48,0,6.234600,6.142000,6.103000,6.284000,6.359000,6.285000
35,49,0,6.527000,6.509000,6.479000,6.553000,6.492000,6.602000
35,50,0,6.255600,6.150000,6.173000,6.220000,6.374000,6.361000
35,51,0,6.627400,6.612000,6.609000,6.611000,6.664000,6.641000
35,52,0,6.345000,6.307000,6.198000,6.312000,6.509000,6.399000
35,53,0,6.466400,6.332000,6.526000,6.386000,6.579000,6.509000
35,54,0,6.650600,6.554000,6.641000,6.718000,6.832000,6.508000
35,55,0,6.618400,6.601000,6.606000,6.625000,6.570000,6.690000
35,56,0,6.512800,6.390000,6.603000,6.411000,6.569000,6.591000
35,57,0,6.488400,6.427000,6.451000,6.356000,6.664000,6.544000
35,58,0,6.889800,6.924000,6.944000,6.709000,6.856000,7.016000
35,59,0,6.579000,6.474000,6.531000,6.572000,6.731000,6.587000
35,60,0,5.691200,5.526000,5.643000,5.757000,5.738000,5.792000
35,61,0,6.191800,6.025000,6.200000,6.051000,6.312000,6.371000
35,62,0,6.331000,6.272000,6.363000,6.325000,6.301000,6.394000
35,63,0,6.317400,6.290000,6.208000,6.267000,6.371000,6.451000
35,64,0,6.311600,6.302000,6.335000,6.285000,6.146000,6.490000
35,65,0,6.180400,6.150000,6.140000,6.193000,6.287000,6.132000
35,66,0,6.631800,6.514000,6.691000,6.774000,6.541000,6.639000
35,67,0,6.495800,6.482000,6.462000,6.485000,6.523000,6.527000
35,68,0,5.967000,5.886000,6.018000,6.062000,5.827000,6.042000
35,69,0,6.179600,6.015000,6.145000,6.275000,6.239000,6.224000
35,70,0,6.462800,6.280000,6.390000,6.439000,6.554000,6.651000
35,71,0,6.671800,6.604000,6.628000,6.621000,6.786000,6.720000
35,72,0,6.126000,6.038000,6.060000,6.116000,6.216000,6.200000
35,73,0,6.251200,6.119000,6.281000,6.274000,6.264000,6.318000
35,74,0,6.177800,6.031000,6.141000,6.152000,6.322000,6.243000
35,75,0,5.891800,5.859000,5.821000,5.911000,5.880000,5.988000
35,76,0,6.611400,6.432000,6.696000,6.579000,6.577000,6.773000
35,77,0,6.169400,6.202000,6.164000,6.019000,6.254000,6.208000
35,78,0,6.441000,6.381000,6.446000,6.413000,6.546000,6.419000
35,79,0,6.298600,6.211000,6.299000,6.239000,6.396000,6.348000
35,80,0,6.791000,6.709000,6.763000,6.845000,6.797000,6.841000
35,81,0,6.418400,6.318000,6.348000,6.432000,6.523000,6.471000
35,82,0,6.590800,6.404000,6.571000,6.571000,6.578000,6.830000
35,83,0,5.936800,5.824000,5.927000,5.826000,6.088000,6.019000
35,84,0,5.549000,5.458000,5.498000,5.520000,5.680000,5.589000
35,85,0,6.657000,6.659000,6.636000,6.687000,6.663000,6.640000
35,86,0,6.294800,6.074000,6.307000,6.326000,6.292000,6.475000
35,87,0,6.072200,5.903000,5.950000,6.048000,6.171000,6.289000
35,88,0,6.459600,6.335000,6.487000,6.448000,6.403000,6.625000
35,89,0,6.592600,6.571000,6.614000,6.594000,6.647000,6.537000
35,90,0,6.809600,6.770000,6.851000,6.787000,6.694000,6.946000
35,91,0,6.291400,6.184000,6.254000,6.280000,6.443000,6.296000
35,92,0,5.863600,5.715000,5.917000,5.877000,5.847000,5.962000
35,93,0,6.850200,6.823000,6.756000,6.894000,6.824000,6.954000
35,94,0,6.517400,6.483000,6.533000,6.497000,6.573000,6.501000
35,95,0,6.272800,6.139000,6.235000,6.256000,6.382000,6.352000
35,96,0,5.853800,5.879000,5.834000,5.696000,5.921000,5.939000
35,97,0,6.295000,6.223000,6.223000,6.234000,6.360000,6.435000
35,98,0,5.676000,5.442000,5.652000,5.918000,5.786000,5.582000
35,99,0,6.080400,5.917000,6.136000,6.028000,6.010000,6.311000
36,0,0,6.350600,6.442000,6.363000,6.367000,6.245000,6.336000
36,1,0,6.435000,6.493000,6.411000,6.428000,6.398000,6.445000
36,2,0,6.256600,6.128000,6.314000,6.294000,6.223000,6.324000
36,3,0,6.288000,6.344000,6.175000,6.274000,6.325000,6.322000
36,4,0,6.444600,6.609000,6.339000,6.532000,6.468000,6.275000
36,5,0,6.399800,6.516000,6.326000,6.342000,6.338000,6.477000
36,6,0,6.724400,6.624000,6.742000,6.693000,6.769000,6.794000
36,7,0,6.283600,6.214000,6.259000,6.376000,6.306000,6.263000
36,8,0,6.354600,6.278000,6.379000,6.309000,6.324000,6.483000
36,9,0,6.134200,6.095000,6.276000,5.959000,6.153000,6.188000
36,10,0,6.034000,6.149000,5.912000,6.154000,5.995000,5.960000
36,11,0,6.533200,6.626000,6.415000,6.530000,6.511000,6.584000
36,12,0,6.662800,6.551000,6.836000,6.595000,6.679000,6.653000
36,13,0,6.817600,6.861000,6.798000,6.864000,6.803000,6.762000
36,14,0,6.468800,6.467000,6.461000,6.394000,6.522000,6.500000
36,15,0,6.770400,6.667000,6.745000,6.751000,6.706000,6.983000
36,16,0,5.877600,5.878000,5.917000,5.866000,5.832000,5.895000
36,17,0,6.427400,6.347000,6.464000,6.430000,6.392000,6.504000
36,18,0,6.181800,6.267000,6.221000,6.289000,5.970000,6.162000
36,19,0,6.640600,6.700000,6.652000,6.525000,6.708000,6.618000
36,20,0,6.687600,6.718000,6.580000,6.696000,6.773000,6.671000
36,21,0,6.316400,6.367000,6.327000,6.295000,6.179000,6.414000
36,22,0,6.026200,6.088000,6.103000,6.059000,5.923000,5.958000
36,23,0,6.875000,7.016000,6.692000,6.918000,6.906000,6.843000
36,24,0,6.731800,6.752000,6.521000,6.840000,6.957000,6.589000
36,25,0,6.714800,6.894000,6.715000,6.586000,6.765000,6.614000
36,26,0,6.544400,6.555000,6.565000,6.489000,6.525000,6.588000
36,27,0,6.388400,6.390000,6.384000,6.355000,6.313000,6.500000
36,28,0,6.932600,7.030000,6.902000,6.823000,6.899000,7.009000
36,29,0,6.990400,7.074000,6.887000,6.976000,7.026000,6.989000
36,30,0,6.324600,6.456000,6.288000,6.332000,6.142000,6.405000
36,31,0,6.677600,6.748000,6.699000,6.677000,6.595000,6.669000
36,32,0,6.995200,7.080000,7.005000,6.935000,6.906000,7.050000
36,33,0,6.758200,6.700000,6.840000,6.788000,6.689000,6.774000
36,34,0,6.592600,6.520000,6.543000,6.465000,6.641000,6.794000
36,35,0,6.731800,6.818000,6.787000,6.443000,6.786000,6.825000
36,36,0,5.558800,5.478000,5.617000,5.532000,5.667000,5.500000
36,37,0,6.169600,6.134000,6.167000,6.171000,6.229000,6.147000
36,38,0,7.026800,7.165000,6.961000,6.993000,6.890000,7.125000
36,39,0,6.813600,6.840000,6.784000,6.886000,6.782000,6.776000
36,40,0,6.248000,6.295000,6.410000,6.092000,6.191000,6.252000
36,41,0,5.829400,5.729000,5.899000,5.933000,5.734000,5.852000
36,42,0,6.401800,6.480000,6.369000,6.279000,6.425000,6.456000
36,43,0,6.320000,6.461000,6.283000,6.308000,6.224000,6.324000
36,44,0,5.835200,5.845000,5.843000,5.917000,5.833000,5.738000
36,45,0,6.352400,6.325000,6.334000,6.384000,6.302000,6.417000
36,46,0,6.644000,6.656000,6.726000,6.556000,6.530000,6.752000
36,47,0,6.486800,6.542000,6.420000,6.465000,6.460000,6.547000
36,48,0,6.617000,6.502000,6.775000,6.531000,6.590000,6.687000
36,49,0,6.979800,6.905000,6.989000,6.942000,6.983000,7.080000
36,50,0,6.376600,6.368000,6.355000,6.385000,6.386000,6.389000
36,51,0,6.767600,6.732000,6.783000,6.645000,6.761000,6.917000
36,52,0,6.188400,6.198000,6.098000,6.304000,6.147000,6.195000
36,53,0,6.235800,6.231000,6.267000,6.061000,6.307000,6.313000
36,54,0,6.383600,6.320000,6.375000,6.407000,6.379000,6.437000
36,55,0,6.653000,6.759000,6.554000,6.660000,6.557000,6.735000
36,56,0,6.680000,6.685000,6.571000,6.682000,6.639000,6.823000
36,57,0,6.202800,6.155000,6.193000,6.309000,6.069000,6.288000
36,58,0,6.977800,7.072000,6.996000,6.887000,6.957000,6.977000
36,59,0,6.673200,6.681000,6.771000,6.647000,6.514000,6.753000
36,60,0,6.573200,6.614000,6.552000,6.608000,6.587000,6.505000
36,61,0,6.943200,6.919000,6.867000,6.820000,7.006000,7.104000
36,62,0,6.461200,6.533000,6.441000,6.478000,6.356000,6.498000
36,63,0,6.827800,6.987000,6.701000,6.801000,6.842000,6.808000
36,64,0,6.766000,6.810000,6.730000,6.707000,6.758000,6.825000
36,65,0,6.613800,6.737000,6.633000,6.506000,6.630000,6.563000
36,66,0,5.847800,6.034000,5.575000,5.875000,6.275000,5.480000
36,67,0,6.886400,6.908000,6.890000,6.815000,6.926000,6.893000
36,68,0,6.412800,6.364000,6.475000,6.321000,6.420000,6.484000
36,69,0,6.557800,6.612000,6.602000,6.464000,6.428000,6.683000
36,70,0,6.339000,6.299000,6.280000,6.429000,6.371000,6.316000
36,71,0,6.565800,6.610000,6.490000,6.569000,6.536000,6.624000
36,72,0,6.461800,6.592000,6.343000,6.455000,6.483000,6.436000
36,73,0,6.752600,6.606000,6.802000,6.800000,6.816000,6.739000
36,74,0,6.572400,6.455000,6.656000,6.549000,6.610000,6.592000
36,75,0,6.360800,6.467000,6.409000,6.195000,6.319000,6.414000
36,76,0,6.392800,6.462000,6.395000,6.248000,6.365000,6.494000
36,77,0,6.356800,6.502000,6.256000,6.501000,6.243000,6.282000
36,78,0,6.705400,6.664000,6.654000,6.664000,6.684000,6.861000
36,79,0,6.653200,6.784000,6.624000,6.666000,6.635000,6.557000
36,80,0,6.150000,6.099000,6.177000,6.192000,6.073000,6.209000
36,81,0,6.455200,6.486000,6.487000,6.463000,6.349000,6.491000
36,82,0,6.365200,6.366000,6.406000,6.416000,6.254000,6.384000
36,83,0,6.297600,6.189000,6.404000,6.363000,6.199000,6.333000
36,84,0,6.576400,6.561000,6.629000,6.482000,6.638000,6.572000
36,85,0,6.270800,6.335000,5.926000,6.367000,6.468000,6.258000
36,86,0,6.478800,6.581000,6.478000,6.445000,6.563000,6.327000
36,87,0,5.904800,5.926000,6.059000,5.932000,5.763000,5.844000
36,88,0,6.382600,6.372000,6.396000,6.357000,6.375000,6.413000
36,89,0,6.728600,6.806000,6.689000,6.757000,6.766000,6.625000
36,90,0,6.070000,6.098000,6.201000,6.124000,5.914000,6.013000
36,91,0,6.346400,6.318000,6.272000,6.443000,6.305000,6.394000
36,92,0,6.305400,6.280000,6.426000,6.246000,6.144000,6.431000
36,93,0,6.675600,6.749000,6.608000,6.585000,6.717000,6.719000
36,94,0,6.292400,6.188000,6.251000,6.431000,6.376000,6.216000
36,95,0,6.216400,6.260000,6.232000,6.138000,6.166000,6.286000
36,96,0,6.066600,5.955000,6.159000,6.044000,6.150000,6.025000
36,97,0,6.246800,6.135000,6.350000,6.229000,6.219000,6.301000
36,98,0,6.340800,6.414000,6.377000,6.226000,6.264000,6.423000
36,99,0,6.522800,6.478000,6.656000,6.246000,6.547000,6.687000
37,0,0,6.562600,6.475000,6.630000,6.492000,6.529000,6.687000
37,1,0,6.072000,6.086000,5.988000,6.072000,6.169000,6.045000
37,2,0,6.706200,6.763000,6.596000,6.612000,6.638000,6.922000
37,3,0,6.816200,6.844000,6.925000,6.752000,6.752000,6.808000
37,4,0,6.675000,6.756000,6.782000,6.536000,6.584000,6.717000
37,5,0,6.915400,7.008000,6.980000,6.882000,6.757000,6.950000
37,6,0,6.744200,6.751000,6.667000,6.777000,6.815000,6.711000
37,7,0,7.162600,7.231000,7.120000,7.111000,7.138000,7.213000
37,8,0,6.891600,6.924000,6.791000,7.017000,6.793000,6.933000
37,9,0,6.449800,6.496000,6.302000,6.468000,6.428000,6.555000
37,10,0,7.009600,7.077000,6.838000,7.077000,6.797000,7.259000
37,11,0,6.738000,6.784000,6.827000,6.686000,6.671000,6.722000
37,12,0,6.737800,6.841000,6.619000,6.804000,6.622000,6.803000
37,13,0,6.830000,6.802000,6.926000,6.784000,6.699000,6.939000
37,14,0,6.808200,6.868000,6.888000,6.722000,6.739000,6.824000
37,15,0,6.295000,6.353000,6.221000,6.182000,6.452000,6.267000
37,16,0,6.883000,6.960000,6.924000,6.882000,6.791000,6.858000
37,17,0,7.223400,7.364000,7.289000,7.077000,7.093000,7.294000
37,18,0,6.556000,6.652000,6.442000,6.548000,6.522000,6.616000
37,19,0,6.840800,6.900000,6.911000,6.752000,6.681000,6.960000
37,20,0,6.417000,6.536000,6.396000,6.468000,6.320000,6.365000
37,21,0,6.357600,6.521000,6.283000,6.316000,6.381000,6.287000
37,22,0,6.650000,6.686000,6.539000,6.772000,6.517000,6.736000
37,23,0,6.745600,6.801000,6.810000,6.691000,6.691000,6.735000
37,24,0,6.435200,6.446000,6.421000,6.481000,6.330000,6.498000
37,25,0,6.564600,6.727000,6.658000,6.417000,6.514000,6.507000
37,26,0,6.275800,6.476000,6.007000,6.210000,6.296000,6.390000
37,27,0,6.119000,6.237000,6.017000,6.189000,6.029000,6.123000
37,28,0,6.817200,6.755000,6.787000,6.781000,6.805000,6.958000
37,29,0,6.854200,6.855000,6.894000,6.853000,6.801000,6.868000
37,30,0,7.002400,7.002000,7.162000,6.995000,7.000000,6.853000
37,31,0,6.732000,6.709000,6.780000,6.759000,6.670000,6.742000
37,32,0,6.648400,6.773000,6.520000,6.563000,6.710000,6.676000
37,33,0,6.181400,6.225000,6.187000,6.075000,6.248000,6.172000
37,34,0,6.699000,6.669000,6.743000,6.680000,6.687000,6.716000
37,35,0,6.316600,6.390000,6.250000,6.312000,6.299000,6.332000
37,36,0,7.059800,7.024000,7.194000,7.042000,6.914000,7.125000
37,37,0,6.450600,6.517000,6.278000,6.534000,6.485000,6.439000
37,38,0,6.723400,6.869000,6.792000,6.662000,6.493000,6.801000
37,39,0,6.738200,6.786000,6.825000,6.740000,6.588000,6.752000
37,40,0,6.243200,6.412000,6.202000,6.127000,6.166000,6.309000
37,41,0,6.869600,6.879000,6.909000,6.961000,6.721000,6.878000
37,42,0,6.513800,6.545000,6.402000,6.491000,6.535000,6.596000
37,43,0,6.732800,6.748000,6.694000,6.699000,6.696000,6.827000
37,44,0,6.766800,6.893000,6.806000,6.715000,6.556000,6.864000
37,45,0,6.703800,6.815000,6.698000,6.739000,6.553000,6.714000
37,46,0,6.851800,6.844000,6.975000,6.834000,6.763000,6.843000
37,47,0,6.394600,6.563000,6.312000,6.342000,6.440000,6.316000
37,48,0,6.385200,6.327000,6.284000,6.400000,6.403000,6.512000
37,49,0,6.824600,6.868000,6.881000,6.943000,6.663000,6.768000
37,50,0,6.433800,6.495000,6.402000,6.375000,6.456000,6.441000
37,51,0,6.639400,6.589000,6.685000,6.617000,6.617000,6.689000
37,52,0,6.110800,6.228000,6.096000,6.017000,6.123000,6.090000
37,53,0,6.735000,6.853000,6.665000,6.709000,6.661000,6.787000
37,54,0,6.494800,6.660000,6.336000,6.491000,6.570000,6.417000
37,55,0,6.924200,6.961000,7.032000,6.814000,6.870000,6.944000
37,56,0,6.023000,5.923000,5.981000,6.071000,6.108000,6.032000
37,57,0,6.746600,6.853000,6.773000,6.757000,6.638000,6.712000
37,58,0,6.517400,6.552000,6.521000,6.600000,6.469000,6.445000
37,59,0,5.657800,5.565000,5.541000,5.678000,5.765000,5.740000
37,60,0,6.583400,6.434000,6.617000,6.676000,6.534000,6.656000
37,61,0,6.654200,6.788000,6.574000,6.597000,6.602000,6.710000
37,62,0,6.775000,6.782000,6.705000,6.760000,6.744000,6.884000
37,63,0,6.342200,6.301000,6.285000,6.411000,6.400000,6.314000
37,64,0,6.214600,6.157000,6.164000,6.282000,6.219000,6.251000
37,65,0,6.481200,6.478000,6.505000,6.513000,6.430000,6.480000
37,66,0,7.008800,6.981000,6.942000,7.076000,7.025000,7.020000
37,67,0,6.856600,6.956000,6.844000,6.763000,6.789000,6.931000
37,68,0,6.610000,6.636000,6.465000,6.619000,6.640000,6.690000
37,69,0,6.594400,6.609000,6.610000,6.533000,6.601000,6.619000
37,70,0,6.464200,6.463000,6.394000,6.434000,6.490000,6.540000
37,71,0,6.809000,6.917000,6.792000,6.868000,6.684000,6.784000
37,72,0,6.255200,6.329000,6.120000,6.197000,6.274000,6.356000
37,73,0,6.667600,6.691000,6.674000,6.691000,6.579000,6.703000
37,74,0,6.271400,6.284000,6.132000,6.263000,6.287000,6.391000
37,75,0,6.799600,6.732000,6.728000,6.862000,6.718000,6.958000
37,76,0,6.101800,6.014000,6.082000,6.213000,6.121000,6.079000
37,77,0,6.300600,6.200000,6.285000,6.323000,6.295000,6.400000
37,78,0,6.949400,6.978000,6.910000,6.992000,6.868000,6.999000
37,79,0,6.221800,6.159000,6.200000,6.157000,6.270000,6.323000
37,80,0,5.735000,5.707000,5.614000,5.638000,5.927000,5.789000
37,81,0,6.645400,6.785000,6.664000,6.548000,6.601000,6.629000
37,82,0,6.775800,6.907000,6.843000,6.715000,6.664000,6.750000
37,83,0,6.713600,6.694000,6.822000,6.705000,6.642000,6.705000
37,84,0,6.962200,6.855000,7.045000,6.935000,6.994000,6.982000
37,85,0,6.684600,6.794000,6.585000,6.635000,6.577000,6.832000
37,86,0,7.002400,7.038000,7.013000,6.998000,6.954000,7.009000
37,87,0,6.895200,6.926000,6.965000,6.825000,6.787000,6.973000
37,88,0,6.539800,6.517000,6.462000,6.576000,6.453000,6.691000
37,89,0,6.296400,6.214000,6.353000,6.236000,6.230000,6.449000
37,90,0,6.621400,6.747000,6.636000,6.532000,6.426000,6.766000
37,91,0,6.951000,7.036000,6.973000,6.959000,6.873000,6.914000
37,92,0,6.808000,6.926000,6.853000,6.700000,6.759000,6.802000
37,93,0,6.679400,6.682000,6.672000,6.749000,6.634000,6.660000
37,94,0,6.553800,6.401000,6.708000,6.562000,6.510000,6.588000
37,95,0,5.641600,5.690000,5.445000,5.712000,5.574000,5.787000
37,96,0,6.902000,7.004000,6.903000,6.875000,6.728000,7.000000
37,97,0,6.106400,6.227000,6.042000,6.054000,6.139000,6.070000
37,98,0,6.367400,6.491000,6.260000,6.441000,6.444000,6.201000
37,99,0,6.815000,6.957000,6.700000,6.787000,6.813000,6.818000
38,0,0,6.715400,6.812000,6.676000,6.653000,6.635000,6.801000
38,1,0,6.237800,6.328000,6.269000,6.103000,6.252000,6.237000
38,2,0,6.552600,6.692000,6.499000,6.374000,6.594000,6.604000
38,3,0,6.472400,6.605000,6.542000,6.448000,6.333000,6.434000
38,4,0,6.561400,6.592000,6.556000,6.428000,6.639000,6.592000
38,5,0,6.703600,6.792000,6.704000,6.601000,6.495000,6.926000
38,6,0,6.918800,6.872000,6.906000,6.879000,6.918000,7.019000
38,7,0,6.376600,6.403000,6.557000,6.212000,6.322000,6.389000
38,8,0,6.818800,6.930000,6.657000,6.566000,6.944000,6.997000
38,9,0,6.521600,6.681000,6.464000,6.392000,6.542000,6.529000
38,10,0,6.310800,6.278000,6.469000,6.197000,6.275000,6.335000
38,11,0,6.117200,6.129000,6.277000,6.036000,6.046000,6.098000
38,12,0,6.170200,6.160000,6.242000,6.143000,6.093000,6.213000
38,13,0,5.977400,6.026000,5.999000,5.844000,5.977000,6.041000
38,14,0,6.624800,6.687000,6.587000,6.495000,6.592000,6.763000
38,15,0,6.584400,6.563000,6.547000,6.574000,6.713000,6.525000
38,16,0,6.071600,6.130000,6.105000,5.858000,6.130000,6.135000
38,17,0,6.505600,6.489000,6.676000,6.298000,6.618000,6.447000
38,18,0,6.102000,6.093000,6.136000,6.061000,5.993000,6.227000
38,19,0,6.410600,6.419000,6.472000,6.323000,6.428000,6.411000
38,20,0,5.998000,6.175000,6.008000,5.809000,5.924000,6.074000
38,21,0,6.547000,6.586000,6.537000,6.462000,6.700000,6.450000
38,22,0,6.534200,6.548000,6.541000,6.322000,6.642000,6.618000
38,23,0,6.786800,6.870000,6.653000,6.752000,6.824000,6.835000
38,24,0,6.805200,6.797000,6.791000,6.822000,6.780000,6.836000
38,25,0,6.864600,6.803000,6.968000,6.759000,6.898000,6.895000
38,26,0,6.816000,6.828000,6.779000,6.852000,6.768000,6.853000
38,27,0,6.682800,6.789000,6.669000,6.548000,6.639000,6.769000
38,28,0,6.453000,6.461000,6.554000,6.280000,6.379000,6.591000
38,29,0,6.322600,6.339000,6.398000,6.218000,6.355000,6.303000
38,30,0,6.946400,6.909000,7.010000,6.856000,7.039000,6.918000
38,31,0,6.101000,6.241000,5.978000,6.085000,6.069000,6.132000
38,32,0,6.214400,6.236000,6.243000,6.206000,6.231000,6.156000
38,33,0,6.787400,6.901000,6.763000,6.688000,6.815000,6.770000
38,34,0,6.684600,6.634000,6.702000,6.776000,6.537000,6.774000
38,35,0,6.241000,6.292000,6.346000,6.170000,6.103000,6.294000
38,36,0,6.471200,6.487000,6.462000,6.311000,6.488000,6.608000
38,37,0,5.850200,5.975000,5.888000,5.657000,5.866000,5.865000
38,38,0,6.434400,6.450000,6.518000,6.420000,6.332000,6.452000
38,39,0,6.691800,6.794000,6.592000,6.488000,6.839000,6.746000
38,40,0,6.849600,6.996000,6.685000,6.778000,6.830000,6.959000
38,41,0,6.642400,6.732000,6.587000,6.595000,6.643000,6.655000
38,42,0,6.359200,6.474000,6.365000,6.220000,6.401000,6.336000
38,43,0,6.061000,6.068000,6.020000,6.018000,6.112000,6.087000
38,44,0,6.539400,6.615000,6.534000,6.470000,6.496000,6.582000
38,45,0,6.160600,6.237000,6.257000,5.971000,6.114000,6.224000
38,46,0,5.673000,5.576000,5.868000,5.640000,5.561000,5.720000
38,47,0,6.679000,6.702000,6.710000,6.725000,6.713000,6.545000
38,48,0,6.850200,6.787000,6.875000,6.780000,6.946000,6.863000
38,49,0,6.567000,6.610000,6.586000,6.380000,6.641000,6.618000
38,50,0,6.741200,6.680000,6.720000,6.851000,6.971000,6.484000
38,51,0,6.447600,6.560000,6.419000,6.345000,6.411000,6.503000
38,52,0,6.752400,6.781000,6.786000,6.667000,6.684000,6.844000
38,53,0,6.591400,6.558000,6.517000,6.569000,6.727000,6.586000
38,54,0,6.570800,6.605000,6.545000,6.513000,6.632000,6.559000
38,55,0,6.501000,6.455000,6.495000,6.377000,6.552000,6.626000
38,56,0,6.747200,6.695000,6.677000,6.634000,6.873000,6.857000
38,57,0,6.798600,6.730000,6.786000,6.631000,6.945000,6.901000
38,58,0,6.804400,6.791000,6.915000,6.755000,6.825000,6.736000
38,59,0,6.751800,6.877000,6.778000,6.702000,6.654000,6.748000
38,60,0,6.630000,6.742000,6.668000,6.486000,6.548000,6.706000
38,61,0,6.928400,6.931000,7.070000,6.871000,6.941000,6.829000
38,62,0,6.656800,6.688000,6.611000,6.595000,6.681000,6.709000
38,63,0,6.023000,6.209000,6.003000,5.844000,6.040000,6.019000
38,64,0,6.332000,6.392000,6.342000,6.210000,6.256000,6.460000
38,65,0,6.912600,6.842000,6.948000,6.858000,6.893000,7.022000
38,66,0,6.866600,6.818000,6.897000,6.761000,6.880000,6.977000
38,67,0,6.586200,6.771000,6.546000,6.487000,6.561000,6.566000
38,68,0,6.210800,6.316000,6.128000,6.089000,6.173000,6.348000
38,69,0,6.572000,6.632000,6.628000,6.584000,6.461000,6.555000
38,70,0,6.732800,6.738000,6.687000,6.664000,6.802000,6.773000
38,71,0,6.852800,6.846000,6.866000,6.886000,6.825000,6.841000
38,72,0,6.149200,6.196000,6.327000,5.910000,6.058000,6.255000
38,73,0,6.393200,6.430000,6.498000,6.267000,6.247000,6.524000
38,74,0,6.551600,6.642000,6.578000,6.365000,6.581000,6.592000
38,75,0,5.843800,5.736000,5.975000,5.864000,5.760000,5.884000
38,76,0,6.344200,6.432000,6.386000,6.188000,6.407000,6.308000
38,77,0,6.258000,6.197000,6.295000,6.106000,6.385000,6.307000
38,78,0,6.618400,6.590000,6.554000,6.506000,6.794000,6.648000
38,79,0,6.641200,6.360000,6.895000,6.686000,6.563000,6.702000
38,80,0,6.610800,6.608000,6.521000,6.537000,6.618000,6.770000
38,81,0,6.355200,6.450000,6.219000,6.193000,6.616000,6.298000
38,82,0,6.689400,6.610000,6.650000,6.670000,6.627000,6.890000
38,83,0,6.775000,6.793000,6.758000,6.608000,6.860000,6.856000
38,84,0,6.632200,6.798000,6.693000,6.493000,6.481000,6.696000
38,85,0,6.126000,6.145000,6.173000,5.956000,6.188000,6.168000
38,86,0,7.014600,7.094000,6.945000,6.948000,6.967000,7.119000
38,87,0,6.791800,6.750000,6.743000,6.676000,6.775000,7.015000
38,88,0,6.275000,6.209000,6.229000,6.277000,6.330000,6.330000
38,89,0,6.582000,6.653000,6.580000,6.568000,6.559000,6.550000
38,90,0,6.357400,6.278000,6.473000,6.273000,6.410000,6.353000
38,91,0,6.642800,6.601000,6.814000,6.618000,6.491000,6.690000
38,92,0,6.758000,6.780000,6.699000,6.755000,6.768000,6.788000
38,93,0,6.557000,6.653000,6.585000,6.395000,6.475000,6.677000
38,94,0,6.370600,6.428000,6.288000,6.235000,6.417000,6.485000
38,95,0,6.526200,6.572000,6.587000,6.365000,6.463000,6.644000
38,96,0,6.465800,6.438000,6.481000,6.311000,6.507000,6.592000
38,97,0,6.910400,7.031000,6.834000,6.716000,6.971000,7.000000
38,98,0,6.866000,6.939000,6.892000,6.731000,6.845000,6.923000
38,99,0,5.996800,6.041000,6.058000,5.905000,5.900000,6.080000
39,0,0,6.352800,6.460000,6.255000,6.186000,6.472000,6.391000
39,1,0,6.815200,6.853000,6.823000,6.706000,6.829000,6.865000
39,2,0,6.721800,6.866000,6.789000,6.623000,6.618000,6.713000
39,3,0,6.388600,6.530000,6.404000,6.265000,6.337000,6.407000
39,4,0,6.992600,7.050000,6.922000,6.929000,6.915000,7.147000
39,5,0,6.477600,6.519000,6.484000,6.301000,6.492000,6.592000
39,6,0,6.253600,6.432000,6.176000,6.233000,6.201000,6.226000
39,7,0,6.949200,7.131000,6.879000,6.830000,6.966000,6.940000
39,8,0,6.347800,6.549000,6.157000,6.200000,6.322000,6.511000
39,9,0,6.318400,6.440000,6.180000,6.358000,6.245000,6.369000
39,10,0,6.932600,6.936000,6.899000,6.949000,6.903000,6.976000
39,11,0,7.074200,7.234000,7.088000,7.036000,6.983000,7.030000
39,12,0,6.433200,6.454000,6.426000,6.460000,6.408000,6.418000
39,13,0,6.728400,6.833000,6.749000,6.609000,6.604000,6.847000
39,14,0,7.153400,7.217000,7.181000,7.016000,7.122000,7.231000
39,15,0,6.701000,6.742000,6.609000,6.616000,6.691000,6.847000
39,16,0,7.121000,7.209000,7.103000,7.016000,7.048000,7.229000
39,17,0,6.846200,6.813000,6.999000,6.708000,6.814000,6.897000
39,18,0,6.344600,6.401000,6.278000,6.336000,6.323000,6.385000
39,19,0,7.007200,7.105000,6.998000,6.838000,7.038000,7.057000
39,20,0,6.202800,6.395000,6.229000,6.163000,6.027000,6.200000
39,21,0,6.548800,6.709000,6.485000,6.454000,6.497000,6.599000
39,22,0,6.508400,6.544000,6.357000,6.502000,6.479000,6.660000
39,23,0,6.483800,6.647000,6.441000,6.266000,6.530000,6.535000
39,24,0,6.815400,6.970000,6.866000,6.736000,6.685000,6.820000
39,25,0,6.984600,7.043000,6.892000,7.084000,6.853000,7.051000
39,26,0,6.967000,6.982000,6.906000,6.923000,6.951000,7.073000
39,27,0,6.838600,6.880000,6.820000,6.741000,6.752000,7.000000
39,28,0,6.395000,6.557000,6.349000,6.309000,6.236000,6.524000
39,29,0,6.418800,6.532000,6.439000,6.320000,6.365000,6.438000
39,30,0,6.767200,6.841000,6.791000,6.759000,6.705000,6.740000
39,31,0,6.884400,7.022000,6.848000,6.858000,6.824000,6.870000
39,32,0,7.098000,7.229000,6.942000,7.053000,7.082000,7.184000
39,33,0,6.727400,6.756000,6.842000,6.584000,6.723000,6.732000
39,34,0,6.654200,6.771000,6.677000,6.451000,6.556000,6.816000
39,35,0,6.581600,6.557000,6.499000,6.576000,6.557000,6.719000
39,36,0,6.636600,6.724000,6.676000,6.555000,6.456000,6.772000
39,37,0,6.521000,6.621000,6.424000,6.440000,6.514000,6.606000
39,38,0,6.853200,6.848000,6.774000,6.905000,6.788000,6.951000
39,39,0,6.903400,6.972000,6.918000,6.848000,6.789000,6.990000
39,40,0,6.801600,7.008000,6.722000,6.679000,6.738000,6.861000
39,41,0,6.079800,6.130000,5.999000,5.942000,6.109000,6.219000
39,42,0,6.706600,6.764000,6.759000,6.560000,6.687000,6.763000
39,43,0,6.086200,6.266000,6.054000,6.012000,5.995000,6.104000
39,44,0,6.906800,6.944000,6.953000,6.693000,6.843000,7.101000
39,45,0,6.002000,6.177000,5.972000,5.760000,5.897000,6.204000
39,46,0,6.324800,6.413000,6.361000,6.154000,6.312000,6.384000
39,47,0,6.325800,6.381000,6.239000,6.257000,6.327000,6.425000
39,48,0,6.349200,6.550000,6.314000,6.218000,6.235000,6.429000
39,49,0,6.715000,6.689000,6.693000,6.724000,6.611000,6.858000
39,50,0,6.405800,6.499000,6.465000,6.246000,6.358000,6.461000
39,51,0,6.443400,6.535000,6.499000,6.316000,6.341000,6.526000
39,52,0,6.507000,6.647000,6.467000,6.459000,6.421000,6.541000
39,53,0,6.999800,7.016000,7.014000,6.920000,7.025000,7.024000
39,54,0,7.155600,7.202000,7.010000,7.144000,7.155000,7.267000
39,55,0,6.575000,6.694000,6.625000,6.393000,6.491000,6.672000
39,56,0,7.054600,7.029000,7.020000,6.963000,7.123000,7.138000
39,57,0,6.909600,6.965000,6.926000,6.793000,6.823000,7.041000
39,58,0,6.782800,6.857000,6.711000,6.699000,6.789000,6.858000
39,59,0,6.906800,7.028000,6.818000,6.771000,6.792000,7.125000
39,60,0,7.122600,7.254000,7.077000,7.021000,6.957000,7.304000
39,61,0,6.541000,6.578000,6.735000,6.384000,6.351000,6.657000
39,62,0,6.365800,6.520000,6.235000,6.320000,6.241000,6.513000
39,63,0,6.211000,6.248000,6.349000,6.029000,6.187000,6.242000
39,64,0,7.018200,6.996000,7.032000,6.926000,6.976000,7.161000
39,65,0,6.965600,7.093000,6.970000,6.922000,6.859000,6.984000
39,66,0,6.418200,6.436000,6.457000,6.281000,6.376000,6.541000
39,67,0,6.329000,6.512000,6.345000,6.070000,6.338000,6.380000
39,68,0,6.942600,6.996000,6.911000,6.863000,6.958000,6.985000
39,69,0,6.210800,6.337000,6.227000,6.026000,6.178000,6.286000
39,70,0,6.531000,6.588000,6.635000,6.319000,6.549000,6.564000
39,71,0,6.074600,6.194000,6.076000,5.858000,6.128000,6.117000
39,72,0,6.503600,6.572000,6.542000,6.383000,6.512000,6.509000
39,73,0,6.776600,6.774000,6.820000,6.752000,6.638000,6.899000
39,74,0,6.998000,7.040000,6.960000,6.893000,6.981000,7.116000
39,75,0,6.094000,6.212000,6.107000,5.932000,6.024000,6.195000
39,76,0,6.554800,6.695000,6.518000,6.398000,6.447000,6.716000
39,77,0,6.939600,6.973000,6.937000,6.948000,6.937000,6.903000
39,78,0,6.324000,6.429000,6.313000,6.290000,6.236000,6.352000
39,79,0,6.453200,6.517000,6.595000,6.235000,6.371000,6.548000
39,80,0,6.167200,6.313000,6.264000,5.944000,6.087000,6.228000
39,81,0,6.977600,7.073000,7.014000,6.832000,6.961000,7.008000
39,82,0,6.542000,6.564000,6.569000,6.544000,6.534000,6.499000
39,83,0,6.359000,6.365000,6.390000,6.198000,6.407000,6.435000
39,84,0,7.129800,7.144000,6.963000,7.096000,7.164000,7.282000
39,85,0,6.707600,6.820000,6.615000,6.571000,6.582000,6.950000
39,86,0,6.942000,7.010000,6.973000,6.767000,6.810000,7.150000
39,87,0,6.877000,6.947000,6.819000,6.796000,6.834000,6.989000
39,88,0,6.870000,6.955000,6.910000,6.824000,6.823000,6.838000
39,89,0,6.498600,6.501000,6.527000,6.340000,6.570000,6.555000
39,90,0,6.856000,6.869000,6.819000,6.876000,6.765000,6.951000
39,91,0,6.461800,6.624000,6.429000,6.359000,6.409000,6.488000
39,92,0,6.715400,6.715000,6.672000,6.664000,6.701000,6.825000
39,93,0,6.561800,6.617000,6.413000,6.567000,6.528000,6.684000
39,94,0,6.628400,6.681000,6.615000,6.530000,6.632000,6.684000
39,95,0,6.912800,7.028000,6.842000,6.883000,6.824000,6.987000
39,96,0,5.523200,5.779000,5.364000,5.337000,5.483000,5.653000
39,97,0,6.066600,6.097000,5.936000,6.020000,6.117000,6.163000
39,98,0,6.839800,6.917000,6.870000,6.792000,6.801000,6.819000
39,99,0,6.314200,6.445000,6.284000,6.097000,6.386000,6.359000
40,0,0,6.771600,6.637000,6.777000,6.753000,6.820000,6.871000
40,1,0,6.758200,6.846000,6.722000,6.820000,6.595000,6.808000
40,2,0,5.964400,5.907000,6.008000,5.858000,5.905000,6.144000
40,3,0,6.606600,6.587000,6.586000,6.364000,6.663000,6.833000
40,4,0,6.497600,6.443000,6.474000,6.528000,6.427000,6.616000
40,5,0,6.791400,6.759000,6.782000,6.786000,6.813000,6.817000
40,6,0,7.010400,6.921000,7.023000,6.995000,7.050000,7.063000
40,7,0,6.735800,6.749000,6.705000,6.620000,6.771000,6.834000
40,8,0,6.939200,6.904000,6.918000,6.984000,6.935000,6.955000
40,9,0,6.723400,6.647000,6.840000,6.735000,6.676000,6.719000
40,10,0,6.364400,6.303000,6.524000,6.172000,6.346000,6.477000
40,11,0,6.807800,6.705000,6.994000,6.827000,6.830000,6.683000
40,12,0,6.428400,6.294000,6.403000,6.490000,6.417000,6.538000
40,13,0,6.801600,6.760000,6.936000,6.844000,6.720000,6.748000
40,14,0,6.255200,6.135000,6.336000,6.404000,6.717000,5.684000
40,15,0,6.759200,6.639000,6.752000,6.820000,6.817000,6.768000
40,16,0,6.986600,6.935000,7.048000,6.938000,7.029000,6.983000
40,17,0,7.199800,7.216000,7.224000,7.130000,7.215000,7.214000
40,18,0,6.902800,6.843000,6.860000,6.935000,6.931000,6.945000
40,19,0,6.689400,6.683000,6.667000,6.745000,6.687000,6.665000
40,20,0,6.279200,6.232000,6.411000,6.264000,6.236000,6.253000
40,21,0,6.734000,6.707000,6.702000,6.780000,6.795000,6.686000
40,22,0,6.857400,6.744000,6.939000,6.844000,6.891000,6.869000
40,23,0,6.950000,6.876000,6.959000,7.038000,6.960000,6.917000
40,24,0,6.241000,6.213000,6.245000,6.242000,6.140000,6.365000
40,25,0,6.048000,6.043000,6.032000,6.065000,6.083000,6.017000
40,26,0,6.580200,6.415000,6.674000,6.541000,6.612000,6.659000
40,27,0,6.808000,6.954000,6.981000,6.455000,6.752000,6.898000
40,28,0,6.365800,6.285000,6.422000,6.243000,6.410000,6.469000
40,29,0,6.962400,6.829000,7.074000,6.958000,6.924000,7.027000
40,30,0,6.519800,6.454000,6.381000,6.648000,6.555000,6.561000
40,31,0,6.775200,6.715000,6.872000,6.836000,6.687000,6.766000
40,32,0,6.846000,6.787000,6.889000,6.850000,6.854000,6.850000
40,33,0,6.901200,6.839000,6.996000,6.917000,6.965000,6.789000
40,34,0,5.619000,5.463000,5.645000,5.640000,5.580000,5.767000
40,35,0,6.253200,6.294000,6.108000,6.315000,6.235000,6.314000
40,36,0,6.253600,6.195000,6.130000,6.307000,6.277000,6.359000
40,37,0,6.790400,6.752000,6.870000,6.852000,6.751000,6.727000
40,38,0,6.772000,6.631000,6.825000,6.644000,6.796000,6.964000
40,39,0,6.152200,5.992000,6.154000,6.287000,6.087000,6.241000
40,40,0,6.708800,6.615000,6.620000,6.680000,6.802000,6.827000
40,41,0,6.648400,6.488000,6.723000,6.698000,6.696000,6.637000
40,42,0,6.832800,6.779000,6.821000,6.838000,6.840000,6.886000
40,43,0,6.036400,5.951000,6.195000,5.704000,6.046000,6.286000
40,44,0,6.816000,6.717000,6.859000,6.816000,6.798000,6.890000
40,45,0,6.644400,6.635000,6.512000,6.663000,6.599000,6.813000
40,46,0,6.916800,6.883000,6.918000,6.937000,6.877000,6.969000
40,47,0,7.053400,7.011000,7.123000,7.072000,7.057000,7.004000
40,48,0,5.547600,5.487000,5.618000,5.624000,5.447000,5.562000
40,49,0,6.799600,6.747000,6.811000,6.763000,6.784000,6.893000
40,50,0,6.355200,6.414000,6.352000,6.176000,6.297000,6.537000
40,51,0,7.151600,7.027000,7.258000,7.235000,7.143000,7.095000
40,52,0,6.433600,6.443000,6.463000,6.417000,6.453000,6.392000
40,53,0,6.698200,6.693000,6.708000,6.739000,6.744000,6.607000
40,54,0,6.592000,6.592000,6.584000,6.564000,6.516000,6.704000
40,55,0,6.430600,6.405000,6.408000,6.449000,6.461000,6.430000
40,56,0,6.864600,6.774000,6.864000,6.865000,6.893000,6.927000
40,57,0,6.602000,6.558000,6.615000,6.629000,6.557000,6.651000
40,58,0,6.741200,6.676000,6.698000,6.733000,6.769000,6.830000
40,59,0,6.788200,6.801000,6.821000,6.789000,6.769000,6.761000
40,60,0,6.919000,6.893000,6.877000,6.934000,6.817000,7.074000
40,61,0,6.553000,6.579000,6.542000,6.595000,6.544000,6.505000
40,62,0,6.676800,6.527000,6.776000,6.737000,6.636000,6.708000
40,63,0,6.786800,6.771000,6.723000,6.775000,6.735000,6.930000
40,64,0,6.801800,6.886000,6.767000,6.978000,6.563000,6.815000
40,65,0,6.648800,6.561000,6.767000,6.578000,6.694000,6.644000
40,66,0,7.015400,7.006000,7.069000,6.939000,6.868000,7.195000
40,67,0,6.968400,6.898000,6.986000,7.034000,6.929000,6.995000
40,68,0,6.532600,6.534000,6.501000,6.710000,6.361000,6.557000
40,69,0,6.680600,6.606000,6.572000,6.793000,6.661000,6.771000
40,70,0,6.560800,6.498000,6.583000,6.678000,6.460000,6.585000
40,71,0,6.770200,6.703000,6.805000,6.850000,6.747000,6.746000
40,72,0,6.929400,6.967000,6.990000,6.947000,6.817000,6.926000
40,73,0,6.847600,6.866000,6.902000,6.927000,6.743000,6.800000
40,74,0,7.005200,6.980000,7.090000,6.959000,6.970000,7.027000
40,75,0,6.664800,6.603000,6.708000,6.684000,6.715000,6.614000
40,76,0,6.883800,6.813000,6.945000,6.873000,6.868000,6.920000
40,77,0,6.450600,6.397000,6.417000,6.462000,6.523000,6.454000
40,78,0,6.996600,6.984000,7.054000,6.946000,6.980000,7.019000
40,79,0,6.615400,6.601000,6.696000,6.717000,6.540000,6.523000
40,80,0,6.964400,6.945000,7.041000,7.055000,6.819000,6.962000
40,81,0,6.556000,6.595000,6.598000,6.560000,6.471000,6.556000
40,82,0,6.716600,6.673000,6.712000,6.619000,6.788000,6.791000
40,83,0,6.884400,6.766000,6.794000,6.956000,6.936000,6.970000
40,84,0,6.985200,6.963000,6.921000,7.110000,6.917000,7.015000
40,85,0,6.612000,6.441000,6.691000,6.666000,6.618000,6.644000
40,86,0,6.770200,6.809000,6.746000,6.787000,6.684000,6.825000
40,87,0,6.556800,6.511000,6.552000,6.610000,6.538000,6.573000
40,88,0,6.655400,6.509000,6.719000,6.824000,6.724000,6.501000
40,89,0,6.411600,6.406000,6.540000,6.371000,6.295000,6.446000
40,90,0,7.149600,7.163000,7.258000,7.107000,7.132000,7.088000
40,91,0,6.525400,6.495000,6.659000,6.557000,6.397000,6.519000
40,92,0,6.638400,6.586000,6.495000,6.685000,6.643000,6.783000
40,93,0,5.958000,5.630000,6.011000,6.028000,6.032000,6.089000
40,94,0,6.969800,6.805000,6.964000,6.998000,6.972000,7.110000
40,95,0,7.083400,7.102000,7.151000,7.076000,6.999000,7.089000
40,96,0,6.625000,6.577000,6.532000,6.667000,6.666000,6.683000
40,97,0,6.456800,6.506000,6.558000,6.463000,6.328000,6.429000
40,98,0,6.855600,6.765000,6.966000,6.723000,6.932000,6.892000
40,99,0,6.618400,6.497000,6.743000,6.671000,6.551000,6.630000
41,0,0,6.852200,6.769000,6.968000,6.992000,6.711000,6.821000
41,1,0,6.860800,6.889000,6.868000,6.918000,6.729000,6.900000
41,2,0,6.918000,6.887000,7.002000,7.008000,6.798000,6.895000
41,3,0,6.676000,6.537000,6.674000,6.926000,6.521000,6.722000
41,4,0,6.490400,6.484000,6.472000,6.638000,6.341000,6.517000
41,5,0,7.094200,7.029000,7.096000,7.104000,7.091000,7.151000
41,6,0,6.167600,6.273000,6.198000,6.339000,5.941000,6.087000
41,7,0,6.914200,6.919000,6.834000,7.048000,6.869000,6.901000
41,8,0,7.143800,7.187000,7.243000,7.240000,7.062000,6.987000
41,9,0,6.848800,6.914000,6.873000,7.037000,6.690000,6.730000
41,10,0,6.358600,6.281000,6.352000,6.534000,6.291000,6.335000
41,11,0,6.787000,6.718000,6.941000,6.885000,6.582000,6.809000
41,12,0,6.768800,6.687000,6.788000,6.951000,6.670000,6.748000
41,13,0,6.808400,6.736000,6.781000,7.091000,6.675000,6.759000
41,14,0,7.098200,7.093000,7.101000,7.266000,6.880000,7.151000
41,15,0,6.585400,6.576000,6.566000,6.761000,6.453000,6.571000
41,16,0,6.490600,6.408000,6.601000,6.694000,6.273000,6.477000
41,17,0,6.528400,6.551000,6.531000,6.767000,6.211000,6.582000
41,18,0,6.369800,6.377000,6.425000,6.622000,6.098000,6.327000
41,19,0,6.890000,6.800000,6.868000,7.003000,6.817000,6.962000
41,20,0,6.831400,6.796000,6.838000,6.941000,6.726000,6.856000
41,21,0,6.828600,6.936000,6.650000,6.587000,6.934000,7.036000
41,22,0,6.848800,6.805000,6.895000,6.928000,6.769000,6.847000
41,23,0,7.114800,7.146000,7.140000,7.139000,7.081000,7.068000
41,24,0,6.897200,6.751000,6.957000,7.109000,6.815000,6.854000
41,25,0,6.920800,6.955000,7.062000,7.055000,6.786000,6.746000
41,26,0,6.920200,6.865000,7.048000,6.996000,6.848000,6.844000
41,27,0,6.926000,6.998000,7.023000,6.917000,6.774000,6.918000
41,28,0,7.011800,7.025000,7.116000,7.022000,6.880000,7.016000
41,29,0,6.255600,6.259000,6.225000,6.498000,6.038000,6.258000
41,30,0,6.544400,6.512000,6.583000,6.830000,6.327000,6.470000
41,31,0,6.818800,6.781000,6.863000,7.147000,6.584000,6.719000
41,32,0,6.841000,6.884000,6.685000,6.997000,6.703000,6.936000
41,33,0,6.228000,6.185000,6.318000,6.438000,6.005000,6.194000
41,34,0,6.321400,6.344000,6.356000,6.442000,6.134000,6.331000
41,35,0,6.716800,6.658000,6.747000,6.933000,6.573000,6.673000
41,36,0,6.890200,6.921000,6.977000,7.087000,6.675000,6.791000
41,37,0,5.708600,5.778000,5.682000,5.874000,5.493000,5.716000
41,38,0,6.826600,6.707000,6.897000,7.028000,6.698000,6.803000
41,39,0,7.124400,7.141000,7.148000,7.325000,6.965000,7.043000
41,40,0,6.974800,6.968000,6.993000,7.164000,6.851000,6.898000
41,41,0,6.654400,6.718000,6.656000,6.847000,6.476000,6.575000
41,42,0,6.653200,6.799000,6.665000,6.892000,6.329000,6.581000
41,43,0,6.540200,6.698000,6.474000,6.768000,6.334000,6.427000
41,44,0,6.547200,6.388000,6.620000,6.737000,6.446000,6.545000
41,45,0,6.572000,6.541000,6.578000,6.744000,6.478000,6.519000
41,46,0,6.369800,6.603000,6.386000,6.434000,6.128000,6.298000
41,47,0,7.069200,6.985000,7.077000,7.210000,7.031000,7.043000
41,48,0,6.980200,7.011000,7.055000,7.187000,6.712000,6.936000
41,49,0,6.694200,6.713000,6.778000,6.900000,6.396000,6.684000
41,50,0,6.442200,6.470000,6.412000,6.720000,6.224000,6.385000
41,51,0,7.215800,7.362000,7.096000,7.304000,7.103000,7.214000
41,52,0,6.298400,6.440000,6.323000,6.472000,6.041000,6.216000
41,53,0,6.623200,6.615000,6.676000,6.785000,6.470000,6.570000
41,54,0,6.877600,6.890000,6.896000,7.099000,6.754000,6.749000
41,55,0,6.813000,6.906000,6.711000,7.017000,6.727000,6.704000
41,56,0,7.028200,6.958000,7.108000,7.072000,6.934000,7.069000
41,57,0,6.819800,6.825000,6.880000,6.994000,6.759000,6.641000
41,58,0,6.896000,6.797000,7.000000,7.049000,6.752000,6.882000
41,59,0,6.351600,6.282000,6.384000,6.449000,6.279000,6.364000
41,60,0,6.802400,6.960000,6.830000,6.480000,6.733000,7.009000
41,61,0,6.922400,6.866000,6.903000,7.149000,6.746000,6.948000
41,62,0,6.437000,6.419000,6.444000,6.598000,6.366000,6.358000
41,63,0,7.113000,7.044000,7.118000,7.243000,6.988000,7.172000
41,64,0,7.104400,7.041000,7.115000,7.268000,7.009000,7.089000
41,65,0,6.862200,6.813000,6.892000,6.976000,6.826000,6.804000
41,66,0,6.455400,6.455000,6.355000,6.672000,6.381000,6.414000
41,67,0,6.811200,6.834000,6.901000,6.774000,6.877000,6.670000
41,68,0,6.889200,6.798000,6.878000,7.074000,6.853000,6.843000
41,69,0,7.152600,7.195000,7.179000,7.314000,6.908000,7.167000
41,70,0,7.082200,7.063000,7.193000,7.200000,6.961000,6.994000
41,71,0,6.987000,6.985000,7.011000,7.125000,6.898000,6.916000
41,72,0,6.633000,6.654000,6.596000,6.861000,6.528000,6.526000
41,73,0,6.945400,6.963000,6.913000,6.939000,6.898000,7.014000
41,74,0,6.989600,6.927000,6.966000,7.203000,6.779000,7.073000
41,75,0,6.965000,6.853000,7.119000,7.072000,6.867000,6.914000
41,76,0,6.627600,6.596000,6.591000,6.810000,6.521000,6.620000
41,77,0,7.020200,6.989000,6.898000,7.213000,6.956000,7.045000
41,78,0,5.753400,5.890000,5.607000,5.940000,5.609000,5.721000
41,79,0,6.819000,6.670000,6.907000,7.053000,6.548000,6.917000
41,80,0,6.490200,6.535000,6.461000,6.740000,6.275000,6.440000
41,81,0,6.741000,6.684000,6.789000,7.013000,6.519000,6.700000
41,82,0,6.615200,6.769000,6.657000,6.694000,6.477000,6.479000
41,83,0,7.078600,6.994000,7.071000,7.068000,7.171000,7.089000
41,84,0,7.090000,7.054000,7.087000,7.188000,7.017000,7.104000
41,85,0,6.775000,6.831000,6.746000,7.022000,6.486000,6.790000
41,86,0,6.717600,6.612000,6.767000,6.891000,6.561000,6.757000
41,87,0,6.595600,6.455000,6.666000,6.846000,6.488000,6.523000
41,88,0,7.060600,7.138000,6.946000,6.971000,7.113000,7.135000
41,89,0,6.728600,6.742000,6.765000,6.918000,6.554000,6.664000
41,90,0,6.951000,6.968000,7.092000,7.100000,6.795000,6.800000
41,91,0,6.898800,6.886000,6.902000,6.969000,6.770000,6.967000
41,92,0,6.894000,6.836000,6.994000,6.976000,6.837000,6.827000
41,93,0,6.714400,6.743000,6.690000,6.996000,6.522000,6.621000
41,94,0,6.917800,6.889000,6.787000,7.164000,6.827000,6.922000
41,95,0,6.715800,6.572000,6.727000,6.935000,6.549000,6.796000
41,96,0,6.821400,6.852000,6.940000,6.959000,6.639000,6.717000
41,97,0,6.902800,6.958000,6.813000,7.098000,6.804000,6.841000
41,98,0,6.756600,6.852000,6.776000,6.862000,6.446000,6.847000
41,99,0,6.860200,6.817000,6.938000,6.947000,6.775000,6.824000
42,0,0,6.179200,6.265000,6.130000,6.177000,6.217000,6.107000
42,1,0,5.855000,5.990000,5.701000,5.905000,5.845000,5.834000
42,2,0,6.630600,6.649000,6.485000,6.753000,6.625000,6.641000
42,3,0,6.968400,6.975000,6.824000,6.940000,7.120000,6.983000
42,4,0,6.763400,6.808000,6.766000,6.638000,6.862000,6.743000
42,5,0,6.834600,6.853000,6.832000,6.856000,6.850000,6.782000
42,6,0,7.032400,7.083000,6.960000,7.049000,7.031000,7.039000
42,7,0,6.658000,6.677000,6.578000,6.765000,6.618000,6.652000
42,8,0,6.997800,6.941000,6.984000,7.021000,7.037000,7.006000
42,9,0,6.801400,6.808000,6.679000,6.857000,6.902000,6.761000
42,10,0,6.582600,6.627000,6.469000,6.630000,6.586000,6.601000
42,11,0,7.142000,7.175000,6.951000,7.108000,7.255000,7.221000
42,12,0,6.515800,6.617000,6.373000,6.503000,6.491000,6.595000
42,13,0,7.190000,7.278000,7.136000,7.248000,7.169000,7.119000
42,14,0,7.057400,7.044000,7.043000,7.064000,7.193000,6.943000
42,15,0,6.868000,6.812000,6.715000,6.990000,6.857000,6.966000
42,16,0,7.062400,7.059000,7.067000,7.000000,7.154000,7.032000
42,17,0,6.649000,6.688000,6.558000,6.660000,6.730000,6.609000
42,18,0,7.215200,7.264000,7.243000,7.124000,7.214000,7.231000
42,19,0,6.685400,6.604000,6.716000,6.730000,6.739000,6.638000
42,20,0,6.258600,6.382000,6.069000,6.300000,6.305000,6.237000
42,21,0,7.239400,7.326000,7.068000,7.255000,7.351000,7.197000
42,22,0,6.889800,6.888000,6.854000,7.026000,6.881000,6.800000
42,23,0,7.054800,7.131000,6.910000,7.077000,7.165000,6.991000
42,24,0,6.715000,6.773000,6.481000,6.796000,6.749000,6.776000
42,25,0,6.495000,6.518000,6.428000,6.512000,6.554000,6.463000
42,26,0,6.521600,6.540000,6.396000,6.570000,6.622000,6.480000
42,27,0,6.476200,6.582000,6.364000,6.446000,6.570000,6.419000
42,28,0,6.562400,6.563000,6.549000,6.605000,6.589000,6.506000
42,29,0,6.405000,6.350000,6.445000,6.492000,6.342000,6.396000
42,30,0,7.077000,7.112000,6.998000,7.160000,7.065000,7.050000
42,31,0,6.858400,6.952000,6.705000,6.896000,6.925000,6.814000
42,32,0,6.547000,6.504000,6.430000,6.551000,6.659000,6.591000
42,33,0,6.508800,6.523000,6.395000,6.577000,6.642000,6.407000
42,34,0,6.927800,7.003000,6.888000,6.966000,6.945000,6.837000
42,35,0,7.010000,7.028000,6.942000,7.037000,7.016000,7.027000
42,36,0,6.703000,6.711000,6.655000,6.691000,6.762000,6.696000
42,37,0,6.862000,7.011000,6.717000,6.837000,6.884000,6.861000
42,38,0,6.991800,7.148000,6.890000,6.990000,6.952000,6.979000
42,39,0,6.496000,6.445000,6.487000,6.495000,6.544000,6.509000
42,40,0,6.925600,6.890000,6.949000,6.932000,6.993000,6.864000
42,41,0,5.697800,5.851000,5.605000,5.686000,5.661000,5.686000
42,42,0,6.789800,6.720000,6.754000,6.896000,6.785000,6.794000
42,43,0,7.207400,7.267000,7.135000,7.299000,7.110000,7.226000
42,44,0,7.228600,7.151000,7.160000,7.268000,7.286000,7.278000
42,45,0,7.163400,7.229000,7.100000,7.170000,7.171000,7.147000
42,46,0,7.019000,7.144000,6.926000,7.047000,7.048000,6.930000
42,47,0,6.333600,6.446000,6.250000,6.313000,6.405000,6.254000
42,48,0,6.801600,6.791000,6.716000,6.769000,6.852000,6.880000
42,49,0,6.918400,6.938000,6.906000,6.887000,6.907000,6.954000
42,50,0,6.750200,6.768000,6.730000,6.808000,6.743000,6.702000
42,51,0,6.962000,6.980000,6.846000,6.980000,7.007000,6.997000
42,52,0,6.826400,6.884000,6.683000,6.898000,6.866000,6.801000
42,53,0,6.707200,6.736000,6.606000,6.781000,6.688000,6.725000
42,54,0,6.892400,6.949000,6.754000,6.933000,6.972000,6.854000
42,55,0,6.992600,7.044000,6.847000,7.053000,7.062000,6.957000
42,56,0,6.687200,6.723000,6.674000,6.728000,6.703000,6.608000
42,57,0,6.916600,7.004000,6.837000,6.926000,7.002000,6.814000
42,58,0,7.297800,7.385000,7.272000,7.306000,7.218000,7.308000
42,59,0,6.748200,6.777000,6.701000,6.872000,6.737000,6.654000
42,60,0,6.969200,6.992000,6.926000,7.011000,7.001000,6.916000
42,61,0,7.064000,7.102000,7.018000,7.193000,7.040000,6.967000
42,62,0,6.867200,6.823000,6.921000,6.807000,6.830000,6.955000
42,63,0,6.989200,7.061000,6.960000,6.926000,6.972000,7.027000
42,64,0,7.042600,7.112000,6.931000,7.088000,7.064000,7.018000
42,65,0,6.953600,6.956000,7.023000,6.961000,6.859000,6.969000
42,66,0,6.762400,6.748000,6.775000,6.698000,6.736000,6.855000
42,67,0,6.663200,6.708000,6.657000,6.719000,6.682000,6.550000
42,68,0,7.249600,7.260000,7.137000,7.288000,7.229000,7.334000
42,69,0,6.278400,6.465000,6.195000,6.223000,6.203000,6.306000
42,70,0,6.682200,6.644000,6.671000,6.702000,6.750000,6.644000
42,71,0,6.633400,6.742000,6.704000,6.620000,6.830000,6.271000
42,72,0,7.171000,7.137000,7.078000,7.258000,7.195000,7.187000
42,73,0,7.156600,7.172000,7.092000,7.177000,7.239000,7.103000
42,74,0,7.032200,7.005000,7.058000,7.071000,7.003000,7.024000
42,75,0,6.754200,6.776000,6.814000,6.605000,6.801000,6.775000
42,76,0,6.742800,6.881000,6.599000,6.768000,6.814000,6.652000
42,77,0,6.664600,6.713000,6.512000,6.766000,6.605000,6.727000
42,78,0,6.339200,6.656000,6.265000,6.248000,6.290000,6.237000
42,79,0,6.399800,6.438000,6.328000,6.462000,6.257000,6.514000
42,80,0,6.550400,6.575000,6.564000,6.579000,6.563000,6.471000
42,81,0,6.904200,6.999000,6.776000,6.820000,7.052000,6.874000
42,82,0,6.914600,7.048000,6.775000,6.903000,7.003000,6.844000
42,83,0,7.139200,7.132000,7.047000,7.209000,7.166000,7.142000
42,84,0,6.935400,6.866000,6.918000,7.010000,7.005000,6.878000
42,85,0,6.183200,6.283000,6.108000,6.211000,6.177000,6.137000
42,86,0,7.152000,7.082000,7.058000,7.187000,7.299000,7.134000
42,87,0,6.775000,6.702000,6.700000,6.833000,6.896000,6.744000
42,88,0,7.010800,7.059000,7.001000,6.982000,7.017000,6.995000
42,89,0,6.551600,6.567000,6.414000,6.679000,6.565000,6.533000
42,90,0,7.115000,7.234000,6.981000,7.147000,7.096000,7.117000
42,91,0,6.501400,6.595000,6.399000,6.502000,6.613000,6.398000
42,92,0,6.761800,6.756000,6.742000,6.792000,6.730000,6.789000
42,93,0,6.874800,6.907000,6.801000,6.877000,6.966000,6.823000
42,94,0,6.954600,7.105000,6.722000,7.013000,6.978000,6.955000
42,95,0,6.679200,6.756000,6.571000,6.771000,6.575000,6.723000
42,96,0,6.830200,6.954000,6.655000,6.862000,6.842000,6.838000
42,97,0,6.638600,6.594000,6.552000,6.710000,6.677000,6.660000
42,98,0,6.744000,6.726000,6.647000,6.828000,6.828000,6.691000
42,99,0,6.863200,6.897000,6.860000,6.878000,6.889000,6.792000
43,0,0,7.128200,7.026000,7.054000,7.172000,7.083000,7.306000
43,1,0,6.915800,6.733000,6.928000,6.852000,6.872000,7.194000
43,2,0,6.968600,6.894000,6.984000,6.937000,6.840000,7.188000
43,3,0,6.830200,6.732000,6.849000,6.769000,6.805000,6.996000
43,4,0,6.814200,6.852000,6.734000,6.914000,6.715000,6.856000
43,5,0,6.636200,6.432000,6.490000,6.763000,6.644000,6.852000
43,6,0,7.074800,7.004000,7.017000,7.150000,6.967000,7.236000
43,7,0,7.180600,7.188000,7.074000,7.135000,7.152000,7.354000
43,8,0,6.894600,6.877000,6.921000,6.822000,6.802000,7.051000
43,9,0,6.503800,6.472000,6.584000,6.410000,6.378000,6.675000
43,10,0,7.091400,7.101000,7.053000,7.104000,7.050000,7.149000
43,11,0,7.094000,7.016000,7.111000,7.044000,7.042000,7.257000
43,12,0,6.826400,6.789000,6.895000,6.858000,6.729000,6.861000
43,13,0,7.154200,7.138000,7.125000,7.067000,7.124000,7.317000
43,14,0,6.735000,6.732000,6.655000,6.649000,6.716000,6.923000
43,15,0,7.023600,7.024000,7.011000,7.018000,6.888000,7.177000
43,16,0,6.538200,6.314000,6.629000,6.525000,6.455000,6.768000
43,17,0,6.783400,6.665000,6.886000,6.841000,6.688000,6.837000
43,18,0,6.909000,6.787000,6.796000,6.929000,6.907000,7.126000
43,19,0,6.763200,6.714000,6.702000,6.744000,6.708000,6.948000
43,20,0,6.531000,6.443000,6.571000,6.560000,6.374000,6.707000
43,21,0,6.934800,6.977000,6.955000,6.797000,7.064000,6.881000
43,22,0,6.982000,6.861000,6.889000,6.989000,7.082000,7.089000
43,23,0,7.041400,6.955000,7.012000,7.081000,7.003000,7.156000
43,24,0,6.369000,6.348000,6.431000,6.269000,6.187000,6.610000
43,25,0,6.842200,6.727000,6.772000,6.935000,6.851000,6.926000
43,26,0,6.895400,6.749000,6.887000,6.957000,6.766000,7.118000
43,27,0,6.646800,6.581000,6.734000,6.579000,6.579000,6.761000
43,28,0,7.041000,6.989000,7.153000,7.025000,6.888000,7.150000
43,29,0,6.899400,6.856000,6.924000,7.027000,6.685000,7.005000
43,30,0,6.970600,6.902000,7.021000,6.863000,6.928000,7.139000
43,31,0,6.959200,6.980000,6.904000,6.963000,6.912000,7.037000
43,32,0,6.215800,6.154000,6.384000,6.130000,6.021000,6.390000
43,33,0,6.841400,6.771000,6.773000,6.851000,6.772000,7.040000
43,34,0,6.720600,6.720000,6.767000,6.598000,6.625000,6.893000
43,35,0,6.931600,6.717000,6.995000,6.872000,6.952000,7.122000
43,36,0,6.031800,5.984000,6.141000,6.071000,5.844000,6.119000
43,37,0,6.786000,6.653000,6.921000,6.724000,6.689000,6.943000
43,38,0,6.314000,6.212000,6.417000,6.348000,6.171000,6.422000
43,39,0,6.772400,6.698000,6.966000,6.855000,6.634000,6.709000
43,40,0,6.670000,6.634000,6.686000,6.661000,6.694000,6.675000
43,41,0,6.491200,6.450000,6.618000,6.399000,6.330000,6.659000
43,42,0,6.615200,6.648000,6.650000,6.566000,6.461000,6.751000
43,43,0,6.119600,6.187000,6.200000,5.958000,6.033000,6.220000
43,44,0,7.264600,7.117000,7.151000,7.328000,7.302000,7.425000
43,45,0,6.820200,6.804000,6.723000,6.864000,6.856000,6.854000
43,46,0,6.336800,6.185000,6.452000,6.286000,6.277000,6.484000
43,47,0,6.967200,6.924000,6.945000,6.986000,6.865000,7.116000
43,48,0,6.498800,6.407000,6.663000,6.454000,6.416000,6.554000
43,49,0,7.069600,7.128000,6.992000,7.018000,6.942000,7.268000
43,50,0,6.900400,6.830000,6.995000,6.899000,6.848000,6.930000
43,51,0,6.700600,6.621000,6.802000,6.704000,6.485000,6.891000
43,52,0,7.159400,7.056000,7.154000,7.175000,7.129000,7.283000
43,53,0,7.024800,6.920000,6.952000,7.012000,7.031000,7.209000
43,54,0,7.248800,7.147000,7.315000,7.223000,7.219000,7.340000
43,55,0,7.272000,7.253000,7.208000,7.308000,7.184000,7.407000
43,56,0,6.197400,6.108000,6.311000,6.157000,6.133000,6.278000
43,57,0,6.793600,6.676000,6.915000,6.646000,6.784000,6.947000
43,58,0,7.082600,7.063000,7.041000,7.182000,6.911000,7.216000
43,59,0,7.325800,7.282000,7.226000,7.306000,7.236000,7.579000
43,60,0,7.026400,6.968000,6.999000,7.017000,6.955000,7.193000
43,61,0,7.037800,6.938000,7.060000,7.106000,6.992000,7.093000
43,62,0,6.838000,6.766000,6.862000,6.886000,6.741000,6.935000
43,63,0,7.041400,7.057000,7.058000,6.976000,6.973000,7.143000
43,64,0,7.251200,7.198000,7.247000,7.323000,7.200000,7.288000
43,65,0,7.044200,7.024000,7.001000,7.020000,6.989000,7.187000
43,66,0,7.087200,6.974000,7.116000,7.159000,7.055000,7.132000
43,67,0,6.878400,6.789000,6.988000,6.921000,6.868000,6.826000
43,68,0,6.904400,6.803000,6.912000,6.862000,6.888000,7.057000
43,69,0,6.995800,6.914000,6.993000,7.049000,6.968000,7.055000
43,70,0,6.847200,6.793000,6.799000,6.808000,6.712000,7.124000
43,71,0,6.922400,6.731000,6.947000,6.915000,6.762000,7.257000
43,72,0,6.414200,6.292000,6.558000,6.320000,6.332000,6.569000
43,73,0,6.320400,6.297000,6.421000,6.338000,6.183000,6.363000
43,74,0,7.137200,7.062000,7.130000,7.009000,7.118000,7.367000
43,75,0,6.375400,6.253000,6.511000,6.328000,6.336000,6.449000
43,76,0,6.539000,6.522000,6.630000,6.469000,6.443000,6.631000
43,77,0,6.532000,6.525000,6.689000,6.455000,6.446000,6.545000
43,78,0,7.060000,7.115000,6.855000,7.121000,7.061000,7.148000
43,79,0,6.592200,6.464000,6.636000,6.578000,6.483000,6.800000
43,80,0,7.153400,7.082000,7.173000,7.144000,7.039000,7.329000
43,81,0,6.682600,6.718000,6.611000,6.641000,6.730000,6.713000
43,82,0,7.335400,7.388000,7.339000,7.328000,7.146000,7.476000
43,83,0,6.812200,6.773000,6.901000,6.786000,6.717000,6.884000
43,84,0,6.947000,6.844000,6.919000,6.952000,6.997000,7.023000
43,85,0,6.535400,6.427000,6.645000,6.591000,6.356000,6.658000
43,86,0,6.714000,6.576000,6.827000,6.672000,6.544000,6.951000
43,87,0,6.535200,6.411000,6.627000,6.580000,6.274000,6.784000
43,88,0,6.478200,6.386000,6.618000,6.345000,6.504000,6.538000
43,89,0,7.085000,6.952000,7.150000,7.097000,6.939000,7.287000
43,90,0,6.958600,6.795000,7.016000,6.868000,7.000000,7.114000
43,91,0,6.664600,6.651000,6.618000,6.661000,6.643000,6.750000
43,92,0,6.994600,6.888000,6.953000,7.044000,6.888000,7.200000
43,93,0,6.885200,6.882000,6.784000,6.932000,6.846000,6.982000
43,94,0,6.702600,6.658000,6.680000,6.633000,6.682000,6.860000
43,95,0,7.012200,6.849000,7.070000,7.009000,7.007000,7.126000
43,96,0,6.958000,6.705000,6.978000,6.974000,7.003000,7.130000
43,97,0,6.760600,6.880000,6.695000,6.724000,6.816000,6.688000
43,98,0,6.884600,6.758000,6.950000,6.895000,6.788000,7.032000
43,99,0,7.287000,7.276000,7.227000,7.237000,7.271000,7.424000
44,0,0,6.551600,6.598000,6.535000,6.515000,6.539000,6.571000
44,1,0,7.247600,7.278000,7.174000,7.321000,7.194000,7.271000
44,2,0,7.134400,7.237000,7.092000,7.043000,7.099000,7.201000
44,3,0,7.005800,7.065000,6.974000,6.987000,7.086000,6.917000
44,4,0,7.120000,7.229000,7.090000,7.078000,7.072000,7.131000
44,5,0,7.129000,7.295000,7.046000,7.066000,7.203000,7.035000
44,6,0,6.781800,6.935000,6.665000,6.662000,6.909000,6.738000
44,7,0,6.626200,6.670000,6.665000,6.453000,6.681000,6.662000
44,8,0,6.991400,7.067000,6.840000,6.965000,7.044000,7.041000
44,9,0,7.084000,7.215000,6.956000,7.020000,7.129000,7.100000
44,10,0,6.557200,6.628000,6.589000,6.680000,6.346000,6.543000
44,11,0,6.709800,6.816000,6.567000,6.667000,6.700000,6.799000
44,12,0,6.404400,6.360000,6.377000,6.305000,6.398000,6.582000
44,13,0,6.893600,7.041000,6.871000,6.801000,6.743000,7.012000
44,14,0,6.955800,6.990000,6.808000,7.005000,6.904000,7.072000
44,15,0,6.761200,6.799000,6.720000,6.562000,6.772000,6.953000
44,16,0,6.245000,6.260000,6.196000,6.023000,6.234000,6.512000
44,17,0,7.161600,7.262000,7.058000,7.135000,7.138000,7.215000
44,18,0,6.908400,6.976000,6.852000,6.900000,6.921000,6.893000
44,19,0,6.150200,6.169000,6.115000,6.030000,6.108000,6.329000
44,20,0,6.937000,6.791000,6.897000,6.969000,6.926000,7.102000
44,21,0,7.246400,7.394000,7.207000,7.273000,7.097000,7.261000
44,22,0,7.092600,7.175000,7.012000,7.025000,7.061000,7.190000
44,23,0,7.039200,7.111000,7.046000,6.863000,7.039000,7.137000
44,24,0,7.015800,7.077000,6.924000,7.021000,6.961000,7.096000
44,25,0,6.661200,6.737000,6.618000,6.453000,6.653000,6.845000
44,26,0,6.175800,6.245000,6.110000,6.026000,6.247000,6.251000
44,27,0,6.931600,7.132000,6.848000,6.914000,6.840000,6.924000
44,28,0,6.488400,6.544000,6.450000,6.391000,6.395000,6.662000
44,29,0,6.956400,7.077000,6.867000,6.949000,6.885000,7.004000
44,30,0,6.720600,6.772000,6.757000,6.632000,6.769000,6.673000
44,31,0,6.828800,6.836000,6.871000,6.725000,6.768000,6.944000
44,32,0,7.013200,7.180000,6.909000,6.961000,6.971000,7.045000
44,33,0,6.978200,7.100000,6.986000,6.985000,6.857000,6.963000
44,34,0,6.692600,6.926000,6.458000,6.663000,6.756000,6.660000
44,35,0,7.120400,7.225000,7.078000,7.035000,6.987000,7.277000
44,36,0,6.645400,6.637000,6.844000,6.622000,6.657000,6.467000
44,37,0,6.813800,6.838000,6.704000,6.792000,6.848000,6.887000
44,38,0,6.784200,6.936000,6.604000,6.745000,6.833000,6.803000
44,39,0,6.848200,6.972000,6.798000,6.632000,6.785000,7.054000
44,40,0,6.802000,6.853000,6.797000,6.655000,6.907000,6.798000
44,41,0,6.327000,6.358000,6.438000,6.167000,6.255000,6.417000
44,42,0,7.301800,7.315000,7.194000,7.380000,7.275000,7.345000
44,43,0,6.926800,6.973000,6.894000,6.803000,6.909000,7.055000
44,44,0,7.182800,7.220000,7.111000,7.140000,7.164000,7.279000
44,45,0,6.857800,6.963000,6.755000,6.923000,6.807000,6.841000
44,46,0,6.556000,6.636000,6.667000,6.378000,6.558000,6.541000
44,47,0,7.078200,7.198000,6.898000,7.112000,7.040000,7.143000
44,48,0,7.036200,7.089000,6.827000,7.009000,7.163000,7.093000
44,49,0,6.726600,6.794000,6.740000,6.700000,6.592000,6.807000
44,50,0,6.743800,6.744000,6.849000,6.634000,6.729000,6.763000
44,51,0,6.989600,7.088000,7.003000,6.880000,6.937000,7.040000
44,52,0,7.053600,7.281000,6.821000,6.969000,7.032000,7.165000
44,53,0,7.244000,7.333000,7.168000,7.176000,7.172000,7.371000
44,54,0,7.190800,7.313000,7.195000,7.017000,7.174000,7.255000
44,55,0,6.836400,6.911000,6.867000,6.710000,6.731000,6.963000
44,56,0,7.004000,7.141000,6.902000,7.068000,6.864000,7.045000
44,57,0,6.951600,6.950000,6.901000,7.007000,6.927000,6.973000
44,58,0,6.952400,7.144000,6.754000,6.879000,7.035000,6.950000
44,59,0,6.901600,6.934000,6.940000,6.876000,6.809000,6.949000
44,60,0,6.866400,6.954000,6.791000,6.863000,6.817000,6.907000
44,61,0,7.037000,7.250000,7.035000,6.910000,6.898000,7.092000
44,62,0,6.908400,6.991000,6.793000,6.944000,6.866000,6.948000
44,63,0,6.924600,7.166000,6.699000,6.782000,6.907000,7.069000
44,64,0,6.734400,6.843000,6.674000,6.716000,6.507000,6.932000
44,65,0,6.584400,6.670000,6.545000,6.407000,6.564000,6.736000
44,66,0,7.135200,7.266000,7.133000,7.060000,7.073000,7.144000
44,67,0,6.747000,6.953000,6.570000,6.535000,6.838000,6.839000
44,68,0,6.907800,6.968000,6.783000,6.808000,6.915000,7.065000
44,69,0,6.481400,6.478000,6.499000,6.450000,6.518000,6.462000
44,70,0,6.898800,7.117000,6.843000,6.687000,6.885000,6.962000
44,71,0,6.515200,6.659000,6.378000,6.342000,6.540000,6.657000
44,72,0,6.587000,6.559000,6.693000,6.518000,6.563000,6.602000
44,73,0,7.120200,7.187000,7.092000,6.988000,7.125000,7.209000
44,74,0,7.137800,7.219000,7.061000,7.169000,7.013000,7.227000
44,75,0,7.105600,7.217000,7.111000,7.144000,7.099000,6.957000
44,76,0,6.995200,7.064000,6.927000,6.916000,6.984000,7.085000
44,77,0,7.208600,7.423000,7.160000,7.170000,7.111000,7.179000
44,78,0,6.979000,7.123000,6.982000,6.940000,6.889000,6.961000
44,79,0,7.054000,7.172000,7.092000,7.018000,6.817000,7.171000
44,80,0,7.142000,7.242000,7.092000,7.091000,7.105000,7.180000
44,81,0,6.966200,6.989000,6.988000,6.870000,6.918000,7.066000
44,82,0,6.715600,6.909000,6.620000,6.714000,6.557000,6.778000
44,83,0,6.437000,6.481000,6.551000,6.232000,6.462000,6.459000
44,84,0,6.791800,6.928000,6.708000,6.649000,6.825000,6.849000
44,85,0,7.025600,7.167000,7.030000,7.036000,6.903000,6.992000
44,86,0,6.200400,6.201000,6.162000,5.998000,6.246000,6.395000
44,87,0,6.748400,6.792000,6.681000,6.576000,6.800000,6.893000
44,88,0,7.043000,7.081000,6.986000,7.031000,6.998000,7.119000
44,89,0,7.088400,7.076000,6.989000,7.253000,6.982000,7.142000
44,90,0,6.852800,6.894000,6.978000,6.867000,6.719000,6.806000
44,91,0,7.036800,7.098000,7.001000,7.031000,6.876000,7.178000
44,92,0,6.606800,6.577000,6.614000,6.458000,6.708000,6.677000
44,93,0,6.470000,6.694000,6.272000,6.373000,6.525000,6.486000
44,94,0,6.784000,6.704000,6.843000,6.720000,6.725000,6.928000
44,95,0,7.140200,7.311000,7.013000,7.105000,7.171000,7.101000
44,96,0,6.337800,6.324000,6.495000,6.239000,6.195000,6.436000
44,97,0,6.394800,6.428000,6.452000,6.128000,6.368000,6.598000
44,98,0,6.840400,6.898000,6.656000,6.860000,6.881000,6.907000
44,99,0,6.744800,7.069000,6.453000,6.875000,6.734000,6.593000
45,0,0,6.811000,6.747000,6.924000,6.815000,6.764000,6.805000
45,1,0,6.771800,6.632000,6.950000,6.826000,6.661000,6.790000
45,2,0,6.673400,6.451000,6.962000,6.670000,6.574000,6.710000
45,3,0,6.896000,6.889000,7.091000,6.822000,6.803000,6.875000
45,4,0,6.531000,6.427000,6.486000,6.669000,6.448000,6.625000
45,5,0,6.770400,6.620000,6.826000,6.828000,6.702000,6.876000
45,6,0,7.269600,7.163000,7.402000,7.244000,7.172000,7.367000
45,7,0,7.021200,7.026000,7.089000,7.005000,6.945000,7.041000
45,8,0,7.187800,7.083000,7.298000,7.323000,7.149000,7.086000
45,9,0,6.940000,6.915000,6.994000,7.028000,6.776000,6.987000
45,10,0,7.145000,7.138000,7.169000,7.050000,7.152000,7.216000
45,11,0,7.062800,7.001000,7.330000,7.043000,6.946000,6.994000
45,12,0,6.830400,6.757000,6.734000,6.869000,6.855000,6.937000
45,13,0,6.731400,6.735000,6.837000,6.573000,6.823000,6.689000
45,14,0,6.818800,6.701000,7.012000,6.642000,6.801000,6.938000
45,15,0,7.327000,7.298000,7.319000,7.362000,7.299000,7.357000
45,16,0,7.257400,7.100000,7.398000,7.278000,7.330000,7.181000
45,17,0,7.129000,7.158000,6.935000,7.061000,7.290000,7.201000
45,18,0,6.964600,6.888000,6.946000,7.014000,6.966000,7.009000
45,19,0,6.963000,6.832000,7.179000,6.884000,6.927000,6.993000
45,20,0,7.210800,7.057000,7.283000,7.283000,7.212000,7.219000
45,21,0,7.057800,6.971000,7.177000,7.132000,6.951000,7.058000
45,22,0,7.004200,7.036000,6.961000,7.068000,7.022000,6.934000
45,23,0,7.041800,6.888000,7.179000,7.048000,7.030000,7.064000
45,24,0,6.829000,6.867000,6.877000,6.781000,6.852000,6.768000
45,25,0,6.786000,6.781000,6.923000,6.710000,6.670000,6.846000
45,26,0,7.206600,7.130000,7.333000,7.060000,7.284000,7.226000
45,27,0,6.855400,6.779000,6.960000,6.809000,6.873000,6.856000
45,28,0,7.034400,6.938000,7.215000,7.091000,7.007000,6.921000
45,29,0,7.283800,7.191000,7.364000,7.335000,7.219000,7.310000
45,30,0,7.014400,7.060000,7.189000,6.919000,6.927000,6.977000
45,31,0,6.958800,6.856000,7.069000,6.956000,6.933000,6.980000
45,32,0,6.603400,6.573000,6.722000,6.580000,6.494000,6.648000
45,33,0,6.833000,6.776000,7.012000,6.752000,6.859000,6.766000
45,34,0,6.579600,6.464000,6.631000,6.630000,6.580000,6.593000
45,35,0,6.727600,6.637000,6.906000,6.727000,6.629000,6.739000
45,36,0,6.878000,6.856000,7.005000,6.851000,6.779000,6.899000
45,37,0,6.353800,6.278000,6.444000,6.352000,6.291000,6.404000
45,38,0,6.994200,6.946000,7.110000,7.015000,6.969000,6.931000
45,39,0,6.992800,7.060000,7.120000,6.862000,7.009000,6.913000
45,40,0,6.850200,6.839000,7.067000,6.809000,6.633000,6.903000
45,41,0,6.433600,6.354000,6.397000,6.454000,6.472000,6.491000
45,42,0,7.287400,7.299000,7.313000,7.334000,7.293000,7.198000
45,43,0,7.060800,6.868000,7.049000,7.059000,7.100000,7.228000
45,44,0,6.861800,6.806000,7.010000,6.891000,6.728000,6.874000
45,45,0,6.933400,6.667000,7.079000,6.893000,6.953000,7.075000
45,46,0,6.622000,6.606000,6.734000,6.591000,6.530000,6.649000
45,47,0,7.158200,7.025000,7.237000,7.180000,7.201000,7.148000
45,48,0,7.128400,7.083000,7.189000,7.185000,7.159000,7.026000
45,49,0,7.033000,6.960000,7.182000,6.997000,7.030000,6.996000
45,50,0,6.823400,6.778000,7.029000,6.732000,6.726000,6.852000
45,51,0,6.814400,6.685000,7.035000,6.777000,6.664000,6.911000
45,52,0,7.297400,7.139000,7.293000,7.281000,7.415000,7.359000
45,53,0,6.802600,6.665000,6.944000,6.756000,6.833000,6.815000
45,54,0,7.079400,7.009000,7.143000,7.070000,7.046000,7.129000
45,55,0,7.016200,6.872000,7.161000,7.072000,6.986000,6.990000
45,56,0,6.771600,6.700000,6.935000,6.675000,6.689000,6.859000
45,57,0,6.972600,6.825000,7.250000,6.982000,6.905000,6.901000
45,58,0,7.191200,7.093000,7.345000,7.147000,7.197000,7.174000
45,59,0,6.947800,6.959000,7.175000,6.794000,6.981000,6.830000
45,60,0,7.056600,6.955000,7.131000,6.997000,7.036000,7.164000
45,61,0,6.853600,6.717000,6.909000,6.868000,6.809000,6.965000
45,62,0,6.944000,6.742000,7.159000,6.763000,6.998000,7.058000
45,63,0,7.114200,7.080000,7.099000,7.232000,7.132000,7.028000
45,64,0,7.446600,7.433000,7.545000,7.431000,7.473000,7.351000
45,65,0,6.870600,6.769000,7.050000,6.852000,6.916000,6.766000
45,66,0,7.185000,7.137000,7.168000,7.083000,7.212000,7.325000
45,67,0,7.166200,7.015000,7.222000,7.223000,7.201000,7.170000
45,68,0,6.475200,6.444000,6.613000,6.365000,6.412000,6.542000
45,69,0,6.728800,6.554000,6.877000,6.737000,6.724000,6.752000
45,70,0,7.093800,6.983000,7.227000,7.075000,7.062000,7.122000
45,71,0,6.683000,6.681000,6.705000,6.588000,6.733000,6.708000
45,72,0,6.970200,6.940000,7.107000,6.947000,6.838000,7.019000
45,73,0,7.037600,6.968000,6.708000,7.117000,7.114000,7.281000
45,74,0,6.846400,6.821000,6.997000,6.758000,6.793000,6.863000
45,75,0,7.105600,7.162000,7.252000,7.124000,7.015000,6.975000
45,76,0,7.206800,7.262000,7.275000,7.320000,7.151000,7.026000
45,77,0,7.025000,6.956000,7.064000,7.120000,6.969000,7.016000
45,78,0,6.943000,6.833000,7.089000,7.074000,6.815000,6.904000
45,79,0,7.217400,7.154000,7.155000,7.361000,7.225000,7.192000
45,80,0,6.595800,6.437000,6.812000,6.719000,6.470000,6.541000
45,81,0,6.460000,6.384000,6.542000,6.448000,6.370000,6.556000
45,82,0,7.088600,6.979000,7.230000,7.249000,7.019000,6.966000
45,83,0,6.385400,6.313000,6.535000,6.445000,6.292000,6.342000
45,84,0,6.968000,6.798000,6.926000,6.965000,7.063000,7.088000
45,85,0,6.977200,6.779000,7.045000,7.057000,6.958000,7.047000
45,86,0,6.885800,6.730000,7.041000,6.949000,6.750000,6.959000
45,87,0,7.228400,7.215000,7.206000,7.286000,7.296000,7.139000
45,88,0,7.153800,7.078000,7.166000,7.227000,7.184000,7.114000
45,89,0,7.116000,7.146000,7.175000,7.086000,7.080000,7.093000
45,90,0,7.122000,7.021000,7.222000,7.194000,7.049000,7.124000
45,91,0,6.695400,6.585000,6.516000,6.768000,6.729000,6.879000
45,92,0,7.115000,6.986000,6.979000,7.172000,7.227000,7.211000
45,93,0,7.077000,7.018000,7.121000,7.036000,7.109000,7.101000
45,94,0,6.986200,6.967000,7.087000,6.936000,6.899000,7.042000
45,95,0,6.940400,6.794000,6.982000,6.861000,6.983000,7.082000
45,96,0,7.157400,7.057000,7.270000,7.196000,7.085000,7.179000
45,97,0,6.044600,6.091000,6.229000,5.963000,5.920000,6.020000
45,98,0,6.880200,6.775000,6.956000,6.937000,6.830000,6.903000
45,99,0,7.044600,6.972000,7.126000,7.133000,6.903000,7.089000
46,0,0,7.155000,7.185000,7.094000,7.234000,7.137000,7.125000
46,1,0,7.371200,7.458000,7.375000,7.420000,7.310000,7.293000
46,2,0,7.279400,7.349000,7.278000,7.434000,7.161000,7.175000
46,3,0,7.056800,7.081000,7.084000,7.152000,7.002000,6.965000
46,4,0,7.083400,7.035000,7.084000,7.177000,7.069000,7.052000
46,5,0,6.777000,6.720000,6.793000,6.979000,6.612000,6.781000
46,6,0,7.046200,7.056000,7.184000,7.020000,6.888000,7.083000
46,7,0,7.063000,7.159000,7.098000,7.101000,6.931000,7.026000
46,8,0,6.869000,6.955000,6.858000,6.997000,6.755000,6.780000
46,9,0,7.083600,7.105000,7.124000,7.201000,6.870000,7.118000
46,10,0,7.065200,7.097000,6.967000,7.195000,7.073000,6.994000
46,11,0,6.821600,7.013000,6.782000,6.992000,6.535000,6.786000
46,12,0,6.865000,6.902000,6.794000,6.979000,6.880000,6.770000
46,13,0,6.713400,6.673000,6.869000,6.746000,6.725000,6.554000
46,14,0,6.727400,6.717000,6.777000,6.865000,6.682000,6.596000
46,15,0,7.275000,7.420000,7.244000,7.294000,7.230000,7.187000
46,16,0,7.076800,7.050000,7.024000,7.194000,7.046000,7.070000
46,17,0,6.892600,6.926000,6.971000,7.007000,6.759000,6.800000
46,18,0,7.167400,7.262000,7.179000,7.260000,7.113000,7.023000
46,19,0,7.019200,6.960000,7.103000,7.161000,7.040000,6.832000
46,20,0,7.351600,7.243000,7.386000,7.433000,7.271000,7.425000
46,21,0,7.249600,7.321000,7.372000,7.285000,7.055000,7.215000
46,22,0,6.900800,7.028000,6.931000,6.873000,6.723000,6.949000
46,23,0,6.924000,6.931000,7.009000,6.921000,6.909000,6.850000
46,24,0,6.176400,6.089000,6.084000,6.181000,6.288000,6.240000
46,25,0,7.164400,7.177000,7.244000,7.195000,7.132000,7.074000
46,26,0,6.763200,6.732000,6.840000,6.750000,6.794000,6.700000
46,27,0,6.830000,6.806000,6.795000,6.975000,6.800000,6.774000
46,28,0,7.189800,7.189000,6.932000,7.382000,7.278000,7.168000
46,29,0,7.019200,7.038000,6.911000,7.127000,6.955000,7.065000
46,30,0,6.919200,6.787000,6.966000,6.973000,6.873000,6.997000
46,31,0,6.719800,6.663000,6.724000,6.831000,6.695000,6.686000
46,32,0,7.333400,7.369000,7.309000,7.523000,7.287000,7.179000
46,33,0,7.226600,7.258000,7.230000,7.271000,7.212000,7.162000
46,34,0,7.002600,7.005000,6.991000,7.106000,6.980000,6.931000
46,35,0,6.968200,6.974000,6.947000,7.101000,6.933000,6.886000
46,36,0,6.954000,6.854000,6.942000,7.208000,6.932000,6.834000
46,37,0,7.295000,7.245000,7.347000,7.468000,7.202000,7.213000
46,38,0,7.001800,7.076000,7.078000,7.115000,6.890000,6.850000
46,39,0,6.380400,6.172000,6.249000,6.411000,6.540000,6.530000
46,40,0,7.159000,7.187000,7.128000,7.196000,7.104000,7.180000
46,41,0,6.859000,6.817000,6.811000,6.989000,6.985000,6.693000
46,42,0,6.537400,6.504000,6.707000,6.486000,6.451000,6.539000
46,43,0,7.137000,7.157000,7.254000,7.084000,7.068000,7.122000
46,44,0,7.206200,7.182000,7.153000,7.302000,7.195000,7.199000
46,45,0,6.764800,6.863000,6.752000,6.857000,6.724000,6.628000
46,46,0,7.195400,7.368000,7.220000,7.282000,7.008000,7.099000
46,47,0,6.994800,7.034000,7.079000,7.070000,6.984000,6.807000
46,48,0,7.348200,7.381000,7.379000,7.398000,7.286000,7.297000
46,49,0,6.734200,6.740000,6.747000,6.859000,6.699000,6.626000
46,50,0,6.769400,6.828000,6.789000,6.802000,6.749000,6.679000
46,51,0,7.230000,7.128000,7.349000,7.311000,7.142000,7.220000
46,52,0,7.368600,7.246000,7.362000,7.498000,7.371000,7.366000
46,53,0,7.082000,7.150000,7.154000,7.106000,7.012000,6.988000
46,54,0,7.037600,7.153000,6.985000,7.225000,6.909000,6.916000
46,55,0,7.109000,7.142000,7.148000,7.157000,7.069000,7.029000
46,56,0,6.447400,6.194000,6.438000,6.516000,6.683000,6.406000
46,57,0,7.270400,7.277000,7.320000,7.252000,7.251000,7.252000
46,58,0,7.160200,7.209000,7.100000,7.260000,7.123000,7.109000
46,59,0,7.092800,7.081000,7.146000,7.248000,6.973000,7.016000
46,60,0,6.845600,6.822000,6.823000,6.912000,6.943000,6.728000
46,61,0,7.227400,7.313000,7.213000,7.368000,7.190000,7.053000
46,62,0,6.967800,6.914000,7.109000,6.938000,7.002000,6.876000
46,63,0,7.252800,7.310000,7.359000,7.396000,6.990000,7.209000
46,64,0,7.031000,6.971000,7.177000,7.083000,6.907000,7.017000
46,65,0,7.402000,7.434000,7.340000,7.445000,7.403000,7.388000
46,66,0,7.242600,7.289000,7.193000,7.221000,7.293000,7.217000
46,67,0,7.005000,6.652000,7.223000,6.991000,7.036000,7.123000
46,68,0,6.833400,6.923000,6.940000,6.888000,6.611000,6.805000
46,69,0,7.262600,7.187000,7.223000,7.269000,7.343000,7.291000
46,70,0,6.974400,6.992000,7.055000,6.985000,7.027000,6.813000
46,71,0,6.887800,6.973000,7.001000,6.938000,6.771000,6.756000
46,72,0,7.214400,7.287000,7.336000,7.327000,7.108000,7.014000
46,73,0,6.763600,6.670000,6.811000,6.776000,6.836000,6.725000
46,74,0,7.092400,7.112000,7.226000,7.162000,6.964000,6.998000
46,75,0,7.105600,7.151000,7.144000,7.134000,7.023000,7.076000
46,76,0,6.787400,6.672000,6.881000,6.896000,6.838000,6.650000
46,77,0,7.000200,7.109000,6.875000,6.876000,7.054000,7.087000
46,78,0,6.893200,6.804000,6.989000,7.062000,6.817000,6.794000
46,79,0,6.833000,6.790000,6.727000,6.915000,6.921000,6.812000
46,80,0,6.640000,6.572000,6.533000,6.703000,6.806000,6.586000
46,81,0,7.228200,7.260000,7.302000,7.300000,7.031000,7.248000
46,82,0,6.791000,6.810000,6.892000,6.757000,6.810000,6.686000
46,83,0,7.036800,7.101000,6.936000,7.025000,7.101000,7.021000
46,84,0,6.548600,6.530000,6.588000,6.570000,6.649000,6.406000
46,85,0,6.573800,6.741000,6.464000,6.771000,6.465000,6.428000
46,86,0,6.832200,6.878000,6.859000,6.840000,6.888000,6.696000
46,87,0,6.234200,6.244000,6.189000,6.306000,6.325000,6.107000
46,88,0,7.040000,7.167000,6.761000,7.187000,7.055000,7.030000
46,89,0,7.156800,7.090000,7.238000,7.237000,7.074000,7.145000
46,90,0,6.223600,6.249000,6.132000,6.449000,6.317000,5.971000
46,91,0,6.636800,6.490000,6.749000,6.707000,6.654000,6.584000
46,92,0,6.445000,6.496000,6.455000,6.497000,6.392000,6.385000
46,93,0,6.571000,6.531000,6.553000,6.740000,6.627000,6.404000
46,94,0,6.757800,6.585000,6.817000,6.920000,6.682000,6.785000
46,95,0,7.026200,6.986000,7.104000,7.063000,6.989000,6.989000
46,96,0,6.975600,6.986000,7.105000,7.018000,6.943000,6.826000
46,97,0,7.085200,7.096000,7.175000,7.185000,7.051000,6.919000
46,98,0,7.127400,7.156000,7.059000,7.287000,7.118000,7.017000
46,99,0,6.649800,6.689000,6.766000,6.645000,6.511000,6.638000
47,0,0,7.165600,7.037000,7.260000,7.209000,7.291000,7.031000
47,1,0,7.256000,7.296000,7.354000,7.244000,7.150000,7.236000
47,2,0,7.291800,7.075000,7.303000,7.312000,7.439000,7.330000
47,3,0,6.994800,6.777000,7.123000,7.030000,7.146000,6.898000
47,4,0,6.846400,6.594000,6.865000,6.836000,7.099000,6.838000
47,5,0,7.047000,6.939000,7.136000,7.141000,7.135000,6.884000
47,6,0,7.297600,7.188000,7.369000,7.301000,7.271000,7.359000
47,7,0,7.093000,6.915000,7.208000,7.127000,7.168000,7.047000
47,8,0,7.183400,7.021000,7.223000,7.247000,7.246000,7.180000
47,9,0,6.058000,5.908000,6.029000,6.039000,6.263000,6.051000
47,10,0,7.185000,6.984000,7.238000,7.314000,7.195000,7.194000
47,11,0,7.021000,6.776000,7.063000,7.107000,7.108000,7.051000
47,12,0,6.684000,6.488000,6.669000,6.733000,6.889000,6.641000
47,13,0,7.087600,6.901000,7.147000,7.131000,7.132000,7.127000
47,14,0,6.839600,6.787000,6.788000,6.924000,6.951000,6.748000
47,15,0,7.175200,6.921000,7.207000,7.125000,7.361000,7.262000
47,16,0,7.306800,7.134000,7.346000,7.378000,7.377000,7.299000
47,17,0,7.127800,6.910000,7.235000,7.184000,7.215000,7.095000
47,18,0,7.109000,6.870000,7.143000,7.147000,7.337000,7.048000
47,19,0,7.404200,7.137000,7.509000,7.540000,7.499000,7.336000
47,20,0,7.113000,6.906000,7.136000,7.048000,7.325000,7.150000
47,21,0,7.314600,7.179000,7.304000,7.337000,7.380000,7.373000
47,22,0,7.224800,7.070000,7.111000,7.339000,7.343000,7.261000
47,23,0,6.998800,6.734000,6.977000,7.062000,7.223000,6.998000
47,24,0,6.357200,6.184000,6.406000,6.299000,6.634000,6.263000
47,25,0,6.987000,6.815000,7.035000,6.989000,7.092000,7.004000
47,26,0,6.696000,6.533000,6.706000,6.736000,6.878000,6.627000
47,27,0,6.399600,6.120000,6.524000,6.330000,6.567000,6.457000
47,28,0,7.161600,7.071000,7.175000,7.173000,7.270000,7.119000
47,29,0,7.262600,7.167000,7.281000,7.206000,7.394000,7.265000
47,30,0,7.086200,6.907000,7.008000,7.056000,7.358000,7.102000
47,31,0,6.915800,6.785000,6.982000,6.880000,7.043000,6.889000
47,32,0,7.092000,6.903000,7.226000,7.152000,7.266000,6.913000
47,33,0,6.996000,6.764000,7.034000,7.139000,7.090000,6.953000
47,34,0,7.112200,6.949000,7.090000,7.097000,7.242000,7.183000
47,35,0,7.304400,7.168000,7.261000,7.380000,7.464000,7.249000
47,36,0,6.973200,6.775000,6.935000,7.007000,7.156000,6.993000
47,37,0,6.880800,6.648000,6.970000,6.927000,6.990000,6.869000
47,38,0,7.352000,7.350000,7.342000,7.297000,7.495000,7.276000
47,39,0,7.139600,6.970000,7.123000,7.253000,7.271000,7.081000
47,40,0,7.063600,7.050000,7.159000,7.142000,6.905000,7.062000
47,41,0,7.222200,7.089000,7.252000,7.326000,7.261000,7.183000
47,42,0,6.717400,6.634000,6.702000,6.673000,6.866000,6.712000
47,43,0,7.416400,7.244000,7.438000,7.498000,7.504000,7.398000
47,44,0,6.801200,6.581000,6.926000,6.924000,6.875000,6.700000
47,45,0,7.235000,7.077000,7.214000,7.330000,7.403000,7.151000
47,46,0,6.842600,6.601000,6.810000,7.030000,7.054000,6.718000
47,47,0,6.835000,6.635000,6.958000,6.866000,6.976000,6.740000
47,48,0,6.830200,6.537000,6.919000,6.828000,7.057000,6.810000
47,49,0,7.125000,6.932000,7.114000,7.207000,7.231000,7.141000
47,50,0,6.912200,6.769000,6.810000,6.944000,7.106000,6.932000
47,51,0,6.692800,6.519000,6.708000,6.849000,6.907000,6.481000
47,52,0,6.593400,6.438000,6.649000,6.639000,6.698000,6.543000
47,53,0,7.355400,7.270000,7.425000,7.413000,7.350000,7.319000
47,54,0,6.825400,6.671000,6.868000,6.830000,6.954000,6.804000
47,55,0,6.647800,6.388000,6.704000,6.694000,6.922000,6.531000
47,56,0,7.196400,6.895000,7.199000,7.293000,7.334000,7.261000
47,57,0,7.478400,7.325000,7.543000,7.481000,7.561000,7.482000
47,58,0,6.791800,6.657000,6.769000,6.811000,7.006000,6.716000
47,59,0,7.049200,6.967000,7.100000,7.106000,7.060000,7.013000
47,60,0,6.931400,6.790000,6.973000,7.018000,7.100000,6.776000
47,61,0,6.856200,6.665000,6.930000,6.953000,7.001000,6.732000
47,62,0,6.863000,6.647000,6.962000,7.009000,7.064000,6.633000
47,63,0,7.029800,6.899000,7.043000,7.005000,7.234000,6.968000
47,64,0,6.445000,6.333000,6.500000,6.372000,6.817000,6.203000
47,65,0,7.292800,7.057000,7.355000,7.354000,7.383000,7.315000
47,66,0,7.022800,6.748000,6.986000,7.122000,7.250000,7.008000
47,67,0,6.975200,6.738000,7.049000,7.030000,7.108000,6.951000
47,68,0,7.125400,6.905000,7.274000,7.193000,7.188000,7.067000
47,69,0,7.094800,6.980000,7.141000,7.055000,7.226000,7.072000
47,70,0,7.289600,7.180000,7.329000,7.388000,7.344000,7.207000
47,71,0,7.188400,7.056000,7.217000,7.288000,7.337000,7.044000
47,72,0,7.181200,6.913000,7.178000,7.274000,7.295000,7.246000
47,73,0,6.829800,6.492000,6.901000,6.879000,6.954000,6.923000
47,74,0,6.829000,6.680000,6.761000,6.924000,6.954000,6.826000
47,75,0,7.397400,7.226000,7.477000,7.442000,7.432000,7.410000
47,76,0,7.295000,7.116000,7.360000,7.262000,7.401000,7.336000
47,77,0,7.374600,7.251000,7.445000,7.383000,7.463000,7.331000
47,78,0,7.137800,6.958000,7.180000,7.131000,7.257000,7.163000
47,79,0,6.808000,6.661000,6.914000,6.774000,7.042000,6.649000
47,80,0,7.309000,7.122000,7.286000,7.376000,7.478000,7.283000
47,81,0,7.222200,7.200000,7.198000,7.172000,7.255000,7.286000
47,82,0,7.166600,7.065000,7.211000,7.265000,7.233000,7.059000
47,83,0,7.154400,7.041000,7.168000,7.135000,7.293000,7.135000
47,84,0,6.424000,6.073000,6.361000,6.513000,6.665000,6.508000
47,85,0,6.524600,6.271000,6.583000,6.664000,6.625000,6.480000
47,86,0,7.437200,7.207000,7.466000,7.434000,7.652000,7.427000
47,87,0,7.382200,7.137000,7.373000,7.540000,7.543000,7.318000
47,88,0,6.921400,6.771000,6.956000,6.925000,7.074000,6.881000
47,89,0,7.260800,7.092000,7.293000,7.366000,7.431000,7.122000
47,90,0,7.320000,7.122000,7.357000,7.373000,7.492000,7.256000
47,91,0,7.363200,7.224000,7.395000,7.407000,7.472000,7.318000
47,92,0,7.049400,6.762000,7.211000,7.091000,7.232000,6.951000
47,93,0,7.151800,6.950000,7.260000,7.183000,7.234000,7.132000
47,94,0,6.632800,6.384000,6.798000,6.697000,6.900000,6.385000
47,95,0,6.781600,6.609000,6.954000,6.742000,6.926000,6.677000
47,96,0,6.545000,6.264000,6.662000,6.563000,6.870000,6.366000
47,97,0,6.656800,6.524000,6.704000,6.660000,6.707000,6.689000
47,98,0,6.837200,6.603000,6.831000,6.896000,7.022000,6.834000
47,99,0,6.936400,6.773000,6.848000,6.988000,7.209000,6.864000
48,0,0,6.296600,6.348000,6.245000,6.286000,6.366000,6.238000
48,1,0,7.358200,7.231000,7.345000,7.493000,7.234000,7.488000
48,2,0,6.791400,6.794000,6.907000,6.737000,6.745000,6.774000
48,3,0,7.066000,7.015000,7.087000,7.185000,6.958000,7.085000
48,4,0,6.356600,6.379000,6.411000,6.290000,6.262000,6.441000
48,5,0,7.109000,6.983000,7.132000,7.215000,7.087000,7.128000
48,6,0,7.067000,7.039000,7.107000,7.097000,7.006000,7.086000
48,7,0,7.077800,7.218000,7.033000,7.130000,7.044000,6.964000
48,8,0,7.441400,7.357000,7.427000,7.556000,7.376000,7.491000
48,9,0,6.982000,6.906000,7.124000,7.018000,6.873000,6.989000
48,10,0,6.852600,6.807000,6.982000,6.819000,6.733000,6.922000
48,11,0,7.437200,7.351000,7.289000,7.593000,7.545000,7.408000
48,12,0,6.911000,6.938000,6.968000,6.856000,6.840000,6.953000
48,13,0,7.248000,7.195000,7.143000,7.363000,7.274000,7.265000
48,14,0,6.696200,6.687000,6.680000,6.815000,6.605000,6.694000
48,15,0,7.037600,6.885000,7.096000,7.012000,7.017000,7.178000
48,16,0,7.090600,7.028000,7.196000,7.117000,7.007000,7.105000
48,17,0,6.935200,6.873000,7.011000,6.960000,6.855000,6.977000
48,18,0,7.215600,7.156000,7.165000,7.206000,7.237000,7.314000
48,19,0,7.278200,7.246000,7.291000,7.386000,7.256000,7.212000
48,20,0,7.072200,7.008000,7.108000,7.159000,6.957000,7.129000
48,21,0,7.046600,6.974000,7.066000,7.007000,7.027000,7.159000
48,22,0,6.815200,6.819000,6.795000,6.719000,6.781000,6.962000
48,23,0,7.138800,7.017000,7.044000,7.267000,7.071000,7.295000
48,24,0,7.271400,7.208000,7.232000,7.288000,7.221000,7.408000
48,25,0,6.830800,6.715000,6.810000,6.877000,6.777000,6.975000
48,26,0,7.187600,6.962000,7.035000,7.320000,7.283000,7.338000
48,27,0,7.079600,6.899000,7.170000,7.208000,6.943000,7.178000
48,28,0,6.911800,6.834000,6.971000,6.965000,6.819000,6.970000
48,29,0,6.999800,6.884000,6.960000,7.037000,7.047000,7.071000
48,30,0,6.396600,6.357000,6.354000,6.443000,6.373000,6.456000
48,31,0,7.292000,7.211000,7.346000,7.295000,7.233000,7.375000
48,32,0,7.272800,7.126000,7.299000,7.363000,7.272000,7.304000
48,33,0,7.495400,7.428000,7.395000,7.518000,7.518000,7.618000
48,34,0,6.986200,6.924000,7.130000,6.882000,6.985000,7.010000
48,35,0,7.111200,6.968000,7.074000,7.148000,7.117000,7.249000
48,36,0,7.176400,7.110000,7.123000,7.224000,7.163000,7.262000
48,37,0,7.081000,7.049000,7.117000,7.067000,6.975000,7.197000
48,38,0,7.404200,7.347000,7.324000,7.437000,7.483000,7.430000
48,39,0,7.343600,7.323000,7.235000,7.340000,7.406000,7.414000
48,40,0,7.341000,7.348000,7.298000,7.384000,7.240000,7.435000
48,41,0,7.223000,7.191000,7.203000,7.350000,7.247000,7.124000
48,42,0,7.497800,7.391000,7.443000,7.582000,7.473000,7.600000
48,43,0,7.002600,6.829000,7.051000,6.979000,6.978000,7.176000
48,44,0,7.118400,7.073000,7.144000,7.242000,6.912000,7.221000
48,45,0,7.072800,7.018000,7.067000,7.175000,7.052000,7.052000
48,46,0,7.113200,7.027000,7.208000,7.061000,7.061000,7.209000
48,47,0,7.208400,7.006000,7.116000,7.233000,7.262000,7.425000
48,48,0,7.096800,7.084000,7.037000,7.140000,7.040000,7.183000
48,49,0,6.864600,6.793000,6.853000,7.019000,6.661000,6.997000
48,50,0,7.108800,6.921000,7.086000,7.131000,7.183000,7.223000
48,51,0,7.100200,6.925000,7.037000,7.199000,7.166000,7.174000
48,52,0,7.034200,6.994000,7.014000,7.042000,7.034000,7.087000
48,53,0,7.239600,7.085000,7.251000,7.285000,7.268000,7.309000
48,54,0,7.309000,7.265000,7.229000,7.354000,7.320000,7.377000
48,55,0,6.575800,6.436000,6.715000,6.663000,6.532000,6.533000
48,56,0,6.744000,6.575000,6.829000,6.749000,6.706000,6.861000
48,57,0,6.596200,6.679000,6.600000,6.696000,6.421000,6.585000
48,58,0,6.412200,6.404000,6.174000,6.635000,6.464000,6.384000
48,59,0,6.476000,6.410000,6.518000,6.491000,6.431000,6.530000
48,60,0,7.163000,7.028000,7.149000,7.318000,7.130000,7.190000
48,61,0,6.562000,6.504000,6.662000,6.593000,6.430000,6.621000
48,62,0,7.134200,7.032000,7.276000,7.146000,7.013000,7.204000
48,63,0,7.250400,7.091000,7.270000,7.356000,7.235000,7.300000
48,64,0,7.278200,7.074000,7.290000,7.409000,7.289000,7.329000
48,65,0,6.821800,6.734000,6.916000,6.856000,6.871000,6.732000
48,66,0,7.152800,7.148000,7.213000,7.115000,7.217000,7.071000
48,67,0,7.022200,6.920000,7.032000,7.083000,7.035000,7.041000
48,68,0,7.106200,6.820000,7.137000,7.293000,7.125000,7.156000
48,69,0,7.293800,7.186000,7.359000,7.313000,7.216000,7.395000
48,70,0,7.276000,7.182000,7.344000,7.267000,7.237000,7.350000
48,71,0,7.301800,7.159000,7.279000,7.270000,7.376000,7.425000
48,72,0,7.168000,7.169000,7.164000,7.238000,7.013000,7.256000
48,73,0,7.217800,7.149000,7.228000,7.255000,7.215000,7.242000
48,74,0,6.976600,6.838000,7.053000,6.993000,6.999000,7.000000
48,75,0,7.068800,6.862000,7.115000,7.114000,7.119000,7.134000
48,76,0,6.869200,6.825000,7.016000,6.839000,6.785000,6.881000
48,77,0,7.145200,6.965000,7.211000,7.173000,7.205000,7.172000
48,78,0,7.335600,7.295000,7.141000,7.496000,7.364000,7.382000
48,79,0,7.419800,7.365000,7.389000,7.453000,7.364000,7.528000
48,80,0,7.145400,7.144000,7.070000,7.259000,7.071000,7.183000
48,81,0,7.205000,7.199000,7.202000,7.302000,7.137000,7.185000
48,82,0,7.066800,7.075000,7.108000,7.042000,6.986000,7.123000
48,83,0,7.265800,7.201000,7.288000,7.364000,7.161000,7.315000
48,84,0,7.285800,7.248000,7.321000,7.288000,7.176000,7.396000
48,85,0,7.208600,7.131000,7.161000,7.268000,7.203000,7.280000
48,86,0,6.908800,6.776000,7.054000,6.978000,6.816000,6.920000
48,87,0,7.022400,6.976000,7.079000,7.069000,6.952000,7.036000
48,88,0,7.046600,6.852000,7.103000,7.074000,7.065000,7.139000
48,89,0,6.860000,6.753000,7.044000,6.722000,6.761000,7.020000
48,90,0,7.328600,7.231000,7.351000,7.367000,7.326000,7.368000
48,91,0,7.370000,7.327000,7.355000,7.460000,7.268000,7.440000
48,92,0,6.948000,6.874000,6.943000,7.111000,6.844000,6.968000
48,93,0,7.133000,7.065000,7.256000,7.154000,6.995000,7.195000
48,94,0,6.980400,6.853000,6.939000,7.381000,6.840000,6.889000
48,95,0,6.922200,6.777000,7.013000,7.079000,6.849000,6.893000
48,96,0,6.445600,6.365000,6.581000,6.463000,6.305000,6.514000
48,97,0,7.159800,7.089000,7.074000,7.247000,7.247000,7.142000
48,98,0,7.077600,6.996000,7.211000,7.047000,7.058000,7.076000
48,99,0,7.345800,7.300000,7.262000,7.425000,7.404000,7.338000
49,0,0,7.404600,7.450000,7.213000,7.540000,7.425000,7.395000
49,1,0,6.919600,7.087000,6.943000,6.891000,6.791000,6.886000
49,2,0,6.896200,7.003000,6.902000,6.931000,6.759000,6.886000
49,3,0,7.291600,7.350000,7.287000,7.410000,7.160000,7.251000
49,4,0,7.276800,7.351000,7.307000,7.363000,7.194000,7.169000
49,5,0,7.374000,7.342000,7.312000,7.503000,7.333000,7.380000
49,6,0,7.294800,7.260000,7.321000,7.395000,7.227000,7.271000
49,7,0,7.331600,7.365000,7.301000,7.338000,7.294000,7.360000
49,8,0,7.363800,7.406000,7.278000,7.407000,7.300000,7.428000
49,9,0,7.205800,7.215000,7.131000,7.245000,7.175000,7.263000
49,10,0,6.859600,6.931000,6.869000,6.875000,6.756000,6.867000
49,11,0,7.386800,7.444000,7.294000,7.519000,7.369000,7.308000
49,12,0,7.330600,7.395000,7.165000,7.514000,7.289000,7.290000
49,13,0,7.257600,7.306000,7.297000,7.450000,7.114000,7.121000
49,14,0,6.151800,6.180000,6.106000,6.243000,5.987000,6.243000
49,15,0,7.250800,7.229000,7.305000,7.232000,7.201000,7.287000
49,16,0,7.165200,7.160000,7.184000,7.205000,7.094000,7.183000
49,17,0,6.925800,6.983000,7.001000,6.977000,6.839000,6.829000
49,18,0,6.374400,6.498000,6.440000,6.379000,6.279000,6.276000
49,19,0,6.366000,6.402000,6.334000,6.400000,6.241000,6.453000
49,20,0,7.327800,7.392000,7.248000,7.351000,7.288000,7.360000
49,21,0,7.256000,7.330000,7.153000,7.405000,7.231000,7.161000
49,22,0,6.953000,7.051000,6.946000,6.860000,6.963000,6.945000
49,23,0,7.254800,7.047000,7.230000,7.418000,7.319000,7.260000
49,24,0,7.561400,7.564000,7.469000,7.621000,7.595000,7.558000
49,25,0,7.298200,7.331000,7.175000,7.323000,7.253000,7.409000
49,26,0,7.107800,7.129000,7.051000,7.169000,7.128000,7.062000
49,27,0,6.857600,6.915000,6.898000,6.982000,6.636000,6.857000
49,28,0,6.327400,6.318000,6.268000,6.468000,6.235000,6.348000
49,29,0,7.042000,7.069000,6.917000,7.094000,6.931000,7.199000
49,30,0,7.246000,7.230000,7.303000,7.312000,7.175000,7.210000
49,31,0,7.648200,7.645000,7.538000,7.674000,7.674000,7.710000
49,32,0,6.935200,6.956000,6.922000,7.102000,6.672000,7.024000
49,33,0,7.291600,7.164000,7.161000,7.413000,7.401000,7.319000
49,34,0,7.321600,7.378000,7.296000,7.433000,7.244000,7.257000
49,35,0,6.930000,6.968000,6.970000,7.059000,6.702000,6.951000
49,36,0,7.265400,7.376000,7.155000,7.236000,7.302000,7.258000
49,37,0,7.463200,7.441000,7.473000,7.602000,7.351000,7.449000
49,38,0,6.782600,6.873000,6.866000,6.792000,6.636000,6.746000
49,39,0,6.852200,6.833000,6.753000,6.965000,6.753000,6.957000
49,40,0,6.519600,6.519000,6.463000,6.620000,6.432000,6.564000
49,41,0,6.970400,7.072000,7.023000,6.980000,6.751000,7.026000
49,42,0,7.374200,7.366000,7.337000,7.529000,7.201000,7.438000
49,43,0,7.378800,7.350000,7.437000,7.603000,7.110000,7.394000
49,44,0,7.308400,7.138000,7.265000,7.429000,7.349000,7.361000
49,45,0,7.131400,7.130000,7.163000,7.331000,6.977000,7.056000
49,46,0,6.337200,6.468000,6.274000,6.498000,6.277000,6.169000
49,47,0,6.728400,6.612000,6.895000,6.800000,6.489000,6.846000
49,48,0,6.995600,6.880000,6.991000,6.943000,7.106000,7.058000
49,49,0,7.499200,7.428000,7.615000,7.514000,7.471000,7.468000
49,50,0,6.999800,6.953000,6.894000,7.189000,7.002000,6.961000
49,51,0,7.310400,7.277000,7.200000,7.460000,7.230000,7.385000
49,52,0,7.419000,7.405000,7.390000,7.430000,7.378000,7.492000
49,53,0,7.420200,7.378000,7.437000,7.519000,7.358000,7.409000
49,54,0,6.968000,6.982000,7.021000,7.033000,6.904000,6.900000
49,55,0,7.213600,7.334000,7.190000,7.325000,7.097000,7.122000
49,56,0,7.269800,7.403000,7.211000,7.428000,7.106000,7.201000
49,57,0,6.981200,6.926000,7.065000,6.957000,6.776000,7.182000
49,58,0,6.938200,7.000000,7.017000,6.980000,6.776000,6.918000
49,59,0,6.854000,6.651000,6.915000,6.915000,6.936000,6.853000
49,60,0,6.333600,6.273000,6.442000,6.407000,6.175000,6.371000
49,61,0,7.322200,7.358000,7.304000,7.412000,7.224000,7.313000
49,62,0,7.213000,7.393000,7.079000,7.192000,7.182000,7.219000
49,63,0,7.385200,7.431000,7.356000,7.418000,7.364000,7.357000
49,64,0,6.944200,6.981000,6.991000,6.947000,6.824000,6.978000
49,65,0,7.446600,7.552000,7.276000,7.415000,7.499000,7.491000
49,66,0,7.390400,7.425000,7.310000,7.413000,7.381000,7.423000
49,67,0,7.199800,7.206000,7.165000,7.181000,7.178000,7.269000
49,68,0,7.429000,7.465000,7.408000,7.567000,7.344000,7.361000
49,69,0,7.285200,7.277000,7.255000,7.342000,7.305000,7.247000
49,70,0,7.254400,7.301000,7.359000,7.321000,7.114000,7.177000
49,71,0,7.228400,7.186000,7.357000,7.323000,7.175000,7.101000
49,72,0,7.317400,7.363000,7.254000,7.423000,7.151000,7.396000
49,73,0,6.677000,6.647000,6.696000,6.779000,6.559000,6.704000
49,74,0,7.089000,7.089000,7.007000,7.004000,7.101000,7.244000
49,75,0,7.272600,7.335000,7.260000,7.301000,7.275000,7.192000
49,76,0,7.273600,7.315000,7.360000,7.301000,7.174000,7.218000
49,77,0,7.303800,7.257000,7.271000,7.419000,7.269000,7.303000
49,78,0,6.484600,6.469000,6.495000,6.484000,6.351000,6.624000
49,79,0,6.861800,6.931000,6.944000,6.885000,6.687000,6.862000
49,80,0,7.267000,7.239000,7.266000,7.403000,7.128000,7.299000
49,81,0,7.319400,7.399000,7.202000,7.449000,7.232000,7.315000
49,82,0,5.968400,5.910000,6.103000,6.068000,5.826000,5.935000
49,83,0,6.807200,6.840000,6.793000,6.870000,6.747000,6.786000
49,84,0,7.305800,7.285000,7.311000,7.354000,7.287000,7.292000
49,85,0,7.183400,7.019000,7.142000,7.328000,7.225000,7.203000
49,86,0,6.912600,7.031000,6.910000,6.861000,6.843000,6.918000
49,87,0,7.097200,7.150000,7.100000,7.128000,7.059000,7.049000
49,88,0,6.821000,6.697000,6.843000,6.931000,6.753000,6.881000
49,89,0,7.348400,7.273000,7.370000,7.482000,7.285000,7.332000
49,90,0,7.415600,7.461000,7.312000,7.546000,7.357000,7.402000
49,91,0,6.757600,6.759000,6.771000,6.831000,6.720000,6.707000
49,92,0,7.090600,7.066000,7.004000,7.104000,7.075000,7.204000
49,93,0,7.147200,7.158000,7.075000,7.315000,7.068000,7.120000
49,94,0,6.842600,6.906000,6.814000,6.912000,6.767000,6.814000
49,95,0,7.156800,7.131000,6.909000,7.345000,7.175000,7.224000
49,96,0,6.506000,6.585000,6.445000,6.561000,6.405000,6.534000
49,97,0,7.489800,7.494000,7.454000,7.563000,7.471000,7.467000
49,98,0,7.308000,7.345000,7.316000,7.319000,7.276000,7.284000
49,99,0,6.577400,6.632000,6.582000,6.573000,6.415000,6.685000
50,0,0,7.443000,7.524000,7.481000,7.462000,7.334000,7.414000
50,1,0,7.396200,7.416000,7.355000,7.365000,7.441000,7.404000
50,2,0,6.596800,6.653000,6.722000,6.445000,6.516000,6.648000
50,3,0,7.383200,7.424000,7.341000,7.264000,7.426000,7.461000
50,4,0,7.150000,7.228000,7.275000,7.060000,7.097000,7.090000
50,5,0,7.483600,7.456000,7.564000,7.408000,7.539000,7.451000
50,6,0,6.622200,6.671000,6.619000,6.516000,6.660000,6.645000
50,7,0,6.860400,6.905000,7.017000,6.647000,6.866000,6.867000
50,8,0,7.301600,7.327000,7.403000,7.403000,6.990000,7.385000
50,9,0,6.996200,7.019000,6.951000,6.966000,7.003000,7.042000
50,10,0,7.380000,7.378000,7.458000,7.363000,7.474000,7.227000
50,11,0,7.005600,7.047000,7.089000,6.935000,7.120000,6.837000
50,12,0,7.371600,7.429000,7.337000,7.302000,7.397000,7.393000
50,13,0,6.701200,6.720000,6.794000,6.691000,6.574000,6.727000
50,14,0,7.026800,7.094000,6.888000,7.046000,6.974000,7.132000
50,15,0,6.507800,6.667000,6.533000,6.373000,6.462000,6.504000
50,16,0,6.294200,6.361000,6.083000,5.990000,6.686000,6.351000
50,17,0,7.319600,7.378000,7.244000,7.354000,7.309000,7.313000
50,18,0,7.208400,7.275000,7.338000,7.136000,7.179000,7.114000
50,19,0,7.147400,7.276000,7.015000,7.072000,7.339000,7.035000
50,20,0,7.469800,7.488000,7.392000,7.465000,7.520000,7.484000
50,21,0,7.277800,7.345000,7.256000,7.222000,7.297000,7.269000
50,22,0,7.356200,7.397000,7.418000,7.300000,7.325000,7.341000
50,23,0,7.387800,7.398000,7.394000,7.417000,7.313000,7.417000
50,24,0,7.283800,7.166000,7.275000,7.242000,7.311000,7.425000
50,25,0,7.394400,7.420000,7.293000,7.414000,7.438000,7.407000
50,26,0,6.793800,6.881000,6.736000,6.797000,6.901000,6.654000
50,27,0,7.121800,7.085000,7.093000,6.936000,7.290000,7.205000
50,28,0,7.386400,7.284000,7.466000,7.266000,7.444000,7.472000
50,29,0,7.292000,7.268000,7.380000,7.257000,7.194000,7.361000
50,30,0,7.563200,7.607000,7.572000,7.508000,7.608000,7.521000
50,31,0,7.061800,7.100000,6.893000,7.108000,7.107000,7.101000
50,32,0,7.039600,7.204000,7.055000,6.880000,7.043000,7.016000
50,33,0,7.025000,6.993000,6.941000,6.978000,7.020000,7.193000
50,34,0,7.337200,7.412000,7.212000,7.344000,7.366000,7.352000
50,35,0,7.521800,7.631000,7.534000,7.487000,7.494000,7.463000
50,36,0,7.237400,7.136000,7.301000,7.245000,7.260000,7.245000
50,37,0,7.258800,7.358000,7.289000,7.158000,7.312000,7.177000
50,38,0,7.152200,7.149000,7.184000,7.172000,7.141000,7.115000
50,39,0,6.684600,6.809000,6.563000,6.691000,6.655000,6.705000
50,40,0,6.800000,6.733000,6.776000,6.771000,6.838000,6.882000
50,41,0,7.345200,7.330000,7.348000,7.309000,7.390000,7.349000
50,42,0,7.425400,7.382000,7.398000,7.416000,7.493000,7.438000
50,43,0,7.272400,7.238000,7.225000,7.174000,7.398000,7.327000
50,44,0,7.132800,7.140000,7.157000,7.100000,7.185000,7.082000
50,45,0,7.278600,7.308000,7.357000,7.242000,7.170000,7.316000
50,46,0,7.279200,7.370000,7.273000,7.239000,7.262000,7.252000
50,47,0,7.517800,7.497000,7.510000,7.567000,7.486000,7.529000
50,48,0,6.911400,6.994000,6.993000,6.758000,6.874000,6.938000
50,49,0,7.136600,7.163000,7.241000,7.087000,7.155000,7.037000
50,50,0,6.516400,6.663000,6.499000,6.448000,6.496000,6.476000
50,51,0,7.324000,7.433000,7.282000,7.258000,7.361000,7.286000
50,52,0,7.500200,7.521000,7.463000,7.523000,7.394000,7.600000
50,53,0,7.236000,7.369000,7.227000,7.269000,7.254000,7.061000
50,54,0,6.937000,6.928000,7.007000,6.847000,6.897000,7.006000
50,55,0,7.191400,7.335000,6.996000,7.168000,7.241000,7.217000
50,56,0,7.386000,7.451000,7.344000,7.271000,7.418000,7.446000
50,57,0,7.442400,7.438000,7.488000,7.327000,7.451000,7.508000
50,58,0,7.015200,6.889000,7.101000,7.040000,7.047000,6.999000
50,59,0,7.100000,7.131000,7.123000,7.008000,7.003000,7.235000
50,60,0,6.596800,6.518000,6.550000,6.511000,6.736000,6.669000
50,61,0,7.382600,7.435000,7.411000,7.311000,7.480000,7.276000
50,62,0,7.395800,7.477000,7.481000,7.456000,7.257000,7.308000
50,63,0,7.204000,7.228000,6.982000,7.136000,7.399000,7.275000
50,64,0,6.880200,6.810000,7.029000,6.757000,6.880000,6.925000
50,65,0,7.275200,7.377000,7.205000,7.239000,7.268000,7.287000
50,66,0,7.261200,7.293000,7.301000,7.174000,7.246000,7.292000
50,67,0,6.821600,6.896000,6.899000,6.829000,6.687000,6.797000
50,68,0,7.444600,7.440000,7.571000,7.276000,7.460000,7.476000
50,69,0,7.421000,7.302000,7.405000,7.357000,7.507000,7.534000
50,70,0,7.371400,7.383000,7.312000,7.373000,7.408000,7.381000
50,71,0,7.144800,7.104000,7.113000,7.143000,7.158000,7.206000
50,72,0,7.054000,7.114000,7.009000,6.999000,7.055000,7.093000
50,73,0,7.066600,7.088000,7.024000,7.010000,7.127000,7.084000
50,74,0,7.192800,7.200000,7.246000,7.104000,7.159000,7.255000
50,75,0,7.250400,7.213000,7.260000,7.253000,7.270000,7.256000
50,76,0,6.950000,6.955000,6.907000,6.830000,6.999000,7.059000
50,77,0,6.938400,7.044000,6.835000,6.906000,6.984000,6.923000
50,78,0,6.930600,7.011000,6.829000,6.978000,6.886000,6.949000
50,79,0,7.008600,7.038000,6.888000,6.988000,7.109000,7.020000
50,80,0,6.742400,6.787000,6.793000,6.712000,6.667000,6.753000
50,81,0,6.947400,6.932000,7.089000,6.774000,7.008000,6.934000
50,82,0,6.892400,7.015000,6.688000,6.959000,6.922000,6.878000
50,83,0,7.296000,7.248000,7.338000,7.315000,7.290000,7.289000
50,84,0,6.980400,6.955000,6.964000,6.995000,7.040000,6.948000
50,85,0,7.181200,7.273000,7.154000,7.189000,7.051000,7.239000
50,86,0,6.186000,6.214000,6.111000,6.013000,6.394000,6.198000
50,87,0,7.414400,7.439000,7.354000,7.470000,7.487000,7.322000
50,88,0,7.228800,7.336000,6.997000,7.287000,7.241000,7.283000
50,89,0,7.508200,7.581000,7.405000,7.494000,7.537000,7.524000
50,90,0,6.783000,6.859000,6.854000,6.599000,6.766000,6.837000
50,91,0,7.224400,7.289000,7.160000,7.102000,7.335000,7.236000
50,92,0,7.326000,7.471000,7.245000,7.266000,7.272000,7.376000
50,93,0,6.902800,6.962000,6.826000,6.832000,6.953000,6.941000
50,94,0,7.023000,7.056000,7.040000,6.945000,7.050000,7.024000
50,95,0,6.955600,7.015000,7.008000,6.852000,6.927000,6.976000
50,96,0,7.292600,7.447000,6.836000,7.300000,7.476000,7.404000
50,97,0,7.443800,7.502000,7.475000,7.479000,7.373000,7.390000
50,98,0,7.408200,7.400000,7.381000,7.297000,7.510000,7.453000
50,99,0,7.146400,7.193000,7.066000,7.134000,7.069000,7.270000
51,0,0,6.269000,6.326000,6.305000,6.395000,6.273000,6.046000
51,1,0,7.478400,7.472000,7.481000,7.455000,7.464000,7.520000
51,2,0,7.002600,7.029000,6.948000,7.089000,6.958000,6.989000
51,3,0,7.044000,7.004000,7.019000,7.042000,7.128000,7.027000
51,4,0,7.294000,7.199000,7.399000,7.159000,7.253000,7.460000
51,5,0,7.234000,7.201000,7.075000,7.312000,7.302000,7.280000
51,6,0,6.850600,6.904000,6.928000,6.783000,6.906000,6.732000
51,7,0,7.332800,7.203000,7.202000,7.369000,7.510000,7.380000
51,8,0,6.972000,7.067000,6.944000,6.842000,6.905000,7.102000
51,9,0,6.736400,6.759000,6.633000,6.768000,6.724000,6.798000
51,10,0,7.387600,7.367000,7.333000,7.427000,7.410000,7.401000
51,11,0,7.284400,7.380000,7.269000,7.110000,7.358000,7.305000
51,12,0,7.093600,7.107000,7.149000,7.152000,6.987000,7.073000
51,13,0,6.929800,6.918000,6.810000,6.852000,7.054000,7.015000
51,14,0,7.349200,7.306000,7.254000,7.346000,7.342000,7.498000
51,15,0,7.260000,7.275000,7.263000,7.289000,7.225000,7.248000
51,16,0,7.232200,7.273000,7.233000,7.275000,7.159000,7.221000
51,17,0,6.852400,6.859000,6.882000,6.895000,6.856000,6.770000
51,18,0,7.377400,7.297000,7.377000,7.298000,7.355000,7.560000
51,19,0,6.871000,6.756000,6.945000,6.861000,6.975000,6.818000
51,20,0,7.507800,7.569000,7.531000,7.516000,7.336000,7.587000
51,21,0,7.363400,7.362000,7.304000,7.318000,7.332000,7.501000
51,22,0,7.389000,7.421000,7.209000,7.375000,7.442000,7.498000
51,23,0,7.488400,7.520000,7.504000,7.372000,7.568000,7.478000
51,24,0,7.505400,7.446000,7.519000,7.498000,7.494000,7.570000
51,25,0,7.379800,7.321000,7.421000,7.360000,7.414000,7.383000
51,26,0,7.196400,7.277000,7.123000,7.279000,7.232000,7.071000
51,27,0,7.078600,7.001000,7.004000,7.154000,7.147000,7.087000
51,28,0,7.154000,7.173000,7.124000,7.210000,7.136000,7.127000
51,29,0,6.982400,6.957000,7.022000,6.918000,7.095000,6.920000
51,30,0,7.375400,7.367000,7.346000,7.355000,7.369000,7.440000
51,31,0,6.688400,6.696000,6.678000,6.660000,6.749000,6.659000
51,32,0,7.590600,7.549000,7.565000,7.646000,7.618000,7.575000
51,33,0,7.489600,7.492000,7.406000,7.404000,7.482000,7.664000
51,34,0,7.543200,7.540000,7.475000,7.528000,7.557000,7.616000
51,35,0,7.178800,7.135000,7.198000,7.173000,7.149000,7.239000
51,36,0,7.150400,7.112000,7.306000,7.177000,7.051000,7.106000
51,37,0,7.383600,7.276000,7.360000,7.193000,7.561000,7.528000
51,38,0,6.398800,6.238000,6.423000,6.443000,6.445000,6.445000
51,39,0,7.393200,7.459000,7.070000,7.514000,7.389000,7.534000
51,40,0,7.327200,7.347000,7.331000,7.321000,7.303000,7.334000
51,41,0,7.077400,7.158000,7.073000,6.993000,7.103000,7.060000
51,42,0,7.254800,7.199000,7.273000,7.167000,7.247000,7.388000
51,43,0,7.498200,7.528000,7.469000,7.329000,7.611000,7.554000
51,44,0,7.482600,7.533000,7.476000,7.376000,7.451000,7.577000
51,45,0,6.744400,6.680000,6.694000,6.790000,6.857000,6.701000
51,46,0,7.402400,7.498000,7.477000,7.385000,7.326000,7.326000
51,47,0,7.214600,7.231000,7.233000,7.172000,7.195000,7.242000
51,48,0,7.427000,7.394000,7.372000,7.433000,7.490000,7.446000
51,49,0,7.353600,7.243000,7.393000,7.357000,7.408000,7.367000
51,50,0,6.425600,6.479000,6.360000,6.496000,6.371000,6.422000
51,51,0,6.400600,6.521000,6.501000,6.413000,6.376000,6.192000
51,52,0,7.038400,7.021000,7.079000,7.044000,7.094000,6.954000
51,53,0,6.943800,6.925000,6.832000,6.993000,6.980000,6.989000
51,54,0,7.075200,7.144000,6.979000,7.054000,7.191000,7.008000
51,55,0,7.451600,7.570000,7.489000,7.412000,7.284000,7.503000
51,56,0,7.193200,7.164000,7.102000,7.253000,7.255000,7.192000
51,57,0,7.263200,7.239000,7.320000,7.205000,7.346000,7.206000
51,58,0,7.181600,7.062000,7.210000,7.154000,7.291000,7.191000
51,59,0,7.155600,7.020000,7.199000,7.137000,7.290000,7.132000
51,60,0,6.958200,6.964000,6.926000,7.000000,6.848000,7.053000
51,61,0,7.205800,7.247000,7.300000,7.057000,7.159000,7.266000
51,62,0,7.449800,7.372000,7.551000,7.421000,7.473000,7.432000
51,63,0,7.353200,7.204000,7.364000,7.305000,7.422000,7.471000
51,64,0,7.147200,7.221000,7.240000,7.010000,7.076000,7.189000
51,65,0,7.405600,7.435000,7.434000,7.394000,7.511000,7.254000
51,66,0,7.180400,7.114000,7.149000,7.129000,7.273000,7.237000
51,67,0,7.436400,7.403000,7.439000,7.417000,7.465000,7.458000
51,68,0,7.590800,7.625000,7.536000,7.464000,7.653000,7.676000
51,69,0,7.197000,7.051000,7.182000,7.241000,7.305000,7.206000
51,70,0,7.266200,7.282000,7.320000,7.240000,7.221000,7.268000
51,71,0,7.361200,7.397000,7.316000,7.292000,7.369000,7.432000
51,72,0,7.518200,7.613000,7.519000,7.429000,7.564000,7.466000
51,73,0,6.883600,6.887000,6.849000,6.889000,6.986000,6.807000
51,74,0,7.244800,7.253000,7.201000,7.239000,7.253000,7.278000
51,75,0,7.515200,7.501000,7.542000,7.496000,7.527000,7.510000
51,76,0,7.334800,7.370000,7.388000,7.224000,7.224000,7.468000
51,77,0,6.900800,6.888000,6.890000,6.932000,6.876000,6.918000
51,78,0,7.523400,7.505000,7.522000,7.486000,7.477000,7.627000
51,79,0,7.289400,7.240000,7.263000,7.262000,7.359000,7.323000
51,80,0,7.299200,7.270000,7.291000,7.267000,7.368000,7.300000
51,81,0,7.206600,7.246000,7.161000,7.201000,7.135000,7.290000
51,82,0,7.315000,7.345000,7.170000,7.324000,7.435000,7.301000
51,83,0,7.115400,7.014000,7.102000,7.092000,7.192000,7.177000
51,84,0,7.276600,7.256000,7.272000,7.296000,7.250000,7.309000
51,85,0,7.312000,7.394000,7.245000,7.374000,7.261000,7.286000
51,86,0,7.248000,7.276000,7.210000,7.149000,7.334000,7.271000
51,87,0,7.164800,7.255000,7.109000,7.136000,7.012000,7.312000
51,88,0,7.460200,7.422000,7.403000,7.509000,7.504000,7.463000
51,89,0,7.453800,7.562000,7.412000,7.448000,7.348000,7.499000
51,90,0,7.177800,7.197000,7.141000,7.122000,7.161000,7.268000
51,91,0,7.224600,7.203000,7.211000,7.179000,7.214000,7.316000
51,92,0,7.468400,7.446000,7.403000,7.398000,7.540000,7.555000
51,93,0,6.918000,6.871000,7.019000,6.923000,6.911000,6.866000
51,94,0,7.369800,7.403000,7.374000,7.391000,7.311000,7.370000
51,95,0,7.223400,7.366000,7.292000,7.180000,7.109000,7.170000
51,96,0,6.666800,6.646000,6.753000,6.657000,6.680000,6.598000
51,97,0,7.189400,7.171000,7.191000,7.116000,7.298000,7.171000
51,98,0,7.323600,7.362000,7.313000,7.235000,7.296000,7.412000
51,99,0,7.359400,7.432000,7.421000,7.293000,7.454000,7.197000
52,0,0,7.010000,6.994000,7.086000,6.969000,6.930000,7.071000
52,1,0,7.181800,7.147000,7.187000,7.339000,7.081000,7.155000
52,2,0,7.320400,7.388000,7.269000,7.329000,7.128000,7.488000
52,3,0,7.172000,7.239000,7.151000,7.203000,7.017000,7.250000
52,4,0,7.260200,7.280000,7.215000,7.264000,7.119000,7.423000
52,5,0,7.465600,7.430000,7.360000,7.564000,7.437000,7.537000
52,6,0,7.330800,7.348000,7.206000,7.392000,7.318000,7.390000
52,7,0,7.201400,7.033000,7.141000,7.449000,7.143000,7.241000
52,8,0,7.104800,7.174000,7.058000,7.340000,6.864000,7.088000
52,9,0,7.541600,7.462000,7.571000,7.689000,7.393000,7.593000
52,10,0,6.693000,6.679000,6.649000,6.580000,6.759000,6.798000
52,11,0,7.331800,7.366000,7.234000,7.500000,7.184000,7.375000
52,12,0,7.230600,7.321000,7.101000,7.194000,7.234000,7.303000
52,13,0,7.282800,7.163000,7.208000,7.354000,7.319000,7.370000
52,14,0,7.379400,7.335000,7.347000,7.430000,7.319000,7.466000
52,15,0,7.619000,7.620000,7.607000,7.697000,7.505000,7.666000
52,16,0,7.489600,7.507000,7.481000,7.534000,7.304000,7.622000
52,17,0,7.199400,7.350000,7.210000,7.157000,6.946000,7.334000
52,18,0,7.125600,7.078000,7.134000,7.098000,7.123000,7.195000
52,19,0,7.374200,7.307000,7.427000,7.453000,7.350000,7.334000
52,20,0,7.425800,7.378000,7.406000,7.561000,7.313000,7.471000
52,21,0,7.298000,7.220000,7.355000,7.323000,7.114000,7.478000
52,22,0,7.436400,7.461000,7.353000,7.531000,7.356000,7.481000
52,23,0,7.452000,7.443000,7.417000,7.506000,7.390000,7.504000
52,24,0,7.490000,7.437000,7.458000,7.573000,7.419000,7.563000
52,25,0,7.326800,7.332000,7.423000,7.283000,7.211000,7.385000
52,26,0,7.118400,7.056000,7.192000,7.084000,7.133000,7.127000
52,27,0,7.421200,7.382000,7.353000,7.490000,7.468000,7.413000
52,28,0,7.251400,7.171000,7.343000,7.273000,7.189000,7.281000
52,29,0,7.420400,7.350000,7.353000,7.544000,7.409000,7.446000
52,30,0,7.246600,7.240000,7.167000,7.267000,7.185000,7.374000
52,31,0,7.357400,7.210000,7.236000,7.500000,7.281000,7.560000
52,32,0,6.940200,6.927000,6.960000,6.939000,6.812000,7.063000
52,33,0,7.126400,7.238000,7.118000,7.105000,6.975000,7.196000
52,34,0,7.311000,7.180000,7.292000,7.341000,7.362000,7.380000
52,35,0,7.281000,7.275000,7.224000,7.381000,7.258000,7.267000
52,36,0,7.561200,7.441000,7.563000,7.683000,7.499000,7.620000
52,37,0,7.300000,7.359000,7.094000,7.444000,7.285000,7.318000
52,38,0,6.925800,6.949000,6.976000,6.971000,6.725000,7.008000
52,39,0,7.294600,7.276000,7.217000,7.320000,7.259000,7.401000
52,40,0,7.529400,7.486000,7.499000,7.614000,7.441000,7.607000
52,41,0,7.494400,7.532000,7.460000,7.468000,7.456000,7.556000
52,42,0,7.011000,6.811000,6.892000,7.208000,7.133000,7.011000
52,43,0,7.314800,7.336000,7.239000,7.406000,7.213000,7.380000
52,44,0,7.221200,7.181000,7.139000,7.374000,7.099000,7.313000
52,45,0,7.342000,7.335000,7.262000,7.399000,7.167000,7.547000
52,46,0,7.472600,7.405000,7.433000,7.569000,7.372000,7.584000
52,47,0,7.483800,7.516000,7.410000,7.695000,7.369000,7.429000
52,48,0,7.191200,7.113000,7.129000,7.220000,7.161000,7.333000
52,49,0,7.329000,7.223000,7.369000,7.422000,7.246000,7.385000
52,50,0,6.919000,6.906000,6.905000,6.886000,6.788000,7.110000
52,51,0,7.625000,7.622000,7.572000,7.701000,7.523000,7.707000
52,52,0,7.004800,6.930000,7.118000,6.914000,7.009000,7.053000
52,53,0,7.360400,7.272000,7.406000,7.355000,7.317000,7.452000
52,54,0,7.186200,7.195000,7.090000,7.239000,7.094000,7.313000
52,55,0,7.187200,7.236000,7.163000,7.139000,7.059000,7.339000
52,56,0,6.801800,6.693000,6.839000,7.311000,6.747000,6.419000
52,57,0,6.826800,6.829000,6.856000,6.873000,6.712000,6.864000
52,58,0,7.257600,7.387000,7.207000,7.210000,7.238000,7.246000
52,59,0,7.153000,7.177000,7.150000,7.084000,7.061000,7.293000
52,60,0,7.052200,7.127000,7.059000,7.002000,6.871000,7.202000
52,61,0,7.362000,7.376000,7.309000,7.419000,7.304000,7.402000
52,62,0,7.405600,7.368000,7.390000,7.485000,7.360000,7.425000
52,63,0,7.498200,7.367000,7.465000,7.640000,7.533000,7.486000
52,64,0,7.345000,7.202000,7.366000,7.429000,7.296000,7.432000
52,65,0,7.623000,7.536000,7.586000,7.696000,7.656000,7.641000
52,66,0,7.093600,6.989000,7.075000,7.309000,7.073000,7.022000
52,67,0,7.091800,7.031000,7.117000,7.170000,7.024000,7.117000
52,68,0,7.432400,7.389000,7.492000,7.512000,7.314000,7.455000
52,69,0,7.491400,7.386000,7.460000,7.584000,7.456000,7.571000
52,70,0,7.020400,6.911000,7.058000,7.089000,6.897000,7.147000
52,71,0,7.271200,7.373000,7.164000,7.152000,7.221000,7.446000
52,72,0,7.191200,7.256000,7.141000,7.268000,7.166000,7.125000
52,73,0,6.625400,6.599000,6.643000,6.456000,6.631000,6.798000
52,74,0,7.627200,7.605000,7.636000,7.637000,7.548000,7.710000
52,75,0,7.167600,7.173000,7.050000,7.165000,7.132000,7.318000
52,76,0,7.287600,7.337000,7.332000,7.323000,7.010000,7.436000
52,77,0,7.353800,7.371000,7.281000,7.482000,7.139000,7.496000
52,78,0,7.392800,7.443000,7.370000,7.280000,7.369000,7.502000
52,79,0,6.920800,6.720000,7.020000,7.028000,6.884000,6.952000
52,80,0,6.958000,6.944000,6.938000,7.090000,6.772000,7.046000
52,81,0,7.448400,7.498000,7.351000,7.453000,7.413000,7.527000
52,82,0,7.229800,7.280000,7.142000,7.221000,7.176000,7.330000
52,83,0,7.125400,7.122000,7.131000,6.983000,7.070000,7.321000
52,84,0,7.394400,7.370000,7.384000,7.681000,7.210000,7.327000
52,85,0,7.092600,6.953000,7.120000,6.967000,7.234000,7.189000
52,86,0,7.214000,7.104000,7.265000,7.426000,7.060000,7.215000
52,87,0,7.406800,7.359000,7.374000,7.431000,7.336000,7.534000
52,88,0,7.153800,7.209000,7.129000,7.137000,7.054000,7.240000
52,89,0,7.098200,7.028000,7.111000,7.136000,7.082000,7.134000
52,90,0,6.129600,6.110000,6.086000,6.131000,6.049000,6.272000
52,91,0,7.330800,7.316000,7.257000,7.410000,7.349000,7.322000
52,92,0,7.064800,7.028000,7.144000,7.041000,6.988000,7.123000
52,93,0,7.175400,7.114000,7.179000,7.258000,7.057000,7.269000
52,94,0,6.826400,6.764000,6.934000,6.745000,6.805000,6.884000
52,95,0,6.709600,6.769000,6.713000,6.582000,6.717000,6.767000
52,96,0,7.382000,7.407000,7.338000,7.450000,7.243000,7.472000
52,97,0,6.993600,6.823000,7.037000,7.105000,6.872000,7.131000
52,98,0,7.362000,7.322000,7.303000,7.424000,7.317000,7.444000
52,99,0,7.617000,7.600000,7.539000,7.672000,7.580000,7.694000
53,0,0,7.408400,7.327000,7.538000,7.528000,7.443000,7.206000
53,1,0,7.297600,7.293000,7.326000,7.340000,7.317000,7.212000
53,2,0,7.496200,7.526000,7.428000,7.630000,7.405000,7.492000
53,3,0,7.462800,7.459000,7.433000,7.501000,7.461000,7.460000
53,4,0,6.601800,6.737000,6.568000,6.516000,6.562000,6.626000
53,5,0,7.122200,7.169000,6.996000,7.198000,7.194000,7.054000
53,6,0,7.211000,7.312000,7.212000,7.266000,7.122000,7.143000
53,7,0,7.396400,7.332000,7.363000,7.475000,7.439000,7.373000
53,8,0,7.049000,7.038000,7.146000,7.048000,7.098000,6.915000
53,9,0,7.333600,7.487000,7.283000,7.415000,7.279000,7.204000
53,10,0,7.283400,7.282000,7.322000,7.388000,7.261000,7.164000
53,11,0,7.397000,7.415000,7.381000,7.487000,7.352000,7.350000
53,12,0,7.161000,7.211000,7.083000,7.177000,7.284000,7.050000
53,13,0,7.304200,7.268000,7.269000,7.366000,7.304000,7.314000
53,14,0,7.499000,7.489000,7.500000,7.518000,7.429000,7.559000
53,15,0,7.122800,7.149000,7.058000,7.225000,7.163000,7.019000
53,16,0,7.500200,7.356000,7.562000,7.607000,7.521000,7.455000
53,17,0,7.345400,7.248000,7.349000,7.332000,7.537000,7.261000
53,18,0,6.921200,6.926000,6.774000,6.915000,7.134000,6.857000
53,19,0,7.402000,7.331000,7.357000,7.428000,7.467000,7.427000
53,20,0,7.146400,7.319000,7.243000,7.230000,6.933000,7.007000
53,21,0,7.096200,7.182000,7.137000,7.136000,6.991000,7.035000
53,22,0,7.332400,7.430000,7.378000,7.467000,7.314000,7.073000
53,23,0,7.090600,6.980000,7.062000,7.141000,7.274000,6.996000
53,24,0,6.741200,6.826000,6.876000,6.651000,6.799000,6.554000
53,25,0,7.574600,7.472000,7.604000,7.675000,7.582000,7.540000
53,26,0,6.688800,6.717000,6.679000,6.702000,6.778000,6.568000
53,27,0,7.395000,7.399000,7.432000,7.432000,7.388000,7.324000
53,28,0,7.484400,7.508000,7.532000,7.464000,7.536000,7.382000
53,29,0,7.276600,7.322000,7.266000,7.318000,7.276000,7.201000
53,30,0,7.138000,7.222000,7.131000,7.254000,7.159000,6.924000
53,31,0,7.357400,7.293000,7.397000,7.416000,7.360000,7.321000
53,32,0,7.398800,7.432000,7.282000,7.507000,7.430000,7.343000
53,33,0,7.210200,7.179000,7.270000,7.195000,7.216000,7.191000
53,34,0,7.228600,7.199000,7.221000,7.297000,7.325000,7.101000
53,35,0,7.382400,7.437000,7.391000,7.522000,7.448000,7.114000
53,36,0,7.275600,7.301000,7.236000,7.332000,7.345000,7.164000
53,37,0,7.369000,7.317000,7.407000,7.423000,7.410000,7.288000
53,38,0,7.542600,7.611000,7.411000,7.645000,7.557000,7.489000
53,39,0,7.581200,7.502000,7.580000,7.660000,7.617000,7.547000
53,40,0,6.753600,6.814000,6.652000,6.755000,6.973000,6.574000
53,41,0,7.387000,7.459000,7.329000,7.462000,7.353000,7.332000
53,42,0,7.373200,7.357000,7.275000,7.457000,7.456000,7.321000
53,43,0,7.564800,7.546000,7.552000,7.589000,7.614000,7.523000
53,44,0,7.363400,7.415000,7.474000,7.434000,7.155000,7.339000
53,45,0,7.221000,7.073000,7.215000,7.336000,7.265000,7.216000
53,46,0,7.431200,7.443000,7.550000,7.476000,7.349000,7.338000
53,47,0,7.654200,7.631000,7.662000,7.781000,7.629000,7.568000
53,48,0,7.330000,7.211000,7.326000,7.476000,7.452000,7.185000
53,49,0,7.537400,7.468000,7.620000,7.651000,7.500000,7.448000
53,50,0,7.071200,7.192000,7.026000,7.136000,7.056000,6.946000
53,51,0,7.577400,7.545000,7.611000,7.633000,7.603000,7.495000
53,52,0,7.493600,7.417000,7.519000,7.527000,7.615000,7.390000
53,53,0,7.264000,7.194000,7.416000,7.218000,7.286000,7.206000
53,54,0,7.382000,7.374000,7.297000,7.501000,7.485000,7.253000
53,55,0,6.956200,6.857000,6.936000,6.998000,7.169000,6.821000
53,56,0,7.490800,7.503000,7.501000,7.546000,7.478000,7.426000
53,57,0,7.293000,7.295000,7.231000,7.376000,7.356000,7.207000
53,58,0,7.332800,7.302000,7.202000,7.437000,7.399000,7.324000
53,59,0,6.682400,6.677000,6.672000,6.763000,6.731000,6.569000
53,60,0,6.920800,6.896000,6.892000,6.961000,7.015000,6.840000
53,61,0,7.582400,7.667000,7.528000,7.685000,7.491000,7.541000
53,62,0,6.594200,6.684000,6.517000,6.525000,6.701000,6.544000
53,63,0,7.407200,7.268000,7.461000,7.536000,7.411000,7.360000
53,64,0,6.880800,6.906000,6.877000,7.016000,6.962000,6.643000
53,65,0,7.651000,7.660000,7.728000,7.761000,7.550000,7.556000
53,66,0,7.624000,7.741000,7.643000,7.530000,7.536000,7.670000
53,67,0,7.313600,7.182000,7.331000,7.324000,7.333000,7.398000
53,68,0,7.518200,7.431000,7.507000,7.649000,7.570000,7.434000
53,69,0,7.451600,7.461000,7.480000,7.416000,7.598000,7.303000
53,70,0,7.346600,7.269000,7.410000,7.299000,7.368000,7.387000
53,71,0,6.907400,6.942000,6.862000,6.953000,6.860000,6.920000
53,72,0,7.349000,7.320000,7.362000,7.302000,7.367000,7.394000
53,73,0,7.383800,7.408000,7.368000,7.578000,7.299000,7.266000
53,74,0,7.458000,7.428000,7.379000,7.563000,7.553000,7.367000
53,75,0,6.961800,6.917000,7.018000,6.992000,6.839000,7.043000
53,76,0,7.463600,7.642000,7.432000,7.325000,7.404000,7.515000
53,77,0,7.448200,7.436000,7.340000,7.627000,7.462000,7.376000
53,78,0,7.540200,7.625000,7.535000,7.546000,7.410000,7.585000
53,79,0,7.416200,7.456000,7.371000,7.478000,7.455000,7.321000
53,80,0,7.382800,7.327000,7.354000,7.444000,7.484000,7.305000
53,81,0,7.483400,7.404000,7.583000,7.479000,7.598000,7.353000
53,82,0,7.589400,7.482000,7.592000,7.658000,7.630000,7.585000
53,83,0,6.535800,6.585000,6.574000,6.462000,6.676000,6.382000
53,84,0,7.566400,7.528000,7.606000,7.627000,7.564000,7.507000
53,85,0,7.439600,7.452000,7.393000,7.455000,7.495000,7.403000
53,86,0,7.256600,7.329000,7.299000,7.202000,7.352000,7.101000
53,87,0,7.030800,7.016000,7.086000,6.991000,7.033000,7.028000
53,88,0,7.684800,7.675000,7.697000,7.772000,7.632000,7.648000
53,89,0,7.615600,7.506000,7.493000,7.702000,7.701000,7.676000
53,90,0,7.234800,7.360000,7.153000,7.199000,7.273000,7.189000
53,91,0,7.405400,7.385000,7.347000,7.392000,7.488000,7.415000
53,92,0,7.496400,7.482000,7.545000,7.503000,7.487000,7.465000
53,93,0,7.386800,7.272000,7.389000,7.510000,7.494000,7.269000
53,94,0,7.199200,7.252000,7.188000,7.373000,7.144000,7.039000
53,95,0,7.580000,7.557000,7.608000,7.538000,7.587000,7.610000
53,96,0,7.412400,7.365000,7.437000,7.480000,7.421000,7.359000
53,97,0,7.358200,7.353000,7.365000,7.366000,7.508000,7.199000
53,98,0,7.341800,7.401000,7.400000,7.423000,7.240000,7.245000
53,99,0,6.996600,7.014000,7.013000,7.016000,7.010000,6.930000
54,0,0,7.233600,7.017000,7.175000,7.070000,7.517000,7.389000
54,1,0,7.419600,7.400000,7.453000,7.386000,7.403000,7.456000
54,2,0,7.107200,7.176000,6.969000,7.067000,7.125000,7.199000
54,3,0,7.542600,7.619000,7.445000,7.501000,7.505000,7.643000
54,4,0,7.518200,7.575000,7.453000,7.418000,7.563000,7.582000
54,5,0,7.421800,7.530000,7.265000,7.459000,7.306000,7.549000
54,6,0,7.162400,7.234000,7.176000,7.072000,7.061000,7.269000
54,7,0,6.813200,6.822000,6.720000,6.834000,6.788000,6.902000
54,8,0,7.025200,7.132000,6.854000,6.875000,7.172000,7.093000
54,9,0,7.129800,7.173000,7.029000,7.087000,7.006000,7.354000
54,10,0,7.643200,7.636000,7.617000,7.575000,7.680000,7.708000
54,11,0,6.765800,6.822000,6.753000,6.751000,6.592000,6.911000
54,12,0,7.289600,7.319000,7.207000,7.244000,7.261000,7.417000
54,13,0,7.418800,7.508000,7.179000,7.299000,7.505000,7.603000
54,14,0,7.547600,7.707000,7.455000,7.400000,7.573000,7.603000
54,15,0,7.680600,7.760000,7.615000,7.541000,7.747000,7.740000
54,16,0,7.698400,7.670000,7.706000,7.642000,7.687000,7.787000
54,17,0,7.490000,7.493000,7.381000,7.399000,7.573000,7.604000
54,18,0,7.602600,7.568000,7.492000,7.619000,7.577000,7.757000
54,19,0,7.627600,7.704000,7.507000,7.557000,7.616000,7.754000
54,20,0,6.543400,6.499000,6.569000,6.453000,6.524000,6.672000
54,21,0,7.323800,7.355000,7.222000,7.276000,7.356000,7.410000
54,22,0,7.542800,7.542000,7.411000,7.489000,7.588000,7.684000
54,23,0,7.280400,7.344000,7.300000,7.170000,7.310000,7.278000
54,24,0,6.322200,6.407000,6.306000,6.369000,6.289000,6.240000
54,25,0,7.268600,7.278000,7.272000,7.132000,7.266000,7.395000
54,26,0,7.452400,7.557000,7.344000,7.348000,7.484000,7.529000
54,27,0,7.515000,7.672000,7.326000,7.377000,7.559000,7.641000
54,28,0,7.579200,7.568000,7.596000,7.516000,7.508000,7.708000
54,29,0,7.441800,7.557000,7.413000,7.283000,7.440000,7.516000
54,30,0,7.310400,7.355000,7.241000,7.275000,7.304000,7.377000
54,31,0,7.369400,7.398000,7.363000,7.265000,7.391000,7.430000
54,32,0,7.590000,7.672000,7.483000,7.449000,7.671000,7.675000
54,33,0,7.362200,7.328000,7.297000,7.315000,7.412000,7.459000
54,34,0,7.192000,7.302000,7.171000,7.088000,7.208000,7.191000
54,35,0,7.585200,7.641000,7.529000,7.694000,7.418000,7.644000
54,36,0,7.340400,7.242000,7.357000,7.254000,7.317000,7.532000
54,37,0,7.568600,7.456000,7.603000,7.588000,7.562000,7.634000
54,38,0,7.193400,7.289000,7.072000,7.059000,7.162000,7.385000
54,39,0,7.167000,7.109000,7.137000,7.147000,7.133000,7.309000
54,40,0,7.492200,7.559000,7.379000,7.447000,7.518000,7.558000
54,41,0,7.528600,7.602000,7.486000,7.483000,7.518000,7.554000
54,42,0,7.333000,7.467000,7.255000,7.261000,7.302000,7.380000
54,43,0,7.346400,7.429000,7.225000,7.228000,7.408000,7.442000
54,44,0,7.508600,7.421000,7.353000,7.483000,7.656000,7.630000
54,45,0,7.271400,7.147000,7.262000,7.242000,7.386000,7.320000
54,46,0,7.398800,7.362000,7.307000,7.372000,7.564000,7.389000
54,47,0,7.697000,7.712000,7.565000,7.642000,7.762000,7.804000
54,48,0,7.397200,7.493000,7.357000,7.377000,7.293000,7.466000
54,49,0,7.504800,7.642000,7.281000,7.391000,7.546000,7.664000
54,50,0,7.508400,7.542000,7.425000,7.563000,7.539000,7.473000
54,51,0,7.492000,7.561000,7.489000,7.414000,7.447000,7.549000
54,52,0,7.702600,7.721000,7.639000,7.758000,7.621000,7.774000
54,53,0,7.415000,7.413000,7.336000,7.374000,7.421000,7.531000
54,54,0,7.368800,7.431000,7.229000,7.335000,7.332000,7.517000
54,55,0,7.274400,7.382000,7.319000,7.261000,7.099000,7.311000
54,56,0,7.573200,7.652000,7.524000,7.557000,7.498000,7.635000
54,57,0,7.586800,7.668000,7.568000,7.523000,7.582000,7.593000
54,58,0,7.124800,6.992000,7.018000,7.188000,7.279000,7.147000
54,59,0,7.652200,7.769000,7.621000,7.534000,7.661000,7.676000
54,60,0,7.447600,7.341000,7.379000,7.402000,7.592000,7.524000
54,61,0,7.487400,7.575000,7.413000,7.445000,7.510000,7.494000
54,62,0,7.697000,7.702000,7.593000,7.619000,7.792000,7.779000
54,63,0,7.081800,7.135000,7.037000,6.899000,6.972000,7.366000
54,64,0,7.559400,7.609000,7.497000,7.524000,7.580000,7.587000
54,65,0,7.199600,7.192000,7.013000,7.180000,7.204000,7.409000
54,66,0,7.030400,7.111000,6.985000,6.955000,6.998000,7.103000
54,67,0,7.079200,7.132000,7.026000,7.057000,7.087000,7.094000
54,68,0,7.338400,7.385000,7.206000,7.302000,7.417000,7.382000
54,69,0,7.347000,7.307000,7.304000,7.365000,7.331000,7.428000
54,70,0,6.661000,6.675000,6.668000,6.586000,6.668000,6.708000
54,71,0,6.859200,6.937000,6.816000,6.934000,6.805000,6.804000
54,72,0,7.583400,7.587000,7.580000,7.547000,7.509000,7.694000
54,73,0,7.421200,7.557000,7.365000,7.239000,7.461000,7.484000
54,74,0,7.737400,7.762000,7.575000,7.745000,7.788000,7.817000
54,75,0,7.364600,7.441000,7.384000,7.235000,7.306000,7.457000
54,76,0,7.587000,7.743000,7.524000,7.543000,7.483000,7.642000
54,77,0,7.300200,7.277000,7.303000,7.003000,7.545000,7.373000
54,78,0,7.498400,7.464000,7.465000,7.488000,7.583000,7.492000
54,79,0,7.446800,7.559000,7.342000,7.286000,7.525000,7.522000
54,80,0,6.355000,6.396000,6.307000,6.329000,6.337000,6.406000
54,81,0,7.650400,7.648000,7.612000,7.497000,7.793000,7.702000
54,82,0,7.538000,7.631000,7.318000,7.446000,7.616000,7.679000
54,83,0,7.332600,7.388000,7.108000,7.182000,7.530000,7.455000
54,84,0,7.475600,7.533000,7.471000,7.432000,7.466000,7.476000
54,85,0,7.617000,7.634000,7.590000,7.518000,7.607000,7.736000
54,86,0,7.575000,7.613000,7.532000,7.568000,7.508000,7.654000
54,87,0,7.453000,7.555000,7.372000,7.349000,7.467000,7.522000
54,88,0,7.597800,7.713000,7.434000,7.464000,7.649000,7.729000
54,89,0,7.280000,7.400000,6.986000,7.255000,7.410000,7.349000
54,90,0,7.522800,7.651000,7.204000,7.460000,7.590000,7.709000
54,91,0,7.339600,7.322000,7.158000,7.360000,7.444000,7.414000
54,92,0,7.528800,7.513000,7.443000,7.585000,7.557000,7.546000
54,93,0,7.731400,7.733000,7.693000,7.687000,7.760000,7.784000
54,94,0,7.565600,7.507000,7.605000,7.538000,7.565000,7.613000
54,95,0,7.372400,7.344000,7.381000,7.375000,7.371000,7.391000
54,96,0,6.816400,6.689000,6.830000,6.856000,6.848000,6.859000
54,97,0,7.050800,7.056000,6.987000,7.012000,7.010000,7.189000
54,98,0,6.787800,6.836000,6.614000,6.923000,6.734000,6.832000
54,99,0,7.121200,7.212000,7.113000,7.075000,7.012000,7.194000
55,0,0,7.599600,7.621000,7.575000,7.686000,7.434000,7.682000
55,1,0,7.671000,7.616000,7.679000,7.844000,7.480000,7.736000
55,2,0,7.609600,7.644000,7.611000,7.567000,7.568000,7.658000
55,3,0,7.558400,7.643000,7.520000,7.630000,7.352000,7.647000
55,4,0,7.623400,7.740000,7.575000,7.684000,7.509000,7.609000
55,5,0,7.309000,7.381000,7.393000,7.199000,7.217000,7.355000
55,6,0,7.469000,7.453000,7.418000,7.495000,7.421000,7.558000
55,7,0,7.514400,7.504000,7.382000,7.646000,7.395000,7.645000
55,8,0,7.230000,7.393000,7.375000,7.030000,6.903000,7.449000
55,9,0,7.615400,7.529000,7.587000,7.765000,7.468000,7.728000
55,10,0,7.484200,7.504000,7.445000,7.531000,7.376000,7.565000
55,11,0,7.555000,7.570000,7.519000,7.627000,7.426000,7.633000
55,12,0,7.405000,7.515000,7.283000,7.370000,7.388000,7.469000
55,13,0,7.704200,7.668000,7.629000,7.768000,7.637000,7.819000
55,14,0,7.696400,7.717000,7.670000,7.806000,7.541000,7.748000
55,15,0,7.486200,7.587000,7.365000,7.501000,7.395000,7.583000
55,16,0,7.507600,7.595000,7.485000,7.557000,7.428000,7.473000
55,17,0,6.964600,6.941000,6.951000,6.921000,7.009000,7.001000
55,18,0,7.577000,7.601000,7.477000,7.690000,7.500000,7.617000
55,19,0,7.671400,7.660000,7.638000,7.718000,7.611000,7.730000
55,20,0,7.851800,7.945000,7.820000,7.859000,7.748000,7.887000
55,21,0,7.566800,7.558000,7.552000,7.604000,7.532000,7.588000
55,22,0,7.410400,7.413000,7.345000,7.486000,7.369000,7.439000
55,23,0,7.667600,7.726000,7.656000,7.666000,7.578000,7.712000
55,24,0,7.543200,7.556000,7.545000,7.583000,7.470000,7.562000
55,25,0,7.481200,7.483000,7.527000,7.404000,7.450000,7.542000
55,26,0,7.629200,7.667000,7.622000,7.691000,7.547000,7.619000
55,27,0,7.523400,7.655000,7.517000,7.563000,7.412000,7.470000
55,28,0,7.429800,7.455000,7.362000,7.482000,7.344000,7.506000
55,29,0,7.665800,7.700000,7.604000,7.747000,7.504000,7.774000
55,30,0,7.495600,7.524000,7.520000,7.473000,7.389000,7.572000
55,31,0,7.603800,7.681000,7.526000,7.707000,7.564000,7.541000
55,32,0,7.538400,7.652000,7.657000,7.509000,7.408000,7.466000
55,33,0,7.278200,7.394000,7.282000,7.230000,7.176000,7.309000
55,34,0,7.118000,7.183000,7.162000,7.133000,6.992000,7.120000
55,35,0,7.261600,7.329000,7.308000,7.210000,7.149000,7.312000
55,36,0,7.611400,7.681000,7.626000,7.559000,7.511000,7.680000
55,37,0,7.227000,7.301000,7.200000,7.272000,7.133000,7.229000
55,38,0,7.384800,7.397000,7.340000,7.444000,7.268000,7.475000
55,39,0,7.456000,7.521000,7.411000,7.403000,7.423000,7.522000
55,40,0,7.472800,7.604000,7.525000,7.383000,7.413000,7.439000
55,41,0,6.847800,6.866000,6.791000,6.876000,6.755000,6.951000
55,42,0,7.437800,7.447000,7.465000,7.418000,7.337000,7.522000
55,43,0,7.426800,7.562000,7.392000,7.486000,7.230000,7.464000
55,44,0,7.483800,7.560000,7.541000,7.424000,7.392000,7.502000
55,45,0,7.535400,7.627000,7.531000,7.462000,7.487000,7.570000
55,46,0,7.485200,7.543000,7.430000,7.422000,7.424000,7.607000
55,47,0,7.576600,7.673000,7.537000,7.556000,7.545000,7.572000
55,48,0,7.494600,7.483000,7.548000,7.507000,7.425000,7.510000
55,49,0,7.487400,7.494000,7.513000,7.459000,7.447000,7.524000
55,50,0,7.606600,7.605000,7.572000,7.599000,7.574000,7.683000
55,51,0,7.677600,7.716000,7.690000,7.758000,7.570000,7.654000
55,52,0,7.635400,7.685000,7.635000,7.577000,7.505000,7.775000
55,53,0,7.582200,7.524000,7.572000,7.628000,7.542000,7.645000
55,54,0,7.498000,7.524000,7.473000,7.378000,7.462000,7.653000
55,55,0,7.348600,7.515000,7.315000,7.236000,7.357000,7.320000
55,56,0,7.650600,7.589000,7.621000,7.800000,7.439000,7.804000
55,57,0,7.517000,7.556000,7.459000,7.559000,7.505000,7.506000
55,58,0,7.668600,7.605000,7.791000,7.767000,7.522000,7.658000
55,59,0,7.356600,7.373000,7.342000,7.320000,7.357000,7.391000
55,60,0,7.248600,7.404000,7.179000,7.188000,7.220000,7.252000
55,61,0,7.481000,7.620000,7.437000,7.595000,7.264000,7.489000
55,62,0,6.893800,6.999000,6.863000,6.839000,6.934000,6.834000
55,63,0,7.610000,7.745000,7.561000,7.622000,7.527000,7.595000
55,64,0,7.624800,7.672000,7.612000,7.726000,7.455000,7.659000
55,65,0,7.289800,7.249000,7.104000,7.382000,7.330000,7.384000
55,66,0,7.242000,7.324000,7.345000,7.063000,7.265000,7.213000
55,67,0,7.434600,7.484000,7.448000,7.408000,7.323000,7.510000
55,68,0,7.656800,7.680000,7.585000,7.704000,7.603000,7.712000
55,69,0,7.711800,7.748000,7.694000,7.691000,7.672000,7.754000
55,70,0,7.091400,7.123000,7.210000,6.918000,7.124000,7.082000
55,71,0,7.621200,7.677000,7.573000,7.651000,7.520000,7.685000
55,72,0,7.650600,7.736000,7.510000,7.759000,7.508000,7.740000
55,73,0,7.339800,7.406000,7.297000,7.316000,7.248000,7.432000
55,74,0,7.517800,7.432000,7.551000,7.572000,7.463000,7.571000
55,75,0,7.205400,7.368000,6.975000,7.270000,7.271000,7.143000
55,76,0,7.566000,7.669000,7.565000,7.576000,7.428000,7.592000
55,77,0,7.642600,7.710000,7.575000,7.712000,7.456000,7.760000
55,78,0,7.580200,7.577000,7.496000,7.717000,7.546000,7.565000
55,79,0,7.363600,7.417000,7.364000,7.313000,7.222000,7.502000
55,80,0,7.572000,7.582000,7.467000,7.598000,7.481000,7.732000
55,81,0,7.226200,7.152000,7.170000,7.191000,7.288000,7.330000
55,82,0,7.199000,7.342000,7.168000,7.211000,7.106000,7.168000
55,83,0,7.597000,7.680000,7.527000,7.757000,7.471000,7.550000
55,84,0,7.191400,7.302000,6.999000,7.280000,7.162000,7.214000
55,85,0,7.276200,7.356000,7.258000,7.210000,7.231000,7.326000
55,86,0,7.107800,7.296000,7.024000,7.085000,6.997000,7.137000
55,87,0,7.642000,7.593000,7.634000,7.675000,7.548000,7.760000
55,88,0,7.284000,7.366000,7.186000,7.371000,7.140000,7.357000
55,89,0,7.440600,7.552000,7.552000,7.367000,7.329000,7.403000
55,90,0,7.572200,7.615000,7.666000,7.514000,7.444000,7.622000
55,91,0,7.424400,7.497000,7.414000,7.402000,7.373000,7.436000
55,92,0,7.395200,7.602000,7.365000,7.482000,7.179000,7.348000
55,93,0,7.439000,7.627000,7.407000,7.408000,7.312000,7.441000
55,94,0,7.704400,7.725000,7.713000,7.752000,7.647000,7.685000
55,95,0,7.634000,7.722000,7.537000,7.704000,7.549000,7.658000
55,96,0,6.630000,6.689000,6.570000,6.584000,6.613000,6.694000
55,97,0,7.628400,7.701000,7.597000,7.608000,7.489000,7.747000
55,98,0,7.396600,7.529000,7.376000,7.468000,7.278000,7.332000
55,99,0,7.538400,7.584000,7.560000,7.495000,7.439000,7.614000
56,0,0,7.469400,7.494000,7.296000,7.492000,7.543000,7.522000
56,1,0,7.233000,7.291000,7.116000,7.239000,7.253000,7.266000
56,2,0,7.587000,7.642000,7.504000,7.593000,7.625000,7.571000
56,3,0,7.076400,7.220000,7.098000,6.992000,7.067000,7.005000
56,4,0,7.573200,7.651000,7.553000,7.608000,7.547000,7.507000
56,5,0,7.499400,7.506000,7.582000,7.487000,7.433000,7.489000
56,6,0,7.618600,7.545000,7.629000,7.668000,7.639000,7.612000
56,7,0,7.652400,7.745000,7.596000,7.630000,7.681000,7.610000
56,8,0,7.535600,7.585000,7.531000,7.511000,7.532000,7.519000
56,9,0,7.631200,7.577000,7.676000,7.593000,7.681000,7.629000
56,10,0,7.180600,7.275000,7.095000,7.193000,7.214000,7.126000
56,11,0,7.520600,7.641000,7.385000,7.461000,7.544000,7.572000
56,12,0,7.048400,7.088000,6.999000,6.950000,7.093000,7.112000
56,13,0,7.412400,7.468000,7.406000,7.386000,7.365000,7.437000
56,14,0,7.410400,7.411000,7.493000,7.371000,7.402000,7.375000
56,15,0,7.463800,7.348000,7.478000,7.559000,7.525000,7.409000
56,16,0,6.511200,6.594000,6.407000,6.560000,6.467000,6.528000
56,17,0,7.218200,7.250000,7.120000,7.244000,7.174000,7.303000
56,18,0,7.279800,7.316000,7.245000,7.303000,7.284000,7.251000
56,19,0,7.200200,7.163000,7.173000,7.350000,7.130000,7.185000
56,20,0,7.460600,7.503000,7.412000,7.452000,7.509000,7.427000
56,21,0,7.432000,7.347000,7.541000,7.489000,7.256000,7.527000
56,22,0,7.596400,7.550000,7.596000,7.594000,7.663000,7.579000
56,23,0,7.614600,7.737000,7.583000,7.528000,7.633000,7.592000
56,24,0,7.335200,7.400000,7.363000,7.230000,7.334000,7.349000
56,25,0,7.100600,7.073000,7.091000,7.050000,7.149000,7.140000
56,26,0,7.243000,7.327000,7.226000,7.198000,7.264000,7.200000
56,27,0,7.438000,7.419000,7.449000,7.443000,7.431000,7.448000
56,28,0,7.340400,7.394000,7.392000,7.253000,7.310000,7.353000
56,29,0,7.752600,7.710000,7.723000,7.762000,7.779000,7.789000
56,30,0,7.197000,7.269000,7.092000,7.288000,7.269000,7.067000
56,31,0,7.398800,7.277000,7.312000,7.437000,7.481000,7.487000
56,32,0,7.347400,7.311000,7.346000,7.376000,7.384000,7.320000
56,33,0,7.498600,7.389000,7.519000,7.455000,7.577000,7.553000
56,34,0,6.981000,6.974000,6.895000,7.114000,6.910000,7.012000
56,35,0,7.300200,7.313000,7.403000,7.302000,7.344000,7.139000
56,36,0,7.518200,7.515000,7.480000,7.539000,7.534000,7.523000
56,37,0,7.123400,7.140000,7.121000,7.098000,7.218000,7.040000
56,38,0,7.664400,7.686000,7.651000,7.729000,7.631000,7.625000
56,39,0,7.182600,7.250000,7.330000,7.012000,7.158000,7.163000
56,40,0,7.481400,7.416000,7.437000,7.567000,7.476000,7.511000
56,41,0,6.993400,7.152000,6.896000,6.687000,7.117000,7.115000
56,42,0,7.512600,7.505000,7.571000,7.496000,7.541000,7.450000
56,43,0,7.595800,7.748000,7.504000,7.485000,7.613000,7.629000
56,44,0,7.617200,7.661000,7.582000,7.607000,7.588000,7.648000
56,45,0,7.098000,7.248000,6.920000,7.137000,7.087000,7.098000
56,46,0,7.489000,7.556000,7.432000,7.442000,7.483000,7.532000
56,47,0,7.246600,7.387000,7.179000,7.197000,7.183000,7.287000
56,48,0,7.380800,7.544000,7.255000,7.243000,7.540000,7.322000
56,49,0,5.901200,5.973000,5.895000,5.800000,5.843000,5.995000
56,50,0,7.735000,7.745000,7.745000,7.704000,7.768000,7.713000
56,51,0,7.542000,7.574000,7.619000,7.587000,7.461000,7.469000
56,52,0,7.645800,7.589000,7.645000,7.686000,7.653000,7.656000
56,53,0,7.634800,7.647000,7.645000,7.584000,7.650000,7.648000
56,54,0,6.586800,6.628000,6.530000,6.512000,6.624000,6.640000
56,55,0,7.642400,7.554000,7.723000,7.593000,7.683000,7.659000
56,56,0,7.262400,7.401000,7.312000,7.133000,7.351000,7.115000
56,57,0,7.507800,7.514000,7.443000,7.458000,7.472000,7.652000
56,58,0,7.555200,7.668000,7.515000,7.506000,7.540000,7.547000
56,59,0,7.376400,7.436000,7.361000,7.404000,7.381000,7.300000
56,60,0,7.202000,7.223000,7.151000,7.180000,7.186000,7.270000
56,61,0,7.588000,7.688000,7.599000,7.474000,7.618000,7.561000
56,62,0,7.664200,7.863000,7.550000,7.614000,7.673000,7.621000
56,63,0,7.525400,7.515000,7.540000,7.581000,7.500000,7.491000
56,64,0,7.463600,7.488000,7.376000,7.488000,7.504000,7.462000
56,65,0,7.319400,7.368000,7.329000,7.266000,7.241000,7.393000
56,66,0,7.619200,7.493000,7.658000,7.525000,7.760000,7.660000
56,67,0,7.407400,7.730000,7.156000,7.219000,7.492000,7.440000
56,68,0,7.511200,7.565000,7.483000,7.450000,7.529000,7.529000
56,69,0,7.516600,7.657000,7.531000,7.379000,7.501000,7.515000
56,70,0,7.500800,7.618000,7.538000,7.487000,7.415000,7.446000
56,71,0,7.490800,7.403000,7.619000,7.536000,7.490000,7.406000
56,72,0,7.718000,7.709000,7.691000,7.780000,7.727000,7.683000
56,73,0,7.571600,7.624000,7.597000,7.539000,7.481000,7.617000
56,74,0,6.627600,6.650000,6.467000,6.717000,6.616000,6.688000
56,75,0,7.601800,7.601000,7.537000,7.624000,7.563000,7.684000
56,76,0,7.524000,7.658000,7.427000,7.387000,7.600000,7.548000
56,77,0,7.599400,7.613000,7.588000,7.611000,7.605000,7.580000
56,78,0,7.173400,7.156000,7.156000,7.199000,7.211000,7.145000
56,79,0,7.165000,7.155000,6.992000,7.141000,7.271000,7.266000
56,80,0,7.504200,7.540000,7.423000,7.468000,7.489000,7.601000
56,81,0,7.349400,7.482000,7.316000,7.261000,7.275000,7.413000
56,82,0,7.492400,7.591000,7.474000,7.365000,7.457000,7.575000
56,83,0,7.140400,7.145000,7.131000,7.185000,7.100000,7.141000
56,84,0,7.195600,7.220000,7.104000,7.135000,7.269000,7.250000
56,85,0,7.619800,7.575000,7.678000,7.659000,7.602000,7.585000
56,86,0,7.646600,7.561000,7.660000,7.667000,7.741000,7.604000
56,87,0,6.912400,6.960000,6.777000,6.964000,6.899000,6.962000
56,88,0,7.395600,7.540000,7.425000,7.301000,7.378000,7.334000
56,89,0,7.598400,7.754000,7.421000,7.473000,7.716000,7.628000
56,90,0,7.563200,7.534000,7.544000,7.580000,7.546000,7.612000
56,91,0,7.661400,7.535000,7.679000,7.725000,7.764000,7.604000
56,92,0,7.528200,7.600000,7.460000,7.428000,7.584000,7.569000
56,93,0,7.471000,7.502000,7.496000,7.368000,7.507000,7.482000
56,94,0,7.531000,7.739000,7.490000,7.449000,7.532000,7.445000
56,95,0,7.501200,7.588000,7.425000,7.525000,7.423000,7.545000
56,96,0,7.596000,7.577000,7.527000,7.612000,7.622000,7.642000
56,97,0,7.365600,7.388000,7.364000,7.358000,7.385000,7.333000
56,98,0,7.421800,7.401000,7.397000,7.384000,7.433000,7.494000
56,99,0,7.611200,7.657000,7.543000,7.628000,7.519000,7.709000
57,0,0,7.593600,7.640000,7.574000,7.674000,7.527000,7.553000
57,1,0,7.387400,7.401000,7.322000,7.494000,7.377000,7.343000
57,2,0,7.641400,7.666000,7.649000,7.719000,7.624000,7.549000
57,3,0,7.459000,7.448000,7.456000,7.454000,7.441000,7.496000
57,4,0,7.382800,7.264000,7.470000,7.499000,7.294000,7.387000
57,5,0,7.607800,7.601000,7.655000,7.681000,7.543000,7.559000
57,6,0,7.615400,7.578000,7.617000,7.588000,7.507000,7.787000
57,7,0,7.588600,7.650000,7.560000,7.674000,7.583000,7.476000
57,8,0,7.503400,7.709000,7.520000,7.591000,7.433000,7.264000
57,9,0,7.661600,7.618000,7.598000,7.867000,7.613000,7.612000
57,10,0,7.760600,7.794000,7.683000,7.774000,7.759000,7.793000
57,11,0,7.236200,7.229000,7.182000,7.296000,7.240000,7.234000
57,12,0,7.557400,7.577000,7.572000,7.480000,7.517000,7.641000
57,13,0,7.361200,7.407000,7.391000,7.336000,7.282000,7.390000
57,14,0,7.705400,7.692000,7.654000,7.708000,7.668000,7.805000
57,15,0,6.880400,7.023000,6.895000,6.788000,6.805000,6.891000
57,16,0,6.874800,6.859000,6.985000,6.859000,6.811000,6.860000
57,17,0,7.567400,7.525000,7.526000,7.631000,7.551000,7.604000
57,18,0,7.650200,7.640000,7.628000,7.726000,7.607000,7.650000
57,19,0,6.978800,7.015000,6.970000,7.017000,6.892000,7.000000
57,20,0,7.502800,7.463000,7.570000,7.496000,7.463000,7.522000
57,21,0,7.417400,7.421000,7.407000,7.531000,7.328000,7.400000
57,22,0,7.593400,7.627000,7.582000,7.636000,7.546000,7.576000
57,23,0,7.708400,7.722000,7.712000,7.799000,7.591000,7.718000
57,24,0,7.443400,7.444000,7.409000,7.508000,7.489000,7.367000
57,25,0,6.809000,6.843000,6.900000,6.731000,6.751000,6.820000
57,26,0,7.734000,7.852000,7.744000,7.832000,7.654000,7.588000
57,27,0,7.459800,7.384000,7.625000,7.514000,7.420000,7.356000
57,28,0,7.521800,7.452000,7.473000,7.522000,7.536000,7.626000
57,29,0,7.282400,7.377000,7.229000,7.287000,7.296000,7.223000
57,30,0,7.706200,7.670000,7.755000,7.734000,7.672000,7.700000
57,31,0,7.702200,7.718000,7.831000,7.811000,7.470000,7.681000
57,32,0,7.662200,7.630000,7.710000,7.722000,7.567000,7.682000
57,33,0,7.654000,7.693000,7.635000,7.736000,7.603000,7.603000
57,34,0,7.612200,7.633000,7.591000,7.678000,7.499000,7.660000
57,35,0,7.079800,7.078000,7.002000,7.112000,7.054000,7.153000
57,36,0,7.558000,7.508000,7.509000,7.654000,7.538000,7.581000
57,37,0,7.590000,7.665000,7.618000,7.656000,7.438000,7.573000
57,38,0,7.642400,7.642000,7.687000,7.681000,7.526000,7.676000
57,39,0,7.620800,7.618000,7.594000,7.686000,7.539000,7.667000
57,40,0,7.358600,7.374000,7.413000,7.556000,7.306000,7.144000
57,41,0,7.480400,7.538000,7.548000,7.479000,7.408000,7.429000
57,42,0,7.747000,7.789000,7.769000,7.763000,7.683000,7.731000
57,43,0,7.844400,7.933000,7.853000,7.917000,7.774000,7.745000
57,44,0,6.977800,7.005000,6.947000,7.058000,6.872000,7.007000
57,45,0,7.601200,7.674000,7.496000,7.677000,7.537000,7.622000
57,46,0,7.374200,7.359000,7.184000,7.484000,7.363000,7.481000
57,47,0,7.473800,7.497000,7.364000,7.530000,7.431000,7.547000
57,48,0,7.555400,7.558000,7.541000,7.604000,7.497000,7.577000
57,49,0,7.302800,7.261000,7.326000,7.348000,7.234000,7.345000
57,50,0,7.360800,7.374000,7.452000,7.364000,7.303000,7.311000
57,51,0,7.416800,7.444000,7.425000,7.438000,7.346000,7.431000
57,52,0,7.630400,7.641000,7.672000,7.696000,7.528000,7.615000
57,53,0,7.685600,7.661000,7.703000,7.743000,7.643000,7.678000
57,54,0,7.517000,7.476000,7.437000,7.618000,7.465000,7.589000
57,55,0,7.765200,7.744000,7.775000,7.830000,7.689000,7.788000
57,56,0,7.541600,7.579000,7.603000,7.621000,7.366000,7.539000
57,57,0,7.755200,7.670000,7.748000,7.862000,7.712000,7.784000
57,58,0,7.589400,7.510000,7.620000,7.695000,7.510000,7.612000
57,59,0,7.384400,7.280000,7.479000,7.390000,7.283000,7.490000
57,60,0,7.657400,7.734000,7.648000,7.559000,7.568000,7.778000
57,61,0,7.470200,7.496000,7.523000,7.514000,7.430000,7.388000
57,62,0,7.457800,7.552000,7.458000,7.517000,7.262000,7.500000
57,63,0,7.712600,7.719000,7.727000,7.846000,7.594000,7.677000
57,64,0,7.659200,7.758000,7.678000,7.615000,7.587000,7.658000
57,65,0,7.256200,7.271000,7.248000,7.316000,7.240000,7.206000
57,66,0,7.529800,7.479000,7.429000,7.708000,7.513000,7.520000
57,67,0,7.584200,7.446000,7.640000,7.597000,7.559000,7.679000
57,68,0,7.692600,7.733000,7.807000,7.704000,7.464000,7.755000
57,69,0,7.333000,7.379000,7.354000,7.415000,7.283000,7.234000
57,70,0,7.711600,7.746000,7.658000,7.838000,7.580000,7.736000
57,71,0,7.707800,7.787000,7.741000,7.786000,7.580000,7.645000
57,72,0,7.587800,7.647000,7.505000,7.650000,7.566000,7.571000
57,73,0,7.008400,6.964000,7.155000,6.898000,7.047000,6.978000
57,74,0,7.715800,7.768000,7.804000,7.520000,7.692000,7.795000
57,75,0,7.601000,7.644000,7.602000,7.655000,7.495000,7.609000
57,76,0,7.750000,7.706000,7.596000,7.886000,7.730000,7.832000
57,77,0,7.555800,7.503000,7.572000,7.598000,7.616000,7.490000
57,78,0,7.622800,7.694000,7.679000,7.684000,7.494000,7.563000
57,79,0,7.465000,7.499000,7.435000,7.534000,7.560000,7.297000
57,80,0,7.438600,7.446000,7.439000,7.537000,7.424000,7.347000
57,81,0,7.619200,7.544000,7.628000,7.748000,7.532000,7.644000
57,82,0,7.603400,7.520000,7.650000,7.594000,7.599000,7.654000
57,83,0,7.689400,7.684000,7.762000,7.713000,7.539000,7.749000
57,84,0,7.666600,7.723000,7.697000,7.759000,7.457000,7.697000
57,85,0,7.045200,6.990000,7.158000,7.182000,6.885000,7.011000
57,86,0,7.721800,7.645000,7.765000,7.857000,7.596000,7.746000
57,87,0,7.585800,7.561000,7.571000,7.660000,7.559000,7.578000
57,88,0,7.745400,7.848000,7.769000,7.739000,7.683000,7.688000
57,89,0,7.716200,7.704000,7.742000,7.749000,7.600000,7.786000
57,90,0,7.698400,7.651000,7.678000,7.778000,7.678000,7.707000
57,91,0,7.587000,7.562000,7.527000,7.673000,7.621000,7.552000
57,92,0,7.468600,7.417000,7.431000,7.419000,7.481000,7.595000
57,93,0,7.306400,7.334000,7.371000,7.400000,7.225000,7.202000
57,94,0,7.341400,7.366000,7.390000,7.402000,7.302000,7.247000
57,95,0,7.526600,7.623000,7.548000,7.532000,7.495000,7.435000
57,96,0,7.460400,7.520000,7.291000,7.588000,7.424000,7.479000
57,97,0,7.028200,7.055000,7.045000,7.069000,6.951000,7.021000
57,98,0,7.731400,7.718000,7.797000,7.782000,7.600000,7.760000
57,99,0,7.684600,7.650000,7.739000,7.771000,7.568000,7.695000
58,0,0,7.527400,7.656000,7.625000,7.486000,7.471000,7.399000
58,1,0,7.530200,7.543000,7.558000,7.576000,7.495000,7.479000
58,2,0,7.761600,7.825000,7.738000,7.724000,7.769000,7.752000
58,3,0,7.642000,7.603000,7.584000,7.740000,7.613000,7.670000
58,4,0,7.622600,7.719000,7.599000,7.667000,7.614000,7.514000
58,5,0,7.384400,7.411000,7.480000,7.362000,7.270000,7.399000
58,6,0,6.764200,6.787000,6.668000,6.764000,6.801000,6.801000
58,7,0,7.597400,7.688000,7.616000,7.640000,7.565000,7.478000
58,8,0,7.570000,7.639000,7.595000,7.547000,7.566000,7.503000
58,9,0,7.663200,7.731000,7.711000,7.617000,7.631000,7.626000
58,10,0,7.660600,7.642000,7.658000,7.742000,7.640000,7.621000
58,11,0,7.484400,7.591000,7.662000,7.573000,7.391000,7.205000
58,12,0,7.275800,7.503000,7.203000,7.210000,7.013000,7.450000
58,13,0,7.739600,7.883000,7.868000,7.580000,7.682000,7.685000
58,14,0,7.632800,7.644000,7.603000,7.536000,7.629000,7.752000
58,15,0,7.671800,7.796000,7.664000,7.681000,7.549000,7.669000
58,16,0,7.583800,7.671000,7.482000,7.629000,7.597000,7.540000
58,17,0,7.398800,7.329000,7.366000,7.460000,7.381000,7.458000
58,18,0,7.565200,7.716000,7.534000,7.489000,7.503000,7.584000
58,19,0,7.769800,7.772000,7.778000,7.736000,7.706000,7.857000
58,20,0,7.712400,7.780000,7.782000,7.692000,7.700000,7.608000
58,21,0,7.796800,7.846000,7.763000,7.768000,7.780000,7.827000
58,22,0,7.653200,7.670000,7.672000,7.625000,7.554000,7.745000
58,23,0,7.234000,7.327000,7.315000,7.187000,7.155000,7.186000
58,24,0,7.373200,7.498000,7.341000,7.239000,7.410000,7.378000
58,25,0,7.660800,7.704000,7.657000,7.724000,7.651000,7.568000
58,26,0,7.459200,7.497000,7.489000,7.370000,7.461000,7.479000
58,27,0,7.361800,7.265000,7.348000,7.385000,7.318000,7.493000
58,28,0,7.729000,7.834000,7.765000,7.732000,7.622000,7.692000
58,29,0,7.107400,7.187000,6.921000,7.152000,7.115000,7.162000
58,30,0,7.703600,7.701000,7.771000,7.681000,7.644000,7.721000
58,31,0,7.789000,7.851000,7.732000,7.728000,7.766000,7.868000
58,32,0,7.453000,7.536000,7.532000,7.562000,7.252000,7.383000
58,33,0,7.594600,7.554000,7.714000,7.486000,7.536000,7.683000
58,34,0,7.439200,7.479000,7.454000,7.526000,7.356000,7.381000
58,35,0,7.082400,7.138000,7.016000,7.077000,7.112000,7.069000
58,36,0,7.319600,7.378000,7.334000,7.186000,7.386000,7.314000
58,37,0,7.671800,7.690000,7.812000,7.524000,7.661000,7.672000
58,38,0,7.412400,7.473000,7.409000,7.352000,7.361000,7.467000
58,39,0,7.388000,7.201000,7.366000,7.476000,7.547000,7.350000
58,40,0,7.323800,7.413000,7.198000,7.322000,7.378000,7.308000
58,41,0,7.638200,7.720000,7.586000,7.655000,7.549000,7.681000
58,42,0,7.040000,7.030000,7.129000,7.014000,7.112000,6.915000
58,43,0,7.670200,7.686000,7.677000,7.657000,7.618000,7.713000
58,44,0,7.481200,7.464000,7.486000,7.469000,7.457000,7.530000
58,45,0,7.424600,7.401000,7.512000,7.415000,7.402000,7.393000
58,46,0,7.836800,7.850000,7.813000,7.843000,7.786000,7.892000
58,47,0,7.761200,7.763000,7.764000,7.769000,7.790000,7.720000
58,48,0,7.289800,7.389000,7.236000,7.319000,7.224000,7.281000
58,49,0,7.067600,7.070000,7.133000,7.087000,7.087000,6.961000
58,50,0,7.550600,7.604000,7.546000,7.545000,7.513000,7.545000
58,51,0,7.456800,7.475000,7.345000,7.517000,7.424000,7.523000
58,52,0,7.484200,7.500000,7.479000,7.470000,7.524000,7.448000
58,53,0,7.746000,7.689000,7.774000,7.812000,7.724000,7.731000
58,54,0,7.586800,7.699000,7.652000,7.480000,7.571000,7.532000
58,55,0,7.207200,7.349000,7.221000,7.176000,7.105000,7.185000
58,56,0,7.496600,7.553000,7.493000,7.559000,7.451000,7.427000
58,57,0,6.389400,6.320000,6.257000,6.511000,6.421000,6.438000
58,58,0,7.554600,7.483000,7.629000,7.557000,7.630000,7.474000
58,59,0,7.520000,7.591000,7.445000,7.425000,7.595000,7.544000
58,60,0,7.323800,7.365000,7.312000,7.360000,7.319000,7.263000
58,61,0,7.801200,7.871000,7.822000,7.740000,7.748000,7.825000
58,62,0,7.735600,7.720000,7.702000,7.803000,7.675000,7.778000
58,63,0,7.462800,7.336000,7.388000,7.524000,7.484000,7.582000
58,64,0,7.735400,7.767000,7.735000,7.716000,7.743000,7.716000
58,65,0,7.649400,7.773000,7.683000,7.684000,7.558000,7.549000
58,66,0,7.705400,7.835000,7.672000,7.561000,7.627000,7.832000
58,67,0,7.412000,7.574000,7.349000,7.335000,7.356000,7.446000
58,68,0,7.609000,7.604000,7.694000,7.554000,7.642000,7.551000
58,69,0,7.548000,7.443000,7.568000,7.548000,7.650000,7.531000
58,70,0,7.731800,7.728000,7.806000,7.780000,7.639000,7.706000
58,71,0,7.718600,7.753000,7.725000,7.760000,7.648000,7.707000
58,72,0,7.692400,7.754000,7.714000,7.679000,7.671000,7.644000
58,73,0,7.509600,7.545000,7.529000,7.553000,7.483000,7.438000
58,74,0,7.545200,7.612000,7.462000,7.531000,7.561000,7.560000
58,75,0,7.674000,7.722000,7.684000,7.619000,7.585000,7.760000
58,76,0,7.652000,7.642000,7.540000,7.780000,7.697000,7.601000
58,77,0,7.234000,7.437000,7.348000,7.117000,6.995000,7.273000
58,78,0,7.353400,7.489000,7.207000,7.318000,7.329000,7.424000
58,79,0,7.166600,7.221000,7.168000,7.206000,7.125000,7.113000
58,80,0,7.717800,7.765000,7.614000,7.767000,7.799000,7.644000
58,81,0,7.700200,7.763000,7.667000,7.705000,7.709000,7.657000
58,82,0,7.072800,7.077000,7.106000,7.211000,7.016000,6.954000
58,83,0,7.434000,7.484000,7.487000,7.451000,7.345000,7.403000
58,84,0,7.762800,7.905000,7.729000,7.667000,7.676000,7.837000
58,85,0,7.508600,7.459000,7.557000,7.582000,7.520000,7.425000
58,86,0,7.790400,7.893000,7.789000,7.731000,7.694000,7.845000
58,87,0,7.577600,7.536000,7.669000,7.606000,7.612000,7.465000
58,88,0,7.184000,7.147000,7.210000,7.183000,7.106000,7.274000
58,89,0,7.030000,6.941000,7.072000,6.957000,7.141000,7.039000
58,90,0,7.577200,7.620000,7.542000,7.621000,7.561000,7.542000
58,91,0,7.798400,7.920000,7.902000,7.703000,7.643000,7.824000
58,92,0,7.150600,7.118000,7.201000,7.212000,7.094000,7.128000
58,93,0,7.697200,7.740000,7.684000,7.682000,7.698000,7.682000
58,94,0,6.846000,6.877000,6.839000,6.774000,6.897000,6.843000
58,95,0,7.701800,7.660000,7.765000,7.681000,7.671000,7.732000
58,96,0,7.437400,7.483000,7.435000,7.488000,7.308000,7.473000
58,97,0,7.645800,7.825000,7.652000,7.580000,7.458000,7.714000
58,98,0,7.402000,7.385000,7.376000,7.460000,7.442000,7.347000
58,99,0,7.694200,7.602000,7.795000,7.658000,7.651000,7.765000
59,0,0,7.504000,7.697000,7.489000,7.446000,7.449000,7.439000
59,1,0,7.220600,7.369000,7.287000,6.960000,7.170000,7.317000
59,2,0,7.385200,7.448000,7.154000,7.388000,7.366000,7.570000
59,3,0,7.826400,7.886000,7.883000,7.770000,7.774000,7.819000
59,4,0,7.540800,7.423000,7.781000,7.481000,7.435000,7.584000
59,5,0,7.787000,7.843000,7.822000,7.642000,7.798000,7.830000
59,6,0,7.591000,7.679000,7.634000,7.558000,7.589000,7.495000
59,7,0,6.838000,7.014000,6.890000,6.656000,6.821000,6.809000
59,8,0,7.791400,7.848000,7.815000,7.766000,7.745000,7.783000
59,9,0,7.629600,7.760000,7.651000,7.576000,7.538000,7.623000
59,10,0,7.717600,7.813000,7.799000,7.488000,7.710000,7.778000
59,11,0,7.732400,7.762000,7.785000,7.692000,7.663000,7.760000
59,12,0,7.786200,7.706000,7.822000,7.854000,7.711000,7.838000
59,13,0,7.429600,7.657000,7.512000,7.296000,7.230000,7.453000
59,14,0,7.684200,7.669000,7.736000,7.703000,7.625000,7.688000
59,15,0,7.630400,7.790000,7.586000,7.588000,7.516000,7.672000
59,16,0,6.722800,6.890000,6.785000,6.577000,6.625000,6.737000
59,17,0,7.512600,7.666000,7.725000,7.411000,7.352000,7.409000
59,18,0,7.176200,7.358000,7.190000,6.918000,7.113000,7.302000
59,19,0,7.535400,7.748000,7.530000,7.292000,7.528000,7.579000
59,20,0,7.705400,7.706000,7.846000,7.708000,7.636000,7.631000
59,21,0,7.554400,7.552000,7.619000,7.509000,7.516000,7.576000
59,22,0,7.786600,7.843000,7.799000,7.804000,7.692000,7.795000
59,23,0,7.749000,7.645000,7.843000,7.727000,7.668000,7.862000
59,24,0,7.734000,7.955000,7.761000,7.602000,7.569000,7.783000
59,25,0,7.715600,7.736000,7.766000,7.815000,7.642000,7.619000
59,26,0,7.291400,7.488000,7.384000,7.090000,7.284000,7.211000
59,27,0,7.688800,7.850000,7.745000,7.588000,7.525000,7.736000
59,28,0,7.708600,7.728000,7.798000,7.703000,7.582000,7.732000
59,29,0,7.777800,7.904000,7.894000,7.744000,7.637000,7.710000
59,30,0,7.797200,7.815000,7.857000,7.794000,7.711000,7.809000
59,31,0,7.757400,7.799000,7.929000,7.780000,7.565000,7.714000
59,32,0,7.373800,7.557000,7.388000,7.249000,7.376000,7.299000
59,33,0,7.350000,7.590000,7.280000,7.351000,7.272000,7.257000
59,34,0,6.931800,7.074000,7.123000,6.656000,6.771000,7.035000
59,35,0,6.940400,7.111000,6.885000,6.799000,6.796000,7.111000
59,36,0,6.981400,7.147000,7.014000,6.688000,7.027000,7.031000
59,37,0,7.591400,7.779000,7.626000,7.451000,7.424000,7.677000
59,38,0,7.669000,7.606000,7.761000,7.787000,7.543000,7.648000
59,39,0,7.395200,7.545000,7.391000,7.119000,7.428000,7.493000
59,40,0,7.501600,7.600000,7.507000,7.272000,7.486000,7.643000
59,41,0,7.488800,7.600000,7.440000,7.440000,7.511000,7.453000
59,42,0,7.692400,7.792000,7.728000,7.545000,7.658000,7.739000
59,43,0,7.586800,7.716000,7.611000,7.562000,7.443000,7.602000
59,44,0,7.531600,7.700000,7.524000,7.509000,7.348000,7.577000
59,45,0,7.758000,7.835000,7.875000,7.683000,7.692000,7.705000
59,46,0,7.367800,7.440000,7.312000,7.185000,7.389000,7.513000
59,47,0,7.055000,7.137000,7.072000,7.021000,7.053000,6.992000
59,48,0,7.565000,7.532000,7.555000,7.582000,7.502000,7.654000
59,49,0,7.577000,7.742000,7.555000,7.521000,7.557000,7.510000
59,50,0,7.710800,7.737000,7.742000,7.754000,7.677000,7.644000
59,51,0,7.503000,7.708000,7.562000,7.301000,7.551000,7.393000
59,52,0,7.843000,7.899000,7.801000,7.900000,7.774000,7.841000
59,53,0,7.505800,7.723000,7.458000,7.428000,7.389000,7.531000
59,54,0,7.137800,7.157000,7.211000,7.039000,7.110000,7.172000
59,55,0,7.714800,7.768000,7.763000,7.680000,7.704000,7.659000
59,56,0,7.709200,7.702000,7.761000,7.713000,7.687000,7.683000
59,57,0,7.655800,7.544000,7.642000,7.776000,7.616000,7.701000
59,58,0,7.662800,7.766000,7.833000,7.589000,7.509000,7.617000
59,59,0,7.465400,7.531000,7.500000,7.497000,7.406000,7.393000
59,60,0,7.599000,7.793000,7.770000,7.431000,7.525000,7.476000
59,61,0,7.794800,7.795000,7.831000,7.810000,7.756000,7.782000
59,62,0,7.728000,7.749000,7.786000,7.645000,7.716000,7.744000
59,63,0,7.604800,7.733000,7.622000,7.521000,7.473000,7.675000
59,64,0,7.733800,7.799000,7.667000,7.810000,7.655000,7.738000
59,65,0,7.677800,7.758000,7.731000,7.610000,7.613000,7.677000
59,66,0,7.406000,7.493000,7.453000,7.201000,7.457000,7.426000
59,67,0,7.657400,7.806000,7.685000,7.619000,7.636000,7.541000
59,68,0,7.610600,7.846000,7.605000,7.496000,7.620000,7.486000
59,69,0,7.580000,7.755000,7.611000,7.431000,7.510000,7.593000
59,70,0,7.673000,7.871000,7.733000,7.657000,7.529000,7.575000
59,71,0,7.331000,7.409000,7.315000,7.225000,7.340000,7.366000
59,72,0,7.763200,7.921000,7.747000,7.691000,7.760000,7.697000
59,73,0,7.630200,7.685000,7.730000,7.606000,7.509000,7.621000
59,74,0,7.355800,7.496000,7.477000,7.127000,7.217000,7.462000
59,75,0,7.619000,7.827000,7.529000,7.582000,7.556000,7.601000
59,76,0,6.733400,7.000000,6.801000,6.466000,6.751000,6.649000
59,77,0,7.695400,7.690000,7.806000,7.760000,7.580000,7.641000
59,78,0,7.510400,7.590000,7.517000,7.408000,7.491000,7.546000
59,79,0,7.789600,7.925000,7.875000,7.631000,7.730000,7.787000
59,80,0,7.412600,7.506000,7.319000,7.378000,7.459000,7.401000
59,81,0,7.600600,7.511000,7.661000,7.606000,7.552000,7.673000
59,82,0,7.684400,7.640000,7.687000,7.739000,7.556000,7.800000
59,83,0,7.600200,7.728000,7.627000,7.573000,7.509000,7.564000
59,84,0,7.820200,7.767000,7.913000,7.860000,7.733000,7.828000
59,85,0,7.719400,7.728000,7.721000,7.786000,7.627000,7.735000
59,86,0,7.321600,7.496000,7.301000,7.345000,7.137000,7.329000
59,87,0,7.871800,7.900000,7.872000,7.868000,7.811000,7.908000
59,88,0,7.570800,7.658000,7.640000,7.476000,7.574000,7.506000
59,89,0,7.360400,7.517000,7.304000,7.363000,7.329000,7.289000
59,90,0,7.507800,7.701000,7.577000,7.383000,7.399000,7.479000
59,91,0,7.679600,7.776000,7.667000,7.663000,7.574000,7.718000
59,92,0,7.478400,7.630000,7.393000,7.282000,7.502000,7.585000
59,93,0,7.687800,7.640000,7.768000,7.738000,7.720000,7.573000
59,94,0,7.590000,7.658000,7.703000,7.473000,7.478000,7.638000
59,95,0,7.458200,7.570000,7.463000,7.424000,7.408000,7.426000
59,96,0,7.537200,7.670000,7.629000,7.416000,7.455000,7.516000
59,97,0,7.102400,7.321000,7.074000,7.057000,7.137000,6.923000
59,98,0,7.489800,7.601000,7.511000,7.331000,7.471000,7.535000
59,99,0,7.598000,7.764000,7.654000,7.412000,7.556000,7.604000
60,0,0,7.142600,7.182000,7.066000,7.129000,7.201000,7.135000
60,1,0,7.676400,7.643000,7.691000,7.655000,7.708000,7.685000
60,2,0,7.453800,7.444000,7.438000,7.520000,7.412000,7.455000
60,3,0,7.633400,7.611000,7.644000,7.620000,7.681000,7.611000
60,4,0,7.467200,7.612000,7.443000,7.558000,7.375000,7.348000
60,5,0,7.243000,7.214000,7.093000,7.242000,7.412000,7.254000
60,6,0,7.041600,7.077000,6.918000,7.018000,7.113000,7.082000
60,7,0,7.770800,7.813000,7.787000,7.716000,7.766000,7.772000
60,8,0,7.713200,7.884000,7.729000,7.682000,7.616000,7.655000
60,9,0,7.672200,7.679000,7.720000,7.543000,7.682000,7.737000
60,10,0,6.718200,6.597000,6.740000,6.816000,6.739000,6.699000
60,11,0,7.538800,7.525000,7.486000,7.618000,7.569000,7.496000
60,12,0,7.779000,7.800000,7.752000,7.665000,7.862000,7.816000
60,13,0,7.539600,7.539000,7.557000,7.515000,7.403000,7.684000
60,14,0,7.603600,7.642000,7.508000,7.540000,7.641000,7.687000
60,15,0,7.710600,7.658000,7.656000,7.744000,7.759000,7.736000
60,16,0,7.718400,7.803000,7.660000,7.669000,7.735000,7.725000
60,17,0,7.645200,7.690000,7.623000,7.562000,7.591000,7.760000
60,18,0,7.429600,7.487000,7.390000,7.412000,7.366000,7.493000
60,19,0,7.674800,7.753000,7.602000,7.698000,7.589000,7.732000
60,20,0,7.341600,7.339000,7.417000,7.275000,7.300000,7.377000
60,21,0,7.398000,7.352000,7.340000,7.395000,7.458000,7.445000
60,22,0,7.260000,7.310000,7.159000,7.350000,7.260000,7.221000
60,23,0,7.179400,6.986000,7.032000,7.290000,7.332000,7.257000
60,24,0,7.005200,6.882000,7.023000,7.017000,7.054000,7.050000
60,25,0,7.587400,7.662000,7.619000,7.540000,7.518000,7.598000
60,26,0,7.335200,7.413000,7.247000,7.354000,7.330000,7.332000
60,27,0,7.649400,7.676000,7.557000,7.689000,7.577000,7.748000
60,28,0,7.717400,7.721000,7.663000,7.769000,7.644000,7.790000
60,29,0,7.666000,7.664000,7.628000,7.636000,7.723000,7.679000
60,30,0,7.517800,7.578000,7.474000,7.514000,7.457000,7.566000
60,31,0,7.294000,7.312000,7.372000,7.253000,7.241000,7.292000
60,32,0,7.389400,7.362000,7.345000,7.374000,7.375000,7.491000
60,33,0,7.630400,7.720000,7.602000,7.518000,7.555000,7.757000
60,34,0,6.994400,7.219000,6.962000,6.948000,7.082000,6.761000
60,35,0,7.730000,7.690000,7.712000,7.718000,7.750000,7.780000
60,36,0,7.455600,7.595000,7.432000,7.431000,7.372000,7.448000
60,37,0,7.439800,7.466000,7.389000,7.519000,7.415000,7.410000
60,38,0,7.554200,7.623000,7.454000,7.476000,7.614000,7.604000
60,39,0,7.641800,7.726000,7.613000,7.718000,7.562000,7.590000
60,40,0,7.450400,7.399000,7.439000,7.440000,7.409000,7.565000
60,41,0,7.174800,7.217000,7.088000,7.216000,7.145000,7.208000
60,42,0,7.213600,7.119000,7.249000,7.322000,7.173000,7.205000
60,43,0,7.514000,7.554000,7.376000,7.613000,7.469000,7.558000
60,44,0,7.802400,7.797000,7.793000,7.857000,7.760000,7.805000
60,45,0,7.479600,7.300000,7.519000,7.468000,7.537000,7.574000
60,46,0,7.890600,7.959000,7.858000,7.844000,7.869000,7.923000
60,47,0,7.718400,7.781000,7.689000,7.765000,7.727000,7.630000
60,48,0,7.656400,7.673000,7.695000,7.608000,7.616000,7.690000
60,49,0,7.493200,7.555000,7.476000,7.494000,7.380000,7.561000
60,50,0,7.668800,7.571000,7.643000,7.753000,7.682000,7.695000
60,51,0,7.593600,7.597000,7.670000,7.512000,7.543000,7.646000
60,52,0,7.597400,7.622000,7.712000,7.527000,7.499000,7.627000
60,53,0,6.947000,7.011000,6.942000,6.990000,6.878000,6.914000
60,54,0,7.341600,7.372000,7.274000,7.332000,7.374000,7.356000
60,55,0,7.357600,7.366000,7.088000,7.289000,7.581000,7.464000
60,56,0,7.580200,7.604000,7.548000,7.501000,7.628000,7.620000
60,57,0,7.390200,7.382000,7.362000,7.371000,7.419000,7.417000
60,58,0,7.193200,7.185000,7.240000,7.149000,7.268000,7.124000
60,59,0,7.682600,7.712000,7.719000,7.702000,7.713000,7.567000
60,60,0,7.601600,7.646000,7.527000,7.636000,7.544000,7.655000
60,61,0,7.416000,7.390000,7.391000,7.495000,7.359000,7.445000
60,62,0,7.834200,7.832000,7.943000,7.887000,7.794000,7.715000
60,63,0,7.570000,7.616000,7.551000,7.399000,7.649000,7.635000
60,64,0,7.296400,7.248000,7.173000,7.393000,7.266000,7.402000
60,65,0,7.637800,7.735000,7.694000,7.442000,7.642000,7.676000
60,66,0,7.880400,7.984000,7.874000,7.800000,7.850000,7.894000
60,67,0,7.095600,7.067000,7.082000,7.200000,7.134000,6.995000
60,68,0,7.503000,7.524000,7.552000,7.517000,7.446000,7.476000
60,69,0,7.598000,7.659000,7.552000,7.569000,7.599000,7.611000
60,70,0,7.675600,7.748000,7.695000,7.661000,7.589000,7.685000
60,71,0,7.216800,7.287000,7.091000,7.200000,7.286000,7.220000
60,72,0,7.748000,7.694000,7.722000,7.784000,7.773000,7.767000
60,73,0,7.813200,7.850000,7.747000,7.762000,7.863000,7.844000
60,74,0,7.546200,7.610000,7.584000,7.493000,7.455000,7.589000
60,75,0,7.520600,7.666000,7.597000,7.670000,7.559000,7.111000
60,76,0,7.783400,7.834000,7.759000,7.783000,7.820000,7.721000
60,77,0,7.349000,7.335000,7.366000,7.381000,7.279000,7.384000
60,78,0,7.467600,7.544000,7.453000,7.438000,7.448000,7.455000
60,79,0,7.729800,7.709000,7.747000,7.773000,7.581000,7.839000
60,80,0,7.547200,7.617000,7.379000,7.740000,7.508000,7.492000
60,81,0,7.481400,7.425000,7.471000,7.428000,7.559000,7.524000
60,82,0,7.157000,7.171000,7.089000,7.108000,7.276000,7.141000
60,83,0,7.258600,7.219000,7.277000,7.393000,7.095000,7.309000
60,84,0,7.561400,7.653000,7.559000,7.595000,7.528000,7.472000
60,85,0,7.449600,7.514000,7.354000,7.486000,7.476000,7.418000
60,86,0,7.773800,7.672000,7.744000,7.796000,7.904000,7.753000
60,87,0,7.657000,7.737000,7.527000,7.639000,7.659000,7.723000
60,88,0,7.696600,7.716000,7.733000,7.699000,7.612000,7.723000
60,89,0,7.552000,7.560000,7.574000,7.637000,7.455000,7.534000
60,90,0,7.316400,7.310000,7.337000,7.302000,7.317000,7.316000
60,91,0,7.438000,7.487000,7.404000,7.461000,7.407000,7.431000
60,92,0,7.725000,7.782000,7.660000,7.776000,7.641000,7.766000
60,93,0,7.428200,7.459000,7.300000,7.394000,7.457000,7.531000
60,94,0,7.718200,7.829000,7.662000,7.665000,7.668000,7.767000
60,95,0,7.761600,7.785000,7.690000,7.791000,7.708000,7.834000
60,96,0,7.598400,7.687000,7.532000,7.487000,7.641000,7.645000
60,97,0,7.586600,7.528000,7.585000,7.654000,7.483000,7.683000
60,98,0,7.755800,7.841000,7.802000,7.663000,7.731000,7.742000
60,99,0,7.796200,7.881000,7.729000,7.791000,7.757000,7.823000
61,0,0,7.619400,7.699000,7.650000,7.484000,7.696000,7.568000
61,1,0,7.036800,7.072000,7.020000,6.984000,7.085000,7.023000
61,2,0,7.666000,7.727000,7.708000,7.512000,7.760000,7.623000
61,3,0,7.672400,7.779000,7.764000,7.409000,7.706000,7.704000
61,4,0,7.421000,7.432000,7.398000,7.232000,7.537000,7.506000
61,5,0,7.837000,7.801000,7.945000,7.752000,7.962000,7.725000
61,6,0,7.557800,7.626000,7.583000,7.460000,7.601000,7.519000
61,7,0,7.879200,7.960000,7.976000,7.640000,7.974000,7.846000
61,8,0,7.799200,7.819000,7.820000,7.696000,7.930000,7.731000
61,9,0,7.706000,7.866000,7.795000,7.589000,7.728000,7.552000
61,10,0,7.193000,7.221000,7.250000,7.096000,7.228000,7.170000
61,11,0,7.290000,7.351000,7.298000,7.342000,7.349000,7.110000
61,12,0,7.489600,7.602000,7.442000,7.347000,7.479000,7.578000
61,13,0,7.244800,7.411000,7.359000,7.020000,7.202000,7.232000
61,14,0,7.238000,7.259000,7.253000,7.126000,7.341000,7.211000
61,15,0,7.712600,7.745000,7.773000,7.574000,7.734000,7.737000
61,16,0,7.747600,7.753000,7.812000,7.694000,7.862000,7.617000
61,17,0,7.664200,7.755000,7.658000,7.544000,7.755000,7.609000
61,18,0,7.440600,7.538000,7.482000,7.351000,7.431000,7.401000
61,19,0,7.857600,7.882000,7.897000,7.659000,7.969000,7.881000
61,20,0,6.973200,6.916000,7.097000,6.949000,6.922000,6.982000
61,21,0,7.660400,7.614000,7.726000,7.516000,7.809000,7.637000
61,22,0,7.726200,7.763000,7.737000,7.632000,7.846000,7.653000
61,23,0,7.456800,7.439000,7.541000,7.406000,7.485000,7.413000
61,24,0,7.542800,7.698000,7.682000,7.175000,7.620000,7.539000
61,25,0,7.597200,7.682000,7.680000,7.365000,7.643000,7.616000
61,26,0,7.446600,7.477000,7.458000,7.389000,7.546000,7.363000
61,27,0,7.614600,7.669000,7.699000,7.484000,7.651000,7.570000
61,28,0,7.750600,7.853000,7.857000,7.516000,7.783000,7.744000
61,29,0,7.480400,7.526000,7.665000,7.411000,7.433000,7.367000
61,30,0,7.486800,7.567000,7.646000,7.356000,7.457000,7.408000
61,31,0,7.615200,7.686000,7.712000,7.438000,7.628000,7.612000
61,32,0,7.578600,7.695000,7.581000,7.448000,7.662000,7.507000
61,33,0,7.609600,7.712000,7.643000,7.483000,7.617000,7.593000
61,34,0,7.452200,7.518000,7.591000,7.328000,7.401000,7.423000
61,35,0,7.548800,7.560000,7.554000,7.498000,7.619000,7.513000
61,36,0,7.850000,7.933000,7.977000,7.604000,7.883000,7.853000
61,37,0,7.327000,7.400000,7.302000,7.279000,7.319000,7.335000
61,38,0,7.740000,7.771000,7.831000,7.537000,7.794000,7.767000
61,39,0,7.679000,7.748000,7.791000,7.457000,7.771000,7.628000
61,40,0,7.691400,7.722000,7.850000,7.501000,7.728000,7.656000
61,41,0,7.720400,7.754000,7.712000,7.689000,7.784000,7.663000
61,42,0,7.574400,7.549000,7.672000,7.467000,7.626000,7.558000
61,43,0,7.777800,7.918000,7.739000,7.561000,7.888000,7.783000
61,44,0,7.745400,7.793000,7.762000,7.606000,7.892000,7.674000
61,45,0,7.544400,7.522000,7.697000,7.367000,7.622000,7.514000
61,46,0,7.493800,7.572000,7.562000,7.328000,7.577000,7.430000
61,47,0,7.432000,7.581000,7.607000,6.939000,7.593000,7.440000
61,48,0,7.747800,7.717000,7.815000,7.540000,7.869000,7.798000
61,49,0,7.777200,7.806000,7.873000,7.669000,7.817000,7.721000
61,50,0,7.566800,7.714000,7.671000,7.217000,7.647000,7.585000
61,51,0,7.467000,7.533000,7.382000,7.364000,7.559000,7.497000
61,52,0,7.458600,7.608000,7.548000,7.414000,7.528000,7.195000
61,53,0,7.765600,7.797000,7.802000,7.609000,7.810000,7.810000
61,54,0,7.562600,7.621000,7.653000,7.452000,7.579000,7.508000
61,55,0,7.423800,7.578000,7.580000,7.190000,7.336000,7.435000
61,56,0,7.790800,7.776000,7.904000,7.633000,7.839000,7.802000
61,57,0,7.687400,7.695000,7.744000,7.647000,7.765000,7.586000
61,58,0,7.631400,7.529000,7.845000,7.465000,7.756000,7.562000
61,59,0,7.578400,7.613000,7.637000,7.524000,7.599000,7.519000
61,60,0,7.798200,7.812000,7.934000,7.647000,7.882000,7.716000
61,61,0,7.601200,7.537000,7.623000,7.601000,7.748000,7.497000
61,62,0,7.774000,7.806000,7.832000,7.630000,7.926000,7.676000
61,63,0,7.928600,7.852000,8.050000,7.841000,8.016000,7.884000
61,64,0,7.285400,7.385000,7.328000,7.191000,7.367000,7.156000
61,65,0,7.674000,7.626000,7.734000,7.693000,7.669000,7.648000
61,66,0,7.698200,7.643000,7.858000,7.497000,7.820000,7.673000
61,67,0,7.570000,7.639000,7.714000,7.446000,7.507000,7.544000
61,68,0,7.789600,7.785000,7.816000,7.768000,7.881000,7.698000
61,69,0,7.710800,7.703000,7.851000,7.575000,7.807000,7.618000
61,70,0,7.772600,7.714000,7.918000,7.671000,7.868000,7.692000
61,71,0,7.549600,7.640000,7.630000,7.456000,7.497000,7.525000
61,72,0,7.728400,7.726000,7.855000,7.537000,7.773000,7.751000
61,73,0,7.571200,7.700000,7.529000,7.407000,7.630000,7.590000
61,74,0,7.719200,7.762000,7.684000,7.642000,7.914000,7.594000
61,75,0,7.699600,7.761000,7.698000,7.655000,7.748000,7.636000
61,76,0,7.681400,7.761000,7.754000,7.504000,7.713000,7.675000
61,77,0,7.075600,7.199000,7.165000,6.910000,7.190000,6.914000
61,78,0,7.562600,7.615000,7.713000,7.383000,7.569000,7.533000
61,79,0,7.774200,7.919000,7.835000,7.619000,7.820000,7.678000
61,80,0,7.691200,7.697000,7.775000,7.621000,7.780000,7.583000
61,81,0,7.691800,7.823000,7.793000,7.514000,7.686000,7.643000
61,82,0,7.634800,7.799000,7.669000,7.574000,7.602000,7.530000
61,83,0,7.780200,7.848000,7.803000,7.769000,7.844000,7.637000
61,84,0,6.846200,6.808000,6.923000,6.905000,6.774000,6.821000
61,85,0,7.654600,7.712000,7.789000,7.509000,7.692000,7.571000
61,86,0,7.533400,7.533000,7.540000,7.448000,7.649000,7.497000
61,87,0,7.701600,7.673000,7.810000,7.658000,7.763000,7.604000
61,88,0,7.547400,7.553000,7.709000,7.356000,7.528000,7.591000
61,89,0,7.762000,7.728000,7.959000,7.523000,7.716000,7.884000
61,90,0,7.658600,7.595000,7.737000,7.605000,7.841000,7.515000
61,91,0,7.476200,7.553000,7.538000,7.405000,7.499000,7.386000
61,92,0,7.215600,7.319000,7.352000,7.013000,7.217000,7.177000
61,93,0,7.631800,7.717000,7.781000,7.400000,7.643000,7.618000
61,94,0,7.135400,7.221000,7.260000,7.010000,7.150000,7.036000
61,95,0,7.793200,7.792000,7.895000,7.650000,7.821000,7.808000
61,96,0,7.569600,7.637000,7.555000,7.611000,7.588000,7.457000
61,97,0,7.688200,7.814000,7.779000,7.471000,7.692000,7.685000
61,98,0,7.700200,7.772000,7.767000,7.520000,7.785000,7.657000
61,99,0,7.650800,7.671000,7.730000,7.554000,7.653000,7.646000
62,0,0,7.577400,7.743000,7.552000,7.466000,7.562000,7.564000
62,1,0,7.305400,7.414000,7.287000,7.240000,7.273000,7.313000
62,2,0,7.681200,7.659000,7.627000,7.706000,7.748000,7.666000
62,3,0,7.814800,7.891000,7.808000,7.781000,7.779000,7.815000
62,4,0,7.731800,7.826000,7.686000,7.647000,7.776000,7.724000
62,5,0,7.225800,7.326000,7.200000,7.103000,7.298000,7.202000
62,6,0,7.609400,7.623000,7.561000,7.571000,7.633000,7.659000
62,7,0,7.815400,7.897000,7.690000,7.754000,7.829000,7.907000
62,8,0,7.604000,7.508000,7.689000,7.591000,7.678000,7.554000
62,9,0,7.703400,7.850000,7.580000,7.714000,7.729000,7.644000
62,10,0,7.618400,7.705000,7.476000,7.650000,7.691000,7.570000
62,11,0,7.713800,7.791000,7.692000,7.589000,7.727000,7.770000
62,12,0,7.869200,7.900000,7.780000,7.820000,7.913000,7.933000
62,13,0,7.760200,7.938000,7.673000,7.661000,7.813000,7.716000
62,14,0,7.608600,7.579000,7.526000,7.667000,7.617000,7.654000
62,15,0,7.568000,7.731000,7.443000,7.544000,7.573000,7.549000
62,16,0,7.769800,7.814000,7.680000,7.861000,7.802000,7.692000
62,17,0,7.330600,7.430000,7.301000,7.264000,7.410000,7.248000
62,18,0,7.724000,7.780000,7.711000,7.652000,7.749000,7.728000
62,19,0,7.718800,7.679000,7.800000,7.631000,7.716000,7.768000
62,20,0,6.798800,6.805000,6.723000,6.712000,6.784000,6.970000
62,21,0,7.544000,7.641000,7.468000,7.476000,7.587000,7.548000
62,22,0,7.435600,7.481000,7.341000,7.371000,7.520000,7.465000
62,23,0,7.341400,7.341000,7.349000,7.317000,7.358000,7.342000
62,24,0,7.751000,7.879000,7.611000,7.679000,7.764000,7.822000
62,25,0,7.459800,7.636000,7.320000,7.330000,7.597000,7.416000
62,26,0,7.735800,7.842000,7.737000,7.782000,7.663000,7.655000
62,27,0,7.709200,7.736000,7.805000,7.710000,7.738000,7.557000
62,28,0,7.416200,7.487000,7.327000,7.454000,7.432000,7.381000
62,29,0,7.716800,7.842000,7.672000,7.725000,7.643000,7.702000
62,30,0,7.815600,7.895000,7.729000,7.797000,7.804000,7.853000
62,31,0,7.574400,7.519000,7.631000,7.436000,7.692000,7.594000
62,32,0,7.116200,7.200000,7.141000,7.073000,7.122000,7.045000
62,33,0,7.518800,7.577000,7.408000,7.552000,7.489000,7.568000
62,34,0,7.762600,7.860000,7.612000,7.767000,7.747000,7.827000
62,35,0,7.563000,7.591000,7.582000,7.505000,7.558000,7.579000
62,36,0,7.335000,7.486000,7.284000,7.158000,7.433000,7.314000
62,37,0,7.367600,7.488000,7.233000,7.296000,7.465000,7.356000
62,38,0,7.821800,7.955000,7.660000,7.935000,7.801000,7.758000
62,39,0,7.670200,7.932000,7.471000,7.678000,7.737000,7.533000
62,40,0,7.743800,7.800000,7.627000,7.690000,7.793000,7.809000
62,41,0,7.742800,7.904000,7.735000,7.666000,7.799000,7.610000
62,42,0,7.593800,7.508000,7.547000,7.638000,7.664000,7.612000
62,43,0,7.627400,7.703000,7.503000,7.638000,7.637000,7.656000
62,44,0,7.643000,7.620000,7.615000,7.589000,7.708000,7.683000
62,45,0,7.780800,7.844000,7.762000,7.742000,7.754000,7.802000
62,46,0,7.052000,7.094000,7.080000,7.007000,7.043000,7.036000
62,47,0,7.673600,7.580000,7.824000,7.920000,7.661000,7.383000
62,48,0,7.707800,7.830000,7.670000,7.635000,7.701000,7.703000
62,49,0,7.586200,7.691000,7.484000,7.641000,7.541000,7.574000
62,50,0,7.613800,7.516000,7.588000,7.693000,7.714000,7.558000
62,51,0,6.470800,6.605000,6.351000,6.452000,6.532000,6.414000
62,52,0,7.539400,7.690000,7.474000,7.565000,7.446000,7.522000
62,53,0,7.711600,7.830000,7.658000,7.670000,7.700000,7.700000
62,54,0,7.033200,7.203000,6.937000,6.997000,7.107000,6.922000
62,55,0,7.620200,7.758000,7.622000,7.608000,7.583000,7.530000
62,56,0,7.749200,7.895000,7.612000,7.699000,7.745000,7.795000
62,57,0,7.782000,7.854000,7.727000,7.738000,7.812000,7.779000
62,58,0,7.538400,7.598000,7.322000,7.537000,7.613000,7.622000
62,59,0,7.617800,7.643000,7.550000,7.641000,7.598000,7.657000
62,60,0,7.732600,7.855000,7.646000,7.725000,7.779000,7.658000
62,61,0,7.632200,7.705000,7.615000,7.645000,7.551000,7.645000
62,62,0,7.660200,7.752000,7.536000,7.770000,7.661000,7.582000
62,63,0,7.591200,7.596000,7.678000,7.565000,7.767000,7.350000
62,64,0,7.847600,7.833000,7.811000,7.768000,7.903000,7.923000
62,65,0,7.650800,7.836000,7.465000,7.635000,7.699000,7.619000
62,66,0,7.657000,7.695000,7.765000,7.649000,7.584000,7.592000
62,67,0,7.701800,7.813000,7.570000,7.660000,7.722000,7.744000
62,68,0,7.598400,7.658000,7.502000,7.693000,7.561000,7.578000
62,69,0,7.474200,7.538000,7.477000,7.461000,7.401000,7.494000
62,70,0,7.533200,7.576000,7.394000,7.746000,7.407000,7.543000
62,71,0,7.504200,7.653000,7.435000,7.540000,7.323000,7.570000
62,72,0,7.769600,7.789000,7.865000,7.689000,7.756000,7.749000
62,73,0,7.321600,7.385000,7.262000,7.276000,7.308000,7.377000
62,74,0,7.753600,7.905000,7.647000,7.720000,7.736000,7.760000
62,75,0,7.600200,7.859000,7.440000,7.474000,7.706000,7.522000
62,76,0,7.567600,7.644000,7.435000,7.537000,7.675000,7.547000
62,77,0,7.522400,7.604000,7.474000,7.488000,7.597000,7.449000
62,78,0,7.286600,7.322000,7.307000,7.345000,7.256000,7.203000
62,79,0,7.683800,7.807000,7.620000,7.671000,7.737000,7.584000
62,80,0,7.604600,7.597000,7.649000,7.566000,7.547000,7.664000
62,81,0,7.858800,7.894000,7.880000,7.814000,7.844000,7.862000
62,82,0,6.980000,7.142000,6.779000,6.994000,7.067000,6.918000
62,83,0,7.845400,7.976000,7.768000,7.823000,7.772000,7.888000
62,84,0,7.579200,7.674000,7.488000,7.502000,7.614000,7.618000
62,85,0,7.647200,7.631000,7.642000,7.644000,7.657000,7.662000
62,86,0,7.710800,7.698000,7.688000,7.731000,7.767000,7.670000
62,87,0,7.888200,7.985000,7.854000,7.853000,7.863000,7.886000
62,88,0,7.570800,7.734000,7.564000,7.589000,7.504000,7.463000
62,89,0,7.435800,7.597000,7.362000,7.397000,7.449000,7.374000
62,90,0,7.755200,7.836000,7.666000,7.680000,7.830000,7.764000
62,91,0,7.709000,7.679000,7.720000,7.707000,7.769000,7.670000
62,92,0,7.837000,7.963000,7.703000,7.802000,7.837000,7.880000
62,93,0,7.452000,7.381000,7.520000,7.403000,7.474000,7.482000
62,94,0,7.337800,7.442000,7.420000,7.310000,7.243000,7.274000
62,95,0,7.686000,7.729000,7.625000,7.732000,7.702000,7.642000
62,96,0,7.620200,7.698000,7.462000,7.643000,7.679000,7.619000
62,97,0,7.671800,7.652000,7.652000,7.688000,7.696000,7.671000
62,98,0,7.531800,7.644000,7.484000,7.601000,7.576000,7.354000
62,99,0,7.734600,7.829000,7.704000,7.674000,7.757000,7.709000
63,0,0,7.769800,7.747000,7.673000,7.812000,7.853000,7.764000
63,1,0,7.651200,7.672000,7.536000,7.619000,7.820000,7.609000
63,2,0,7.667000,7.678000,7.560000,7.694000,7.684000,7.719000
63,3,0,7.026600,7.136000,7.095000,7.092000,6.937000,6.873000
63,4,0,7.691800,7.594000,7.679000,7.733000,7.681000,7.772000
63,5,0,7.256600,7.186000,7.368000,7.280000,7.219000,7.230000
63,6,0,7.820800,7.809000,7.794000,7.826000,7.890000,7.785000
63,7,0,7.776400,7.714000,7.754000,7.844000,7.874000,7.696000
63,8,0,7.714000,7.667000,7.679000,7.638000,7.823000,7.763000
63,9,0,7.445400,7.532000,7.473000,7.407000,7.438000,7.377000
63,10,0,7.576600,7.502000,7.644000,7.729000,7.445000,7.563000
63,11,0,7.738400,7.688000,7.766000,7.758000,7.834000,7.646000
63,12,0,7.548200,7.561000,7.512000,7.512000,7.629000,7.527000
63,13,0,7.822800,7.746000,7.753000,7.821000,8.003000,7.791000
63,14,0,7.741600,7.735000,7.711000,7.748000,7.872000,7.642000
63,15,0,7.496600,7.525000,7.511000,7.529000,7.482000,7.436000
63,16,0,7.507400,7.519000,7.497000,7.580000,7.608000,7.333000
63,17,0,7.531400,7.515000,7.453000,7.656000,7.597000,7.436000
63,18,0,7.771400,7.728000,7.686000,7.814000,7.810000,7.819000
63,19,0,7.734800,7.695000,7.748000,7.812000,7.799000,7.620000
63,20,0,7.717200,7.691000,7.718000,7.753000,7.745000,7.679000
63,21,0,7.398600,7.404000,7.466000,7.431000,7.330000,7.362000
63,22,0,7.519400,7.456000,7.515000,7.547000,7.616000,7.463000
63,23,0,7.489000,7.472000,7.522000,7.567000,7.421000,7.463000
63,24,0,7.711000,7.639000,7.703000,7.724000,7.839000,7.650000
63,25,0,7.833200,7.708000,7.856000,7.879000,7.878000,7.845000
63,26,0,7.585000,7.563000,7.513000,7.602000,7.648000,7.599000
63,27,0,7.803400,7.750000,7.771000,7.800000,7.916000,7.780000
63,28,0,7.663400,7.692000,7.488000,7.693000,7.780000,7.664000
63,29,0,7.640400,7.570000,7.701000,7.618000,7.710000,7.603000
63,30,0,7.616400,7.520000,7.590000,7.755000,7.583000,7.634000
63,31,0,7.721600,7.717000,7.781000,7.742000,7.610000,7.758000
63,32,0,7.883800,7.846000,7.869000,7.899000,7.961000,7.844000
63,33,0,7.657600,7.630000,7.732000,7.632000,7.698000,7.596000
63,34,0,7.740800,7.637000,7.699000,7.785000,7.857000,7.726000
63,35,0,6.997200,7.140000,6.824000,7.047000,6.901000,7.074000
63,36,0,7.818400,7.735000,7.748000,7.872000,7.928000,7.809000
63,37,0,7.680800,7.704000,7.715000,7.654000,7.699000,7.632000
63,38,0,7.579200,7.488000,7.591000,7.516000,7.704000,7.597000
63,39,0,7.716400,7.643000,7.738000,7.752000,7.819000,7.630000
63,40,0,7.528600,7.449000,7.577000,7.532000,7.571000,7.514000
63,41,0,7.471000,7.457000,7.509000,7.541000,7.422000,7.426000
63,42,0,7.647600,7.697000,7.641000,7.662000,7.668000,7.570000
63,43,0,7.647800,7.569000,7.584000,7.758000,7.744000,7.584000
63,44,0,7.475200,7.477000,7.454000,7.481000,7.478000,7.486000
63,45,0,7.699600,7.623000,7.646000,7.677000,7.795000,7.757000
63,46,0,7.571200,7.526000,7.572000,7.701000,7.583000,7.474000
63,47,0,7.570400,7.437000,7.548000,7.581000,7.747000,7.539000
63,48,0,7.509000,7.358000,7.463000,7.423000,7.714000,7.587000
63,49,0,7.632200,7.585000,7.781000,7.599000,7.513000,7.683000
63,50,0,7.809600,7.780000,7.744000,7.805000,7.868000,7.851000
63,51,0,7.363000,7.266000,7.478000,7.449000,7.404000,7.218000
63,52,0,7.749400,7.641000,7.708000,7.723000,7.942000,7.733000
63,53,0,7.471200,7.507000,7.382000,7.582000,7.419000,7.466000
63,54,0,7.611000,7.670000,7.540000,7.524000,7.773000,7.548000
63,55,0,7.331000,7.293000,7.295000,7.283000,7.309000,7.475000
63,56,0,7.639200,7.629000,7.646000,7.645000,7.658000,7.618000
63,57,0,7.528200,7.473000,7.481000,7.605000,7.599000,7.483000
63,58,0,7.784000,7.663000,7.729000,7.735000,7.942000,7.851000
63,59,0,7.633000,7.571000,7.518000,7.624000,7.755000,7.697000
63,60,0,7.710800,7.659000,7.718000,7.677000,7.744000,7.756000
63,61,0,7.828200,7.859000,7.808000,7.830000,7.822000,7.822000
63,62,0,7.793000,7.797000,7.768000,7.780000,7.766000,7.854000
63,63,0,7.449600,7.468000,7.522000,7.474000,7.393000,7.391000
63,64,0,7.695800,7.605000,7.631000,7.725000,7.728000,7.790000
63,65,0,7.677400,7.580000,7.579000,7.775000,7.811000,7.642000
63,66,0,7.674800,7.637000,7.772000,7.711000,7.655000,7.599000
63,67,0,7.435800,7.442000,7.396000,7.542000,7.370000,7.429000
63,68,0,7.566200,7.423000,7.588000,7.744000,7.589000,7.487000
63,69,0,7.617800,7.575000,7.601000,7.538000,7.756000,7.619000
63,70,0,7.763400,7.698000,7.726000,7.744000,7.860000,7.789000
63,71,0,7.819000,7.805000,7.753000,7.736000,7.938000,7.863000
63,72,0,7.765600,7.772000,7.797000,7.781000,7.857000,7.621000
63,73,0,7.340000,7.410000,7.348000,7.350000,7.307000,7.285000
63,74,0,7.531800,7.431000,7.539000,7.644000,7.516000,7.529000
63,75,0,7.603200,7.600000,7.683000,7.655000,7.622000,7.456000
63,76,0,7.618400,7.519000,7.679000,7.705000,7.653000,7.536000
63,77,0,6.832400,6.932000,6.857000,6.923000,6.796000,6.654000
63,78,0,7.752000,7.757000,7.659000,7.725000,7.782000,7.837000
63,79,0,7.688200,7.617000,7.650000,7.693000,7.718000,7.763000
63,80,0,7.689400,7.675000,7.527000,7.710000,7.764000,7.771000
63,81,0,7.459000,7.363000,7.438000,7.249000,7.645000,7.600000
63,82,0,6.852200,6.859000,7.020000,6.829000,6.681000,6.872000
63,83,0,7.735000,7.737000,7.656000,7.763000,7.773000,7.746000
63,84,0,7.745400,7.661000,7.715000,7.759000,7.889000,7.703000
63,85,0,7.601200,7.638000,7.600000,7.639000,7.569000,7.560000
63,86,0,7.709000,7.714000,7.682000,7.602000,7.782000,7.765000
63,87,0,7.681400,7.593000,7.573000,7.749000,7.790000,7.702000
63,88,0,7.411800,7.377000,7.517000,7.410000,7.304000,7.451000
63,89,0,7.749800,7.742000,7.696000,7.812000,7.718000,7.781000
63,90,0,6.343000,6.412000,6.390000,6.395000,6.215000,6.303000
63,91,0,7.510200,7.510000,7.533000,7.609000,7.434000,7.465000
63,92,0,7.522000,7.397000,7.395000,7.427000,7.700000,7.691000
63,93,0,7.653000,7.532000,7.625000,7.603000,7.771000,7.734000
63,94,0,7.668200,7.591000,7.731000,7.691000,7.633000,7.695000
63,95,0,7.812000,7.743000,7.744000,7.858000,7.847000,7.868000
63,96,0,7.686000,7.722000,7.616000,7.690000,7.707000,7.695000
63,97,0,7.754200,7.607000,7.738000,7.728000,7.935000,7.763000
63,98,0,7.418600,7.450000,7.421000,7.475000,7.357000,7.390000
63,99,0,7.815600,7.843000,7.796000,7.806000,7.773000,7.860000
64,0,0,7.929800,7.967000,7.844000,7.919000,7.962000,7.957000
64,1,0,7.544600,7.650000,7.576000,7.474000,7.460000,7.563000
64,2,0,7.729800,7.757000,7.684000,7.642000,7.787000,7.779000
64,3,0,7.678800,7.553000,7.690000,7.647000,7.736000,7.768000
64,4,0,7.859800,7.830000,7.793000,7.861000,7.887000,7.928000
64,5,0,7.487000,7.596000,7.493000,7.513000,7.298000,7.535000
64,6,0,7.792800,7.890000,7.709000,7.599000,7.814000,7.952000
64,7,0,7.651400,7.651000,7.604000,7.675000,7.627000,7.700000
64,8,0,7.800800,7.841000,7.781000,7.653000,7.856000,7.873000
64,9,0,7.796400,7.731000,7.750000,7.796000,7.846000,7.859000
64,10,0,7.823200,7.806000,7.703000,7.847000,7.844000,7.916000
64,11,0,7.937200,7.913000,7.924000,7.903000,7.952000,7.994000
64,12,0,7.836400,7.868000,7.832000,7.778000,7.819000,7.885000
64,13,0,7.521200,7.550000,7.469000,7.548000,7.432000,7.607000
64,14,0,7.883200,7.865000,7.772000,7.927000,7.953000,7.899000
64,15,0,7.797600,7.809000,7.711000,7.787000,7.796000,7.885000
64,16,0,7.748000,7.703000,7.621000,7.850000,7.817000,7.749000
64,17,0,7.566200,7.469000,7.542000,7.752000,7.476000,7.592000
64,18,0,7.579800,7.617000,7.538000,7.607000,7.600000,7.537000
64,19,0,7.507800,7.555000,7.487000,7.523000,7.387000,7.587000
64,20,0,7.734000,7.747000,7.746000,7.643000,7.693000,7.841000
64,21,0,7.735000,7.796000,7.686000,7.721000,7.686000,7.786000
64,22,0,6.584600,6.642000,6.374000,6.857000,6.446000,6.604000
64,23,0,7.667600,7.703000,7.506000,7.666000,7.743000,7.720000
64,24,0,7.662800,7.736000,7.683000,7.593000,7.663000,7.639000
64,25,0,7.873800,7.920000,7.842000,7.840000,7.826000,7.941000
64,26,0,7.666400,7.651000,7.661000,7.761000,7.562000,7.697000
64,27,0,7.711000,7.699000,7.580000,7.798000,7.712000,7.766000
64,28,0,7.865800,7.870000,7.812000,7.820000,7.916000,7.911000
64,29,0,7.642200,7.724000,7.499000,7.704000,7.574000,7.710000
64,30,0,7.321200,7.329000,7.318000,7.350000,7.243000,7.366000
64,31,0,7.578200,7.540000,7.427000,7.654000,7.626000,7.644000
64,32,0,7.762600,7.852000,7.686000,7.774000,7.745000,7.756000
64,33,0,7.816400,7.819000,7.781000,7.757000,7.797000,7.928000
64,34,0,7.254200,7.335000,7.188000,7.221000,7.184000,7.343000
64,35,0,7.874600,7.995000,7.819000,7.688000,7.902000,7.969000
64,36,0,7.852600,7.818000,7.912000,7.805000,7.848000,7.880000
64,37,0,7.624000,7.668000,7.585000,7.535000,7.711000,7.621000
64,38,0,7.780400,7.784000,7.720000,7.704000,7.827000,7.867000
64,39,0,7.224600,7.261000,7.261000,7.326000,7.128000,7.147000
64,40,0,7.896200,7.853000,7.811000,7.895000,7.983000,7.939000
64,41,0,7.754000,7.684000,7.767000,7.858000,7.739000,7.722000
64,42,0,7.505200,7.558000,7.519000,7.628000,7.337000,7.484000
64,43,0,7.204200,7.100000,7.212000,7.416000,7.018000,7.275000
64,44,0,7.563000,7.538000,7.564000,7.529000,7.517000,7.667000
64,45,0,7.815400,7.873000,7.694000,7.757000,7.863000,7.890000
64,46,0,7.337600,7.402000,7.141000,7.467000,7.201000,7.477000
64,47,0,7.870000,7.878000,7.762000,7.833000,7.925000,7.952000
64,48,0,7.548600,7.575000,7.426000,7.599000,7.482000,7.661000
64,49,0,7.577000,7.547000,7.526000,7.612000,7.545000,7.655000
64,50,0,7.711800,7.771000,7.702000,7.565000,7.709000,7.812000
64,51,0,7.662000,7.667000,7.579000,7.651000,7.666000,7.747000
64,52,0,7.728000,7.801000,7.678000,7.678000,7.671000,7.812000
64,53,0,7.676400,7.727000,7.552000,7.713000,7.748000,7.642000
64,54,0,7.533400,7.563000,7.439000,7.639000,7.410000,7.616000
64,55,0,7.727800,7.781000,7.698000,7.616000,7.767000,7.777000
64,56,0,7.538600,7.581000,7.543000,7.548000,7.428000,7.593000
64,57,0,7.655000,7.702000,7.619000,7.583000,7.609000,7.762000
64,58,0,7.738000,7.653000,7.780000,7.643000,7.823000,7.791000
64,59,0,7.659800,7.632000,7.683000,7.691000,7.585000,7.708000
64,60,0,7.764800,7.740000,7.716000,7.741000,7.819000,7.808000
64,61,0,7.658200,7.667000,7.720000,7.704000,7.496000,7.704000
64,62,0,7.888600,7.939000,7.798000,7.865000,7.909000,7.932000
64,63,0,7.553800,7.468000,7.637000,7.382000,7.663000,7.619000
64,64,0,7.877000,7.934000,7.728000,7.804000,7.957000,7.962000
64,65,0,7.306400,7.401000,7.217000,7.377000,7.163000,7.374000
64,66,0,7.636600,7.731000,7.572000,7.617000,7.579000,7.684000
64,67,0,7.626800,7.762000,7.590000,7.456000,7.651000,7.675000
64,68,0,7.948800,8.031000,7.823000,7.888000,8.019000,7.983000
64,69,0,7.215600,7.239000,7.217000,7.326000,7.074000,7.222000
64,70,0,7.690000,7.625000,7.733000,7.751000,7.685000,7.656000
64,71,0,7.357600,7.387000,7.445000,7.376000,7.214000,7.366000
64,72,0,7.680200,7.708000,7.737000,7.683000,7.626000,7.647000
64,73,0,7.829800,7.850000,7.784000,7.764000,7.814000,7.937000
64,74,0,7.764600,7.871000,7.672000,7.724000,7.697000,7.859000
64,75,0,7.784400,7.843000,7.620000,7.666000,7.904000,7.889000
64,76,0,7.839400,7.811000,7.724000,7.869000,7.866000,7.927000
64,77,0,6.891000,6.881000,6.805000,6.967000,6.797000,7.005000
64,78,0,7.493200,7.584000,7.456000,7.576000,7.362000,7.488000
64,79,0,7.087800,7.113000,7.080000,7.080000,7.041000,7.125000
64,80,0,7.830000,7.846000,7.787000,7.744000,7.867000,7.906000
64,81,0,7.892400,7.899000,7.887000,7.877000,7.890000,7.909000
64,82,0,7.888400,7.778000,7.913000,7.859000,7.931000,7.961000
64,83,0,7.874600,7.917000,7.813000,7.854000,8.053000,7.736000
64,84,0,7.776200,7.785000,7.697000,7.762000,7.784000,7.853000
64,85,0,7.686800,7.827000,7.510000,7.603000,7.707000,7.787000
64,86,0,7.770600,7.797000,7.650000,7.720000,7.779000,7.907000
64,87,0,7.535600,7.487000,7.655000,7.625000,7.389000,7.522000
64,88,0,7.211200,7.303000,7.176000,7.301000,7.127000,7.149000
64,89,0,7.709400,7.697000,7.792000,7.529000,7.726000,7.803000
64,90,0,6.880400,7.035000,6.767000,6.877000,6.784000,6.939000
64,91,0,7.874000,7.815000,7.806000,7.832000,7.973000,7.944000
64,92,0,7.634400,7.567000,7.618000,7.643000,7.713000,7.631000
64,93,0,7.631600,7.648000,7.598000,7.493000,7.737000,7.682000
64,94,0,7.814000,7.812000,7.682000,7.752000,7.902000,7.922000
64,95,0,7.736800,7.636000,7.697000,7.829000,7.722000,7.800000
64,96,0,7.802200,7.854000,7.902000,7.744000,7.649000,7.862000
64,97,0,7.307600,7.367000,7.265000,7.319000,7.193000,7.394000
64,98,0,7.719600,7.772000,7.725000,7.525000,7.807000,7.769000
64,99,0,7.806800,7.826000,7.696000,7.755000,7.905000,7.852000
65,0,0,7.778600,7.645000,7.911000,7.721000,7.891000,7.725000
65,1,0,7.750200,7.819000,7.809000,7.441000,7.888000,7.794000
65,2,0,7.634600,7.569000,7.771000,7.479000,7.688000,7.666000
65,3,0,7.767600,7.792000,7.710000,7.609000,7.837000,7.890000
65,4,0,7.727200,7.711000,7.681000,7.507000,7.833000,7.904000
65,5,0,7.552800,7.419000,7.718000,7.535000,7.553000,7.539000
65,6,0,7.927800,7.960000,7.934000,7.735000,8.044000,7.966000
65,7,0,7.547800,7.475000,7.644000,7.506000,7.493000,7.621000
65,8,0,7.772400,7.652000,7.886000,7.742000,7.812000,7.770000
65,9,0,7.678400,7.618000,7.729000,7.708000,7.708000,7.629000
65,10,0,7.683600,7.661000,7.591000,7.683000,7.761000,7.722000
65,11,0,7.622800,7.428000,7.669000,7.638000,7.743000,7.636000
65,12,0,7.650800,7.717000,7.562000,7.507000,7.701000,7.767000
65,13,0,7.641600,7.510000,7.698000,7.595000,7.724000,7.681000
65,14,0,7.736200,7.682000,7.768000,7.756000,7.724000,7.751000
65,15,0,7.762000,7.638000,7.859000,7.723000,7.845000,7.745000
65,16,0,7.432800,7.268000,7.534000,7.445000,7.467000,7.450000
65,17,0,7.196400,7.188000,7.177000,7.155000,7.198000,7.264000
65,18,0,7.767200,7.763000,7.842000,7.717000,7.756000,7.758000
65,19,0,7.593800,7.489000,7.626000,7.572000,7.653000,7.629000
65,20,0,7.384800,7.343000,7.471000,7.359000,7.265000,7.486000
65,21,0,7.829000,7.789000,7.791000,7.835000,7.867000,7.863000
65,22,0,7.643600,7.650000,7.753000,7.618000,7.576000,7.621000
65,23,0,7.857200,7.946000,7.818000,7.743000,7.918000,7.861000
65,24,0,7.639200,7.448000,7.669000,7.700000,7.601000,7.778000
65,25,0,7.462200,7.375000,7.541000,7.464000,7.476000,7.455000
65,26,0,7.521400,7.400000,7.539000,7.569000,7.540000,7.559000
65,27,0,7.503200,7.489000,7.657000,7.281000,7.515000,7.574000
65,28,0,7.523200,7.488000,7.655000,7.423000,7.445000,7.605000
65,29,0,7.864400,7.956000,7.608000,7.792000,7.984000,7.982000
65,30,0,7.628400,7.689000,7.549000,7.407000,7.734000,7.763000
65,31,0,7.626200,7.477000,7.722000,7.589000,7.575000,7.768000
65,32,0,7.813400,7.850000,7.715000,7.716000,7.950000,7.836000
65,33,0,7.643000,7.416000,7.792000,7.677000,7.633000,7.697000
65,34,0,7.242600,7.074000,7.310000,7.412000,7.145000,7.272000
65,35,0,7.743400,7.782000,7.789000,7.654000,7.808000,7.684000
65,36,0,7.643400,7.500000,7.709000,7.653000,7.692000,7.663000
65,37,0,7.756600,7.687000,7.872000,7.650000,7.743000,7.831000
65,38,0,7.665000,7.583000,7.762000,7.460000,7.716000,7.804000
65,39,0,7.503400,7.337000,7.620000,7.596000,7.434000,7.530000
65,40,0,7.088400,7.005000,7.154000,7.118000,7.051000,7.114000
65,41,0,7.698000,7.621000,7.710000,7.586000,7.759000,7.814000
65,42,0,7.741600,7.637000,7.809000,7.754000,7.777000,7.731000
65,43,0,7.759800,7.615000,7.850000,7.808000,7.740000,7.786000
65,44,0,7.672800,7.626000,7.753000,7.647000,7.705000,7.633000
65,45,0,7.714200,7.775000,7.755000,7.698000,7.780000,7.563000
65,46,0,7.807400,7.841000,7.824000,7.727000,7.910000,7.735000
65,47,0,7.620800,7.561000,7.524000,7.493000,7.743000,7.783000
65,48,0,7.694600,7.677000,7.781000,7.638000,7.721000,7.656000
65,49,0,7.777600,7.585000,7.798000,7.850000,7.869000,7.786000
65,50,0,7.735400,7.627000,7.823000,7.634000,7.815000,7.778000
65,51,0,7.715000,7.702000,7.799000,7.596000,7.782000,7.696000
65,52,0,7.792400,7.741000,7.753000,7.809000,7.884000,7.775000
65,53,0,7.493400,7.502000,7.164000,7.554000,7.628000,7.619000
65,54,0,7.713400,7.705000,7.621000,7.704000,7.758000,7.779000
65,55,0,7.829000,7.840000,7.840000,7.742000,7.855000,7.868000
65,56,0,7.735600,7.612000,7.814000,7.750000,7.764000,7.738000
65,57,0,7.890400,7.793000,7.906000,7.883000,7.987000,7.883000
65,58,0,7.809400,7.776000,7.827000,7.772000,7.798000,7.874000
65,59,0,7.645600,7.492000,7.703000,7.615000,7.756000,7.662000
65,60,0,7.458400,7.359000,7.629000,7.373000,7.515000,7.416000
65,61,0,7.764400,7.700000,7.798000,7.759000,7.779000,7.786000
65,62,0,7.799800,7.626000,7.775000,7.865000,7.888000,7.845000
65,63,0,7.838400,7.786000,7.729000,7.846000,7.914000,7.917000
65,64,0,7.840800,7.797000,7.791000,7.745000,7.939000,7.932000
65,65,0,7.424600,7.297000,7.538000,7.363000,7.510000,7.415000
65,66,0,7.873800,7.813000,7.843000,7.926000,7.952000,7.835000
65,67,0,7.670000,7.573000,7.641000,7.666000,7.786000,7.684000
65,68,0,7.683000,7.597000,7.776000,7.609000,7.792000,7.641000
65,69,0,7.577200,7.577000,7.621000,7.548000,7.551000,7.589000
65,70,0,7.148400,7.120000,7.241000,7.139000,7.162000,7.080000
65,71,0,7.481000,7.331000,7.563000,7.446000,7.527000,7.538000
65,72,0,7.753000,7.730000,7.705000,7.627000,7.853000,7.850000
65,73,0,7.232800,7.042000,7.300000,7.302000,7.264000,7.256000
65,74,0,7.625000,7.560000,7.642000,7.632000,7.691000,7.600000
65,75,0,7.493600,7.450000,7.704000,7.440000,7.474000,7.400000
65,76,0,7.849000,7.783000,7.847000,7.813000,7.919000,7.883000
65,77,0,7.579000,7.505000,7.561000,7.605000,7.599000,7.625000
65,78,0,7.680400,7.698000,7.672000,7.434000,7.805000,7.793000
65,79,0,7.545600,7.468000,7.670000,7.506000,7.557000,7.527000
65,80,0,7.929400,7.824000,7.968000,7.860000,7.969000,8.026000
65,81,0,7.754600,7.762000,7.731000,7.699000,7.757000,7.824000
65,82,0,7.203800,7.079000,7.320000,7.177000,7.138000,7.305000
65,83,0,7.925800,7.815000,7.957000,7.927000,7.953000,7.977000
65,84,0,7.750600,7.685000,7.794000,7.791000,7.770000,7.713000
65,85,0,7.588800,7.585000,7.605000,7.557000,7.613000,7.584000
65,86,0,7.262200,7.189000,7.278000,7.325000,7.246000,7.273000
65,87,0,7.750200,7.691000,7.766000,7.751000,7.806000,7.737000
65,88,0,7.443800,7.276000,7.511000,7.482000,7.461000,7.489000
65,89,0,7.623000,7.579000,7.711000,7.566000,7.667000,7.592000
65,90,0,7.789800,7.708000,7.806000,7.799000,7.821000,7.815000
65,91,0,7.473800,7.529000,7.440000,7.207000,7.541000,7.652000
65,92,0,7.075200,6.920000,7.195000,7.182000,7.028000,7.051000
65,93,0,7.701400,7.611000,7.807000,7.647000,7.691000,7.751000
65,94,0,7.570000,7.412000,7.650000,7.659000,7.522000,7.607000
65,95,0,7.784400,7.870000,7.711000,7.684000,7.818000,7.839000
65,96,0,7.757400,7.753000,7.739000,7.767000,7.724000,7.804000
65,97,0,7.561800,7.523000,7.635000,7.548000,7.558000,7.545000
65,98,0,7.796400,7.819000,7.803000,7.635000,7.902000,7.823000
65,99,0,6.590000,6.601000,6.778000,6.540000,6.465000,6.566000
66,0,0,7.918600,7.916000,7.792000,7.957000,7.989000,7.939000
66,1,0,7.843200,7.787000,7.754000,7.860000,7.897000,7.918000
66,2,0,7.809600,7.819000,7.737000,7.881000,7.890000,7.721000
66,3,0,7.818800,7.731000,7.729000,7.969000,7.857000,7.808000
66,4,0,7.856600,7.847000,7.762000,7.988000,7.902000,7.784000
66,5,0,7.649000,7.757000,7.406000,7.831000,7.653000,7.598000
66,6,0,7.795200,7.754000,7.787000,7.773000,7.875000,7.787000
66,7,0,7.565400,7.533000,7.492000,7.682000,7.594000,7.526000
66,8,0,6.992200,6.925000,6.927000,7.064000,7.089000,6.956000
66,9,0,7.875600,7.793000,7.729000,7.944000,7.968000,7.944000
66,10,0,7.942200,7.939000,7.879000,7.949000,7.958000,7.986000
66,11,0,7.864600,7.881000,7.750000,7.996000,7.932000,7.764000
66,12,0,7.932200,7.864000,7.804000,7.965000,8.079000,7.949000
66,13,0,7.646200,7.477000,7.651000,7.889000,7.726000,7.488000
66,14,0,7.570200,7.510000,7.571000,7.745000,7.567000,7.458000
66,15,0,7.860400,7.845000,7.764000,7.874000,7.915000,7.904000
66,16,0,7.807400,7.833000,7.730000,7.836000,7.939000,7.699000
66,17,0,7.854200,7.799000,7.754000,7.935000,7.985000,7.798000
66,18,0,7.717400,7.659000,7.704000,7.861000,7.645000,7.718000
66,19,0,7.555600,7.559000,7.550000,7.584000,7.616000,7.469000
66,20,0,7.280600,7.406000,7.082000,7.351000,7.376000,7.188000
66,21,0,7.902200,7.860000,7.872000,7.988000,7.907000,7.884000
66,22,0,7.600200,7.572000,7.510000,7.676000,7.662000,7.581000
66,23,0,7.822000,7.835000,7.574000,7.959000,7.798000,7.944000
66,24,0,7.683800,7.616000,7.485000,7.847000,7.755000,7.716000
66,25,0,7.968800,7.952000,7.888000,8.014000,8.025000,7.965000
66,26,0,7.810600,7.739000,7.848000,7.816000,7.799000,7.851000
66,27,0,7.747400,7.648000,7.624000,7.800000,7.848000,7.817000
66,28,0,7.936000,7.857000,7.862000,8.034000,8.037000,7.890000
66,29,0,7.800400,7.674000,7.834000,7.793000,7.889000,7.812000
66,30,0,7.955000,7.962000,7.838000,8.137000,7.960000,7.878000
66,31,0,7.803200,7.697000,7.631000,8.004000,7.814000,7.870000
66,32,0,7.872600,7.930000,7.840000,7.864000,7.921000,7.808000
66,33,0,7.261600,7.096000,7.215000,7.547000,7.192000,7.258000
66,34,0,7.690400,7.652000,7.598000,7.785000,7.787000,7.630000
66,35,0,7.844800,7.747000,7.848000,7.987000,7.817000,7.825000
66,36,0,7.758800,7.726000,7.810000,7.699000,7.795000,7.764000
66,37,0,7.902200,7.956000,7.801000,7.922000,7.974000,7.858000
66,38,0,7.874800,7.833000,7.765000,7.936000,7.931000,7.909000
66,39,0,7.813800,7.796000,7.761000,7.952000,7.848000,7.712000
66,40,0,7.602400,7.679000,7.547000,7.646000,7.543000,7.597000
66,41,0,7.519800,7.674000,7.352000,7.680000,7.524000,7.369000
66,42,0,7.836400,7.735000,7.689000,7.894000,8.012000,7.852000
66,43,0,7.858600,7.860000,7.750000,7.912000,7.929000,7.842000
66,44,0,7.894200,7.735000,7.875000,7.990000,7.913000,7.958000
66,45,0,7.818800,7.782000,7.762000,7.809000,7.909000,7.832000
66,46,0,7.461400,7.542000,7.380000,7.413000,7.568000,7.404000
66,47,0,7.824600,7.810000,7.528000,7.944000,7.901000,7.940000
66,48,0,7.444800,7.410000,7.423000,7.579000,7.426000,7.386000
66,49,0,7.792800,7.731000,7.714000,7.838000,7.889000,7.792000
66,50,0,7.799000,7.748000,7.794000,7.850000,7.885000,7.718000
66,51,0,7.919400,7.812000,7.910000,7.904000,8.033000,7.938000
66,52,0,7.941200,7.939000,7.819000,8.009000,8.024000,7.915000
66,53,0,7.371400,7.256000,7.293000,7.411000,7.473000,7.424000
66,54,0,7.841400,7.815000,7.721000,7.976000,7.839000,7.856000
66,55,0,7.875400,7.865000,7.851000,7.975000,7.918000,7.768000
66,56,0,7.527400,7.627000,7.399000,7.584000,7.539000,7.488000
66,57,0,7.838000,7.831000,7.832000,7.884000,7.831000,7.812000
66,58,0,7.915200,8.025000,7.822000,8.036000,7.944000,7.749000
66,59,0,7.837800,7.793000,7.778000,7.891000,7.879000,7.848000
66,60,0,7.842600,7.827000,7.685000,7.948000,7.838000,7.915000
66,61,0,7.805400,7.780000,7.700000,7.967000,7.874000,7.706000
66,62,0,7.861400,7.861000,7.691000,7.867000,7.998000,7.890000
66,63,0,7.262600,7.259000,7.129000,7.444000,7.186000,7.295000
66,64,0,7.815800,7.725000,7.722000,7.868000,7.865000,7.899000
66,65,0,7.222400,7.270000,7.097000,7.272000,7.354000,7.119000
66,66,0,7.859000,7.846000,7.831000,7.851000,7.919000,7.848000
66,67,0,7.684800,7.725000,7.580000,7.738000,7.711000,7.670000
66,68,0,7.931800,7.905000,7.883000,7.979000,8.004000,7.888000
66,69,0,8.013200,8.018000,7.825000,8.178000,8.048000,7.997000
66,70,0,7.003600,6.976000,6.948000,7.017000,7.085000,6.992000
66,71,0,7.443600,7.465000,7.356000,7.410000,7.554000,7.433000
66,72,0,7.024000,6.978000,7.008000,6.994000,7.069000,7.071000
66,73,0,7.866400,7.761000,7.788000,8.010000,7.955000,7.818000
66,74,0,7.728000,7.734000,7.581000,7.796000,7.825000,7.704000
66,75,0,7.735600,7.589000,7.711000,7.727000,7.907000,7.744000
66,76,0,7.686800,7.640000,7.634000,7.657000,7.792000,7.711000
66,77,0,7.834400,7.803000,7.705000,7.868000,7.884000,7.912000
66,78,0,7.685400,7.519000,7.737000,7.722000,7.725000,7.724000
66,79,0,7.824800,7.821000,7.688000,7.900000,7.842000,7.873000
66,80,0,7.919600,7.871000,7.816000,7.954000,7.999000,7.958000
66,81,0,7.878800,7.823000,7.757000,8.034000,7.894000,7.886000
66,82,0,7.721400,7.634000,7.718000,7.716000,7.835000,7.704000
66,83,0,7.825000,7.848000,7.669000,7.936000,7.757000,7.915000
66,84,0,8.017200,7.969000,7.987000,8.055000,8.061000,8.014000
66,85,0,7.683000,7.685000,7.613000,7.702000,7.818000,7.597000
66,86,0,7.877600,7.835000,7.833000,7.853000,7.944000,7.923000
66,87,0,7.687800,7.507000,7.717000,7.813000,7.754000,7.648000
66,88,0,7.379000,7.405000,7.341000,7.376000,7.497000,7.276000
66,89,0,7.444800,7.276000,7.185000,7.649000,7.547000,7.567000
66,90,0,7.434600,7.412000,7.265000,7.578000,7.407000,7.511000
66,91,0,7.648000,7.666000,7.583000,7.738000,7.704000,7.549000
66,92,0,7.934000,7.864000,7.875000,7.979000,8.004000,7.948000
66,93,0,7.924400,7.867000,7.781000,8.089000,7.964000,7.921000
66,94,0,7.978800,7.945000,7.931000,8.032000,8.060000,7.926000
66,95,0,7.907200,7.846000,7.804000,7.903000,8.014000,7.969000
66,96,0,7.808000,7.810000,7.742000,7.881000,7.802000,7.805000
66,97,0,7.824800,7.708000,7.765000,7.821000,7.944000,7.886000
66,98,0,7.336400,7.256000,7.319000,7.378000,7.409000,7.320000
66,99,0,7.916000,7.952000,7.787000,8.064000,7.980000,7.797000
67,0,0,7.756400,7.580000,7.898000,7.756000,7.690000,7.858000
67,1,0,7.782400,7.580000,7.937000,7.835000,7.789000,7.771000
67,2,0,7.759600,7.636000,7.846000,7.807000,7.717000,7.792000
67,3,0,7.583200,7.771000,7.435000,7.893000,7.845000,6.972000
67,4,0,7.674600,7.512000,7.837000,7.721000,7.654000,7.649000
67,5,0,7.755200,7.591000,7.846000,7.800000,7.699000,7.840000
67,6,0,7.483400,7.286000,7.557000,7.560000,7.495000,7.519000
67,7,0,7.696800,7.678000,7.757000,7.713000,7.649000,7.687000
67,8,0,7.449000,7.354000,7.426000,7.499000,7.386000,7.580000
67,9,0,7.824000,7.681000,7.802000,7.909000,7.910000,7.818000
67,10,0,7.828600,7.753000,7.814000,7.802000,7.851000,7.923000
67,11,0,7.656800,7.618000,7.760000,7.642000,7.561000,7.703000
67,12,0,7.673200,7.629000,7.697000,7.695000,7.721000,7.624000
67,13,0,7.707400,7.528000,7.816000,7.667000,7.758000,7.768000
67,14,0,7.822800,7.765000,7.842000,7.846000,7.820000,7.841000
67,15,0,7.498000,7.323000,7.630000,7.493000,7.530000,7.514000
67,16,0,7.823800,7.682000,7.876000,7.820000,7.853000,7.888000
67,17,0,7.625400,7.632000,7.622000,7.714000,7.518000,7.641000
67,18,0,7.869600,7.721000,7.957000,7.901000,7.846000,7.923000
67,19,0,7.883200,7.712000,7.936000,7.955000,7.844000,7.969000
67,20,0,7.835800,7.746000,7.807000,7.898000,7.791000,7.937000
67,21,0,7.318800,7.242000,7.403000,7.336000,7.318000,7.295000
67,22,0,7.679600,7.695000,7.717000,7.776000,7.507000,7.703000
67,23,0,7.636200,7.379000,7.804000,7.660000,7.681000,7.657000
67,24,0,7.411600,7.408000,7.487000,7.413000,7.391000,7.359000
67,25,0,7.690400,7.561000,7.678000,7.751000,7.728000,7.734000
67,26,0,8.032400,7.971000,8.062000,8.084000,8.003000,8.042000
67,27,0,7.836400,7.802000,7.844000,7.863000,7.800000,7.873000
67,28,0,7.752800,7.713000,7.803000,7.786000,7.702000,7.760000
67,29,0,7.725800,7.567000,7.846000,7.781000,7.757000,7.678000
67,30,0,7.537400,7.456000,7.573000,7.573000,7.554000,7.531000
67,31,0,7.777200,7.720000,7.804000,7.807000,7.754000,7.801000
67,32,0,7.608200,7.505000,7.715000,7.583000,7.574000,7.664000
67,33,0,7.978000,7.851000,8.087000,8.007000,7.983000,7.962000
67,34,0,7.773600,7.836000,7.779000,7.787000,7.710000,7.756000
67,35,0,7.168000,7.160000,7.305000,7.217000,7.028000,7.130000
67,36,0,7.481200,7.451000,7.602000,7.408000,7.444000,7.501000
67,37,0,7.381000,7.373000,7.464000,7.544000,7.217000,7.307000
67,38,0,7.543800,7.571000,7.554000,7.571000,7.486000,7.537000
67,39,0,7.862800,7.769000,7.878000,7.932000,7.882000,7.853000
67,40,0,7.675000,7.679000,7.618000,7.692000,7.604000,7.782000
67,41,0,7.676400,7.567000,7.664000,7.708000,7.740000,7.703000
67,42,0,7.643800,7.645000,7.601000,7.694000,7.650000,7.629000
67,43,0,7.808000,7.671000,7.913000,7.862000,7.792000,7.802000
67,44,0,7.694200,7.626000,7.772000,7.702000,7.656000,7.715000
67,45,0,7.282200,7.326000,7.379000,7.233000,7.237000,7.236000
67,46,0,7.770200,7.721000,7.815000,7.808000,7.748000,7.759000
67,47,0,7.713000,7.514000,7.823000,7.739000,7.715000,7.774000
67,48,0,6.835600,6.867000,6.814000,6.796000,6.748000,6.953000
67,49,0,7.738400,7.814000,7.758000,7.829000,7.645000,7.646000
67,50,0,7.656200,7.616000,7.737000,7.615000,7.542000,7.771000
67,51,0,7.782000,7.665000,7.730000,7.812000,7.881000,7.822000
67,52,0,7.877200,7.757000,7.977000,7.898000,7.902000,7.852000
67,53,0,7.736800,7.718000,7.803000,7.791000,7.707000,7.665000
67,54,0,7.821600,7.724000,7.884000,7.917000,7.725000,7.858000
67,55,0,7.696600,7.593000,7.737000,7.818000,7.644000,7.691000
67,56,0,7.719400,7.641000,7.818000,7.742000,7.741000,7.655000
67,57,0,7.738200,7.728000,7.663000,7.798000,7.737000,7.765000
67,58,0,7.262000,7.192000,7.316000,7.206000,7.323000,7.273000
67,59,0,7.800800,7.685000,7.891000,7.896000,7.719000,7.813000
67,60,0,7.898200,7.868000,7.945000,7.891000,7.860000,7.927000
67,61,0,7.861200,7.602000,7.940000,7.920000,7.923000,7.921000
67,62,0,7.573400,7.565000,7.694000,7.678000,7.386000,7.544000
67,63,0,7.668200,7.638000,7.753000,7.685000,7.644000,7.621000
67,64,0,7.773800,7.742000,7.808000,7.760000,7.801000,7.758000
67,65,0,7.853600,7.727000,7.925000,7.920000,7.819000,7.877000
67,66,0,6.891000,6.888000,6.995000,6.842000,6.796000,6.934000
67,67,0,7.784400,7.724000,7.745000,7.827000,7.732000,7.894000
67,68,0,7.827200,7.782000,7.796000,7.933000,7.769000,7.856000
67,69,0,7.826000,7.711000,7.919000,7.859000,7.812000,7.829000
67,70,0,7.831000,7.749000,7.885000,7.919000,7.740000,7.862000
67,71,0,7.760400,7.776000,7.812000,7.749000,7.682000,7.783000
67,72,0,7.858800,7.761000,7.942000,7.830000,7.855000,7.906000
67,73,0,7.553400,7.490000,7.630000,7.565000,7.506000,7.576000
67,74,0,7.832800,7.807000,7.858000,7.916000,7.769000,7.814000
67,75,0,7.848800,7.741000,7.910000,7.868000,7.832000,7.893000
67,76,0,7.740800,7.644000,7.667000,7.804000,7.848000,7.741000
67,77,0,7.811600,7.737000,7.862000,7.765000,7.823000,7.871000
67,78,0,7.156000,7.024000,7.209000,7.246000,7.103000,7.198000
67,79,0,7.225000,7.133000,7.290000,7.234000,7.284000,7.184000
67,80,0,7.775800,7.692000,7.690000,7.758000,7.877000,7.862000
67,81,0,7.530000,7.350000,7.636000,7.507000,7.586000,7.571000
67,82,0,7.693000,7.664000,7.639000,7.657000,7.660000,7.845000
67,83,0,7.609000,7.519000,7.725000,7.638000,7.545000,7.618000
67,84,0,7.662800,7.594000,7.715000,7.689000,7.594000,7.722000
67,85,0,7.549400,7.641000,7.606000,7.377000,7.831000,7.292000
67,86,0,7.401600,7.425000,7.511000,7.366000,7.296000,7.410000
67,87,0,7.838400,7.740000,7.946000,7.771000,7.862000,7.873000
67,88,0,7.074800,7.011000,7.125000,7.015000,7.037000,7.186000
67,89,0,7.757600,7.706000,7.705000,7.893000,7.730000,7.754000
67,90,0,7.662200,7.670000,7.721000,7.700000,7.600000,7.620000
67,91,0,7.713600,7.612000,7.788000,7.731000,7.740000,7.697000
67,92,0,7.761400,7.727000,7.803000,7.832000,7.704000,7.741000
67,93,0,7.708800,7.644000,7.705000,7.656000,7.800000,7.739000
67,94,0,7.758600,7.703000,7.867000,7.769000,7.722000,7.732000
67,95,0,7.841600,7.833000,7.927000,7.842000,7.766000,7.840000
67,96,0,7.691400,7.582000,7.863000,7.731000,7.639000,7.642000
67,97,0,7.744200,7.611000,7.816000,7.757000,7.716000,7.821000
67,98,0,7.667000,7.668000,7.750000,7.681000,7.593000,7.643000
67,99,0,7.899000,7.883000,7.859000,7.964000,7.892000,7.897000
68,0,0,7.769200,7.704000,7.853000,7.735000,7.654000,7.900000
68,1,0,7.731600,7.619000,7.907000,7.696000,7.670000,7.766000
68,2,0,7.850200,7.681000,7.856000,7.890000,7.849000,7.975000
68,3,0,7.876400,7.896000,7.883000,7.756000,7.924000,7.923000
68,4,0,7.312600,7.286000,7.497000,7.249000,7.272000,7.259000
68,5,0,7.365600,7.307000,7.563000,7.247000,7.353000,7.358000
68,6,0,7.514200,7.524000,7.522000,7.452000,7.530000,7.543000
68,7,0,7.861600,7.803000,7.980000,7.756000,7.810000,7.959000
68,8,0,7.982600,7.869000,8.105000,7.987000,7.890000,8.062000
68,9,0,7.679000,7.755000,7.762000,7.456000,7.755000,7.667000
68,10,0,7.913000,7.880000,7.941000,7.945000,7.813000,7.986000
68,11,0,7.841800,7.699000,7.948000,7.860000,7.833000,7.869000
68,12,0,7.236400,7.257000,7.282000,7.242000,7.024000,7.377000
68,13,0,7.290800,7.301000,7.373000,7.030000,7.365000,7.385000
68,14,0,7.351200,7.294000,7.462000,7.374000,7.324000,7.302000
68,15,0,7.981000,7.920000,7.973000,8.030000,7.958000,8.024000
68,16,0,7.555800,7.484000,7.663000,7.577000,7.479000,7.576000
68,17,0,7.667800,7.456000,7.788000,7.541000,7.749000,7.805000
68,18,0,7.835400,7.648000,7.920000,7.811000,7.900000,7.898000
68,19,0,7.908400,7.812000,7.982000,7.843000,7.924000,7.981000
68,20,0,7.997800,7.856000,8.013000,8.010000,8.021000,8.089000
68,21,0,7.774800,7.709000,7.760000,7.768000,7.735000,7.902000
68,22,0,7.692600,7.626000,7.738000,7.760000,7.554000,7.785000
68,23,0,7.650200,7.749000,7.665000,7.533000,7.630000,7.674000
68,24,0,7.643200,7.584000,7.804000,7.541000,7.578000,7.709000
68,25,0,7.882200,7.722000,7.947000,7.869000,7.971000,7.902000
68,26,0,7.618000,7.396000,7.709000,7.608000,7.601000,7.776000
68,27,0,7.120600,7.241000,7.043000,7.071000,7.091000,7.157000
68,28,0,7.865000,7.750000,7.875000,7.970000,7.759000,7.971000
68,29,0,7.699600,7.615000,7.792000,7.585000,7.700000,7.806000
68,30,0,7.703000,7.686000,7.805000,7.574000,7.577000,7.873000
68,31,0,7.618000,7.553000,7.754000,7.511000,7.511000,7.761000
68,32,0,7.675800,7.720000,7.743000,7.600000,7.585000,7.731000
68,33,0,7.922000,7.842000,7.969000,7.871000,7.895000,8.033000
68,34,0,7.404200,7.432000,7.520000,7.334000,7.332000,7.403000
68,35,0,7.706800,7.709000,7.903000,7.710000,7.600000,7.612000
68,36,0,7.909000,7.837000,7.971000,7.918000,7.900000,7.919000
68,37,0,7.894800,7.786000,8.001000,7.820000,7.894000,7.973000
68,38,0,7.961400,7.874000,7.954000,7.960000,8.056000,7.963000
68,39,0,7.934200,7.965000,7.999000,7.876000,7.771000,8.060000
68,40,0,7.548400,7.543000,7.602000,7.482000,7.406000,7.709000
68,41,0,7.877200,7.843000,7.852000,7.768000,7.915000,8.008000
68,42,0,7.822200,7.816000,7.847000,7.818000,7.731000,7.899000
68,43,0,7.507600,7.362000,7.759000,7.384000,7.531000,7.502000
68,44,0,7.831000,7.635000,7.935000,7.837000,7.814000,7.934000
68,45,0,7.693200,7.428000,7.808000,7.712000,7.767000,7.751000
68,46,0,7.913200,7.731000,8.000000,7.994000,7.875000,7.966000
68,47,0,7.940000,7.992000,7.833000,8.008000,7.839000,8.028000
68,48,0,7.665600,7.506000,7.775000,7.656000,7.653000,7.738000
68,49,0,7.858400,7.616000,8.019000,7.874000,7.909000,7.874000
68,50,0,7.906000,7.786000,7.983000,7.846000,7.915000,8.000000
68,51,0,7.877800,7.837000,7.949000,7.835000,7.835000,7.933000
68,52,0,7.523200,7.406000,7.660000,7.406000,7.565000,7.579000
68,53,0,7.379800,7.459000,7.528000,7.228000,7.249000,7.435000
68,54,0,7.855000,7.792000,7.843000,7.887000,7.771000,7.982000
68,55,0,7.702200,7.798000,7.721000,7.528000,7.668000,7.796000
68,56,0,7.329000,7.376000,7.428000,7.280000,7.248000,7.313000
68,57,0,7.512600,7.489000,7.560000,7.417000,7.471000,7.626000
68,58,0,7.810800,7.712000,7.789000,7.926000,7.733000,7.894000
68,59,0,7.179600,7.188000,7.198000,7.066000,7.161000,7.285000
68,60,0,7.718200,7.587000,7.846000,7.615000,7.809000,7.734000
68,61,0,7.856000,7.748000,7.979000,7.801000,7.882000,7.870000
68,62,0,7.717600,7.780000,7.777000,7.611000,7.652000,7.768000
68,63,0,7.928800,7.915000,7.920000,7.842000,7.940000,8.027000
68,64,0,8.000000,7.875000,8.080000,7.979000,8.021000,8.045000
68,65,0,7.832200,7.710000,7.891000,7.871000,7.717000,7.972000
68,66,0,7.727000,7.597000,7.781000,7.691000,7.758000,7.808000
68,67,0,7.939200,7.958000,7.876000,7.969000,7.924000,7.969000
68,68,0,7.903400,7.847000,7.923000,7.956000,7.922000,7.869000
68,69,0,7.881800,7.620000,8.023000,7.953000,7.912000,7.901000
68,70,0,7.620000,7.710000,7.640000,7.466000,7.618000,7.666000
68,71,0,7.885800,7.804000,7.878000,7.832000,7.903000,8.012000
68,72,0,7.449200,7.428000,7.589000,7.362000,7.361000,7.506000
68,73,0,7.947800,7.986000,7.919000,7.909000,7.854000,8.071000
68,74,0,7.589800,7.532000,7.704000,7.524000,7.592000,7.597000
68,75,0,7.644800,7.639000,7.755000,7.507000,7.644000,7.679000
68,76,0,7.732400,7.663000,7.757000,7.563000,7.750000,7.929000
68,77,0,7.681400,7.285000,7.910000,7.656000,7.861000,7.695000
68,78,0,7.736600,7.698000,7.948000,7.723000,7.538000,7.776000
68,79,0,7.751000,7.679000,7.742000,7.727000,7.741000,7.866000
68,80,0,7.545600,7.390000,7.593000,7.662000,7.508000,7.575000
68,81,0,7.774000,7.779000,7.755000,7.757000,7.723000,7.856000
68,82,0,7.629800,7.624000,7.723000,7.547000,7.575000,7.680000
68,83,0,7.609000,7.640000,7.676000,7.359000,7.663000,7.707000
68,84,0,7.746400,7.616000,7.784000,7.662000,7.780000,7.890000
68,85,0,7.697800,7.696000,7.746000,7.699000,7.565000,7.783000
68,86,0,7.832800,7.918000,7.736000,7.924000,7.758000,7.828000
68,87,0,7.397600,7.377000,7.445000,7.211000,7.424000,7.531000
68,88,0,7.913400,7.891000,7.893000,7.890000,7.963000,7.930000
68,89,0,7.272800,7.283000,7.268000,7.242000,7.279000,7.292000
68,90,0,7.788000,7.596000,7.911000,7.777000,7.843000,7.813000
68,91,0,7.638800,7.544000,7.777000,7.517000,7.656000,7.700000
68,92,0,7.692800,7.607000,7.816000,7.620000,7.644000,7.777000
68,93,0,7.667400,7.604000,7.743000,7.631000,7.586000,7.773000
68,94,0,7.771800,7.759000,7.783000,7.569000,7.840000,7.908000
68,95,0,7.647800,7.372000,7.842000,7.605000,7.746000,7.674000
68,96,0,7.656200,7.741000,7.573000,7.810000,7.373000,7.784000
68,97,0,7.708200,7.704000,7.680000,7.620000,7.741000,7.796000
68,98,0,7.851600,7.721000,7.897000,7.858000,7.772000,8.010000
68,99,0,7.207600,6.851000,7.643000,7.012000,7.167000,7.365000
69,0,0,7.881400,7.750000,7.785000,7.877000,7.965000,8.030000
69,1,0,7.299200,7.254000,7.221000,7.281000,7.433000,7.307000
69,2,0,7.669600,7.685000,7.655000,7.671000,7.670000,7.667000
69,3,0,7.933400,7.842000,7.849000,7.973000,8.032000,7.971000
69,4,0,7.608800,7.572000,7.459000,7.712000,7.791000,7.510000
69,5,0,7.699800,7.717000,7.508000,7.779000,7.791000,7.704000
69,6,0,7.524200,7.566000,7.474000,7.508000,7.507000,7.566000
69,7,0,7.716400,7.689000,7.627000,7.749000,7.765000,7.752000
69,8,0,7.838600,7.696000,7.757000,7.889000,7.970000,7.881000
69,9,0,7.854000,7.579000,7.888000,7.772000,8.008000,8.023000
69,10,0,7.688600,7.771000,7.682000,7.733000,7.722000,7.535000
69,11,0,7.111400,6.956000,7.008000,7.212000,7.157000,7.224000
69,12,0,7.755400,7.706000,7.560000,7.831000,7.843000,7.837000
69,13,0,7.951800,7.658000,7.987000,8.002000,8.010000,8.102000
69,14,0,7.742000,7.682000,7.652000,7.851000,7.611000,7.914000
69,15,0,7.958800,7.861000,7.899000,7.989000,8.028000,8.017000
69,16,0,7.626000,7.594000,7.581000,7.710000,7.652000,7.593000
69,17,0,7.808000,7.542000,7.898000,7.870000,7.785000,7.945000
69,18,0,7.817000,7.717000,7.799000,7.847000,7.939000,7.783000
69,19,0,7.564200,7.449000,7.445000,7.771000,7.499000,7.657000
69,20,0,7.888200,7.676000,7.859000,7.929000,7.965000,8.012000
69,21,0,7.801200,7.758000,7.769000,7.963000,7.745000,7.771000
69,22,0,7.820200,7.554000,7.847000,7.815000,7.935000,7.950000
69,23,0,7.891600,7.789000,7.816000,7.906000,8.016000,7.931000
69,24,0,7.570400,7.346000,7.800000,7.505000,7.630000,7.571000
69,25,0,7.893200,7.679000,7.824000,8.046000,7.974000,7.943000
69,26,0,7.511600,7.483000,7.493000,7.550000,7.495000,7.537000
69,27,0,7.700400,7.582000,7.724000,7.698000,7.721000,7.777000
69,28,0,7.806000,7.803000,7.576000,7.871000,7.906000,7.874000
69,29,0,7.462200,7.385000,7.349000,7.491000,7.533000,7.553000
69,30,0,7.639200,7.591000,7.652000,7.649000,7.693000,7.611000
69,31,0,7.490800,7.437000,7.448000,7.488000,7.517000,7.564000
69,32,0,7.884600,7.702000,7.807000,7.907000,8.043000,7.964000
69,33,0,7.794600,7.665000,7.666000,7.901000,7.917000,7.824000
69,34,0,7.763800,7.635000,7.625000,7.824000,7.860000,7.875000
69,35,0,7.906800,7.856000,7.783000,7.976000,8.032000,7.887000
69,36,0,7.488400,7.417000,7.489000,7.411000,7.660000,7.465000
69,37,0,7.895600,7.667000,7.878000,7.919000,8.063000,7.951000
69,38,0,7.870600,7.800000,7.735000,8.006000,7.951000,7.861000
69,39,0,7.649600,7.552000,7.624000,7.650000,7.758000,7.664000
69,40,0,7.697400,7.609000,7.629000,7.704000,7.853000,7.692000
69,41,0,7.552400,7.518000,7.507000,7.588000,7.562000,7.587000
69,42,0,7.625400,7.625000,7.595000,7.600000,7.568000,7.739000
69,43,0,7.915000,7.754000,7.965000,7.927000,7.942000,7.987000
69,44,0,7.669000,7.614000,7.602000,7.774000,7.618000,7.737000
69,45,0,7.802400,7.533000,7.781000,7.823000,7.888000,7.987000
69,46,0,7.578200,7.576000,7.531000,7.502000,7.624000,7.658000
69,47,0,7.773600,7.649000,7.715000,7.848000,7.825000,7.831000
69,48,0,7.825600,7.781000,7.688000,7.871000,7.905000,7.883000
69,49,0,7.738800,7.749000,7.678000,7.768000,7.765000,7.734000
69,50,0,7.798000,7.755000,7.712000,7.861000,7.834000,7.828000
69,51,0,7.297800,7.227000,7.244000,7.360000,7.332000,7.326000
69,52,0,7.891400,7.761000,7.700000,8.027000,7.939000,8.030000
69,53,0,7.449400,7.326000,7.333000,7.536000,7.461000,7.591000
69,54,0,7.664200,7.534000,7.560000,7.744000,7.773000,7.710000
69,55,0,7.913000,7.724000,7.916000,7.885000,8.048000,7.992000
69,56,0,7.574400,7.481000,7.504000,7.634000,7.635000,7.618000
69,57,0,7.687200,7.605000,7.679000,7.785000,7.672000,7.695000
69,58,0,7.860200,7.685000,7.738000,7.824000,7.969000,8.085000
69,59,0,7.369600,7.383000,7.218000,7.466000,7.302000,7.479000
69,60,0,7.812800,7.762000,7.736000,7.841000,7.921000,7.804000
69,61,0,7.958400,7.801000,7.855000,8.112000,8.001000,8.023000
69,62,0,7.924600,7.901000,7.847000,8.028000,7.855000,7.992000
69,63,0,7.804600,7.685000,7.720000,7.957000,7.898000,7.763000
69,64,0,7.687400,7.585000,7.635000,7.759000,7.847000,7.611000
69,65,0,7.801000,7.775000,7.710000,7.812000,7.907000,7.801000
69,66,0,8.007200,7.893000,7.972000,8.039000,8.115000,8.017000
69,67,0,6.516600,6.372000,6.461000,6.603000,6.507000,6.640000
69,68,0,7.698600,7.636000,7.623000,7.603000,7.878000,7.753000
69,69,0,7.506000,7.433000,7.413000,7.593000,7.521000,7.570000
69,70,0,7.794400,7.834000,7.620000,7.759000,7.921000,7.838000
69,71,0,7.770000,7.593000,7.707000,7.780000,7.988000,7.782000
69,72,0,7.781400,7.790000,7.720000,7.814000,7.860000,7.723000
69,73,0,7.711200,7.596000,7.616000,7.746000,7.804000,7.794000
69,74,0,7.722000,7.644000,7.685000,7.793000,7.716000,7.772000
69,75,0,7.101600,7.072000,6.985000,7.168000,7.328000,6.955000
69,76,0,7.888400,7.895000,7.790000,7.898000,7.900000,7.959000
69,77,0,7.864000,7.780000,7.784000,7.918000,7.948000,7.890000
69,78,0,7.913000,7.814000,7.823000,8.016000,7.947000,7.965000
69,79,0,7.989600,7.781000,7.960000,8.046000,8.031000,8.130000
69,80,0,7.845000,7.702000,7.808000,7.892000,7.916000,7.907000
69,81,0,7.812800,7.746000,7.757000,7.840000,7.894000,7.827000
69,82,0,7.918400,7.819000,7.834000,7.963000,8.008000,7.968000
69,83,0,7.980600,7.826000,7.915000,8.023000,8.082000,8.057000
69,84,0,7.720800,7.601000,7.648000,7.816000,7.787000,7.752000
69,85,0,7.841400,7.659000,7.813000,7.910000,7.896000,7.929000
69,86,0,7.439200,7.356000,7.394000,7.485000,7.534000,7.427000
69,87,0,7.430000,7.252000,7.493000,7.634000,7.454000,7.317000
69,88,0,7.654200,7.637000,7.593000,7.682000,7.731000,7.628000
69,89,0,7.931000,7.728000,7.928000,8.028000,7.935000,8.036000
69,90,0,7.696800,7.477000,7.549000,7.768000,7.846000,7.844000
69,91,0,7.556000,7.571000,7.437000,7.511000,7.697000,7.564000
69,92,0,7.827600,7.748000,7.802000,7.855000,7.872000,7.861000
69,93,0,8.007200,7.879000,7.973000,8.073000,8.085000,8.026000
69,94,0,7.484200,7.434000,7.354000,7.487000,7.633000,7.513000
69,95,0,7.925800,7.843000,7.874000,7.978000,7.961000,7.973000
69,96,0,7.556400,7.498000,7.571000,7.538000,7.601000,7.574000
69,97,0,7.785600,7.720000,7.687000,7.867000,7.884000,7.770000
69,98,0,7.876800,7.793000,7.846000,7.904000,7.929000,7.912000
69,99,0,7.866200,7.633000,7.804000,7.979000,8.066000,7.849000
70,0,0,8.045600,8.001000,8.107000,8.072000,7.926000,8.122000
70,1,0,7.356400,7.351000,7.483000,7.394000,7.240000,7.314000
70,2,0,7.543600,7.365000,7.589000,7.630000,7.411000,7.723000
70,3,0,7.769800,7.673000,7.795000,7.780000,7.719000,7.882000
70,4,0,7.935200,7.890000,8.002000,7.884000,7.921000,7.979000
70,5,0,7.849800,7.884000,7.771000,7.770000,7.855000,7.969000
70,6,0,7.878800,7.826000,7.887000,7.955000,7.799000,7.927000
70,7,0,7.837800,7.866000,7.963000,7.875000,7.687000,7.798000
70,8,0,7.665000,7.657000,7.638000,7.728000,7.599000,7.703000
70,9,0,7.872200,7.967000,7.867000,7.849000,7.751000,7.927000
70,10,0,7.813000,7.808000,7.860000,7.827000,7.691000,7.879000
70,11,0,7.929400,8.025000,8.068000,7.912000,7.815000,7.827000
70,12,0,7.900800,7.839000,7.948000,7.973000,7.764000,7.980000
70,13,0,7.833600,7.665000,7.963000,7.831000,7.752000,7.957000
70,14,0,8.032600,8.001000,8.117000,8.121000,7.932000,7.992000
70,15,0,7.952600,7.989000,7.946000,7.948000,7.824000,8.056000
70,16,0,7.944400,8.033000,7.958000,7.949000,7.817000,7.965000
70,17,0,7.948000,7.966000,7.930000,7.994000,7.851000,7.999000
70,18,0,7.930200,7.921000,7.979000,7.863000,7.846000,8.042000
70,19,0,7.103000,6.987000,7.195000,7.123000,7.012000,7.198000
70,20,0,7.976800,8.068000,7.914000,7.965000,7.850000,8.087000
70,21,0,7.822400,7.790000,7.793000,7.870000,7.653000,8.006000
70,22,0,7.891800,7.808000,7.941000,7.904000,7.874000,7.932000
70,23,0,7.300200,7.167000,7.310000,7.370000,7.252000,7.402000
70,24,0,7.953800,8.021000,8.018000,7.949000,7.849000,7.932000
70,25,0,7.853200,7.878000,7.894000,7.806000,7.712000,7.976000
70,26,0,8.029200,7.972000,8.019000,8.043000,8.037000,8.075000
70,27,0,7.922800,7.889000,7.915000,8.018000,7.844000,7.948000
70,28,0,7.972000,7.999000,7.973000,8.019000,7.830000,8.039000
70,29,0,7.891400,7.924000,7.996000,7.945000,7.697000,7.895000
70,30,0,7.751600,7.756000,7.756000,7.860000,7.653000,7.733000
70,31,0,8.016200,8.072000,8.002000,8.003000,7.919000,8.085000
70,32,0,7.844800,7.791000,7.853000,7.814000,7.809000,7.957000
70,33,0,7.875800,7.914000,7.815000,7.903000,7.761000,7.986000
70,34,0,7.740600,7.750000,7.854000,7.831000,7.637000,7.631000
70,35,0,7.911200,7.894000,7.932000,7.860000,7.868000,8.002000
70,36,0,7.864800,7.751000,7.918000,7.907000,7.816000,7.932000
70,37,0,7.900000,7.968000,7.897000,7.958000,7.825000,7.852000
70,38,0,7.836600,7.949000,7.923000,7.545000,7.785000,7.981000
70,39,0,7.850600,7.779000,7.894000,7.865000,7.718000,7.997000
70,40,0,6.888400,6.747000,6.883000,7.105000,6.791000,6.916000
70,41,0,7.840600,7.781000,7.831000,7.891000,7.848000,7.852000
70,42,0,7.895000,7.918000,7.893000,7.966000,7.754000,7.944000
70,43,0,7.932600,7.983000,7.919000,7.959000,7.780000,8.022000
70,44,0,7.794000,7.970000,7.888000,7.767000,7.534000,7.811000
70,45,0,7.959000,7.909000,7.908000,8.043000,7.892000,8.043000
70,46,0,7.691400,7.600000,7.714000,7.791000,7.673000,7.679000
70,47,0,7.880200,7.837000,7.913000,7.924000,7.860000,7.867000
70,48,0,7.919400,7.818000,7.937000,7.928000,7.928000,7.986000
70,49,0,7.850600,7.780000,7.881000,7.860000,7.830000,7.902000
70,50,0,7.235400,7.098000,7.320000,7.314000,7.079000,7.366000
70,51,0,8.037400,8.039000,8.017000,8.046000,7.976000,8.109000
70,52,0,7.790000,7.579000,7.923000,7.873000,7.691000,7.884000
70,53,0,7.883600,7.906000,7.952000,7.793000,7.900000,7.867000
70,54,0,7.785800,7.794000,7.797000,7.846000,7.613000,7.879000
70,55,0,7.955200,8.016000,8.039000,7.797000,7.833000,8.091000
70,56,0,8.011200,8.064000,8.047000,8.006000,7.941000,7.998000
70,57,0,7.565400,7.453000,7.626000,7.665000,7.406000,7.677000
70,58,0,7.814600,7.888000,7.811000,7.759000,7.769000,7.846000
70,59,0,7.794600,7.845000,7.819000,7.786000,7.653000,7.870000
70,60,0,7.473800,7.285000,7.495000,7.446000,7.560000,7.583000
70,61,0,7.550000,7.559000,7.530000,7.637000,7.434000,7.590000
70,62,0,7.274400,7.278000,7.157000,7.383000,7.220000,7.334000
70,63,0,7.921600,7.938000,7.992000,7.942000,7.749000,7.987000
70,64,0,7.800600,7.796000,7.771000,7.769000,7.803000,7.864000
70,65,0,7.724000,7.618000,7.708000,7.813000,7.635000,7.846000
70,66,0,7.938400,7.975000,7.940000,7.925000,7.809000,8.043000
70,67,0,7.648600,7.632000,7.694000,7.600000,7.572000,7.745000
70,68,0,7.572400,7.474000,7.518000,7.678000,7.518000,7.674000
70,69,0,7.820800,7.781000,7.800000,7.848000,7.739000,7.936000
70,70,0,7.835200,7.724000,7.906000,7.891000,7.785000,7.870000
70,71,0,8.033800,8.033000,8.013000,8.060000,8.000000,8.063000
70,72,0,7.741200,7.729000,7.810000,7.724000,7.703000,7.740000
70,73,0,7.352400,7.223000,7.495000,7.356000,7.203000,7.485000
70,74,0,7.822400,7.855000,7.880000,7.789000,7.794000,7.794000
70,75,0,7.911200,7.939000,7.927000,7.912000,7.777000,8.001000
70,76,0,7.992800,8.053000,7.963000,7.892000,8.016000,8.040000
70,77,0,7.940800,7.899000,7.940000,7.950000,7.924000,7.991000
70,78,0,7.767600,7.716000,7.785000,7.940000,7.760000,7.637000
70,79,0,7.653400,7.538000,7.719000,7.751000,7.659000,7.600000
70,80,0,7.916200,7.910000,7.875000,7.987000,7.858000,7.951000
70,81,0,7.640400,7.507000,7.718000,7.767000,7.466000,7.744000
70,82,0,8.010000,8.136000,8.030000,7.956000,7.912000,8.016000
70,83,0,7.858600,7.873000,7.910000,7.812000,7.826000,7.872000
70,84,0,7.884600,7.855000,7.977000,7.737000,7.907000,7.947000
70,85,0,7.691200,7.592000,7.696000,7.728000,7.690000,7.750000
70,86,0,7.823800,7.764000,7.813000,7.919000,7.704000,7.919000
70,87,0,7.633800,7.521000,7.664000,7.733000,7.517000,7.734000
70,88,0,7.971200,7.883000,7.998000,7.987000,7.957000,8.031000
70,89,0,7.987800,7.930000,8.003000,8.012000,7.933000,8.061000
70,90,0,7.843800,7.748000,7.924000,7.911000,7.695000,7.941000
70,91,0,7.130600,7.014000,7.232000,7.306000,6.982000,7.119000
70,92,0,7.540800,7.454000,7.539000,7.648000,7.441000,7.622000
70,93,0,7.007000,6.960000,7.150000,7.013000,6.942000,6.970000
70,94,0,7.793000,7.752000,7.806000,7.870000,7.685000,7.852000
70,95,0,7.573200,7.459000,7.569000,7.695000,7.394000,7.749000
70,96,0,7.900800,7.897000,7.992000,7.924000,7.749000,7.942000
70,97,0,7.203200,7.004000,7.347000,7.275000,7.085000,7.305000
70,98,0,7.856600,7.815000,7.818000,7.883000,7.802000,7.965000
70,99,0,7.888200,7.896000,7.886000,7.795000,7.904000,7.960000
71,0,0,7.638800,7.631000,7.715000,7.628000,7.733000,7.487000
71,1,0,7.791800,7.772000,7.807000,7.706000,7.925000,7.749000
71,2,0,7.992200,7.963000,7.941000,7.996000,7.970000,8.091000
71,3,0,7.669200,7.627000,7.598000,7.658000,7.841000,7.622000
71,4,0,7.799600,7.857000,7.796000,7.664000,7.913000,7.768000
71,5,0,8.077600,8.019000,8.133000,8.031000,8.148000,8.057000
71,6,0,7.560200,7.557000,7.645000,7.450000,7.747000,7.402000
71,7,0,8.071800,8.026000,8.106000,8.005000,8.230000,7.992000
71,8,0,8.017000,7.927000,8.095000,7.952000,8.141000,7.970000
71,9,0,7.786400,7.671000,7.867000,7.738000,7.802000,7.854000
71,10,0,7.952800,7.940000,7.994000,7.856000,8.004000,7.970000
71,11,0,7.939800,7.866000,7.965000,7.956000,8.020000,7.892000
71,12,0,7.984800,7.910000,8.091000,8.002000,7.906000,8.015000
71,13,0,7.978200,7.859000,7.971000,7.984000,8.104000,7.973000
71,14,0,7.806800,7.748000,7.902000,7.783000,7.827000,7.774000
71,15,0,7.939600,7.824000,7.945000,7.980000,8.032000,7.917000
71,16,0,7.918200,7.920000,7.981000,7.915000,7.941000,7.834000
71,17,0,8.084400,8.076000,8.145000,7.979000,8.154000,8.068000
71,18,0,7.977200,7.958000,7.859000,7.987000,8.059000,8.023000
71,19,0,7.609800,7.569000,7.741000,7.401000,7.725000,7.613000
71,20,0,7.922400,7.790000,8.012000,7.878000,7.982000,7.950000
71,21,0,7.719400,7.630000,7.732000,7.711000,7.827000,7.697000
71,22,0,8.021000,8.035000,8.029000,7.987000,8.026000,8.028000
71,23,0,7.692600,7.626000,7.623000,7.717000,7.737000,7.760000
71,24,0,8.037200,8.003000,8.122000,7.914000,8.040000,8.107000
71,25,0,7.990600,7.992000,7.972000,7.952000,8.012000,8.025000
71,26,0,7.947200,7.965000,7.985000,7.884000,7.956000,7.946000
71,27,0,8.084000,8.026000,8.183000,7.952000,8.128000,8.131000
71,28,0,8.006200,7.977000,8.115000,7.971000,7.973000,7.995000
71,29,0,7.570000,7.470000,7.540000,7.698000,7.627000,7.515000
71,30,0,7.851400,7.791000,7.865000,7.850000,7.980000,7.771000
71,31,0,8.023200,7.931000,8.114000,7.942000,8.109000,8.020000
71,32,0,7.586800,7.715000,7.657000,7.473000,7.664000,7.425000
71,33,0,7.443400,7.518000,7.496000,7.231000,7.671000,7.301000
71,34,0,7.729600,7.797000,7.676000,7.732000,7.862000,7.581000
71,35,0,7.839000,7.719000,8.084000,7.740000,7.878000,7.774000
71,36,0,7.975600,8.040000,8.032000,7.905000,7.998000,7.903000
71,37,0,7.653600,7.592000,7.677000,7.737000,7.618000,7.644000
71,38,0,7.982600,7.854000,8.009000,7.961000,8.069000,8.020000
71,39,0,7.906000,7.834000,7.927000,7.887000,7.938000,7.944000
71,40,0,7.876200,7.935000,7.895000,7.856000,7.915000,7.780000
71,41,0,8.033600,7.988000,8.134000,7.930000,8.031000,8.085000
71,42,0,7.841600,7.867000,7.920000,7.769000,7.836000,7.816000
71,43,0,7.394000,7.428000,7.403000,7.368000,7.418000,7.353000
71,44,0,8.059600,8.124000,8.010000,8.040000,8.065000,8.059000
71,45,0,7.954200,7.858000,8.066000,8.003000,7.951000,7.893000
71,46,0,7.993400,8.022000,7.991000,7.930000,8.006000,8.018000
71,47,0,7.927800,7.892000,7.946000,7.924000,8.017000,7.860000
71,48,0,7.960200,7.935000,8.086000,7.943000,7.933000,7.904000
71,49,0,7.861400,7.794000,7.844000,7.814000,7.989000,7.866000
71,50,0,7.990200,7.989000,8.046000,7.970000,8.038000,7.908000
71,51,0,7.883600,7.824000,8.041000,7.815000,7.914000,7.824000
71,52,0,7.578000,7.576000,7.578000,7.508000,7.650000,7.578000
71,53,0,8.061800,8.091000,8.073000,7.985000,8.126000,8.034000
71,54,0,7.975400,7.931000,8.034000,7.872000,8.062000,7.978000
71,55,0,8.093200,8.030000,8.148000,8.086000,8.176000,8.026000
71,56,0,8.034600,7.991000,8.062000,7.962000,8.083000,8.075000
71,57,0,8.004600,7.997000,8.141000,7.951000,7.988000,7.946000
71,58,0,7.962800,7.931000,8.047000,7.894000,8.015000,7.927000
71,59,0,7.750000,7.736000,7.795000,7.765000,7.799000,7.655000
71,60,0,7.815600,7.813000,7.905000,7.760000,7.887000,7.713000
71,61,0,8.074800,7.971000,8.151000,7.947000,8.151000,8.154000
71,62,0,6.352800,6.423000,6.256000,6.349000,6.478000,6.258000
71,63,0,8.091200,8.035000,8.137000,8.014000,8.172000,8.098000
71,64,0,7.769000,7.772000,7.869000,7.654000,7.823000,7.727000
71,65,0,7.856200,7.819000,7.838000,7.815000,7.930000,7.879000
71,66,0,7.856200,7.849000,7.891000,7.849000,7.947000,7.745000
71,67,0,7.822200,7.774000,7.889000,7.770000,7.886000,7.792000
71,68,0,7.924600,7.945000,7.986000,7.911000,7.947000,7.834000
71,69,0,7.884000,7.869000,7.986000,7.783000,7.996000,7.786000
71,70,0,7.905000,7.793000,7.998000,7.859000,7.943000,7.932000
71,71,0,7.859200,7.861000,7.889000,7.741000,7.979000,7.826000
71,72,0,7.522200,7.374000,7.448000,7.558000,7.678000,7.553000
71,73,0,7.939200,7.807000,8.094000,7.920000,7.925000,7.950000
71,74,0,7.628000,7.522000,7.764000,7.686000,7.672000,7.496000
71,75,0,7.787800,7.757000,7.778000,7.690000,7.931000,7.783000
71,76,0,7.973400,7.939000,8.039000,7.895000,8.015000,7.979000
71,77,0,7.636600,7.719000,7.704000,7.609000,7.639000,7.512000
71,78,0,8.111000,8.108000,8.143000,8.004000,8.143000,8.157000
71,79,0,7.744800,7.672000,7.813000,7.751000,7.831000,7.657000
71,80,0,8.019600,8.029000,8.096000,7.953000,8.077000,7.943000
71,81,0,8.031400,8.024000,8.073000,8.010000,8.054000,7.996000
71,82,0,7.817200,7.834000,7.961000,7.680000,7.871000,7.740000
71,83,0,7.855000,7.848000,7.888000,7.811000,7.941000,7.787000
71,84,0,8.037200,7.939000,8.059000,8.030000,8.096000,8.062000
71,85,0,7.995400,7.934000,8.033000,7.950000,8.069000,7.991000
71,86,0,8.021400,8.023000,8.043000,8.010000,8.061000,7.970000
71,87,0,7.767800,7.710000,7.767000,7.779000,7.856000,7.727000
71,88,0,8.013800,7.884000,8.158000,7.943000,8.072000,8.012000
71,89,0,7.890400,7.868000,7.994000,7.862000,7.919000,7.809000
71,90,0,8.039000,7.945000,8.213000,7.971000,8.076000,7.990000
71,91,0,6.831000,6.921000,6.766000,6.924000,7.017000,6.527000
71,92,0,7.451000,7.458000,7.446000,7.370000,7.598000,7.383000
71,93,0,7.927600,7.861000,7.902000,7.962000,8.012000,7.901000
71,94,0,7.853400,7.829000,7.910000,7.860000,7.881000,7.787000
71,95,0,7.942600,7.923000,8.024000,7.872000,7.946000,7.948000
71,96,0,7.740800,7.565000,7.787000,7.753000,7.875000,7.724000
71,97,0,7.893800,7.760000,7.904000,7.867000,7.927000,8.011000
71,98,0,7.862600,7.808000,7.850000,7.813000,7.999000,7.843000
71,99,0,7.957200,7.912000,8.132000,7.886000,7.879000,7.977000
72,0,0,8.037400,8.021000,8.152000,8.052000,7.968000,7.994000
72,1,0,7.911200,7.881000,8.000000,7.936000,7.885000,7.854000
72,2,0,7.858200,7.717000,8.073000,7.798000,7.779000,7.924000
72,3,0,8.011600,8.071000,8.103000,7.990000,8.020000,7.874000
72,4,0,7.702800,7.711000,7.702000,7.688000,7.747000,7.666000
72,5,0,7.942000,8.024000,8.049000,7.896000,7.907000,7.834000
72,6,0,8.036200,8.178000,8.185000,7.881000,8.028000,7.909000
72,7,0,7.939000,7.946000,7.997000,7.911000,7.988000,7.853000
72,8,0,7.627400,7.603000,7.737000,7.573000,7.723000,7.501000
72,9,0,7.802400,7.778000,7.882000,7.781000,7.791000,7.780000
72,10,0,7.315600,7.158000,7.451000,7.247000,7.444000,7.278000
72,11,0,7.996600,7.961000,8.086000,7.929000,7.986000,8.021000
72,12,0,8.062800,8.107000,8.158000,8.011000,7.990000,8.048000
72,13,0,7.938200,7.807000,8.021000,7.971000,7.979000,7.913000
72,14,0,7.670600,7.557000,7.851000,7.703000,7.505000,7.737000
72,15,0,7.907800,7.823000,7.891000,7.921000,8.018000,7.886000
72,16,0,7.987600,7.978000,8.017000,7.950000,7.933000,8.060000
72,17,0,7.978200,7.936000,8.053000,7.916000,7.988000,7.998000
72,18,0,7.968800,7.867000,8.064000,7.992000,7.965000,7.956000
72,19,0,7.825400,7.855000,7.870000,7.752000,7.814000,7.836000
72,20,0,7.816200,7.899000,7.831000,7.902000,7.687000,7.762000
72,21,0,7.399800,7.316000,7.550000,7.234000,7.427000,7.472000
72,22,0,7.789800,7.769000,7.805000,7.702000,7.898000,7.775000
72,23,0,7.864800,7.856000,7.976000,7.821000,7.821000,7.850000
72,24,0,7.956600,8.000000,8.008000,7.969000,7.869000,7.937000
72,25,0,7.406400,7.307000,7.384000,7.328000,7.528000,7.485000
72,26,0,8.003600,7.932000,8.106000,7.929000,8.076000,7.975000
72,27,0,7.579400,7.540000,7.621000,7.604000,7.694000,7.438000
72,28,0,7.994800,7.999000,8.097000,8.026000,7.913000,7.939000
72,29,0,7.907400,7.992000,8.024000,7.830000,7.808000,7.883000
72,30,0,7.716800,7.781000,7.727000,7.582000,7.827000,7.667000
72,31,0,7.835400,7.870000,7.916000,7.791000,7.855000,7.745000
72,32,0,7.925000,7.976000,8.063000,7.799000,7.877000,7.910000
72,33,0,7.918000,7.852000,8.044000,7.931000,7.856000,7.907000
72,34,0,7.676000,7.611000,7.689000,7.733000,7.719000,7.628000
72,35,0,7.925000,7.866000,7.935000,7.982000,7.960000,7.882000
72,36,0,7.950400,7.893000,8.109000,7.853000,7.898000,7.999000
72,37,0,8.038800,7.968000,8.216000,7.934000,8.032000,8.044000
72,38,0,7.224200,7.093000,7.252000,7.151000,7.403000,7.222000
72,39,0,8.019400,7.959000,8.206000,7.992000,7.932000,8.008000
72,40,0,7.887400,7.904000,7.992000,7.856000,7.871000,7.814000
72,41,0,7.896400,7.899000,8.049000,7.862000,7.846000,7.826000
72,42,0,8.090000,8.074000,8.200000,8.086000,8.017000,8.073000
72,43,0,7.523200,7.430000,7.546000,7.527000,7.608000,7.505000
72,44,0,7.652000,7.516000,7.657000,7.661000,7.790000,7.636000
72,45,0,7.467400,7.362000,7.587000,7.481000,7.542000,7.365000
72,46,0,7.632000,7.513000,7.718000,7.551000,7.688000,7.690000
72,47,0,8.027800,8.024000,8.050000,8.061000,7.996000,8.008000
72,48,0,7.944400,8.039000,8.117000,7.739000,7.922000,7.905000
72,49,0,8.042000,8.036000,8.183000,8.030000,8.008000,7.953000
72,50,0,7.337400,7.267000,7.514000,7.208000,7.420000,7.278000
72,51,0,7.944000,7.919000,7.970000,7.930000,7.920000,7.981000
72,52,0,6.644600,6.453000,6.759000,6.551000,6.792000,6.668000
72,53,0,7.877600,7.878000,7.878000,7.783000,7.921000,7.928000
72,54,0,7.926400,7.834000,7.985000,7.848000,8.006000,7.959000
72,55,0,7.695000,7.658000,7.661000,7.703000,7.807000,7.646000
72,56,0,7.944000,7.882000,8.007000,7.861000,8.045000,7.925000
72,57,0,7.926800,7.911000,8.043000,7.982000,7.828000,7.870000
72,58,0,7.983200,7.950000,7.974000,7.993000,8.028000,7.971000
72,59,0,8.007000,7.948000,8.005000,8.034000,8.074000,7.974000
72,60,0,7.732000,7.761000,7.698000,7.738000,7.793000,7.670000
72,61,0,7.882200,7.804000,7.951000,7.911000,7.891000,7.854000
72,62,0,7.900600,7.854000,8.060000,7.791000,7.780000,8.018000
72,63,0,7.906000,7.896000,7.932000,7.944000,7.894000,7.864000
72,64,0,7.852200,7.887000,7.839000,7.820000,7.812000,7.903000
72,65,0,7.537800,7.581000,7.548000,7.442000,7.626000,7.492000
72,66,0,8.005200,8.030000,8.139000,8.035000,7.948000,7.874000
72,67,0,7.924400,7.848000,8.064000,7.991000,7.910000,7.809000
72,68,0,8.050400,8.056000,8.206000,7.891000,8.016000,8.083000
72,69,0,7.493800,7.426000,7.615000,7.413000,7.709000,7.306000
72,70,0,7.895800,7.988000,7.957000,7.917000,7.905000,7.712000
72,71,0,7.495000,7.394000,7.417000,7.440000,7.719000,7.505000
72,72,0,7.839000,7.662000,7.931000,7.824000,7.933000,7.845000
72,73,0,7.844000,7.725000,7.964000,7.862000,7.877000,7.792000
72,74,0,7.817000,7.915000,7.886000,7.837000,7.649000,7.798000
72,75,0,7.935600,8.037000,8.094000,7.917000,7.783000,7.847000
72,76,0,7.764400,7.794000,7.840000,7.770000,7.630000,7.788000
72,77,0,7.583400,7.486000,7.555000,7.635000,7.617000,7.624000
72,78,0,7.662000,7.698000,7.693000,7.620000,7.713000,7.586000
72,79,0,7.912200,7.940000,7.997000,7.910000,7.913000,7.801000
72,80,0,7.967000,7.912000,8.100000,7.988000,7.927000,7.908000
72,81,0,7.649200,7.604000,7.700000,7.544000,7.756000,7.642000
72,82,0,7.798600,7.898000,8.075000,7.570000,7.571000,7.879000
72,83,0,8.087600,8.101000,8.228000,8.023000,7.931000,8.155000
72,84,0,8.075000,8.149000,8.189000,8.120000,7.935000,7.982000
72,85,0,7.936400,7.953000,8.034000,7.983000,7.760000,7.952000
72,86,0,7.915000,7.869000,7.984000,7.876000,7.908000,7.938000
72,87,0,7.893000,7.854000,7.983000,7.911000,7.828000,7.889000
72,88,0,7.843000,7.882000,7.918000,7.738000,7.755000,7.922000
72,89,0,7.802200,7.650000,7.888000,7.855000,7.867000,7.751000
72,90,0,7.589200,7.587000,7.624000,7.499000,7.686000,7.550000
72,91,0,7.852600,7.977000,8.058000,7.829000,7.751000,7.648000
72,92,0,7.779800,7.811000,7.852000,7.645000,7.853000,7.738000
72,93,0,7.938000,7.946000,8.004000,7.949000,7.910000,7.881000
72,94,0,7.954600,7.877000,8.088000,7.904000,7.928000,7.976000
72,95,0,7.866800,7.849000,7.986000,7.812000,7.745000,7.942000
72,96,0,7.825200,7.844000,7.999000,7.745000,7.643000,7.895000
72,97,0,8.125400,8.180000,8.188000,8.024000,8.138000,8.097000
72,98,0,8.026800,7.946000,8.109000,8.034000,8.008000,8.037000
72,99,0,7.954600,7.933000,8.000000,7.899000,7.994000,7.947000
73,0,0,8.079600,8.096000,8.090000,8.104000,8.033000,8.075000
73,1,0,8.026200,8.045000,8.007000,8.045000,8.002000,8.032000
73,2,0,7.707000,7.881000,7.519000,7.798000,7.663000,7.674000
73,3,0,7.700800,7.817000,7.575000,7.667000,7.648000,7.797000
73,4,0,7.549000,7.574000,7.457000,7.486000,7.664000,7.564000
73,5,0,7.724800,7.818000,7.770000,7.697000,7.684000,7.655000
73,6,0,7.916600,8.074000,7.829000,7.925000,7.896000,7.859000
73,7,0,8.141600,8.112000,8.115000,8.187000,8.142000,8.152000
73,8,0,7.978800,7.923000,7.987000,8.075000,7.904000,8.005000
73,9,0,7.836600,7.777000,7.857000,7.925000,7.805000,7.819000
73,10,0,8.127400,8.000000,8.090000,8.235000,8.189000,8.123000
73,11,0,7.972000,7.935000,7.967000,7.941000,7.935000,8.082000
73,12,0,8.036600,8.012000,8.080000,8.089000,7.969000,8.033000
73,13,0,6.912800,7.031000,6.788000,6.770000,7.021000,6.954000
73,14,0,7.855600,7.907000,7.821000,7.822000,7.819000,7.909000
73,15,0,8.092000,8.054000,8.169000,8.172000,8.018000,8.047000
73,16,0,7.761600,7.749000,7.663000,7.776000,7.892000,7.728000
73,17,0,8.001800,8.069000,7.929000,8.053000,7.912000,8.046000
73,18,0,7.958800,8.066000,7.888000,7.979000,7.936000,7.925000
73,19,0,8.077200,8.177000,8.066000,8.111000,8.036000,7.996000
73,20,0,7.909600,7.910000,7.925000,7.921000,7.927000,7.865000
73,21,0,8.018400,8.027000,8.078000,7.995000,8.022000,7.970000
73,22,0,7.947800,7.994000,7.846000,7.997000,7.915000,7.987000
73,23,0,7.212000,7.445000,7.146000,7.141000,7.109000,7.219000
73,24,0,7.608600,7.594000,7.507000,7.593000,7.668000,7.681000
73,25,0,8.069400,8.067000,8.089000,8.177000,8.014000,8.000000
73,26,0,8.044600,8.060000,8.094000,8.044000,7.967000,8.058000
73,27,0,8.096800,8.109000,8.106000,8.130000,8.082000,8.057000
73,28,0,7.944200,7.886000,7.896000,8.003000,7.999000,7.937000
73,29,0,8.012000,8.130000,7.963000,8.078000,7.913000,7.976000
73,30,0,7.980800,8.027000,8.058000,7.982000,7.862000,7.975000
73,31,0,7.995400,7.977000,8.020000,7.992000,8.000000,7.988000
73,32,0,7.782400,7.770000,7.682000,7.835000,7.818000,7.807000
73,33,0,7.590600,7.721000,7.525000,7.571000,7.611000,7.525000
73,34,0,7.803800,7.836000,7.781000,7.747000,7.849000,7.806000
73,35,0,7.751400,7.715000,7.675000,7.785000,7.770000,7.812000
73,36,0,7.598800,7.739000,7.538000,7.492000,7.551000,7.674000
73,37,0,7.952000,8.040000,7.892000,7.923000,7.938000,7.967000
73,38,0,7.959400,7.983000,7.988000,7.971000,7.940000,7.915000
73,39,0,8.030200,8.037000,7.989000,8.081000,8.080000,7.964000
73,40,0,7.783800,7.732000,7.738000,7.787000,7.823000,7.839000
73,41,0,8.068000,8.070000,8.004000,8.119000,8.036000,8.111000
73,42,0,7.979200,7.955000,7.880000,7.970000,7.977000,8.114000
73,43,0,7.957400,8.045000,7.917000,7.953000,7.905000,7.967000
73,44,0,7.980600,8.056000,7.929000,7.982000,7.928000,8.008000
73,45,0,7.919400,7.993000,7.961000,7.859000,7.895000,7.889000
73,46,0,7.996200,8.036000,7.933000,7.930000,8.121000,7.961000
73,47,0,7.337400,7.460000,7.197000,7.228000,7.336000,7.466000
73,48,0,8.041600,8.111000,8.082000,8.074000,8.017000,7.924000
73,49,0,7.819200,7.793000,7.774000,7.712000,7.932000,7.885000
73,50,0,7.946000,7.942000,7.866000,7.944000,7.990000,7.988000
73,51,0,8.001400,7.959000,7.977000,8.065000,7.950000,8.056000
73,52,0,7.975600,8.009000,7.897000,8.002000,7.957000,8.013000
73,53,0,8.023200,8.009000,8.070000,8.021000,8.008000,8.008000
73,54,0,7.851200,7.817000,7.857000,7.860000,7.855000,7.867000
73,55,0,7.752200,7.792000,7.589000,7.818000,7.791000,7.771000
73,56,0,7.972800,8.047000,7.916000,7.908000,8.028000,7.965000
73,57,0,8.045000,8.020000,8.064000,8.060000,8.069000,8.012000
73,58,0,7.723400,7.876000,7.642000,7.646000,7.750000,7.703000
73,59,0,8.012800,8.076000,7.892000,8.030000,8.056000,8.010000
73,60,0,7.422000,7.364000,7.324000,7.561000,7.384000,7.477000
73,61,0,7.981800,7.998000,8.033000,7.915000,8.054000,7.909000
73,62,0,8.007400,7.853000,8.012000,8.097000,8.072000,8.003000
73,63,0,7.949800,8.044000,7.906000,7.991000,7.895000,7.913000
73,64,0,7.795000,7.840000,7.775000,7.836000,7.696000,7.828000
73,65,0,6.782600,6.938000,6.655000,6.750000,6.789000,6.781000
73,66,0,7.815400,7.930000,7.696000,7.797000,7.799000,7.855000
73,67,0,7.604400,7.649000,7.495000,7.645000,7.535000,7.698000
73,68,0,7.739200,7.695000,7.674000,7.836000,7.797000,7.694000
73,69,0,7.954400,7.944000,7.876000,8.056000,7.931000,7.965000
73,70,0,8.011600,8.125000,7.978000,8.011000,7.898000,8.046000
73,71,0,7.453600,7.566000,7.250000,7.430000,7.520000,7.502000
73,72,0,8.041200,8.068000,8.032000,8.056000,8.079000,7.971000
73,73,0,7.989000,8.078000,7.964000,7.916000,7.956000,8.031000
73,74,0,7.920600,7.863000,7.791000,7.996000,7.980000,7.973000
73,75,0,7.848800,7.981000,7.767000,7.773000,7.817000,7.906000
73,76,0,7.976200,7.944000,7.964000,8.020000,7.990000,7.963000
73,77,0,7.847400,7.854000,7.844000,7.873000,7.727000,7.939000
73,78,0,7.648200,7.682000,7.676000,7.547000,7.532000,7.804000
73,79,0,7.869800,7.961000,7.819000,7.858000,7.809000,7.902000
73,80,0,7.585200,7.675000,7.486000,7.707000,7.541000,7.517000
73,81,0,7.958800,7.958000,7.896000,8.008000,8.017000,7.915000
73,82,0,7.319400,7.550000,7.194000,7.168000,7.264000,7.421000
73,83,0,8.000000,7.923000,8.035000,8.027000,8.038000,7.977000
73,84,0,7.719800,7.793000,7.617000,7.713000,7.727000,7.749000
73,85,0,7.765600,7.764000,7.699000,7.782000,7.753000,7.830000
73,86,0,7.985200,7.863000,8.009000,8.051000,8.025000,7.978000
73,87,0,8.037600,8.019000,7.986000,8.118000,8.106000,7.959000
73,88,0,7.601200,7.722000,7.624000,7.500000,7.652000,7.508000
73,89,0,7.152000,7.146000,7.144000,7.168000,7.050000,7.252000
73,90,0,7.959600,8.037000,7.942000,7.917000,7.961000,7.941000
73,91,0,8.004200,7.929000,8.020000,8.135000,7.943000,7.994000
73,92,0,7.943200,7.936000,7.949000,7.890000,7.983000,7.958000
73,93,0,8.034600,7.997000,8.085000,8.085000,8.043000,7.963000
73,94,0,7.500200,7.634000,7.411000,7.528000,7.479000,7.449000
73,95,0,7.929200,7.885000,7.835000,8.053000,7.915000,7.958000
73,96,0,8.044800,8.076000,8.015000,8.085000,7.994000,8.054000
73,97,0,7.824600,7.930000,7.810000,7.860000,7.649000,7.874000
73,98,0,7.913000,8.001000,7.941000,7.916000,7.856000,7.851000
73,99,0,7.920200,7.958000,7.786000,7.988000,7.931000,7.938000
74,0,0,7.820400,7.758000,7.906000,7.793000,7.860000,7.785000
74,1,0,7.447800,7.494000,7.482000,7.384000,7.428000,7.451000
74,2,0,7.930600,7.868000,8.078000,7.934000,7.905000,7.868000
74,3,0,7.397800,7.586000,7.441000,7.251000,7.406000,7.305000
74,4,0,7.279000,7.428000,7.227000,7.309000,7.255000,7.176000
74,5,0,7.859200,7.935000,7.976000,7.766000,7.875000,7.744000
74,6,0,7.707800,7.715000,7.819000,7.613000,7.638000,7.754000
74,7,0,8.036000,8.028000,8.136000,7.955000,8.068000,7.993000
74,8,0,7.802000,7.967000,7.772000,7.795000,7.819000,7.657000
74,9,0,8.046400,7.948000,8.192000,7.979000,8.090000,8.023000
74,10,0,8.016000,8.040000,8.148000,8.015000,7.946000,7.931000
74,11,0,7.740800,7.819000,7.802000,7.649000,7.737000,7.697000
74,12,0,7.954200,7.990000,8.067000,7.960000,7.872000,7.882000
74,13,0,7.878200,7.863000,7.878000,7.977000,7.806000,7.867000
74,14,0,7.589600,7.644000,7.580000,7.577000,7.447000,7.700000
74,15,0,7.858400,7.790000,7.990000,7.876000,7.874000,7.762000
74,16,0,8.070600,8.017000,8.167000,8.106000,7.977000,8.086000
74,17,0,8.108400,8.106000,8.195000,8.078000,8.108000,8.055000
74,18,0,7.982800,7.954000,8.109000,8.026000,7.944000,7.881000
74,19,0,7.969400,7.808000,8.235000,7.910000,7.994000,7.900000
74,20,0,7.999000,8.062000,8.056000,8.005000,7.964000,7.908000
74,21,0,7.932600,7.882000,8.076000,7.891000,8.070000,7.744000
74,22,0,7.874600,7.836000,8.000000,7.790000,7.861000,7.886000
74,23,0,7.956800,7.914000,8.036000,7.965000,7.996000,7.873000
74,24,0,7.309000,7.403000,7.321000,7.231000,7.279000,7.311000
74,25,0,7.918600,7.880000,8.086000,7.866000,7.822000,7.939000
74,26,0,8.037800,7.988000,8.198000,8.042000,8.057000,7.904000
74,27,0,7.944200,7.939000,8.031000,7.858000,8.012000,7.881000
74,28,0,7.858000,7.834000,7.900000,7.812000,7.986000,7.758000
74,29,0,8.027600,8.099000,8.076000,8.041000,8.029000,7.893000
74,30,0,7.970600,7.967000,8.024000,7.925000,7.992000,7.945000
74,31,0,7.958400,7.936000,8.026000,7.886000,8.017000,7.927000
74,32,0,7.739800,7.876000,7.726000,7.683000,7.779000,7.635000
74,33,0,7.014600,7.190000,7.076000,6.954000,6.965000,6.888000
74,34,0,7.985400,7.975000,8.060000,7.965000,7.975000,7.952000
74,35,0,8.110200,8.139000,8.212000,8.108000,8.079000,8.013000
74,36,0,7.964800,7.953000,8.079000,7.951000,7.891000,7.950000
74,37,0,7.970400,7.986000,8.037000,7.907000,8.004000,7.918000
74,38,0,7.785400,7.812000,7.714000,7.820000,7.824000,7.757000
74,39,0,8.006200,7.911000,8.202000,7.968000,8.033000,7.917000
74,40,0,7.944400,7.916000,8.026000,7.907000,7.991000,7.882000
74,41,0,7.908200,7.955000,7.895000,7.931000,7.910000,7.850000
74,42,0,7.804800,7.738000,7.863000,7.836000,7.798000,7.789000
74,43,0,7.941400,7.846000,8.165000,7.872000,7.977000,7.847000
74,44,0,7.969600,7.996000,7.964000,8.004000,7.976000,7.908000
74,45,0,8.001600,7.962000,8.138000,8.052000,8.019000,7.837000
74,46,0,7.987400,7.938000,8.159000,7.990000,7.904000,7.946000
74,47,0,7.825200,7.870000,7.777000,7.853000,7.747000,7.879000
74,48,0,7.970600,7.899000,8.032000,7.995000,8.008000,7.919000
74,49,0,7.817200,7.912000,7.834000,7.774000,7.855000,7.711000
74,50,0,8.012400,7.979000,8.173000,8.042000,8.027000,7.841000
74,51,0,7.988400,7.952000,8.013000,8.028000,7.998000,7.951000
74,52,0,7.970600,7.966000,8.012000,7.996000,7.962000,7.917000
74,53,0,7.880800,7.791000,8.056000,7.877000,7.840000,7.840000
74,54,0,7.986800,7.931000,8.051000,7.995000,8.039000,7.918000
74,55,0,7.941600,7.938000,8.029000,7.919000,7.964000,7.858000
74,56,0,7.910000,7.875000,8.010000,7.933000,7.956000,7.776000
74,57,0,7.848200,7.986000,7.888000,7.752000,7.894000,7.721000
74,58,0,8.004200,8.059000,8.001000,7.982000,8.017000,7.962000
74,59,0,7.899400,7.909000,8.022000,7.904000,7.906000,7.756000
74,60,0,8.016800,7.970000,8.163000,7.998000,8.061000,7.892000
74,61,0,7.865000,7.895000,8.025000,7.833000,7.857000,7.715000
74,62,0,7.945000,7.959000,8.005000,7.942000,7.936000,7.883000
74,63,0,7.921800,7.890000,7.927000,7.997000,7.885000,7.910000
74,64,0,7.802800,7.758000,7.941000,7.881000,7.798000,7.636000
74,65,0,7.955200,7.922000,8.016000,7.995000,7.961000,7.882000
74,66,0,7.902200,7.957000,7.975000,7.815000,7.894000,7.870000
74,67,0,7.959800,8.012000,8.039000,7.975000,7.880000,7.893000
74,68,0,7.861200,7.958000,7.847000,7.752000,7.899000,7.850000
74,69,0,7.935600,7.820000,8.101000,7.869000,7.950000,7.938000
74,70,0,7.878400,7.849000,7.977000,7.838000,7.904000,7.824000
74,71,0,7.868600,7.878000,7.908000,7.900000,7.914000,7.743000
74,72,0,7.970800,7.928000,8.066000,7.916000,8.065000,7.879000
74,73,0,7.864600,7.942000,7.949000,7.832000,7.916000,7.684000
74,74,0,7.952600,7.911000,8.028000,7.914000,7.953000,7.957000
74,75,0,7.980600,7.941000,8.137000,7.929000,7.946000,7.950000
74,76,0,8.015000,7.956000,8.138000,7.982000,8.024000,7.975000
74,77,0,7.878600,7.836000,8.052000,7.866000,7.922000,7.717000
74,78,0,7.832200,7.988000,7.785000,7.820000,7.766000,7.802000
74,79,0,8.093200,8.151000,8.172000,8.066000,8.052000,8.025000
74,80,0,7.722600,7.798000,7.746000,7.753000,7.670000,7.646000
74,81,0,8.101600,8.016000,8.116000,8.084000,8.148000,8.144000
74,82,0,8.049800,8.013000,8.246000,8.045000,8.025000,7.920000
74,83,0,8.018000,8.081000,8.141000,7.938000,8.008000,7.922000
74,84,0,7.935000,7.976000,8.000000,7.838000,7.958000,7.903000
74,85,0,7.704000,7.907000,7.785000,7.692000,7.504000,7.632000
74,86,0,7.927000,7.957000,8.031000,7.884000,7.917000,7.846000
74,87,0,7.911000,7.895000,7.895000,7.953000,7.866000,7.946000
74,88,0,7.983200,7.928000,8.185000,7.986000,7.963000,7.854000
74,89,0,7.630400,7.597000,7.642000,7.726000,7.656000,7.531000
74,90,0,7.872800,7.933000,7.933000,7.810000,7.875000,7.813000
74,91,0,7.423000,7.462000,7.480000,7.346000,7.377000,7.450000
74,92,0,7.820800,7.803000,7.856000,7.803000,7.912000,7.730000
74,93,0,8.078600,8.058000,8.219000,7.977000,8.096000,8.043000
74,94,0,7.989600,7.954000,8.071000,7.971000,8.015000,7.937000
74,95,0,8.009200,7.941000,8.099000,8.013000,7.945000,8.048000
74,96,0,7.821800,7.825000,7.985000,7.820000,7.771000,7.708000
74,97,0,7.967000,7.965000,8.043000,7.897000,8.039000,7.891000
74,98,0,8.055200,7.991000,8.174000,8.068000,8.155000,7.888000
74,99,0,7.909600,7.931000,7.986000,7.870000,7.875000,7.886000
75,0,0,8.036800,8.048000,8.036000,7.969000,8.119000,8.012000
75,1,0,7.860400,7.807000,7.881000,7.934000,7.814000,7.866000
75,2,0,7.389000,7.345000,7.388000,7.143000,7.629000,7.440000
75,3,0,8.018000,7.987000,8.056000,7.957000,8.126000,7.964000
75,4,0,8.112600,8.059000,8.074000,8.114000,8.208000,8.108000
75,5,0,7.968600,7.944000,7.963000,7.921000,8.116000,7.899000
75,6,0,8.037400,8.041000,7.968000,7.969000,8.108000,8.101000
75,7,0,7.843400,7.808000,7.813000,7.880000,7.957000,7.759000
75,8,0,8.073400,8.047000,8.057000,7.831000,8.233000,8.199000
75,9,0,8.008600,7.919000,8.034000,7.954000,8.084000,8.052000
75,10,0,7.722600,7.736000,7.702000,7.710000,7.842000,7.623000
75,11,0,8.071400,8.000000,8.033000,8.038000,8.241000,8.045000
75,12,0,7.946400,7.979000,7.910000,7.804000,8.094000,7.945000
75,13,0,7.928400,7.891000,7.929000,7.825000,8.008000,7.989000
75,14,0,7.880000,7.783000,7.978000,7.833000,7.902000,7.904000
75,15,0,7.918400,7.838000,7.891000,7.946000,8.053000,7.864000
75,16,0,7.669000,7.679000,7.509000,7.688000,7.814000,7.655000
75,17,0,8.095200,7.904000,8.119000,8.134000,8.306000,8.013000
75,18,0,7.864600,7.771000,7.969000,7.950000,7.933000,7.700000
75,19,0,8.018600,8.043000,7.965000,7.809000,8.130000,8.146000
75,20,0,7.817400,7.837000,7.781000,7.730000,7.930000,7.809000
75,21,0,7.431400,7.410000,7.398000,7.296000,7.616000,7.437000
75,22,0,8.066400,8.108000,7.978000,8.090000,8.078000,8.078000
75,23,0,7.943200,7.940000,7.907000,7.887000,7.988000,7.994000
75,24,0,7.954600,7.832000,8.014000,7.948000,7.960000,8.019000
75,25,0,7.969000,8.002000,7.959000,7.862000,8.117000,7.905000
75,26,0,7.721000,7.772000,7.705000,7.594000,7.829000,7.705000
75,27,0,7.568000,7.661000,7.561000,7.435000,7.579000,7.604000
75,28,0,7.974200,7.965000,8.043000,7.870000,8.066000,7.927000
75,29,0,8.048600,7.963000,8.123000,8.076000,8.103000,7.978000
75,30,0,8.046000,7.973000,8.058000,7.971000,8.167000,8.061000
75,31,0,7.497200,7.418000,7.500000,7.414000,7.671000,7.483000
75,32,0,7.993800,7.950000,8.005000,7.961000,8.096000,7.957000
75,33,0,7.899600,7.859000,7.884000,7.825000,7.962000,7.968000
75,34,0,7.927200,7.895000,7.896000,7.980000,8.026000,7.839000
75,35,0,8.003600,7.937000,7.935000,8.038000,8.013000,8.095000
75,36,0,7.926400,7.864000,7.875000,7.908000,7.993000,7.992000
75,37,0,7.722000,7.700000,7.750000,7.539000,7.867000,7.754000
75,38,0,8.011800,7.928000,8.047000,7.978000,8.122000,7.984000
75,39,0,8.063200,7.997000,8.120000,8.004000,8.124000,8.071000
75,40,0,8.032400,8.020000,8.030000,7.949000,8.113000,8.050000
75,41,0,7.962400,7.890000,7.919000,7.863000,8.098000,8.042000
75,42,0,7.956400,7.927000,7.996000,7.851000,8.005000,8.003000
75,43,0,7.964400,7.973000,8.007000,7.933000,7.990000,7.919000
75,44,0,7.978000,8.024000,7.965000,7.914000,7.889000,8.098000
75,45,0,8.085400,7.954000,8.132000,8.014000,8.226000,8.101000
75,46,0,7.903000,7.771000,7.843000,7.904000,8.061000,7.936000
75,47,0,7.476200,7.506000,7.370000,7.394000,7.527000,7.584000
75,48,0,8.123200,8.040000,8.109000,8.147000,8.242000,8.078000
75,49,0,7.996400,7.943000,8.022000,8.006000,8.023000,7.988000
75,50,0,7.989800,7.914000,8.037000,8.016000,8.183000,7.799000
75,51,0,7.978000,8.014000,7.952000,7.968000,8.148000,7.808000
75,52,0,7.587800,7.668000,7.488000,7.499000,7.622000,7.662000
75,53,0,7.945000,8.043000,7.967000,7.801000,7.930000,7.984000
75,54,0,7.785800,7.648000,7.818000,7.731000,8.000000,7.732000
75,55,0,7.984400,7.911000,8.063000,7.981000,8.096000,7.871000
75,56,0,7.956000,7.891000,8.001000,7.962000,8.101000,7.825000
75,57,0,7.428000,7.550000,7.487000,7.216000,7.494000,7.393000
75,58,0,7.961200,7.895000,8.012000,7.878000,8.043000,7.978000
75,59,0,8.154800,8.087000,8.200000,8.159000,8.128000,8.200000
75,60,0,7.976600,7.876000,8.009000,7.950000,8.098000,7.950000
75,61,0,7.883200,7.892000,7.879000,7.836000,7.982000,7.827000
75,62,0,7.843000,7.887000,7.805000,7.769000,7.937000,7.817000
75,63,0,7.896200,7.749000,7.883000,7.868000,8.037000,7.944000
75,64,0,7.943200,7.829000,7.930000,7.964000,8.019000,7.974000
75,65,0,7.660800,7.634000,7.565000,7.633000,7.702000,7.770000
75,66,0,7.887800,7.939000,7.737000,7.831000,7.937000,7.995000
75,67,0,7.990200,7.937000,8.105000,8.011000,8.019000,7.879000
75,68,0,6.859600,6.753000,6.674000,6.748000,7.008000,7.115000
75,69,0,8.007600,7.886000,7.948000,7.960000,8.163000,8.081000
75,70,0,8.034800,7.996000,8.050000,7.921000,8.072000,8.135000
75,71,0,7.885000,7.765000,7.793000,7.806000,8.085000,7.976000
75,72,0,8.115600,8.118000,8.043000,8.052000,8.259000,8.106000
75,73,0,7.930800,7.886000,7.877000,7.834000,8.118000,7.939000
75,74,0,7.967400,7.934000,7.939000,7.866000,8.078000,8.020000
75,75,0,7.766400,7.825000,7.749000,7.544000,7.924000,7.790000
75,76,0,7.826000,7.904000,7.692000,7.663000,7.957000,7.914000
75,77,0,7.538200,7.471000,7.460000,7.416000,7.592000,7.752000
75,78,0,8.044400,7.910000,8.041000,8.062000,8.135000,8.074000
75,79,0,8.068400,8.090000,8.022000,7.972000,8.140000,8.118000
75,80,0,7.886000,7.830000,7.868000,7.809000,8.058000,7.865000
75,81,0,8.096000,8.116000,8.097000,7.929000,8.082000,8.256000
75,82,0,7.932400,7.976000,7.888000,7.852000,7.969000,7.977000
75,83,0,8.046200,8.046000,8.015000,8.063000,8.087000,8.020000
75,84,0,7.900000,7.817000,7.896000,7.967000,7.975000,7.845000
75,85,0,7.962600,7.877000,7.964000,7.897000,8.105000,7.970000
75,86,0,7.622800,7.577000,7.526000,7.518000,7.774000,7.719000
75,87,0,7.875400,7.865000,7.775000,7.924000,7.975000,7.838000
75,88,0,8.050800,8.110000,8.089000,8.057000,8.056000,7.942000
75,89,0,8.013800,7.907000,8.065000,8.003000,8.127000,7.967000
75,90,0,8.027400,7.972000,8.035000,7.942000,8.151000,8.037000
75,91,0,7.542400,7.685000,7.702000,7.470000,7.373000,7.482000
75,92,0,7.880400,7.837000,7.938000,7.778000,7.972000,7.877000
75,93,0,7.991000,7.941000,7.977000,7.947000,8.137000,7.953000
75,94,0,7.834800,7.815000,7.848000,7.779000,7.859000,7.873000
75,95,0,7.991200,7.932000,8.000000,7.900000,8.055000,8.069000
75,96,0,8.063000,7.988000,8.005000,8.012000,8.199000,8.111000
75,97,0,8.137200,8.022000,8.157000,8.112000,8.333000,8.062000
75,98,0,7.834800,7.774000,7.759000,7.884000,7.957000,7.800000
75,99,0,8.031000,7.894000,8.038000,8.015000,8.187000,8.021000
76,0,0,7.862200,7.780000,7.904000,7.883000,7.857000,7.887000
76,1,0,7.693400,7.583000,7.797000,7.767000,7.660000,7.660000
76,2,0,8.070800,8.079000,8.137000,8.143000,8.019000,7.976000
76,3,0,8.072400,8.033000,8.118000,8.142000,7.983000,8.086000
76,4,0,8.014200,7.996000,8.107000,8.025000,7.977000,7.966000
76,5,0,7.906200,7.829000,7.899000,8.075000,7.871000,7.857000
76,6,0,8.028800,7.946000,8.060000,8.078000,8.059000,8.001000
76,7,0,8.026000,7.849000,8.047000,8.202000,7.983000,8.049000
76,8,0,8.039400,7.934000,8.176000,8.113000,8.038000,7.936000
76,9,0,7.927600,7.879000,8.040000,7.967000,7.797000,7.955000
76,10,0,7.927000,7.693000,8.058000,8.061000,7.938000,7.885000
76,11,0,8.080600,7.959000,8.120000,8.164000,8.067000,8.093000
76,12,0,7.985600,7.782000,8.038000,8.060000,7.976000,8.072000
76,13,0,8.006800,7.970000,8.049000,8.111000,7.972000,7.932000
76,14,0,7.825800,7.704000,7.870000,7.877000,7.911000,7.767000
76,15,0,7.778600,7.741000,7.706000,7.856000,7.797000,7.793000
76,16,0,8.029600,7.909000,8.125000,8.149000,7.957000,8.008000
76,17,0,8.025800,7.990000,8.047000,8.089000,8.035000,7.968000
76,18,0,7.278400,7.155000,7.280000,7.342000,7.290000,7.325000
76,19,0,7.969200,7.850000,8.067000,8.038000,7.995000,7.896000
76,20,0,8.057800,7.959000,8.149000,8.099000,8.053000,8.029000
76,21,0,7.826400,7.809000,7.889000,7.909000,7.779000,7.746000
76,22,0,7.941800,7.861000,8.003000,7.980000,7.930000,7.935000
76,23,0,7.734400,7.573000,7.874000,7.828000,7.769000,7.628000
76,24,0,7.862000,7.781000,7.937000,7.933000,7.810000,7.849000
76,25,0,8.169600,8.050000,8.306000,8.246000,8.093000,8.153000
76,26,0,7.469200,7.499000,7.463000,7.516000,7.501000,7.367000
76,27,0,8.024400,7.997000,8.065000,8.114000,7.993000,7.953000
76,28,0,7.878400,7.750000,7.963000,7.955000,7.861000,7.863000
76,29,0,7.992400,7.952000,7.987000,8.164000,7.892000,7.967000
76,30,0,7.986000,7.937000,7.989000,8.096000,7.983000,7.925000
76,31,0,7.992800,7.843000,8.111000,8.067000,7.951000,7.992000
76,32,0,8.007000,7.943000,8.111000,8.079000,7.985000,7.917000
76,33,0,8.105600,8.055000,8.153000,8.216000,8.073000,8.031000
76,34,0,7.911600,7.927000,7.957000,7.911000,7.931000,7.832000
76,35,0,7.992400,7.853000,8.042000,8.109000,8.006000,7.952000
76,36,0,7.291400,7.129000,7.418000,7.351000,7.289000,7.270000
76,37,0,8.034800,7.961000,8.067000,8.101000,7.999000,8.046000
76,38,0,7.901600,7.852000,8.014000,7.910000,7.940000,7.792000
76,39,0,7.984400,7.973000,8.074000,8.081000,7.937000,7.857000
76,40,0,7.970400,7.871000,8.054000,8.079000,7.942000,7.906000
76,41,0,7.995000,7.869000,8.049000,8.127000,7.962000,7.968000
76,42,0,7.740400,7.670000,7.767000,7.877000,7.739000,7.649000
76,43,0,7.763400,7.626000,7.812000,7.888000,7.777000,7.714000
76,44,0,7.862000,7.743000,7.864000,8.063000,7.797000,7.843000
76,45,0,8.074800,7.958000,8.141000,8.203000,8.038000,8.034000
76,46,0,7.846400,7.651000,7.952000,7.892000,7.924000,7.813000
76,47,0,7.986600,7.851000,8.108000,8.060000,7.924000,7.990000
76,48,0,7.959400,7.895000,7.989000,8.035000,7.930000,7.948000
76,49,0,7.842200,7.781000,7.913000,7.786000,7.949000,7.782000
76,50,0,7.996000,8.030000,8.078000,8.037000,7.970000,7.865000
76,51,0,8.008200,8.026000,7.945000,8.034000,8.091000,7.945000
76,52,0,7.836400,7.784000,7.778000,7.920000,7.855000,7.845000
76,53,0,8.114000,7.952000,8.177000,8.208000,8.117000,8.116000
76,54,0,7.498400,7.388000,7.547000,7.611000,7.473000,7.473000
76,55,0,8.018800,7.945000,8.082000,8.060000,8.043000,7.964000
76,56,0,7.872800,7.870000,7.851000,7.969000,7.920000,7.754000
76,57,0,7.531800,7.422000,7.643000,7.540000,7.559000,7.495000
76,58,0,8.027600,7.952000,8.080000,8.177000,7.948000,7.981000
76,59,0,7.851000,7.765000,7.980000,7.902000,7.832000,7.776000
76,60,0,8.057000,7.983000,8.108000,8.092000,8.096000,8.006000
76,61,0,7.903800,7.817000,7.929000,7.982000,7.882000,7.909000
76,62,0,7.978400,7.861000,8.030000,8.042000,8.006000,7.953000
76,63,0,8.026000,8.005000,8.121000,8.133000,8.040000,7.831000
76,64,0,7.684400,7.562000,7.789000,7.691000,7.745000,7.635000
76,65,0,7.503800,7.321000,7.492000,7.897000,7.385000,7.424000
76,66,0,7.509400,7.353000,7.640000,7.545000,7.556000,7.453000
76,67,0,8.039200,8.025000,8.074000,8.107000,8.079000,7.911000
76,68,0,7.081600,6.891000,7.143000,7.118000,7.149000,7.107000
76,69,0,7.419600,7.288000,7.452000,7.519000,7.436000,7.403000
76,70,0,7.986800,7.942000,8.028000,7.957000,8.050000,7.957000
76,71,0,8.057400,7.991000,8.130000,8.090000,8.059000,8.017000
76,72,0,7.955400,7.979000,8.019000,7.950000,7.868000,7.961000
76,73,0,7.899600,7.862000,7.931000,7.903000,7.879000,7.923000
76,74,0,8.037600,7.997000,8.122000,8.131000,7.965000,7.973000
76,75,0,7.507600,7.446000,7.510000,7.567000,7.532000,7.483000
76,76,0,7.851400,7.822000,7.867000,7.950000,7.886000,7.732000
76,77,0,7.614200,7.562000,7.783000,7.557000,7.569000,7.600000
76,78,0,8.094200,8.085000,8.066000,8.151000,8.130000,8.039000
76,79,0,8.036600,7.959000,8.125000,8.161000,8.059000,7.879000
76,80,0,8.021400,7.951000,7.988000,8.174000,8.011000,7.983000
76,81,0,7.981000,7.904000,7.993000,8.036000,8.032000,7.940000
76,82,0,7.763800,7.719000,7.867000,7.841000,7.624000,7.768000
76,83,0,8.009000,7.948000,8.125000,8.094000,7.931000,7.947000
76,84,0,7.938800,7.835000,7.994000,8.011000,7.909000,7.945000
76,85,0,7.683000,7.542000,7.866000,7.697000,7.668000,7.642000
76,86,0,7.858600,7.782000,7.938000,7.885000,7.901000,7.787000
76,87,0,7.821800,7.761000,7.838000,7.848000,7.865000,7.797000
76,88,0,7.617800,7.571000,7.763000,7.688000,7.505000,7.562000
76,89,0,7.740600,7.601000,7.734000,7.879000,7.804000,7.685000
76,90,0,7.003200,6.773000,6.702000,7.651000,7.006000,6.884000
76,91,0,7.629600,7.405000,7.649000,7.776000,7.679000,7.639000
76,92,0,8.011600,8.025000,8.059000,8.096000,7.981000,7.897000
76,93,0,8.033600,7.989000,8.077000,8.100000,8.043000,7.959000
76,94,0,7.947200,7.920000,8.001000,8.003000,7.944000,7.868000
76,95,0,7.974000,7.941000,8.013000,8.071000,7.983000,7.862000
76,96,0,7.776000,7.650000,7.834000,7.845000,7.815000,7.736000
76,97,0,8.012600,7.955000,7.999000,8.102000,8.039000,7.968000
76,98,0,7.984200,7.969000,8.094000,8.049000,7.881000,7.928000
76,99,0,7.945800,7.897000,7.993000,8.074000,7.865000,7.900000
77,0,0,7.224200,7.118000,7.324000,7.318000,7.328000,7.033000
77,1,0,7.945800,7.857000,7.999000,7.932000,8.031000,7.910000
77,2,0,7.444200,7.582000,7.398000,7.478000,7.472000,7.291000
77,3,0,7.439800,7.340000,7.559000,7.397000,7.613000,7.290000
77,4,0,8.127000,8.179000,8.077000,8.146000,8.177000,8.056000
77,5,0,7.776600,7.699000,7.753000,7.845000,7.933000,7.653000
77,6,0,7.876000,7.744000,7.964000,7.808000,8.057000,7.807000
77,7,0,8.204600,8.175000,8.144000,8.148000,8.258000,8.298000
77,8,0,7.927400,7.929000,7.883000,8.021000,7.988000,7.816000
77,9,0,7.946000,7.915000,8.026000,7.938000,8.030000,7.821000
77,10,0,7.966400,7.938000,7.961000,8.005000,7.977000,7.951000
77,11,0,8.121400,8.175000,8.135000,8.107000,8.108000,8.082000
77,12,0,7.914200,7.965000,7.823000,7.869000,8.058000,7.856000
77,13,0,8.124200,8.160000,8.070000,8.192000,8.086000,8.113000
77,14,0,8.021600,8.025000,7.987000,8.004000,8.101000,7.991000
77,15,0,8.017600,8.019000,8.037000,8.052000,8.015000,7.965000
77,16,0,8.041000,8.013000,8.006000,8.025000,8.182000,7.979000
77,17,0,8.025400,7.942000,8.008000,8.142000,7.985000,8.050000
77,18,0,7.269000,7.332000,7.323000,7.207000,7.371000,7.112000
77,19,0,7.729600,7.703000,7.715000,7.720000,7.887000,7.623000
77,20,0,8.064600,8.087000,8.013000,8.113000,8.108000,8.002000
77,21,0,7.977200,7.918000,8.078000,7.911000,8.070000,7.909000
77,22,0,7.898000,7.865000,7.919000,7.885000,7.992000,7.829000
77,23,0,7.798200,7.722000,7.841000,7.897000,7.831000,7.700000
77,24,0,7.806400,7.711000,7.806000,7.814000,7.959000,7.742000
77,25,0,7.704600,7.717000,7.539000,7.783000,7.847000,7.637000
77,26,0,7.537800,7.606000,7.593000,7.516000,7.501000,7.473000
77,27,0,8.090200,8.026000,8.035000,8.090000,8.213000,8.087000
77,28,0,8.176200,8.182000,8.162000,8.246000,8.194000,8.097000
77,29,0,8.021800,8.125000,8.018000,7.914000,8.076000,7.976000
77,30,0,8.016600,8.064000,8.059000,7.947000,8.047000,7.966000
77,31,0,8.058800,8.096000,8.018000,8.025000,8.100000,8.055000
77,32,0,8.127000,8.122000,8.101000,8.135000,8.140000,8.137000
77,33,0,7.994400,8.065000,8.032000,8.045000,7.886000,7.944000
77,34,0,7.872400,7.982000,7.927000,7.805000,7.967000,7.681000
77,35,0,7.908000,7.859000,8.022000,7.907000,7.962000,7.790000
77,36,0,8.137000,8.155000,8.112000,8.159000,8.190000,8.069000
77,37,0,8.088400,8.159000,8.109000,8.043000,8.057000,8.074000
77,38,0,8.109000,8.157000,8.115000,8.096000,8.099000,8.078000
77,39,0,7.972200,8.022000,7.974000,7.999000,7.966000,7.900000
77,40,0,8.087600,8.022000,8.103000,8.121000,8.160000,8.032000
77,41,0,7.456400,7.543000,7.548000,7.464000,7.491000,7.236000
77,42,0,8.096000,8.186000,8.058000,8.044000,8.164000,8.028000
77,43,0,8.057200,8.006000,8.021000,8.088000,8.120000,8.051000
77,44,0,8.029000,7.994000,8.042000,7.985000,8.153000,7.971000
77,45,0,8.080000,8.024000,8.116000,8.108000,8.099000,8.053000
77,46,0,8.072800,7.971000,8.108000,8.089000,8.100000,8.096000
77,47,0,8.083200,8.131000,7.990000,8.121000,8.117000,8.057000
77,48,0,8.033400,8.014000,8.056000,8.049000,8.031000,8.017000
77,49,0,7.239200,7.285000,7.214000,7.344000,7.221000,7.132000
77,50,0,8.034200,7.918000,8.033000,8.106000,8.135000,7.979000
77,51,0,8.050400,8.074000,8.006000,8.050000,8.120000,8.002000
77,52,0,7.913000,7.882000,7.939000,7.913000,7.947000,7.884000
77,53,0,8.082800,8.075000,8.056000,8.123000,8.082000,8.078000
77,54,0,7.754400,7.715000,7.749000,7.836000,7.845000,7.627000
77,55,0,7.518400,7.501000,7.533000,7.481000,7.685000,7.392000
77,56,0,7.590600,7.494000,7.466000,7.647000,7.752000,7.594000
77,57,0,7.313000,7.234000,7.356000,7.337000,7.421000,7.217000
77,58,0,8.067800,8.029000,8.095000,8.117000,8.115000,7.983000
77,59,0,8.190800,8.235000,8.199000,8.154000,8.196000,8.170000
77,60,0,8.079800,8.094000,8.100000,8.015000,8.145000,8.045000
77,61,0,7.910200,7.938000,7.915000,7.891000,7.944000,7.863000
77,62,0,8.101400,8.083000,8.169000,8.041000,8.131000,8.083000
77,63,0,8.101800,8.083000,8.088000,8.158000,8.167000,8.013000
77,64,0,7.977600,8.011000,7.973000,7.882000,8.081000,7.941000
77,65,0,7.951400,7.940000,7.904000,7.990000,7.954000,7.969000
77,66,0,7.786600,7.804000,7.923000,7.720000,7.853000,7.633000
77,67,0,7.972400,7.982000,8.069000,7.895000,8.027000,7.889000
77,68,0,8.102000,8.160000,8.026000,8.133000,8.113000,8.078000
77,69,0,8.105200,8.078000,8.114000,8.100000,8.067000,8.167000
77,70,0,7.945800,7.930000,7.975000,7.980000,8.056000,7.788000
77,71,0,7.611200,7.564000,7.759000,7.627000,7.681000,7.425000
77,72,0,7.923600,8.001000,7.950000,7.955000,7.861000,7.851000
77,73,0,8.053800,8.099000,8.060000,8.021000,8.038000,8.051000
77,74,0,7.723600,7.333000,7.678000,7.805000,7.717000,8.085000
77,75,0,7.984600,8.061000,7.939000,8.028000,8.005000,7.890000
77,76,0,7.683400,7.660000,7.696000,7.599000,7.770000,7.692000
77,77,0,8.136000,8.179000,8.108000,8.180000,8.184000,8.029000
77,78,0,8.018600,8.127000,7.980000,8.040000,8.017000,7.929000
77,79,0,7.762400,7.715000,7.834000,7.761000,7.870000,7.632000
77,80,0,8.070400,8.075000,8.101000,8.070000,8.065000,8.041000
77,81,0,7.973800,7.921000,7.973000,7.988000,8.004000,7.983000
77,82,0,7.511800,7.557000,7.593000,7.542000,7.682000,7.185000
77,83,0,7.746800,7.733000,7.706000,7.822000,7.840000,7.633000
77,84,0,8.139800,8.109000,8.202000,8.025000,8.271000,8.092000
77,85,0,8.098000,8.206000,8.056000,8.111000,8.110000,8.007000
77,86,0,8.030200,7.968000,8.101000,8.154000,7.904000,8.024000
77,87,0,7.940400,7.883000,8.055000,7.905000,8.041000,7.818000
77,88,0,7.914800,7.950000,7.882000,7.816000,7.965000,7.961000
77,89,0,8.016000,8.004000,7.958000,8.068000,8.046000,8.004000
77,90,0,8.055400,8.053000,8.112000,8.031000,8.059000,8.022000
77,91,0,7.834800,7.790000,7.877000,7.884000,7.855000,7.768000
77,92,0,8.040800,8.035000,8.069000,8.091000,8.043000,7.966000
77,93,0,8.016600,8.034000,7.935000,8.052000,8.037000,8.025000
77,94,0,7.803000,7.846000,7.876000,7.793000,8.001000,7.499000
77,95,0,7.873000,7.883000,7.877000,7.903000,7.879000,7.823000
77,96,0,7.981800,7.989000,7.964000,8.060000,8.012000,7.884000
77,97,0,8.121400,8.107000,8.125000,8.121000,8.200000,8.054000
77,98,0,7.459600,7.477000,7.484000,7.570000,7.567000,7.200000
77,99,0,8.103800,8.101000,8.096000,8.161000,8.065000,8.096000
78,0,0,8.161800,8.188000,8.260000,8.141000,8.101000,8.119000
78,1,0,8.136800,8.172000,8.124000,8.079000,8.168000,8.141000
78,2,0,8.202800,8.306000,8.264000,8.141000,8.106000,8.197000
78,3,0,7.873000,7.854000,7.820000,7.885000,7.926000,7.880000
78,4,0,8.218000,8.208000,8.360000,8.175000,8.140000,8.207000
78,5,0,7.985200,7.871000,8.135000,8.000000,8.010000,7.910000
78,6,0,7.968600,7.990000,8.075000,7.951000,7.964000,7.863000
78,7,0,8.115600,8.145000,8.238000,7.996000,8.060000,8.139000
78,8,0,7.764200,7.784000,7.699000,7.854000,7.802000,7.682000
78,9,0,7.875600,7.836000,7.913000,7.774000,7.930000,7.925000
78,10,0,7.990200,8.034000,8.112000,7.970000,7.774000,8.061000
78,11,0,8.022600,7.929000,8.201000,8.020000,7.997000,7.966000
78,12,0,8.191800,8.198000,8.234000,8.194000,8.193000,8.140000
78,13,0,8.099200,8.089000,8.196000,7.985000,8.123000,8.103000
78,14,0,8.094400,8.120000,8.130000,8.041000,8.067000,8.114000
78,15,0,7.923800,7.945000,8.077000,7.882000,7.895000,7.820000
78,16,0,7.799800,7.773000,7.790000,7.827000,7.797000,7.812000
78,17,0,8.095400,8.013000,8.206000,8.012000,8.129000,8.117000
78,18,0,8.107200,8.067000,8.192000,8.124000,8.101000,8.052000
78,19,0,8.171400,8.205000,8.175000,8.136000,8.178000,8.163000
78,20,0,8.179400,8.205000,8.243000,8.233000,8.071000,8.145000
78,21,0,8.043200,8.062000,8.173000,8.046000,7.889000,8.046000
78,22,0,8.136600,8.225000,8.185000,8.108000,8.002000,8.163000
78,23,0,7.912000,7.928000,7.963000,7.888000,7.928000,7.853000
78,24,0,8.063400,8.155000,8.013000,8.038000,8.106000,8.005000
78,25,0,8.072800,8.089000,8.120000,8.043000,8.083000,8.029000
78,26,0,8.094200,7.994000,8.229000,8.138000,8.090000,8.020000
78,27,0,8.005400,7.941000,8.059000,7.967000,8.035000,8.025000
78,28,0,7.931000,8.026000,7.944000,7.872000,7.951000,7.862000
78,29,0,8.093200,8.174000,8.187000,8.063000,8.088000,7.954000
78,30,0,7.957400,8.032000,7.935000,7.987000,7.883000,7.950000
78,31,0,8.085800,8.151000,8.085000,7.993000,8.088000,8.112000
78,32,0,8.197000,8.228000,8.261000,8.185000,8.195000,8.116000
78,33,0,8.030000,8.060000,8.094000,7.912000,8.002000,8.082000
78,34,0,7.649600,7.712000,7.662000,7.651000,7.488000,7.735000
78,35,0,8.117200,8.202000,8.215000,8.059000,8.020000,8.090000
78,36,0,8.027000,8.132000,8.084000,7.980000,7.956000,7.983000
78,37,0,8.158000,8.132000,8.217000,8.219000,8.087000,8.135000
78,38,0,8.122200,8.195000,8.179000,8.093000,8.069000,8.075000
78,39,0,8.206000,8.136000,8.297000,8.176000,8.234000,8.187000
78,40,0,8.119200,8.184000,8.109000,8.128000,8.012000,8.163000
78,41,0,8.201200,8.307000,8.231000,8.102000,8.164000,8.202000
78,42,0,8.141800,8.206000,8.261000,8.024000,8.047000,8.171000
78,43,0,8.085000,8.060000,8.116000,8.104000,8.001000,8.144000
78,44,0,8.034400,8.054000,8.069000,7.981000,8.110000,7.958000
78,45,0,7.261400,7.234000,7.235000,7.224000,7.308000,7.306000
78,46,0,8.027800,8.196000,7.969000,7.846000,8.091000,8.037000
78,47,0,7.996000,8.066000,7.986000,7.948000,7.919000,8.061000
78,48,0,7.933000,7.991000,7.953000,7.856000,7.900000,7.965000
78,49,0,7.938400,7.952000,7.930000,7.869000,7.871000,8.070000
78,50,0,7.910400,7.873000,7.949000,7.931000,7.895000,7.904000
78,51,0,7.604600,7.596000,7.495000,7.521000,7.706000,7.705000
78,52,0,8.109400,8.035000,8.264000,8.091000,8.111000,8.046000
78,53,0,7.799400,7.843000,7.890000,7.774000,7.722000,7.768000
78,54,0,8.096600,8.038000,8.138000,8.075000,8.185000,8.047000
78,55,0,7.898800,7.998000,7.930000,7.896000,7.818000,7.852000
78,56,0,7.213200,7.147000,7.258000,7.288000,7.308000,7.065000
78,57,0,8.089800,8.103000,8.150000,8.080000,8.126000,7.990000
78,58,0,8.040400,8.074000,7.952000,8.070000,8.033000,8.073000
78,59,0,7.841600,7.869000,7.947000,7.794000,7.725000,7.873000
78,60,0,8.103400,8.060000,8.212000,8.023000,8.123000,8.099000
78,61,0,8.048600,8.044000,8.187000,7.985000,8.060000,7.967000
78,62,0,8.159200,8.118000,8.321000,8.113000,8.141000,8.103000
78,63,0,7.771000,7.839000,7.706000,7.739000,7.762000,7.809000
78,64,0,8.093600,8.066000,8.207000,8.165000,8.011000,8.019000
78,65,0,8.086200,8.214000,8.132000,8.089000,7.986000,8.010000
78,66,0,8.064600,8.013000,8.129000,8.035000,8.070000,8.076000
78,67,0,7.938000,7.976000,7.966000,7.966000,7.884000,7.898000
78,68,0,8.214800,8.246000,8.253000,8.165000,8.180000,8.230000
78,69,0,8.118200,8.129000,8.185000,8.133000,8.121000,8.023000
78,70,0,8.072200,8.127000,8.080000,8.117000,8.036000,8.001000
78,71,0,8.178800,8.134000,8.283000,8.192000,8.180000,8.105000
78,72,0,8.109400,8.158000,8.184000,8.046000,8.035000,8.124000
78,73,0,8.116000,8.111000,8.205000,8.136000,8.040000,8.088000
78,74,0,7.583400,7.624000,7.628000,7.466000,7.469000,7.730000
78,75,0,7.988200,8.059000,8.003000,7.955000,7.853000,8.071000
78,76,0,8.057800,8.075000,8.051000,8.149000,7.920000,8.094000
78,77,0,8.008000,8.020000,7.917000,8.018000,7.985000,8.100000
78,78,0,7.951800,8.000000,7.872000,7.897000,8.069000,7.921000
78,79,0,7.826000,7.914000,7.776000,7.819000,7.837000,7.784000
78,80,0,8.108400,8.113000,8.168000,8.001000,8.078000,8.182000
78,81,0,8.097600,8.143000,8.012000,8.100000,8.116000,8.117000
78,82,0,8.069400,8.128000,8.216000,8.012000,8.000000,7.991000
78,83,0,8.052400,8.096000,8.197000,7.973000,7.958000,8.038000
78,84,0,8.015400,8.188000,8.045000,7.803000,8.034000,8.007000
78,85,0,8.158800,8.258000,8.118000,8.161000,8.124000,8.133000
78,86,0,8.100800,8.079000,8.153000,8.127000,8.061000,8.084000
78,87,0,7.736400,7.964000,7.605000,7.654000,7.674000,7.785000
78,88,0,7.983400,8.073000,8.033000,7.874000,7.955000,7.982000
78,89,0,8.110800,8.071000,8.205000,8.045000,8.110000,8.123000
78,90,0,7.630000,7.659000,7.531000,7.617000,7.620000,7.723000
78,91,0,7.916600,7.813000,8.102000,7.892000,7.906000,7.870000
78,92,0,7.956000,7.989000,7.982000,7.877000,7.971000,7.961000
78,93,0,8.055000,8.007000,8.135000,7.950000,8.064000,8.119000
78,94,0,8.071000,8.033000,8.109000,8.038000,8.046000,8.129000
78,95,0,8.070600,8.110000,8.061000,8.122000,8.007000,8.053000
78,96,0,8.114200,8.143000,8.172000,8.056000,8.060000,8.140000
78,97,0,8.095600,8.105000,8.176000,8.113000,8.090000,7.994000
78,98,0,7.869800,7.754000,8.003000,7.843000,7.878000,7.871000
78,99,0,8.131600,8.132000,8.186000,8.212000,8.041000,8.087000
79,0,0,8.187200,8.192000,8.266000,8.250000,7.944000,8.284000
79,1,0,7.952400,8.060000,7.890000,8.008000,7.815000,7.989000
79,2,0,7.835800,7.783000,7.771000,7.865000,7.910000,7.850000
79,3,0,8.108600,8.126000,8.055000,8.217000,7.974000,8.171000
79,4,0,8.033600,8.008000,8.011000,8.040000,7.984000,8.125000
79,5,0,8.094800,8.042000,8.133000,8.255000,7.815000,8.229000
79,6,0,8.115000,8.126000,8.079000,8.197000,8.025000,8.148000
79,7,0,8.137800,8.162000,8.089000,8.217000,7.987000,8.234000
79,8,0,8.093200,8.112000,8.060000,8.184000,7.869000,8.241000
79,9,0,8.057200,8.099000,8.053000,8.179000,7.790000,8.165000
79,10,0,8.025600,8.104000,8.069000,8.035000,7.829000,8.091000
79,11,0,7.955400,8.048000,7.907000,7.996000,7.744000,8.082000
79,12,0,8.114800,8.136000,8.143000,8.192000,7.880000,8.223000
79,13,0,8.168800,8.180000,8.152000,8.260000,8.010000,8.242000
79,14,0,8.084600,8.148000,8.015000,8.130000,7.929000,8.201000
79,15,0,8.104800,8.110000,8.091000,8.130000,7.935000,8.258000
79,16,0,8.127800,8.194000,8.049000,8.169000,8.083000,8.144000
79,17,0,8.036400,8.058000,8.015000,8.068000,7.943000,8.098000
79,18,0,8.077000,8.113000,8.080000,8.143000,7.917000,8.132000
79,19,0,7.863400,7.788000,7.810000,7.909000,7.873000,7.937000
79,20,0,7.771200,7.769000,7.737000,7.666000,7.756000,7.928000
79,21,0,8.029400,8.021000,8.050000,8.110000,7.844000,8.122000
79,22,0,7.940200,7.858000,8.051000,7.929000,7.894000,7.969000
79,23,0,8.079400,8.133000,8.058000,8.121000,8.088000,7.997000
79,24,0,8.070400,8.120000,8.089000,8.140000,7.780000,8.223000
79,25,0,8.049000,7.970000,7.958000,8.191000,7.951000,8.175000
79,26,0,8.075800,8.038000,8.083000,8.235000,7.993000,8.030000
79,27,0,7.574800,7.674000,7.409000,7.615000,7.464000,7.712000
79,28,0,8.019800,8.023000,7.935000,8.094000,7.919000,8.128000
79,29,0,8.116400,8.163000,8.089000,8.189000,7.940000,8.201000
79,30,0,8.052000,8.080000,8.062000,8.088000,7.836000,8.194000
79,31,0,7.749000,7.826000,7.600000,7.688000,7.752000,7.879000
79,32,0,7.827000,7.908000,7.778000,7.813000,7.751000,7.885000
79,33,0,7.711800,7.763000,7.681000,7.772000,7.630000,7.713000
79,34,0,8.006000,7.980000,8.023000,8.058000,7.902000,8.067000
79,35,0,8.064000,8.178000,8.097000,8.272000,7.683000,8.090000
79,36,0,8.217600,8.220000,8.254000,8.217000,8.093000,8.304000
79,37,0,8.081600,8.107000,8.017000,8.161000,8.068000,8.055000
79,38,0,8.149200,8.137000,8.107000,8.243000,8.013000,8.246000
79,39,0,7.378000,7.354000,7.333000,7.487000,7.429000,7.287000
79,40,0,7.027600,7.027000,7.073000,6.850000,7.038000,7.150000
79,41,0,8.045400,8.048000,8.043000,8.116000,8.000000,8.020000
79,42,0,8.119200,8.072000,8.144000,8.124000,8.036000,8.220000
79,43,0,7.684200,7.745000,7.500000,7.613000,7.663000,7.900000
79,44,0,8.120600,8.222000,8.099000,8.135000,7.891000,8.256000
79,45,0,7.610200,7.552000,7.553000,7.587000,7.684000,7.675000
79,46,0,7.783200,7.393000,7.623000,8.039000,7.893000,7.968000
79,47,0,8.082200,8.092000,8.139000,8.146000,7.850000,8.184000
79,48,0,7.828400,7.728000,7.872000,7.874000,7.863000,7.805000
79,49,0,7.477600,7.525000,7.658000,7.364000,7.301000,7.540000
79,50,0,8.161800,8.147000,8.150000,8.272000,7.978000,8.262000
79,51,0,7.612000,7.655000,7.573000,7.553000,7.587000,7.692000
79,52,0,8.067200,8.080000,7.892000,8.177000,7.954000,8.233000
79,53,0,8.098200,8.136000,8.097000,8.205000,7.866000,8.187000
79,54,0,7.457000,7.451000,7.500000,7.671000,7.295000,7.368000
79,55,0,8.030600,7.975000,8.158000,8.066000,8.014000,7.940000
79,56,0,7.975200,8.002000,8.008000,8.006000,7.764000,8.096000
79,57,0,8.159400,8.207000,8.151000,8.196000,8.176000,8.067000
79,58,0,8.101400,8.133000,8.052000,8.222000,7.960000,8.140000
79,59,0,8.166000,8.189000,8.132000,8.168000,8.159000,8.182000
79,60,0,8.115200,8.171000,8.085000,8.156000,7.988000,8.176000
79,61,0,8.158400,8.168000,8.134000,8.241000,8.004000,8.245000
79,62,0,8.137800,8.183000,8.110000,8.140000,8.099000,8.157000
79,63,0,8.154400,8.207000,8.125000,8.211000,8.004000,8.225000
79,64,0,7.975800,8.060000,7.897000,8.067000,7.931000,7.924000
79,65,0,7.629400,7.629000,7.640000,7.558000,7.638000,7.682000
79,66,0,8.159000,8.200000,8.246000,8.242000,7.980000,8.127000
79,67,0,7.778400,7.778000,7.819000,7.704000,7.701000,7.890000
79,68,0,8.145000,8.154000,8.110000,8.213000,8.090000,8.158000
79,69,0,8.158800,8.185000,8.200000,8.232000,7.973000,8.204000
79,70,0,8.171000,8.143000,8.217000,8.255000,7.978000,8.262000
79,71,0,8.042800,7.968000,8.015000,8.090000,7.960000,8.181000
79,72,0,8.145600,8.161000,8.054000,8.227000,8.005000,8.281000
79,73,0,7.995000,8.018000,8.026000,7.978000,7.909000,8.044000
79,74,0,8.225000,8.252000,8.245000,8.315000,8.006000,8.307000
79,75,0,7.766400,7.715000,7.852000,7.753000,7.745000,7.767000
79,76,0,7.576800,7.535000,7.613000,7.532000,7.575000,7.629000
79,77,0,7.433800,7.481000,7.330000,7.275000,7.447000,7.636000
79,78,0,8.173200,8.291000,8.115000,8.169000,7.992000,8.299000
79,79,0,8.043600,8.078000,7.981000,8.051000,8.007000,8.101000
79,80,0,8.010000,8.081000,8.045000,8.111000,7.762000,8.051000
79,81,0,8.066800,8.127000,8.099000,8.160000,7.866000,8.082000
79,82,0,7.695800,7.791000,7.697000,7.669000,7.545000,7.777000
79,83,0,8.164800,8.205000,8.167000,8.244000,7.876000,8.332000
79,84,0,8.002000,8.106000,7.917000,8.032000,7.871000,8.084000
79,85,0,8.183400,8.232000,8.208000,8.229000,8.118000,8.130000
79,86,0,8.192800,8.194000,8.217000,8.234000,7.990000,8.329000
79,87,0,8.106800,8.144000,8.104000,8.216000,7.956000,8.114000
79,88,0,7.106600,7.120000,7.115000,6.962000,7.151000,7.185000
79,89,0,7.933600,7.987000,7.926000,7.941000,7.802000,8.012000
79,90,0,8.112200,8.108000,8.134000,8.209000,7.810000,8.300000
79,91,0,8.174200,8.159000,8.223000,8.286000,7.955000,8.248000
79,92,0,7.794800,7.804000,7.778000,7.788000,7.779000,7.825000
79,93,0,8.126400,8.115000,8.085000,8.181000,8.050000,8.201000
79,94,0,8.084200,8.153000,8.088000,8.196000,7.783000,8.201000
79,95,0,8.138600,8.155000,8.122000,8.250000,7.940000,8.226000
79,96,0,8.043200,8.079000,8.043000,8.063000,7.881000,8.150000
79,97,0,7.903800,7.924000,7.925000,7.974000,7.751000,7.945000
79,98,0,8.178600,8.225000,8.090000,8.203000,8.143000,8.232000
79,99,0,7.876600,7.907000,7.769000,7.884000,7.903000,7.920000
80,0,0,7.912800,7.913000,7.975000,7.947000,7.883000,7.846000
80,1,0,8.058800,8.080000,8.065000,8.097000,8.067000,7.985000
80,2,0,7.990600,8.086000,8.009000,7.896000,7.978000,7.984000
80,3,0,8.002800,7.990000,8.069000,7.925000,7.988000,8.042000
80,4,0,7.930000,7.957000,7.897000,7.955000,7.931000,7.910000
80,5,0,8.014600,8.036000,7.971000,8.084000,8.008000,7.974000
80,6,0,8.183200,8.169000,8.146000,8.180000,8.208000,8.213000
80,7,0,7.637400,7.581000,7.693000,7.627000,7.631000,7.655000
80,8,0,8.059000,8.000000,8.062000,8.026000,8.084000,8.123000
80,9,0,7.401000,7.375000,7.504000,7.460000,7.390000,7.276000
80,10,0,8.114400,8.137000,8.139000,8.039000,8.181000,8.076000
80,11,0,8.228600,8.281000,8.179000,8.182000,8.281000,8.220000
80,12,0,8.197600,8.216000,8.215000,8.192000,8.286000,8.079000
80,13,0,8.008200,8.012000,8.043000,7.999000,7.988000,7.999000
80,14,0,8.016800,7.992000,8.041000,8.046000,8.053000,7.952000
80,15,0,8.007800,7.964000,7.996000,8.035000,7.962000,8.082000
80,16,0,8.066400,8.040000,8.179000,8.034000,7.996000,8.083000
80,17,0,7.938400,7.901000,7.902000,7.963000,7.959000,7.967000
80,18,0,8.162000,8.156000,8.153000,8.153000,8.174000,8.174000
80,19,0,8.181400,8.198000,8.128000,8.140000,8.228000,8.213000
80,20,0,7.768400,7.771000,7.853000,7.872000,7.762000,7.584000
80,21,0,7.878800,7.991000,7.812000,7.776000,7.945000,7.870000
80,22,0,8.007800,8.052000,7.993000,8.023000,7.937000,8.034000
80,23,0,7.310600,7.348000,7.479000,7.238000,7.208000,7.280000
80,24,0,7.884800,7.855000,7.982000,7.957000,7.843000,7.787000
80,25,0,8.118200,8.095000,8.136000,8.103000,8.116000,8.141000
80,26,0,8.041600,8.034000,8.085000,8.014000,8.040000,8.035000
80,27,0,7.560800,7.471000,7.712000,7.532000,7.627000,7.462000
80,28,0,8.096000,8.174000,8.098000,8.119000,8.020000,8.069000
80,29,0,8.031400,7.889000,8.123000,8.244000,8.060000,7.841000
80,30,0,8.147800,8.161000,8.099000,8.136000,8.142000,8.201000
80,31,0,7.933600,7.924000,8.033000,7.938000,7.899000,7.874000
80,32,0,7.504200,7.485000,7.684000,7.551000,7.370000,7.431000
80,33,0,8.034400,8.049000,8.119000,8.010000,8.035000,7.959000
80,34,0,8.144000,8.185000,8.126000,8.106000,8.131000,8.172000
80,35,0,7.942600,7.930000,7.986000,7.902000,7.849000,8.046000
80,36,0,8.142000,8.227000,8.144000,8.108000,8.113000,8.118000
80,37,0,8.201000,8.242000,8.193000,8.212000,8.146000,8.212000
80,38,0,7.867800,7.846000,7.949000,7.909000,7.869000,7.766000
80,39,0,8.063000,8.039000,8.144000,8.058000,8.081000,7.993000
80,40,0,8.148200,8.117000,8.182000,8.234000,8.086000,8.122000
80,41,0,7.916400,8.013000,7.904000,7.929000,7.956000,7.780000
80,42,0,7.984400,7.920000,8.039000,8.103000,7.901000,7.959000
80,43,0,7.766000,7.705000,7.860000,7.806000,7.771000,7.688000
80,44,0,7.976400,7.978000,8.019000,8.084000,7.919000,7.882000
80,45,0,8.026000,8.028000,8.054000,7.943000,8.018000,8.087000
80,46,0,8.063800,8.081000,8.004000,8.128000,8.022000,8.084000
80,47,0,8.026600,8.062000,8.112000,8.065000,7.925000,7.969000
80,48,0,7.979200,7.933000,8.077000,7.949000,7.986000,7.951000
80,49,0,8.070800,8.035000,8.084000,8.022000,8.138000,8.075000
80,50,0,8.045000,8.033000,8.000000,8.019000,8.031000,8.142000
80,51,0,8.147600,8.192000,8.160000,8.145000,8.075000,8.166000
80,52,0,8.104000,8.145000,8.119000,8.036000,8.106000,8.114000
80,53,0,8.083800,8.102000,7.994000,8.046000,8.095000,8.182000
80,54,0,8.049400,8.112000,7.991000,8.052000,8.089000,8.003000
80,55,0,7.939800,7.983000,8.041000,7.963000,7.882000,7.830000
80,56,0,7.819200,7.841000,7.931000,7.830000,7.734000,7.760000
80,57,0,8.162800,8.146000,8.159000,8.101000,8.218000,8.190000
80,58,0,8.178400,8.228000,8.093000,8.200000,8.146000,8.225000
80,59,0,7.866800,7.896000,7.863000,7.938000,7.875000,7.762000
80,60,0,7.503800,7.374000,7.679000,7.474000,7.491000,7.501000
80,61,0,7.810600,7.734000,7.870000,7.746000,7.855000,7.848000
80,62,0,8.071600,8.087000,8.015000,8.056000,8.055000,8.145000
80,63,0,8.193800,8.234000,8.142000,8.145000,8.232000,8.216000
80,64,0,7.957600,7.994000,7.822000,7.976000,7.918000,8.078000
80,65,0,7.994400,8.016000,8.041000,8.038000,7.899000,7.978000
80,66,0,7.898800,7.933000,7.945000,7.847000,7.874000,7.895000
80,67,0,8.050600,7.999000,8.176000,8.064000,7.994000,8.020000
80,68,0,7.936200,7.961000,7.988000,7.873000,7.990000,7.869000
80,69,0,7.993400,7.998000,8.024000,8.025000,7.975000,7.945000
80,70,0,8.112000,8.115000,8.130000,8.149000,8.051000,8.115000
80,71,0,8.129800,8.187000,8.064000,8.090000,8.186000,8.122000
80,72,0,7.813200,7.829000,7.952000,7.784000,7.863000,7.638000
80,73,0,7.892400,7.966000,7.878000,7.917000,7.874000,7.827000
80,74,0,7.628600,7.538000,7.709000,7.702000,7.585000,7.609000
80,75,0,8.073600,8.009000,8.138000,8.067000,8.108000,8.046000
80,76,0,8.005600,7.999000,8.011000,7.948000,8.092000,7.978000
80,77,0,8.183600,8.179000,8.194000,8.242000,8.169000,8.134000
80,78,0,8.071400,8.133000,8.031000,8.107000,8.080000,8.006000
80,79,0,8.061200,8.099000,8.011000,7.972000,8.097000,8.127000
80,80,0,8.139400,8.163000,8.191000,8.165000,8.105000,8.073000
80,81,0,8.052800,8.075000,8.084000,8.072000,8.049000,7.984000
80,82,0,8.094000,8.173000,8.116000,8.071000,8.026000,8.084000
80,83,0,8.076800,8.007000,8.051000,8.106000,8.091000,8.129000
80,84,0,7.912400,7.897000,8.082000,7.920000,7.860000,7.803000
80,85,0,8.089400,8.015000,8.195000,8.120000,8.148000,7.969000
80,86,0,7.570600,7.536000,7.660000,7.597000,7.568000,7.492000
80,87,0,8.076000,8.143000,7.996000,8.066000,8.024000,8.151000
80,88,0,7.949200,7.797000,8.037000,7.972000,8.043000,7.897000
80,89,0,8.061800,8.056000,8.019000,8.062000,8.099000,8.073000
80,90,0,7.412400,7.291000,7.445000,7.433000,7.502000,7.391000
80,91,0,8.098000,8.117000,8.108000,8.067000,8.067000,8.131000
80,92,0,8.054200,7.832000,8.145000,8.067000,8.131000,8.096000
80,93,0,8.034400,8.022000,7.877000,8.074000,8.049000,8.150000
80,94,0,8.073800,8.003000,8.075000,8.153000,8.098000,8.040000
80,95,0,7.741000,7.738000,7.861000,7.634000,7.778000,7.694000
80,96,0,8.063600,8.018000,8.155000,8.088000,8.038000,8.019000
80,97,0,7.917600,7.969000,7.899000,7.889000,7.929000,7.902000
80,98,0,7.951400,7.966000,7.957000,8.027000,7.888000,7.919000
80,99,0,8.097200,8.108000,8.074000,8.075000,8.112000,8.117000
81,0,0,8.043200,8.073000,8.009000,8.120000,7.956000,8.058000
81,1,0,8.091600,8.174000,8.108000,7.970000,8.131000,8.075000
81,2,0,8.006200,7.993000,8.065000,7.979000,8.023000,7.971000
81,3,0,7.710400,7.851000,7.707000,7.668000,7.549000,7.777000
81,4,0,8.003000,8.105000,7.974000,8.066000,7.885000,7.985000
81,5,0,8.108400,8.103000,8.183000,8.065000,8.128000,8.063000
81,6,0,7.717000,7.747000,7.688000,7.627000,7.744000,7.779000
81,7,0,7.852600,7.895000,7.981000,7.754000,7.820000,7.813000
81,8,0,7.813400,7.654000,7.848000,7.731000,7.994000,7.840000
81,9,0,7.714000,7.880000,7.532000,7.687000,7.615000,7.856000
81,10,0,7.966200,8.030000,7.939000,8.028000,8.011000,7.823000
81,11,0,8.078400,8.107000,8.118000,8.119000,8.048000,8.000000
81,12,0,8.072400,7.977000,8.096000,8.101000,8.164000,8.024000
81,13,0,7.578400,7.643000,7.601000,7.514000,7.546000,7.588000
81,14,0,8.097600,8.187000,8.116000,8.022000,8.107000,8.056000
81,15,0,8.134600,8.117000,8.214000,8.139000,8.082000,8.121000
81,16,0,8.142800,8.135000,8.168000,8.176000,8.158000,8.077000
81,17,0,8.055000,7.997000,8.063000,7.975000,8.105000,8.135000
81,18,0,7.874000,7.805000,7.809000,7.875000,7.994000,7.887000
81,19,0,8.014600,7.818000,8.134000,8.014000,8.102000,8.005000
81,20,0,7.782000,7.913000,7.703000,7.768000,7.706000,7.820000
81,21,0,8.070200,8.050000,8.132000,8.034000,8.085000,8.050000
81,22,0,8.150600,8.111000,8.151000,8.148000,8.255000,8.088000
81,23,0,8.151800,8.125000,8.269000,8.178000,8.191000,7.996000
81,24,0,8.027200,8.069000,7.885000,8.023000,8.125000,8.034000
81,25,0,8.068000,8.153000,8.098000,8.086000,8.043000,7.960000
81,26,0,7.963600,7.828000,8.087000,7.887000,7.972000,8.044000
81,27,0,8.103800,7.975000,8.082000,8.172000,8.168000,8.122000
81,28,0,7.984800,8.060000,8.088000,8.035000,7.853000,7.888000
81,29,0,8.129800,8.161000,8.178000,8.042000,8.134000,8.134000
81,30,0,7.943800,8.092000,7.926000,7.864000,7.937000,7.900000
81,31,0,7.604200,7.607000,7.662000,7.478000,7.533000,7.741000
81,32,0,8.091200,8.044000,8.078000,8.065000,8.106000,8.163000
81,33,0,7.956200,8.035000,7.943000,7.958000,7.873000,7.972000
81,34,0,8.101200,8.106000,8.198000,7.932000,8.206000,8.064000
81,35,0,8.046600,8.061000,8.103000,8.113000,7.978000,7.978000
81,36,0,8.032800,8.089000,7.968000,7.999000,8.112000,7.996000
81,37,0,7.872200,7.685000,7.594000,7.937000,8.111000,8.034000
81,38,0,7.972800,7.985000,7.895000,7.965000,7.974000,8.045000
81,39,0,8.122600,8.069000,8.178000,8.146000,8.112000,8.108000
81,40,0,8.180400,8.128000,8.174000,8.279000,8.190000,8.131000
81,41,0,8.085800,8.049000,8.103000,8.060000,8.084000,8.133000
81,42,0,8.094000,8.171000,8.032000,8.076000,8.047000,8.144000
81,43,0,8.079200,8.015000,8.127000,8.049000,8.082000,8.123000
81,44,0,8.096600,8.082000,8.171000,8.135000,8.089000,8.006000
81,45,0,7.683600,7.738000,7.716000,7.674000,7.657000,7.633000
81,46,0,8.222000,8.239000,8.219000,8.254000,8.199000,8.199000
81,47,0,6.985800,7.122000,6.905000,7.066000,6.787000,7.049000
81,48,0,7.981400,7.874000,8.068000,7.908000,8.114000,7.943000
81,49,0,8.019400,8.040000,8.020000,7.976000,7.982000,8.079000
81,50,0,8.085200,8.000000,8.094000,8.156000,8.154000,8.022000
81,51,0,8.144400,8.116000,8.167000,8.204000,8.119000,8.116000
81,52,0,7.883800,7.848000,7.866000,7.807000,7.891000,8.007000
81,53,0,7.924000,7.924000,8.053000,7.854000,7.946000,7.843000
81,54,0,8.147800,8.176000,8.187000,8.227000,8.083000,8.066000
81,55,0,8.001200,8.114000,7.848000,8.124000,7.981000,7.939000
81,56,0,8.116200,8.137000,8.130000,8.118000,8.140000,8.056000
81,57,0,7.218000,7.416000,7.100000,7.151000,7.109000,7.314000
81,58,0,7.303200,7.340000,7.193000,7.374000,7.190000,7.419000
81,59,0,8.135600,8.172000,8.132000,8.106000,8.098000,8.170000
81,60,0,7.989800,8.032000,7.988000,7.974000,7.924000,8.031000
81,61,0,7.834400,7.767000,7.931000,7.889000,7.810000,7.775000
81,62,0,8.062000,8.077000,8.045000,7.996000,8.094000,8.098000
81,63,0,8.104800,7.966000,8.135000,8.185000,8.093000,8.145000
81,64,0,7.991600,8.046000,8.079000,8.061000,7.865000,7.907000
81,65,0,7.706400,7.792000,7.779000,7.686000,7.528000,7.747000
81,66,0,8.092000,8.066000,8.065000,8.144000,8.087000,8.098000
81,67,0,8.067400,8.029000,8.086000,8.075000,8.098000,8.049000
81,68,0,8.043400,7.989000,8.025000,8.061000,8.090000,8.052000
81,69,0,8.116400,8.141000,8.193000,8.126000,8.051000,8.071000
81,70,0,8.059400,8.030000,8.051000,8.096000,8.042000,8.078000
81,71,0,7.638600,7.778000,7.784000,7.499000,7.468000,7.664000
81,72,0,8.028400,8.080000,7.956000,8.024000,8.105000,7.977000
81,73,0,8.054600,8.038000,8.015000,8.047000,8.107000,8.066000
81,74,0,7.825200,7.862000,7.751000,7.681000,7.843000,7.989000
81,75,0,8.027000,8.101000,7.974000,8.005000,7.961000,8.094000
81,76,0,8.172600,8.251000,8.152000,8.125000,8.174000,8.161000
81,77,0,7.877800,7.927000,7.904000,7.846000,7.839000,7.873000
81,78,0,7.995800,8.019000,8.093000,7.917000,8.000000,7.950000
81,79,0,8.033600,7.919000,8.052000,8.073000,8.080000,8.044000
81,80,0,8.097600,8.145000,8.072000,8.183000,8.033000,8.055000
81,81,0,7.942800,8.022000,7.888000,7.972000,7.883000,7.949000
81,82,0,7.977200,7.989000,7.944000,8.026000,7.983000,7.944000
81,83,0,8.104000,8.107000,8.169000,8.066000,8.114000,8.064000
81,84,0,8.109000,8.084000,8.131000,8.071000,8.252000,8.007000
81,85,0,8.094000,8.094000,8.082000,8.082000,8.126000,8.086000
81,86,0,8.089800,8.092000,8.104000,8.061000,8.140000,8.052000
81,87,0,7.454600,7.575000,7.545000,7.317000,7.288000,7.548000
81,88,0,8.092800,8.145000,8.127000,8.035000,8.051000,8.106000
81,89,0,7.930400,7.864000,7.930000,7.957000,7.827000,8.074000
81,90,0,7.897800,7.991000,7.865000,7.873000,7.945000,7.815000
81,91,0,7.988400,8.129000,8.013000,7.903000,7.924000,7.973000
81,92,0,7.588800,7.774000,7.557000,7.435000,7.507000,7.671000
81,93,0,8.157000,8.224000,8.114000,8.158000,8.144000,8.145000
81,94,0,8.051400,8.065000,8.112000,7.983000,8.089000,8.008000
81,95,0,8.035200,7.931000,8.027000,8.068000,8.066000,8.084000
81,96,0,8.069800,8.103000,8.012000,8.089000,8.053000,8.092000
81,97,0,7.989600,8.043000,8.034000,8.011000,7.823000,8.037000
81,98,0,8.014200,8.012000,8.124000,7.946000,8.037000,7.952000
81,99,0,8.081800,8.067000,8.116000,8.129000,8.083000,8.014000
82,0,0,8.108800,8.156000,8.083000,8.129000,8.141000,8.035000
82,1,0,7.511400,7.619000,7.432000,7.627000,7.454000,7.425000
82,2,0,8.005800,8.118000,8.007000,8.001000,7.875000,8.028000
82,3,0,8.020600,8.162000,7.953000,8.018000,7.989000,7.981000
82,4,0,8.194400,8.167000,8.206000,8.175000,8.136000,8.288000
82,5,0,8.067000,8.146000,8.076000,8.058000,7.966000,8.089000
82,6,0,8.227200,8.291000,8.238000,8.169000,8.204000,8.234000
82,7,0,8.239200,8.345000,8.141000,8.237000,8.237000,8.236000
82,8,0,8.075200,8.011000,8.055000,8.138000,8.113000,8.059000
82,9,0,6.693200,6.643000,6.764000,6.692000,6.667000,6.700000
82,10,0,8.258000,8.313000,8.280000,8.215000,8.241000,8.241000
82,11,0,8.089800,8.168000,8.033000,8.065000,8.080000,8.103000
82,12,0,7.495000,7.469000,7.590000,7.484000,7.396000,7.536000
82,13,0,8.083000,8.174000,8.033000,8.072000,8.032000,8.104000
82,14,0,8.100000,8.129000,8.109000,8.219000,7.983000,8.060000
82,15,0,8.088600,8.132000,8.115000,8.082000,8.040000,8.074000
82,16,0,8.027400,8.042000,7.996000,8.099000,7.992000,8.008000
82,17,0,7.517600,7.636000,7.512000,7.630000,7.351000,7.459000
82,18,0,8.089000,7.999000,8.164000,8.098000,7.966000,8.218000
82,19,0,8.067800,8.102000,8.027000,8.163000,8.046000,8.001000
82,20,0,8.124600,8.154000,8.109000,8.137000,8.104000,8.119000
82,21,0,8.087800,8.181000,8.079000,8.111000,7.971000,8.097000
82,22,0,8.111400,8.187000,8.191000,8.138000,7.974000,8.067000
82,23,0,8.198600,8.134000,8.232000,8.250000,8.131000,8.246000
82,24,0,7.994800,8.050000,8.048000,8.028000,7.824000,8.024000
82,25,0,8.201800,8.269000,8.243000,8.219000,8.157000,8.121000
82,26,0,8.104600,8.145000,8.099000,8.095000,8.038000,8.146000
82,27,0,7.769200,7.987000,7.800000,7.625000,7.664000,7.770000
82,28,0,8.156000,8.270000,8.140000,8.187000,8.123000,8.060000
82,29,0,8.224400,8.339000,8.228000,8.236000,8.071000,8.248000
82,30,0,7.876000,7.940000,7.886000,7.896000,7.914000,7.744000
82,31,0,7.984600,8.005000,8.069000,7.985000,7.929000,7.935000
82,32,0,7.887000,8.052000,7.772000,7.970000,7.758000,7.883000
82,33,0,7.890200,7.886000,7.950000,7.827000,7.859000,7.929000
82,34,0,8.130400,8.163000,8.245000,8.127000,7.988000,8.129000
82,35,0,8.111000,8.204000,8.145000,8.138000,7.974000,8.094000
82,36,0,8.226000,8.196000,8.250000,8.303000,8.191000,8.190000
82,37,0,7.424000,7.500000,7.435000,7.437000,7.209000,7.539000
82,38,0,8.046600,8.114000,8.070000,8.015000,8.026000,8.008000
82,39,0,7.991000,8.061000,8.023000,7.958000,7.898000,8.015000
82,40,0,8.004200,8.102000,8.111000,7.961000,7.859000,7.988000
82,41,0,8.029000,7.990000,8.096000,8.043000,8.034000,7.982000
82,42,0,8.227600,8.277000,8.245000,8.297000,8.168000,8.151000
82,43,0,7.806200,7.965000,7.938000,7.835000,7.725000,7.568000
82,44,0,8.125600,8.198000,8.068000,8.146000,8.103000,8.113000
82,45,0,7.483200,7.481000,7.444000,7.415000,7.485000,7.591000
82,46,0,8.067800,8.100000,8.074000,8.044000,8.015000,8.106000
82,47,0,7.985800,7.988000,8.066000,7.960000,7.942000,7.973000
82,48,0,8.175800,8.213000,8.237000,8.233000,8.055000,8.141000
82,49,0,8.151200,8.191000,8.184000,8.125000,8.094000,8.162000
82,50,0,8.095200,8.185000,8.121000,8.020000,8.058000,8.092000
82,51,0,8.097200,8.081000,8.115000,8.122000,8.030000,8.138000
82,52,0,8.166400,8.236000,8.179000,8.144000,8.059000,8.214000
82,53,0,8.230400,8.343000,8.200000,8.333000,8.116000,8.160000
82,54,0,7.992800,8.053000,8.014000,7.960000,8.024000,7.913000
82,55,0,7.314200,7.399000,7.319000,7.248000,7.279000,7.326000
82,56,0,8.113000,8.080000,8.122000,8.158000,8.080000,8.125000
82,57,0,8.105400,8.156000,8.076000,8.073000,8.086000,8.136000
82,58,0,8.208200,8.294000,8.195000,8.177000,8.183000,8.192000
82,59,0,8.213400,8.260000,8.212000,8.163000,8.175000,8.257000
82,60,0,7.942800,7.986000,7.913000,7.948000,7.856000,8.011000
82,61,0,8.153800,8.219000,8.186000,8.111000,8.106000,8.147000
82,62,0,8.032800,8.146000,8.027000,7.978000,7.939000,8.074000
82,63,0,7.406400,7.433000,7.435000,7.427000,7.253000,7.484000
82,64,0,7.827000,7.974000,7.777000,7.793000,7.791000,7.800000
82,65,0,8.170600,8.253000,8.222000,8.109000,8.154000,8.115000
82,66,0,7.413200,7.537000,7.504000,7.343000,7.354000,7.328000
82,67,0,8.221200,8.326000,8.212000,8.181000,8.181000,8.206000
82,68,0,8.144600,8.219000,8.230000,8.144000,7.983000,8.147000
82,69,0,8.178600,8.260000,8.207000,8.234000,8.097000,8.095000
82,70,0,8.127600,8.173000,8.148000,8.167000,8.070000,8.080000
82,71,0,8.192000,8.263000,8.174000,8.214000,8.200000,8.109000
82,72,0,8.172200,8.253000,8.175000,8.204000,8.070000,8.159000
82,73,0,8.149400,8.313000,8.191000,8.027000,8.078000,8.138000
82,74,0,7.700200,7.720000,7.689000,7.851000,7.610000,7.631000
82,75,0,8.272000,8.260000,8.245000,8.359000,8.187000,8.309000
82,76,0,8.035200,8.079000,8.103000,8.108000,7.939000,7.947000
82,77,0,8.170400,8.237000,8.230000,8.176000,8.095000,8.114000
82,78,0,8.154200,8.250000,8.079000,8.246000,8.036000,8.160000
82,79,0,8.175600,8.299000,8.199000,8.134000,8.144000,8.102000
82,80,0,7.757400,7.715000,7.768000,7.795000,7.716000,7.793000
82,81,0,8.214400,8.265000,8.199000,8.306000,8.110000,8.192000
82,82,0,8.036600,8.081000,8.099000,8.040000,7.972000,7.991000
82,83,0,7.998600,8.003000,8.042000,8.016000,7.915000,8.017000
82,84,0,8.237600,8.278000,8.247000,8.320000,8.130000,8.213000
82,85,0,8.181200,8.234000,8.140000,8.229000,8.120000,8.183000
82,86,0,7.897400,7.996000,7.879000,7.855000,7.851000,7.906000
82,87,0,7.795400,7.877000,7.674000,7.830000,7.743000,7.853000
82,88,0,8.159000,8.212000,8.174000,8.186000,8.070000,8.153000
82,89,0,8.045400,8.051000,8.012000,8.033000,8.004000,8.127000
82,90,0,7.952200,8.092000,7.911000,7.990000,7.882000,7.886000
82,91,0,7.692200,7.691000,7.745000,7.772000,7.561000,7.692000
82,92,0,7.995000,8.096000,8.016000,7.989000,7.844000,8.030000
82,93,0,7.902600,8.090000,7.852000,7.909000,7.796000,7.866000
82,94,0,7.326400,7.453000,7.246000,7.389000,7.264000,7.280000
82,95,0,7.992400,7.956000,8.061000,8.113000,7.824000,8.008000
82,96,0,8.156800,8.230000,8.228000,8.129000,8.168000,8.029000
82,97,0,8.107400,8.200000,8.150000,8.128000,7.980000,8.079000
82,98,0,7.943200,7.983000,7.909000,8.048000,7.867000,7.909000
82,99,0,8.141600,8.212000,8.168000,8.094000,8.068000,8.166000
83,0,0,7.882400,7.824000,7.829000,7.987000,7.884000,7.888000
83,1,0,8.002000,8.002000,8.024000,8.056000,8.001000,7.927000
83,2,0,8.100600,8.108000,8.143000,8.174000,8.020000,8.058000
83,3,0,8.207600,8.130000,8.260000,8.307000,8.170000,8.171000
83,4,0,8.056600,7.917000,8.112000,8.126000,8.058000,8.070000
83,5,0,8.084000,8.064000,8.126000,8.082000,8.084000,8.064000
83,6,0,7.883400,7.926000,7.857000,7.959000,7.946000,7.729000
83,7,0,8.190600,8.125000,8.276000,8.226000,8.219000,8.107000
83,8,0,7.976200,8.035000,7.823000,8.075000,7.979000,7.969000
83,9,0,8.163400,8.190000,8.149000,8.168000,8.193000,8.117000
83,10,0,8.112400,8.098000,8.196000,8.114000,8.031000,8.123000
83,11,0,8.122800,8.130000,8.140000,8.184000,8.141000,8.019000
83,12,0,8.084000,8.089000,8.099000,8.163000,7.983000,8.086000
83,13,0,8.004200,7.923000,7.949000,8.209000,8.037000,7.903000
83,14,0,8.115600,8.139000,8.167000,8.099000,8.113000,8.060000
83,15,0,8.157200,8.158000,8.121000,8.221000,8.178000,8.108000
83,16,0,7.966000,7.983000,7.895000,8.140000,7.987000,7.825000
83,17,0,7.922400,7.853000,7.854000,8.089000,7.936000,7.880000
83,18,0,8.167200,8.148000,8.145000,8.214000,8.160000,8.169000
83,19,0,8.135200,8.140000,8.198000,8.237000,7.973000,8.128000
83,20,0,7.794600,7.867000,7.689000,7.925000,7.691000,7.801000
83,21,0,8.038600,8.009000,8.074000,7.973000,8.166000,7.971000
83,22,0,8.138800,8.141000,8.141000,8.141000,8.158000,8.113000
83,23,0,8.248200,8.225000,8.263000,8.358000,8.248000,8.147000
83,24,0,8.006400,7.977000,8.089000,8.006000,7.956000,8.004000
83,25,0,8.126600,8.096000,8.115000,8.139000,8.163000,8.120000
83,26,0,8.132400,8.117000,8.179000,8.171000,8.129000,8.066000
83,27,0,8.122400,8.110000,8.102000,8.154000,8.190000,8.056000
83,28,0,7.823000,7.728000,7.836000,7.948000,7.885000,7.718000
83,29,0,8.121800,8.159000,8.130000,8.132000,8.118000,8.070000
83,30,0,8.060400,8.012000,8.051000,8.008000,8.103000,8.128000
83,31,0,8.052400,8.010000,8.085000,8.116000,8.001000,8.050000
83,32,0,8.118400,8.076000,8.124000,8.196000,8.071000,8.125000
83,33,0,7.942400,7.935000,7.949000,8.000000,8.022000,7.806000
83,34,0,7.577600,7.578000,7.424000,7.796000,7.541000,7.549000
83,35,0,8.181600,8.279000,8.118000,8.287000,8.107000,8.117000
83,36,0,8.173600,8.191000,8.143000,8.257000,8.125000,8.152000
83,37,0,8.115600,7.974000,8.034000,8.316000,8.094000,8.160000
83,38,0,8.080000,8.042000,8.024000,8.127000,8.105000,8.102000
83,39,0,8.085600,8.042000,8.124000,8.131000,7.995000,8.136000
83,40,0,8.105000,8.117000,8.111000,8.234000,8.039000,8.024000
83,41,0,8.049000,8.100000,8.086000,8.024000,8.032000,8.003000
83,42,0,8.140200,8.078000,8.151000,8.215000,8.178000,8.079000
83,43,0,8.044200,8.045000,7.952000,8.163000,8.086000,7.975000
83,44,0,7.887200,7.931000,7.769000,7.970000,7.947000,7.819000
83,45,0,8.268000,8.331000,8.207000,8.373000,8.194000,8.235000
83,46,0,8.011600,7.991000,8.125000,8.132000,7.903000,7.907000
83,47,0,7.321400,7.339000,7.135000,7.533000,7.340000,7.260000
83,48,0,8.165400,8.115000,8.135000,8.269000,8.202000,8.106000
83,49,0,7.873200,8.000000,7.814000,7.976000,7.823000,7.753000
83,50,0,8.112600,8.096000,8.082000,8.196000,8.065000,8.124000
83,51,0,8.152000,8.168000,8.197000,8.096000,8.180000,8.119000
83,52,0,8.018000,8.067000,7.859000,8.149000,8.022000,7.993000
83,53,0,8.211000,8.194000,8.242000,8.270000,8.127000,8.222000
83,54,0,7.670800,7.736000,7.614000,7.810000,7.568000,7.626000
83,55,0,8.169200,8.143000,8.204000,8.274000,8.059000,8.166000
83,56,0,7.524000,7.439000,7.462000,7.629000,7.534000,7.556000
83,57,0,8.109200,8.124000,8.116000,8.182000,8.157000,7.967000
83,58,0,8.136000,8.141000,8.157000,8.213000,8.052000,8.117000
83,59,0,7.982200,7.934000,7.939000,8.113000,7.974000,7.951000
83,60,0,8.032200,8.159000,8.012000,8.005000,8.079000,7.906000
83,61,0,7.856400,7.856000,7.709000,8.039000,7.832000,7.846000
83,62,0,8.106800,8.078000,8.143000,8.303000,7.919000,8.091000
83,63,0,8.111000,8.163000,8.102000,8.119000,8.101000,8.070000
83,64,0,8.090000,8.054000,8.216000,8.135000,8.037000,8.008000
83,65,0,8.096600,8.058000,8.089000,8.207000,7.950000,8.179000
83,66,0,8.012200,8.047000,8.019000,8.153000,7.942000,7.900000
83,67,0,8.182400,8.165000,8.157000,8.286000,8.205000,8.099000
83,68,0,8.108400,8.138000,8.057000,8.194000,8.145000,8.008000
83,69,0,8.184400,8.157000,8.192000,8.301000,8.098000,8.174000
83,70,0,8.156400,8.140000,8.255000,8.144000,8.139000,8.104000
83,71,0,8.032400,7.927000,7.984000,8.173000,8.082000,7.996000
83,72,0,8.013800,7.990000,7.919000,8.111000,8.080000,7.969000
83,73,0,8.159400,8.169000,8.220000,8.215000,8.103000,8.090000
83,74,0,8.160400,8.156000,8.267000,8.060000,8.166000,8.153000
83,75,0,7.792000,7.776000,7.700000,7.971000,7.826000,7.687000
83,76,0,8.169000,8.194000,8.130000,8.191000,8.156000,8.174000
83,77,0,7.697600,7.619000,7.794000,7.742000,7.698000,7.635000
83,78,0,7.976600,7.933000,7.884000,8.111000,7.995000,7.960000
83,79,0,8.073400,8.146000,8.034000,8.103000,8.035000,8.049000
83,80,0,8.074600,8.111000,8.118000,8.189000,7.943000,8.012000
83,81,0,8.116000,8.171000,8.121000,8.086000,8.145000,8.057000
83,82,0,8.018200,8.016000,7.968000,8.085000,8.004000,8.018000
83,83,0,8.219200,8.210000,8.183000,8.313000,8.148000,8.242000
83,84,0,7.954400,7.978000,7.778000,8.215000,7.968000,7.833000
83,85,0,7.947000,8.026000,8.067000,7.975000,7.753000,7.914000
83,86,0,8.115600,8.081000,8.176000,8.173000,8.156000,7.992000
83,87,0,7.843800,7.809000,7.744000,8.035000,7.788000,7.843000
83,88,0,8.111600,8.155000,8.146000,8.115000,8.049000,8.093000
83,89,0,8.073000,8.054000,7.996000,8.251000,8.016000,8.048000
83,90,0,8.013800,8.007000,7.991000,8.169000,7.947000,7.955000
83,91,0,8.150400,8.129000,8.053000,8.255000,8.202000,8.113000
83,92,0,7.989400,8.064000,8.034000,8.042000,7.731000,8.076000
83,93,0,8.154600,8.091000,8.183000,8.178000,8.143000,8.178000
83,94,0,7.485800,7.329000,7.415000,7.625000,7.535000,7.525000
83,95,0,7.807600,7.894000,7.680000,7.881000,7.896000,7.687000
83,96,0,8.129400,8.121000,8.061000,8.206000,8.093000,8.166000
83,97,0,8.126800,8.126000,8.111000,8.162000,8.098000,8.137000
83,98,0,8.094800,8.153000,8.069000,8.048000,8.160000,8.044000
83,99,0,7.702800,7.780000,7.646000,8.025000,7.622000,7.441000
84,0,0,7.978400,7.997000,8.172000,7.979000,7.928000,7.816000
84,1,0,8.138800,8.073000,8.283000,8.238000,8.040000,8.060000
84,2,0,8.096800,8.134000,8.196000,8.208000,7.906000,8.040000
84,3,0,8.082600,8.052000,8.222000,8.140000,7.928000,8.071000
84,4,0,8.148800,8.084000,8.297000,8.159000,8.116000,8.088000
84,5,0,7.972800,8.042000,8.074000,7.918000,7.852000,7.978000
84,6,0,8.175000,8.145000,8.290000,8.333000,8.056000,8.051000
84,7,0,8.122400,8.092000,8.259000,8.211000,8.047000,8.003000
84,8,0,8.137800,8.010000,8.244000,8.254000,8.115000,8.066000
84,9,0,7.823200,7.745000,7.976000,7.868000,7.743000,7.784000
84,10,0,8.116000,8.068000,8.225000,8.172000,8.031000,8.084000
84,11,0,7.720200,7.740000,7.832000,7.794000,7.619000,7.616000
84,12,0,8.135600,8.146000,8.201000,8.245000,8.015000,8.071000
84,13,0,7.939600,7.962000,7.965000,8.024000,7.795000,7.952000
84,14,0,8.244200,8.208000,8.347000,8.300000,8.134000,8.232000
84,15,0,8.105400,8.021000,8.206000,8.156000,8.008000,8.136000
84,16,0,8.277400,8.254000,8.360000,8.310000,8.203000,8.260000
84,17,0,8.091400,8.126000,8.145000,8.177000,7.927000,8.082000
84,18,0,8.170000,8.191000,8.152000,8.260000,8.103000,8.144000
84,19,0,7.895400,7.911000,7.958000,8.008000,7.689000,7.911000
84,20,0,8.148200,8.028000,8.299000,8.224000,8.174000,8.016000
84,21,0,8.138600,8.205000,8.273000,8.205000,7.974000,8.036000
84,22,0,8.130000,8.172000,8.282000,8.141000,8.021000,8.034000
84,23,0,8.169000,8.082000,8.341000,8.127000,8.220000,8.075000
84,24,0,8.160600,8.176000,8.214000,8.167000,8.096000,8.150000
84,25,0,7.971000,8.088000,8.051000,7.974000,7.859000,7.883000
84,26,0,8.150200,8.163000,8.204000,8.191000,8.080000,8.113000
84,27,0,8.182600,8.237000,8.247000,8.256000,8.106000,8.067000
84,28,0,8.102600,8.165000,8.208000,8.175000,7.938000,8.027000
84,29,0,8.053400,8.152000,8.133000,7.923000,7.977000,8.082000
84,30,0,8.199200,8.101000,8.338000,8.241000,8.197000,8.119000
84,31,0,8.192400,8.119000,8.405000,8.213000,8.097000,8.128000
84,32,0,8.251800,8.153000,8.330000,8.325000,8.191000,8.260000
84,33,0,8.115200,8.063000,8.317000,8.140000,8.040000,8.016000
84,34,0,8.281400,8.257000,8.313000,8.325000,8.288000,8.224000
84,35,0,8.120800,8.073000,8.266000,8.084000,8.063000,8.118000
84,36,0,8.191800,8.103000,8.391000,8.286000,8.065000,8.114000
84,37,0,8.197200,8.219000,8.181000,8.252000,8.117000,8.217000
84,38,0,7.789600,7.931000,7.860000,7.710000,7.666000,7.781000
84,39,0,8.120200,8.049000,8.213000,8.150000,8.078000,8.111000
84,40,0,7.994400,8.044000,8.058000,8.074000,7.981000,7.815000
84,41,0,7.852800,7.823000,7.953000,7.913000,7.678000,7.897000
84,42,0,8.129600,8.095000,8.143000,8.269000,8.150000,7.991000
84,43,0,7.834800,7.954000,7.973000,7.838000,7.690000,7.719000
84,44,0,7.923400,7.872000,7.976000,8.087000,7.802000,7.880000
84,45,0,8.263800,8.243000,8.419000,8.329000,8.223000,8.105000
84,46,0,8.132800,8.058000,8.235000,8.180000,8.102000,8.089000
84,47,0,7.872600,7.860000,7.885000,8.005000,7.746000,7.867000
84,48,0,8.099600,8.051000,8.253000,8.119000,8.004000,8.071000
84,49,0,8.070000,8.085000,8.150000,8.141000,7.977000,7.997000
84,50,0,8.230800,8.274000,8.354000,8.189000,8.141000,8.196000
84,51,0,8.161800,8.092000,8.352000,8.137000,8.115000,8.113000
84,52,0,8.153800,8.048000,8.318000,8.287000,8.008000,8.108000
84,53,0,8.015400,8.035000,8.060000,8.120000,7.820000,8.042000
84,54,0,8.154800,8.136000,8.393000,8.237000,8.020000,7.988000
84,55,0,8.198600,8.206000,8.296000,8.229000,8.087000,8.175000
84,56,0,7.818200,7.879000,7.977000,7.881000,7.561000,7.793000
84,57,0,8.188800,8.208000,8.296000,8.221000,8.036000,8.183000
84,58,0,8.262200,8.172000,8.362000,8.246000,8.293000,8.238000
84,59,0,8.112200,8.026000,8.247000,8.176000,8.056000,8.056000
84,60,0,8.070600,8.095000,8.155000,8.162000,7.949000,7.992000
84,61,0,8.162000,8.021000,8.266000,8.192000,8.131000,8.200000
84,62,0,8.027600,8.017000,8.142000,8.138000,7.905000,7.936000
84,63,0,8.200800,8.129000,8.290000,8.245000,8.142000,8.198000
84,64,0,8.104000,8.123000,8.209000,8.101000,8.029000,8.058000
84,65,0,8.040800,8.066000,8.108000,8.099000,7.916000,8.015000
84,66,0,8.109600,8.174000,8.317000,8.206000,7.910000,7.941000
84,67,0,8.184600,8.052000,8.326000,8.279000,8.190000,8.076000
84,68,0,8.054400,8.087000,8.176000,8.175000,7.809000,8.025000
84,69,0,8.158800,8.165000,8.216000,8.186000,8.168000,8.059000
84,70,0,8.062600,7.963000,8.144000,8.158000,8.019000,8.029000
84,71,0,8.046400,8.022000,8.178000,8.068000,7.941000,8.023000
84,72,0,8.195600,8.151000,8.364000,8.314000,8.071000,8.078000
84,73,0,8.192400,8.231000,8.203000,8.245000,8.091000,8.192000
84,74,0,8.200800,8.163000,8.259000,8.240000,8.144000,8.198000
84,75,0,7.607200,7.717000,7.726000,7.543000,7.505000,7.545000
84,76,0,8.022600,7.993000,8.074000,8.131000,7.942000,7.973000
84,77,0,8.182000,8.199000,8.300000,8.211000,8.114000,8.086000
84,78,0,8.151200,8.133000,8.270000,8.222000,8.066000,8.065000
84,79,0,8.232800,8.188000,8.347000,8.212000,8.198000,8.219000
84,80,0,8.212400,8.185000,8.230000,8.316000,8.218000,8.113000
84,81,0,8.166200,8.041000,8.372000,8.238000,8.051000,8.129000
84,82,0,7.987400,8.026000,8.028000,7.935000,7.901000,8.047000
84,83,0,8.129600,8.060000,8.219000,8.179000,8.120000,8.070000
84,84,0,8.165600,8.176000,8.326000,8.175000,8.054000,8.097000
84,85,0,8.243000,8.157000,8.383000,8.247000,8.239000,8.189000
84,86,0,8.034800,8.136000,8.132000,8.138000,7.823000,7.945000
84,87,0,7.962200,7.990000,8.085000,7.991000,7.775000,7.970000
84,88,0,7.366000,7.387000,7.418000,7.430000,7.256000,7.339000
84,89,0,7.848400,7.912000,7.911000,7.898000,7.772000,7.749000
84,90,0,8.139600,8.130000,8.319000,8.092000,8.066000,8.091000
84,91,0,7.961400,7.963000,7.902000,8.127000,7.844000,7.971000
84,92,0,8.001000,7.967000,8.165000,8.023000,7.899000,7.951000
84,93,0,8.137600,8.177000,8.236000,8.148000,8.028000,8.099000
84,94,0,7.706600,7.682000,7.770000,7.685000,7.663000,7.733000
84,95,0,8.105600,8.016000,8.291000,8.145000,8.086000,7.990000
84,96,0,7.732800,7.871000,7.707000,7.784000,7.544000,7.758000
84,97,0,8.231600,8.140000,8.340000,8.213000,8.262000,8.203000
84,98,0,7.983600,7.916000,8.185000,8.001000,7.837000,7.979000
84,99,0,8.147200,8.161000,8.188000,8.230000,8.040000,8.117000
85,0,0,7.922600,7.956000,7.858000,7.884000,7.913000,8.002000
85,1,0,8.119800,8.234000,8.073000,8.108000,8.104000,8.080000
85,2,0,7.564600,7.572000,7.354000,7.785000,7.566000,7.546000
85,3,0,8.124800,8.120000,8.111000,8.075000,8.184000,8.134000
85,4,0,8.088600,8.126000,8.075000,8.122000,8.136000,7.984000
85,5,0,8.100000,8.074000,8.101000,8.096000,8.130000,8.099000
85,6,0,8.152200,8.127000,8.055000,8.240000,8.204000,8.135000
85,7,0,7.860400,7.972000,7.780000,7.944000,7.839000,7.767000
85,8,0,8.167800,8.111000,8.128000,8.176000,8.238000,8.186000
85,9,0,8.237000,8.248000,8.188000,8.256000,8.254000,8.239000
85,10,0,8.100400,8.196000,8.088000,8.102000,8.023000,8.093000
85,11,0,8.050200,8.151000,7.957000,8.134000,8.080000,7.929000
85,12,0,8.048000,8.008000,8.034000,8.094000,8.112000,7.992000
85,13,0,8.222000,8.260000,8.111000,8.227000,8.293000,8.219000
85,14,0,7.988800,7.993000,7.949000,7.980000,7.983000,8.039000
85,15,0,8.146800,8.186000,8.047000,8.228000,8.106000,8.167000
85,16,0,7.889800,7.894000,7.834000,8.002000,7.865000,7.854000
85,17,0,8.185200,8.196000,8.124000,8.178000,8.248000,8.180000
85,18,0,7.946800,7.958000,7.808000,8.065000,7.963000,7.940000
85,19,0,8.146600,8.250000,8.130000,8.057000,8.144000,8.152000
85,20,0,8.063000,8.087000,8.061000,7.998000,8.108000,8.061000
85,21,0,8.085400,8.152000,7.995000,8.027000,8.200000,8.053000
85,22,0,8.238000,8.220000,8.190000,8.258000,8.266000,8.256000
85,23,0,8.219200,8.223000,8.257000,8.070000,8.240000,8.306000
85,24,0,8.177200,8.223000,8.146000,8.111000,8.194000,8.212000
85,25,0,8.123400,8.109000,8.052000,8.199000,8.173000,8.084000
85,26,0,8.005400,8.050000,7.975000,8.006000,8.053000,7.943000
85,27,0,7.979800,7.853000,7.886000,7.911000,8.170000,8.079000
85,28,0,8.053200,7.984000,8.016000,8.126000,8.077000,8.063000
85,29,0,8.142400,8.248000,8.078000,8.097000,8.105000,8.184000
85,30,0,7.228400,7.183000,7.098000,7.427000,7.220000,7.214000
85,31,0,7.975000,7.998000,7.914000,7.968000,8.037000,7.958000
85,32,0,8.057200,8.121000,7.935000,8.106000,8.099000,8.025000
85,33,0,8.135200,8.181000,8.078000,8.096000,8.115000,8.206000
85,34,0,8.226000,8.315000,8.111000,8.229000,8.289000,8.186000
85,35,0,8.157000,8.131000,8.099000,8.145000,8.250000,8.160000
85,36,0,8.151200,8.137000,8.103000,8.093000,8.230000,8.193000
85,37,0,8.115400,8.091000,8.108000,8.093000,8.163000,8.122000
85,38,0,8.209200,8.233000,8.162000,8.273000,8.249000,8.129000
85,39,0,8.074200,8.105000,7.972000,8.046000,8.089000,8.159000
85,40,0,8.143600,8.082000,8.102000,8.133000,8.251000,8.150000
85,41,0,8.048600,8.096000,8.006000,7.919000,8.149000,8.073000
85,42,0,8.091400,8.128000,8.011000,8.160000,8.158000,8.000000
85,43,0,8.091200,8.163000,8.110000,7.979000,8.141000,8.063000
85,44,0,7.949600,7.932000,7.909000,8.029000,7.918000,7.960000
85,45,0,7.921600,7.923000,7.829000,7.994000,7.955000,7.907000
85,46,0,7.908200,7.841000,7.849000,7.944000,7.996000,7.911000
85,47,0,7.776000,7.774000,7.612000,7.844000,7.825000,7.825000
85,48,0,8.165000,8.172000,8.052000,8.257000,8.199000,8.145000
85,49,0,7.981400,7.861000,7.863000,8.067000,8.107000,8.009000
85,50,0,8.122000,8.175000,8.087000,8.156000,8.122000,8.070000
85,51,0,8.064000,8.055000,8.103000,7.990000,8.066000,8.106000
85,52,0,8.115000,8.125000,8.087000,8.009000,8.201000,8.153000
85,53,0,7.986400,7.951000,7.964000,8.092000,7.942000,7.983000
85,54,0,8.122400,8.163000,8.157000,8.056000,8.129000,8.107000
85,55,0,8.070400,8.120000,8.075000,8.007000,8.150000,8.000000
85,56,0,8.033200,8.064000,8.033000,8.069000,8.041000,7.959000
85,57,0,8.034600,8.035000,7.902000,8.162000,8.081000,7.993000
85,58,0,8.204200,8.254000,8.177000,8.176000,8.237000,8.177000
85,59,0,7.888000,7.867000,7.774000,7.929000,8.023000,7.847000
85,60,0,8.052200,8.113000,7.924000,8.180000,8.073000,7.971000
85,61,0,8.207400,8.182000,8.116000,8.302000,8.284000,8.153000
85,62,0,8.248200,8.349000,8.205000,8.210000,8.245000,8.232000
85,63,0,7.950800,8.020000,7.987000,7.834000,7.995000,7.918000
85,64,0,7.092200,6.995000,7.080000,7.152000,7.132000,7.102000
85,65,0,7.989000,8.048000,7.864000,8.028000,8.059000,7.946000
85,66,0,7.643200,7.592000,7.682000,7.778000,7.577000,7.587000
85,67,0,7.583400,7.531000,7.430000,7.788000,7.516000,7.652000
85,68,0,7.749000,7.715000,7.747000,7.835000,7.668000,7.780000
85,69,0,7.834600,7.774000,7.787000,7.938000,7.788000,7.886000
85,70,0,8.160400,8.221000,8.033000,8.277000,8.187000,8.084000
85,71,0,8.138600,8.087000,8.010000,8.188000,8.235000,8.173000
85,72,0,7.707600,7.721000,7.588000,7.775000,7.718000,7.736000
85,73,0,7.965600,8.012000,7.854000,8.035000,7.936000,7.991000
85,74,0,8.149400,8.118000,8.145000,8.142000,8.187000,8.155000
85,75,0,8.107600,8.123000,8.054000,8.128000,8.171000,8.062000
85,76,0,8.101800,8.095000,8.076000,8.169000,8.089000,8.080000
85,77,0,8.189400,8.160000,8.140000,8.194000,8.237000,8.216000
85,78,0,7.990000,8.011000,7.970000,8.048000,8.013000,7.908000
85,79,0,8.045000,8.031000,8.058000,8.025000,8.071000,8.040000
85,80,0,8.146000,8.195000,8.127000,8.106000,8.207000,8.095000
85,81,0,8.157000,8.195000,8.092000,8.186000,8.211000,8.101000
85,82,0,8.100000,8.164000,7.999000,8.132000,8.104000,8.101000
85,83,0,8.198800,8.163000,8.121000,8.188000,8.290000,8.232000
85,84,0,8.170200,8.275000,8.072000,8.136000,8.222000,8.146000
85,85,0,8.102800,8.089000,8.036000,8.134000,8.103000,8.152000
85,86,0,8.218200,8.214000,8.197000,8.248000,8.247000,8.185000
85,87,0,8.202000,8.219000,8.234000,8.141000,8.210000,8.206000
85,88,0,8.152000,8.170000,8.133000,8.012000,8.196000,8.249000
85,89,0,7.823000,7.868000,7.782000,7.921000,7.821000,7.723000
85,90,0,7.513400,7.432000,7.490000,7.679000,7.533000,7.433000
85,91,0,8.112800,8.197000,7.963000,8.168000,8.134000,8.102000
85,92,0,8.200600,8.168000,8.188000,8.241000,8.217000,8.189000
85,93,0,7.746200,7.762000,7.669000,7.810000,7.739000,7.751000
85,94,0,8.158000,8.182000,8.138000,8.184000,8.157000,8.129000
85,95,0,7.901000,7.899000,7.825000,8.094000,7.935000,7.752000
85,96,0,8.154000,8.178000,8.079000,8.230000,8.169000,8.114000
85,97,0,8.151400,8.173000,8.067000,8.083000,8.208000,8.226000
85,98,0,8.165200,8.234000,8.031000,8.100000,8.258000,8.203000
85,99,0,8.164400,8.243000,8.134000,8.212000,8.082000,8.151000
86,0,0,7.901000,7.830000,7.818000,7.965000,7.939000,7.953000
86,1,0,7.497800,7.456000,7.421000,7.484000,7.524000,7.604000
86,2,0,8.199200,8.114000,8.197000,8.186000,8.176000,8.323000
86,3,0,8.163200,8.133000,8.206000,8.188000,8.160000,8.129000
86,4,0,8.204800,8.352000,8.215000,7.930000,8.209000,8.318000
86,5,0,8.304400,8.263000,8.299000,8.283000,8.286000,8.391000
86,6,0,8.226800,8.346000,8.159000,8.182000,8.234000,8.213000
86,7,0,8.278000,8.272000,8.282000,8.205000,8.291000,8.340000
86,8,0,8.207600,8.357000,8.137000,8.145000,8.184000,8.215000
86,9,0,8.233800,8.214000,8.179000,8.201000,8.327000,8.248000
86,10,0,8.150200,7.969000,8.278000,8.243000,8.088000,8.173000
86,11,0,8.249600,8.269000,8.238000,8.151000,8.300000,8.290000
86,12,0,7.585200,7.471000,7.377000,7.659000,7.660000,7.759000
86,13,0,8.145200,8.052000,8.184000,8.101000,8.193000,8.196000
86,14,0,8.179600,8.130000,8.230000,8.149000,8.196000,8.193000
86,15,0,8.081800,8.130000,8.076000,8.020000,8.063000,8.120000
86,16,0,8.262000,8.305000,8.177000,8.230000,8.354000,8.244000
86,17,0,8.194400,8.184000,8.217000,8.171000,8.260000,8.140000
86,18,0,8.166600,8.122000,8.228000,8.133000,8.179000,8.171000
86,19,0,7.989800,7.869000,7.927000,8.027000,8.046000,8.080000
86,20,0,8.358000,8.335000,8.350000,8.338000,8.429000,8.338000
86,21,0,8.267000,8.276000,8.162000,8.249000,8.348000,8.300000
86,22,0,8.208800,8.151000,8.284000,8.177000,8.263000,8.169000
86,23,0,8.169200,8.101000,8.141000,8.172000,8.176000,8.256000
86,24,0,7.901800,7.893000,7.787000,7.922000,7.927000,7.980000
86,25,0,8.226600,8.242000,8.188000,8.319000,8.269000,8.115000
86,26,0,8.202600,8.245000,8.190000,8.235000,8.161000,8.182000
86,27,0,8.213000,8.116000,8.128000,8.240000,8.303000,8.278000
86,28,0,8.129600,8.166000,8.004000,8.119000,8.253000,8.106000
86,29,0,8.220000,8.185000,8.268000,8.202000,8.238000,8.207000
86,30,0,8.255800,8.233000,8.241000,8.221000,8.319000,8.265000
86,31,0,8.233000,8.231000,8.193000,8.279000,8.291000,8.171000
86,32,0,8.185400,8.127000,8.170000,8.189000,8.295000,8.146000
86,33,0,8.261000,8.252000,8.303000,8.132000,8.373000,8.245000
86,34,0,8.226000,8.228000,8.202000,8.169000,8.249000,8.282000
86,35,0,8.237200,8.138000,8.256000,8.199000,8.336000,8.257000
86,36,0,8.212800,8.256000,8.209000,8.147000,8.284000,8.168000
86,37,0,8.244800,8.201000,8.325000,8.159000,8.301000,8.238000
86,38,0,8.269800,8.374000,8.230000,8.200000,8.286000,8.259000
86,39,0,8.290000,8.258000,8.222000,8.237000,8.412000,8.321000
86,40,0,8.219600,8.143000,8.162000,8.191000,8.304000,8.298000
86,41,0,8.006600,7.928000,7.888000,8.041000,8.101000,8.075000
86,42,0,8.277400,8.251000,8.207000,8.308000,8.296000,8.325000
86,43,0,8.160200,8.158000,8.192000,8.055000,8.187000,8.209000
86,44,0,8.170600,8.142000,8.090000,8.247000,8.155000,8.219000
86,45,0,7.996600,7.943000,7.912000,7.987000,8.100000,8.041000
86,46,0,8.033600,8.091000,7.901000,8.065000,8.134000,7.977000
86,47,0,8.202800,8.247000,8.205000,8.125000,8.186000,8.251000
86,48,0,7.983800,7.935000,7.912000,8.022000,8.023000,8.027000
86,49,0,8.278400,8.224000,8.309000,8.194000,8.370000,8.295000
86,50,0,8.108800,8.018000,8.050000,8.045000,8.222000,8.209000
86,51,0,8.176200,8.178000,8.148000,8.182000,8.133000,8.240000
86,52,0,8.078600,7.967000,8.202000,7.969000,8.174000,8.081000
86,53,0,8.199800,8.244000,8.157000,8.134000,8.198000,8.266000
86,54,0,8.294000,8.265000,8.314000,8.321000,8.281000,8.289000
86,55,0,8.219600,8.213000,8.172000,8.297000,8.297000,8.119000
86,56,0,8.153800,8.096000,8.153000,8.121000,8.119000,8.280000
86,57,0,8.239400,8.237000,8.151000,8.219000,8.276000,8.314000
86,58,0,8.311800,8.338000,8.258000,8.214000,8.360000,8.389000
86,59,0,8.237000,8.201000,8.147000,8.150000,8.372000,8.315000
86,60,0,7.838400,7.679000,7.732000,7.949000,7.981000,7.851000
86,61,0,8.250800,8.197000,8.267000,8.284000,8.189000,8.317000
86,62,0,8.294400,8.220000,8.280000,8.309000,8.404000,8.259000
86,63,0,8.203400,8.210000,8.219000,8.125000,8.194000,8.269000
86,64,0,8.197400,8.154000,8.073000,8.184000,8.325000,8.251000
86,65,0,8.166200,8.032000,8.183000,8.233000,8.193000,8.190000
86,66,0,8.036400,7.921000,8.061000,8.105000,8.103000,7.992000
86,67,0,8.238000,8.201000,8.224000,8.178000,8.268000,8.319000
86,68,0,8.171000,8.101000,8.073000,8.168000,8.253000,8.260000
86,69,0,7.703000,7.620000,7.539000,7.753000,7.780000,7.823000
86,70,0,8.200800,8.213000,8.087000,8.179000,8.252000,8.273000
86,71,0,7.821200,7.750000,7.782000,7.927000,7.700000,7.947000
86,72,0,8.190800,8.269000,8.213000,8.081000,8.196000,8.195000
86,73,0,7.774800,7.561000,7.749000,7.789000,7.902000,7.873000
86,74,0,8.224800,8.214000,8.265000,8.219000,8.234000,8.192000
86,75,0,8.165600,8.156000,8.166000,8.120000,8.173000,8.213000
86,76,0,8.206600,8.053000,8.293000,8.238000,8.189000,8.260000
86,77,0,8.303000,8.226000,8.258000,8.324000,8.395000,8.312000
86,78,0,8.242200,8.138000,8.296000,8.224000,8.305000,8.248000
86,79,0,8.178600,8.143000,8.122000,8.142000,8.302000,8.184000
86,80,0,7.757400,7.662000,7.749000,7.937000,7.659000,7.780000
86,81,0,8.207400,8.149000,8.144000,8.233000,8.284000,8.227000
86,82,0,8.187400,8.234000,8.182000,8.073000,8.217000,8.231000
86,83,0,8.222400,8.233000,8.256000,8.129000,8.217000,8.277000
86,84,0,6.625000,6.580000,6.483000,6.825000,6.740000,6.497000
86,85,0,8.186200,8.309000,8.147000,7.982000,8.241000,8.252000
86,86,0,8.119000,8.059000,8.137000,8.053000,8.196000,8.150000
86,87,0,7.766800,7.552000,7.774000,7.878000,7.812000,7.818000
86,88,0,8.198800,8.178000,8.245000,8.155000,8.236000,8.180000
86,89,0,8.104000,8.022000,8.048000,8.112000,8.164000,8.174000
86,90,0,8.247000,8.207000,8.297000,8.215000,8.240000,8.276000
86,91,0,8.068000,8.110000,8.033000,8.098000,8.087000,8.012000
86,92,0,8.110800,8.024000,8.005000,8.126000,8.230000,8.169000
86,93,0,8.292000,8.256000,8.332000,8.197000,8.323000,8.352000
86,94,0,8.324800,8.306000,8.360000,8.239000,8.409000,8.310000
86,95,0,8.242800,8.247000,8.254000,8.185000,8.217000,8.311000
86,96,0,8.278000,8.272000,8.237000,8.293000,8.226000,8.362000
86,97,0,7.289000,7.043000,7.230000,7.421000,7.405000,7.346000
86,98,0,8.158600,8.102000,8.140000,8.148000,8.238000,8.165000
86,99,0,8.169600,8.115000,8.174000,8.118000,8.232000,8.209000
87,0,0,7.963000,7.995000,7.862000,7.877000,8.001000,8.080000
87,1,0,8.100000,8.111000,8.069000,8.164000,7.933000,8.223000
87,2,0,8.110200,7.993000,8.100000,8.131000,8.130000,8.197000
87,3,0,7.873600,7.832000,7.871000,7.833000,7.875000,7.957000
87,4,0,8.206600,8.174000,8.243000,8.133000,8.175000,8.308000
87,5,0,8.135000,8.101000,8.195000,8.107000,8.141000,8.131000
87,6,0,8.310200,8.302000,8.298000,8.280000,8.262000,8.409000
87,7,0,8.170200,8.176000,8.209000,8.158000,8.021000,8.287000
87,8,0,8.104000,8.093000,7.993000,8.144000,8.042000,8.248000
87,9,0,7.861200,7.883000,8.052000,7.733000,7.801000,7.837000
87,10,0,8.226400,8.146000,8.133000,8.267000,8.290000,8.296000
87,11,0,8.301800,8.315000,8.214000,8.336000,8.272000,8.372000
87,12,0,7.612000,7.630000,7.611000,7.646000,7.635000,7.538000
87,13,0,8.276400,8.296000,8.247000,8.259000,8.238000,8.342000
87,14,0,8.243000,8.221000,8.279000,8.211000,8.248000,8.256000
87,15,0,8.056600,8.068000,7.993000,8.072000,8.120000,8.030000
87,16,0,8.297200,8.268000,8.186000,8.321000,8.348000,8.363000
87,17,0,8.162400,8.026000,8.105000,8.233000,8.117000,8.331000
87,18,0,8.244600,8.163000,8.188000,8.288000,8.218000,8.366000
87,19,0,8.242200,8.305000,8.213000,8.311000,8.197000,8.185000
87,20,0,8.255800,8.130000,8.272000,8.248000,8.279000,8.350000
87,21,0,8.163600,8.127000,8.212000,8.109000,8.079000,8.291000
87,22,0,8.185200,8.152000,8.224000,8.115000,8.180000,8.255000
87,23,0,8.274200,8.267000,8.264000,8.280000,8.268000,8.292000
87,24,0,8.263200,8.218000,8.254000,8.269000,8.199000,8.376000
87,25,0,8.248200,8.205000,8.184000,8.255000,8.267000,8.330000
87,26,0,7.835200,7.921000,7.947000,7.721000,7.864000,7.723000
87,27,0,8.298000,8.226000,8.343000,8.314000,8.288000,8.319000
87,28,0,8.203600,8.186000,8.234000,8.217000,8.151000,8.230000
87,29,0,8.127000,8.101000,8.184000,8.089000,8.070000,8.191000
87,30,0,7.768400,7.884000,7.795000,7.769000,7.558000,7.836000
87,31,0,7.615600,7.721000,7.675000,7.450000,7.502000,7.730000
87,32,0,7.677400,7.650000,7.627000,7.615000,7.645000,7.850000
87,33,0,8.123600,8.030000,8.140000,8.150000,8.091000,8.207000
87,34,0,8.282000,8.223000,8.282000,8.335000,8.223000,8.347000
87,35,0,8.226400,8.172000,8.182000,8.199000,8.181000,8.398000
87,36,0,8.208000,8.205000,8.191000,8.226000,8.205000,8.213000
87,37,0,7.990200,7.920000,7.944000,8.039000,8.034000,8.014000
87,38,0,7.683200,7.729000,7.680000,7.649000,7.591000,7.767000
87,39,0,8.078800,8.131000,8.088000,7.955000,7.984000,8.236000
87,40,0,8.162400,8.083000,8.276000,8.101000,8.137000,8.215000
87,41,0,8.210400,8.234000,8.141000,8.208000,8.148000,8.321000
87,42,0,8.263200,8.195000,8.205000,8.294000,8.290000,8.332000
87,43,0,8.244600,8.200000,8.196000,8.269000,8.243000,8.315000
87,44,0,8.225600,8.237000,8.167000,8.255000,8.185000,8.284000
87,45,0,8.033400,8.011000,8.051000,8.054000,7.967000,8.084000
87,46,0,8.193400,8.059000,8.224000,8.177000,8.244000,8.263000
87,47,0,8.091800,8.049000,8.148000,8.016000,8.078000,8.168000
87,48,0,7.993000,7.964000,8.084000,7.875000,8.031000,8.011000
87,49,0,8.274000,8.191000,8.289000,8.301000,8.310000,8.279000
87,50,0,8.198800,8.116000,8.122000,8.309000,8.127000,8.320000
87,51,0,7.839600,7.865000,7.854000,7.840000,7.712000,7.927000
87,52,0,8.196800,8.179000,8.092000,8.220000,8.191000,8.302000
87,53,0,7.627600,7.592000,7.660000,7.601000,7.607000,7.678000
87,54,0,8.358800,8.290000,8.266000,8.378000,8.365000,8.495000
87,55,0,8.129400,7.999000,8.167000,8.102000,8.157000,8.222000
87,56,0,8.016800,7.863000,8.095000,7.992000,8.052000,8.082000
87,57,0,8.036400,8.074000,8.076000,7.876000,8.052000,8.104000
87,58,0,8.180000,8.155000,8.136000,8.158000,8.099000,8.352000
87,59,0,8.253600,8.276000,8.247000,8.216000,8.295000,8.234000
87,60,0,8.097400,8.062000,7.938000,8.219000,8.067000,8.201000
87,61,0,8.162800,8.164000,8.161000,8.110000,8.212000,8.167000
87,62,0,8.284000,8.210000,8.241000,8.357000,8.269000,8.343000
87,63,0,8.007000,7.989000,8.051000,7.904000,8.033000,8.058000
87,64,0,8.345200,8.292000,8.275000,8.393000,8.324000,8.442000
87,65,0,8.197000,8.164000,8.106000,8.230000,8.246000,8.239000
87,66,0,8.026200,8.023000,7.967000,8.074000,7.955000,8.112000
87,67,0,8.227800,8.206000,8.154000,8.203000,8.232000,8.344000
87,68,0,8.054400,7.981000,8.115000,8.010000,8.059000,8.107000
87,69,0,8.216600,8.201000,8.235000,8.149000,8.164000,8.334000
87,70,0,8.170800,8.097000,8.135000,8.178000,8.100000,8.344000
87,71,0,7.993200,8.041000,7.949000,7.999000,8.029000,7.948000
87,72,0,8.253400,8.221000,8.248000,8.199000,8.233000,8.366000
87,73,0,8.192200,8.226000,8.156000,8.199000,8.159000,8.221000
87,74,0,8.180200,8.206000,8.115000,8.265000,8.163000,8.152000
87,75,0,7.961200,8.000000,8.033000,7.838000,7.915000,8.020000
87,76,0,8.214600,8.183000,8.211000,8.248000,8.167000,8.264000
87,77,0,7.692600,7.668000,7.783000,7.565000,7.658000,7.789000
87,78,0,8.129600,8.083000,8.081000,8.196000,8.178000,8.110000
87,79,0,8.210400,8.150000,8.259000,8.220000,8.119000,8.304000
87,80,0,8.123600,8.153000,8.133000,8.027000,8.141000,8.164000
87,81,0,8.133000,8.101000,8.050000,8.140000,8.213000,8.161000
87,82,0,8.193600,8.251000,8.103000,8.255000,8.072000,8.287000
87,83,0,8.206800,8.153000,8.182000,8.230000,8.164000,8.305000
87,84,0,7.841000,7.934000,7.882000,7.816000,7.757000,7.816000
87,85,0,8.254600,8.271000,8.191000,8.271000,8.182000,8.358000
87,86,0,8.178600,8.181000,8.038000,8.136000,8.233000,8.305000
87,87,0,8.215000,8.174000,8.206000,8.249000,8.199000,8.247000
87,88,0,8.160000,8.038000,8.119000,8.213000,8.193000,8.237000
87,89,0,8.170000,8.160000,8.176000,8.260000,8.043000,8.211000
87,90,0,7.553600,7.664000,7.512000,7.445000,7.445000,7.702000
87,91,0,8.231800,8.183000,8.191000,8.260000,8.243000,8.282000
87,92,0,8.018400,7.924000,8.019000,7.990000,8.043000,8.116000
87,93,0,8.050400,8.098000,8.005000,7.987000,8.022000,8.140000
87,94,0,8.159200,8.136000,8.166000,8.125000,8.103000,8.266000
87,95,0,7.877400,7.974000,7.928000,7.798000,7.839000,7.848000
87,96,0,8.211000,8.207000,8.162000,8.237000,8.193000,8.256000
87,97,0,7.539600,7.617000,7.505000,7.540000,7.490000,7.546000
87,98,0,8.213600,8.215000,8.172000,8.281000,8.126000,8.274000
87,99,0,8.079200,7.942000,8.017000,8.123000,8.097000,8.217000
88,0,0,8.057400,8.016000,8.111000,7.975000,8.205000,7.980000
88,1,0,8.044200,7.922000,8.036000,8.056000,8.155000,8.052000
88,2,0,7.944800,7.928000,7.915000,7.845000,7.990000,8.046000
88,3,0,8.171800,8.012000,8.302000,8.143000,8.293000,8.109000
88,4,0,8.151800,8.128000,8.180000,8.233000,8.197000,8.021000
88,5,0,7.698600,7.603000,7.732000,7.752000,7.724000,7.682000
88,6,0,8.292200,8.241000,8.295000,8.328000,8.382000,8.215000
88,7,0,8.202000,8.124000,8.270000,8.209000,8.276000,8.131000
88,8,0,8.254800,8.233000,8.283000,8.224000,8.369000,8.165000
88,9,0,8.272600,8.211000,8.310000,8.318000,8.364000,8.160000
88,10,0,8.129600,8.075000,8.075000,8.246000,8.227000,8.025000
88,11,0,8.159800,8.054000,8.196000,8.223000,8.234000,8.092000
88,12,0,8.023400,7.992000,8.007000,8.027000,8.085000,8.006000
88,13,0,8.295400,8.218000,8.317000,8.349000,8.378000,8.215000
88,14,0,8.290000,8.190000,8.282000,8.356000,8.397000,8.225000
88,15,0,8.042800,7.956000,7.951000,8.032000,8.143000,8.132000
88,16,0,8.171000,8.148000,8.198000,8.231000,8.255000,8.023000
88,17,0,8.054200,8.095000,7.977000,7.945000,8.143000,8.111000
88,18,0,7.953600,7.900000,7.954000,7.927000,7.999000,7.988000
88,19,0,8.216400,8.151000,8.250000,8.216000,8.318000,8.147000
88,20,0,8.260800,8.185000,8.276000,8.290000,8.406000,8.147000
88,21,0,8.251800,8.169000,8.316000,8.193000,8.352000,8.229000
88,22,0,8.038400,7.993000,8.075000,8.005000,8.049000,8.070000
88,23,0,8.286400,8.250000,8.324000,8.396000,8.244000,8.218000
88,24,0,7.879600,7.751000,7.945000,7.910000,8.019000,7.773000
88,25,0,8.189400,8.180000,8.126000,8.244000,8.246000,8.151000
88,26,0,8.271600,8.121000,8.373000,8.313000,8.362000,8.189000
88,27,0,8.248200,8.178000,8.293000,8.272000,8.370000,8.128000
88,28,0,7.997600,7.888000,8.072000,7.839000,8.244000,7.945000
88,29,0,8.221000,8.175000,8.163000,8.227000,8.335000,8.205000
88,30,0,8.180000,8.106000,8.189000,8.294000,8.186000,8.125000
88,31,0,8.247600,8.217000,8.361000,8.312000,8.250000,8.098000
88,32,0,8.195200,8.102000,8.205000,8.245000,8.268000,8.156000
88,33,0,8.285200,8.230000,8.249000,8.270000,8.358000,8.319000
88,34,0,8.173800,8.194000,8.143000,8.123000,8.264000,8.145000
88,35,0,8.214000,8.127000,8.183000,8.291000,8.314000,8.155000
88,36,0,8.279600,8.307000,8.277000,8.273000,8.385000,8.156000
88,37,0,8.169200,8.152000,8.209000,8.120000,8.194000,8.171000
88,38,0,8.237400,8.207000,8.245000,8.273000,8.291000,8.171000
88,39,0,8.271400,8.304000,8.213000,8.288000,8.323000,8.229000
88,40,0,6.566800,6.596000,6.526000,6.544000,6.705000,6.463000
88,41,0,8.192800,8.178000,8.108000,8.251000,8.300000,8.127000
88,42,0,8.072800,7.924000,8.138000,8.064000,8.234000,8.004000
88,43,0,8.162800,8.112000,8.211000,8.196000,8.188000,8.107000
88,44,0,8.223800,8.166000,8.288000,8.229000,8.242000,8.194000
88,45,0,8.130800,8.064000,8.182000,8.145000,8.211000,8.052000
88,46,0,8.207400,8.166000,8.178000,8.215000,8.350000,8.128000
88,47,0,8.079600,8.064000,8.063000,8.033000,8.168000,8.070000
88,48,0,8.273000,8.181000,8.238000,8.274000,8.405000,8.267000
88,49,0,8.127000,8.057000,8.139000,8.117000,8.178000,8.144000
88,50,0,8.027200,7.954000,8.043000,8.078000,8.107000,7.954000
88,51,0,8.050000,7.894000,8.118000,7.998000,8.204000,8.036000
88,52,0,7.533000,7.574000,7.546000,7.469000,7.516000,7.560000
88,53,0,8.184800,8.078000,8.156000,8.281000,8.364000,8.045000
88,54,0,7.780800,7.696000,7.861000,7.730000,7.854000,7.763000
88,55,0,8.154400,8.053000,8.131000,8.206000,8.323000,8.059000
88,56,0,7.996000,7.893000,8.059000,8.014000,8.038000,7.976000
88,57,0,8.178600,8.165000,8.193000,8.183000,8.277000,8.075000
88,58,0,8.205800,8.242000,8.163000,8.183000,8.278000,8.163000
88,59,0,8.289800,8.262000,8.223000,8.365000,8.335000,8.264000
88,60,0,8.263600,8.203000,8.195000,8.277000,8.431000,8.212000
88,61,0,8.046000,8.006000,8.050000,7.905000,8.110000,8.159000
88,62,0,8.230800,8.233000,8.300000,8.192000,8.267000,8.162000
88,63,0,8.233800,8.190000,8.217000,8.256000,8.301000,8.205000
88,64,0,8.002600,7.998000,8.033000,7.941000,8.117000,7.924000
88,65,0,8.166800,8.102000,8.188000,8.196000,8.182000,8.166000
88,66,0,8.284600,8.167000,8.294000,8.331000,8.392000,8.239000
88,67,0,8.255600,8.214000,8.168000,8.364000,8.364000,8.168000
88,68,0,8.277400,8.280000,8.187000,8.350000,8.378000,8.192000
88,69,0,8.302200,8.246000,8.340000,8.303000,8.436000,8.186000
88,70,0,8.183000,8.105000,8.184000,8.215000,8.261000,8.150000
88,71,0,8.149800,8.100000,8.119000,8.180000,8.290000,8.060000
88,72,0,8.141400,8.055000,8.030000,8.236000,8.217000,8.169000
88,73,0,8.262800,8.167000,8.262000,8.406000,8.373000,8.106000
88,74,0,8.229000,8.174000,8.240000,8.294000,8.368000,8.069000
88,75,0,8.157200,8.156000,8.177000,8.187000,8.181000,8.085000
88,76,0,7.881000,7.799000,7.933000,7.896000,7.823000,7.954000
88,77,0,7.884200,7.804000,7.978000,7.788000,7.988000,7.863000
88,78,0,8.176200,8.133000,8.192000,8.114000,8.299000,8.143000
88,79,0,8.265800,8.174000,8.281000,8.283000,8.323000,8.268000
88,80,0,8.145600,8.092000,8.141000,8.183000,8.293000,8.019000
88,81,0,7.932400,7.942000,7.947000,7.900000,7.954000,7.919000
88,82,0,8.031200,7.996000,8.014000,7.947000,8.174000,8.025000
88,83,0,8.160400,8.065000,8.165000,8.234000,8.278000,8.060000
88,84,0,8.271600,8.237000,8.298000,8.292000,8.299000,8.232000
88,85,0,8.171400,8.159000,8.083000,8.263000,8.151000,8.201000
88,86,0,8.184600,8.091000,8.160000,8.202000,8.289000,8.181000
88,87,0,8.282400,8.157000,8.303000,8.351000,8.328000,8.273000
88,88,0,8.102800,8.029000,8.138000,8.157000,8.181000,8.009000
88,89,0,8.270200,8.271000,8.247000,8.319000,8.332000,8.182000
88,90,0,8.296800,8.277000,8.283000,8.277000,8.397000,8.250000
88,91,0,8.193200,8.066000,8.158000,8.221000,8.281000,8.240000
88,92,0,8.184400,8.131000,8.103000,8.213000,8.238000,8.237000
88,93,0,8.186200,8.153000,8.217000,8.284000,8.155000,8.122000
88,94,0,8.222400,8.245000,8.204000,8.257000,8.303000,8.103000
88,95,0,8.172200,8.088000,8.159000,8.168000,8.274000,8.172000
88,96,0,8.211200,8.164000,8.192000,8.255000,8.329000,8.116000
88,97,0,8.261000,8.236000,8.272000,8.260000,8.312000,8.225000
88,98,0,8.052000,7.929000,8.052000,8.084000,8.121000,8.074000
88,99,0,8.242200,8.190000,8.205000,8.335000,8.322000,8.159000
89,0,0,8.211600,8.208000,8.323000,8.081000,8.173000,8.273000
89,1,0,8.217000,8.290000,8.305000,8.152000,8.142000,8.196000
89,2,0,7.825000,7.895000,8.029000,7.783000,7.764000,7.654000
89,3,0,8.084800,8.260000,8.173000,8.068000,7.843000,8.080000
89,4,0,8.060800,8.143000,8.249000,7.988000,7.873000,8.051000
89,5,0,8.229400,8.334000,8.395000,8.165000,8.117000,8.136000
89,6,0,8.097800,8.143000,8.231000,8.013000,7.998000,8.104000
89,7,0,8.114400,8.171000,8.288000,8.007000,8.110000,7.996000
89,8,0,8.252800,8.369000,8.329000,8.203000,8.193000,8.170000
89,9,0,8.045800,8.169000,8.164000,8.034000,7.872000,7.990000
89,10,0,8.190200,8.247000,8.305000,8.169000,8.099000,8.131000
89,11,0,8.266200,8.399000,8.375000,8.166000,8.142000,8.249000
89,12,0,8.026400,8.119000,8.138000,7.912000,7.996000,7.967000
89,13,0,8.134200,8.208000,8.275000,8.017000,8.119000,8.052000
89,14,0,8.187200,8.272000,8.300000,8.052000,8.139000,8.173000
89,15,0,8.095400,8.178000,8.253000,8.005000,8.010000,8.031000
89,16,0,7.566400,7.582000,7.717000,7.465000,7.562000,7.506000
89,17,0,8.249200,8.359000,8.367000,8.179000,8.113000,8.228000
89,18,0,7.830600,7.809000,7.923000,7.857000,7.754000,7.810000
89,19,0,8.134200,8.250000,8.292000,8.052000,7.940000,8.137000
89,20,0,8.244800,8.372000,8.372000,8.126000,8.098000,8.256000
89,21,0,8.234200,8.372000,8.346000,8.247000,7.999000,8.207000
89,22,0,8.338400,8.390000,8.536000,8.228000,8.244000,8.294000
89,23,0,8.234200,8.342000,8.333000,8.107000,8.123000,8.266000
89,24,0,8.245600,8.365000,8.336000,8.176000,8.121000,8.230000
89,25,0,8.143000,8.212000,8.203000,8.020000,8.061000,8.219000
89,26,0,8.054400,8.156000,8.192000,7.983000,8.007000,7.934000
89,27,0,8.229600,8.250000,8.356000,8.048000,8.190000,8.304000
89,28,0,8.247600,8.336000,8.347000,8.213000,8.104000,8.238000
89,29,0,8.305600,8.350000,8.358000,8.171000,8.312000,8.337000
89,30,0,8.315800,8.345000,8.390000,8.218000,8.278000,8.348000
89,31,0,8.101200,8.011000,8.259000,7.984000,8.068000,8.184000
89,32,0,8.251400,8.375000,8.394000,8.280000,8.119000,8.089000
89,33,0,8.251200,8.321000,8.393000,8.169000,8.100000,8.273000
89,34,0,8.104000,8.241000,8.224000,8.004000,8.018000,8.033000
89,35,0,8.179400,8.255000,8.322000,8.118000,8.097000,8.105000
89,36,0,8.152200,8.235000,8.272000,8.035000,8.105000,8.114000
89,37,0,8.246600,8.302000,8.308000,8.265000,8.150000,8.208000
89,38,0,8.169200,8.257000,8.259000,8.098000,8.114000,8.118000
89,39,0,7.963400,8.028000,8.140000,7.959000,7.916000,7.774000
89,40,0,8.210800,8.235000,8.307000,8.168000,8.201000,8.143000
89,41,0,7.929600,8.061000,8.079000,7.755000,7.854000,7.899000
89,42,0,8.140600,8.230000,8.227000,8.081000,8.037000,8.128000
89,43,0,8.076400,8.275000,8.169000,8.122000,7.813000,8.003000
89,44,0,7.993600,8.054000,8.178000,7.926000,7.822000,7.988000
89,45,0,8.000400,7.992000,8.171000,7.923000,7.934000,7.982000
89,46,0,8.236800,8.320000,8.341000,8.155000,8.166000,8.202000
89,47,0,8.036800,8.095000,8.205000,7.971000,8.053000,7.860000
89,48,0,8.109800,8.271000,8.153000,8.065000,8.008000,8.052000
89,49,0,8.091800,8.086000,8.184000,7.949000,8.051000,8.189000
89,50,0,7.983800,8.024000,8.191000,7.849000,7.892000,7.963000
89,51,0,8.023000,8.140000,8.080000,7.860000,8.009000,8.026000
89,52,0,7.613200,7.563000,7.767000,7.519000,7.629000,7.588000
89,53,0,8.292000,8.395000,8.471000,8.261000,8.150000,8.183000
89,54,0,8.158800,8.270000,8.270000,8.137000,7.929000,8.188000
89,55,0,8.034400,8.162000,8.175000,8.009000,7.833000,7.993000
89,56,0,8.318600,8.379000,8.481000,8.236000,8.254000,8.243000
89,57,0,8.147800,8.238000,8.242000,8.196000,7.926000,8.137000
89,58,0,7.968600,8.035000,8.110000,7.835000,7.926000,7.937000
89,59,0,8.343800,8.418000,8.458000,8.329000,8.220000,8.294000
89,60,0,8.211400,8.367000,8.356000,8.183000,8.063000,8.088000
89,61,0,7.977800,8.044000,8.041000,7.865000,7.969000,7.970000
89,62,0,8.066800,8.166000,8.190000,8.124000,7.838000,8.016000
89,63,0,8.175000,8.287000,8.278000,8.086000,8.181000,8.043000
89,64,0,8.089000,8.171000,8.233000,7.999000,7.966000,8.076000
89,65,0,8.280400,8.407000,8.430000,8.254000,8.140000,8.171000
89,66,0,8.070000,8.223000,8.233000,7.926000,7.938000,8.030000
89,67,0,8.243000,8.273000,8.328000,8.211000,8.124000,8.279000
89,68,0,8.214000,8.352000,8.343000,8.149000,8.030000,8.196000
89,69,0,8.225000,8.374000,8.302000,8.230000,8.084000,8.135000
89,70,0,7.736600,7.885000,7.927000,7.588000,7.653000,7.630000
89,71,0,8.302000,8.360000,8.352000,8.231000,8.238000,8.329000
89,72,0,8.102800,8.175000,8.222000,8.041000,8.017000,8.059000
89,73,0,8.260200,8.306000,8.379000,8.142000,8.170000,8.304000
89,74,0,8.206800,8.355000,8.333000,8.101000,8.062000,8.183000
89,75,0,8.267200,8.417000,8.404000,8.078000,8.166000,8.271000
89,76,0,8.221400,8.286000,8.371000,8.073000,8.232000,8.145000
89,77,0,8.088800,8.217000,8.197000,8.011000,8.051000,7.968000
89,78,0,8.226000,8.289000,8.306000,8.234000,8.128000,8.173000
89,79,0,8.239400,8.234000,8.320000,8.168000,8.242000,8.233000
89,80,0,8.286600,8.325000,8.356000,8.242000,8.236000,8.274000
89,81,0,7.703600,7.754000,7.990000,7.558000,7.646000,7.570000
89,82,0,8.284600,8.316000,8.346000,8.154000,8.300000,8.307000
89,83,0,8.298000,8.351000,8.447000,8.280000,8.182000,8.230000
89,84,0,8.242800,8.379000,8.335000,8.068000,8.251000,8.181000
89,85,0,8.001400,8.037000,8.247000,7.941000,7.855000,7.927000
89,86,0,8.165600,8.201000,8.297000,8.041000,8.150000,8.139000
89,87,0,8.100400,8.138000,8.207000,8.058000,7.989000,8.110000
89,88,0,8.043400,8.152000,8.174000,7.909000,7.997000,7.985000
89,89,0,8.150800,8.229000,8.274000,8.085000,7.961000,8.205000
89,90,0,8.076200,8.229000,8.195000,8.100000,7.880000,7.977000
89,91,0,8.153000,8.206000,8.259000,8.071000,8.056000,8.173000
89,92,0,8.240000,8.342000,8.350000,8.246000,8.101000,8.161000
89,93,0,8.297200,8.410000,8.399000,8.269000,8.228000,8.180000
89,94,0,8.184200,8.267000,8.320000,8.080000,8.039000,8.215000
89,95,0,8.273200,8.278000,8.430000,8.241000,8.122000,8.295000
89,96,0,8.223400,8.281000,8.411000,8.183000,8.088000,8.154000
89,97,0,8.303800,8.396000,8.427000,8.241000,8.145000,8.310000
89,98,0,8.219400,8.295000,8.323000,8.201000,8.130000,8.148000
89,99,0,8.306200,8.483000,8.419000,8.171000,8.227000,8.231000
90,0,0,8.068000,8.084000,8.177000,7.974000,8.157000,7.948000
90,1,0,7.521000,7.657000,7.525000,7.440000,7.501000,7.482000
90,2,0,7.831200,7.989000,7.851000,7.764000,7.714000,7.838000
90,3,0,8.265600,8.350000,8.335000,8.229000,8.184000,8.230000
90,4,0,8.244000,8.335000,8.316000,8.223000,8.222000,8.124000
90,5,0,8.254200,8.289000,8.329000,8.123000,8.370000,8.160000
90,6,0,8.224400,8.315000,8.288000,8.195000,8.239000,8.085000
90,7,0,8.213000,8.256000,8.339000,8.170000,8.205000,8.095000
90,8,0,8.236400,8.230000,8.397000,8.195000,8.275000,8.085000
90,9,0,8.204000,8.274000,8.259000,8.076000,8.248000,8.163000
90,10,0,8.287400,8.398000,8.299000,8.240000,8.298000,8.202000
90,11,0,8.230000,8.293000,8.405000,8.076000,8.265000,8.111000
90,12,0,7.785800,8.016000,7.919000,7.665000,7.653000,7.676000
90,13,0,8.255200,8.304000,8.493000,8.124000,8.247000,8.108000
90,14,0,8.113400,8.238000,8.232000,7.945000,8.106000,8.046000
90,15,0,7.784800,7.934000,7.836000,7.758000,7.617000,7.779000
90,16,0,8.245200,8.341000,8.390000,8.068000,8.261000,8.166000
90,17,0,8.150600,8.280000,8.315000,8.053000,8.067000,8.038000
90,18,0,8.158800,8.256000,8.248000,8.018000,8.151000,8.121000
90,19,0,8.270600,8.291000,8.439000,8.170000,8.246000,8.207000
90,20,0,8.133800,8.186000,8.225000,8.010000,8.209000,8.039000
90,21,0,8.265600,8.245000,8.447000,8.102000,8.244000,8.290000
90,22,0,8.140200,8.228000,8.326000,7.978000,8.163000,8.006000
90,23,0,8.252200,8.313000,8.380000,8.200000,8.214000,8.154000
90,24,0,7.765200,7.942000,7.810000,7.565000,7.835000,7.674000
90,25,0,8.245000,8.316000,8.378000,8.176000,8.230000,8.125000
90,26,0,8.315200,8.398000,8.393000,8.263000,8.291000,8.231000
90,27,0,8.214400,8.313000,8.349000,8.114000,8.124000,8.172000
90,28,0,8.230400,8.377000,8.304000,8.216000,8.068000,8.187000
90,29,0,8.225200,8.366000,8.324000,8.159000,8.190000,8.087000
90,30,0,8.192400,8.339000,8.203000,8.119000,8.188000,8.113000
90,31,0,8.227200,8.333000,8.350000,8.094000,8.231000,8.128000
90,32,0,8.197200,8.208000,8.265000,8.195000,8.220000,8.098000
90,33,0,8.241400,8.243000,8.378000,8.149000,8.351000,8.086000
90,34,0,8.219600,8.338000,8.302000,8.096000,8.211000,8.151000
90,35,0,8.242000,8.340000,8.387000,8.153000,8.157000,8.173000
90,36,0,8.231200,8.213000,8.448000,8.136000,8.216000,8.143000
90,37,0,8.250000,8.345000,8.323000,8.218000,8.249000,8.115000
90,38,0,8.146400,8.203000,8.229000,8.064000,8.127000,8.109000
90,39,0,8.200800,8.196000,8.318000,8.140000,8.207000,8.143000
90,40,0,8.092600,8.181000,8.191000,7.980000,8.010000,8.101000
90,41,0,8.282200,8.321000,8.416000,8.144000,8.353000,8.177000
90,42,0,8.069800,8.176000,8.186000,8.048000,7.837000,8.102000
90,43,0,8.212000,8.152000,8.340000,8.195000,8.234000,8.139000
90,44,0,8.291400,8.309000,8.400000,8.189000,8.379000,8.180000
90,45,0,8.127200,8.223000,8.190000,8.038000,8.082000,8.103000
90,46,0,8.059800,8.233000,8.119000,7.921000,8.019000,8.007000
90,47,0,8.195600,8.304000,8.383000,8.068000,8.150000,8.073000
90,48,0,7.590000,7.794000,7.673000,7.531000,7.468000,7.484000
90,49,0,8.152000,8.250000,8.282000,8.101000,8.146000,7.981000
90,50,0,7.819200,8.102000,7.948000,7.727000,7.781000,7.538000
90,51,0,8.206600,8.242000,8.314000,8.127000,8.257000,8.093000
90,52,0,8.116400,8.303000,8.279000,7.877000,8.047000,8.076000
90,53,0,8.269400,8.367000,8.365000,8.228000,8.290000,8.097000
90,54,0,8.205800,8.354000,8.333000,8.074000,8.115000,8.153000
90,55,0,8.187800,8.239000,8.254000,8.155000,8.093000,8.198000
90,56,0,8.273200,8.370000,8.397000,8.243000,8.214000,8.142000
90,57,0,8.274600,8.337000,8.339000,8.227000,8.277000,8.193000
90,58,0,8.134400,8.290000,8.081000,8.055000,8.119000,8.127000
90,59,0,8.249000,8.317000,8.424000,8.164000,8.278000,8.062000
90,60,0,8.253600,8.238000,8.434000,8.114000,8.267000,8.215000
90,61,0,7.999800,8.164000,8.147000,7.852000,7.917000,7.919000
90,62,0,8.308400,8.248000,8.380000,8.321000,8.344000,8.249000
90,63,0,8.279800,8.312000,8.391000,8.230000,8.270000,8.196000
90,64,0,7.882600,8.051000,7.885000,7.834000,7.924000,7.719000
90,65,0,8.150000,8.160000,8.361000,8.005000,8.171000,8.053000
90,66,0,8.284600,8.452000,8.419000,8.195000,8.192000,8.165000
90,67,0,8.259400,8.305000,8.395000,8.122000,8.252000,8.223000
90,68,0,8.225800,8.301000,8.314000,8.142000,8.158000,8.214000
90,69,0,8.223800,8.290000,8.348000,8.177000,8.176000,8.128000
90,70,0,7.965800,7.957000,8.066000,7.898000,8.083000,7.825000
90,71,0,8.235800,8.330000,8.327000,8.144000,8.224000,8.154000
90,72,0,8.266000,8.293000,8.352000,8.200000,8.278000,8.207000
90,73,0,8.217800,8.303000,8.303000,8.105000,8.239000,8.139000
90,74,0,7.747600,7.863000,7.763000,7.647000,7.730000,7.735000
90,75,0,8.199600,8.287000,8.349000,8.008000,8.271000,8.083000
90,76,0,8.142400,8.166000,8.184000,8.117000,8.163000,8.082000
90,77,0,8.180400,8.216000,8.270000,8.158000,8.238000,8.020000
90,78,0,8.302000,8.342000,8.463000,8.232000,8.263000,8.210000
90,79,0,8.117400,8.116000,8.267000,8.002000,8.156000,8.046000
90,80,0,8.138600,8.186000,8.321000,8.104000,8.175000,7.907000
90,81,0,8.238000,8.257000,8.383000,8.102000,8.227000,8.221000
90,82,0,8.200600,8.150000,8.367000,8.243000,8.157000,8.086000
90,83,0,8.282600,8.246000,8.357000,8.257000,8.274000,8.279000
90,84,0,8.310600,8.283000,8.434000,8.203000,8.365000,8.268000
90,85,0,8.349800,8.377000,8.452000,8.349000,8.333000,8.238000
90,86,0,8.205800,8.167000,8.370000,8.157000,8.208000,8.127000
90,87,0,8.239400,8.288000,8.396000,8.158000,8.228000,8.127000
90,88,0,8.204400,8.173000,8.417000,8.134000,8.238000,8.060000
90,89,0,8.218600,8.318000,8.332000,8.142000,8.106000,8.195000
90,90,0,7.874800,8.062000,8.017000,7.718000,7.738000,7.839000
90,91,0,8.063800,8.111000,8.163000,7.933000,8.166000,7.946000
90,92,0,8.234000,8.348000,8.332000,8.241000,8.173000,8.076000
90,93,0,7.711400,7.931000,7.721000,7.588000,7.728000,7.589000
90,94,0,8.223600,8.357000,8.287000,8.138000,8.168000,8.168000
90,95,0,7.994600,8.166000,8.023000,7.866000,7.999000,7.919000
90,96,0,8.205400,8.286000,8.337000,8.067000,8.201000,8.136000
90,97,0,8.262200,8.369000,8.369000,8.150000,8.141000,8.282000
90,98,0,8.263200,8.236000,8.304000,8.239000,8.354000,8.183000
90,99,0,8.088600,8.000000,8.242000,8.087000,8.130000,7.984000
91,0,0,8.232200,8.281000,8.270000,8.256000,8.068000,8.286000
91,1,0,7.884400,7.870000,7.967000,7.717000,7.938000,7.930000
91,2,0,8.068400,8.112000,8.185000,7.937000,8.006000,8.102000
91,3,0,8.258600,8.273000,8.369000,8.221000,8.161000,8.269000
91,4,0,8.104800,8.120000,8.214000,8.119000,7.890000,8.181000
91,5,0,8.324000,8.406000,8.385000,8.344000,8.206000,8.279000
91,6,0,7.744400,7.790000,7.738000,7.640000,7.762000,7.792000
91,7,0,8.231000,8.206000,8.443000,8.169000,8.093000,8.244000
91,8,0,8.155800,8.189000,8.211000,8.177000,8.028000,8.174000
91,9,0,8.308400,8.326000,8.355000,8.280000,8.237000,8.344000
91,10,0,8.258200,8.332000,8.324000,8.243000,8.039000,8.353000
91,11,0,8.194200,8.144000,8.186000,8.256000,8.178000,8.207000
91,12,0,8.271000,8.259000,8.423000,8.226000,8.163000,8.284000
91,13,0,8.161000,8.117000,8.244000,8.218000,8.036000,8.190000
91,14,0,8.261000,8.313000,8.360000,8.204000,8.205000,8.223000
91,15,0,8.171200,8.248000,8.284000,8.089000,8.024000,8.211000
91,16,0,8.184000,8.173000,8.221000,8.124000,8.143000,8.259000
91,17,0,8.205400,8.192000,8.278000,8.180000,8.077000,8.300000
91,18,0,8.024600,8.002000,8.030000,8.079000,8.015000,7.997000
91,19,0,8.272400,8.294000,8.255000,8.273000,8.229000,8.311000
91,20,0,8.296600,8.291000,8.382000,8.312000,8.212000,8.286000
91,21,0,8.315200,8.326000,8.416000,8.244000,8.271000,8.319000
91,22,0,8.304200,8.324000,8.373000,8.289000,8.220000,8.315000
91,23,0,8.004600,8.025000,8.075000,7.983000,7.965000,7.975000
91,24,0,8.200800,8.282000,8.306000,8.156000,8.130000,8.130000
91,25,0,8.083800,8.085000,8.160000,8.041000,7.942000,8.191000
91,26,0,8.212200,8.224000,8.284000,8.186000,8.064000,8.303000
91,27,0,8.235200,8.278000,8.314000,8.211000,8.164000,8.209000
91,28,0,8.028600,8.053000,8.055000,8.091000,7.964000,7.980000
91,29,0,8.189000,8.181000,8.290000,8.172000,8.077000,8.225000
91,30,0,8.137000,8.174000,8.273000,8.022000,8.137000,8.079000
91,31,0,8.237000,8.246000,8.312000,8.148000,8.201000,8.278000
91,32,0,8.330600,8.282000,8.430000,8.302000,8.317000,8.322000
91,33,0,8.278400,8.280000,8.367000,8.257000,8.192000,8.296000
91,34,0,7.966800,7.939000,8.183000,7.966000,7.893000,7.853000
91,35,0,8.266800,8.306000,8.307000,8.286000,8.119000,8.316000
91,36,0,7.949600,7.965000,8.058000,7.768000,8.055000,7.902000
91,37,0,8.133400,8.153000,8.212000,8.146000,8.022000,8.134000
91,38,0,8.279400,8.268000,8.427000,8.189000,8.183000,8.330000
91,39,0,8.207000,8.171000,8.319000,8.139000,8.163000,8.243000
91,40,0,8.304600,8.366000,8.322000,8.304000,8.266000,8.265000
91,41,0,8.037600,8.175000,8.078000,7.947000,7.988000,8.000000
91,42,0,8.227400,8.264000,8.275000,8.202000,8.153000,8.243000
91,43,0,8.340400,8.399000,8.439000,8.340000,8.199000,8.325000
91,44,0,8.186800,8.145000,8.238000,8.170000,8.091000,8.290000
91,45,0,8.125000,8.170000,8.349000,7.979000,8.034000,8.093000
91,46,0,8.259400,8.225000,8.344000,8.252000,8.130000,8.346000
91,47,0,8.196000,8.310000,8.197000,8.135000,8.120000,8.218000
91,48,0,8.251800,8.234000,8.314000,8.277000,8.172000,8.262000
91,49,0,8.336200,8.450000,8.394000,8.261000,8.220000,8.356000
91,50,0,7.592000,7.577000,7.696000,7.611000,7.493000,7.583000
91,51,0,8.233800,8.251000,8.307000,8.186000,8.216000,8.209000
91,52,0,8.239600,8.260000,8.316000,8.251000,8.190000,8.181000
91,53,0,8.176200,8.172000,8.256000,8.183000,8.080000,8.190000
91,54,0,8.162600,8.145000,8.288000,8.100000,8.044000,8.236000
91,55,0,8.252200,8.330000,8.259000,8.281000,8.197000,8.194000
91,56,0,8.002200,8.079000,8.028000,7.929000,8.005000,7.970000
91,57,0,8.214200,8.227000,8.259000,8.210000,8.149000,8.226000
91,58,0,8.255600,8.305000,8.301000,8.234000,8.175000,8.263000
91,59,0,8.252400,8.278000,8.322000,8.225000,8.170000,8.267000
91,60,0,8.154400,8.120000,8.271000,8.181000,8.075000,8.125000
91,61,0,8.208200,8.231000,8.223000,8.260000,8.175000,8.152000
91,62,0,8.291400,8.319000,8.359000,8.194000,8.272000,8.313000
91,63,0,8.094600,8.088000,8.174000,8.056000,8.018000,8.137000
91,64,0,8.227000,8.221000,8.219000,8.312000,8.191000,8.192000
91,65,0,8.216800,8.224000,8.233000,8.253000,8.116000,8.258000
91,66,0,8.254800,8.329000,8.217000,8.221000,8.219000,8.288000
91,67,0,8.189800,8.212000,8.245000,8.205000,8.098000,8.189000
91,68,0,7.368800,7.287000,7.595000,7.285000,7.371000,7.306000
91,69,0,8.324800,8.342000,8.450000,8.369000,8.203000,8.260000
91,70,0,8.203800,8.215000,8.269000,8.132000,8.220000,8.183000
91,71,0,8.215600,8.236000,8.345000,8.132000,8.138000,8.227000
91,72,0,8.194000,8.230000,8.144000,8.231000,8.200000,8.165000
91,73,0,8.256600,8.284000,8.277000,8.245000,8.182000,8.295000
91,74,0,8.238000,8.276000,8.234000,8.244000,8.204000,8.232000
91,75,0,8.246000,8.279000,8.329000,8.273000,8.132000,8.217000
91,76,0,8.229800,8.253000,8.339000,8.185000,8.110000,8.262000
91,77,0,7.947200,8.034000,8.068000,7.869000,7.921000,7.844000
91,78,0,8.292400,8.346000,8.324000,8.252000,8.214000,8.326000
91,79,0,8.252800,8.253000,8.371000,8.291000,7.996000,8.353000
91,80,0,8.278800,8.316000,8.317000,8.268000,8.231000,8.262000
91,81,0,8.090000,8.049000,8.246000,8.057000,7.910000,8.188000
91,82,0,8.285600,8.298000,8.464000,8.234000,8.211000,8.221000
91,83,0,8.273000,8.313000,8.357000,8.189000,8.239000,8.267000
91,84,0,8.037600,8.202000,8.061000,8.010000,8.012000,7.903000
91,85,0,8.160800,8.175000,8.245000,7.999000,8.199000,8.186000
91,86,0,8.182400,8.225000,8.237000,8.065000,8.105000,8.280000
91,87,0,8.143600,8.132000,8.124000,8.168000,8.146000,8.148000
91,88,0,8.121800,8.170000,8.116000,8.060000,8.121000,8.142000
91,89,0,8.204200,8.299000,8.210000,8.189000,8.135000,8.188000
91,90,0,8.315800,8.264000,8.445000,8.315000,8.224000,8.331000
91,91,0,7.990400,7.949000,7.928000,8.021000,8.023000,8.031000
91,92,0,8.215400,8.138000,8.414000,8.258000,8.069000,8.198000
91,93,0,8.131400,8.225000,8.227000,7.977000,8.113000,8.115000
91,94,0,8.342800,8.316000,8.352000,8.336000,8.288000,8.422000
91,95,0,8.219600,8.246000,8.363000,8.104000,8.105000,8.280000
91,96,0,8.006800,8.037000,8.124000,7.917000,7.860000,8.096000
91,97,0,8.123800,8.187000,8.257000,8.009000,8.043000,8.123000
91,98,0,8.153200,8.137000,8.171000,8.168000,7.988000,8.302000
91,99,0,8.204600,8.257000,8.235000,8.088000,8.176000,8.267000
92,0,0,7.982800,8.091000,7.964000,7.936000,8.006000,7.917000
92,1,0,8.313800,8.452000,8.216000,8.229000,8.392000,8.280000
92,2,0,8.257200,8.357000,8.289000,8.237000,8.177000,8.226000
92,3,0,8.255800,8.374000,8.162000,8.257000,8.230000,8.256000
92,4,0,8.243400,8.263000,8.172000,8.259000,8.232000,8.291000
92,5,0,7.415600,7.537000,7.353000,7.508000,7.436000,7.244000
92,6,0,8.290800,8.434000,8.286000,8.181000,8.186000,8.367000
92,7,0,8.137600,8.191000,8.040000,8.220000,8.167000,8.070000
92,8,0,8.205800,8.366000,8.146000,8.186000,8.077000,8.254000
92,9,0,7.819800,7.833000,7.802000,7.804000,7.869000,7.791000
92,10,0,8.171000,8.073000,8.258000,8.207000,8.172000,8.145000
92,11,0,8.271400,8.331000,8.300000,8.203000,8.277000,8.246000
92,12,0,8.248600,8.264000,8.233000,8.235000,8.185000,8.326000
92,13,0,8.284800,8.261000,8.303000,8.259000,8.264000,8.337000
92,14,0,8.163800,8.369000,8.167000,8.179000,7.953000,8.151000
92,15,0,8.327000,8.393000,8.324000,8.223000,8.301000,8.394000
92,16,0,8.284800,8.279000,8.303000,8.197000,8.222000,8.423000
92,17,0,8.262400,8.244000,8.316000,8.136000,8.284000,8.332000
92,18,0,8.281800,8.314000,8.154000,8.281000,8.282000,8.378000
92,19,0,8.318400,8.435000,8.380000,8.214000,8.193000,8.370000
92,20,0,8.197600,8.263000,8.164000,8.181000,8.159000,8.221000
92,21,0,7.340600,7.286000,7.334000,7.345000,7.510000,7.228000
92,22,0,8.124200,8.118000,8.135000,8.080000,8.178000,8.110000
92,23,0,8.034000,8.073000,7.994000,8.121000,8.052000,7.930000
92,24,0,8.169400,8.217000,8.117000,8.225000,8.181000,8.107000
92,25,0,7.342800,7.427000,7.441000,7.390000,7.234000,7.222000
92,26,0,8.280800,8.204000,8.303000,8.260000,8.300000,8.337000
92,27,0,7.882600,7.743000,7.845000,8.036000,7.974000,7.815000
92,28,0,8.107400,8.233000,7.979000,8.109000,8.003000,8.213000
92,29,0,8.207000,8.205000,8.220000,8.227000,8.197000,8.186000
92,30,0,8.250800,8.324000,8.281000,8.213000,8.245000,8.191000
92,31,0,8.184800,8.129000,8.144000,8.228000,8.277000,8.146000
92,32,0,7.721200,7.789000,7.658000,7.836000,7.811000,7.512000
92,33,0,8.394000,8.358000,8.374000,8.371000,8.361000,8.506000
92,34,0,8.228400,8.384000,8.246000,8.182000,8.108000,8.222000
92,35,0,8.039800,8.049000,7.997000,7.977000,8.084000,8.092000
92,36,0,8.101400,8.301000,8.053000,7.929000,8.009000,8.215000
92,37,0,8.299200,8.262000,8.316000,8.323000,8.243000,8.352000
92,38,0,8.303400,8.364000,8.337000,8.206000,8.238000,8.372000
92,39,0,8.162800,8.306000,8.098000,8.142000,8.138000,8.130000
92,40,0,8.218000,8.272000,8.269000,8.179000,8.136000,8.234000
92,41,0,8.320600,8.378000,8.384000,8.282000,8.299000,8.260000
92,42,0,8.020400,7.994000,8.051000,8.020000,8.025000,8.012000
92,43,0,8.076000,8.088000,8.088000,8.091000,8.102000,8.011000
92,44,0,8.277800,8.339000,8.280000,8.311000,8.225000,8.234000
92,45,0,7.826200,7.835000,7.784000,7.819000,7.983000,7.710000
92,46,0,8.277600,8.271000,8.346000,8.199000,8.249000,8.323000
92,47,0,8.052000,8.057000,8.012000,8.075000,8.167000,7.949000
92,48,0,8.191400,8.243000,8.173000,8.149000,8.161000,8.231000
92,49,0,8.288200,8.295000,8.277000,8.252000,8.222000,8.395000
92,50,0,8.037600,8.036000,7.951000,8.100000,8.069000,8.032000
92,51,0,8.238400,8.154000,8.287000,8.278000,8.322000,8.151000
92,52,0,8.283800,8.339000,8.331000,8.286000,8.184000,8.279000
92,53,0,8.203000,8.202000,8.224000,8.221000,8.191000,8.177000
92,54,0,8.366400,8.429000,8.401000,8.304000,8.307000,8.391000
92,55,0,8.315600,8.300000,8.279000,8.329000,8.283000,8.387000
92,56,0,8.190200,8.303000,8.170000,8.104000,8.190000,8.184000
92,57,0,8.250400,8.285000,8.263000,8.114000,8.218000,8.372000
92,58,0,8.222000,8.218000,8.250000,8.273000,8.214000,8.155000
92,59,0,8.302200,8.355000,8.200000,8.297000,8.243000,8.416000
92,60,0,8.275200,8.368000,8.278000,8.254000,8.247000,8.229000
92,61,0,8.259400,8.378000,8.162000,8.186000,8.345000,8.226000
92,62,0,8.195600,8.262000,8.226000,8.207000,8.219000,8.064000
92,63,0,8.269000,8.293000,8.258000,8.237000,8.253000,8.304000
92,64,0,8.025400,8.018000,7.932000,8.034000,8.152000,7.991000
92,65,0,8.146200,8.190000,8.166000,8.033000,8.104000,8.238000
92,66,0,8.082000,8.119000,8.136000,8.039000,8.076000,8.040000
92,67,0,8.335000,8.361000,8.364000,8.275000,8.267000,8.408000
92,68,0,8.367600,8.467000,8.370000,8.271000,8.306000,8.424000
92,69,0,8.274400,8.286000,8.367000,8.157000,8.242000,8.320000
92,70,0,8.228600,8.276000,8.266000,8.171000,8.186000,8.244000
92,71,0,8.231000,8.188000,8.230000,8.192000,8.271000,8.274000
92,72,0,7.885600,7.867000,7.843000,7.900000,7.990000,7.828000
92,73,0,8.176200,8.186000,8.189000,8.195000,8.043000,8.268000
92,74,0,8.198200,8.264000,8.227000,8.148000,8.189000,8.163000
92,75,0,8.092400,8.246000,8.008000,8.077000,8.086000,8.045000
92,76,0,8.245600,8.289000,8.270000,8.133000,8.247000,8.289000
92,77,0,8.201400,8.303000,8.214000,8.263000,8.168000,8.059000
92,78,0,8.159800,8.278000,8.117000,8.243000,8.210000,7.951000
92,79,0,8.150600,8.091000,8.252000,8.156000,8.035000,8.219000
92,80,0,8.238600,8.300000,8.217000,8.296000,8.199000,8.181000
92,81,0,8.046000,8.235000,7.969000,7.994000,7.897000,8.135000
92,82,0,8.253200,8.175000,8.247000,8.256000,8.324000,8.264000
92,83,0,8.336000,8.358000,8.317000,8.334000,8.355000,8.316000
92,84,0,7.926800,7.931000,7.900000,8.018000,8.041000,7.744000
92,85,0,8.192600,8.313000,8.091000,8.239000,8.180000,8.140000
92,86,0,7.786000,7.944000,7.698000,7.736000,7.707000,7.845000
92,87,0,8.289200,8.270000,8.261000,8.359000,8.241000,8.315000
92,88,0,8.085200,8.067000,8.016000,8.161000,8.217000,7.965000
92,89,0,7.833200,7.878000,7.788000,7.864000,7.917000,7.719000
92,90,0,8.226400,8.272000,8.244000,8.177000,8.194000,8.245000
92,91,0,8.246600,8.248000,8.283000,8.115000,8.259000,8.328000
92,92,0,8.164200,8.368000,8.085000,8.093000,8.141000,8.134000
92,93,0,8.208200,8.354000,8.141000,8.214000,8.106000,8.226000
92,94,0,8.344800,8.436000,8.326000,8.371000,8.351000,8.240000
92,95,0,8.359400,8.464000,8.269000,8.384000,8.321000,8.359000
92,96,0,8.254400,8.417000,8.263000,8.213000,8.170000,8.209000
92,97,0,8.298800,8.368000,8.274000,8.240000,8.295000,8.317000
92,98,0,8.231800,8.247000,8.239000,8.258000,8.209000,8.206000
92,99,0,8.163200,8.346000,8.140000,7.957000,8.124000,8.249000
93,0,0,8.244800,8.100000,8.110000,8.267000,8.358000,8.389000
93,1,0,8.221000,8.156000,8.162000,8.224000,8.238000,8.325000
93,2,0,8.117200,8.078000,8.199000,7.957000,8.203000,8.149000
93,3,0,8.339600,8.174000,8.300000,8.406000,8.409000,8.409000
93,4,0,8.256400,8.177000,8.250000,8.185000,8.342000,8.328000
93,5,0,8.274600,8.202000,8.285000,8.309000,8.332000,8.245000
93,6,0,8.245200,8.087000,8.271000,8.254000,8.334000,8.280000
93,7,0,8.300200,8.186000,8.325000,8.244000,8.362000,8.384000
93,8,0,8.113600,7.916000,8.193000,8.100000,8.201000,8.158000
93,9,0,8.301000,8.195000,8.264000,8.307000,8.396000,8.343000
93,10,0,8.232200,8.176000,8.286000,8.112000,8.340000,8.247000
93,11,0,8.177000,7.995000,8.119000,8.243000,8.294000,8.234000
93,12,0,8.238600,8.053000,8.162000,8.286000,8.411000,8.281000
93,13,0,8.276400,8.036000,8.358000,8.278000,8.444000,8.266000
93,14,0,8.261400,8.135000,8.203000,8.304000,8.350000,8.315000
93,15,0,8.225800,8.110000,8.124000,8.294000,8.342000,8.259000
93,16,0,8.162000,8.054000,8.189000,8.149000,8.295000,8.123000
93,17,0,8.208000,8.094000,8.137000,8.309000,8.279000,8.221000
93,18,0,8.168800,8.129000,8.175000,8.079000,8.250000,8.211000
93,19,0,7.781200,7.978000,7.861000,7.477000,7.763000,7.827000
93,20,0,7.745200,7.784000,7.797000,7.687000,7.756000,7.702000
93,21,0,7.987200,7.838000,8.015000,7.944000,8.080000,8.059000
93,22,0,8.308200,8.241000,8.351000,8.216000,8.379000,8.354000
93,23,0,8.127400,8.046000,8.210000,8.028000,8.179000,8.174000
93,24,0,8.209800,8.093000,8.143000,8.211000,8.300000,8.302000
93,25,0,8.269800,8.198000,8.178000,8.313000,8.380000,8.280000
93,26,0,8.154800,8.131000,8.119000,8.089000,8.089000,8.346000
93,27,0,8.278000,8.148000,8.201000,8.339000,8.317000,8.385000
93,28,0,8.256400,8.142000,8.239000,8.276000,8.427000,8.198000
93,29,0,8.260200,8.107000,8.217000,8.295000,8.336000,8.346000
93,30,0,7.809200,7.865000,7.902000,7.621000,7.809000,7.849000
93,31,0,8.302400,8.139000,8.276000,8.280000,8.440000,8.377000
93,32,0,8.053800,8.087000,8.093000,7.815000,8.163000,8.111000
93,33,0,7.930200,7.900000,8.062000,7.796000,8.040000,7.853000
93,34,0,8.316200,8.245000,8.280000,8.311000,8.368000,8.377000
93,35,0,7.813800,7.843000,7.901000,7.730000,7.852000,7.743000
93,36,0,8.196400,8.009000,8.290000,8.153000,8.321000,8.209000
93,37,0,8.255200,8.058000,8.201000,8.356000,8.352000,8.309000
93,38,0,8.267800,8.061000,8.345000,8.290000,8.312000,8.331000
93,39,0,8.160600,8.129000,8.078000,8.119000,8.254000,8.223000
93,40,0,8.092000,8.109000,8.189000,7.950000,8.101000,8.111000
93,41,0,8.041000,7.786000,8.097000,8.128000,8.084000,8.110000
93,42,0,8.149800,8.002000,8.140000,8.177000,8.183000,8.247000
93,43,0,7.910000,7.977000,7.866000,7.682000,8.077000,7.948000
93,44,0,8.270400,8.102000,8.444000,8.180000,8.337000,8.289000
93,45,0,8.299800,8.149000,8.300000,8.305000,8.398000,8.347000
93,46,0,8.265400,8.188000,8.205000,8.229000,8.374000,8.331000
93,47,0,8.243000,8.167000,8.150000,8.275000,8.236000,8.387000
93,48,0,8.174800,8.047000,8.203000,8.204000,8.297000,8.123000
93,49,0,7.927400,7.962000,7.953000,7.744000,8.069000,7.909000
93,50,0,8.287800,8.214000,8.207000,8.350000,8.353000,8.315000
93,51,0,8.209800,8.143000,8.250000,8.119000,8.279000,8.258000
93,52,0,8.069800,8.138000,8.093000,7.860000,8.156000,8.102000
93,53,0,8.178400,8.047000,8.173000,8.102000,8.263000,8.307000
93,54,0,7.051400,7.129000,7.145000,6.818000,7.202000,6.963000
93,55,0,7.458000,7.563000,7.628000,7.164000,7.518000,7.417000
93,56,0,8.308800,8.203000,8.384000,8.261000,8.379000,8.317000
93,57,0,8.212000,8.071000,8.253000,8.071000,8.357000,8.308000
93,58,0,8.074600,8.101000,8.096000,7.893000,8.132000,8.151000
93,59,0,8.311000,8.199000,8.346000,8.233000,8.421000,8.356000
93,60,0,8.175200,7.952000,8.183000,8.237000,8.289000,8.215000
93,61,0,8.246000,8.092000,8.235000,8.290000,8.338000,8.275000
93,62,0,8.016600,8.027000,8.085000,7.902000,8.147000,7.922000
93,63,0,8.225000,8.181000,8.194000,8.133000,8.414000,8.203000
93,64,0,7.847600,7.874000,7.921000,7.637000,7.849000,7.957000
93,65,0,8.196400,8.035000,8.092000,8.266000,8.315000,8.274000
93,66,0,8.249000,8.000000,8.236000,8.378000,8.283000,8.348000
93,67,0,8.315800,8.056000,8.302000,8.357000,8.434000,8.430000
93,68,0,8.292800,8.170000,8.206000,8.347000,8.448000,8.293000
93,69,0,8.228400,8.148000,8.194000,8.232000,8.280000,8.288000
93,70,0,8.242600,8.048000,8.243000,8.262000,8.325000,8.335000
93,71,0,8.264000,8.114000,8.275000,8.263000,8.366000,8.302000
93,72,0,8.231800,8.092000,8.310000,8.279000,8.248000,8.230000
93,73,0,8.220600,8.118000,8.288000,8.152000,8.422000,8.123000
93,74,0,8.120400,7.992000,7.959000,8.258000,8.170000,8.223000
93,75,0,8.231800,8.155000,8.173000,8.265000,8.289000,8.277000
93,76,0,8.229400,8.129000,8.174000,8.358000,8.359000,8.127000
93,77,0,8.260000,8.174000,8.246000,8.305000,8.308000,8.267000
93,78,0,8.076200,8.130000,8.021000,7.965000,8.156000,8.109000
93,79,0,8.178400,8.098000,8.086000,8.283000,8.206000,8.219000
93,80,0,8.128400,7.962000,8.164000,8.143000,8.229000,8.144000
93,81,0,8.201400,8.077000,8.169000,8.331000,8.253000,8.177000
93,82,0,8.262600,8.205000,8.294000,8.291000,8.346000,8.177000
93,83,0,8.196600,8.091000,8.140000,8.262000,8.281000,8.209000
93,84,0,8.204400,8.180000,8.214000,8.131000,8.222000,8.275000
93,85,0,8.127800,8.127000,8.093000,8.056000,8.213000,8.150000
93,86,0,8.168400,8.093000,8.189000,8.112000,8.278000,8.170000
93,87,0,8.160400,7.940000,8.268000,8.276000,8.180000,8.138000
93,88,0,8.219200,8.102000,8.105000,8.354000,8.224000,8.311000
93,89,0,8.245000,8.157000,8.130000,8.217000,8.367000,8.354000
93,90,0,8.198000,8.188000,8.249000,8.152000,8.183000,8.218000
93,91,0,8.199600,8.060000,8.228000,8.222000,8.294000,8.194000
93,92,0,8.250200,8.179000,8.236000,8.229000,8.362000,8.245000
93,93,0,8.317800,8.155000,8.297000,8.343000,8.393000,8.401000
93,94,0,8.276400,8.087000,8.290000,8.360000,8.304000,8.341000
93,95,0,8.268800,8.083000,8.291000,8.253000,8.333000,8.384000
93,96,0,8.282400,8.174000,8.296000,8.299000,8.275000,8.368000
93,97,0,8.184200,8.056000,8.178000,8.188000,8.304000,8.195000
93,98,0,8.112200,8.043000,7.990000,8.204000,8.172000,8.152000
93,99,0,8.267400,8.250000,8.239000,8.283000,8.298000,8.267000
94,0,0,8.271200,8.238000,8.286000,8.308000,8.333000,8.191000
94,1,0,7.752000,7.594000,7.843000,7.887000,7.609000,7.827000
94,2,0,8.231600,8.223000,8.315000,8.196000,8.258000,8.166000
94,3,0,8.293400,8.186000,8.394000,8.313000,8.254000,8.320000
94,4,0,8.035200,7.949000,7.979000,8.136000,8.070000,8.042000
94,5,0,7.817000,7.621000,7.855000,7.942000,7.747000,7.920000
94,6,0,8.179000,8.149000,8.200000,8.154000,8.192000,8.200000
94,7,0,8.250200,8.193000,8.245000,8.281000,8.241000,8.291000
94,8,0,7.928200,7.761000,8.053000,7.980000,7.758000,8.089000
94,9,0,8.171800,8.103000,8.299000,8.213000,8.122000,8.122000
94,10,0,8.315000,8.308000,8.275000,8.297000,8.316000,8.379000
94,11,0,8.316600,8.337000,8.225000,8.336000,8.352000,8.333000
94,12,0,8.085000,7.964000,8.163000,8.152000,8.103000,8.043000
94,13,0,8.086600,8.085000,8.096000,8.068000,8.156000,8.028000
94,14,0,8.267200,8.218000,8.278000,8.235000,8.308000,8.297000
94,15,0,8.166200,7.998000,8.323000,8.137000,8.140000,8.233000
94,16,0,7.880600,7.712000,7.969000,7.999000,7.798000,7.925000
94,17,0,7.991200,7.971000,8.027000,8.042000,7.919000,7.997000
94,18,0,8.189000,8.076000,8.211000,8.282000,8.135000,8.241000
94,19,0,8.211400,8.167000,8.276000,8.199000,8.261000,8.154000
94,20,0,8.044600,7.985000,7.969000,8.125000,8.002000,8.142000
94,21,0,8.219400,8.140000,8.261000,8.202000,8.243000,8.251000
94,22,0,8.287400,8.226000,8.327000,8.328000,8.289000,8.267000
94,23,0,8.279800,8.156000,8.354000,8.272000,8.292000,8.325000
94,24,0,8.127800,8.102000,8.125000,8.122000,8.059000,8.231000
94,25,0,8.204600,7.951000,8.273000,8.331000,8.187000,8.281000
94,26,0,8.260600,8.266000,8.319000,8.192000,8.304000,8.222000
94,27,0,8.318400,8.205000,8.348000,8.297000,8.350000,8.392000
94,28,0,8.261800,8.158000,8.355000,8.239000,8.300000,8.257000
94,29,0,8.060800,7.971000,8.120000,8.142000,7.938000,8.133000
94,30,0,7.870000,7.750000,7.960000,7.838000,7.867000,7.935000
94,31,0,8.135400,8.001000,8.225000,8.056000,8.137000,8.258000
94,32,0,8.219400,8.073000,8.352000,8.191000,8.184000,8.297000
94,33,0,8.202800,8.203000,8.172000,8.205000,8.234000,8.200000
94,34,0,8.277800,8.313000,8.303000,8.291000,8.229000,8.253000
94,35,0,8.215000,8.177000,8.205000,8.188000,8.222000,8.283000
94,36,0,8.208600,8.061000,8.317000,8.205000,8.225000,8.235000
94,37,0,8.272000,8.193000,8.327000,8.275000,8.272000,8.293000
94,38,0,8.213000,8.166000,8.245000,8.225000,8.200000,8.229000
94,39,0,7.724800,7.525000,7.761000,7.757000,7.719000,7.862000
94,40,0,7.865200,7.651000,7.924000,7.871000,7.925000,7.955000
94,41,0,8.138600,8.145000,8.125000,8.107000,8.151000,8.165000
94,42,0,8.010200,7.971000,8.160000,7.955000,7.967000,7.998000
94,43,0,7.339000,7.183000,7.345000,7.510000,7.174000,7.483000
94,44,0,8.158000,8.044000,8.232000,8.192000,8.144000,8.178000
94,45,0,8.175200,8.224000,8.109000,8.121000,8.171000,8.251000
94,46,0,8.160000,8.126000,8.203000,8.070000,8.173000,8.228000
94,47,0,8.109400,8.083000,8.030000,8.296000,7.927000,8.211000
94,48,0,8.229600,8.206000,8.163000,8.267000,8.229000,8.283000
94,49,0,8.113800,7.994000,8.170000,8.174000,8.121000,8.110000
94,50,0,8.069600,7.998000,8.135000,7.976000,8.089000,8.150000
94,51,0,8.256800,8.159000,8.256000,8.275000,8.312000,8.282000
94,52,0,8.169200,8.032000,8.205000,8.200000,8.113000,8.296000
94,53,0,8.209000,8.120000,8.192000,8.236000,8.231000,8.266000
94,54,0,8.214600,8.119000,8.181000,8.247000,8.210000,8.316000
94,55,0,8.209800,8.221000,8.138000,8.233000,8.185000,8.272000
94,56,0,7.653200,7.519000,7.801000,7.628000,7.555000,7.763000
94,57,0,8.262400,8.282000,8.244000,8.291000,8.142000,8.353000
94,58,0,8.158800,8.061000,8.234000,8.201000,8.192000,8.106000
94,59,0,7.104400,6.845000,7.212000,7.157000,7.096000,7.212000
94,60,0,7.783600,7.609000,7.755000,7.848000,7.743000,7.963000
94,61,0,8.231400,8.113000,8.315000,8.235000,8.245000,8.249000
94,62,0,8.138000,7.984000,8.143000,8.184000,8.147000,8.232000
94,63,0,8.169800,8.075000,8.167000,8.160000,8.159000,8.288000
94,64,0,8.288800,8.177000,8.317000,8.277000,8.307000,8.366000
94,65,0,8.296200,8.247000,8.388000,8.318000,8.264000,8.264000
94,66,0,8.251000,8.161000,8.253000,8.289000,8.285000,8.267000
94,67,0,8.271400,8.217000,8.279000,8.314000,8.227000,8.320000
94,68,0,7.907400,7.694000,7.954000,7.976000,7.951000,7.962000
94,69,0,8.272600,8.143000,8.350000,8.322000,8.265000,8.283000
94,70,0,7.730200,7.654000,7.878000,7.754000,7.525000,7.840000
94,71,0,8.207000,8.190000,8.226000,8.227000,8.217000,8.175000
94,72,0,8.198000,8.161000,8.188000,8.192000,8.230000,8.219000
94,73,0,7.996600,7.836000,8.014000,8.052000,7.979000,8.102000
94,74,0,8.224800,8.191000,8.280000,8.245000,8.182000,8.226000
94,75,0,8.250600,8.205000,8.248000,8.195000,8.275000,8.330000
94,76,0,8.129200,8.132000,8.229000,8.091000,8.141000,8.053000
94,77,0,8.261200,8.094000,8.325000,8.249000,8.301000,8.337000
94,78,0,8.275200,8.158000,8.259000,8.311000,8.301000,8.347000
94,79,0,7.952600,7.791000,7.949000,8.005000,7.972000,8.046000
94,80,0,8.293400,8.255000,8.314000,8.224000,8.284000,8.390000
94,81,0,8.205200,8.099000,8.250000,8.186000,8.256000,8.235000
94,82,0,8.135000,8.100000,8.222000,8.111000,8.157000,8.085000
94,83,0,8.230200,8.183000,8.341000,8.168000,8.272000,8.187000
94,84,0,8.193400,8.043000,8.276000,8.217000,8.220000,8.211000
94,85,0,8.252000,8.243000,8.217000,8.247000,8.331000,8.222000
94,86,0,8.228000,8.144000,8.351000,8.227000,8.172000,8.246000
94,87,0,8.168000,8.055000,8.230000,8.157000,8.173000,8.225000
94,88,0,7.723400,7.491000,7.905000,7.779000,7.739000,7.703000
94,89,0,8.299400,8.207000,8.287000,8.304000,8.343000,8.356000
94,90,0,8.192200,8.142000,8.281000,8.243000,8.058000,8.237000
94,91,0,8.070400,7.978000,8.161000,8.081000,8.018000,8.114000
94,92,0,8.028400,7.896000,7.893000,8.116000,8.106000,8.131000
94,93,0,8.210000,8.223000,8.158000,8.247000,8.170000,8.252000
94,94,0,8.282600,8.142000,8.293000,8.321000,8.369000,8.288000
94,95,0,7.242600,7.078000,7.270000,7.193000,7.349000,7.323000
94,96,0,8.007000,7.851000,8.075000,8.074000,7.989000,8.046000
94,97,0,8.048800,7.857000,8.152000,8.048000,8.088000,8.099000
94,98,0,8.308400,8.255000,8.352000,8.357000,8.256000,8.322000
94,99,0,8.181400,8.136000,8.174000,8.235000,8.131000,8.231000
95,0,0,8.130600,8.310000,7.947000,8.120000,8.202000,8.074000
95,1,0,8.341400,8.341000,8.368000,8.346000,8.313000,8.339000
95,2,0,8.220400,8.265000,8.144000,8.227000,8.305000,8.161000
95,3,0,8.139400,8.268000,7.928000,8.224000,8.146000,8.131000
95,4,0,8.134800,8.315000,8.065000,8.091000,8.175000,8.028000
95,5,0,8.245200,8.294000,8.162000,8.265000,8.258000,8.247000
95,6,0,8.220600,8.202000,8.290000,8.202000,8.216000,8.193000
95,7,0,8.271000,8.424000,8.211000,8.315000,8.275000,8.130000
95,8,0,8.264400,8.302000,8.251000,8.247000,8.329000,8.193000
95,9,0,8.305200,8.449000,8.194000,8.194000,8.394000,8.295000
95,10,0,7.989800,8.164000,7.836000,8.049000,8.117000,7.783000
95,11,0,8.213800,8.188000,8.278000,8.216000,8.176000,8.211000
95,12,0,7.454800,7.484000,7.286000,7.448000,7.593000,7.463000
95,13,0,8.200400,8.214000,8.181000,8.230000,8.176000,8.201000
95,14,0,8.290000,8.326000,8.093000,8.376000,8.332000,8.323000
95,15,0,8.252200,8.319000,8.220000,8.218000,8.298000,8.206000
95,16,0,8.107000,8.114000,7.990000,8.160000,8.139000,8.132000
95,17,0,8.289400,8.414000,8.145000,8.307000,8.344000,8.237000
95,18,0,8.282200,8.278000,8.207000,8.310000,8.375000,8.241000
95,19,0,8.170400,8.242000,8.136000,8.212000,8.228000,8.034000
95,20,0,8.124600,8.165000,8.135000,8.097000,8.155000,8.071000
95,21,0,8.256200,8.292000,8.305000,8.223000,8.258000,8.203000
95,22,0,8.318400,8.347000,8.196000,8.323000,8.433000,8.293000
95,23,0,8.222400,8.306000,8.101000,8.217000,8.222000,8.266000
95,24,0,8.289200,8.378000,8.226000,8.208000,8.354000,8.280000
95,25,0,8.249000,8.316000,8.143000,8.367000,8.242000,8.177000
95,26,0,8.252400,8.393000,8.160000,8.240000,8.261000,8.208000
95,27,0,8.296200,8.275000,8.304000,8.253000,8.379000,8.270000
95,28,0,8.126400,8.197000,8.077000,8.136000,8.117000,8.105000
95,29,0,7.987400,8.101000,7.877000,7.962000,8.120000,7.877000
95,30,0,8.278600,8.314000,8.311000,8.170000,8.366000,8.232000
95,31,0,8.300600,8.314000,8.279000,8.256000,8.369000,8.285000
95,32,0,8.185400,8.263000,8.033000,8.281000,8.219000,8.131000
95,33,0,8.279400,8.292000,8.184000,8.332000,8.342000,8.247000
95,34,0,8.353600,8.421000,8.326000,8.241000,8.382000,8.398000
95,35,0,8.163200,8.154000,8.118000,8.141000,8.299000,8.104000
95,36,0,8.246000,8.349000,8.179000,8.232000,8.243000,8.227000
95,37,0,8.137400,8.224000,7.878000,8.200000,8.288000,8.097000
95,38,0,8.228200,8.252000,8.238000,8.196000,8.230000,8.225000
95,39,0,8.318200,8.380000,8.233000,8.345000,8.367000,8.266000
95,40,0,8.322600,8.435000,8.151000,8.292000,8.400000,8.335000
95,41,0,8.324800,8.365000,8.265000,8.357000,8.382000,8.255000
95,42,0,8.230200,8.280000,8.304000,8.215000,8.136000,8.216000
95,43,0,8.231800,8.275000,8.208000,8.236000,8.264000,8.176000
95,44,0,8.287200,8.285000,8.260000,8.248000,8.323000,8.320000
95,45,0,7.416000,7.475000,7.276000,7.462000,7.564000,7.303000
95,46,0,8.207400,8.285000,8.012000,8.241000,8.247000,8.252000
95,47,0,7.814000,7.941000,7.496000,7.857000,7.898000,7.878000
95,48,0,8.212800,8.294000,8.189000,8.092000,8.275000,8.214000
95,49,0,8.305600,8.316000,8.295000,8.276000,8.364000,8.277000
95,50,0,8.239800,8.327000,8.162000,8.228000,8.244000,8.238000
95,51,0,8.211200,8.269000,8.277000,8.201000,8.178000,8.131000
95,52,0,8.327000,8.371000,8.277000,8.338000,8.343000,8.306000
95,53,0,8.216400,8.268000,8.004000,8.247000,8.333000,8.230000
95,54,0,8.347800,8.437000,8.268000,8.358000,8.364000,8.312000
95,55,0,8.042800,8.132000,7.862000,8.192000,8.068000,7.960000
95,56,0,8.245000,8.338000,8.265000,8.216000,8.218000,8.188000
95,57,0,7.862200,7.854000,7.791000,7.861000,8.002000,7.803000
95,58,0,8.257800,8.286000,8.132000,8.284000,8.401000,8.186000
95,59,0,8.187000,8.239000,8.163000,8.227000,8.186000,8.120000
95,60,0,8.212000,8.356000,8.070000,8.147000,8.223000,8.264000
95,61,0,8.169800,8.242000,8.133000,8.075000,8.199000,8.200000
95,62,0,8.191600,8.247000,8.266000,8.216000,8.136000,8.093000
95,63,0,8.314400,8.346000,8.272000,8.322000,8.356000,8.276000
95,64,0,8.210200,8.217000,8.320000,8.281000,8.190000,8.043000
95,65,0,8.249600,8.280000,8.174000,8.182000,8.344000,8.268000
95,66,0,8.307200,8.473000,8.255000,8.288000,8.254000,8.266000
95,67,0,8.295200,8.366000,8.163000,8.311000,8.359000,8.277000
95,68,0,8.256200,8.241000,8.211000,8.297000,8.273000,8.259000
95,69,0,8.264000,8.325000,8.200000,8.140000,8.352000,8.303000
95,70,0,8.180600,8.223000,8.110000,8.217000,8.196000,8.157000
95,71,0,8.218800,8.299000,8.211000,8.206000,8.247000,8.131000
95,72,0,8.203200,8.207000,8.060000,8.266000,8.264000,8.219000
95,73,0,8.249200,8.371000,8.110000,8.114000,8.441000,8.210000
95,74,0,7.908600,8.010000,7.764000,7.926000,7.949000,7.894000
95,75,0,8.301400,8.381000,8.206000,8.303000,8.370000,8.247000
95,76,0,8.361400,8.376000,8.271000,8.359000,8.435000,8.366000
95,77,0,7.798800,7.932000,7.585000,7.831000,7.849000,7.797000
95,78,0,8.293800,8.389000,8.188000,8.294000,8.360000,8.238000
95,79,0,8.122600,8.204000,8.047000,8.083000,8.281000,7.998000
95,80,0,8.298200,8.399000,8.264000,8.253000,8.357000,8.218000
95,81,0,8.268400,8.378000,8.088000,8.278000,8.320000,8.278000
95,82,0,8.157000,8.282000,7.942000,8.087000,8.293000,8.181000
95,83,0,8.313400,8.407000,8.208000,8.214000,8.374000,8.364000
95,84,0,8.252000,8.235000,8.269000,8.245000,8.339000,8.172000
95,85,0,8.310800,8.360000,8.258000,8.323000,8.354000,8.259000
95,86,0,8.302200,8.379000,8.188000,8.308000,8.332000,8.304000
95,87,0,8.108400,8.166000,8.074000,8.196000,8.035000,8.071000
95,88,0,8.311400,8.417000,8.241000,8.275000,8.344000,8.280000
95,89,0,8.302800,8.333000,8.344000,8.353000,8.266000,8.218000
95,90,0,8.268000,8.312000,8.236000,8.185000,8.303000,8.304000
95,91,0,8.167200,8.223000,8.112000,8.210000,8.158000,8.133000
95,92,0,8.097200,7.937000,8.131000,8.067000,8.237000,8.114000
95,93,0,7.388400,7.504000,7.170000,7.467000,7.536000,7.265000
95,94,0,8.301200,8.289000,8.359000,8.365000,8.360000,8.133000
95,95,0,8.287400,8.394000,8.196000,8.258000,8.307000,8.282000
95,96,0,8.284200,8.313000,8.188000,8.249000,8.411000,8.260000
95,97,0,8.203000,8.239000,8.070000,8.226000,8.292000,8.188000
95,98,0,8.231400,8.298000,8.236000,8.183000,8.293000,8.147000
95,99,0,7.813600,7.992000,7.540000,7.947000,7.924000,7.665000
96,0,0,8.121200,8.212000,8.136000,8.120000,8.128000,8.010000
96,1,0,7.825600,7.949000,7.880000,7.741000,7.829000,7.729000
96,2,0,8.263200,8.233000,8.320000,8.227000,8.237000,8.299000
96,3,0,8.105800,8.177000,8.121000,8.031000,8.080000,8.120000
96,4,0,8.293600,8.285000,8.257000,8.382000,8.292000,8.252000
96,5,0,7.386600,7.437000,7.385000,7.458000,7.414000,7.239000
96,6,0,8.321400,8.429000,8.303000,8.271000,8.244000,8.360000
96,7,0,8.046200,8.030000,8.050000,8.060000,8.041000,8.050000
96,8,0,8.378200,8.412000,8.372000,8.379000,8.376000,8.352000
96,9,0,8.285000,8.297000,8.291000,8.326000,8.224000,8.287000
96,10,0,7.495800,7.671000,7.470000,7.522000,7.301000,7.515000
96,11,0,8.215400,8.261000,8.178000,8.245000,8.199000,8.194000
96,12,0,8.312000,8.384000,8.217000,8.292000,8.385000,8.282000
96,13,0,8.222600,8.370000,8.150000,8.170000,8.190000,8.233000
96,14,0,8.289800,8.356000,8.211000,8.397000,8.267000,8.218000
96,15,0,8.316000,8.348000,8.281000,8.372000,8.262000,8.317000
96,16,0,8.322400,8.292000,8.241000,8.411000,8.341000,8.327000
96,17,0,8.273400,8.337000,8.278000,8.273000,8.241000,8.238000
96,18,0,8.191600,8.241000,8.247000,8.209000,8.214000,8.047000
96,19,0,8.171800,8.203000,8.153000,8.079000,8.228000,8.196000
96,20,0,8.275800,8.359000,8.239000,8.331000,8.271000,8.179000
96,21,0,8.315000,8.342000,8.261000,8.312000,8.387000,8.273000
96,22,0,7.843400,7.980000,7.890000,7.804000,7.806000,7.737000
96,23,0,8.379200,8.399000,8.406000,8.436000,8.366000,8.289000
96,24,0,8.326600,8.344000,8.334000,8.355000,8.325000,8.275000
96,25,0,8.197400,8.155000,8.208000,8.236000,8.163000,8.225000
96,26,0,8.232800,8.197000,8.178000,8.312000,8.251000,8.226000
96,27,0,8.426800,8.508000,8.440000,8.444000,8.406000,8.336000
96,28,0,8.395400,8.471000,8.360000,8.477000,8.378000,8.291000
96,29,0,8.305000,8.390000,8.278000,8.251000,8.365000,8.241000
96,30,0,8.031600,8.178000,7.997000,8.074000,7.863000,8.046000
96,31,0,7.981600,8.058000,7.994000,7.921000,7.940000,7.995000
96,32,0,8.298200,8.372000,8.226000,8.295000,8.263000,8.335000
96,33,0,8.236800,8.315000,8.338000,8.158000,8.218000,8.155000
96,34,0,8.344400,8.381000,8.249000,8.346000,8.380000,8.366000
96,35,0,8.333600,8.467000,8.213000,8.377000,8.220000,8.391000
96,36,0,8.424600,8.428000,8.355000,8.472000,8.384000,8.484000
96,37,0,8.213200,8.187000,8.282000,8.204000,8.186000,8.207000
96,38,0,8.386600,8.368000,8.392000,8.431000,8.358000,8.384000
96,39,0,8.114800,8.210000,8.141000,8.109000,8.030000,8.084000
96,40,0,8.210200,8.338000,8.163000,8.245000,8.138000,8.167000
96,41,0,8.370400,8.449000,8.381000,8.300000,8.325000,8.397000
96,42,0,8.409000,8.422000,8.364000,8.494000,8.365000,8.400000
96,43,0,8.415200,8.460000,8.382000,8.426000,8.412000,8.396000
96,44,0,8.143800,8.188000,8.146000,8.168000,8.063000,8.154000
96,45,0,7.759600,7.862000,7.925000,7.738000,7.629000,7.644000
96,46,0,8.374600,8.429000,8.350000,8.370000,8.417000,8.307000
96,47,0,8.277000,8.272000,8.314000,8.343000,8.267000,8.189000
96,48,0,8.294200,8.362000,8.256000,8.266000,8.265000,8.322000
96,49,0,7.982800,8.089000,7.870000,7.890000,8.055000,8.010000
96,50,0,8.320800,8.332000,8.280000,8.347000,8.350000,8.295000
96,51,0,8.100800,8.137000,8.144000,8.122000,7.966000,8.135000
96,52,0,8.195000,8.318000,8.154000,8.202000,8.193000,8.108000
96,53,0,8.237400,8.311000,8.246000,8.280000,8.121000,8.229000
96,54,0,8.426200,8.428000,8.423000,8.464000,8.467000,8.349000
96,55,0,8.349200,8.441000,8.277000,8.386000,8.324000,8.318000
96,56,0,8.391000,8.471000,8.343000,8.397000,8.387000,8.357000
96,57,0,8.366600,8.383000,8.295000,8.435000,8.435000,8.285000
96,58,0,8.266400,8.292000,8.239000,8.366000,8.268000,8.167000
96,59,0,8.298200,8.412000,8.192000,8.357000,8.258000,8.272000
96,60,0,8.266600,8.326000,8.241000,8.305000,8.178000,8.283000
96,61,0,8.327200,8.341000,8.208000,8.418000,8.297000,8.372000
96,62,0,7.361800,7.412000,7.310000,7.281000,7.492000,7.314000
96,63,0,8.304200,8.398000,8.251000,8.206000,8.332000,8.334000
96,64,0,8.010600,8.024000,8.050000,7.919000,7.962000,8.098000
96,65,0,8.334400,8.454000,8.328000,8.380000,8.244000,8.266000
96,66,0,8.154400,8.208000,8.208000,8.184000,8.068000,8.104000
96,67,0,8.345800,8.424000,8.240000,8.321000,8.389000,8.355000
96,68,0,8.364000,8.391000,8.335000,8.399000,8.367000,8.328000
96,69,0,8.341600,8.409000,8.333000,8.422000,8.308000,8.236000
96,70,0,7.913600,7.981000,7.844000,7.885000,7.793000,8.065000
96,71,0,8.233800,8.295000,8.280000,8.257000,8.115000,8.222000
96,72,0,8.341000,8.414000,8.279000,8.284000,8.362000,8.366000
96,73,0,8.258000,8.346000,8.233000,8.276000,8.208000,8.227000
96,74,0,7.676600,7.775000,7.694000,7.668000,7.685000,7.561000
96,75,0,8.294400,8.311000,8.322000,8.298000,8.345000,8.196000
96,76,0,8.325000,8.364000,8.343000,8.341000,8.349000,8.228000
96,77,0,8.351400,8.483000,8.289000,8.419000,8.325000,8.241000
96,78,0,8.373000,8.385000,8.409000,8.433000,8.296000,8.342000
96,79,0,8.351000,8.465000,8.174000,8.370000,8.413000,8.333000
96,80,0,8.279200,8.305000,8.238000,8.288000,8.272000,8.293000
96,81,0,8.355400,8.410000,8.359000,8.293000,8.294000,8.421000
96,82,0,8.377400,8.414000,8.351000,8.475000,8.340000,8.307000
96,83,0,8.210400,8.271000,8.213000,8.283000,8.142000,8.143000
96,84,0,8.330200,8.345000,8.382000,8.293000,8.345000,8.286000
96,85,0,8.273800,8.331000,8.197000,8.264000,8.301000,8.276000
96,86,0,8.299600,8.315000,8.230000,8.303000,8.299000,8.351000
96,87,0,8.363600,8.397000,8.324000,8.417000,8.356000,8.324000
96,88,0,8.280400,8.316000,8.311000,8.240000,8.309000,8.226000
96,89,0,8.317600,8.355000,8.301000,8.338000,8.241000,8.353000
96,90,0,8.125400,8.114000,8.049000,8.177000,8.179000,8.108000
96,91,0,8.348600,8.376000,8.322000,8.384000,8.324000,8.337000
96,92,0,8.324200,8.439000,8.207000,8.399000,8.297000,8.279000
96,93,0,8.132400,8.230000,8.117000,8.152000,8.048000,8.115000
96,94,0,7.773600,7.948000,7.776000,7.828000,7.538000,7.778000
96,95,0,8.281800,8.329000,8.275000,8.323000,8.213000,8.269000
96,96,0,8.371800,8.330000,8.367000,8.413000,8.360000,8.389000
96,97,0,8.269800,8.338000,8.298000,8.268000,8.147000,8.298000
96,98,0,8.337800,8.416000,8.360000,8.340000,8.274000,8.299000
96,99,0,8.341400,8.313000,8.370000,8.357000,8.350000,8.317000
97,0,0,8.284600,8.317000,8.170000,8.310000,8.349000,8.277000
97,1,0,8.181400,8.185000,8.196000,8.198000,8.100000,8.228000
97,2,0,8.244800,8.207000,8.328000,8.214000,8.287000,8.188000
97,3,0,8.366600,8.369000,8.321000,8.517000,8.342000,8.284000
97,4,0,8.256400,8.309000,8.257000,8.260000,8.283000,8.173000
97,5,0,8.301000,8.309000,8.264000,8.319000,8.244000,8.369000
97,6,0,8.264400,8.234000,8.311000,8.250000,8.241000,8.286000
97,7,0,8.301200,8.354000,8.357000,8.312000,8.243000,8.240000
97,8,0,8.387800,8.409000,8.333000,8.404000,8.409000,8.384000
97,9,0,8.389800,8.449000,8.349000,8.326000,8.401000,8.424000
97,10,0,8.280600,8.255000,8.252000,8.240000,8.296000,8.360000
97,11,0,8.329600,8.359000,8.311000,8.309000,8.346000,8.323000
97,12,0,7.890400,7.956000,7.921000,7.735000,7.991000,7.849000
97,13,0,8.306000,8.333000,8.143000,8.397000,8.349000,8.308000
97,14,0,8.160600,8.197000,8.172000,8.267000,8.079000,8.088000
97,15,0,8.215400,8.233000,8.264000,8.258000,8.168000,8.154000
97,16,0,8.351000,8.328000,8.290000,8.411000,8.378000,8.348000
97,17,0,8.353000,8.367000,8.354000,8.368000,8.334000,8.342000
97,18,0,8.321400,8.371000,8.170000,8.417000,8.311000,8.338000
97,19,0,8.219000,8.246000,8.200000,8.202000,8.174000,8.273000
97,20,0,8.224400,8.172000,8.237000,8.263000,8.220000,8.230000
97,21,0,8.276200,8.328000,8.166000,8.364000,8.307000,8.216000
97,22,0,8.275800,8.310000,8.296000,8.240000,8.323000,8.210000
97,23,0,8.216600,8.266000,8.287000,8.187000,8.276000,8.067000
97,24,0,8.303400,8.305000,8.278000,8.328000,8.288000,8.318000
97,25,0,8.176000,8.254000,8.193000,8.101000,8.195000,8.137000
97,26,0,8.092000,8.105000,8.169000,8.069000,8.024000,8.093000
97,27,0,8.106000,8.082000,8.123000,8.180000,8.032000,8.113000
97,28,0,8.019400,8.041000,8.200000,7.879000,7.940000,8.037000
97,29,0,8.235400,8.132000,8.201000,8.348000,8.170000,8.326000
97,30,0,8.111800,8.113000,8.114000,8.193000,8.138000,8.001000
97,31,0,8.328800,8.411000,8.338000,8.296000,8.333000,8.266000
97,32,0,8.317400,8.347000,8.282000,8.399000,8.291000,8.268000
97,33,0,8.323600,8.355000,8.256000,8.323000,8.304000,8.380000
97,34,0,8.280600,8.332000,8.125000,8.432000,8.305000,8.209000
97,35,0,8.245600,8.220000,8.228000,8.334000,8.171000,8.275000
97,36,0,8.226400,8.331000,8.270000,8.138000,8.208000,8.185000
97,37,0,8.339400,8.381000,8.407000,8.390000,8.308000,8.211000
97,38,0,8.110000,8.046000,8.147000,8.170000,8.096000,8.091000
97,39,0,8.214600,8.230000,8.154000,8.279000,8.259000,8.151000
97,40,0,7.572000,7.749000,7.575000,7.564000,7.268000,7.704000
97,41,0,7.359200,7.530000,7.364000,7.388000,7.249000,7.265000
97,42,0,8.058800,8.054000,8.030000,8.028000,8.083000,8.099000
97,43,0,8.190200,8.189000,8.208000,8.121000,8.119000,8.314000
97,44,0,8.161200,8.215000,8.188000,8.114000,7.998000,8.291000
97,45,0,8.373600,8.378000,8.321000,8.406000,8.370000,8.393000
97,46,0,8.074600,8.052000,8.054000,8.199000,7.983000,8.085000
97,47,0,8.256200,8.262000,8.287000,8.267000,8.177000,8.288000
97,48,0,8.233400,8.169000,8.206000,8.289000,8.233000,8.270000
97,49,0,8.261400,8.298000,8.209000,8.297000,8.275000,8.228000
97,50,0,8.221000,8.228000,8.200000,8.118000,8.262000,8.297000
97,51,0,8.151800,8.230000,8.096000,8.167000,8.016000,8.250000
97,52,0,8.096600,8.098000,8.059000,8.101000,8.182000,8.043000
97,53,0,8.214000,8.219000,8.132000,8.329000,8.181000,8.209000
97,54,0,8.347200,8.376000,8.243000,8.423000,8.425000,8.269000
97,55,0,7.876800,7.948000,7.690000,7.972000,7.875000,7.899000
97,56,0,8.247200,8.167000,8.256000,8.277000,8.254000,8.282000
97,57,0,8.189800,8.181000,8.210000,8.155000,8.201000,8.202000
97,58,0,8.254200,8.246000,8.241000,8.240000,8.353000,8.191000
97,59,0,8.282600,8.268000,8.284000,8.318000,8.288000,8.255000
97,60,0,8.259800,8.314000,8.239000,8.288000,8.260000,8.198000
97,61,0,7.942200,7.945000,7.945000,7.861000,7.814000,8.146000
97,62,0,8.318600,8.373000,8.309000,8.302000,8.250000,8.359000
97,63,0,8.267000,8.387000,8.222000,8.250000,8.225000,8.251000
97,64,0,7.958200,7.920000,8.056000,7.984000,7.848000,7.983000
97,65,0,8.291400,8.351000,8.287000,8.299000,8.283000,8.237000
97,66,0,8.379600,8.358000,8.327000,8.419000,8.426000,8.368000
97,67,0,8.297200,8.376000,8.213000,8.334000,8.335000,8.228000
97,68,0,8.020400,8.083000,7.954000,8.080000,7.960000,8.025000
97,69,0,7.679200,7.710000,7.781000,7.593000,7.599000,7.713000
97,70,0,8.291400,8.266000,8.310000,8.342000,8.261000,8.278000
97,71,0,8.161200,8.172000,8.086000,8.193000,8.184000,8.171000
97,72,0,8.140000,8.141000,8.115000,8.175000,8.081000,8.188000
97,73,0,8.246600,8.293000,8.206000,8.358000,8.199000,8.177000
97,74,0,8.296200,8.313000,8.285000,8.290000,8.304000,8.289000
97,75,0,8.330400,8.376000,8.244000,8.355000,8.422000,8.255000
97,76,0,8.291400,8.263000,8.248000,8.374000,8.280000,8.292000
97,77,0,8.363000,8.360000,8.416000,8.367000,8.332000,8.340000
97,78,0,8.280200,8.362000,8.233000,8.329000,8.215000,8.262000
97,79,0,8.270200,8.334000,8.235000,8.204000,8.314000,8.264000
97,80,0,7.938600,8.034000,7.911000,7.992000,7.880000,7.876000
97,81,0,7.851200,7.854000,7.859000,7.869000,7.823000,7.851000
97,82,0,8.184400,8.228000,8.064000,8.267000,8.149000,8.214000
97,83,0,8.285400,8.254000,8.293000,8.359000,8.238000,8.283000
97,84,0,8.288600,8.352000,8.277000,8.155000,8.311000,8.348000
97,85,0,8.191800,8.239000,8.172000,8.255000,8.133000,8.160000
97,86,0,8.149600,8.183000,8.092000,8.183000,8.241000,8.049000
97,87,0,8.020600,7.987000,8.116000,8.018000,7.813000,8.169000
97,88,0,7.811600,7.748000,7.858000,7.886000,7.590000,7.976000
97,89,0,8.183600,8.218000,8.207000,8.162000,8.060000,8.271000
97,90,0,8.358800,8.360000,8.350000,8.369000,8.354000,8.361000
97,91,0,8.119200,8.244000,7.979000,8.167000,8.084000,8.122000
97,92,0,7.954600,8.074000,8.023000,7.827000,7.799000,8.050000
97,93,0,8.232400,8.246000,8.238000,8.216000,8.262000,8.200000
97,94,0,8.277800,8.390000,8.234000,8.298000,8.205000,8.262000
97,95,0,8.231600,8.231000,8.170000,8.324000,8.177000,8.256000
97,96,0,8.197000,8.212000,8.227000,8.242000,8.157000,8.147000
97,97,0,8.216600,8.219000,8.252000,8.218000,8.181000,8.213000
97,98,0,8.315600,8.348000,8.333000,8.389000,8.331000,8.177000
97,99,0,8.249400,8.315000,8.257000,8.270000,8.228000,8.177000
98,0,0,8.360600,8.365000,8.251000,8.403000,8.458000,8.326000
98,1,0,8.240400,8.218000,8.074000,8.310000,8.310000,8.290000
98,2,0,8.237600,8.224000,8.144000,8.291000,8.367000,8.162000
98,3,0,8.340000,8.353000,8.242000,8.306000,8.439000,8.360000
98,4,0,8.226200,8.221000,8.160000,8.175000,8.345000,8.230000
98,5,0,7.912000,7.978000,7.789000,7.984000,8.053000,7.756000
98,6,0,8.086400,8.262000,7.941000,7.903000,8.267000,8.059000
98,7,0,8.271600,8.276000,8.200000,8.261000,8.388000,8.233000
98,8,0,8.356600,8.397000,8.203000,8.366000,8.446000,8.371000
98,9,0,8.076400,8.120000,8.014000,8.002000,8.228000,8.018000
98,10,0,8.321200,8.339000,8.214000,8.381000,8.338000,8.334000
98,11,0,8.395600,8.426000,8.321000,8.408000,8.484000,8.339000
98,12,0,8.020000,8.026000,7.859000,8.083000,8.151000,7.981000
98,13,0,8.288800,8.354000,8.052000,8.390000,8.411000,8.237000
98,14,0,8.285800,8.374000,8.295000,8.307000,8.310000,8.143000
98,15,0,8.434800,8.418000,8.371000,8.466000,8.523000,8.396000
98,16,0,8.391600,8.464000,8.222000,8.458000,8.474000,8.340000
98,17,0,8.343800,8.382000,8.239000,8.278000,8.430000,8.390000
98,18,0,8.287000,8.368000,8.181000,8.285000,8.378000,8.223000
98,19,0,7.961000,7.991000,7.944000,7.885000,8.029000,7.956000
98,20,0,8.317800,8.312000,8.161000,8.396000,8.401000,8.319000
98,21,0,8.180200,8.167000,8.054000,8.150000,8.373000,8.157000
98,22,0,8.366000,8.414000,8.356000,8.451000,8.329000,8.280000
98,23,0,8.222600,8.220000,8.146000,8.209000,8.340000,8.198000
98,24,0,8.258800,8.270000,8.141000,8.358000,8.233000,8.292000
98,25,0,8.434400,8.391000,8.407000,8.407000,8.543000,8.424000
98,26,0,8.374400,8.350000,8.240000,8.454000,8.445000,8.383000
98,27,0,8.189000,8.265000,8.060000,8.238000,8.256000,8.126000
98,28,0,8.323000,8.314000,8.102000,8.404000,8.419000,8.376000
98,29,0,8.291000,8.333000,8.180000,8.364000,8.322000,8.256000
98,30,0,8.378400,8.413000,8.365000,8.434000,8.447000,8.233000
98,31,0,8.236800,8.201000,8.068000,8.265000,8.374000,8.276000
98,32,0,8.348600,8.406000,8.315000,8.293000,8.420000,8.309000
98,33,0,8.260400,8.217000,8.207000,8.250000,8.345000,8.283000
98,34,0,8.112600,8.160000,8.063000,8.027000,8.253000,8.060000
98,35,0,8.165400,8.157000,8.168000,8.072000,8.203000,8.227000
98,36,0,8.337800,8.334000,8.262000,8.370000,8.382000,8.341000
98,37,0,8.411400,8.423000,8.343000,8.420000,8.585000,8.286000
98,38,0,8.366600,8.346000,8.208000,8.453000,8.474000,8.352000
98,39,0,8.418800,8.416000,8.289000,8.493000,8.443000,8.453000
98,40,0,8.440400,8.425000,8.370000,8.452000,8.544000,8.411000
98,41,0,8.114600,8.217000,8.132000,7.938000,8.192000,8.094000
98,42,0,8.363000,8.368000,8.151000,8.395000,8.468000,8.433000
98,43,0,8.219400,8.225000,8.126000,8.220000,8.330000,8.196000
98,44,0,8.349800,8.377000,8.242000,8.327000,8.441000,8.362000
98,45,0,8.331000,8.397000,8.339000,8.224000,8.435000,8.260000
98,46,0,8.218200,8.247000,8.118000,8.188000,8.214000,8.324000
98,47,0,8.416400,8.420000,8.316000,8.467000,8.488000,8.391000
98,48,0,8.378000,8.365000,8.216000,8.377000,8.478000,8.454000
98,49,0,8.149000,8.217000,8.075000,8.046000,8.207000,8.200000
98,50,0,8.058600,8.164000,8.049000,8.030000,8.176000,7.874000
98,51,0,8.420200,8.381000,8.308000,8.469000,8.520000,8.423000
98,52,0,8.084600,8.095000,8.089000,7.993000,8.183000,8.063000
98,53,0,8.422200,8.415000,8.399000,8.456000,8.410000,8.431000
98,54,0,8.263200,8.308000,8.092000,8.291000,8.375000,8.250000
98,55,0,8.316000,8.379000,8.079000,8.365000,8.416000,8.341000
98,56,0,8.332800,8.402000,8.265000,8.307000,8.437000,8.253000
98,57,0,8.427200,8.462000,8.278000,8.488000,8.479000,8.429000
98,58,0,8.176400,8.199000,8.222000,8.127000,8.219000,8.115000
98,59,0,8.246000,8.318000,8.133000,8.172000,8.438000,8.169000
98,60,0,8.307000,8.377000,8.221000,8.306000,8.411000,8.220000
98,61,0,7.924600,7.877000,7.971000,7.822000,8.018000,7.935000
98,62,0,8.025000,7.980000,8.022000,8.023000,8.005000,8.095000
98,63,0,8.366000,8.307000,8.302000,8.379000,8.420000,8.422000
98,64,0,8.456200,8.387000,8.380000,8.450000,8.516000,8.548000
98,65,0,8.365000,8.387000,8.348000,8.317000,8.458000,8.315000
98,66,0,8.277800,8.423000,8.188000,8.223000,8.322000,8.233000
98,67,0,7.516600,7.574000,7.541000,7.455000,7.630000,7.383000
98,68,0,8.254600,8.253000,8.236000,8.206000,8.379000,8.199000
98,69,0,8.328200,8.342000,8.232000,8.383000,8.338000,8.346000
98,70,0,8.132600,8.104000,8.002000,8.123000,8.221000,8.213000
98,71,0,8.247800,8.271000,8.068000,8.253000,8.403000,8.244000
98,72,0,8.147000,8.079000,7.992000,8.202000,8.223000,8.239000
98,73,0,8.008400,7.985000,7.988000,7.959000,8.135000,7.975000
98,74,0,8.371400,8.369000,8.378000,8.350000,8.422000,8.338000
98,75,0,8.388000,8.325000,8.343000,8.470000,8.461000,8.341000
98,76,0,8.387800,8.336000,8.248000,8.490000,8.458000,8.407000
98,77,0,8.306000,8.328000,8.210000,8.346000,8.437000,8.209000
98,78,0,8.373200,8.381000,8.328000,8.423000,8.359000,8.375000
98,79,0,8.034800,8.094000,7.834000,8.088000,8.167000,7.991000
98,80,0,8.402800,8.361000,8.265000,8.521000,8.428000,8.439000
98,81,0,8.126800,8.061000,8.228000,8.045000,8.232000,8.068000
98,82,0,8.360400,8.309000,8.269000,8.410000,8.424000,8.390000
98,83,0,8.325000,8.290000,8.276000,8.348000,8.480000,8.231000
98,84,0,8.185400,8.135000,8.053000,8.285000,8.236000,8.218000
98,85,0,8.342600,8.360000,8.202000,8.404000,8.430000,8.317000
98,86,0,8.277400,8.332000,8.257000,8.184000,8.378000,8.236000
98,87,0,7.833400,7.969000,7.788000,7.659000,8.052000,7.699000
98,88,0,8.343600,8.341000,8.243000,8.376000,8.427000,8.331000
98,89,0,8.220000,8.188000,8.050000,8.309000,8.278000,8.275000
98,90,0,8.236200,8.259000,8.157000,8.180000,8.410000,8.175000
98,91,0,8.375400,8.416000,8.331000,8.435000,8.447000,8.248000
98,92,0,8.088800,8.101000,8.077000,8.100000,8.140000,8.026000
98,93,0,8.276800,8.329000,8.218000,8.258000,8.337000,8.242000
98,94,0,8.220600,8.228000,7.998000,8.378000,8.304000,8.195000
98,95,0,7.633400,7.640000,7.480000,7.517000,7.872000,7.658000
98,96,0,8.271000,8.265000,8.154000,8.314000,8.280000,8.342000
98,97,0,8.334400,8.323000,8.228000,8.379000,8.337000,8.405000
98,98,0,8.283200,8.331000,8.223000,8.317000,8.341000,8.204000
98,99,0,8.321800,8.313000,8.302000,8.371000,8.408000,8.215000
99,0,0,8.124600,8.147000,8.163000,8.208000,8.009000,8.096000
99,1,0,8.219400,8.176000,8.307000,8.155000,8.293000,8.166000
99,2,0,8.323200,8.257000,8.348000,8.351000,8.413000,8.247000
99,3,0,7.515400,7.613000,7.593000,7.391000,7.433000,7.547000
99,4,0,8.153600,7.963000,8.260000,8.194000,8.201000,8.150000
99,5,0,8.025000,8.004000,7.995000,8.078000,7.918000,8.130000
99,6,0,8.287000,8.294000,8.266000,8.192000,8.350000,8.333000
99,7,0,8.327600,8.263000,8.388000,8.370000,8.317000,8.300000
99,8,0,8.334400,8.342000,8.291000,8.339000,8.409000,8.291000
99,9,0,7.552000,7.496000,7.424000,7.632000,7.637000,7.571000
99,10,0,8.245400,8.164000,8.277000,8.204000,8.318000,8.264000
99,11,0,8.289600,8.183000,8.378000,8.224000,8.349000,8.314000
99,12,0,8.284200,8.311000,8.345000,8.212000,8.322000,8.231000
99,13,0,8.313600,8.328000,8.371000,8.290000,8.225000,8.354000
99,14,0,7.597600,7.547000,7.618000,7.584000,7.610000,7.629000
99,15,0,8.221800,8.140000,8.308000,8.269000,8.240000,8.152000
99,16,0,8.149800,8.139000,8.152000,8.168000,8.142000,8.148000
99,17,0,8.290400,8.221000,8.406000,8.353000,8.220000,8.252000
99,18,0,8.288200,8.261000,8.332000,8.285000,8.281000,8.282000
99,19,0,8.310000,8.318000,8.321000,8.262000,8.359000,8.290000
99,20,0,7.867200,7.821000,7.749000,8.025000,7.727000,8.014000
99,21,0,8.000200,7.912000,7.957000,8.098000,7.968000,8.066000
99,22,0,8.222800,8.122000,8.287000,8.245000,8.192000,8.268000
99,23,0,8.351600,8.383000,8.420000,8.230000,8.421000,8.304000
99,24,0,8.285400,8.234000,8.262000,8.356000,8.238000,8.337000
99,25,0,7.994000,7.982000,7.932000,7.968000,8.041000,8.047000
99,26,0,8.204800,8.160000,8.292000,8.166000,8.155000,8.251000
99,27,0,8.210000,8.097000,8.166000,8.324000,8.214000,8.249000
99,28,0,8.107800,8.056000,8.105000,8.146000,8.001000,8.231000
99,29,0,8.215200,8.220000,8.333000,8.155000,8.207000,8.161000
99,30,0,6.795600,6.960000,6.638000,6.801000,6.716000,6.863000
99,31,0,7.900600,7.777000,7.910000,8.058000,7.755000,8.003000
99,32,0,7.954000,7.862000,7.996000,8.033000,8.001000,7.878000
99,33,0,8.329800,8.390000,8.323000,8.290000,8.362000,8.284000
99,34,0,8.192400,8.090000,8.216000,8.245000,8.303000,8.108000
99,35,0,7.891400,7.913000,7.928000,7.884000,7.788000,7.944000
99,36,0,8.320800,8.288000,8.456000,8.274000,8.283000,8.303000
99,37,0,8.266200,8.191000,8.343000,8.237000,8.278000,8.282000
99,38,0,8.151200,8.062000,8.211000,8.183000,8.147000,8.153000
99,39,0,8.195200,8.098000,8.325000,8.193000,8.206000,8.154000
99,40,0,8.302200,8.302000,8.386000,8.223000,8.366000,8.234000
99,41,0,8.250800,8.250000,8.244000,8.256000,8.257000,8.247000
99,42,0,8.333200,8.352000,8.368000,8.328000,8.324000,8.294000
99,43,0,8.286800,8.218000,8.343000,8.302000,8.288000,8.283000
99,44,0,8.052800,8.058000,8.041000,8.063000,8.086000,8.016000
99,45,0,8.257400,8.206000,8.356000,8.157000,8.297000,8.271000
99,46,0,8.189600,8.125000,8.279000,8.149000,8.137000,8.258000
99,47,0,8.269000,8.265000,8.311000,8.264000,8.154000,8.351000
99,48,0,8.193400,8.095000,8.200000,8.110000,8.279000,8.283000
99,49,0,8.074800,8.185000,8.039000,8.081000,7.955000,8.114000
99,50,0,8.227400,8.207000,8.255000,8.216000,8.123000,8.336000
99,51,0,8.305400,8.292000,8.364000,8.293000,8.276000,8.302000
99,52,0,8.166200,8.184000,8.259000,8.129000,8.148000,8.111000
99,53,0,8.333000,8.245000,8.411000,8.311000,8.399000,8.299000
99,54,0,8.281600,8.253000,8.311000,8.288000,8.339000,8.217000
99,55,0,8.300600,8.267000,8.294000,8.290000,8.307000,8.345000
99,56,0,8.178200,8.092000,8.183000,8.333000,8.131000,8.152000
99,57,0,8.245400,8.176000,8.296000,8.255000,8.263000,8.237000
99,58,0,8.228000,8.171000,8.343000,8.235000,8.234000,8.157000
99,59,0,8.180400,8.177000,8.171000,8.144000,8.193000,8.217000
99,60,0,8.147200,8.188000,8.237000,8.049000,8.085000,8.177000
99,61,0,8.310200,8.245000,8.358000,8.418000,8.218000,8.312000
99,62,0,8.257200,8.276000,8.321000,8.192000,8.262000,8.235000
99,63,0,8.278800,8.214000,8.434000,8.150000,8.386000,8.210000
99,64,0,8.365800,8.321000,8.483000,8.382000,8.294000,8.349000
99,65,0,8.247800,8.231000,8.190000,8.337000,8.313000,8.168000
99,66,0,8.119200,7.998000,8.202000,8.051000,8.186000,8.159000
99,67,0,8.003800,7.981000,7.980000,8.030000,7.918000,8.110000
99,68,0,8.241800,8.174000,8.310000,8.181000,8.266000,8.278000
99,69,0,8.205400,8.229000,8.280000,8.118000,8.233000,8.167000
99,70,0,8.390600,8.434000,8.466000,8.352000,8.356000,8.345000
99,71,0,8.120200,8.135000,8.100000,8.140000,8.012000,8.214000
99,72,0,8.183200,8.147000,8.276000,8.133000,8.237000,8.123000
99,73,0,8.170000,8.106000,8.184000,8.104000,8.317000,8.139000
99,74,0,8.287400,8.352000,8.356000,8.214000,8.261000,8.254000
99,75,0,8.268000,8.236000,8.260000,8.352000,8.271000,8.221000
99,76,0,8.376000,8.421000,8.489000,8.317000,8.280000,8.373000
99,77,0,8.238200,8.052000,8.321000,8.246000,8.261000,8.311000
99,78,0,8.071800,8.057000,7.999000,8.071000,8.080000,8.152000
99,79,0,8.036800,8.029000,8.071000,7.952000,8.018000,8.114000
99,80,0,8.268600,8.216000,8.288000,8.240000,8.291000,8.308000
99,81,0,8.305600,8.274000,8.346000,8.246000,8.345000,8.317000
99,82,0,8.226000,8.199000,8.302000,8.249000,8.165000,8.215000
99,83,0,8.249600,8.254000,8.307000,8.227000,8.191000,8.269000
99,84,0,8.171600,8.137000,8.213000,8.273000,8.079000,8.156000
99,85,0,8.331400,8.284000,8.452000,8.357000,8.254000,8.310000
99,86,0,7.946200,8.033000,7.876000,7.915000,7.935000,7.972000
99,87,0,7.945400,7.936000,7.959000,7.930000,7.903000,7.999000
99,88,0,8.124600,8.280000,8.143000,8.019000,8.136000,8.045000
99,89,0,8.182200,8.047000,8.115000,8.292000,8.161000,8.296000
99,90,0,8.341000,8.334000,8.391000,8.322000,8.354000,8.304000
99,91,0,8.222000,8.110000,8.328000,8.205000,8.284000,8.183000
99,92,0,7.438600,7.338000,7.373000,7.635000,7.438000,7.409000
99,93,0,8.252000,8.253000,8.277000,8.300000,8.233000,8.197000
99,94,0,8.030200,8.046000,8.003000,8.066000,8.069000,7.967000
99,95,0,8.348400,8.293000,8.371000,8.345000,8.374000,8.359000
99,96,0,8.293800,8.182000,8.211000,8.332000,8.390000,8.354000
99,97,0,8.302600,8.301000,8.312000,8.268000,8.360000,8.272000
99,98,0,8.375000,8.356000,8.385000,8.363000,8.430000,8.341000
99,99,0,8.200200,8.089000,8.342000,8.250000,8.088000,8.232000
