generation,sol_idx,emitter_id,mean_throughput,eval_0,eval_1,eval_2,eval_3,eval_4
0,0,0,3.205600,3.232000,3.115000,3.237000,3.203000,3.241000
0,1,0,2.767200,2.841000,2.744000,2.741000,2.819000,2.691000
0,2,0,2.880400,2.967000,2.957000,2.729000,2.902000,2.847000
0,3,0,3.178000,3.129000,3.183000,3.198000,3.275000,3.105000
0,4,0,3.128000,3.148000,3.052000,3.202000,3.085000,3.153000
0,5,0,3.242400,3.271000,3.199000,3.184000,3.256000,3.302000
0,6,0,2.956000,2.982000,2.920000,2.912000,2.913000,3.053000
0,7,0,3.118800,3.174000,3.100000,3.148000,3.013000,3.159000
0,8,0,3.109600,3.274000,3.028000,3.153000,2.984000,3.109000
0,9,0,3.002600,2.985000,2.968000,2.955000,3.108000,2.997000
0,10,0,3.041400,3.106000,3.075000,2.999000,3.043000,2.984000
0,11,0,3.287800,3.253000,3.200000,3.299000,3.326000,3.361000
0,12,0,3.186800,3.117000,3.128000,3.224000,3.266000,3.199000
0,13,0,3.053200,3.047000,3.022000,3.040000,3.105000,3.052000
0,14,0,2.630200,2.587000,2.651000,2.559000,2.676000,2.678000
0,15,0,2.788000,2.804000,2.791000,2.718000,2.827000,2.800000
0,16,0,2.894400,2.922000,2.939000,2.855000,2.849000,2.907000
0,17,0,3.335000,3.339000,3.325000,3.417000,3.279000,3.315000
0,18,0,2.972400,3.018000,2.971000,2.959000,3.074000,2.840000
0,19,0,3.162600,3.149000,3.246000,3.064000,3.195000,3.159000
0,20,1,2.813600,2.906000,2.799000,2.763000,2.777000,2.823000
0,21,1,3.291400,3.373000,3.314000,3.273000,3.295000,3.202000
0,22,1,2.954200,3.029000,2.981000,2.867000,2.950000,2.944000
0,23,1,3.184800,3.184000,3.210000,3.162000,3.258000,3.110000
0,24,1,2.937200,2.992000,2.935000,2.897000,2.916000,2.946000
0,25,1,3.352600,3.464000,3.388000,3.294000,3.344000,3.273000
0,26,1,2.897600,2.967000,2.885000,2.855000,2.932000,2.849000
0,27,1,3.097200,3.289000,3.046000,2.984000,3.043000,3.124000
0,28,1,3.462800,3.551000,3.496000,3.366000,3.412000,3.489000
0,29,1,3.110400,3.140000,3.099000,3.086000,3.094000,3.133000
0,30,1,2.804400,2.801000,2.745000,2.899000,2.752000,2.825000
0,31,1,2.886200,2.837000,2.979000,2.780000,2.938000,2.897000
0,32,1,3.044400,3.091000,3.015000,2.997000,3.015000,3.104000
0,33,1,3.233800,3.214000,3.145000,3.178000,3.310000,3.322000
0,34,1,3.082800,3.189000,3.003000,3.035000,3.090000,3.097000
0,35,1,2.957000,3.032000,2.947000,2.819000,2.896000,3.091000
0,36,1,3.027200,3.059000,2.996000,3.058000,2.974000,3.049000
0,37,1,2.908600,3.029000,2.775000,2.995000,2.863000,2.881000
0,38,1,2.834600,2.865000,2.708000,2.887000,2.797000,2.916000
0,39,1,3.230200,3.329000,3.141000,3.190000,3.196000,3.295000
0,40,2,3.319600,3.299000,3.350000,3.251000,3.420000,3.278000
0,41,2,3.051800,3.017000,3.037000,2.968000,3.022000,3.215000
0,42,2,2.904800,2.938000,2.911000,2.886000,2.915000,2.874000
0,43,2,3.015200,3.042000,3.042000,2.960000,3.053000,2.979000
0,44,2,3.179000,3.271000,3.117000,3.182000,3.130000,3.195000
0,45,2,3.143200,3.174000,3.099000,2.986000,3.216000,3.241000
0,46,2,3.133200,3.088000,2.997000,3.201000,3.246000,3.134000
0,47,2,2.810000,2.757000,2.843000,2.733000,2.867000,2.850000
0,48,2,2.903000,2.937000,2.851000,2.842000,2.866000,3.019000
0,49,2,3.155600,3.149000,3.211000,2.995000,3.184000,3.239000
0,50,2,2.995200,3.144000,2.962000,2.951000,2.969000,2.950000
0,51,2,2.861200,2.876000,2.872000,2.812000,2.841000,2.905000
0,52,2,3.073200,3.081000,3.069000,3.078000,3.013000,3.125000
0,53,2,2.768400,2.801000,2.734000,2.595000,2.852000,2.860000
0,54,2,3.151800,3.246000,3.071000,3.028000,3.192000,3.222000
0,55,2,3.055000,2.998000,3.073000,3.092000,3.061000,3.051000
0,56,2,2.779200,2.882000,2.814000,2.687000,2.714000,2.799000
0,57,2,2.862000,2.792000,2.943000,2.808000,2.841000,2.926000
0,58,2,2.936800,2.968000,2.895000,2.805000,3.060000,2.956000
0,59,2,3.290800,3.419000,3.185000,3.251000,3.264000,3.335000
0,60,3,3.018400,3.039000,3.052000,2.920000,3.052000,3.029000
0,61,3,3.098400,3.050000,3.135000,3.033000,3.129000,3.145000
0,62,3,2.976200,3.040000,2.986000,2.943000,2.924000,2.988000
0,63,3,3.098600,3.119000,3.044000,3.064000,3.104000,3.162000
0,64,3,3.075000,3.060000,3.049000,3.053000,3.174000,3.039000
0,65,3,3.071600,3.183000,3.121000,2.990000,2.982000,3.082000
0,66,3,3.126600,3.106000,3.144000,3.053000,3.138000,3.192000
0,67,3,3.125400,3.207000,3.058000,3.171000,3.163000,3.028000
0,68,3,3.225600,3.362000,3.154000,3.186000,3.171000,3.255000
0,69,3,2.881600,2.787000,2.809000,2.850000,3.000000,2.962000
0,70,3,3.215600,3.315000,3.133000,3.198000,3.279000,3.153000
0,71,3,3.068400,3.023000,3.140000,3.047000,3.117000,3.015000
0,72,3,2.976000,3.081000,2.990000,2.962000,2.943000,2.904000
0,73,3,2.933400,2.967000,2.859000,2.872000,2.989000,2.980000
0,74,3,2.958400,3.012000,2.919000,2.954000,2.962000,2.945000
0,75,3,3.306800,3.260000,3.405000,3.283000,3.319000,3.267000
0,76,3,3.020000,3.096000,3.060000,3.014000,2.948000,2.982000
0,77,3,2.953200,2.888000,2.926000,2.906000,3.016000,3.030000
0,78,3,3.045400,3.093000,3.157000,3.002000,3.041000,2.934000
0,79,3,2.729200,2.783000,2.637000,2.747000,2.810000,2.669000
0,80,4,2.805600,2.740000,2.850000,2.822000,2.828000,2.788000
0,81,4,2.950800,2.941000,2.806000,2.953000,3.006000,3.048000
0,82,4,2.700800,2.673000,2.637000,2.763000,2.691000,2.740000
0,83,4,3.049800,3.113000,3.050000,2.996000,3.101000,2.989000
0,84,4,3.199800,3.201000,3.086000,3.143000,3.303000,3.266000
0,85,4,3.565400,3.618000,3.521000,3.553000,3.668000,3.467000
0,86,4,3.193400,3.218000,3.201000,3.198000,3.211000,3.139000
0,87,4,2.843400,2.899000,2.817000,2.814000,2.892000,2.795000
0,88,4,2.849000,2.756000,2.868000,2.882000,2.857000,2.882000
0,89,4,3.248000,3.339000,3.259000,3.173000,3.234000,3.235000
0,90,4,3.160400,3.093000,3.259000,3.119000,3.075000,3.256000
0,91,4,3.223400,3.238000,3.122000,3.351000,3.241000,3.165000
0,92,4,2.981400,3.128000,2.990000,2.914000,2.903000,2.972000
0,93,4,3.121600,3.166000,3.057000,3.026000,3.142000,3.217000
0,94,4,2.844800,2.817000,2.897000,2.801000,2.806000,2.903000
0,95,4,3.170600,3.160000,3.217000,3.066000,3.205000,3.205000
0,96,4,2.770600,2.727000,2.806000,2.720000,2.795000,2.805000
0,97,4,3.053200,3.114000,3.050000,2.934000,3.144000,3.024000
0,98,4,2.870400,2.935000,2.967000,2.815000,2.859000,2.776000
0,99,4,2.860200,2.847000,2.813000,2.912000,2.856000,2.873000
1,0,0,3.250400,3.271000,3.159000,3.589000,3.082000,3.151000
1,1,0,3.339600,3.285000,3.323000,3.474000,3.250000,3.366000
1,2,0,3.364600,3.408000,3.177000,3.560000,3.322000,3.356000
1,3,0,3.297600,3.265000,3.145000,3.422000,3.306000,3.350000
1,4,0,3.302200,3.324000,3.176000,3.491000,3.259000,3.261000
1,5,0,3.213800,3.183000,3.233000,3.279000,3.178000,3.196000
1,6,0,3.440800,3.461000,3.320000,3.601000,3.358000,3.464000
1,7,0,3.213800,3.264000,3.121000,3.271000,3.221000,3.192000
1,8,0,2.954800,2.977000,2.901000,3.104000,2.840000,2.952000
1,9,0,3.156000,3.163000,3.088000,3.289000,3.121000,3.119000
1,10,0,3.436400,3.453000,3.278000,3.664000,3.355000,3.432000
1,11,0,3.068800,3.077000,2.983000,3.259000,3.002000,3.023000
1,12,0,2.947800,2.875000,2.920000,3.147000,2.858000,2.939000
1,13,0,3.252200,3.125000,3.210000,3.262000,3.277000,3.387000
1,14,0,3.347200,3.285000,3.276000,3.508000,3.283000,3.384000
1,15,0,3.195600,3.164000,3.150000,3.465000,3.110000,3.089000
1,16,0,3.133000,3.192000,2.980000,3.277000,3.135000,3.081000
1,17,0,3.477800,3.444000,3.489000,3.570000,3.340000,3.546000
1,18,0,2.965800,2.933000,2.834000,3.125000,2.930000,3.007000
1,19,0,3.552800,3.569000,3.481000,3.723000,3.449000,3.542000
1,20,1,3.251600,3.302000,3.245000,3.344000,3.115000,3.252000
1,21,1,3.101800,3.073000,2.939000,3.262000,3.063000,3.172000
1,22,1,3.456000,3.440000,3.436000,3.613000,3.381000,3.410000
1,23,1,2.783000,2.767000,2.735000,2.797000,2.808000,2.808000
1,24,1,3.146800,3.086000,3.186000,3.263000,3.085000,3.114000
1,25,1,3.262800,3.219000,3.073000,3.396000,3.301000,3.325000
1,26,1,2.957400,2.935000,2.842000,3.262000,2.859000,2.889000
1,27,1,3.224200,3.225000,3.097000,3.364000,3.169000,3.266000
1,28,1,3.329600,3.274000,3.253000,3.586000,3.261000,3.274000
1,29,1,3.380800,3.335000,3.224000,3.634000,3.300000,3.411000
1,30,1,3.145600,3.113000,3.104000,3.265000,3.172000,3.074000
1,31,1,3.377800,3.431000,3.255000,3.555000,3.275000,3.373000
1,32,1,3.346600,3.416000,3.376000,3.446000,3.294000,3.201000
1,33,1,3.279600,3.215000,3.140000,3.456000,3.262000,3.325000
1,34,1,3.186800,3.160000,3.195000,3.249000,3.161000,3.169000
1,35,1,3.156800,3.106000,3.162000,3.275000,3.134000,3.107000
1,36,1,3.237600,3.242000,3.203000,3.381000,3.184000,3.178000
1,37,1,3.164800,3.003000,3.077000,3.464000,3.131000,3.149000
1,38,1,3.173800,3.123000,3.093000,3.349000,3.158000,3.146000
1,39,1,3.335000,3.291000,3.349000,3.403000,3.245000,3.387000
1,40,2,3.226600,3.137000,3.231000,3.352000,3.146000,3.267000
1,41,2,3.174200,3.090000,3.161000,3.325000,3.073000,3.222000
1,42,2,3.053600,2.989000,3.109000,3.102000,3.051000,3.017000
1,43,2,2.920400,2.973000,2.760000,3.120000,2.872000,2.877000
1,44,2,3.285800,3.182000,3.243000,3.410000,3.207000,3.387000
1,45,2,3.291200,3.306000,3.264000,3.248000,3.319000,3.319000
1,46,2,3.202600,3.233000,3.119000,3.422000,3.089000,3.150000
1,47,2,3.090600,3.138000,2.988000,3.122000,3.059000,3.146000
1,48,2,3.132000,3.190000,3.105000,3.241000,2.933000,3.191000
1,49,2,3.508600,3.566000,3.425000,3.711000,3.400000,3.441000
1,50,2,3.144800,3.082000,2.960000,3.300000,3.202000,3.180000
1,51,2,3.065600,3.036000,3.013000,3.238000,3.085000,2.956000
1,52,2,3.178000,3.092000,3.063000,3.454000,3.139000,3.142000
1,53,2,3.229800,3.215000,3.086000,3.350000,3.205000,3.293000
1,54,2,3.216400,3.228000,3.148000,3.329000,3.144000,3.233000
1,55,2,2.991200,2.951000,2.943000,3.100000,2.956000,3.006000
1,56,2,3.253200,3.342000,3.172000,3.406000,3.236000,3.110000
1,57,2,3.500800,3.504000,3.365000,3.743000,3.427000,3.465000
1,58,2,3.079000,2.995000,2.913000,3.319000,2.997000,3.171000
1,59,2,3.553200,3.316000,3.504000,3.825000,3.545000,3.576000
1,60,3,3.290600,3.274000,3.250000,3.465000,3.271000,3.193000
1,61,3,3.171800,3.145000,3.161000,3.343000,3.059000,3.151000
1,62,3,3.251400,3.283000,3.167000,3.440000,3.122000,3.245000
1,63,3,3.065400,3.010000,3.044000,3.283000,3.059000,2.931000
1,64,3,3.132800,3.081000,3.071000,3.327000,3.149000,3.036000
1,65,3,2.933600,2.929000,2.755000,3.116000,2.878000,2.990000
1,66,3,3.044400,3.122000,2.850000,3.232000,3.075000,2.943000
1,67,3,3.225800,3.172000,3.180000,3.441000,3.079000,3.257000
1,68,3,3.175600,3.161000,3.185000,3.338000,3.085000,3.109000
1,69,3,3.047200,2.985000,3.118000,3.172000,2.935000,3.026000
1,70,3,2.824400,2.775000,2.737000,2.977000,2.722000,2.911000
1,71,3,3.029800,3.066000,3.048000,3.149000,2.917000,2.969000
1,72,3,3.135000,3.114000,3.161000,3.275000,3.047000,3.078000
1,73,3,3.079200,3.081000,2.984000,3.248000,2.967000,3.116000
1,74,3,3.315200,3.321000,3.317000,3.458000,3.276000,3.204000
1,75,3,3.115600,3.133000,3.078000,3.296000,2.948000,3.123000
1,76,3,3.244000,3.222000,3.290000,3.330000,3.194000,3.184000
1,77,3,3.159200,3.125000,3.130000,3.353000,3.122000,3.066000
1,78,3,3.103200,3.177000,2.955000,3.182000,3.032000,3.170000
1,79,3,3.121800,3.081000,2.981000,3.228000,3.061000,3.258000
1,80,4,3.123400,3.096000,2.983000,3.293000,3.103000,3.142000
1,81,4,3.394400,3.427000,3.308000,3.598000,3.336000,3.303000
1,82,4,3.177200,3.148000,3.112000,3.262000,3.197000,3.167000
1,83,4,3.217200,3.272000,3.126000,3.379000,3.088000,3.221000
1,84,4,3.343800,3.323000,3.285000,3.497000,3.315000,3.299000
1,85,4,3.161600,3.140000,3.049000,3.346000,3.202000,3.071000
1,86,4,3.124600,3.176000,3.134000,3.283000,2.930000,3.100000
1,87,4,3.600200,3.645000,3.449000,3.746000,3.587000,3.574000
1,88,4,3.261200,3.225000,3.132000,3.445000,3.226000,3.278000
1,89,4,3.035400,3.035000,2.908000,3.224000,3.002000,3.008000
1,90,4,3.211200,3.171000,3.161000,3.392000,3.165000,3.167000
1,91,4,3.033600,3.017000,2.931000,3.207000,2.928000,3.085000
1,92,4,3.220800,3.174000,3.127000,3.312000,3.263000,3.228000
1,93,4,3.174200,3.178000,3.123000,3.353000,3.091000,3.126000
1,94,4,3.133600,3.080000,3.096000,3.240000,3.112000,3.140000
1,95,4,3.311800,3.281000,3.243000,3.492000,3.255000,3.288000
1,96,4,3.250800,3.145000,3.298000,3.430000,3.121000,3.260000
1,97,4,3.085400,3.055000,3.131000,3.148000,3.025000,3.068000
1,98,4,3.208400,3.153000,3.141000,3.339000,3.169000,3.240000
1,99,4,3.333000,3.321000,3.216000,3.494000,3.230000,3.404000
2,0,0,3.797400,3.741000,3.841000,3.765000,3.786000,3.854000
2,1,0,3.525400,3.715000,3.419000,3.618000,3.386000,3.489000
2,2,0,3.544600,3.559000,3.475000,3.624000,3.582000,3.483000
2,3,0,3.521200,3.621000,3.431000,3.535000,3.447000,3.572000
2,4,0,3.211000,3.245000,3.188000,3.205000,3.205000,3.212000
2,5,0,3.255600,3.305000,3.292000,3.320000,3.162000,3.199000
2,6,0,3.403600,3.429000,3.420000,3.332000,3.475000,3.362000
2,7,0,3.235200,3.164000,3.344000,3.360000,3.157000,3.151000
2,8,0,3.485200,3.561000,3.479000,3.407000,3.480000,3.499000
2,9,0,3.343600,3.290000,3.406000,3.467000,3.335000,3.220000
2,10,0,3.115400,3.104000,3.075000,3.119000,3.102000,3.177000
2,11,0,3.237200,3.292000,3.177000,3.371000,3.104000,3.242000
2,12,0,3.116600,3.082000,3.191000,3.143000,3.122000,3.045000
2,13,0,3.429800,3.491000,3.475000,3.403000,3.468000,3.312000
2,14,0,3.332000,3.361000,3.266000,3.378000,3.317000,3.338000
2,15,0,3.337400,3.338000,3.319000,3.361000,3.311000,3.358000
2,16,0,3.488800,3.505000,3.575000,3.362000,3.537000,3.465000
2,17,0,3.270600,3.378000,3.347000,3.221000,3.131000,3.276000
2,18,0,3.676000,3.767000,3.659000,3.615000,3.656000,3.683000
2,19,0,3.404800,3.529000,3.363000,3.444000,3.318000,3.370000
2,20,1,3.339400,3.380000,3.418000,3.346000,3.256000,3.297000
2,21,1,3.316600,3.271000,3.355000,3.382000,3.253000,3.322000
2,22,1,3.318000,3.419000,3.257000,3.435000,3.294000,3.185000
2,23,1,3.201800,3.207000,3.202000,3.199000,3.110000,3.291000
2,24,1,3.383400,3.501000,3.387000,3.343000,3.368000,3.318000
2,25,1,3.153000,3.178000,3.153000,3.107000,3.169000,3.158000
2,26,1,3.563800,3.558000,3.618000,3.635000,3.516000,3.492000
2,27,1,3.274200,3.305000,3.312000,3.231000,3.334000,3.189000
2,28,1,3.170200,3.256000,3.115000,3.223000,3.077000,3.180000
2,29,1,3.216600,3.278000,3.221000,3.255000,3.180000,3.149000
2,30,1,3.413800,3.388000,3.407000,3.440000,3.356000,3.478000
2,31,1,3.372400,3.311000,3.424000,3.340000,3.387000,3.400000
2,32,1,3.132000,3.075000,3.154000,3.269000,3.065000,3.097000
2,33,1,3.129200,3.106000,3.204000,3.228000,3.111000,2.997000
2,34,1,3.283600,3.339000,3.192000,3.378000,3.269000,3.240000
2,35,1,3.354400,3.390000,3.333000,3.367000,3.326000,3.356000
2,36,1,3.455200,3.498000,3.429000,3.438000,3.440000,3.471000
2,37,1,3.354000,3.465000,3.444000,3.381000,3.263000,3.217000
2,38,1,3.362400,3.453000,3.419000,3.400000,3.257000,3.283000
2,39,1,3.382200,3.547000,3.266000,3.396000,3.387000,3.315000
2,40,2,3.405400,3.409000,3.379000,3.439000,3.382000,3.418000
2,41,2,3.468800,3.559000,3.500000,3.420000,3.387000,3.478000
2,42,2,3.232000,3.194000,3.238000,3.334000,3.201000,3.193000
2,43,2,3.343800,3.407000,3.417000,3.363000,3.222000,3.310000
2,44,2,3.433600,3.491000,3.413000,3.502000,3.432000,3.330000
2,45,2,3.081000,3.099000,3.161000,3.154000,3.016000,2.975000
2,46,2,3.322000,3.325000,3.342000,3.375000,3.249000,3.319000
2,47,2,3.360400,3.318000,3.449000,3.408000,3.373000,3.254000
2,48,2,3.306000,3.274000,3.341000,3.323000,3.319000,3.273000
2,49,2,3.243200,3.275000,3.264000,3.219000,3.313000,3.145000
2,50,2,3.544200,3.481000,3.607000,3.625000,3.508000,3.500000
2,51,2,3.509400,3.568000,3.569000,3.510000,3.312000,3.588000
2,52,2,3.213400,3.213000,3.118000,3.244000,3.168000,3.324000
2,53,2,3.249000,3.284000,3.298000,3.302000,3.167000,3.194000
2,54,2,3.241000,3.362000,3.163000,3.392000,3.020000,3.268000
2,55,2,3.386000,3.376000,3.375000,3.325000,3.482000,3.372000
2,56,2,3.201400,3.335000,3.147000,3.246000,3.192000,3.087000
2,57,2,3.541800,3.594000,3.543000,3.660000,3.377000,3.535000
2,58,2,3.375600,3.383000,3.366000,3.479000,3.335000,3.315000
2,59,2,3.231800,3.327000,3.244000,3.273000,3.245000,3.070000
2,60,3,2.795800,2.739000,2.875000,2.798000,2.847000,2.720000
2,61,3,3.131600,3.074000,3.206000,3.207000,3.089000,3.082000
2,62,3,2.978200,3.000000,2.978000,3.021000,2.932000,2.960000
2,63,3,3.113400,3.160000,3.156000,3.089000,3.104000,3.058000
2,64,3,3.213000,3.134000,3.309000,3.248000,3.213000,3.161000
2,65,3,3.215000,3.147000,3.234000,3.308000,3.198000,3.188000
2,66,3,3.028000,3.023000,2.998000,3.084000,3.085000,2.950000
2,67,3,3.132200,3.205000,3.124000,3.107000,3.205000,3.020000
2,68,3,3.121200,3.151000,3.224000,3.154000,2.925000,3.152000
2,69,3,3.056200,3.053000,3.099000,3.137000,3.050000,2.942000
2,70,3,3.325000,3.343000,3.348000,3.347000,3.319000,3.268000
2,71,3,3.184200,3.211000,3.188000,3.189000,3.244000,3.089000
2,72,3,3.279200,3.269000,3.323000,3.444000,3.126000,3.234000
2,73,3,3.118800,3.214000,3.205000,3.053000,3.030000,3.092000
2,74,3,3.253200,3.248000,3.280000,3.302000,3.317000,3.119000
2,75,3,3.326400,3.405000,3.360000,3.227000,3.341000,3.299000
2,76,3,2.855600,2.851000,2.985000,2.784000,2.815000,2.843000
2,77,3,3.038800,3.044000,3.073000,3.140000,3.044000,2.893000
2,78,3,2.911400,2.892000,2.872000,2.952000,2.930000,2.911000
2,79,3,3.376000,3.496000,3.417000,3.292000,3.270000,3.405000
2,80,4,3.417000,3.461000,3.435000,3.451000,3.408000,3.330000
2,81,4,2.898200,2.893000,2.932000,2.912000,2.844000,2.910000
2,82,4,3.120000,3.104000,3.168000,3.110000,3.057000,3.161000
2,83,4,3.022400,3.015000,3.005000,3.066000,3.084000,2.942000
2,84,4,3.392200,3.469000,3.483000,3.364000,3.307000,3.338000
2,85,4,3.575200,3.695000,3.669000,3.512000,3.440000,3.560000
2,86,4,3.304600,3.375000,3.209000,3.350000,3.269000,3.320000
2,87,4,3.134600,3.219000,3.108000,3.134000,3.103000,3.109000
2,88,4,3.337000,3.435000,3.350000,3.303000,3.276000,3.321000
2,89,4,3.305200,3.334000,3.349000,3.306000,3.260000,3.277000
2,90,4,3.165800,3.193000,3.194000,3.099000,3.176000,3.167000
2,91,4,3.019000,3.062000,2.980000,3.076000,3.020000,2.957000
2,92,4,3.239800,3.292000,3.261000,3.183000,3.260000,3.203000
2,93,4,3.390400,3.468000,3.445000,3.391000,3.276000,3.372000
2,94,4,3.195800,3.284000,3.088000,3.247000,3.190000,3.170000
2,95,4,3.188400,3.210000,3.180000,3.071000,3.274000,3.207000
2,96,4,3.323200,3.414000,3.287000,3.367000,3.305000,3.243000
2,97,4,3.326000,3.332000,3.255000,3.444000,3.264000,3.335000
2,98,4,3.388200,3.430000,3.363000,3.397000,3.376000,3.375000
2,99,4,3.373200,3.408000,3.412000,3.350000,3.268000,3.428000
3,0,0,3.542800,3.497000,3.703000,3.536000,3.443000,3.535000
3,1,0,3.532200,3.319000,3.700000,3.536000,3.505000,3.601000
3,2,0,3.408400,3.392000,3.431000,3.416000,3.308000,3.495000
3,3,0,3.443800,3.377000,3.521000,3.366000,3.434000,3.521000
3,4,0,3.633400,3.626000,3.730000,3.677000,3.379000,3.755000
3,5,0,3.727000,3.673000,3.794000,3.819000,3.580000,3.769000
3,6,0,3.525200,3.506000,3.621000,3.488000,3.461000,3.550000
3,7,0,3.610200,3.555000,3.771000,3.564000,3.500000,3.661000
3,8,0,3.666000,3.568000,3.774000,3.652000,3.636000,3.700000
3,9,0,3.560600,3.512000,3.767000,3.541000,3.494000,3.489000
3,10,0,3.590800,3.613000,3.723000,3.494000,3.539000,3.585000
3,11,0,3.355200,3.356000,3.381000,3.304000,3.312000,3.423000
3,12,0,3.743800,3.772000,3.811000,3.806000,3.648000,3.682000
3,13,0,3.458200,3.496000,3.573000,3.458000,3.246000,3.518000
3,14,0,3.060200,3.043000,3.222000,2.956000,3.062000,3.018000
3,15,0,3.509000,3.556000,3.527000,3.493000,3.486000,3.483000
3,16,0,3.362200,3.380000,3.447000,3.361000,3.315000,3.308000
3,17,0,3.515800,3.431000,3.605000,3.470000,3.489000,3.584000
3,18,0,3.653600,3.726000,3.675000,3.627000,3.511000,3.729000
3,19,0,3.335400,3.054000,3.484000,3.441000,3.313000,3.385000
3,20,1,3.477600,3.317000,3.764000,3.481000,3.344000,3.482000
3,21,1,3.494600,3.486000,3.603000,3.501000,3.308000,3.575000
3,22,1,3.396800,3.334000,3.511000,3.415000,3.405000,3.319000
3,23,1,3.386800,3.377000,3.483000,3.325000,3.336000,3.413000
3,24,1,3.368200,3.384000,3.587000,3.217000,3.368000,3.285000
3,25,1,3.456600,3.344000,3.636000,3.490000,3.459000,3.354000
3,26,1,3.383800,3.344000,3.466000,3.338000,3.356000,3.415000
3,27,1,3.338000,3.140000,3.567000,3.344000,3.273000,3.366000
3,28,1,3.423200,3.440000,3.462000,3.430000,3.447000,3.337000
3,29,1,3.375200,3.338000,3.398000,3.316000,3.445000,3.379000
3,30,1,3.267600,3.169000,3.273000,3.273000,3.275000,3.348000
3,31,1,3.361200,3.406000,3.426000,3.404000,3.258000,3.312000
3,32,1,3.465600,3.416000,3.632000,3.433000,3.380000,3.467000
3,33,1,3.211000,3.101000,3.373000,3.130000,3.235000,3.216000
3,34,1,3.476000,3.501000,3.486000,3.565000,3.361000,3.467000
3,35,1,3.395200,3.317000,3.474000,3.325000,3.265000,3.595000
3,36,1,3.372800,3.294000,3.543000,3.398000,3.206000,3.423000
3,37,1,3.357200,3.332000,3.459000,3.388000,3.318000,3.289000
3,38,1,3.521400,3.470000,3.598000,3.484000,3.476000,3.579000
3,39,1,3.240000,3.097000,3.336000,3.334000,3.196000,3.237000
3,40,2,3.101000,3.111000,3.200000,2.987000,3.086000,3.121000
3,41,2,3.577600,3.511000,3.563000,3.704000,3.505000,3.605000
3,42,2,3.402800,3.367000,3.533000,3.329000,3.315000,3.470000
3,43,2,3.454200,3.451000,3.615000,3.318000,3.491000,3.396000
3,44,2,3.433600,3.332000,3.521000,3.465000,3.307000,3.543000
3,45,2,3.256000,3.318000,3.271000,3.228000,3.201000,3.262000
3,46,2,3.323200,3.246000,3.446000,3.266000,3.303000,3.355000
3,47,2,3.228000,3.169000,3.232000,3.261000,3.174000,3.304000
3,48,2,3.366600,3.411000,3.607000,3.233000,3.172000,3.410000
3,49,2,3.538800,3.301000,3.724000,3.426000,3.594000,3.649000
3,50,2,3.614200,3.569000,3.747000,3.678000,3.523000,3.554000
3,51,2,3.592000,3.574000,3.638000,3.584000,3.512000,3.652000
3,52,2,3.597600,3.534000,3.743000,3.579000,3.446000,3.686000
3,53,2,3.013000,3.125000,3.040000,2.901000,2.942000,3.057000
3,54,2,3.392600,3.372000,3.516000,3.347000,3.387000,3.341000
3,55,2,3.339800,3.340000,3.365000,3.305000,3.267000,3.422000
3,56,2,3.545400,3.573000,3.598000,3.444000,3.559000,3.553000
3,57,2,3.268000,3.277000,3.406000,3.169000,3.219000,3.269000
3,58,2,3.255600,3.134000,3.355000,3.256000,3.226000,3.307000
3,59,2,3.603200,3.475000,3.744000,3.641000,3.400000,3.756000
3,60,3,2.938600,2.934000,2.980000,2.972000,2.880000,2.927000
3,61,3,3.401400,3.407000,3.440000,3.323000,3.409000,3.428000
3,62,3,3.357400,3.284000,3.431000,3.292000,3.321000,3.459000
3,63,3,3.256600,3.250000,3.158000,3.267000,3.279000,3.329000
3,64,3,3.477200,3.386000,3.575000,3.487000,3.449000,3.489000
3,65,3,3.376600,3.241000,3.523000,3.317000,3.357000,3.445000
3,66,3,3.451600,3.397000,3.512000,3.364000,3.449000,3.536000
3,67,3,3.286200,3.375000,3.435000,3.143000,3.202000,3.276000
3,68,3,3.417200,3.248000,3.541000,3.409000,3.414000,3.474000
3,69,3,3.109000,3.038000,3.135000,3.041000,3.143000,3.188000
3,70,3,3.436600,3.411000,3.541000,3.422000,3.339000,3.470000
3,71,3,3.359800,3.349000,3.501000,3.232000,3.330000,3.387000
3,72,3,3.388000,3.325000,3.566000,3.404000,3.216000,3.429000
3,73,3,3.589600,3.628000,3.759000,3.475000,3.535000,3.551000
3,74,3,3.446000,3.460000,3.544000,3.384000,3.412000,3.430000
3,75,3,3.320800,3.102000,3.501000,3.380000,3.340000,3.281000
3,76,3,3.031400,3.106000,3.002000,2.881000,3.152000,3.016000
3,77,3,3.449000,3.480000,3.499000,3.362000,3.380000,3.524000
3,78,3,3.327400,3.252000,3.466000,3.267000,3.272000,3.380000
3,79,3,3.314600,3.283000,3.474000,3.279000,3.225000,3.312000
3,80,4,3.445200,3.496000,3.486000,3.360000,3.427000,3.457000
3,81,4,3.621400,3.605000,3.705000,3.664000,3.507000,3.626000
3,82,4,3.522000,3.487000,3.557000,3.572000,3.423000,3.571000
3,83,4,3.503600,3.509000,3.577000,3.452000,3.411000,3.569000
3,84,4,3.520400,3.484000,3.619000,3.431000,3.546000,3.522000
3,85,4,3.370200,3.387000,3.501000,3.389000,3.258000,3.316000
3,86,4,3.440800,3.411000,3.448000,3.393000,3.462000,3.490000
3,87,4,3.334200,3.322000,3.335000,3.328000,3.294000,3.392000
3,88,4,3.395200,3.401000,3.516000,3.338000,3.287000,3.434000
3,89,4,3.440000,3.397000,3.597000,3.423000,3.271000,3.512000
3,90,4,3.615800,3.451000,3.739000,3.616000,3.572000,3.701000
3,91,4,3.722400,3.637000,3.853000,3.748000,3.661000,3.713000
3,92,4,3.540800,3.500000,3.671000,3.501000,3.484000,3.548000
3,93,4,3.475000,3.420000,3.640000,3.417000,3.367000,3.531000
3,94,4,3.505400,3.449000,3.607000,3.473000,3.396000,3.602000
3,95,4,3.285200,3.279000,3.370000,3.270000,3.198000,3.309000
3,96,4,3.394600,3.251000,3.511000,3.358000,3.349000,3.504000
3,97,4,3.526200,3.534000,3.487000,3.563000,3.472000,3.575000
3,98,4,3.452600,3.494000,3.368000,3.362000,3.534000,3.505000
3,99,4,3.233000,3.143000,3.401000,3.120000,3.229000,3.272000
4,0,0,3.653200,3.618000,3.501000,3.704000,3.710000,3.733000
4,1,0,3.988600,4.057000,4.001000,3.865000,4.061000,3.959000
4,2,0,3.946800,3.879000,3.988000,3.929000,4.097000,3.841000
4,3,0,3.774400,3.664000,3.778000,3.793000,3.800000,3.837000
4,4,0,3.563000,3.456000,3.698000,3.441000,3.646000,3.574000
4,5,0,3.639400,3.738000,3.616000,3.474000,3.628000,3.741000
4,6,0,3.343200,3.418000,3.351000,3.254000,3.314000,3.379000
4,7,0,3.652600,3.533000,3.704000,3.653000,3.617000,3.756000
4,8,0,3.376800,3.324000,3.232000,3.441000,3.467000,3.420000
4,9,0,3.486200,3.579000,3.435000,3.404000,3.569000,3.444000
4,10,0,3.687800,3.633000,3.793000,3.630000,3.710000,3.673000
4,11,0,3.511200,3.485000,3.469000,3.401000,3.648000,3.553000
4,12,0,3.452600,3.425000,3.351000,3.466000,3.564000,3.457000
4,13,0,3.925200,3.937000,3.916000,3.825000,4.077000,3.871000
4,14,0,3.727200,3.705000,3.737000,3.638000,3.846000,3.710000
4,15,0,3.802000,3.799000,3.775000,3.738000,3.819000,3.879000
4,16,0,3.675600,3.770000,3.596000,3.501000,3.784000,3.727000
4,17,0,3.684400,3.744000,3.635000,3.658000,3.725000,3.660000
4,18,0,3.702200,3.603000,3.666000,3.693000,3.725000,3.824000
4,19,0,3.763200,3.805000,3.659000,3.702000,3.822000,3.828000
4,20,1,3.661800,3.589000,3.675000,3.666000,3.695000,3.684000
4,21,1,3.155200,3.100000,3.118000,3.130000,3.253000,3.175000
4,22,1,3.654400,3.684000,3.500000,3.662000,3.750000,3.676000
4,23,1,3.398600,3.339000,3.329000,3.453000,3.459000,3.413000
4,24,1,3.097000,3.100000,3.077000,3.022000,3.105000,3.181000
4,25,1,3.517400,3.579000,3.490000,3.469000,3.609000,3.440000
4,26,1,3.537200,3.517000,3.530000,3.528000,3.583000,3.528000
4,27,1,3.646800,3.675000,3.749000,3.522000,3.599000,3.689000
4,28,1,3.273200,3.277000,3.057000,3.336000,3.265000,3.431000
4,29,1,3.471000,3.500000,3.363000,3.427000,3.547000,3.518000
4,30,1,3.364000,3.509000,3.264000,3.354000,3.369000,3.324000
4,31,1,3.417400,3.479000,3.323000,3.437000,3.502000,3.346000
4,32,1,3.314000,3.235000,3.250000,3.313000,3.387000,3.385000
4,33,1,3.417800,3.516000,3.345000,3.396000,3.469000,3.363000
4,34,1,3.287600,3.230000,3.350000,3.257000,3.298000,3.303000
4,35,1,3.370600,3.387000,3.353000,3.270000,3.489000,3.354000
4,36,1,3.441400,3.415000,3.369000,3.466000,3.530000,3.427000
4,37,1,3.350000,3.389000,3.258000,3.410000,3.422000,3.271000
4,38,1,3.561000,3.526000,3.592000,3.584000,3.486000,3.617000
4,39,1,3.337800,3.306000,3.382000,3.308000,3.351000,3.342000
4,40,2,3.602600,3.617000,3.566000,3.487000,3.637000,3.706000
4,41,2,3.503000,3.446000,3.534000,3.447000,3.660000,3.428000
4,42,2,3.516400,3.429000,3.380000,3.500000,3.661000,3.612000
4,43,2,3.327200,3.348000,3.285000,3.340000,3.280000,3.383000
4,44,2,3.563200,3.525000,3.548000,3.551000,3.623000,3.569000
4,45,2,3.010800,3.033000,3.028000,2.975000,2.891000,3.127000
4,46,2,3.370000,3.351000,3.431000,3.211000,3.418000,3.439000
4,47,2,3.568200,3.605000,3.576000,3.538000,3.529000,3.593000
4,48,2,3.348800,3.420000,3.398000,3.310000,3.316000,3.300000
4,49,2,3.569400,3.473000,3.570000,3.522000,3.578000,3.704000
4,50,2,3.508800,3.565000,3.498000,3.413000,3.530000,3.538000
4,51,2,3.459600,3.486000,3.406000,3.341000,3.624000,3.441000
4,52,2,3.544200,3.513000,3.541000,3.420000,3.600000,3.647000
4,53,2,3.245000,3.324000,3.288000,3.130000,3.301000,3.182000
4,54,2,3.034600,2.999000,3.188000,2.940000,3.112000,2.934000
4,55,2,3.648200,3.705000,3.725000,3.541000,3.650000,3.620000
4,56,2,3.556400,3.561000,3.694000,3.513000,3.560000,3.454000
4,57,2,3.561800,3.475000,3.541000,3.552000,3.658000,3.583000
4,58,2,3.358000,3.402000,3.367000,3.227000,3.478000,3.316000
4,59,2,3.573000,3.707000,3.526000,3.488000,3.581000,3.563000
4,60,3,3.474200,3.440000,3.305000,3.563000,3.554000,3.509000
4,61,3,3.245000,3.374000,3.109000,3.188000,3.305000,3.249000
4,62,3,3.170000,3.201000,3.043000,3.079000,3.411000,3.116000
4,63,3,3.529000,3.542000,3.432000,3.481000,3.646000,3.544000
4,64,3,3.379800,3.416000,3.307000,3.371000,3.453000,3.352000
4,65,3,3.316200,3.346000,3.203000,3.292000,3.387000,3.353000
4,66,3,3.486800,3.584000,3.401000,3.492000,3.456000,3.501000
4,67,3,3.466000,3.516000,3.366000,3.398000,3.559000,3.491000
4,68,3,3.393800,3.439000,3.313000,3.442000,3.392000,3.383000
4,69,3,3.202000,3.235000,3.129000,3.169000,3.294000,3.183000
4,70,3,3.396800,3.380000,3.356000,3.369000,3.526000,3.353000
4,71,3,3.542000,3.505000,3.474000,3.518000,3.697000,3.516000
4,72,3,3.361400,3.408000,3.316000,3.402000,3.397000,3.284000
4,73,3,3.400000,3.364000,3.372000,3.455000,3.485000,3.324000
4,74,3,3.251800,3.305000,3.212000,3.186000,3.227000,3.329000
4,75,3,3.344400,3.498000,3.197000,3.292000,3.282000,3.453000
4,76,3,3.486600,3.510000,3.411000,3.449000,3.602000,3.461000
4,77,3,3.323800,3.425000,3.219000,3.359000,3.387000,3.229000
4,78,3,3.161600,3.129000,3.050000,3.173000,3.227000,3.229000
4,79,3,3.294800,3.394000,3.313000,3.184000,3.413000,3.170000
4,80,4,3.275200,3.285000,3.256000,3.235000,3.316000,3.284000
4,81,4,3.456000,3.419000,3.366000,3.387000,3.651000,3.457000
4,82,4,3.341400,3.384000,3.347000,3.280000,3.336000,3.360000
4,83,4,3.630400,3.706000,3.550000,3.583000,3.590000,3.723000
4,84,4,3.324800,3.317000,3.270000,3.257000,3.406000,3.374000
4,85,4,3.672800,3.738000,3.572000,3.694000,3.743000,3.617000
4,86,4,3.400800,3.362000,3.383000,3.369000,3.488000,3.402000
4,87,4,3.677200,3.725000,3.590000,3.635000,3.833000,3.603000
4,88,4,3.472200,3.448000,3.520000,3.443000,3.490000,3.460000
4,89,4,3.382600,3.445000,3.271000,3.293000,3.499000,3.405000
4,90,4,3.464000,3.538000,3.434000,3.463000,3.440000,3.445000
4,91,4,3.329000,3.266000,3.271000,3.307000,3.361000,3.440000
4,92,4,3.574400,3.642000,3.500000,3.463000,3.720000,3.547000
4,93,4,3.320000,3.358000,3.235000,3.255000,3.435000,3.317000
4,94,4,3.260200,3.338000,3.369000,3.257000,3.154000,3.183000
4,95,4,3.504200,3.528000,3.492000,3.521000,3.506000,3.474000
4,96,4,3.446000,3.419000,3.360000,3.410000,3.581000,3.460000
4,97,4,3.549400,3.637000,3.544000,3.553000,3.506000,3.507000
4,98,4,3.495000,3.513000,3.444000,3.464000,3.606000,3.448000
4,99,4,3.374400,3.268000,3.471000,3.117000,3.490000,3.526000
5,0,0,3.617600,3.711000,3.585000,3.673000,3.332000,3.787000
5,1,0,3.693000,3.693000,3.605000,3.517000,3.848000,3.802000
5,2,0,3.707800,3.717000,3.564000,3.632000,3.740000,3.886000
5,3,0,3.697600,3.814000,3.613000,3.660000,3.596000,3.805000
5,4,0,3.619200,3.646000,3.579000,3.608000,3.563000,3.700000
5,5,0,4.113000,4.213000,4.028000,3.936000,4.188000,4.200000
5,6,0,3.513800,3.648000,3.449000,3.444000,3.414000,3.614000
5,7,0,3.788600,3.757000,3.752000,3.741000,3.813000,3.880000
5,8,0,3.460200,3.565000,3.410000,3.296000,3.442000,3.588000
5,9,0,3.758800,3.782000,3.739000,3.624000,3.812000,3.837000
5,10,0,3.481400,3.564000,3.463000,3.328000,3.535000,3.517000
5,11,0,3.826000,3.952000,3.803000,3.629000,3.797000,3.949000
5,12,0,3.466200,3.546000,3.430000,3.351000,3.385000,3.619000
5,13,0,3.838400,3.864000,3.795000,3.819000,3.840000,3.874000
5,14,0,3.836800,3.881000,3.781000,3.729000,3.784000,4.009000
5,15,0,4.143000,4.138000,4.164000,4.119000,4.033000,4.261000
5,16,0,3.961000,4.135000,3.827000,3.940000,3.844000,4.059000
5,17,0,3.794400,3.725000,3.790000,3.779000,3.702000,3.976000
5,18,0,3.597400,3.597000,3.386000,3.565000,3.629000,3.810000
5,19,0,3.890600,3.903000,3.839000,3.719000,3.911000,4.081000
5,20,1,3.735600,3.871000,3.548000,3.594000,3.751000,3.914000
5,21,1,3.498800,3.568000,3.428000,3.409000,3.486000,3.603000
5,22,1,3.514800,3.501000,3.495000,3.436000,3.471000,3.671000
5,23,1,3.415200,3.471000,3.268000,3.459000,3.328000,3.550000
5,24,1,3.342800,3.328000,3.244000,3.279000,3.402000,3.461000
5,25,1,3.554800,3.628000,3.511000,3.444000,3.519000,3.672000
5,26,1,3.470800,3.447000,3.429000,3.396000,3.445000,3.637000
5,27,1,3.440400,3.498000,3.449000,3.374000,3.375000,3.506000
5,28,1,3.712400,3.739000,3.615000,3.735000,3.681000,3.792000
5,29,1,3.515200,3.600000,3.518000,3.292000,3.428000,3.738000
5,30,1,3.744000,3.805000,3.593000,3.684000,3.661000,3.977000
5,31,1,3.334600,3.462000,3.353000,3.268000,3.155000,3.435000
5,32,1,3.489800,3.677000,3.353000,3.418000,3.320000,3.681000
5,33,1,3.619000,3.727000,3.601000,3.537000,3.437000,3.793000
5,34,1,3.296200,3.373000,3.291000,3.153000,3.172000,3.492000
5,35,1,3.483000,3.469000,3.453000,3.205000,3.593000,3.695000
5,36,1,3.656000,3.692000,3.608000,3.543000,3.581000,3.856000
5,37,1,3.550800,3.511000,3.589000,3.467000,3.558000,3.629000
5,38,1,3.576200,3.710000,3.521000,3.472000,3.433000,3.745000
5,39,1,3.396000,3.518000,3.416000,3.331000,3.371000,3.344000
5,40,2,3.551200,3.644000,3.556000,3.467000,3.413000,3.676000
5,41,2,3.639000,3.825000,3.584000,3.553000,3.446000,3.787000
5,42,2,3.450400,3.490000,3.318000,3.380000,3.474000,3.590000
5,43,2,3.791400,3.780000,3.721000,3.589000,3.957000,3.910000
5,44,2,3.616200,3.690000,3.571000,3.554000,3.593000,3.673000
5,45,2,3.909400,3.982000,3.798000,3.797000,3.959000,4.011000
5,46,2,3.512800,3.567000,3.390000,3.426000,3.412000,3.769000
5,47,2,3.677000,3.653000,3.636000,3.629000,3.712000,3.755000
5,48,2,3.416200,3.484000,3.361000,3.314000,3.374000,3.548000
5,49,2,3.309800,3.341000,3.187000,3.110000,3.345000,3.566000
5,50,2,3.583200,3.557000,3.520000,3.492000,3.610000,3.737000
5,51,2,3.824200,3.775000,3.802000,3.737000,3.747000,4.060000
5,52,2,3.455200,3.480000,3.401000,3.515000,3.364000,3.516000
5,53,2,3.404400,3.430000,3.242000,3.318000,3.453000,3.579000
5,54,2,3.772600,3.797000,3.753000,3.567000,3.757000,3.989000
5,55,2,3.403200,3.461000,3.452000,3.240000,3.396000,3.467000
5,56,2,3.535000,3.566000,3.531000,3.402000,3.503000,3.673000
5,57,2,3.734600,3.659000,3.633000,3.694000,3.820000,3.867000
5,58,2,3.641200,3.716000,3.478000,3.509000,3.637000,3.866000
5,59,2,3.499600,3.560000,3.478000,3.395000,3.424000,3.641000
5,60,3,3.301600,3.428000,3.233000,3.300000,3.161000,3.386000
5,61,3,3.716400,3.736000,3.643000,3.709000,3.658000,3.836000
5,62,3,3.403200,3.568000,3.331000,3.405000,3.265000,3.447000
5,63,3,3.213200,3.390000,3.145000,3.111000,3.013000,3.407000
5,64,3,3.239600,3.255000,3.265000,3.197000,3.079000,3.402000
5,65,3,3.480400,3.520000,3.479000,3.454000,3.232000,3.717000
5,66,3,3.254800,3.410000,3.299000,3.025000,3.230000,3.310000
5,67,3,3.523600,3.575000,3.469000,3.370000,3.419000,3.785000
5,68,3,3.435000,3.513000,3.425000,3.358000,3.392000,3.487000
5,69,3,3.389600,3.472000,3.301000,3.377000,3.409000,3.389000
5,70,3,3.390000,3.456000,3.314000,3.424000,3.242000,3.514000
5,71,3,3.498200,3.529000,3.398000,3.369000,3.450000,3.745000
5,72,3,3.340400,3.422000,3.265000,3.281000,3.285000,3.449000
5,73,3,3.471200,3.389000,3.396000,3.597000,3.452000,3.522000
5,74,3,3.518600,3.535000,3.424000,3.427000,3.500000,3.707000
5,75,3,3.351800,3.482000,3.433000,3.200000,3.279000,3.365000
5,76,3,3.359000,3.404000,3.332000,3.179000,3.411000,3.469000
5,77,3,3.510400,3.624000,3.453000,3.400000,3.407000,3.668000
5,78,3,3.428800,3.436000,3.439000,3.450000,3.363000,3.456000
5,79,3,3.624600,3.687000,3.640000,3.454000,3.565000,3.777000
5,80,4,3.557400,3.672000,3.545000,3.478000,3.476000,3.616000
5,81,4,3.752000,3.878000,3.595000,3.652000,3.785000,3.850000
5,82,4,3.646200,3.842000,3.660000,3.416000,3.518000,3.795000
5,83,4,3.828800,3.947000,3.820000,3.679000,3.730000,3.968000
5,84,4,3.472200,3.563000,3.441000,3.420000,3.446000,3.491000
5,85,4,3.559600,3.675000,3.550000,3.460000,3.499000,3.614000
5,86,4,3.416200,3.431000,3.348000,3.259000,3.310000,3.733000
5,87,4,3.658200,3.723000,3.603000,3.595000,3.516000,3.854000
5,88,4,3.374000,3.422000,3.263000,3.249000,3.421000,3.515000
5,89,4,3.555600,3.658000,3.524000,3.378000,3.513000,3.705000
5,90,4,3.361400,3.446000,3.265000,3.343000,3.304000,3.449000
5,91,4,3.603800,3.723000,3.535000,3.541000,3.509000,3.711000
5,92,4,3.671800,3.742000,3.682000,3.531000,3.781000,3.623000
5,93,4,3.469600,3.471000,3.393000,3.547000,3.362000,3.575000
5,94,4,3.327800,3.482000,3.317000,3.230000,3.272000,3.338000
5,95,4,3.826800,3.918000,3.661000,3.784000,3.750000,4.021000
5,96,4,3.621200,3.713000,3.604000,3.507000,3.576000,3.706000
5,97,4,3.277800,3.351000,3.172000,3.238000,3.193000,3.435000
5,98,4,3.489600,3.510000,3.484000,3.475000,3.412000,3.567000
5,99,4,3.686400,3.807000,3.506000,3.713000,3.655000,3.751000
6,0,0,3.931600,3.829000,3.847000,3.987000,4.042000,3.953000
6,1,0,3.610800,3.715000,3.497000,3.567000,3.689000,3.586000
6,2,0,3.762000,3.759000,3.723000,3.852000,3.740000,3.736000
6,3,0,4.128600,4.208000,3.943000,4.124000,4.211000,4.157000
6,4,0,3.704000,3.780000,3.525000,3.695000,3.822000,3.698000
6,5,0,3.523800,3.643000,3.320000,3.572000,3.528000,3.556000
6,6,0,3.612600,3.655000,3.547000,3.619000,3.694000,3.548000
6,7,0,3.662000,3.724000,3.543000,3.651000,3.721000,3.671000
6,8,0,3.806200,3.827000,3.709000,3.883000,3.810000,3.802000
6,9,0,3.656800,3.666000,3.663000,3.622000,3.665000,3.668000
6,10,0,3.863600,3.913000,3.813000,3.905000,3.872000,3.815000
6,11,0,3.967200,4.095000,3.781000,3.876000,3.994000,4.090000
6,12,0,3.930600,4.126000,3.757000,3.785000,3.999000,3.986000
6,13,0,3.728600,3.656000,3.668000,3.681000,3.826000,3.812000
6,14,0,4.038600,4.097000,4.000000,4.093000,3.983000,4.020000
6,15,0,3.876600,3.924000,3.824000,3.852000,3.952000,3.831000
6,16,0,3.657800,3.635000,3.517000,3.618000,3.839000,3.680000
6,17,0,3.752400,3.785000,3.604000,3.855000,3.787000,3.731000
6,18,0,3.909400,4.077000,3.730000,3.838000,3.961000,3.941000
6,19,0,3.829400,3.847000,3.744000,3.875000,3.840000,3.841000
6,20,1,3.156600,3.143000,3.119000,3.127000,3.191000,3.203000
6,21,1,3.326200,3.378000,3.183000,3.320000,3.381000,3.369000
6,22,1,3.602200,3.735000,3.504000,3.521000,3.659000,3.592000
6,23,1,3.584800,3.551000,3.477000,3.635000,3.671000,3.590000
6,24,1,3.588600,3.606000,3.571000,3.503000,3.620000,3.643000
6,25,1,3.563600,3.680000,3.527000,3.601000,3.497000,3.513000
6,26,1,3.614600,3.700000,3.522000,3.581000,3.602000,3.668000
6,27,1,3.628400,3.742000,3.506000,3.591000,3.738000,3.565000
6,28,1,3.434200,3.548000,3.388000,3.380000,3.527000,3.328000
6,29,1,3.753000,3.707000,3.695000,3.864000,3.782000,3.717000
6,30,1,3.518600,3.550000,3.415000,3.480000,3.574000,3.574000
6,31,1,3.461000,3.366000,3.453000,3.410000,3.519000,3.557000
6,32,1,3.842800,3.886000,3.637000,3.910000,3.987000,3.794000
6,33,1,3.761600,3.833000,3.717000,3.777000,3.747000,3.734000
6,34,1,3.752000,3.764000,3.762000,3.684000,3.835000,3.715000
6,35,1,3.542000,3.545000,3.547000,3.558000,3.504000,3.556000
6,36,1,3.645000,3.714000,3.502000,3.603000,3.719000,3.687000
6,37,1,3.492800,3.463000,3.518000,3.401000,3.511000,3.571000
6,38,1,3.583800,3.594000,3.517000,3.614000,3.694000,3.500000
6,39,1,3.472600,3.491000,3.484000,3.515000,3.438000,3.435000
6,40,2,3.818600,3.840000,3.794000,3.849000,3.880000,3.730000
6,41,2,3.855000,3.925000,3.771000,3.848000,3.972000,3.759000
6,42,2,3.963800,3.944000,3.936000,3.926000,4.000000,4.013000
6,43,2,3.676400,3.712000,3.514000,3.738000,3.748000,3.670000
6,44,2,4.014000,4.069000,4.012000,3.988000,4.052000,3.949000
6,45,2,3.873600,3.878000,3.749000,3.869000,4.083000,3.789000
6,46,2,3.556800,3.594000,3.452000,3.584000,3.589000,3.565000
6,47,2,3.756400,3.812000,3.492000,3.750000,3.975000,3.753000
6,48,2,3.554000,3.593000,3.409000,3.610000,3.597000,3.561000
6,49,2,3.765800,3.829000,3.729000,3.755000,3.875000,3.641000
6,50,2,3.777000,3.782000,3.703000,3.726000,3.830000,3.844000
6,51,2,3.870200,3.968000,3.767000,3.881000,3.879000,3.856000
6,52,2,3.678000,3.657000,3.509000,3.652000,3.714000,3.858000
6,53,2,3.452800,3.533000,3.419000,3.382000,3.511000,3.419000
6,54,2,3.830800,3.855000,3.782000,3.899000,3.872000,3.746000
6,55,2,3.737200,3.729000,3.710000,3.836000,3.699000,3.712000
6,56,2,3.833200,3.908000,3.794000,3.693000,3.891000,3.880000
6,57,2,3.635400,3.692000,3.485000,3.628000,3.637000,3.735000
6,58,2,3.572000,3.617000,3.540000,3.534000,3.626000,3.543000
6,59,2,3.652600,3.788000,3.567000,3.629000,3.675000,3.604000
6,60,3,3.578000,3.488000,3.374000,3.762000,3.636000,3.630000
6,61,3,3.464000,3.424000,3.366000,3.449000,3.615000,3.466000
6,62,3,3.498800,3.374000,3.450000,3.546000,3.636000,3.488000
6,63,3,3.371800,3.503000,3.357000,3.391000,3.291000,3.317000
6,64,3,3.264200,3.297000,3.220000,3.278000,3.219000,3.307000
6,65,3,3.592000,3.541000,3.543000,3.534000,3.683000,3.659000
6,66,3,3.345000,3.360000,3.354000,3.342000,3.337000,3.332000
6,67,3,3.329600,3.320000,3.257000,3.388000,3.353000,3.330000
6,68,3,3.514800,3.601000,3.384000,3.564000,3.521000,3.504000
6,69,3,3.502600,3.556000,3.394000,3.613000,3.460000,3.490000
6,70,3,3.383000,3.380000,3.247000,3.343000,3.521000,3.424000
6,71,3,3.578600,3.568000,3.463000,3.633000,3.599000,3.630000
6,72,3,3.459800,3.456000,3.457000,3.423000,3.503000,3.460000
6,73,3,3.515200,3.570000,3.516000,3.450000,3.508000,3.532000
6,74,3,3.659000,3.685000,3.502000,3.674000,3.734000,3.700000
6,75,3,3.499000,3.538000,3.449000,3.442000,3.615000,3.451000
6,76,3,3.418200,3.434000,3.262000,3.345000,3.530000,3.520000
6,77,3,3.462800,3.457000,3.467000,3.465000,3.437000,3.488000
6,78,3,3.754600,3.835000,3.650000,3.721000,3.840000,3.727000
6,79,3,3.517600,3.565000,3.306000,3.543000,3.529000,3.645000
6,80,4,3.838800,3.884000,3.827000,3.836000,3.807000,3.840000
6,81,4,3.611400,3.664000,3.526000,3.624000,3.608000,3.635000
6,82,4,3.546200,3.546000,3.419000,3.684000,3.585000,3.497000
6,83,4,3.723600,3.772000,3.728000,3.643000,3.789000,3.686000
6,84,4,3.429400,3.575000,3.336000,3.392000,3.465000,3.379000
6,85,4,3.679000,3.624000,3.636000,3.701000,3.750000,3.684000
6,86,4,3.637200,3.635000,3.540000,3.698000,3.804000,3.509000
6,87,4,3.461400,3.520000,3.331000,3.407000,3.536000,3.513000
6,88,4,3.825000,3.835000,3.720000,3.908000,3.859000,3.803000
6,89,4,3.746400,3.717000,3.619000,3.901000,3.894000,3.601000
6,90,4,3.689800,3.741000,3.583000,3.656000,3.727000,3.742000
6,91,4,3.670000,3.618000,3.613000,3.755000,3.666000,3.698000
6,92,4,3.580000,3.553000,3.517000,3.586000,3.682000,3.562000
6,93,4,3.434600,3.470000,3.288000,3.473000,3.480000,3.462000
6,94,4,3.561400,3.681000,3.448000,3.575000,3.549000,3.554000
6,95,4,3.696800,3.702000,3.649000,3.688000,3.771000,3.674000
6,96,4,3.842000,3.828000,3.805000,3.914000,3.914000,3.749000
6,97,4,3.488400,3.391000,3.422000,3.427000,3.532000,3.670000
6,98,4,3.573400,3.669000,3.436000,3.625000,3.581000,3.556000
6,99,4,3.516000,3.502000,3.514000,3.553000,3.484000,3.527000
7,0,0,3.751200,3.713000,3.706000,3.854000,3.567000,3.916000
7,1,0,3.705200,3.510000,3.659000,3.658000,3.719000,3.980000
7,2,0,3.864600,3.771000,3.869000,3.892000,3.813000,3.978000
7,3,0,4.171000,4.082000,4.167000,4.123000,4.225000,4.258000
7,4,0,4.068200,4.046000,4.050000,4.019000,4.063000,4.163000
7,5,0,3.780600,3.803000,3.699000,3.764000,3.771000,3.866000
7,6,0,3.874400,3.870000,3.826000,3.852000,3.859000,3.965000
7,7,0,3.870400,3.888000,3.834000,3.817000,3.844000,3.969000
7,8,0,3.759800,3.620000,3.805000,3.697000,3.650000,4.027000
7,9,0,3.710000,3.593000,3.762000,3.667000,3.682000,3.846000
7,10,0,3.823400,3.720000,3.813000,3.878000,3.788000,3.918000
7,11,0,3.787400,3.741000,3.754000,3.781000,3.745000,3.916000
7,12,0,3.985000,3.888000,4.020000,3.933000,3.987000,4.097000
7,13,0,3.913800,3.823000,3.778000,3.974000,3.924000,4.070000
7,14,0,3.919200,3.816000,3.911000,3.941000,3.983000,3.945000
7,15,0,3.779600,3.710000,3.753000,3.769000,3.771000,3.895000
7,16,0,3.646800,3.510000,3.583000,3.700000,3.663000,3.778000
7,17,0,3.680600,3.571000,3.628000,3.733000,3.689000,3.782000
7,18,0,4.096800,3.967000,4.082000,4.102000,4.091000,4.242000
7,19,0,3.690000,3.624000,3.760000,3.678000,3.601000,3.787000
7,20,1,3.630800,3.550000,3.729000,3.709000,3.550000,3.616000
7,21,1,3.589200,3.507000,3.598000,3.700000,3.506000,3.635000
7,22,1,3.718000,3.717000,3.620000,3.780000,3.792000,3.681000
7,23,1,3.591200,3.602000,3.486000,3.597000,3.562000,3.709000
7,24,1,3.556800,3.494000,3.522000,3.567000,3.549000,3.652000
7,25,1,3.814200,3.637000,3.878000,3.852000,3.770000,3.934000
7,26,1,3.445400,3.332000,3.449000,3.379000,3.487000,3.580000
7,27,1,3.573800,3.527000,3.499000,3.625000,3.592000,3.626000
7,28,1,3.492200,3.470000,3.580000,3.542000,3.425000,3.444000
7,29,1,3.547600,3.516000,3.559000,3.474000,3.585000,3.604000
7,30,1,3.523800,3.531000,3.356000,3.558000,3.537000,3.637000
7,31,1,3.873000,3.747000,3.859000,3.847000,3.885000,4.027000
7,32,1,3.611000,3.684000,3.482000,3.558000,3.581000,3.750000
7,33,1,3.647200,3.709000,3.657000,3.589000,3.607000,3.674000
7,34,1,3.557600,3.461000,3.523000,3.531000,3.535000,3.738000
7,35,1,3.824600,3.884000,3.715000,4.016000,3.708000,3.800000
7,36,1,3.517400,3.448000,3.481000,3.518000,3.529000,3.611000
7,37,1,3.438000,3.376000,3.388000,3.413000,3.439000,3.574000
7,38,1,3.650800,3.683000,3.578000,3.632000,3.674000,3.687000
7,39,1,3.688200,3.615000,3.649000,3.736000,3.597000,3.844000
7,40,2,3.674600,3.641000,3.702000,3.639000,3.682000,3.709000
7,41,2,3.704000,3.602000,3.677000,3.723000,3.705000,3.813000
7,42,2,3.707000,3.616000,3.647000,3.775000,3.685000,3.812000
7,43,2,3.753000,3.705000,3.781000,3.767000,3.703000,3.809000
7,44,2,3.771600,3.726000,3.823000,3.802000,3.668000,3.839000
7,45,2,3.969000,3.962000,3.902000,4.053000,3.825000,4.103000
7,46,2,3.570600,3.509000,3.545000,3.564000,3.481000,3.754000
7,47,2,3.990600,3.915000,3.926000,3.946000,4.098000,4.068000
7,48,2,3.842000,3.729000,3.802000,3.820000,3.820000,4.039000
7,49,2,3.747200,3.640000,3.630000,3.869000,3.723000,3.874000
7,50,2,3.822800,3.681000,3.915000,3.913000,3.719000,3.886000
7,51,2,3.734200,3.586000,3.660000,3.827000,3.798000,3.800000
7,52,2,3.652000,3.480000,3.661000,3.720000,3.595000,3.804000
7,53,2,3.695000,3.587000,3.668000,3.770000,3.655000,3.795000
7,54,2,3.916800,3.819000,3.846000,3.994000,3.787000,4.138000
7,55,2,3.951400,3.987000,3.840000,3.964000,3.918000,4.048000
7,56,2,3.864200,3.807000,3.841000,3.840000,3.914000,3.919000
7,57,2,3.720800,3.564000,3.763000,3.679000,3.863000,3.735000
7,58,2,3.642600,3.533000,3.607000,3.635000,3.694000,3.744000
7,59,2,3.981400,3.850000,3.934000,4.174000,3.922000,4.027000
7,60,3,3.504000,3.404000,3.452000,3.618000,3.572000,3.474000
7,61,3,3.502800,3.364000,3.451000,3.586000,3.541000,3.572000
7,62,3,3.507200,3.267000,3.377000,3.588000,3.587000,3.717000
7,63,3,3.920400,3.826000,3.780000,3.998000,3.888000,4.110000
7,64,3,3.341800,3.264000,3.319000,3.344000,3.385000,3.397000
7,65,3,3.343000,3.340000,3.306000,3.305000,3.313000,3.451000
7,66,3,3.404400,3.280000,3.388000,3.456000,3.357000,3.541000
7,67,3,3.634200,3.623000,3.615000,3.760000,3.590000,3.583000
7,68,3,3.623400,3.506000,3.516000,3.693000,3.587000,3.815000
7,69,3,3.545800,3.516000,3.377000,3.573000,3.589000,3.674000
7,70,3,3.479400,3.308000,3.409000,3.456000,3.503000,3.721000
7,71,3,3.410800,3.337000,3.303000,3.502000,3.387000,3.525000
7,72,3,3.547600,3.356000,3.464000,3.562000,3.556000,3.800000
7,73,3,3.463000,3.293000,3.345000,3.531000,3.476000,3.670000
7,74,3,3.546400,3.425000,3.575000,3.529000,3.456000,3.747000
7,75,3,3.512200,3.447000,3.436000,3.579000,3.476000,3.623000
7,76,3,3.418800,3.338000,3.403000,3.374000,3.511000,3.468000
7,77,3,3.463200,3.385000,3.369000,3.450000,3.490000,3.622000
7,78,3,3.520200,3.396000,3.534000,3.651000,3.476000,3.544000
7,79,3,3.393000,3.336000,3.321000,3.446000,3.418000,3.444000
7,80,4,3.757200,3.748000,3.728000,3.738000,3.752000,3.820000
7,81,4,3.674600,3.587000,3.723000,3.721000,3.716000,3.626000
7,82,4,3.577800,3.427000,3.521000,3.561000,3.635000,3.745000
7,83,4,3.839000,3.917000,3.825000,3.766000,3.781000,3.906000
7,84,4,3.615800,3.493000,3.689000,3.541000,3.637000,3.719000
7,85,4,3.558000,3.523000,3.529000,3.605000,3.501000,3.632000
7,86,4,3.462000,3.495000,3.327000,3.455000,3.568000,3.465000
7,87,4,3.838000,3.772000,3.723000,3.873000,3.897000,3.925000
7,88,4,3.542200,3.415000,3.485000,3.517000,3.605000,3.689000
7,89,4,3.444000,3.290000,3.445000,3.405000,3.426000,3.654000
7,90,4,3.626600,3.621000,3.562000,3.689000,3.699000,3.562000
7,91,4,3.853400,3.807000,3.779000,3.901000,3.841000,3.939000
7,92,4,3.587000,3.384000,3.622000,3.680000,3.538000,3.711000
7,93,4,3.763600,3.648000,3.733000,3.752000,3.748000,3.937000
7,94,4,3.661800,3.627000,3.652000,3.727000,3.642000,3.661000
7,95,4,3.790800,3.870000,3.683000,3.769000,3.748000,3.884000
7,96,4,3.716400,3.681000,3.679000,3.734000,3.789000,3.699000
7,97,4,3.841000,3.817000,3.755000,3.911000,3.779000,3.943000
7,98,4,3.726000,3.693000,3.705000,3.762000,3.693000,3.777000
7,99,4,3.767400,3.729000,3.674000,3.828000,3.681000,3.925000
8,0,0,3.968400,4.123000,3.810000,4.014000,3.921000,3.974000
8,1,0,4.006000,4.190000,3.779000,4.003000,4.098000,3.960000
8,2,0,3.796000,3.977000,3.597000,3.902000,3.739000,3.765000
8,3,0,3.921000,4.135000,3.751000,3.997000,3.827000,3.895000
8,4,0,3.792800,4.052000,3.750000,3.812000,3.622000,3.728000
8,5,0,3.786800,4.000000,3.575000,3.856000,3.780000,3.723000
8,6,0,4.249800,4.358000,4.092000,4.409000,4.077000,4.313000
8,7,0,4.096800,4.274000,3.975000,4.214000,3.948000,4.073000
8,8,0,3.957800,4.207000,3.872000,3.959000,3.862000,3.889000
8,9,0,3.730200,3.925000,3.556000,3.827000,3.595000,3.748000
8,10,0,4.001600,4.064000,3.920000,4.107000,3.950000,3.967000
8,11,0,4.166200,4.372000,4.113000,4.118000,4.035000,4.193000
8,12,0,3.983600,4.110000,3.840000,3.998000,3.973000,3.997000
8,13,0,3.908600,4.083000,3.722000,3.926000,3.925000,3.887000
8,14,0,3.800400,3.997000,3.660000,3.854000,3.722000,3.769000
8,15,0,3.897800,4.077000,3.770000,3.902000,3.797000,3.943000
8,16,0,3.766600,4.021000,3.557000,3.872000,3.630000,3.753000
8,17,0,4.085600,4.293000,3.943000,4.174000,3.917000,4.101000
8,18,0,4.127600,4.283000,3.905000,4.168000,4.148000,4.134000
8,19,0,3.788200,3.995000,3.630000,3.713000,3.730000,3.873000
8,20,1,3.663000,3.905000,3.479000,3.634000,3.560000,3.737000
8,21,1,3.807600,3.998000,3.632000,3.788000,3.787000,3.833000
8,22,1,3.813400,3.996000,3.582000,3.897000,3.707000,3.885000
8,23,1,3.675400,3.777000,3.488000,3.809000,3.603000,3.700000
8,24,1,3.797600,3.870000,3.752000,3.769000,3.817000,3.780000
8,25,1,3.792800,4.009000,3.631000,3.871000,3.734000,3.719000
8,26,1,3.945800,3.874000,3.838000,4.000000,3.967000,4.050000
8,27,1,3.617200,3.722000,3.503000,3.717000,3.524000,3.620000
8,28,1,3.932600,3.973000,3.848000,4.036000,3.878000,3.928000
8,29,1,3.709400,3.838000,3.474000,3.847000,3.708000,3.680000
8,30,1,3.969000,4.245000,3.798000,3.966000,3.929000,3.907000
8,31,1,3.728800,3.856000,3.500000,3.817000,3.745000,3.726000
8,32,1,3.713600,3.919000,3.567000,3.737000,3.612000,3.733000
8,33,1,4.050000,4.231000,3.869000,4.127000,4.004000,4.019000
8,34,1,3.921400,4.073000,3.861000,3.976000,3.771000,3.926000
8,35,1,3.751600,3.951000,3.752000,3.671000,3.679000,3.705000
8,36,1,3.931600,4.008000,3.771000,3.970000,3.927000,3.982000
8,37,1,3.773000,3.915000,3.675000,3.859000,3.674000,3.742000
8,38,1,3.878000,4.121000,3.587000,3.931000,3.805000,3.946000
8,39,1,3.836600,4.023000,3.753000,3.827000,3.737000,3.843000
8,40,2,3.712800,3.873000,3.565000,3.768000,3.722000,3.636000
8,41,2,3.841400,4.102000,3.669000,3.834000,3.767000,3.835000
8,42,2,3.842000,4.006000,3.740000,3.869000,3.704000,3.891000
8,43,2,3.979200,4.027000,3.959000,4.030000,3.959000,3.921000
8,44,2,4.039200,4.245000,3.947000,3.965000,4.048000,3.991000
8,45,2,4.058600,4.201000,3.984000,4.104000,3.968000,4.036000
8,46,2,3.764800,3.876000,3.607000,3.873000,3.688000,3.780000
8,47,2,3.963800,4.037000,3.859000,4.042000,3.913000,3.968000
8,48,2,3.834600,3.993000,3.611000,3.919000,3.822000,3.828000
8,49,2,3.943600,4.059000,3.766000,4.041000,3.849000,4.003000
8,50,2,3.869400,3.989000,3.723000,3.951000,3.781000,3.903000
8,51,2,3.783800,3.916000,3.595000,3.833000,3.783000,3.792000
8,52,2,3.774600,3.974000,3.534000,3.827000,3.734000,3.804000
8,53,2,3.882800,4.016000,3.682000,3.833000,3.889000,3.994000
8,54,2,4.134400,4.255000,3.948000,4.265000,4.024000,4.180000
8,55,2,3.638200,3.785000,3.669000,3.552000,3.593000,3.592000
8,56,2,4.119800,4.282000,3.973000,4.133000,4.030000,4.181000
8,57,2,3.714000,3.813000,3.538000,3.786000,3.744000,3.689000
8,58,2,3.854000,4.045000,3.696000,3.775000,3.891000,3.863000
8,59,2,3.781600,4.005000,3.705000,3.824000,3.725000,3.649000
8,60,3,3.753200,3.921000,3.412000,3.920000,3.818000,3.695000
8,61,3,3.716200,3.834000,3.670000,3.715000,3.688000,3.674000
8,62,3,3.412600,3.570000,3.324000,3.451000,3.277000,3.441000
8,63,3,3.493600,3.748000,3.295000,3.525000,3.483000,3.417000
8,64,3,3.591400,3.726000,3.397000,3.617000,3.573000,3.644000
8,65,3,3.806400,3.988000,3.661000,3.864000,3.728000,3.791000
8,66,3,3.659000,3.929000,3.402000,3.691000,3.575000,3.698000
8,67,3,3.521600,3.676000,3.345000,3.484000,3.475000,3.628000
8,68,3,3.580000,3.840000,3.452000,3.597000,3.476000,3.535000
8,69,3,3.544200,3.747000,3.383000,3.572000,3.493000,3.526000
8,70,3,3.735800,3.931000,3.610000,3.805000,3.579000,3.754000
8,71,3,3.869600,4.135000,3.626000,3.952000,3.832000,3.803000
8,72,3,3.626600,3.790000,3.601000,3.500000,3.549000,3.693000
8,73,3,3.567200,3.718000,3.407000,3.643000,3.553000,3.515000
8,74,3,3.588800,3.797000,3.397000,3.550000,3.567000,3.633000
8,75,3,3.752800,4.019000,3.491000,3.803000,3.722000,3.729000
8,76,3,3.754800,3.877000,3.588000,3.812000,3.765000,3.732000
8,77,3,3.695000,3.897000,3.504000,3.792000,3.596000,3.686000
8,78,3,3.706000,3.809000,3.483000,3.604000,3.766000,3.868000
8,79,3,3.732000,3.953000,3.653000,3.698000,3.666000,3.690000
8,80,4,3.837800,3.934000,3.695000,3.890000,3.908000,3.762000
8,81,4,3.736800,3.927000,3.566000,3.823000,3.663000,3.705000
8,82,4,3.790800,3.958000,3.784000,3.728000,3.750000,3.734000
8,83,4,3.644200,3.888000,3.596000,3.527000,3.602000,3.608000
8,84,4,3.728400,3.916000,3.645000,3.765000,3.678000,3.638000
8,85,4,3.793000,3.831000,3.699000,3.915000,3.732000,3.788000
8,86,4,3.658400,3.957000,3.552000,3.604000,3.551000,3.628000
8,87,4,3.818800,3.995000,3.728000,3.792000,3.707000,3.872000
8,88,4,3.500400,3.544000,3.487000,3.509000,3.433000,3.529000
8,89,4,3.771400,3.961000,3.632000,3.804000,3.734000,3.726000
8,90,4,3.830800,3.997000,3.629000,3.962000,3.787000,3.779000
8,91,4,3.643000,3.788000,3.585000,3.766000,3.506000,3.570000
8,92,4,3.435200,3.569000,3.349000,3.466000,3.436000,3.356000
8,93,4,3.680400,3.823000,3.559000,3.671000,3.678000,3.671000
8,94,4,3.660600,3.821000,3.447000,3.635000,3.717000,3.683000
8,95,4,3.676600,3.975000,3.487000,3.619000,3.743000,3.559000
8,96,4,3.715400,3.841000,3.512000,3.958000,3.545000,3.721000
8,97,4,3.502000,3.790000,3.409000,3.426000,3.442000,3.443000
8,98,4,3.721800,3.921000,3.572000,3.697000,3.672000,3.747000
8,99,4,3.829400,4.011000,3.750000,3.797000,3.891000,3.698000
9,0,0,3.703400,3.627000,3.552000,3.776000,3.814000,3.748000
9,1,0,3.859000,3.974000,3.850000,3.779000,3.982000,3.710000
9,2,0,3.880600,3.809000,3.807000,3.905000,4.013000,3.869000
9,3,0,3.947400,3.983000,3.889000,3.885000,4.096000,3.884000
9,4,0,3.888000,3.883000,3.824000,3.909000,4.114000,3.710000
9,5,0,3.902000,3.992000,3.762000,3.906000,4.023000,3.827000
9,6,0,3.893800,3.975000,3.843000,3.886000,4.078000,3.687000
9,7,0,3.664200,3.673000,3.589000,3.716000,3.727000,3.616000
9,8,0,4.201200,4.155000,4.114000,4.071000,4.413000,4.253000
9,9,0,3.777600,3.773000,3.749000,3.807000,3.845000,3.714000
9,10,0,4.026600,4.004000,3.909000,3.958000,4.245000,4.017000
9,11,0,3.917600,3.980000,3.750000,3.902000,4.124000,3.832000
9,12,0,4.018000,4.084000,3.915000,3.935000,4.184000,3.972000
9,13,0,3.935600,3.996000,3.906000,3.862000,3.992000,3.922000
9,14,0,3.973200,4.008000,3.792000,3.993000,4.184000,3.889000
9,15,0,4.085600,4.083000,3.991000,4.058000,4.137000,4.159000
9,16,0,4.038800,4.126000,3.864000,3.961000,4.212000,4.031000
9,17,0,3.962400,3.956000,3.847000,3.968000,4.077000,3.964000
9,18,0,3.897400,3.938000,3.857000,3.827000,4.064000,3.801000
9,19,0,3.999200,3.988000,3.939000,4.020000,4.073000,3.976000
9,20,1,3.611600,3.571000,3.640000,3.518000,3.699000,3.630000
9,21,1,3.868600,3.849000,3.843000,3.838000,3.901000,3.912000
9,22,1,3.543200,3.475000,3.489000,3.599000,3.675000,3.478000
9,23,1,3.763600,3.849000,3.758000,3.633000,3.933000,3.645000
9,24,1,3.744000,3.719000,3.717000,3.698000,3.914000,3.672000
9,25,1,3.915800,3.929000,3.810000,4.014000,3.952000,3.874000
9,26,1,3.627800,3.620000,3.489000,3.679000,3.742000,3.609000
9,27,1,3.591000,3.566000,3.650000,3.668000,3.630000,3.441000
9,28,1,3.651200,3.556000,3.649000,3.734000,3.638000,3.679000
9,29,1,3.859800,3.923000,3.751000,3.859000,4.025000,3.741000
9,30,1,3.817000,3.779000,3.802000,3.742000,3.985000,3.777000
9,31,1,3.833000,3.867000,3.851000,3.799000,3.870000,3.778000
9,32,1,3.873800,3.891000,3.937000,3.787000,3.928000,3.826000
9,33,1,3.863000,3.907000,3.751000,3.777000,4.042000,3.838000
9,34,1,3.786600,3.824000,3.676000,3.910000,3.909000,3.614000
9,35,1,3.685400,3.725000,3.593000,3.774000,3.779000,3.556000
9,36,1,3.633400,3.658000,3.587000,3.651000,3.775000,3.496000
9,37,1,3.976800,3.979000,3.811000,4.020000,4.119000,3.955000
9,38,1,3.697400,3.720000,3.543000,3.688000,3.821000,3.715000
9,39,1,3.741000,3.828000,3.676000,3.614000,3.884000,3.703000
9,40,2,3.623800,3.592000,3.623000,3.651000,3.711000,3.542000
9,41,2,4.088200,4.096000,4.054000,4.021000,4.127000,4.143000
9,42,2,3.740800,3.903000,3.723000,3.734000,3.693000,3.651000
9,43,2,3.972600,3.984000,3.976000,3.969000,4.062000,3.872000
9,44,2,4.164600,4.174000,4.184000,4.109000,4.294000,4.062000
9,45,2,3.879200,3.872000,3.807000,3.990000,3.930000,3.797000
9,46,2,3.736000,3.755000,3.677000,3.714000,3.857000,3.677000
9,47,2,3.969800,3.989000,3.937000,3.935000,4.067000,3.921000
9,48,2,3.933800,3.937000,3.974000,3.898000,4.050000,3.810000
9,49,2,3.834600,3.901000,3.739000,3.751000,3.973000,3.809000
9,50,2,3.943400,3.938000,3.831000,3.980000,4.135000,3.833000
9,51,2,3.818200,3.888000,3.737000,3.845000,3.827000,3.794000
9,52,2,3.842400,3.884000,3.853000,3.769000,3.906000,3.800000
9,53,2,4.145000,4.169000,4.077000,4.024000,4.356000,4.099000
9,54,2,3.977000,4.010000,3.895000,3.986000,4.074000,3.920000
9,55,2,3.954200,3.938000,3.947000,3.888000,4.103000,3.895000
9,56,2,3.869600,3.865000,3.874000,3.915000,3.901000,3.793000
9,57,2,3.672600,3.716000,3.538000,3.606000,3.808000,3.695000
9,58,2,3.935200,3.862000,3.861000,4.060000,4.034000,3.859000
9,59,2,3.661200,3.668000,3.609000,3.602000,3.860000,3.567000
9,60,3,3.492800,3.548000,3.402000,3.466000,3.691000,3.357000
9,61,3,3.692200,3.793000,3.563000,3.608000,3.781000,3.716000
9,62,3,3.601600,3.491000,3.648000,3.643000,3.672000,3.554000
9,63,3,3.688800,3.662000,3.548000,3.746000,3.839000,3.649000
9,64,3,3.853400,3.829000,3.883000,3.867000,3.993000,3.695000
9,65,3,3.539200,3.530000,3.455000,3.529000,3.683000,3.499000
9,66,3,3.607600,3.615000,3.595000,3.549000,3.696000,3.583000
9,67,3,3.458000,3.577000,3.427000,3.469000,3.409000,3.408000
9,68,3,3.457200,3.477000,3.467000,3.395000,3.615000,3.332000
9,69,3,3.691200,3.811000,3.745000,3.566000,3.796000,3.538000
9,70,3,3.523000,3.568000,3.480000,3.440000,3.617000,3.510000
9,71,3,3.617400,3.627000,3.532000,3.644000,3.871000,3.413000
9,72,3,3.852600,3.765000,3.713000,3.984000,3.963000,3.838000
9,73,3,3.553200,3.556000,3.571000,3.446000,3.703000,3.490000
9,74,3,3.958200,3.898000,3.986000,4.006000,4.048000,3.853000
9,75,3,3.599000,3.635000,3.497000,3.558000,3.681000,3.624000
9,76,3,3.360600,3.435000,3.326000,3.275000,3.443000,3.324000
9,77,3,3.586800,3.537000,3.522000,3.566000,3.662000,3.647000
9,78,3,3.752800,3.771000,3.729000,3.782000,3.792000,3.690000
9,79,3,3.564000,3.593000,3.585000,3.528000,3.724000,3.390000
9,80,4,3.792600,3.845000,3.579000,3.852000,3.900000,3.787000
9,81,4,3.897000,3.881000,4.023000,3.891000,3.832000,3.858000
9,82,4,3.815000,3.780000,3.898000,3.739000,3.943000,3.715000
9,83,4,3.785800,3.795000,3.763000,3.569000,3.978000,3.824000
9,84,4,3.678200,3.716000,3.707000,3.642000,3.682000,3.644000
9,85,4,3.632400,3.628000,3.557000,3.697000,3.677000,3.603000
9,86,4,3.926800,3.984000,3.862000,3.823000,4.065000,3.900000
9,87,4,3.704200,3.619000,3.630000,3.685000,3.827000,3.760000
9,88,4,3.737800,3.801000,3.625000,3.748000,3.822000,3.693000
9,89,4,3.684400,3.756000,3.610000,3.537000,3.743000,3.776000
9,90,4,3.924600,3.990000,3.847000,3.935000,3.926000,3.925000
9,91,4,3.814800,3.799000,3.846000,3.773000,3.841000,3.815000
9,92,4,3.737000,3.842000,3.544000,3.663000,3.905000,3.731000
9,93,4,3.804000,3.880000,3.703000,3.751000,3.853000,3.833000
9,94,4,3.776600,3.774000,3.585000,3.849000,3.849000,3.826000
9,95,4,4.093800,4.117000,4.063000,4.054000,4.216000,4.019000
9,96,4,3.684600,3.785000,3.705000,3.516000,3.694000,3.723000
9,97,4,3.795400,3.753000,3.861000,3.720000,3.858000,3.785000
9,98,4,3.867800,3.991000,3.781000,3.782000,3.954000,3.831000
9,99,4,3.686400,3.630000,3.713000,3.505000,3.790000,3.794000
10,0,0,4.117200,4.149000,4.077000,4.136000,4.173000,4.051000
10,1,0,3.967000,3.949000,3.967000,4.031000,3.939000,3.949000
10,2,0,3.807000,3.794000,3.713000,3.950000,3.787000,3.791000
10,3,0,3.912200,3.952000,3.868000,3.930000,3.946000,3.865000
10,4,0,4.012800,4.037000,3.993000,4.008000,4.090000,3.936000
10,5,0,4.334000,4.468000,4.103000,4.389000,4.368000,4.342000
10,6,0,3.626800,3.715000,3.519000,3.623000,3.648000,3.629000
10,7,0,4.059600,4.123000,4.067000,4.101000,4.081000,3.926000
10,8,0,4.299600,4.318000,4.258000,4.403000,4.289000,4.230000
10,9,0,4.017800,4.029000,3.952000,4.018000,4.060000,4.030000
10,10,0,3.933400,3.997000,3.891000,3.971000,4.075000,3.733000
10,11,0,4.437200,4.555000,4.397000,4.461000,4.348000,4.425000
10,12,0,3.883600,3.756000,3.848000,3.947000,3.969000,3.898000
10,13,0,4.159600,4.177000,4.019000,4.197000,4.225000,4.180000
10,14,0,4.042400,4.096000,4.033000,3.985000,4.121000,3.977000
10,15,0,4.164000,4.183000,4.058000,4.289000,4.122000,4.168000
10,16,0,3.984400,4.010000,3.961000,3.923000,4.082000,3.946000
10,17,0,4.118800,4.133000,4.037000,4.215000,4.168000,4.041000
10,18,0,3.771000,3.758000,3.698000,3.840000,3.894000,3.665000
10,19,0,3.877400,3.914000,3.894000,3.938000,3.794000,3.847000
10,20,1,4.035600,3.965000,3.931000,4.025000,4.137000,4.120000
10,21,1,3.948800,3.986000,3.785000,4.145000,3.973000,3.855000
10,22,1,3.906800,3.849000,3.826000,4.093000,3.874000,3.892000
10,23,1,3.806000,3.863000,3.773000,3.789000,3.792000,3.813000
10,24,1,4.194000,4.116000,4.226000,4.243000,4.169000,4.216000
10,25,1,3.637400,3.709000,3.650000,3.656000,3.644000,3.528000
10,26,1,3.674400,3.602000,3.744000,3.911000,3.585000,3.530000
10,27,1,4.083600,4.087000,4.042000,4.098000,4.234000,3.957000
10,28,1,3.661600,3.663000,3.642000,3.694000,3.663000,3.646000
10,29,1,3.816400,3.791000,3.875000,3.805000,3.846000,3.765000
10,30,1,3.819000,3.851000,3.813000,3.855000,3.761000,3.815000
10,31,1,3.973800,3.953000,3.970000,4.048000,3.969000,3.929000
10,32,1,3.628800,3.608000,3.548000,3.724000,3.681000,3.583000
10,33,1,3.966200,3.803000,3.951000,4.041000,4.047000,3.989000
10,34,1,3.914000,3.830000,3.846000,4.028000,3.927000,3.939000
10,35,1,3.806600,3.842000,3.745000,3.872000,3.893000,3.681000
10,36,1,3.688000,3.703000,3.655000,3.717000,3.653000,3.712000
10,37,1,3.614600,3.559000,3.590000,3.710000,3.597000,3.617000
10,38,1,4.057800,4.084000,4.121000,3.999000,4.111000,3.974000
10,39,1,3.805200,3.893000,3.680000,3.842000,3.899000,3.712000
10,40,2,4.161000,4.243000,4.124000,4.155000,4.190000,4.093000
10,41,2,3.592600,3.628000,3.597000,3.528000,3.694000,3.516000
10,42,2,4.117800,4.159000,4.191000,4.216000,3.977000,4.046000
10,43,2,3.902600,3.894000,3.813000,3.992000,3.924000,3.890000
10,44,2,3.781800,3.850000,3.813000,3.766000,3.838000,3.642000
10,45,2,4.098800,4.092000,4.091000,4.213000,3.984000,4.114000
10,46,2,4.057600,4.092000,4.063000,4.158000,3.971000,4.004000
10,47,2,3.772600,3.777000,3.737000,3.779000,3.845000,3.725000
10,48,2,3.976200,3.966000,3.983000,4.028000,3.929000,3.975000
10,49,2,4.169000,4.212000,4.096000,4.235000,4.169000,4.133000
10,50,2,3.768200,3.800000,3.614000,3.853000,3.788000,3.786000
10,51,2,3.935800,3.926000,3.840000,3.975000,3.963000,3.975000
10,52,2,4.240400,4.259000,4.285000,4.416000,4.117000,4.125000
10,53,2,3.971000,3.874000,3.996000,3.974000,4.065000,3.946000
10,54,2,3.947400,3.952000,3.911000,3.999000,4.009000,3.866000
10,55,2,3.946600,3.954000,3.952000,4.049000,3.862000,3.916000
10,56,2,4.050800,3.857000,3.974000,4.145000,4.131000,4.147000
10,57,2,3.992200,3.960000,4.025000,3.990000,3.989000,3.997000
10,58,2,4.012000,4.065000,4.017000,3.940000,4.011000,4.027000
10,59,2,4.113600,4.086000,4.196000,4.137000,4.069000,4.080000
10,60,3,3.749000,3.700000,3.652000,3.752000,3.759000,3.882000
10,61,3,3.701600,3.808000,3.705000,3.708000,3.639000,3.648000
10,62,3,3.817600,3.738000,3.895000,3.892000,3.808000,3.755000
10,63,3,3.728400,3.903000,3.617000,3.704000,3.655000,3.763000
10,64,3,3.752800,3.801000,3.653000,3.810000,3.753000,3.747000
10,65,3,3.673400,3.777000,3.640000,3.670000,3.702000,3.578000
10,66,3,3.828000,3.817000,3.744000,3.934000,3.816000,3.829000
10,67,3,4.012600,3.948000,4.036000,4.029000,3.999000,4.051000
10,68,3,3.637400,3.641000,3.739000,3.593000,3.635000,3.579000
10,69,3,3.715000,3.805000,3.647000,3.732000,3.724000,3.667000
10,70,3,3.648600,3.686000,3.788000,3.598000,3.673000,3.498000
10,71,3,3.788000,3.747000,3.731000,3.763000,3.841000,3.858000
10,72,3,3.709200,3.719000,3.584000,3.823000,3.803000,3.617000
10,73,3,3.692600,3.620000,3.631000,3.740000,3.760000,3.712000
10,74,3,3.499800,3.539000,3.483000,3.452000,3.583000,3.442000
10,75,3,3.702400,3.681000,3.852000,3.702000,3.670000,3.607000
10,76,3,3.660400,3.723000,3.670000,3.633000,3.656000,3.620000
10,77,3,3.732400,3.735000,3.734000,3.742000,3.659000,3.792000
10,78,3,3.648000,3.637000,3.580000,3.658000,3.677000,3.688000
10,79,3,3.807800,3.811000,3.775000,3.955000,3.776000,3.722000
10,80,4,3.814600,3.769000,3.848000,3.902000,3.961000,3.593000
10,81,4,3.870400,3.859000,3.912000,3.917000,3.793000,3.871000
10,82,4,3.804200,3.826000,3.689000,3.778000,3.902000,3.826000
10,83,4,3.730400,3.782000,3.657000,3.625000,3.837000,3.751000
10,84,4,3.684800,3.638000,3.590000,3.696000,3.815000,3.685000
10,85,4,4.055400,4.080000,4.047000,4.108000,4.076000,3.966000
10,86,4,3.836000,3.878000,3.791000,3.824000,3.822000,3.865000
10,87,4,3.903600,3.890000,3.899000,3.968000,3.892000,3.869000
10,88,4,3.821000,3.774000,3.813000,3.908000,3.869000,3.741000
10,89,4,3.459200,3.484000,3.356000,3.554000,3.432000,3.470000
10,90,4,3.729800,3.612000,3.740000,3.797000,3.749000,3.751000
10,91,4,3.890000,3.766000,3.891000,3.991000,3.910000,3.892000
10,92,4,3.858400,3.900000,3.734000,3.857000,3.856000,3.945000
10,93,4,3.550600,3.584000,3.539000,3.608000,3.486000,3.536000
10,94,4,3.704000,3.691000,3.572000,3.886000,3.726000,3.645000
10,95,4,3.648400,3.595000,3.651000,3.675000,3.725000,3.596000
10,96,4,3.989800,3.957000,3.963000,4.064000,3.976000,3.989000
10,97,4,3.769200,3.613000,3.898000,3.791000,3.807000,3.737000
10,98,4,3.834600,3.863000,3.892000,3.833000,3.868000,3.717000
10,99,4,3.820800,3.744000,3.726000,3.865000,3.945000,3.824000
11,0,0,4.320600,4.293000,4.245000,4.348000,4.264000,4.453000
11,1,0,4.247000,4.213000,4.313000,4.108000,4.229000,4.372000
11,2,0,4.032800,3.988000,4.047000,4.019000,4.074000,4.036000
11,3,0,4.506600,4.597000,4.351000,4.519000,4.699000,4.367000
11,4,0,3.940000,3.944000,4.008000,3.935000,3.942000,3.871000
11,5,0,4.104600,4.251000,4.087000,4.128000,3.968000,4.089000
11,6,0,4.471600,4.372000,4.449000,4.514000,4.554000,4.469000
11,7,0,4.454400,4.395000,4.422000,4.439000,4.503000,4.513000
11,8,0,4.107400,4.122000,4.120000,4.093000,4.138000,4.064000
11,9,0,4.233400,4.306000,4.141000,4.180000,4.221000,4.319000
11,10,0,4.081400,3.930000,4.126000,4.108000,4.094000,4.149000
11,11,0,4.146400,4.156000,4.012000,4.201000,4.147000,4.216000
11,12,0,4.222000,4.191000,4.260000,4.190000,4.211000,4.258000
11,13,0,4.174200,4.115000,4.213000,4.249000,4.129000,4.165000
11,14,0,3.989600,4.037000,3.953000,3.971000,3.986000,4.001000
11,15,0,4.156600,4.106000,4.104000,4.192000,4.219000,4.162000
11,16,0,4.455000,4.520000,4.392000,4.368000,4.492000,4.503000
11,17,0,4.140000,4.040000,4.115000,4.182000,4.068000,4.295000
11,18,0,4.099600,3.972000,4.167000,4.030000,4.146000,4.183000
11,19,0,4.204400,4.208000,4.242000,4.222000,4.280000,4.070000
11,20,1,4.087800,4.068000,4.029000,4.101000,4.193000,4.048000
11,21,1,3.959200,4.089000,3.945000,3.983000,3.767000,4.012000
11,22,1,4.192800,4.134000,4.195000,4.265000,4.197000,4.173000
11,23,1,3.852000,3.888000,3.865000,3.744000,3.865000,3.898000
11,24,1,3.727000,3.727000,3.806000,3.745000,3.710000,3.647000
11,25,1,3.776600,3.844000,3.761000,3.817000,3.765000,3.696000
11,26,1,3.867400,3.994000,3.911000,3.853000,3.858000,3.721000
11,27,1,3.979000,4.090000,3.946000,3.977000,3.861000,4.021000
11,28,1,3.878200,3.923000,3.877000,3.979000,3.805000,3.807000
11,29,1,3.812400,3.825000,3.851000,3.961000,3.815000,3.610000
11,30,1,3.900800,3.933000,3.956000,3.913000,3.790000,3.912000
11,31,1,3.943600,4.021000,3.916000,3.876000,3.982000,3.923000
11,32,1,4.020800,4.065000,4.023000,3.995000,4.100000,3.921000
11,33,1,4.082000,4.193000,4.034000,4.069000,3.972000,4.142000
11,34,1,4.220200,4.222000,4.305000,4.206000,4.246000,4.122000
11,35,1,3.684800,3.570000,3.772000,3.786000,3.743000,3.553000
11,36,1,3.918800,4.056000,3.841000,3.814000,4.167000,3.716000
11,37,1,3.894000,3.743000,3.952000,3.966000,3.858000,3.951000
11,38,1,3.919800,3.967000,3.925000,3.992000,3.902000,3.813000
11,39,1,3.919200,3.876000,4.027000,4.024000,3.824000,3.845000
11,40,2,3.890200,3.931000,3.856000,3.950000,3.906000,3.808000
11,41,2,4.112800,4.093000,4.118000,4.021000,4.194000,4.138000
11,42,2,3.963400,3.965000,3.959000,3.969000,4.001000,3.923000
11,43,2,4.034000,4.133000,4.048000,3.973000,4.102000,3.914000
11,44,2,4.142800,4.105000,4.209000,4.233000,4.109000,4.058000
11,45,2,3.833400,3.831000,3.802000,3.879000,3.919000,3.736000
11,46,2,4.306200,4.295000,4.212000,4.269000,4.379000,4.376000
11,47,2,3.760200,3.722000,3.743000,3.822000,3.772000,3.742000
11,48,2,4.018800,3.955000,3.990000,4.163000,3.944000,4.042000
11,49,2,4.055200,4.063000,3.945000,4.124000,3.982000,4.162000
11,50,2,3.851600,3.778000,3.773000,3.975000,3.899000,3.833000
11,51,2,4.225200,4.251000,4.234000,4.245000,4.207000,4.189000
11,52,2,4.045800,3.969000,4.118000,4.005000,4.089000,4.048000
11,53,2,4.280600,4.300000,4.228000,4.286000,4.274000,4.315000
11,54,2,3.958600,3.968000,3.899000,3.953000,4.028000,3.945000
11,55,2,3.765800,3.693000,3.761000,3.926000,3.811000,3.638000
11,56,2,4.005800,3.954000,3.999000,4.083000,4.019000,3.974000
11,57,2,4.317400,4.390000,4.237000,4.392000,4.321000,4.247000
11,58,2,3.795400,3.840000,3.850000,3.797000,3.750000,3.740000
11,59,2,4.057800,4.100000,4.101000,3.989000,4.111000,3.988000
11,60,3,3.870200,3.916000,3.851000,3.870000,3.912000,3.802000
11,61,3,3.998400,4.089000,4.051000,3.837000,4.128000,3.887000
11,62,3,3.901400,3.943000,3.847000,3.946000,3.888000,3.883000
11,63,3,3.934000,3.981000,3.891000,3.946000,3.907000,3.945000
11,64,3,3.564800,3.531000,3.530000,3.544000,3.680000,3.539000
11,65,3,3.573600,3.601000,3.503000,3.564000,3.557000,3.643000
11,66,3,3.962000,3.945000,4.010000,3.889000,4.038000,3.928000
11,67,3,3.817200,3.793000,3.911000,3.853000,3.841000,3.688000
11,68,3,3.786600,3.754000,3.828000,3.821000,3.740000,3.790000
11,69,3,4.045000,4.046000,4.046000,4.060000,4.029000,4.044000
11,70,3,3.871800,3.793000,3.988000,3.787000,3.980000,3.811000
11,71,3,4.001200,4.053000,3.985000,3.984000,4.018000,3.966000
11,72,3,3.964600,3.958000,3.833000,4.047000,4.055000,3.930000
11,73,3,4.033200,4.003000,3.937000,4.084000,4.209000,3.933000
11,74,3,3.526600,3.491000,3.561000,3.551000,3.515000,3.515000
11,75,3,3.811800,3.770000,3.704000,3.872000,3.834000,3.879000
11,76,3,4.068600,4.071000,4.087000,4.105000,4.054000,4.026000
11,77,3,3.561200,3.605000,3.616000,3.587000,3.561000,3.437000
11,78,3,3.896000,3.701000,3.977000,4.004000,3.900000,3.898000
11,79,3,3.961800,4.034000,3.967000,3.915000,3.950000,3.943000
11,80,4,3.905600,3.873000,3.853000,3.840000,3.969000,3.993000
11,81,4,3.802600,3.861000,3.833000,3.817000,3.829000,3.673000
11,82,4,3.758200,3.758000,3.837000,3.753000,3.841000,3.602000
11,83,4,3.794200,3.819000,3.841000,3.740000,3.875000,3.696000
11,84,4,3.636000,3.601000,3.720000,3.639000,3.661000,3.559000
11,85,4,3.817000,3.874000,3.880000,3.852000,3.766000,3.713000
11,86,4,3.802400,3.734000,3.750000,3.930000,3.933000,3.665000
11,87,4,3.681000,3.718000,3.570000,3.730000,3.715000,3.672000
11,88,4,3.887600,3.845000,4.009000,3.928000,3.975000,3.681000
11,89,4,3.771000,3.768000,3.745000,3.753000,3.864000,3.725000
11,90,4,3.853200,3.870000,3.879000,3.903000,3.847000,3.767000
11,91,4,3.717800,3.717000,3.783000,3.670000,3.773000,3.646000
11,92,4,3.917600,3.948000,3.818000,3.880000,3.932000,4.010000
11,93,4,3.886600,3.905000,3.925000,3.876000,3.932000,3.795000
11,94,4,3.916800,3.824000,4.017000,3.890000,3.991000,3.862000
11,95,4,3.854400,3.798000,3.843000,3.898000,3.856000,3.877000
11,96,4,4.160600,4.153000,4.088000,4.169000,4.281000,4.112000
11,97,4,4.104000,4.104000,4.122000,4.101000,4.102000,4.091000
11,98,4,3.821600,3.823000,3.761000,3.914000,3.873000,3.737000
11,99,4,3.809800,3.846000,3.822000,3.790000,3.928000,3.663000
12,0,0,4.134600,4.170000,4.133000,4.142000,4.115000,4.113000
12,1,0,4.068000,4.083000,4.003000,4.094000,4.069000,4.091000
12,2,0,4.325000,4.372000,4.293000,4.337000,4.369000,4.254000
12,3,0,4.281400,4.400000,4.288000,4.152000,4.231000,4.336000
12,4,0,4.319200,4.425000,4.349000,4.333000,4.145000,4.344000
12,5,0,4.430600,4.497000,4.444000,4.448000,4.395000,4.369000
12,6,0,4.255000,4.275000,4.351000,4.246000,4.103000,4.300000
12,7,0,3.896600,3.919000,3.941000,3.801000,3.824000,3.998000
12,8,0,4.389400,4.463000,4.384000,4.377000,4.303000,4.420000
12,9,0,4.107000,4.149000,4.026000,4.112000,4.098000,4.150000
12,10,0,4.105600,4.097000,4.108000,4.036000,4.141000,4.146000
12,11,0,4.127800,3.979000,4.152000,4.092000,4.207000,4.209000
12,12,0,4.222000,4.128000,4.283000,4.243000,4.177000,4.279000
12,13,0,3.777800,3.770000,3.719000,3.772000,3.734000,3.894000
12,14,0,4.112200,4.134000,4.193000,4.110000,3.995000,4.129000
12,15,0,4.415600,4.339000,4.428000,4.508000,4.319000,4.484000
12,16,0,4.129000,4.156000,4.143000,4.096000,4.125000,4.125000
12,17,0,4.174600,4.281000,4.105000,4.148000,4.148000,4.191000
12,18,0,3.908800,3.892000,3.981000,3.755000,4.042000,3.874000
12,19,0,4.082600,4.142000,4.082000,3.963000,4.095000,4.131000
12,20,1,3.853200,3.859000,3.834000,3.767000,3.919000,3.887000
12,21,1,3.837000,3.736000,3.739000,3.882000,3.882000,3.946000
12,22,1,3.949000,4.045000,3.962000,3.916000,3.888000,3.934000
12,23,1,3.873200,3.846000,3.872000,3.901000,3.839000,3.908000
12,24,1,4.037600,3.987000,3.979000,4.027000,4.145000,4.050000
12,25,1,3.938800,3.872000,3.854000,3.828000,4.018000,4.122000
12,26,1,3.741000,3.771000,3.772000,3.783000,3.670000,3.709000
12,27,1,4.186000,4.281000,4.129000,4.165000,4.119000,4.236000
12,28,1,3.733000,3.671000,3.690000,3.819000,3.783000,3.702000
12,29,1,4.283200,4.306000,4.264000,4.247000,4.247000,4.352000
12,30,1,3.934600,3.892000,3.902000,4.021000,3.991000,3.867000
12,31,1,4.033800,4.075000,4.030000,3.918000,4.111000,4.035000
12,32,1,3.966800,4.077000,3.853000,3.960000,3.924000,4.020000
12,33,1,4.123400,4.177000,3.963000,3.999000,4.235000,4.243000
12,34,1,4.077000,4.010000,4.075000,4.178000,4.028000,4.094000
12,35,1,3.977800,3.936000,4.010000,3.905000,4.065000,3.973000
12,36,1,4.127200,4.025000,4.115000,4.124000,4.238000,4.134000
12,37,1,3.975400,4.099000,3.925000,3.877000,3.943000,4.033000
12,38,1,4.084000,4.067000,4.079000,3.980000,4.100000,4.194000
12,39,1,4.249200,4.343000,4.140000,4.218000,4.305000,4.240000
12,40,2,4.304200,4.369000,4.272000,4.197000,4.358000,4.325000
12,41,2,4.173400,4.209000,4.048000,4.099000,4.248000,4.263000
12,42,2,3.957800,4.004000,3.937000,3.733000,4.026000,4.089000
12,43,2,4.032400,4.060000,4.013000,4.007000,3.949000,4.133000
12,44,2,4.303800,4.135000,4.263000,4.367000,4.361000,4.393000
12,45,2,3.966200,4.053000,4.003000,3.812000,4.004000,3.959000
12,46,2,3.925800,3.999000,3.867000,3.970000,3.901000,3.892000
12,47,2,4.307200,4.288000,4.251000,4.294000,4.366000,4.337000
12,48,2,4.039200,3.977000,4.005000,4.035000,4.160000,4.019000
12,49,2,3.994400,4.059000,3.930000,3.907000,4.056000,4.020000
12,50,2,4.221600,4.310000,4.300000,4.149000,4.222000,4.127000
12,51,2,4.103000,4.128000,4.025000,4.161000,4.159000,4.042000
12,52,2,4.399000,4.384000,4.304000,4.315000,4.511000,4.481000
12,53,2,3.920400,3.997000,3.887000,3.967000,3.876000,3.875000
12,54,2,4.061000,4.064000,3.981000,4.071000,4.127000,4.062000
12,55,2,3.875600,3.894000,3.786000,3.859000,3.902000,3.937000
12,56,2,3.926800,3.972000,3.933000,3.868000,3.982000,3.879000
12,57,2,4.169400,4.196000,4.078000,4.138000,4.278000,4.157000
12,58,2,4.240600,4.283000,4.105000,4.269000,4.290000,4.256000
12,59,2,3.973000,3.981000,3.980000,4.057000,3.926000,3.921000
12,60,3,3.912000,3.966000,3.741000,3.973000,3.992000,3.888000
12,61,3,3.788000,3.762000,3.878000,3.687000,3.784000,3.829000
12,62,3,3.782800,3.763000,3.709000,3.775000,3.794000,3.873000
12,63,3,3.626600,3.656000,3.581000,3.580000,3.577000,3.739000
12,64,3,3.800000,3.794000,3.818000,3.735000,3.787000,3.866000
12,65,3,3.906400,3.896000,3.968000,3.970000,3.890000,3.808000
12,66,3,3.752600,3.776000,3.696000,3.709000,3.752000,3.830000
12,67,3,3.864000,3.770000,3.861000,3.848000,3.860000,3.981000
12,68,3,3.806800,3.887000,3.740000,3.900000,3.855000,3.652000
12,69,3,3.751200,3.815000,3.720000,3.637000,3.622000,3.962000
12,70,3,3.788200,3.710000,3.759000,3.843000,3.758000,3.871000
12,71,3,4.070400,4.189000,3.993000,4.056000,4.018000,4.096000
12,72,3,3.760800,3.782000,3.777000,3.798000,3.709000,3.738000
12,73,3,3.943400,3.913000,3.991000,3.943000,3.825000,4.045000
12,74,3,3.925800,3.926000,3.895000,3.913000,3.932000,3.963000
12,75,3,3.841000,3.891000,3.842000,3.864000,3.711000,3.897000
12,76,3,3.812400,3.797000,3.750000,3.737000,3.846000,3.932000
12,77,3,3.732800,3.788000,3.626000,3.670000,3.795000,3.785000
12,78,3,3.983600,4.075000,3.858000,3.949000,3.939000,4.097000
12,79,3,3.737200,3.788000,3.739000,3.697000,3.672000,3.790000
12,80,4,3.963600,4.010000,3.922000,3.939000,4.000000,3.947000
12,81,4,3.977600,4.116000,3.911000,3.938000,4.045000,3.878000
12,82,4,4.141000,4.100000,4.132000,4.172000,4.154000,4.147000
12,83,4,3.955400,3.978000,3.878000,3.954000,3.994000,3.973000
12,84,4,4.034800,3.999000,3.961000,4.025000,4.040000,4.149000
12,85,4,4.158400,4.204000,4.048000,4.190000,4.187000,4.163000
12,86,4,3.861200,3.744000,3.911000,3.888000,3.859000,3.904000
12,87,4,3.636600,3.654000,3.548000,3.724000,3.656000,3.601000
12,88,4,3.814000,3.929000,3.790000,3.711000,3.779000,3.861000
12,89,4,4.074000,4.114000,4.027000,4.050000,4.110000,4.069000
12,90,4,3.739000,3.748000,3.782000,3.635000,3.710000,3.820000
12,91,4,4.118400,4.159000,4.144000,3.997000,4.147000,4.145000
12,92,4,3.852800,3.921000,3.777000,3.809000,3.913000,3.844000
12,93,4,3.838200,3.850000,3.841000,3.742000,3.908000,3.850000
12,94,4,3.754600,3.836000,3.629000,3.671000,3.798000,3.839000
12,95,4,3.993000,4.100000,3.784000,3.947000,4.043000,4.091000
12,96,4,3.823800,3.844000,3.793000,3.750000,3.854000,3.878000
12,97,4,4.009800,4.140000,3.908000,3.915000,4.050000,4.036000
12,98,4,3.894000,3.891000,3.804000,3.983000,3.828000,3.964000
12,99,4,3.724400,3.801000,3.694000,3.640000,3.734000,3.753000
13,0,0,4.172200,4.159000,4.146000,4.118000,4.303000,4.135000
13,1,0,4.049800,4.015000,4.129000,4.070000,4.035000,4.000000
13,2,0,4.007200,3.972000,3.868000,4.001000,3.992000,4.203000
13,3,0,4.201800,4.042000,4.257000,4.223000,4.279000,4.208000
13,4,0,4.067600,4.015000,4.035000,4.103000,4.124000,4.061000
13,5,0,4.235400,4.260000,4.159000,4.241000,4.312000,4.205000
13,6,0,4.094000,4.079000,4.000000,4.147000,4.213000,4.031000
13,7,0,3.926200,3.883000,3.845000,3.880000,3.975000,4.048000
13,8,0,3.995000,4.032000,3.914000,3.897000,4.020000,4.112000
13,9,0,4.140800,4.280000,4.065000,4.136000,4.085000,4.138000
13,10,0,4.211600,4.284000,4.165000,4.172000,4.207000,4.230000
13,11,0,4.115000,4.063000,4.122000,4.079000,4.173000,4.138000
13,12,0,4.193200,4.211000,4.113000,4.217000,4.069000,4.356000
13,13,0,4.010000,3.909000,4.087000,4.014000,4.022000,4.018000
13,14,0,4.106400,4.049000,4.014000,4.232000,4.100000,4.137000
13,15,0,4.121000,4.155000,4.013000,4.164000,4.203000,4.070000
13,16,0,4.075400,4.134000,4.034000,4.050000,4.072000,4.087000
13,17,0,4.500400,4.616000,4.413000,4.484000,4.519000,4.470000
13,18,0,3.985800,3.861000,3.987000,4.049000,3.936000,4.096000
13,19,0,4.023200,3.920000,3.990000,4.017000,3.969000,4.220000
13,20,1,4.200000,4.236000,4.159000,4.126000,4.173000,4.306000
13,21,1,4.199200,4.250000,4.189000,4.139000,4.162000,4.256000
13,22,1,4.054000,4.126000,4.128000,3.867000,4.114000,4.035000
13,23,1,4.131400,4.093000,4.054000,4.115000,4.226000,4.169000
13,24,1,4.141000,4.279000,4.019000,4.155000,4.169000,4.083000
13,25,1,4.048000,3.977000,4.093000,4.088000,4.183000,3.899000
13,26,1,4.142400,4.061000,4.304000,4.019000,4.112000,4.216000
13,27,1,4.396200,4.377000,4.321000,4.337000,4.475000,4.471000
13,28,1,3.861400,3.817000,3.901000,3.664000,3.873000,4.052000
13,29,1,4.313400,4.229000,4.360000,4.296000,4.375000,4.307000
13,30,1,4.213000,4.142000,4.313000,4.134000,4.267000,4.209000
13,31,1,4.406600,4.340000,4.343000,4.487000,4.417000,4.446000
13,32,1,4.163800,4.184000,4.161000,4.105000,4.096000,4.273000
13,33,1,4.132800,4.156000,4.029000,4.185000,4.140000,4.154000
13,34,1,4.329600,4.276000,4.449000,4.267000,4.404000,4.252000
13,35,1,4.029000,4.021000,4.043000,4.099000,3.999000,3.983000
13,36,1,4.308600,4.367000,4.302000,4.212000,4.256000,4.406000
13,37,1,4.073800,4.012000,4.120000,4.113000,4.042000,4.082000
13,38,1,4.399200,4.455000,4.246000,4.425000,4.506000,4.364000
13,39,1,3.839400,3.856000,3.931000,3.733000,3.817000,3.860000
13,40,2,4.188600,4.160000,4.163000,4.170000,4.189000,4.261000
13,41,2,4.260600,4.329000,4.316000,4.156000,4.217000,4.285000
13,42,2,4.270600,4.308000,4.354000,4.165000,4.303000,4.223000
13,43,2,4.189800,4.144000,4.285000,4.164000,4.086000,4.270000
13,44,2,4.186800,4.230000,4.163000,4.222000,4.088000,4.231000
13,45,2,4.021000,4.060000,3.959000,3.972000,4.025000,4.089000
13,46,2,4.191200,4.114000,4.229000,4.117000,4.256000,4.240000
13,47,2,4.448000,4.424000,4.501000,4.446000,4.305000,4.564000
13,48,2,4.183400,4.175000,4.150000,4.089000,4.175000,4.328000
13,49,2,4.018200,3.931000,4.090000,3.992000,4.027000,4.051000
13,50,2,3.926800,3.850000,3.889000,3.843000,3.949000,4.103000
13,51,2,4.181000,4.151000,4.168000,4.192000,4.185000,4.209000
13,52,2,4.212800,4.146000,4.204000,4.190000,4.237000,4.287000
13,53,2,4.281400,4.202000,4.224000,4.462000,4.153000,4.366000
13,54,2,4.150400,4.100000,4.194000,4.095000,4.080000,4.283000
13,55,2,4.066400,4.015000,4.051000,4.052000,4.146000,4.068000
13,56,2,4.174400,4.105000,4.128000,4.196000,4.142000,4.301000
13,57,2,4.105800,4.081000,4.101000,4.095000,4.074000,4.178000
13,58,2,4.103800,4.130000,4.024000,4.088000,4.130000,4.147000
13,59,2,3.989200,4.046000,3.833000,4.014000,3.984000,4.069000
13,60,3,3.817200,3.788000,3.727000,3.871000,3.820000,3.880000
13,61,3,3.737000,3.624000,3.711000,3.727000,3.864000,3.759000
13,62,3,4.070800,4.091000,4.118000,3.988000,4.031000,4.126000
13,63,3,3.733400,3.816000,3.713000,3.839000,3.594000,3.705000
13,64,3,3.800200,3.771000,3.755000,3.824000,3.866000,3.785000
13,65,3,3.803600,3.698000,3.814000,3.835000,3.759000,3.912000
13,66,3,4.055600,4.113000,4.009000,3.995000,4.050000,4.111000
13,67,3,3.895400,3.891000,3.898000,3.831000,3.905000,3.952000
13,68,3,3.966000,4.015000,4.021000,3.947000,3.895000,3.952000
13,69,3,3.826200,3.758000,3.825000,3.791000,3.867000,3.890000
13,70,3,3.744000,3.906000,3.560000,3.768000,3.792000,3.694000
13,71,3,3.903600,3.800000,3.878000,3.948000,3.894000,3.998000
13,72,3,3.952000,4.007000,3.826000,3.964000,3.929000,4.034000
13,73,3,3.682400,3.698000,3.645000,3.641000,3.724000,3.704000
13,74,3,4.013200,3.986000,3.818000,4.092000,4.103000,4.067000
13,75,3,4.005200,3.898000,4.001000,4.033000,3.990000,4.104000
13,76,3,4.001800,3.932000,3.908000,4.029000,4.024000,4.116000
13,77,3,3.880400,3.818000,3.795000,3.955000,3.859000,3.975000
13,78,3,3.954200,3.963000,3.939000,3.994000,4.007000,3.868000
13,79,3,3.785000,3.639000,3.726000,3.811000,3.891000,3.858000
13,80,4,3.875600,3.777000,3.894000,3.804000,3.863000,4.040000
13,81,4,4.035600,4.043000,4.010000,4.026000,4.057000,4.042000
13,82,4,4.104600,3.990000,4.148000,4.108000,4.138000,4.139000
13,83,4,3.898600,3.804000,3.901000,3.935000,3.973000,3.880000
13,84,4,4.073000,4.024000,4.073000,4.078000,4.114000,4.076000
13,85,4,3.866800,3.806000,3.850000,3.816000,3.891000,3.971000
13,86,4,3.931000,3.936000,3.925000,3.899000,3.927000,3.968000
13,87,4,3.824200,3.767000,3.811000,3.815000,3.861000,3.867000
13,88,4,4.263200,4.165000,4.339000,4.342000,4.240000,4.230000
13,89,4,3.808400,3.628000,3.832000,3.794000,3.997000,3.791000
13,90,4,3.666400,3.517000,3.694000,3.699000,3.717000,3.705000
13,91,4,3.869800,3.817000,3.828000,3.835000,3.962000,3.907000
13,92,4,3.931000,3.713000,3.984000,3.909000,3.893000,4.156000
13,93,4,3.917600,3.945000,3.990000,3.887000,3.930000,3.836000
13,94,4,4.093600,4.068000,4.110000,3.985000,4.140000,4.165000
13,95,4,4.046800,4.005000,3.990000,4.055000,4.013000,4.171000
13,96,4,3.852400,3.821000,3.828000,3.868000,3.916000,3.829000
13,97,4,3.941200,3.914000,3.932000,3.937000,3.958000,3.965000
13,98,4,4.245000,4.234000,4.222000,4.203000,4.405000,4.161000
13,99,4,3.749800,3.653000,3.704000,3.731000,3.823000,3.838000
14,0,0,4.152800,4.158000,4.175000,4.078000,4.250000,4.103000
14,1,0,4.090000,4.067000,4.091000,4.007000,4.157000,4.128000
14,2,0,3.929400,3.853000,3.957000,3.953000,3.917000,3.967000
14,3,0,4.171200,3.959000,4.257000,4.042000,4.294000,4.304000
14,4,0,4.272000,4.167000,4.238000,4.171000,4.458000,4.326000
14,5,0,4.293000,4.163000,4.310000,4.285000,4.469000,4.238000
14,6,0,3.864200,3.803000,3.902000,3.778000,3.934000,3.904000
14,7,0,4.183400,4.139000,4.122000,4.117000,4.334000,4.205000
14,8,0,3.904800,3.768000,3.883000,3.888000,3.969000,4.016000
14,9,0,3.984200,3.879000,3.958000,3.998000,4.007000,4.079000
14,10,0,3.950800,3.751000,3.983000,3.972000,3.909000,4.139000
14,11,0,4.087200,3.936000,4.205000,4.029000,4.142000,4.124000
14,12,0,4.030200,3.942000,4.121000,3.871000,4.127000,4.090000
14,13,0,4.331800,4.334000,4.418000,4.205000,4.348000,4.354000
14,14,0,4.380400,4.281000,4.390000,4.258000,4.465000,4.508000
14,15,0,4.228600,4.171000,4.281000,4.100000,4.336000,4.255000
14,16,0,3.876000,3.891000,3.941000,3.701000,3.876000,3.971000
14,17,0,4.357600,4.443000,4.393000,4.151000,4.464000,4.337000
14,18,0,4.606600,4.479000,4.505000,4.546000,4.835000,4.668000
14,19,0,3.779800,3.730000,3.829000,3.729000,3.779000,3.832000
14,20,1,4.101200,4.035000,4.102000,4.097000,4.111000,4.161000
14,21,1,3.976400,3.825000,3.943000,3.991000,4.059000,4.064000
14,22,1,3.960800,3.789000,3.928000,4.090000,4.008000,3.989000
14,23,1,4.413800,4.308000,4.398000,4.396000,4.410000,4.557000
14,24,1,4.507400,4.425000,4.423000,4.519000,4.542000,4.628000
14,25,1,4.210600,4.082000,4.290000,4.186000,4.275000,4.220000
14,26,1,4.164000,4.141000,4.150000,4.123000,4.228000,4.178000
14,27,1,4.247000,4.211000,4.308000,4.209000,4.244000,4.263000
14,28,1,3.890200,3.849000,3.850000,3.879000,3.990000,3.883000
14,29,1,4.176800,4.157000,4.222000,4.107000,4.197000,4.201000
14,30,1,4.448400,4.348000,4.470000,4.443000,4.614000,4.367000
14,31,1,3.837200,3.751000,3.815000,3.925000,3.822000,3.873000
14,32,1,4.255800,4.115000,4.257000,4.233000,4.462000,4.212000
14,33,1,4.510800,4.340000,4.562000,4.557000,4.536000,4.559000
14,34,1,4.376600,4.345000,4.304000,4.312000,4.412000,4.510000
14,35,1,4.089000,3.964000,4.137000,4.082000,4.149000,4.113000
14,36,1,3.975600,3.996000,3.967000,3.962000,3.946000,4.007000
14,37,1,4.250400,4.159000,4.260000,4.274000,4.278000,4.281000
14,38,1,4.047400,3.933000,4.104000,3.933000,4.218000,4.049000
14,39,1,4.385000,4.276000,4.244000,4.354000,4.573000,4.478000
14,40,2,4.131200,4.137000,3.961000,4.122000,4.307000,4.129000
14,41,2,3.846600,3.766000,3.751000,3.832000,3.924000,3.960000
14,42,2,4.055200,3.976000,3.919000,4.018000,4.228000,4.135000
14,43,2,4.464400,4.501000,4.406000,4.465000,4.588000,4.362000
14,44,2,4.076000,3.791000,4.073000,4.119000,4.208000,4.189000
14,45,2,4.165400,4.076000,4.157000,4.163000,4.283000,4.148000
14,46,2,4.094800,3.965000,4.020000,4.035000,4.295000,4.159000
14,47,2,4.245400,4.144000,4.278000,4.265000,4.240000,4.300000
14,48,2,4.164800,4.038000,4.258000,3.935000,4.294000,4.299000
14,49,2,4.168400,4.075000,4.037000,4.158000,4.297000,4.275000
14,50,2,4.103600,4.097000,4.028000,3.929000,4.224000,4.240000
14,51,2,4.074600,4.009000,3.988000,4.066000,4.213000,4.097000
14,52,2,4.096800,3.992000,3.989000,4.053000,4.357000,4.093000
14,53,2,4.377400,4.151000,4.420000,4.448000,4.492000,4.376000
14,54,2,4.558800,4.531000,4.538000,4.452000,4.703000,4.570000
14,55,2,4.320200,4.140000,4.353000,4.316000,4.351000,4.441000
14,56,2,4.046400,3.919000,4.132000,3.932000,4.100000,4.149000
14,57,2,4.377600,4.237000,4.347000,4.404000,4.540000,4.360000
14,58,2,4.024800,3.869000,3.907000,3.971000,4.234000,4.143000
14,59,2,4.246600,4.295000,4.132000,4.150000,4.355000,4.301000
14,60,3,3.918600,3.835000,3.935000,3.879000,4.074000,3.870000
14,61,3,4.121000,3.910000,4.067000,4.153000,4.301000,4.174000
14,62,3,4.062800,4.054000,3.967000,4.040000,4.155000,4.098000
14,63,3,3.709200,3.625000,3.658000,3.620000,3.859000,3.784000
14,64,3,3.829000,3.815000,3.743000,3.822000,3.834000,3.931000
14,65,3,4.069400,3.991000,4.003000,3.977000,4.248000,4.128000
14,66,3,3.828400,3.740000,3.713000,3.847000,3.901000,3.941000
14,67,3,3.745200,3.646000,3.584000,3.706000,3.863000,3.927000
14,68,3,4.240600,4.125000,4.097000,4.202000,4.454000,4.325000
14,69,3,4.175800,3.989000,4.157000,4.204000,4.281000,4.248000
14,70,3,3.907200,3.867000,3.825000,3.863000,4.008000,3.973000
14,71,3,3.786600,3.690000,3.822000,3.675000,3.958000,3.788000
14,72,3,4.054000,3.974000,3.964000,3.984000,4.225000,4.123000
14,73,3,4.201200,3.992000,4.269000,4.207000,4.316000,4.222000
14,74,3,3.942200,3.860000,3.870000,4.032000,4.020000,3.929000
14,75,3,3.789000,3.699000,3.715000,3.814000,3.884000,3.833000
14,76,3,4.014800,3.930000,3.993000,3.981000,4.114000,4.056000
14,77,3,3.820600,3.754000,3.763000,3.721000,4.019000,3.846000
14,78,3,4.017400,3.875000,3.988000,4.020000,4.194000,4.010000
14,79,3,3.830200,3.715000,3.788000,3.826000,3.977000,3.845000
14,80,4,4.066600,4.008000,4.063000,4.070000,4.065000,4.127000
14,81,4,3.892600,3.914000,3.978000,3.836000,3.832000,3.903000
14,82,4,4.102000,3.943000,4.139000,4.092000,4.138000,4.198000
14,83,4,4.274600,4.196000,4.163000,4.279000,4.370000,4.365000
14,84,4,4.256200,4.226000,4.164000,4.242000,4.244000,4.405000
14,85,4,3.968000,3.960000,3.992000,3.921000,4.072000,3.895000
14,86,4,3.993400,3.961000,3.835000,3.970000,4.142000,4.059000
14,87,4,4.076600,4.060000,4.072000,4.034000,4.121000,4.096000
14,88,4,3.787800,3.774000,3.786000,3.821000,3.861000,3.697000
14,89,4,4.042200,3.910000,4.100000,4.010000,4.144000,4.047000
14,90,4,3.761600,3.775000,3.729000,3.715000,3.767000,3.822000
14,91,4,3.871000,3.800000,3.768000,3.897000,3.943000,3.947000
14,92,4,4.228800,4.034000,4.221000,4.317000,4.282000,4.290000
14,93,4,4.169800,4.136000,3.993000,4.147000,4.332000,4.241000
14,94,4,3.814000,3.769000,3.726000,3.843000,3.945000,3.787000
14,95,4,4.038800,3.985000,4.069000,3.891000,4.159000,4.090000
14,96,4,4.266800,4.238000,4.195000,4.255000,4.368000,4.278000
14,97,4,4.019000,4.026000,3.963000,3.883000,4.131000,4.092000
14,98,4,4.170800,4.070000,4.142000,4.099000,4.403000,4.140000
14,99,4,4.025400,4.048000,3.958000,4.043000,4.122000,3.956000
15,0,0,4.414600,4.517000,4.420000,4.298000,4.387000,4.451000
15,1,0,4.139800,4.151000,4.256000,3.987000,4.152000,4.153000
15,2,0,4.250000,4.241000,4.306000,4.236000,4.245000,4.222000
15,3,0,4.368800,4.377000,4.447000,4.334000,4.316000,4.370000
15,4,0,4.328800,4.353000,4.394000,4.205000,4.313000,4.379000
15,5,0,4.185200,4.218000,4.318000,4.076000,4.037000,4.277000
15,6,0,4.121600,4.150000,4.168000,3.940000,4.026000,4.324000
15,7,0,4.335600,4.435000,4.347000,4.208000,4.259000,4.429000
15,8,0,4.425400,4.416000,4.642000,4.363000,4.282000,4.424000
15,9,0,3.948600,3.978000,3.970000,3.884000,3.935000,3.976000
15,10,0,3.995400,3.878000,4.120000,4.016000,3.928000,4.035000
15,11,0,4.434800,4.351000,4.607000,4.237000,4.405000,4.574000
15,12,0,4.258600,4.217000,4.374000,4.184000,4.263000,4.255000
15,13,0,4.263800,4.378000,4.343000,3.922000,4.312000,4.364000
15,14,0,4.342000,4.414000,4.393000,4.134000,4.408000,4.361000
15,15,0,4.391400,4.504000,4.522000,4.026000,4.403000,4.502000
15,16,0,4.057200,4.085000,4.072000,3.913000,4.031000,4.185000
15,17,0,4.070200,4.050000,4.125000,3.968000,4.115000,4.093000
15,18,0,4.221800,4.218000,4.333000,4.041000,4.188000,4.329000
15,19,0,4.521400,4.632000,4.652000,4.323000,4.499000,4.501000
15,20,1,4.271200,4.387000,4.401000,4.209000,4.105000,4.254000
15,21,1,4.292800,4.198000,4.363000,4.324000,4.285000,4.294000
15,22,1,4.418200,4.474000,4.405000,4.448000,4.408000,4.356000
15,23,1,4.195200,4.224000,4.282000,4.108000,4.253000,4.109000
15,24,1,4.273200,4.338000,4.348000,4.120000,4.215000,4.345000
15,25,1,4.200200,4.214000,4.343000,4.054000,4.092000,4.298000
15,26,1,4.323200,4.307000,4.402000,4.270000,4.308000,4.329000
15,27,1,4.076400,4.056000,4.087000,4.034000,4.104000,4.101000
15,28,1,4.295600,4.330000,4.315000,4.335000,4.110000,4.388000
15,29,1,4.044000,4.053000,4.179000,4.018000,3.938000,4.032000
15,30,1,4.285800,4.318000,4.305000,4.185000,4.225000,4.396000
15,31,1,4.221000,4.251000,4.240000,4.103000,4.206000,4.305000
15,32,1,4.366600,4.482000,4.357000,4.285000,4.316000,4.393000
15,33,1,4.224000,4.253000,4.412000,4.100000,4.159000,4.196000
15,34,1,4.211800,4.256000,4.254000,4.123000,4.167000,4.259000
15,35,1,4.478800,4.613000,4.511000,4.333000,4.397000,4.540000
15,36,1,4.165800,4.145000,4.218000,4.048000,4.130000,4.288000
15,37,1,4.254600,4.235000,4.409000,4.097000,4.246000,4.286000
15,38,1,4.150600,4.220000,4.113000,4.144000,4.078000,4.198000
15,39,1,3.933000,3.916000,4.027000,3.745000,3.944000,4.033000
15,40,2,4.546400,4.548000,4.657000,4.555000,4.420000,4.552000
15,41,2,4.230400,4.221000,4.380000,4.142000,4.158000,4.251000
15,42,2,4.266400,4.221000,4.222000,4.204000,4.358000,4.327000
15,43,2,4.311200,4.414000,4.385000,4.161000,4.228000,4.368000
15,44,2,4.295800,4.322000,4.342000,4.231000,4.258000,4.326000
15,45,2,4.294800,4.309000,4.452000,4.149000,4.140000,4.424000
15,46,2,4.442200,4.468000,4.441000,4.420000,4.511000,4.371000
15,47,2,4.111400,4.281000,4.205000,4.037000,3.997000,4.037000
15,48,2,4.030800,4.001000,4.145000,3.882000,4.004000,4.122000
15,49,2,4.445000,4.614000,4.507000,4.252000,4.347000,4.505000
15,50,2,4.253200,4.237000,4.231000,4.242000,4.355000,4.201000
15,51,2,4.431200,4.448000,4.439000,4.488000,4.456000,4.325000
15,52,2,4.413400,4.413000,4.454000,4.371000,4.390000,4.439000
15,53,2,4.156400,4.138000,4.129000,4.178000,4.094000,4.243000
15,54,2,4.208600,4.249000,4.256000,4.174000,4.131000,4.233000
15,55,2,4.366800,4.396000,4.459000,4.289000,4.253000,4.437000
15,56,2,4.246000,4.251000,4.224000,4.187000,4.301000,4.267000
15,57,2,4.167000,4.237000,4.297000,3.976000,4.132000,4.193000
15,58,2,4.121400,4.187000,4.189000,4.047000,4.079000,4.105000
15,59,2,4.317000,4.295000,4.344000,4.243000,4.231000,4.472000
15,60,3,4.048400,4.007000,4.194000,3.967000,4.135000,3.939000
15,61,3,3.895400,3.908000,4.052000,3.873000,3.787000,3.857000
15,62,3,4.310600,4.240000,4.346000,4.200000,4.301000,4.466000
15,63,3,3.996600,4.056000,4.022000,3.940000,3.901000,4.064000
15,64,3,3.999000,4.039000,4.062000,3.948000,3.910000,4.036000
15,65,3,4.034800,4.080000,4.092000,3.970000,3.992000,4.040000
15,66,3,3.936600,3.953000,3.982000,3.826000,4.026000,3.896000
15,67,3,4.164200,4.232000,4.265000,4.058000,4.097000,4.169000
15,68,3,4.032800,4.132000,4.102000,3.888000,3.963000,4.079000
15,69,3,4.157600,4.165000,4.141000,4.051000,4.164000,4.267000
15,70,3,3.847200,4.018000,3.895000,3.549000,3.795000,3.979000
15,71,3,4.215600,4.272000,4.340000,4.060000,4.190000,4.216000
15,72,3,4.013000,4.088000,4.024000,3.912000,3.975000,4.066000
15,73,3,4.117600,4.161000,4.163000,4.115000,4.101000,4.048000
15,74,3,4.038000,4.058000,4.222000,3.774000,4.137000,3.999000
15,75,3,3.851800,3.950000,3.850000,3.771000,3.821000,3.867000
15,76,3,4.240800,4.238000,4.391000,4.108000,4.203000,4.264000
15,77,3,4.199600,4.151000,4.250000,4.171000,4.226000,4.200000
15,78,3,3.933200,3.900000,3.983000,3.898000,3.924000,3.961000
15,79,3,4.053800,4.083000,4.144000,4.004000,3.992000,4.046000
15,80,4,4.297600,4.385000,4.394000,4.086000,4.308000,4.315000
15,81,4,4.261400,4.336000,4.374000,3.974000,4.171000,4.452000
15,82,4,4.293800,4.251000,4.365000,4.250000,4.249000,4.354000
15,83,4,4.243600,4.250000,4.252000,4.152000,4.169000,4.395000
15,84,4,4.369000,4.422000,4.329000,4.267000,4.407000,4.420000
15,85,4,4.551800,4.486000,4.584000,4.585000,4.446000,4.658000
15,86,4,4.202200,4.319000,4.220000,4.043000,4.165000,4.264000
15,87,4,4.354400,4.459000,4.342000,4.267000,4.242000,4.462000
15,88,4,4.268200,4.347000,4.270000,4.172000,4.259000,4.293000
15,89,4,4.066800,4.131000,4.077000,3.998000,4.027000,4.101000
15,90,4,4.162000,4.197000,4.209000,4.048000,4.055000,4.301000
15,91,4,4.151400,4.139000,4.270000,4.045000,4.100000,4.203000
15,92,4,4.154400,4.251000,4.107000,4.027000,4.134000,4.253000
15,93,4,3.854400,3.837000,4.002000,3.694000,3.751000,3.988000
15,94,4,4.021400,4.079000,4.112000,3.850000,3.946000,4.120000
15,95,4,4.054800,4.002000,4.096000,3.903000,4.099000,4.174000
15,96,4,4.284800,4.432000,4.315000,4.098000,4.200000,4.379000
15,97,4,4.466200,4.509000,4.476000,4.357000,4.357000,4.632000
15,98,4,4.015600,3.961000,4.035000,3.942000,4.044000,4.096000
15,99,4,4.237200,4.389000,4.274000,4.238000,4.151000,4.134000
16,0,0,4.126200,4.189000,4.031000,4.120000,4.193000,4.098000
16,1,0,4.350200,4.276000,4.361000,4.355000,4.368000,4.391000
16,2,0,4.480800,4.422000,4.434000,4.505000,4.440000,4.603000
16,3,0,4.157600,4.072000,4.100000,4.153000,4.248000,4.215000
16,4,0,4.364000,4.260000,4.279000,4.447000,4.441000,4.393000
16,5,0,4.425400,4.427000,4.392000,4.339000,4.472000,4.497000
16,6,0,4.351400,4.263000,4.258000,4.393000,4.352000,4.491000
16,7,0,4.186400,4.140000,4.144000,4.260000,4.212000,4.176000
16,8,0,4.317000,4.233000,4.344000,4.375000,4.260000,4.373000
16,9,0,4.376000,4.353000,4.442000,4.266000,4.420000,4.399000
16,10,0,4.559000,4.518000,4.610000,4.505000,4.590000,4.572000
16,11,0,4.347000,4.238000,4.426000,4.308000,4.345000,4.418000
16,12,0,4.164800,4.078000,4.058000,4.170000,4.214000,4.304000
16,13,0,4.417400,4.349000,4.318000,4.409000,4.479000,4.532000
16,14,0,4.381600,4.442000,4.388000,4.275000,4.323000,4.480000
16,15,0,4.423800,4.318000,4.335000,4.417000,4.502000,4.547000
16,16,0,4.174600,4.137000,3.971000,4.295000,4.148000,4.322000
16,17,0,4.204200,4.189000,4.067000,4.214000,4.247000,4.304000
16,18,0,4.234800,4.101000,4.132000,4.300000,4.294000,4.347000
16,19,0,4.365000,4.353000,4.239000,4.333000,4.385000,4.515000
16,20,1,4.177400,4.230000,4.171000,4.100000,4.229000,4.157000
16,21,1,4.637200,4.680000,4.650000,4.587000,4.602000,4.667000
16,22,1,4.266600,4.196000,4.276000,4.221000,4.317000,4.323000
16,23,1,4.437800,4.370000,4.381000,4.549000,4.381000,4.508000
16,24,1,4.246600,4.171000,4.270000,4.240000,4.246000,4.306000
16,25,1,4.163800,4.093000,4.081000,4.179000,4.229000,4.237000
16,26,1,4.082800,4.018000,4.130000,4.000000,4.093000,4.173000
16,27,1,4.510600,4.510000,4.446000,4.597000,4.504000,4.496000
16,28,1,4.158200,4.180000,4.091000,4.086000,4.223000,4.211000
16,29,1,4.345200,4.287000,4.262000,4.362000,4.443000,4.372000
16,30,1,4.202800,4.255000,4.113000,4.256000,4.167000,4.223000
16,31,1,4.148400,4.123000,4.138000,4.163000,4.193000,4.125000
16,32,1,4.286600,4.337000,4.231000,4.302000,4.283000,4.280000
16,33,1,4.492400,4.512000,4.593000,4.465000,4.359000,4.533000
16,34,1,4.308200,4.354000,4.258000,4.203000,4.349000,4.377000
16,35,1,4.352000,4.350000,4.338000,4.302000,4.399000,4.371000
16,36,1,4.278000,4.372000,4.275000,4.228000,4.199000,4.316000
16,37,1,4.513200,4.489000,4.512000,4.483000,4.501000,4.581000
16,38,1,4.169600,4.176000,4.157000,4.219000,4.153000,4.143000
16,39,1,4.433600,4.458000,4.452000,4.525000,4.262000,4.471000
16,40,2,4.304400,4.236000,4.323000,4.252000,4.279000,4.432000
16,41,2,4.263000,4.348000,4.171000,4.308000,4.290000,4.198000
16,42,2,4.454400,4.479000,4.390000,4.545000,4.384000,4.474000
16,43,2,4.203600,4.157000,4.172000,4.212000,4.294000,4.183000
16,44,2,4.760000,4.828000,4.714000,4.665000,4.857000,4.736000
16,45,2,4.340400,4.364000,4.231000,4.408000,4.376000,4.323000
16,46,2,4.314800,4.273000,4.224000,4.299000,4.405000,4.373000
16,47,2,4.412600,4.470000,4.394000,4.352000,4.342000,4.505000
16,48,2,4.288800,4.341000,4.213000,4.365000,4.336000,4.189000
16,49,2,4.523600,4.526000,4.429000,4.525000,4.572000,4.566000
16,50,2,4.044600,3.954000,4.078000,4.040000,3.959000,4.192000
16,51,2,4.493800,4.534000,4.394000,4.585000,4.424000,4.532000
16,52,2,4.153600,4.171000,4.116000,4.165000,4.208000,4.108000
16,53,2,4.246400,4.275000,4.212000,4.215000,4.217000,4.313000
16,54,2,4.288600,4.282000,4.250000,4.339000,4.228000,4.344000
16,55,2,4.505200,4.478000,4.590000,4.317000,4.693000,4.448000
16,56,2,4.374000,4.293000,4.278000,4.481000,4.485000,4.333000
16,57,2,4.130600,4.121000,3.954000,4.090000,4.221000,4.267000
16,58,2,4.454400,4.504000,4.467000,4.327000,4.441000,4.533000
16,59,2,4.061800,3.998000,4.044000,4.038000,4.104000,4.125000
16,60,3,4.368400,4.390000,4.184000,4.400000,4.466000,4.402000
16,61,3,4.104200,4.114000,4.127000,4.114000,4.011000,4.155000
16,62,3,4.077200,4.041000,4.086000,4.147000,3.969000,4.143000
16,63,3,3.796600,3.835000,3.669000,3.773000,3.760000,3.946000
16,64,3,4.086800,3.984000,4.086000,4.150000,4.079000,4.135000
16,65,3,4.136400,4.123000,4.099000,4.183000,4.075000,4.202000
16,66,3,3.980000,4.046000,3.875000,3.937000,4.005000,4.037000
16,67,3,4.190800,4.092000,4.179000,4.157000,4.284000,4.242000
16,68,3,3.912000,3.752000,3.832000,4.042000,3.895000,4.039000
16,69,3,3.952000,3.918000,3.828000,3.958000,3.999000,4.057000
16,70,3,4.050200,4.009000,3.993000,4.118000,4.078000,4.053000
16,71,3,4.017600,3.985000,3.927000,4.011000,4.005000,4.160000
16,72,3,4.097800,4.016000,4.027000,4.137000,4.109000,4.200000
16,73,3,4.220200,4.154000,4.218000,4.222000,4.261000,4.246000
16,74,3,4.421400,4.495000,4.408000,4.453000,4.375000,4.376000
16,75,3,4.165000,4.104000,4.163000,4.286000,4.114000,4.158000
16,76,3,4.181200,4.119000,4.082000,4.241000,4.171000,4.293000
16,77,3,4.161400,4.107000,3.996000,4.281000,4.175000,4.248000
16,78,3,4.057000,4.094000,3.978000,3.998000,4.083000,4.132000
16,79,3,4.241600,4.197000,4.181000,4.194000,4.277000,4.359000
16,80,4,4.162400,3.985000,4.192000,4.210000,4.178000,4.247000
16,81,4,4.003000,3.927000,4.046000,4.014000,4.055000,3.973000
16,82,4,4.102400,4.191000,4.076000,4.044000,4.062000,4.139000
16,83,4,4.212600,4.160000,4.285000,4.151000,4.235000,4.232000
16,84,4,4.372800,4.356000,4.326000,4.298000,4.378000,4.506000
16,85,4,4.397000,4.385000,4.354000,4.404000,4.395000,4.447000
16,86,4,4.360200,4.309000,4.374000,4.387000,4.339000,4.392000
16,87,4,4.073400,3.990000,4.137000,4.056000,4.011000,4.173000
16,88,4,4.166400,4.114000,4.105000,4.107000,4.268000,4.238000
16,89,4,4.224600,4.166000,4.177000,4.226000,4.286000,4.268000
16,90,4,4.267000,4.210000,4.165000,4.307000,4.293000,4.360000
16,91,4,4.071400,4.026000,4.021000,4.075000,4.146000,4.089000
16,92,4,4.164400,4.186000,4.024000,4.083000,4.333000,4.196000
16,93,4,4.288800,4.336000,4.306000,4.231000,4.268000,4.303000
16,94,4,4.067000,4.019000,3.958000,4.130000,4.042000,4.186000
16,95,4,4.178800,4.180000,4.090000,4.145000,4.136000,4.343000
16,96,4,4.464000,4.646000,4.341000,4.484000,4.321000,4.528000
16,97,4,4.014800,3.918000,4.062000,4.087000,4.012000,3.995000
16,98,4,4.081000,4.045000,4.110000,3.932000,4.166000,4.152000
16,99,4,4.328200,4.352000,4.296000,4.351000,4.236000,4.406000
17,0,0,4.240600,4.075000,4.280000,4.296000,4.318000,4.234000
17,1,0,4.300400,4.286000,4.311000,4.133000,4.387000,4.385000
17,2,0,4.193400,4.114000,4.248000,4.110000,4.282000,4.213000
17,3,0,4.247200,4.181000,4.366000,4.202000,4.171000,4.316000
17,4,0,4.250400,4.134000,4.380000,4.161000,4.275000,4.302000
17,5,0,4.313400,4.287000,4.364000,4.143000,4.318000,4.455000
17,6,0,4.261400,4.210000,4.345000,4.205000,4.316000,4.231000
17,7,0,4.171200,4.217000,4.121000,4.156000,4.107000,4.255000
17,8,0,4.491400,4.405000,4.598000,4.481000,4.438000,4.535000
17,9,0,4.014200,3.987000,4.101000,3.944000,3.903000,4.136000
17,10,0,4.336000,4.284000,4.356000,4.291000,4.296000,4.453000
17,11,0,4.116400,3.971000,4.140000,4.085000,4.154000,4.232000
17,12,0,4.250800,4.162000,4.323000,4.245000,4.243000,4.281000
17,13,0,3.938400,3.949000,3.962000,3.845000,3.833000,4.103000
17,14,0,4.365400,4.244000,4.338000,4.378000,4.397000,4.470000
17,15,0,4.309600,4.192000,4.409000,4.218000,4.341000,4.388000
17,16,0,4.422400,4.362000,4.452000,4.383000,4.364000,4.551000
17,17,0,4.079200,3.968000,4.184000,3.991000,4.064000,4.189000
17,18,0,4.181000,4.162000,4.227000,4.176000,4.123000,4.217000
17,19,0,4.121200,4.141000,4.238000,4.158000,3.944000,4.125000
17,20,1,4.258200,4.164000,4.320000,4.262000,4.206000,4.339000
17,21,1,4.375600,4.342000,4.503000,4.403000,4.246000,4.384000
17,22,1,4.571200,4.527000,4.521000,4.607000,4.561000,4.640000
17,23,1,4.381200,4.332000,4.425000,4.334000,4.328000,4.487000
17,24,1,4.237800,4.199000,4.263000,4.158000,4.283000,4.286000
17,25,1,4.246200,4.075000,4.268000,4.275000,4.325000,4.288000
17,26,1,4.414000,4.441000,4.455000,4.242000,4.435000,4.497000
17,27,1,4.066000,4.005000,4.105000,4.032000,4.052000,4.136000
17,28,1,4.172400,4.099000,4.173000,4.088000,4.193000,4.309000
17,29,1,4.352200,4.283000,4.438000,4.300000,4.316000,4.424000
17,30,1,4.294600,4.272000,4.240000,4.323000,4.249000,4.389000
17,31,1,4.355000,4.262000,4.280000,4.348000,4.401000,4.484000
17,32,1,4.238600,4.243000,4.281000,4.266000,4.108000,4.295000
17,33,1,4.463000,4.299000,4.456000,4.425000,4.518000,4.617000
17,34,1,4.264000,4.206000,4.238000,4.292000,4.312000,4.272000
17,35,1,4.218400,4.230000,4.348000,4.150000,4.180000,4.184000
17,36,1,4.282800,4.215000,4.268000,4.286000,4.240000,4.405000
17,37,1,3.917000,3.867000,3.875000,3.988000,3.885000,3.970000
17,38,1,4.130800,4.039000,4.174000,4.067000,4.169000,4.205000
17,39,1,4.265200,4.175000,4.304000,4.149000,4.263000,4.435000
17,40,2,4.695800,4.736000,4.655000,4.699000,4.649000,4.740000
17,41,2,4.035600,3.901000,4.186000,4.118000,3.949000,4.024000
17,42,2,4.291800,4.282000,4.347000,4.087000,4.315000,4.428000
17,43,2,4.373800,4.352000,4.389000,4.240000,4.408000,4.480000
17,44,2,4.339200,4.309000,4.327000,4.369000,4.331000,4.360000
17,45,2,4.089200,4.132000,3.953000,4.101000,4.133000,4.127000
17,46,2,4.408000,4.349000,4.525000,4.374000,4.369000,4.423000
17,47,2,4.569800,4.543000,4.572000,4.507000,4.493000,4.734000
17,48,2,4.278200,4.217000,4.224000,4.232000,4.307000,4.411000
17,49,2,4.424200,4.345000,4.456000,4.418000,4.424000,4.478000
17,50,2,4.463000,4.420000,4.464000,4.367000,4.528000,4.536000
17,51,2,4.173600,4.064000,4.255000,4.207000,4.100000,4.242000
17,52,2,4.470800,4.568000,4.464000,4.381000,4.417000,4.524000
17,53,2,4.193800,4.143000,4.180000,4.156000,4.341000,4.149000
17,54,2,4.195600,4.172000,4.288000,4.131000,4.090000,4.297000
17,55,2,4.449600,4.351000,4.493000,4.374000,4.502000,4.528000
17,56,2,4.457600,4.516000,4.405000,4.544000,4.495000,4.328000
17,57,2,4.268000,4.304000,4.265000,4.198000,4.291000,4.282000
17,58,2,4.552400,4.418000,4.669000,4.484000,4.517000,4.674000
17,59,2,4.410400,4.439000,4.489000,4.414000,4.336000,4.374000
17,60,3,4.016400,4.073000,4.077000,4.011000,3.871000,4.050000
17,61,3,4.020400,3.987000,4.096000,3.962000,3.961000,4.096000
17,62,3,4.046800,3.974000,4.186000,3.948000,4.049000,4.077000
17,63,3,3.989600,3.996000,4.059000,3.939000,3.956000,3.998000
17,64,3,4.147000,4.145000,4.149000,4.079000,4.141000,4.221000
17,65,3,3.767800,3.831000,3.788000,3.687000,3.721000,3.812000
17,66,3,4.027400,3.971000,4.107000,3.978000,4.114000,3.967000
17,67,3,4.030200,4.004000,4.026000,4.071000,4.051000,3.999000
17,68,3,4.054600,3.984000,4.110000,3.998000,4.027000,4.154000
17,69,3,3.992400,3.971000,4.007000,3.926000,3.876000,4.182000
17,70,3,4.099400,4.017000,4.082000,4.037000,4.101000,4.260000
17,71,3,4.285600,4.331000,4.222000,4.222000,4.294000,4.359000
17,72,3,4.169400,4.187000,4.123000,4.210000,4.230000,4.097000
17,73,3,3.911400,3.826000,3.946000,3.893000,3.918000,3.974000
17,74,3,4.194200,4.256000,4.287000,4.069000,4.144000,4.215000
17,75,3,4.405600,4.453000,4.495000,4.267000,4.375000,4.438000
17,76,3,4.095600,4.002000,4.082000,4.143000,4.093000,4.158000
17,77,3,3.792400,3.811000,3.855000,3.754000,3.775000,3.767000
17,78,3,4.141200,4.051000,4.123000,4.127000,4.121000,4.284000
17,79,3,4.060400,4.081000,4.174000,3.939000,4.038000,4.070000
17,80,4,4.278600,4.284000,4.397000,4.254000,4.171000,4.287000
17,81,4,4.302800,4.299000,4.359000,4.236000,4.261000,4.359000
17,82,4,4.317400,4.406000,4.407000,4.344000,4.137000,4.293000
17,83,4,4.181600,4.094000,4.286000,4.175000,4.200000,4.153000
17,84,4,4.036000,4.088000,4.084000,4.014000,3.973000,4.021000
17,85,4,3.979200,3.956000,3.942000,4.003000,3.947000,4.048000
17,86,4,3.855400,3.819000,3.824000,3.810000,3.903000,3.921000
17,87,4,4.268400,4.215000,4.440000,4.141000,4.287000,4.259000
17,88,4,4.128600,4.130000,4.311000,4.161000,4.035000,4.006000
17,89,4,4.050200,4.110000,4.005000,4.074000,3.909000,4.153000
17,90,4,4.140800,3.994000,4.278000,4.122000,4.123000,4.187000
17,91,4,4.307800,4.303000,4.358000,4.261000,4.375000,4.242000
17,92,4,3.952000,3.894000,3.924000,3.923000,3.942000,4.077000
17,93,4,4.175000,4.109000,4.216000,4.145000,4.134000,4.271000
17,94,4,4.300600,4.203000,4.300000,4.296000,4.303000,4.401000
17,95,4,4.285400,4.425000,4.163000,4.119000,4.343000,4.377000
17,96,4,3.936000,3.887000,3.976000,3.921000,3.892000,4.004000
17,97,4,4.365800,4.409000,4.334000,4.388000,4.382000,4.316000
17,98,4,4.391400,4.162000,4.520000,4.386000,4.332000,4.557000
17,99,4,4.185800,4.161000,4.328000,4.113000,4.175000,4.152000
18,0,0,4.397200,4.341000,4.560000,4.301000,4.379000,4.405000
18,1,0,4.221200,4.174000,4.253000,4.145000,4.317000,4.217000
18,2,0,4.189400,4.193000,4.070000,4.196000,4.224000,4.264000
18,3,0,4.239200,4.204000,4.293000,4.219000,4.308000,4.172000
18,4,0,4.189200,4.168000,4.338000,4.150000,4.300000,3.990000
18,5,0,4.352600,4.281000,4.301000,4.291000,4.494000,4.396000
18,6,0,4.221400,4.312000,4.261000,4.117000,4.290000,4.127000
18,7,0,4.033000,4.068000,4.023000,4.048000,4.026000,4.000000
18,8,0,4.300800,4.380000,4.320000,4.217000,4.340000,4.247000
18,9,0,4.576200,4.549000,4.692000,4.463000,4.646000,4.531000
18,10,0,4.219200,4.124000,4.293000,4.189000,4.270000,4.220000
18,11,0,4.302200,4.300000,4.360000,4.270000,4.396000,4.185000
18,12,0,4.223800,4.389000,4.208000,4.043000,4.284000,4.195000
18,13,0,4.492200,4.562000,4.529000,4.507000,4.419000,4.444000
18,14,0,4.389200,4.414000,4.363000,4.261000,4.482000,4.426000
18,15,0,4.203000,4.085000,4.280000,4.212000,4.309000,4.129000
18,16,0,4.345600,4.372000,4.233000,4.353000,4.464000,4.306000
18,17,0,4.189200,4.267000,4.177000,4.065000,4.323000,4.114000
18,18,0,4.331200,4.429000,4.356000,4.182000,4.393000,4.296000
18,19,0,3.996200,4.094000,3.941000,3.851000,4.104000,3.991000
18,20,1,4.344400,4.352000,4.281000,4.355000,4.434000,4.300000
18,21,1,4.450800,4.621000,4.419000,4.352000,4.506000,4.356000
18,22,1,4.080200,4.057000,4.031000,4.104000,4.150000,4.059000
18,23,1,4.138800,4.161000,4.169000,4.162000,4.165000,4.037000
18,24,1,4.059600,4.013000,4.125000,4.116000,4.036000,4.008000
18,25,1,4.159200,4.202000,4.174000,4.093000,4.219000,4.108000
18,26,1,4.231600,4.187000,4.177000,4.311000,4.230000,4.253000
18,27,1,4.271600,4.249000,4.260000,4.353000,4.342000,4.154000
18,28,1,4.188600,4.208000,4.186000,4.043000,4.257000,4.249000
18,29,1,4.352000,4.340000,4.362000,4.247000,4.518000,4.293000
18,30,1,4.365600,4.365000,4.420000,4.352000,4.453000,4.238000
18,31,1,4.253400,4.299000,4.261000,4.147000,4.390000,4.170000
18,32,1,4.321200,4.221000,4.413000,4.213000,4.506000,4.253000
18,33,1,4.289200,4.245000,4.462000,4.266000,4.365000,4.108000
18,34,1,4.257600,4.329000,4.164000,4.306000,4.285000,4.204000
18,35,1,4.367400,4.408000,4.376000,4.273000,4.506000,4.274000
18,36,1,4.374800,4.377000,4.376000,4.324000,4.459000,4.338000
18,37,1,4.644600,4.546000,4.638000,4.567000,4.885000,4.587000
18,38,1,4.276200,4.364000,4.273000,4.309000,4.252000,4.183000
18,39,1,4.126200,4.128000,4.137000,4.087000,4.292000,3.987000
18,40,2,4.299800,4.314000,4.348000,4.224000,4.318000,4.295000
18,41,2,4.325400,4.312000,4.382000,4.283000,4.437000,4.213000
18,42,2,4.411800,4.583000,4.371000,4.438000,4.377000,4.290000
18,43,2,4.303800,4.263000,4.264000,4.372000,4.295000,4.325000
18,44,2,4.297600,4.437000,4.308000,4.247000,4.236000,4.260000
18,45,2,4.202200,4.125000,4.208000,4.205000,4.308000,4.165000
18,46,2,4.633400,4.692000,4.559000,4.621000,4.725000,4.570000
18,47,2,4.223800,4.105000,4.327000,4.217000,4.402000,4.068000
18,48,2,4.566000,4.556000,4.553000,4.508000,4.713000,4.500000
18,49,2,4.351400,4.355000,4.407000,4.383000,4.332000,4.280000
18,50,2,4.343000,4.465000,4.395000,4.337000,4.414000,4.104000
18,51,2,4.357200,4.480000,4.242000,4.400000,4.424000,4.240000
18,52,2,4.330200,4.258000,4.348000,4.374000,4.456000,4.215000
18,53,2,4.421200,4.418000,4.499000,4.344000,4.494000,4.351000
18,54,2,4.412800,4.420000,4.485000,4.399000,4.392000,4.368000
18,55,2,4.340400,4.399000,4.407000,4.227000,4.341000,4.328000
18,56,2,4.484600,4.669000,4.421000,4.531000,4.437000,4.365000
18,57,2,4.252800,4.285000,4.194000,4.258000,4.364000,4.163000
18,58,2,4.177000,4.299000,4.156000,4.159000,4.246000,4.025000
18,59,2,4.544800,4.583000,4.583000,4.489000,4.605000,4.464000
18,60,3,3.962800,3.918000,4.174000,3.939000,3.831000,3.952000
18,61,3,4.120800,4.139000,4.209000,3.987000,4.203000,4.066000
18,62,3,4.152200,4.208000,4.179000,4.130000,4.152000,4.092000
18,63,3,4.088400,4.113000,4.043000,4.143000,4.203000,3.940000
18,64,3,4.432000,4.501000,4.446000,4.387000,4.509000,4.317000
18,65,3,4.310200,4.301000,4.262000,4.330000,4.344000,4.314000
18,66,3,4.223000,4.301000,4.358000,4.132000,4.267000,4.057000
18,67,3,4.404800,4.452000,4.409000,4.381000,4.469000,4.313000
18,68,3,3.989800,4.046000,4.130000,3.940000,3.916000,3.917000
18,69,3,4.316000,4.442000,4.392000,4.275000,4.339000,4.132000
18,70,3,4.279000,4.271000,4.336000,4.295000,4.277000,4.216000
18,71,3,4.031400,4.015000,4.074000,4.047000,4.004000,4.017000
18,72,3,4.272200,4.303000,4.360000,4.247000,4.328000,4.123000
18,73,3,4.289400,4.275000,4.292000,4.355000,4.319000,4.206000
18,74,3,3.892400,3.917000,3.967000,3.789000,3.908000,3.881000
18,75,3,4.176000,4.240000,4.233000,4.224000,4.098000,4.085000
18,76,3,4.169400,4.140000,4.285000,3.989000,4.243000,4.190000
18,77,3,4.223000,4.418000,4.158000,4.167000,4.279000,4.093000
18,78,3,4.177800,4.223000,4.319000,4.010000,4.313000,4.024000
18,79,3,4.335600,4.299000,4.355000,4.320000,4.368000,4.336000
18,80,4,4.263800,4.328000,4.325000,4.177000,4.409000,4.080000
18,81,4,4.229800,4.280000,4.214000,4.016000,4.410000,4.229000
18,82,4,4.375800,4.451000,4.355000,4.307000,4.508000,4.258000
18,83,4,4.276200,4.399000,4.339000,4.197000,4.328000,4.118000
18,84,4,4.261400,4.243000,4.241000,4.186000,4.345000,4.292000
18,85,4,4.526400,4.623000,4.459000,4.596000,4.625000,4.329000
18,86,4,4.406200,4.405000,4.461000,4.445000,4.515000,4.205000
18,87,4,4.333400,4.395000,4.356000,4.210000,4.502000,4.204000
18,88,4,4.171400,4.082000,4.203000,4.222000,4.314000,4.036000
18,89,4,4.276400,4.328000,4.359000,4.108000,4.355000,4.232000
18,90,4,4.053200,4.115000,4.104000,3.967000,4.146000,3.934000
18,91,4,4.277200,4.342000,4.443000,4.149000,4.348000,4.104000
18,92,4,4.390400,4.525000,4.325000,4.316000,4.429000,4.357000
18,93,4,4.383400,4.337000,4.554000,4.262000,4.481000,4.283000
18,94,4,4.211800,4.350000,4.219000,4.212000,4.226000,4.052000
18,95,4,4.197400,4.120000,4.251000,4.182000,4.392000,4.042000
18,96,4,4.275000,4.271000,4.330000,4.271000,4.378000,4.125000
18,97,4,4.030600,4.103000,4.145000,3.938000,4.091000,3.876000
18,98,4,4.383200,4.296000,4.489000,4.307000,4.494000,4.330000
18,99,4,4.316200,4.474000,4.258000,4.325000,4.375000,4.149000
19,0,0,4.058800,4.051000,4.086000,4.017000,4.128000,4.012000
19,1,0,4.238000,4.152000,4.219000,4.264000,4.312000,4.243000
19,2,0,3.760000,3.766000,3.842000,3.737000,3.692000,3.763000
19,3,0,4.087400,3.924000,4.205000,4.120000,4.076000,4.112000
19,4,0,4.357200,4.338000,4.332000,4.419000,4.423000,4.274000
19,5,0,4.679600,4.677000,4.802000,4.726000,4.608000,4.585000
19,6,0,4.218000,4.085000,4.297000,4.256000,4.187000,4.265000
19,7,0,4.160400,4.137000,4.146000,4.131000,4.269000,4.119000
19,8,0,4.101600,4.102000,4.156000,4.030000,4.173000,4.047000
19,9,0,4.416600,4.409000,4.439000,4.371000,4.408000,4.456000
19,10,0,4.406800,4.438000,4.491000,4.360000,4.427000,4.318000
19,11,0,4.224000,4.281000,4.201000,4.210000,4.129000,4.299000
19,12,0,4.391200,4.455000,4.362000,4.468000,4.280000,4.391000
19,13,0,4.158200,4.134000,4.158000,4.168000,4.223000,4.108000
19,14,0,4.442200,4.385000,4.440000,4.428000,4.516000,4.442000
19,15,0,4.270600,4.274000,4.186000,4.323000,4.264000,4.306000
19,16,0,4.216800,4.199000,4.225000,4.263000,4.252000,4.145000
19,17,0,4.400800,4.499000,4.420000,4.370000,4.389000,4.326000
19,18,0,4.131800,4.059000,4.165000,4.115000,4.147000,4.173000
19,19,0,4.233000,4.151000,4.336000,4.259000,4.135000,4.284000
19,20,1,4.205800,4.199000,4.141000,4.265000,4.179000,4.245000
19,21,1,4.197000,4.144000,4.160000,4.236000,4.246000,4.199000
19,22,1,4.098600,4.060000,4.151000,4.091000,4.077000,4.114000
19,23,1,4.303000,4.259000,4.214000,4.305000,4.311000,4.426000
19,24,1,4.292800,4.187000,4.342000,4.276000,4.357000,4.302000
19,25,1,4.207000,4.134000,4.442000,4.115000,4.237000,4.107000
19,26,1,4.404200,4.455000,4.398000,4.418000,4.426000,4.324000
19,27,1,4.190800,4.043000,4.171000,4.131000,4.345000,4.264000
19,28,1,4.388400,4.358000,4.408000,4.288000,4.443000,4.445000
19,29,1,4.590000,4.667000,4.623000,4.451000,4.555000,4.654000
19,30,1,4.638200,4.568000,4.579000,4.739000,4.633000,4.672000
19,31,1,4.263600,4.200000,4.370000,4.211000,4.291000,4.246000
19,32,1,4.149600,4.128000,4.306000,4.204000,4.033000,4.077000
19,33,1,4.236000,4.294000,4.219000,4.268000,4.218000,4.181000
19,34,1,4.271800,4.239000,4.472000,4.027000,4.364000,4.257000
19,35,1,3.958800,3.979000,3.842000,4.047000,3.944000,3.982000
19,36,1,4.140200,4.112000,4.101000,4.160000,4.202000,4.126000
19,37,1,4.138400,4.124000,4.230000,4.041000,4.146000,4.151000
19,38,1,4.181600,4.146000,4.185000,4.147000,4.199000,4.231000
19,39,1,4.142600,4.095000,4.210000,4.180000,4.024000,4.204000
19,40,2,4.249000,4.254000,4.318000,4.238000,4.217000,4.218000
19,41,2,4.255000,4.242000,4.265000,4.243000,4.294000,4.231000
19,42,2,4.787400,4.730000,4.830000,4.816000,4.871000,4.690000
19,43,2,4.425600,4.438000,4.375000,4.434000,4.422000,4.459000
19,44,2,4.147200,4.249000,4.044000,4.149000,4.183000,4.111000
19,45,2,4.259800,4.208000,4.335000,4.283000,4.209000,4.264000
19,46,2,4.275600,4.206000,4.276000,4.383000,4.298000,4.215000
19,47,2,4.358000,4.384000,4.379000,4.292000,4.387000,4.348000
19,48,2,4.528600,4.514000,4.612000,4.544000,4.608000,4.365000
19,49,2,4.591000,4.578000,4.561000,4.599000,4.623000,4.594000
19,50,2,4.423000,4.450000,4.511000,4.380000,4.445000,4.329000
19,51,2,4.106200,4.037000,4.161000,3.998000,4.156000,4.179000
19,52,2,4.234600,4.260000,4.149000,4.366000,4.256000,4.142000
19,53,2,4.343800,4.386000,4.364000,4.370000,4.313000,4.286000
19,54,2,4.334200,4.288000,4.267000,4.404000,4.378000,4.334000
19,55,2,4.318800,4.385000,4.325000,4.297000,4.324000,4.263000
19,56,2,4.581200,4.568000,4.693000,4.658000,4.403000,4.584000
19,57,2,4.582000,4.591000,4.545000,4.579000,4.606000,4.589000
19,58,2,4.559600,4.539000,4.613000,4.673000,4.603000,4.370000
19,59,2,4.327000,4.414000,4.285000,4.363000,4.249000,4.324000
19,60,3,4.514600,4.467000,4.501000,4.495000,4.651000,4.459000
19,61,3,4.234600,4.290000,4.325000,4.062000,4.273000,4.223000
19,62,3,4.123400,4.112000,4.115000,4.109000,4.146000,4.135000
19,63,3,4.184200,4.135000,4.197000,4.182000,4.175000,4.232000
19,64,3,4.206400,4.202000,4.223000,4.105000,4.344000,4.158000
19,65,3,4.237200,4.376000,4.278000,4.200000,4.166000,4.166000
19,66,3,4.251600,4.100000,4.232000,4.235000,4.330000,4.361000
19,67,3,4.248800,4.290000,4.346000,4.273000,4.232000,4.103000
19,68,3,4.243200,4.234000,4.304000,4.213000,4.215000,4.250000
19,69,3,4.046800,3.953000,4.083000,4.144000,4.023000,4.031000
19,70,3,4.362400,4.412000,4.229000,4.386000,4.421000,4.364000
19,71,3,4.286600,4.206000,4.264000,4.369000,4.286000,4.308000
19,72,3,4.223600,4.174000,4.163000,4.320000,4.142000,4.319000
19,73,3,4.086400,3.968000,4.134000,4.141000,4.187000,4.002000
19,74,3,4.077800,4.006000,4.118000,4.140000,4.028000,4.097000
19,75,3,4.254800,4.238000,4.282000,4.332000,4.215000,4.207000
19,76,3,4.223600,4.106000,4.218000,4.304000,4.264000,4.226000
19,77,3,3.941600,3.980000,3.939000,3.842000,3.956000,3.991000
19,78,3,4.409400,4.419000,4.424000,4.507000,4.288000,4.409000
19,79,3,4.366400,4.315000,4.461000,4.334000,4.368000,4.354000
19,80,4,4.107800,3.929000,4.055000,4.190000,4.243000,4.122000
19,81,4,4.416800,4.514000,4.447000,4.403000,4.394000,4.326000
19,82,4,4.231000,4.171000,4.145000,4.306000,4.413000,4.120000
19,83,4,4.333200,4.271000,4.285000,4.497000,4.278000,4.335000
19,84,4,4.056800,3.968000,4.002000,4.119000,4.051000,4.144000
19,85,4,4.419200,4.403000,4.462000,4.431000,4.300000,4.500000
19,86,4,4.208400,4.276000,4.134000,4.318000,4.186000,4.128000
19,87,4,4.271000,4.194000,4.193000,4.239000,4.465000,4.264000
19,88,4,4.238000,4.200000,4.305000,4.271000,4.272000,4.142000
19,89,4,4.066200,4.041000,4.068000,3.970000,4.168000,4.084000
19,90,4,4.422000,4.372000,4.385000,4.454000,4.471000,4.428000
19,91,4,4.161200,4.078000,4.159000,4.180000,4.384000,4.005000
19,92,4,4.174200,4.095000,4.242000,4.282000,4.101000,4.151000
19,93,4,4.197400,4.100000,4.159000,4.193000,4.349000,4.186000
19,94,4,4.427800,4.435000,4.380000,4.437000,4.397000,4.490000
19,95,4,4.341000,4.307000,4.296000,4.305000,4.375000,4.422000
19,96,4,4.239600,4.297000,4.254000,4.277000,4.327000,4.043000
19,97,4,4.248800,4.254000,4.141000,4.297000,4.351000,4.201000
19,98,4,4.350600,4.338000,4.356000,4.387000,4.395000,4.277000
19,99,4,4.189800,4.126000,4.156000,4.163000,4.276000,4.228000
20,0,0,4.084000,4.148000,3.939000,3.919000,4.259000,4.155000
20,1,0,4.300400,4.343000,4.252000,4.305000,4.282000,4.320000
20,2,0,4.878800,4.953000,4.936000,4.841000,4.855000,4.809000
20,3,0,4.190600,4.367000,4.248000,3.966000,4.166000,4.206000
20,4,0,4.168200,4.325000,4.129000,3.995000,4.229000,4.163000
20,5,0,4.475200,4.666000,4.408000,4.447000,4.423000,4.432000
20,6,0,4.204200,4.248000,4.215000,4.069000,4.326000,4.163000
20,7,0,4.236200,4.317000,4.283000,4.082000,4.262000,4.237000
20,8,0,4.354600,4.431000,4.431000,4.093000,4.484000,4.334000
20,9,0,4.260800,4.261000,4.293000,4.194000,4.276000,4.280000
20,10,0,4.207600,4.212000,4.206000,4.049000,4.291000,4.280000
20,11,0,4.677400,4.783000,4.714000,4.633000,4.628000,4.629000
20,12,0,4.177400,4.284000,4.042000,4.122000,4.274000,4.165000
20,13,0,4.664000,4.823000,4.625000,4.594000,4.558000,4.720000
20,14,0,4.340200,4.428000,4.343000,4.205000,4.383000,4.342000
20,15,0,4.401200,4.532000,4.321000,4.295000,4.486000,4.372000
20,16,0,4.316400,4.557000,4.193000,4.206000,4.365000,4.261000
20,17,0,4.283600,4.327000,4.226000,4.206000,4.313000,4.346000
20,18,0,4.206600,4.355000,4.123000,4.073000,4.236000,4.246000
20,19,0,4.589000,4.706000,4.462000,4.508000,4.627000,4.642000
20,20,1,4.176200,4.358000,4.179000,3.935000,4.301000,4.108000
20,21,1,4.219600,4.347000,4.251000,4.090000,4.209000,4.201000
20,22,1,4.401600,4.576000,4.289000,4.282000,4.440000,4.421000
20,23,1,4.455000,4.455000,4.360000,4.475000,4.452000,4.533000
20,24,1,4.577600,4.812000,4.395000,4.415000,4.693000,4.573000
20,25,1,4.135200,4.157000,4.151000,4.006000,4.128000,4.234000
20,26,1,4.310000,4.437000,4.217000,4.126000,4.381000,4.389000
20,27,1,4.536000,4.764000,4.535000,4.297000,4.507000,4.577000
20,28,1,4.311400,4.414000,4.226000,4.266000,4.428000,4.223000
20,29,1,4.081400,4.301000,3.995000,3.862000,4.067000,4.182000
20,30,1,4.646800,4.791000,4.676000,4.486000,4.608000,4.673000
20,31,1,4.262000,4.423000,4.353000,3.989000,4.209000,4.336000
20,32,1,4.118600,4.235000,4.079000,4.029000,4.091000,4.159000
20,33,1,4.401200,4.538000,4.361000,4.377000,4.419000,4.311000
20,34,1,4.067800,4.189000,4.102000,3.840000,4.086000,4.122000
20,35,1,4.208400,4.215000,4.270000,4.044000,4.188000,4.325000
20,36,1,4.523200,4.689000,4.458000,4.408000,4.592000,4.469000
20,37,1,4.253800,4.257000,4.239000,4.059000,4.349000,4.365000
20,38,1,4.587600,4.818000,4.536000,4.488000,4.529000,4.567000
20,39,1,4.486800,4.659000,4.525000,4.275000,4.393000,4.582000
20,40,2,4.559600,4.749000,4.530000,4.439000,4.447000,4.633000
20,41,2,4.605800,4.638000,4.607000,4.439000,4.653000,4.692000
20,42,2,4.285200,4.382000,4.303000,4.017000,4.322000,4.402000
20,43,2,4.534000,4.608000,4.458000,4.446000,4.520000,4.638000
20,44,2,4.692000,4.856000,4.639000,4.498000,4.694000,4.773000
20,45,2,4.566800,4.631000,4.552000,4.383000,4.541000,4.727000
20,46,2,4.389200,4.605000,4.433000,4.251000,4.282000,4.375000
20,47,2,4.453000,4.488000,4.513000,4.293000,4.491000,4.480000
20,48,2,4.673000,4.759000,4.790000,4.608000,4.695000,4.513000
20,49,2,4.597800,4.764000,4.638000,4.502000,4.552000,4.533000
20,50,2,4.614000,4.665000,4.665000,4.556000,4.699000,4.485000
20,51,2,4.638200,4.618000,4.586000,4.504000,4.722000,4.761000
20,52,2,4.635800,4.772000,4.695000,4.559000,4.560000,4.593000
20,53,2,4.707600,4.836000,4.714000,4.615000,4.559000,4.814000
20,54,2,4.812200,5.024000,4.895000,4.692000,4.689000,4.761000
20,55,2,4.394800,4.482000,4.390000,4.207000,4.348000,4.547000
20,56,2,4.565600,4.727000,4.492000,4.409000,4.592000,4.608000
20,57,2,4.343600,4.372000,4.328000,4.298000,4.325000,4.395000
20,58,2,4.679400,4.829000,4.765000,4.527000,4.585000,4.691000
20,59,2,4.692000,4.910000,4.537000,4.664000,4.699000,4.650000
20,60,3,4.277800,4.391000,4.279000,4.184000,4.339000,4.196000
20,61,3,4.187400,4.305000,4.107000,4.106000,4.151000,4.268000
20,62,3,4.337600,4.388000,4.257000,4.125000,4.463000,4.455000
20,63,3,4.743200,4.830000,4.735000,4.621000,4.809000,4.721000
20,64,3,3.952800,3.948000,3.955000,3.794000,3.983000,4.084000
20,65,3,4.391800,4.560000,4.267000,4.275000,4.452000,4.405000
20,66,3,4.161400,4.312000,4.300000,3.963000,3.994000,4.238000
20,67,3,4.315200,4.267000,4.282000,4.220000,4.423000,4.384000
20,68,3,4.245000,4.316000,4.154000,4.101000,4.343000,4.311000
20,69,3,4.360800,4.501000,4.340000,4.155000,4.415000,4.393000
20,70,3,4.381600,4.449000,4.355000,4.390000,4.355000,4.359000
20,71,3,4.210800,4.452000,4.223000,4.005000,4.194000,4.180000
20,72,3,4.406600,4.562000,4.375000,4.274000,4.464000,4.358000
20,73,3,4.243200,4.395000,4.143000,4.029000,4.307000,4.342000
20,74,3,4.269800,4.429000,4.212000,4.151000,4.313000,4.244000
20,75,3,4.206000,4.340000,4.175000,4.043000,4.196000,4.276000
20,76,3,4.125800,4.168000,4.108000,3.948000,4.130000,4.275000
20,77,3,4.497600,4.571000,4.518000,4.381000,4.546000,4.472000
20,78,3,4.355400,4.494000,4.297000,4.195000,4.410000,4.381000
20,79,3,4.167800,4.301000,4.059000,4.027000,4.197000,4.255000
20,80,4,4.343400,4.420000,4.446000,4.125000,4.399000,4.327000
20,81,4,4.251600,4.369000,4.252000,4.017000,4.239000,4.381000
20,82,4,4.296600,4.391000,4.191000,4.194000,4.373000,4.334000
20,83,4,4.572800,4.608000,4.637000,4.400000,4.659000,4.560000
20,84,4,4.577600,4.675000,4.581000,4.425000,4.652000,4.555000
20,85,4,4.174800,4.286000,4.191000,3.949000,4.124000,4.324000
20,86,4,4.453600,4.567000,4.513000,4.246000,4.489000,4.453000
20,87,4,4.414800,4.475000,4.404000,4.210000,4.496000,4.489000
20,88,4,4.646200,4.671000,4.538000,4.660000,4.683000,4.679000
20,89,4,4.208400,4.336000,4.222000,4.094000,4.121000,4.269000
20,90,4,4.633600,4.723000,4.629000,4.518000,4.712000,4.586000
20,91,4,4.307000,4.453000,4.170000,4.135000,4.462000,4.315000
20,92,4,4.378200,4.405000,4.397000,4.237000,4.395000,4.457000
20,93,4,4.558200,4.750000,4.560000,4.305000,4.555000,4.621000
20,94,4,4.384000,4.456000,4.480000,4.129000,4.488000,4.367000
20,95,4,4.306200,4.364000,4.209000,4.231000,4.429000,4.298000
20,96,4,4.404400,4.406000,4.511000,4.250000,4.389000,4.466000
20,97,4,4.156600,4.169000,4.177000,3.861000,4.291000,4.285000
20,98,4,4.340800,4.528000,4.379000,4.144000,4.373000,4.280000
20,99,4,4.162400,4.281000,4.131000,3.962000,4.204000,4.234000
21,0,2,4.786800,4.825000,4.906000,4.768000,4.735000,4.700000
21,1,2,4.348400,4.425000,4.520000,4.201000,4.337000,4.259000
21,2,2,4.248000,4.327000,4.318000,4.156000,4.155000,4.284000
21,3,2,4.540200,4.661000,4.622000,4.570000,4.456000,4.392000
21,4,2,4.699800,4.871000,4.799000,4.567000,4.563000,4.699000
21,5,2,4.725000,4.829000,4.889000,4.643000,4.578000,4.686000
21,6,2,4.561200,4.739000,4.539000,4.506000,4.463000,4.559000
21,7,2,4.718400,4.764000,4.799000,4.677000,4.694000,4.658000
21,8,2,4.747600,4.821000,4.846000,4.709000,4.691000,4.671000
21,9,2,4.291800,4.402000,4.388000,4.184000,4.170000,4.315000
21,10,2,4.635200,4.786000,4.724000,4.595000,4.567000,4.504000
21,11,2,4.315800,4.326000,4.470000,4.294000,4.189000,4.300000
21,12,2,4.805000,4.990000,4.919000,4.716000,4.721000,4.679000
21,13,2,4.346000,4.435000,4.462000,4.333000,4.254000,4.246000
21,14,2,4.611200,4.702000,4.774000,4.580000,4.512000,4.488000
21,15,2,4.672200,4.786000,4.795000,4.540000,4.618000,4.622000
21,16,2,4.189200,4.335000,4.322000,4.210000,4.041000,4.038000
21,17,2,4.749000,4.857000,4.820000,4.596000,4.736000,4.736000
21,18,2,4.341800,4.525000,4.313000,4.277000,4.267000,4.327000
21,19,2,4.316000,4.357000,4.469000,4.273000,4.213000,4.268000
22,0,1,4.368200,4.433000,4.407000,4.332000,4.442000,4.227000
22,1,1,4.510800,4.596000,4.450000,4.558000,4.655000,4.295000
22,2,2,4.494000,4.619000,4.526000,4.386000,4.485000,4.454000
22,3,2,4.706400,4.777000,4.792000,4.728000,4.625000,4.610000
22,4,1,4.647000,4.489000,4.673000,4.675000,4.718000,4.680000
22,5,1,4.483200,4.612000,4.515000,4.428000,4.353000,4.508000
22,6,2,4.779000,4.914000,4.770000,4.703000,4.810000,4.698000
22,7,1,4.478800,4.454000,4.545000,4.394000,4.513000,4.488000
22,8,2,4.728600,4.805000,4.767000,4.719000,4.753000,4.599000
22,9,2,4.538400,4.646000,4.661000,4.481000,4.486000,4.418000
22,10,1,4.511600,4.475000,4.631000,4.565000,4.486000,4.401000
22,11,2,4.473200,4.548000,4.452000,4.397000,4.507000,4.462000
22,12,1,4.254400,4.315000,4.331000,4.191000,4.239000,4.196000
22,13,1,4.289800,4.400000,4.320000,4.291000,4.221000,4.217000
22,14,2,4.491400,4.589000,4.570000,4.566000,4.426000,4.306000
22,15,2,4.589200,4.654000,4.690000,4.580000,4.494000,4.528000
22,16,2,4.378000,4.343000,4.368000,4.526000,4.337000,4.316000
22,17,2,4.566400,4.685000,4.646000,4.545000,4.436000,4.520000
22,18,2,4.760400,4.838000,4.860000,4.738000,4.772000,4.594000
22,19,0,4.626800,4.691000,4.653000,4.674000,4.633000,4.483000
23,0,2,4.954800,5.010000,4.850000,5.017000,5.185000,4.712000
23,1,2,4.404600,4.329000,4.418000,4.502000,4.495000,4.279000
23,2,2,4.546400,4.662000,4.507000,4.621000,4.649000,4.293000
23,3,2,4.494400,4.641000,4.454000,4.504000,4.599000,4.274000
23,4,2,4.782000,4.700000,4.796000,4.836000,4.967000,4.611000
23,5,2,4.871000,4.970000,4.753000,4.960000,4.975000,4.697000
23,6,2,4.644200,4.706000,4.551000,4.826000,4.636000,4.502000
23,7,2,4.435800,4.481000,4.306000,4.600000,4.597000,4.195000
23,8,2,4.770000,4.795000,4.684000,4.896000,4.819000,4.656000
23,9,2,4.484400,4.444000,4.489000,4.482000,4.678000,4.329000
23,10,2,4.546200,4.591000,4.418000,4.623000,4.650000,4.449000
23,11,2,4.716800,4.800000,4.617000,4.806000,4.856000,4.505000
23,12,2,4.916400,5.017000,4.842000,4.955000,4.865000,4.903000
23,13,2,4.904600,5.061000,4.790000,4.953000,4.991000,4.728000
23,14,2,4.526400,4.493000,4.593000,4.605000,4.651000,4.290000
23,15,2,4.608400,4.667000,4.530000,4.745000,4.707000,4.393000
23,16,2,4.550400,4.736000,4.415000,4.674000,4.644000,4.283000
23,17,2,4.694200,4.809000,4.563000,4.729000,4.873000,4.497000
23,18,2,4.734800,4.870000,4.617000,4.756000,4.924000,4.507000
23,19,2,4.626400,4.699000,4.586000,4.702000,4.778000,4.367000
24,0,2,4.403800,4.443000,4.374000,4.272000,4.467000,4.463000
24,1,2,4.542000,4.509000,4.562000,4.524000,4.546000,4.569000
24,2,2,4.722600,4.792000,4.731000,4.600000,4.754000,4.736000
24,3,2,4.531600,4.589000,4.489000,4.444000,4.559000,4.577000
24,4,2,4.993200,4.944000,4.953000,4.929000,5.101000,5.039000
24,5,2,4.646600,4.626000,4.546000,4.656000,4.660000,4.745000
24,6,2,4.724200,4.796000,4.591000,4.735000,4.695000,4.804000
24,7,2,4.774800,4.744000,4.751000,4.738000,4.848000,4.793000
24,8,2,4.966600,5.073000,4.847000,4.876000,4.953000,5.084000
24,9,2,4.756600,4.812000,4.744000,4.740000,4.766000,4.721000
24,10,2,4.655600,4.809000,4.599000,4.640000,4.609000,4.621000
24,11,2,4.680200,4.758000,4.639000,4.630000,4.668000,4.706000
24,12,2,4.824000,4.870000,4.911000,4.687000,4.756000,4.896000
24,13,2,4.712200,4.784000,4.649000,4.798000,4.614000,4.716000
24,14,2,4.518600,4.367000,4.498000,4.548000,4.564000,4.616000
24,15,2,4.740200,4.787000,4.684000,4.662000,4.788000,4.780000
24,16,2,4.720400,4.748000,4.652000,4.766000,4.632000,4.804000
24,17,2,4.595400,4.704000,4.387000,4.620000,4.536000,4.730000
24,18,2,4.699000,4.794000,4.589000,4.701000,4.722000,4.689000
24,19,2,4.705000,4.748000,4.588000,4.746000,4.627000,4.816000
25,0,2,4.361000,4.346000,4.373000,4.345000,4.390000,4.351000
25,1,2,4.702000,4.739000,4.773000,4.636000,4.517000,4.845000
25,2,2,4.841200,4.968000,4.974000,4.635000,4.744000,4.885000
25,3,2,4.667800,4.675000,4.564000,4.647000,4.628000,4.825000
25,4,2,4.806000,4.797000,4.847000,4.886000,4.684000,4.816000
25,5,2,4.696400,4.680000,4.681000,4.707000,4.698000,4.716000
25,6,2,4.652600,4.764000,4.700000,4.653000,4.472000,4.674000
25,7,2,4.515600,4.573000,4.476000,4.514000,4.557000,4.458000
25,8,2,4.688200,4.667000,4.683000,4.633000,4.783000,4.675000
25,9,2,4.678600,4.677000,4.721000,4.697000,4.650000,4.648000
25,10,2,4.406000,4.307000,4.447000,4.431000,4.451000,4.394000
25,11,2,4.918400,4.928000,4.901000,4.930000,4.888000,4.945000
25,12,2,4.824400,4.842000,4.829000,4.832000,4.812000,4.807000
25,13,2,4.456800,4.489000,4.512000,4.517000,4.361000,4.405000
25,14,2,4.448600,4.431000,4.443000,4.361000,4.563000,4.445000
25,15,2,4.639600,4.683000,4.568000,4.635000,4.518000,4.794000
25,16,2,4.780800,4.897000,4.697000,4.727000,4.685000,4.898000
25,17,2,4.683200,4.828000,4.732000,4.706000,4.432000,4.718000
25,18,2,4.438600,4.409000,4.498000,4.455000,4.403000,4.428000
25,19,2,4.740600,4.850000,4.657000,4.733000,4.715000,4.748000
26,0,2,4.943600,4.990000,5.003000,5.017000,4.797000,4.911000
26,1,2,4.983200,4.930000,5.019000,5.085000,4.983000,4.899000
26,2,2,4.872800,4.959000,5.053000,4.825000,4.812000,4.715000
26,3,2,4.839800,4.819000,4.856000,4.945000,4.869000,4.710000
26,4,2,4.945400,4.956000,4.803000,5.041000,5.039000,4.888000
26,5,2,4.529800,4.557000,4.522000,4.546000,4.515000,4.509000
26,6,2,4.639000,4.756000,4.625000,4.660000,4.599000,4.555000
26,7,2,4.970800,5.040000,4.959000,5.016000,4.942000,4.897000
26,8,2,4.762200,4.773000,4.779000,4.755000,4.819000,4.685000
26,9,2,4.595400,4.580000,4.589000,4.673000,4.479000,4.656000
26,10,2,4.892600,5.006000,4.891000,4.918000,4.906000,4.742000
26,11,2,4.742800,4.728000,4.808000,4.836000,4.658000,4.684000
26,12,1,4.156800,4.239000,4.126000,4.232000,4.067000,4.120000
26,13,2,4.770800,4.866000,4.709000,4.850000,4.712000,4.717000
26,14,2,4.741600,4.793000,4.748000,4.793000,4.645000,4.729000
26,15,2,5.146200,5.145000,5.138000,5.186000,5.171000,5.091000
26,16,2,4.814800,4.876000,4.796000,4.785000,4.866000,4.751000
26,17,2,4.741600,4.685000,4.760000,4.752000,4.734000,4.777000
26,18,2,4.884200,4.952000,4.898000,4.960000,4.829000,4.782000
26,19,0,4.406600,4.348000,4.479000,4.412000,4.332000,4.462000
27,0,2,4.825400,4.851000,4.767000,4.753000,4.917000,4.839000
27,1,2,4.852000,4.835000,4.721000,4.869000,4.906000,4.929000
27,2,2,4.848400,4.879000,4.827000,4.807000,4.837000,4.892000
27,3,2,4.723400,4.650000,4.646000,4.776000,4.780000,4.765000
27,4,2,4.739600,4.638000,4.537000,4.885000,4.810000,4.828000
27,5,2,4.957800,4.921000,4.841000,4.877000,5.065000,5.085000
27,6,2,4.789800,4.738000,4.680000,4.789000,4.917000,4.825000
27,7,2,4.549000,4.544000,4.425000,4.561000,4.670000,4.545000
27,8,2,4.648600,4.648000,4.601000,4.680000,4.666000,4.648000
27,9,2,5.041000,5.019000,4.889000,5.079000,5.098000,5.120000
27,10,2,4.840800,4.811000,4.846000,4.899000,4.836000,4.812000
27,11,2,4.839000,4.877000,4.754000,4.845000,4.865000,4.854000
27,12,2,4.959800,4.958000,4.938000,4.906000,5.082000,4.915000
27,13,2,5.021200,5.081000,5.032000,4.993000,4.951000,5.049000
27,14,2,4.638400,4.697000,4.582000,4.567000,4.652000,4.694000
27,15,2,4.647600,4.672000,4.512000,4.620000,4.745000,4.689000
27,16,2,4.761400,4.738000,4.673000,4.737000,4.782000,4.877000
27,17,2,4.657400,4.653000,4.675000,4.639000,4.704000,4.616000
27,18,2,4.772800,4.706000,4.794000,4.779000,4.739000,4.846000
27,19,2,4.751000,4.756000,4.695000,4.719000,4.784000,4.801000
28,0,2,4.756400,4.736000,4.859000,4.714000,4.741000,4.732000
28,1,2,4.991800,4.907000,4.970000,5.012000,5.097000,4.973000
28,2,2,4.910200,4.924000,4.978000,4.899000,4.883000,4.867000
28,3,2,4.619400,4.585000,4.643000,4.646000,4.727000,4.496000
28,4,2,4.900600,4.795000,4.965000,4.924000,4.927000,4.892000
28,5,2,5.197000,5.165000,5.226000,5.192000,5.308000,5.094000
28,6,2,4.467800,4.347000,4.460000,4.453000,4.550000,4.529000
28,7,2,5.090800,5.110000,5.097000,5.111000,5.014000,5.122000
28,8,2,4.856600,4.786000,4.791000,4.943000,4.887000,4.876000
28,9,2,5.111000,4.966000,5.176000,5.167000,5.156000,5.090000
28,10,2,4.561800,4.457000,4.623000,4.626000,4.628000,4.475000
28,11,2,4.887200,4.917000,4.822000,4.917000,4.934000,4.846000
28,12,2,4.837600,4.771000,4.956000,4.725000,4.830000,4.906000
28,13,2,4.764000,4.517000,4.797000,4.800000,4.887000,4.819000
28,14,2,4.828600,4.737000,4.779000,4.876000,4.864000,4.887000
28,15,2,4.906400,4.892000,4.995000,4.867000,4.930000,4.848000
28,16,2,4.888800,4.813000,4.937000,4.899000,4.977000,4.818000
28,17,2,5.066400,4.917000,5.006000,5.099000,5.173000,5.137000
28,18,2,4.880600,4.841000,4.856000,4.905000,4.917000,4.884000
28,19,2,5.035800,4.941000,5.035000,5.169000,4.994000,5.040000
29,0,2,5.072400,5.139000,5.081000,5.146000,4.996000,5.000000
29,1,2,4.895400,4.988000,4.887000,5.042000,4.760000,4.800000
29,2,2,4.904200,4.986000,4.833000,5.040000,4.782000,4.880000
29,3,2,4.734800,4.717000,4.776000,4.793000,4.686000,4.702000
29,4,2,4.961800,4.974000,4.893000,5.149000,4.878000,4.915000
29,5,2,5.025400,4.987000,5.178000,5.130000,4.991000,4.841000
29,6,2,4.875200,4.877000,4.972000,4.923000,4.769000,4.835000
29,7,2,4.941400,4.959000,4.961000,5.067000,5.026000,4.694000
29,8,2,4.825200,4.828000,4.872000,4.925000,4.755000,4.746000
29,9,2,4.773800,4.768000,4.888000,4.823000,4.746000,4.644000
29,10,2,4.836400,4.906000,4.963000,4.991000,4.610000,4.712000
29,11,2,4.958400,5.010000,5.063000,5.058000,4.799000,4.862000
29,12,2,4.602600,4.609000,4.689000,4.717000,4.425000,4.573000
29,13,2,4.705000,4.691000,4.792000,4.793000,4.707000,4.542000
29,14,2,4.963200,4.980000,4.996000,5.110000,4.859000,4.871000
29,15,2,4.795800,4.671000,4.952000,4.903000,4.698000,4.755000
29,16,2,4.992400,5.140000,5.019000,4.986000,5.101000,4.716000
29,17,2,4.794800,4.890000,4.832000,4.868000,4.652000,4.732000
29,18,2,5.034400,5.120000,5.088000,5.214000,4.963000,4.787000
29,19,2,4.935200,4.972000,4.964000,5.016000,4.915000,4.809000
30,0,0,4.610400,4.663000,4.666000,4.566000,4.641000,4.516000
30,1,0,4.383800,4.362000,4.471000,4.264000,4.443000,4.379000
30,2,0,4.488800,4.409000,4.485000,4.442000,4.607000,4.501000
30,3,0,4.427800,4.400000,4.403000,4.412000,4.543000,4.381000
30,4,0,4.344400,4.335000,4.434000,4.261000,4.408000,4.284000
30,5,0,4.812800,4.671000,4.940000,4.726000,4.991000,4.736000
30,6,0,4.529000,4.394000,4.666000,4.451000,4.663000,4.471000
30,7,0,4.277600,4.269000,4.271000,4.171000,4.290000,4.387000
30,8,0,4.288000,4.202000,4.358000,4.261000,4.372000,4.247000
30,9,0,4.813400,4.745000,4.741000,4.836000,5.024000,4.721000
30,10,0,4.532200,4.524000,4.450000,4.500000,4.628000,4.559000
30,11,0,4.745200,4.758000,4.807000,4.690000,4.843000,4.628000
30,12,0,4.342000,4.295000,4.267000,4.311000,4.493000,4.344000
30,13,0,4.544600,4.497000,4.621000,4.431000,4.639000,4.535000
30,14,0,4.251800,4.152000,4.289000,4.253000,4.427000,4.138000
30,15,0,4.294400,4.299000,4.276000,4.199000,4.323000,4.375000
30,16,0,4.562200,4.537000,4.542000,4.479000,4.698000,4.555000
30,17,0,4.641600,4.678000,4.574000,4.653000,4.659000,4.644000
30,18,0,4.786400,4.635000,4.858000,4.818000,4.890000,4.731000
30,19,0,4.570200,4.502000,4.496000,4.599000,4.757000,4.497000
30,20,1,4.157400,4.187000,4.201000,4.128000,4.143000,4.128000
30,21,1,4.528800,4.482000,4.509000,4.446000,4.537000,4.670000
30,22,1,4.249200,4.240000,4.168000,4.122000,4.357000,4.359000
30,23,1,4.308400,4.259000,4.354000,4.187000,4.400000,4.342000
30,24,1,4.056600,3.993000,4.030000,3.997000,4.111000,4.152000
30,25,1,4.386400,4.365000,4.416000,4.293000,4.385000,4.473000
30,26,1,4.327400,4.372000,4.347000,4.331000,4.322000,4.265000
30,27,1,4.177200,4.119000,4.112000,4.206000,4.246000,4.203000
30,28,1,4.385800,4.290000,4.449000,4.406000,4.441000,4.343000
30,29,1,4.313000,4.363000,4.324000,4.252000,4.301000,4.325000
30,30,1,4.130000,4.138000,4.086000,4.049000,4.279000,4.098000
30,31,1,4.253600,4.241000,4.278000,4.208000,4.214000,4.327000
30,32,1,4.092400,4.098000,4.131000,4.061000,4.166000,4.006000
30,33,1,4.392800,4.406000,4.436000,4.319000,4.496000,4.307000
30,34,1,4.205000,4.144000,4.346000,4.126000,4.194000,4.215000
30,35,1,4.168000,4.290000,4.118000,4.095000,4.164000,4.173000
30,36,1,4.288200,4.186000,4.357000,4.180000,4.448000,4.270000
30,37,1,4.108800,4.021000,4.134000,4.128000,4.046000,4.215000
30,38,1,4.457400,4.519000,4.502000,4.372000,4.462000,4.432000
30,39,1,4.201000,4.228000,4.263000,4.162000,4.179000,4.173000
30,40,2,4.878800,4.866000,4.737000,4.833000,4.998000,4.960000
30,41,2,4.843600,4.807000,4.832000,4.856000,4.917000,4.806000
30,42,2,4.683000,4.685000,4.694000,4.608000,4.764000,4.664000
30,43,2,4.854200,4.652000,4.776000,4.939000,5.055000,4.849000
30,44,2,4.913600,4.855000,4.902000,4.774000,5.085000,4.952000
30,45,2,5.308000,5.309000,5.269000,5.294000,5.383000,5.285000
30,46,2,5.062800,4.995000,5.126000,4.976000,5.194000,5.023000
30,47,2,4.865200,4.882000,4.742000,4.690000,5.021000,4.991000
30,48,2,5.124200,5.105000,5.023000,5.087000,5.286000,5.120000
30,49,2,5.029400,4.959000,5.017000,4.942000,5.225000,5.004000
30,50,2,4.986800,4.923000,4.957000,4.856000,5.158000,5.040000
30,51,2,4.923600,4.878000,4.757000,5.019000,5.050000,4.914000
30,52,2,5.059600,4.970000,4.963000,5.010000,5.252000,5.103000
30,53,2,4.898000,4.762000,4.904000,4.870000,4.982000,4.972000
30,54,2,5.085000,5.025000,5.048000,4.947000,5.261000,5.144000
30,55,2,4.875600,4.875000,4.816000,4.822000,4.967000,4.898000
30,56,2,4.858000,4.839000,4.860000,4.739000,5.041000,4.811000
30,57,2,4.864400,4.797000,4.778000,4.819000,5.018000,4.910000
30,58,2,4.983200,4.991000,5.075000,4.887000,4.990000,4.973000
30,59,2,4.786600,4.783000,4.770000,4.602000,4.934000,4.844000
30,60,3,4.127200,4.093000,4.236000,4.066000,4.124000,4.117000
30,61,3,4.314200,4.190000,4.377000,4.405000,4.248000,4.351000
30,62,3,4.227600,4.259000,4.299000,4.254000,4.241000,4.085000
30,63,3,4.103400,3.935000,4.166000,4.068000,4.263000,4.085000
30,64,3,4.185800,4.135000,4.292000,4.154000,4.179000,4.169000
30,65,3,4.257800,4.255000,4.351000,4.245000,4.226000,4.212000
30,66,3,4.204600,4.138000,4.250000,4.183000,4.206000,4.246000
30,67,3,4.083000,4.135000,4.227000,3.990000,4.011000,4.052000
30,68,3,4.268000,4.135000,4.341000,4.326000,4.280000,4.258000
30,69,3,4.041000,3.954000,4.085000,4.087000,4.027000,4.052000
30,70,3,4.308400,4.179000,4.348000,4.316000,4.328000,4.371000
30,71,3,4.115400,4.038000,4.064000,4.208000,4.145000,4.122000
30,72,3,4.260600,4.245000,4.281000,4.263000,4.194000,4.320000
30,73,3,4.227400,4.202000,4.282000,4.232000,4.200000,4.221000
30,74,3,4.115800,4.052000,4.273000,4.001000,4.093000,4.160000
30,75,3,4.045200,4.076000,4.136000,3.994000,4.111000,3.909000
30,76,3,4.123600,4.043000,4.218000,4.092000,4.139000,4.126000
30,77,3,4.089800,4.019000,4.088000,4.028000,4.228000,4.086000
30,78,3,4.237400,4.145000,4.278000,4.319000,4.243000,4.202000
30,79,3,4.074200,4.127000,4.195000,4.018000,4.016000,4.015000
30,80,4,4.503200,4.485000,4.409000,4.343000,4.649000,4.630000
30,81,4,4.393800,4.326000,4.370000,4.495000,4.397000,4.381000
30,82,4,4.286200,4.133000,4.310000,4.313000,4.375000,4.300000
30,83,4,4.540800,4.430000,4.507000,4.614000,4.621000,4.532000
30,84,4,4.355200,4.271000,4.423000,4.231000,4.519000,4.332000
30,85,4,4.390000,4.313000,4.468000,4.431000,4.448000,4.290000
30,86,4,4.384000,4.390000,4.366000,4.284000,4.554000,4.326000
30,87,4,4.309600,4.285000,4.252000,4.416000,4.255000,4.340000
30,88,4,4.359000,4.320000,4.261000,4.428000,4.456000,4.330000
30,89,4,4.273800,4.193000,4.259000,4.238000,4.419000,4.260000
30,90,4,4.320400,4.294000,4.240000,4.289000,4.375000,4.404000
30,91,4,4.249000,4.262000,4.247000,4.219000,4.361000,4.156000
30,92,4,4.014000,4.009000,3.940000,3.985000,4.034000,4.102000
30,93,4,4.398200,4.295000,4.436000,4.429000,4.433000,4.398000
30,94,4,4.351200,4.266000,4.443000,4.356000,4.430000,4.261000
30,95,4,4.268600,4.219000,4.183000,4.191000,4.494000,4.256000
30,96,4,4.334000,4.359000,4.375000,4.289000,4.350000,4.297000
30,97,4,4.549000,4.579000,4.449000,4.564000,4.534000,4.619000
30,98,4,4.277400,4.295000,4.292000,4.268000,4.226000,4.306000
30,99,4,4.294400,4.194000,4.324000,4.257000,4.397000,4.300000
31,0,2,4.852000,4.899000,4.820000,4.854000,4.782000,4.905000
31,1,2,4.802800,4.835000,4.824000,4.810000,4.644000,4.901000
31,2,2,5.122400,5.089000,5.148000,5.186000,5.058000,5.131000
31,3,2,4.723600,4.691000,4.741000,4.817000,4.644000,4.725000
31,4,2,5.065400,4.980000,5.063000,5.034000,5.015000,5.235000
31,5,2,4.897200,4.867000,4.901000,4.772000,4.961000,4.985000
31,6,2,4.947200,4.884000,4.999000,4.982000,4.826000,5.045000
31,7,2,4.919600,4.824000,4.891000,5.000000,4.896000,4.987000
31,8,2,5.061000,5.040000,4.956000,5.115000,4.901000,5.293000
31,9,2,4.905800,4.845000,4.910000,4.933000,4.885000,4.956000
31,10,2,5.151600,5.149000,5.108000,5.133000,5.088000,5.280000
31,11,2,5.047600,5.065000,4.931000,5.097000,5.082000,5.063000
31,12,2,5.032400,4.988000,5.062000,4.994000,4.998000,5.120000
31,13,2,4.938800,4.921000,4.891000,4.944000,4.948000,4.990000
31,14,2,5.041000,4.963000,5.024000,5.048000,5.011000,5.159000
31,15,2,5.132000,5.107000,5.101000,5.055000,5.190000,5.207000
31,16,2,4.739000,4.750000,4.793000,4.784000,4.628000,4.740000
31,17,2,5.019400,5.027000,5.026000,5.066000,4.876000,5.102000
31,18,2,4.769600,4.661000,4.841000,4.792000,4.691000,4.863000
31,19,2,4.809600,4.712000,4.748000,4.881000,4.769000,4.938000
32,0,2,5.015200,4.957000,5.016000,5.016000,5.017000,5.070000
32,1,2,4.949000,5.001000,5.037000,4.919000,4.826000,4.962000
32,2,2,4.765200,4.784000,4.696000,4.817000,4.739000,4.790000
32,3,2,5.043200,5.074000,5.004000,4.995000,5.035000,5.108000
32,4,2,4.978600,4.919000,4.942000,5.021000,4.913000,5.098000
32,5,2,4.933200,4.962000,4.930000,4.934000,4.912000,4.928000
32,6,2,5.132000,5.078000,5.140000,5.253000,4.933000,5.256000
32,7,2,4.715600,4.752000,4.749000,4.669000,4.624000,4.784000
32,8,2,5.056600,5.028000,5.079000,5.100000,4.916000,5.160000
32,9,2,4.712200,4.651000,4.609000,4.827000,4.690000,4.784000
32,10,2,4.941400,5.005000,4.967000,4.857000,4.838000,5.040000
32,11,2,5.088800,5.122000,5.109000,5.128000,4.999000,5.086000
32,12,2,4.912000,4.818000,4.885000,4.832000,4.984000,5.041000
32,13,2,5.132600,5.065000,5.182000,5.094000,5.122000,5.200000
32,14,2,4.717800,4.700000,4.720000,4.693000,4.656000,4.820000
32,15,2,5.107400,5.154000,5.049000,5.158000,5.054000,5.122000
32,16,2,4.982400,4.905000,5.024000,5.001000,4.948000,5.034000
32,17,2,5.051400,5.068000,5.126000,5.074000,4.932000,5.057000
32,18,2,4.912200,4.822000,4.996000,5.001000,4.737000,5.005000
32,19,2,5.058800,5.038000,5.017000,5.137000,4.987000,5.115000
33,0,2,4.835600,4.983000,4.897000,4.810000,4.763000,4.725000
33,1,2,4.807800,4.899000,4.940000,4.757000,4.677000,4.766000
33,2,2,5.078600,5.196000,5.066000,5.021000,5.104000,5.006000
33,3,2,5.107600,5.256000,5.114000,5.030000,5.080000,5.058000
33,4,2,4.442200,4.566000,4.428000,4.253000,4.425000,4.539000
33,5,2,4.862200,4.969000,4.996000,4.869000,4.839000,4.638000
33,6,2,5.018200,5.173000,4.921000,5.032000,5.000000,4.965000
33,7,2,5.040000,5.181000,5.149000,4.972000,4.987000,4.911000
33,8,2,4.816200,4.897000,4.980000,4.796000,4.781000,4.627000
33,9,2,4.758600,4.788000,4.738000,4.744000,4.752000,4.771000
33,10,2,5.049200,5.141000,5.047000,5.125000,5.075000,4.858000
33,11,2,4.840200,4.960000,4.909000,4.722000,4.844000,4.766000
33,12,2,5.098000,5.193000,5.229000,5.105000,4.986000,4.977000
33,13,2,5.004400,5.146000,5.060000,4.986000,4.884000,4.946000
33,14,2,4.941800,5.032000,4.989000,4.992000,4.749000,4.947000
33,15,2,5.018400,5.157000,4.925000,4.856000,5.087000,5.067000
33,16,2,4.967200,5.104000,5.028000,4.924000,4.907000,4.873000
33,17,2,5.270200,5.368000,5.277000,5.260000,5.264000,5.182000
33,18,2,4.804400,4.941000,4.945000,4.716000,4.719000,4.701000
33,19,2,4.969800,5.087000,4.967000,4.943000,4.889000,4.963000
34,0,2,4.952800,4.894000,4.970000,4.902000,5.020000,4.978000
34,1,2,5.201600,5.081000,5.157000,5.166000,5.282000,5.322000
34,2,2,4.975400,5.098000,4.787000,4.883000,5.012000,5.097000
34,3,2,5.256200,5.047000,5.178000,5.206000,5.464000,5.386000
34,4,2,5.132200,4.929000,5.004000,5.184000,5.223000,5.321000
34,5,2,5.217000,5.226000,5.148000,5.159000,5.276000,5.276000
34,6,2,5.018200,5.110000,4.913000,5.086000,4.950000,5.032000
34,7,2,5.184400,5.234000,5.061000,5.171000,5.260000,5.196000
34,8,2,5.241600,5.308000,5.048000,5.258000,5.222000,5.372000
34,9,2,4.858600,4.792000,4.818000,4.794000,4.931000,4.958000
34,10,2,4.956000,4.959000,4.781000,5.013000,4.966000,5.061000
34,11,2,5.044800,5.106000,4.875000,5.123000,5.140000,4.980000
34,12,2,4.909400,4.815000,4.878000,4.919000,4.876000,5.059000
34,13,2,5.331800,5.210000,5.319000,5.299000,5.375000,5.456000
34,14,2,5.270800,5.235000,5.204000,5.201000,5.387000,5.327000
34,15,2,5.095000,5.009000,4.999000,5.053000,5.098000,5.316000
34,16,2,4.845800,4.812000,4.721000,4.879000,4.905000,4.912000
34,17,2,4.841800,4.926000,4.763000,4.750000,4.843000,4.927000
34,18,2,5.332000,5.369000,5.237000,5.269000,5.349000,5.436000
34,19,2,5.141400,5.122000,4.961000,5.173000,5.257000,5.194000
35,0,2,5.103000,4.911000,5.157000,5.143000,5.137000,5.167000
35,1,2,5.099400,5.080000,5.073000,5.025000,5.172000,5.147000
35,2,2,5.106800,4.976000,5.110000,5.138000,5.098000,5.212000
35,3,2,5.021800,4.951000,4.953000,4.980000,5.126000,5.099000
35,4,2,4.831800,4.730000,4.728000,4.800000,4.991000,4.910000
35,5,2,4.958200,4.805000,5.018000,4.868000,5.094000,5.006000
35,6,2,4.955400,4.684000,4.939000,5.004000,5.010000,5.140000
35,7,2,5.051200,4.839000,5.170000,4.910000,5.209000,5.128000
35,8,2,4.962400,4.834000,5.010000,4.883000,5.039000,5.046000
35,9,2,5.062600,4.869000,5.155000,4.998000,5.212000,5.079000
35,10,2,4.924200,4.692000,4.960000,4.912000,5.005000,5.052000
35,11,2,5.028000,4.967000,5.040000,4.961000,5.028000,5.144000
35,12,2,4.980600,4.831000,4.948000,5.037000,5.063000,5.024000
35,13,2,5.128800,5.012000,5.144000,5.095000,5.278000,5.115000
35,14,2,4.877200,4.739000,4.865000,4.909000,4.919000,4.954000
35,15,2,5.109800,5.015000,5.145000,5.103000,5.214000,5.072000
35,16,2,5.158600,5.048000,5.317000,5.062000,5.169000,5.197000
35,17,2,4.963200,4.807000,4.900000,5.026000,5.128000,4.955000
35,18,2,5.062800,4.907000,5.169000,5.004000,5.133000,5.101000
35,19,2,4.855200,4.706000,4.812000,5.004000,4.901000,4.853000
36,0,2,5.103600,5.111000,4.993000,5.165000,5.061000,5.188000
36,1,2,5.019400,4.978000,4.956000,4.968000,5.045000,5.150000
36,2,2,5.069000,4.935000,5.123000,5.101000,5.109000,5.077000
36,3,2,5.165200,5.046000,5.088000,5.123000,5.243000,5.326000
36,4,2,5.167600,5.067000,5.317000,5.078000,5.169000,5.207000
36,5,2,4.986000,4.850000,5.000000,4.840000,5.000000,5.240000
36,6,2,5.141200,5.089000,5.144000,5.049000,5.159000,5.265000
36,7,2,5.012400,4.909000,5.108000,5.003000,5.048000,4.994000
36,8,2,5.030800,4.936000,5.045000,4.890000,5.124000,5.159000
36,9,2,4.922600,4.841000,4.933000,4.948000,4.915000,4.976000
36,10,2,5.179600,5.126000,5.172000,5.144000,5.255000,5.201000
36,11,2,5.029200,5.052000,4.913000,5.044000,4.983000,5.154000
36,12,2,5.062800,4.967000,5.167000,4.891000,5.012000,5.277000
36,13,2,5.022400,4.819000,5.210000,4.971000,5.029000,5.083000
36,14,2,5.374400,5.309000,5.445000,5.240000,5.364000,5.514000
36,15,2,5.129600,5.047000,5.140000,5.140000,5.097000,5.224000
36,16,2,5.204200,5.297000,5.331000,5.097000,5.133000,5.163000
36,17,2,4.784000,4.657000,4.881000,4.907000,4.744000,4.731000
36,18,2,5.223800,5.108000,5.271000,5.199000,5.279000,5.262000
36,19,2,5.108800,4.986000,5.077000,5.141000,5.227000,5.113000
37,0,2,5.236600,5.355000,5.143000,5.332000,5.240000,5.113000
37,1,2,5.308000,5.330000,5.321000,5.268000,5.307000,5.314000
37,2,2,5.157000,5.259000,5.044000,5.272000,5.158000,5.052000
37,3,2,4.902800,4.975000,4.800000,4.939000,5.011000,4.789000
37,4,2,4.859800,4.799000,4.753000,4.810000,5.040000,4.897000
37,5,2,5.141200,5.280000,5.033000,5.148000,5.199000,5.046000
37,6,2,5.262400,5.273000,5.114000,5.357000,5.296000,5.272000
37,7,2,5.105000,5.106000,5.016000,5.084000,5.095000,5.224000
37,8,2,5.388800,5.474000,5.265000,5.485000,5.426000,5.294000
37,9,2,5.113800,5.160000,4.935000,5.111000,5.205000,5.158000
37,10,2,5.031800,5.055000,4.934000,4.976000,5.138000,5.056000
37,11,2,5.025200,5.059000,4.902000,5.060000,5.088000,5.017000
37,12,2,5.101600,5.172000,5.024000,5.203000,5.013000,5.096000
37,13,2,4.931000,5.108000,4.822000,4.913000,4.958000,4.854000
37,14,2,5.058000,5.100000,4.982000,5.096000,5.172000,4.940000
37,15,2,5.092200,5.182000,4.935000,5.078000,5.165000,5.101000
37,16,2,5.078600,5.116000,5.041000,5.053000,5.151000,5.032000
37,17,2,5.028400,4.982000,4.912000,5.023000,5.090000,5.135000
37,18,2,4.984600,5.070000,4.853000,5.014000,5.146000,4.840000
37,19,2,4.831400,4.843000,4.637000,4.906000,4.840000,4.931000
38,0,2,5.229000,5.313000,5.183000,5.221000,5.134000,5.294000
38,1,2,4.864200,4.914000,4.945000,4.863000,4.782000,4.817000
38,2,2,5.116600,5.078000,5.132000,5.119000,5.078000,5.176000
38,3,2,5.188800,5.235000,5.232000,5.225000,5.073000,5.179000
38,4,2,5.423800,5.498000,5.450000,5.344000,5.401000,5.426000
38,5,2,5.184000,5.265000,5.246000,5.140000,5.080000,5.189000
38,6,2,5.092400,4.972000,5.097000,5.089000,5.090000,5.214000
38,7,2,4.930400,4.912000,5.058000,4.880000,4.905000,4.897000
38,8,2,5.409000,5.475000,5.450000,5.380000,5.414000,5.326000
38,9,2,4.823400,4.793000,5.035000,4.700000,4.780000,4.809000
38,10,2,4.889200,4.812000,4.860000,4.930000,4.907000,4.937000
38,11,2,4.783600,4.872000,5.011000,4.677000,4.683000,4.675000
38,12,2,5.298600,5.450000,5.259000,5.295000,5.186000,5.303000
38,13,2,4.890200,4.980000,5.067000,4.688000,4.852000,4.864000
38,14,2,5.361200,5.474000,5.423000,5.318000,5.317000,5.274000
38,15,2,5.111200,5.069000,5.132000,5.032000,5.053000,5.270000
38,16,2,5.015400,5.113000,5.058000,4.901000,4.951000,5.054000
38,17,2,5.214000,5.219000,5.257000,5.143000,5.174000,5.277000
38,18,2,4.932800,4.939000,4.853000,4.973000,4.894000,5.005000
38,19,2,5.079800,4.999000,5.211000,4.952000,5.029000,5.208000
39,0,2,5.127000,5.318000,5.128000,5.048000,4.996000,5.145000
39,1,2,5.216400,5.308000,5.164000,5.117000,5.083000,5.410000
39,2,2,4.846400,4.922000,4.867000,4.751000,4.742000,4.950000
39,3,2,5.486200,5.572000,5.621000,5.267000,5.314000,5.657000
39,4,2,5.065800,5.284000,5.222000,4.842000,4.842000,5.139000
39,5,2,5.505600,5.653000,5.505000,5.347000,5.398000,5.625000
39,6,2,5.226400,5.257000,5.348000,5.057000,5.115000,5.355000
39,7,2,5.089800,5.263000,5.116000,4.905000,4.897000,5.268000
39,8,2,5.327800,5.524000,5.399000,5.126000,5.167000,5.423000
39,9,2,5.209800,5.325000,5.285000,4.947000,5.147000,5.345000
39,10,2,5.099600,5.176000,5.236000,4.895000,4.945000,5.246000
39,11,2,5.066200,5.245000,5.157000,4.994000,4.710000,5.225000
39,12,2,5.181200,5.456000,5.248000,5.070000,5.047000,5.085000
39,13,2,5.364600,5.403000,5.444000,5.265000,5.339000,5.372000
39,14,2,5.305000,5.449000,5.366000,5.196000,5.122000,5.392000
39,15,2,5.195200,5.435000,5.269000,4.979000,5.040000,5.253000
39,16,2,4.920200,5.037000,4.904000,4.792000,4.850000,5.018000
39,17,2,4.864600,4.991000,4.822000,4.757000,4.831000,4.922000
39,18,2,4.971600,4.944000,5.030000,4.929000,4.858000,5.097000
39,19,2,4.868200,4.965000,4.791000,4.655000,4.881000,5.049000
40,0,0,4.237200,4.144000,4.177000,4.347000,4.296000,4.222000
40,1,0,4.590800,4.560000,4.613000,4.524000,4.640000,4.617000
40,2,0,4.614200,4.615000,4.645000,4.586000,4.630000,4.595000
40,3,0,4.687800,4.692000,4.629000,4.794000,4.706000,4.618000
40,4,0,4.292800,4.262000,4.253000,4.337000,4.304000,4.308000
40,5,0,4.534000,4.352000,4.518000,4.557000,4.632000,4.611000
40,6,0,4.740000,4.775000,4.771000,4.731000,4.668000,4.755000
40,7,0,4.244000,4.044000,4.294000,4.469000,4.211000,4.202000
40,8,0,4.403600,4.222000,4.360000,4.552000,4.404000,4.480000
40,9,0,4.842000,4.729000,4.848000,4.845000,4.927000,4.861000
40,10,0,4.410200,4.289000,4.357000,4.560000,4.377000,4.468000
40,11,0,4.801600,4.673000,4.713000,4.905000,4.827000,4.890000
40,12,0,4.771800,4.761000,4.693000,4.780000,4.802000,4.823000
40,13,0,4.629200,4.480000,4.593000,4.704000,4.701000,4.668000
40,14,0,4.587800,4.497000,4.559000,4.658000,4.604000,4.621000
40,15,0,4.686200,4.631000,4.803000,4.721000,4.654000,4.622000
40,16,0,4.745200,4.667000,4.719000,4.864000,4.712000,4.764000
40,17,0,4.755000,4.745000,4.734000,4.856000,4.740000,4.700000
40,18,0,4.399200,4.315000,4.421000,4.393000,4.458000,4.409000
40,19,0,4.409000,4.337000,4.291000,4.426000,4.459000,4.532000
40,20,1,4.544200,4.469000,4.562000,4.546000,4.571000,4.573000
40,21,1,4.410800,4.381000,4.475000,4.419000,4.447000,4.332000
40,22,1,4.316400,4.245000,4.423000,4.453000,4.326000,4.135000
40,23,1,4.342000,4.290000,4.321000,4.382000,4.325000,4.392000
40,24,1,4.264000,4.192000,4.257000,4.282000,4.266000,4.323000
40,25,1,4.466400,4.413000,4.496000,4.473000,4.450000,4.500000
40,26,1,4.672200,4.652000,4.736000,4.692000,4.614000,4.667000
40,27,1,4.369600,4.285000,4.444000,4.321000,4.364000,4.434000
40,28,1,4.506800,4.495000,4.425000,4.562000,4.500000,4.552000
40,29,1,4.524000,4.592000,4.513000,4.537000,4.500000,4.478000
40,30,1,4.560400,4.576000,4.560000,4.600000,4.477000,4.589000
40,31,1,4.591800,4.558000,4.643000,4.613000,4.517000,4.628000
40,32,1,4.430200,4.298000,4.416000,4.578000,4.438000,4.421000
40,33,1,4.364800,4.375000,4.329000,4.372000,4.320000,4.428000
40,34,1,4.255200,4.226000,4.206000,4.302000,4.230000,4.312000
40,35,1,4.316600,4.274000,4.270000,4.393000,4.313000,4.333000
40,36,1,4.208400,4.201000,4.178000,4.302000,4.088000,4.273000
40,37,1,4.449000,4.394000,4.559000,4.463000,4.401000,4.428000
40,38,1,4.370800,4.400000,4.335000,4.481000,4.284000,4.354000
40,39,1,4.735600,4.718000,4.757000,4.705000,4.801000,4.697000
40,40,2,5.290800,5.245000,5.431000,5.315000,5.265000,5.198000
40,41,2,5.290200,5.283000,5.258000,5.308000,5.344000,5.258000
40,42,2,5.116800,5.165000,5.074000,5.183000,5.036000,5.126000
40,43,2,5.253600,5.269000,5.217000,5.361000,5.214000,5.207000
40,44,2,4.849800,4.885000,4.849000,5.014000,4.726000,4.775000
40,45,2,5.031400,5.059000,5.119000,5.066000,5.044000,4.869000
40,46,2,5.067600,5.026000,5.169000,5.153000,4.964000,5.026000
40,47,2,5.050000,4.960000,5.003000,5.062000,5.077000,5.148000
40,48,2,5.019000,4.952000,5.000000,5.049000,5.062000,5.032000
40,49,2,5.435800,5.418000,5.395000,5.523000,5.366000,5.477000
40,50,2,5.097200,4.992000,5.146000,5.127000,5.018000,5.203000
40,51,2,5.674600,5.727000,5.684000,5.778000,5.602000,5.582000
40,52,2,5.162000,5.081000,5.115000,5.386000,5.116000,5.112000
40,53,2,5.408000,5.304000,5.493000,5.463000,5.394000,5.386000
40,54,2,5.461000,5.403000,5.618000,5.519000,5.380000,5.385000
40,55,2,5.342600,5.305000,5.296000,5.460000,5.355000,5.297000
40,56,2,5.096400,5.016000,5.029000,5.106000,5.159000,5.172000
40,57,2,5.079600,5.052000,5.174000,5.082000,5.032000,5.058000
40,58,2,5.165200,4.996000,5.101000,5.299000,5.170000,5.260000
40,59,2,5.098000,5.129000,5.056000,5.133000,5.143000,5.029000
40,60,3,4.225600,4.194000,4.168000,4.251000,4.147000,4.368000
40,61,3,4.124400,4.042000,4.044000,4.214000,4.080000,4.242000
40,62,3,4.215200,4.206000,4.116000,4.222000,4.199000,4.333000
40,63,3,4.279200,4.264000,4.136000,4.294000,4.292000,4.410000
40,64,3,4.218800,4.133000,4.285000,4.251000,4.117000,4.308000
40,65,3,4.069800,4.001000,3.986000,4.132000,4.186000,4.044000
40,66,3,4.189800,4.086000,4.187000,4.259000,4.201000,4.216000
40,67,3,4.433000,4.425000,4.381000,4.391000,4.387000,4.581000
40,68,3,4.115600,4.059000,4.044000,4.062000,4.145000,4.268000
40,69,3,4.282800,4.214000,4.300000,4.265000,4.300000,4.335000
40,70,3,4.113200,4.059000,4.122000,4.045000,4.081000,4.259000
40,71,3,4.294400,4.109000,4.286000,4.342000,4.292000,4.443000
40,72,3,4.265600,4.178000,4.126000,4.363000,4.272000,4.389000
40,73,3,4.414600,4.337000,4.353000,4.611000,4.311000,4.461000
40,74,3,4.128200,4.092000,4.017000,4.114000,4.068000,4.350000
40,75,3,4.244600,4.217000,4.140000,4.277000,4.213000,4.376000
40,76,3,4.388600,4.312000,4.226000,4.410000,4.483000,4.512000
40,77,3,4.063800,3.991000,4.018000,4.157000,4.023000,4.130000
40,78,3,4.144400,4.079000,4.098000,4.202000,4.114000,4.229000
40,79,3,4.286000,4.218000,4.209000,4.276000,4.262000,4.465000
40,80,4,4.222200,4.199000,4.185000,4.278000,4.240000,4.209000
40,81,4,4.350400,4.453000,4.292000,4.319000,4.355000,4.333000
40,82,4,4.168400,4.074000,4.039000,4.188000,4.231000,4.310000
40,83,4,4.357600,4.356000,4.162000,4.328000,4.441000,4.501000
40,84,4,4.402800,4.450000,4.261000,4.351000,4.466000,4.486000
40,85,4,4.340200,4.294000,4.310000,4.364000,4.302000,4.431000
40,86,4,4.338000,4.310000,4.294000,4.378000,4.286000,4.422000
40,87,4,4.284400,4.276000,4.261000,4.271000,4.339000,4.275000
40,88,4,4.332800,4.255000,4.258000,4.373000,4.408000,4.370000
40,89,4,4.267600,4.283000,4.150000,4.327000,4.240000,4.338000
40,90,4,4.151600,4.080000,3.971000,4.131000,4.268000,4.308000
40,91,4,4.395400,4.328000,4.335000,4.422000,4.464000,4.428000
40,92,4,4.121000,4.021000,4.024000,4.086000,4.255000,4.219000
40,93,4,4.320200,4.247000,4.281000,4.233000,4.447000,4.393000
40,94,4,4.359400,4.373000,4.240000,4.394000,4.359000,4.431000
40,95,4,4.130000,4.231000,4.070000,4.090000,4.100000,4.159000
40,96,4,4.413600,4.445000,4.377000,4.417000,4.472000,4.357000
40,97,4,4.147200,4.029000,4.116000,4.152000,4.092000,4.347000
40,98,4,4.163000,4.056000,4.111000,4.169000,4.136000,4.343000
40,99,4,4.173200,4.126000,4.240000,4.102000,4.256000,4.142000
41,0,2,5.139200,5.196000,5.150000,5.345000,4.879000,5.126000
41,1,2,5.184400,5.249000,5.227000,5.333000,4.916000,5.197000
41,2,2,5.136600,5.214000,5.158000,5.147000,5.071000,5.093000
41,3,2,5.243600,5.316000,5.278000,5.256000,5.127000,5.241000
41,4,2,5.077600,5.145000,5.108000,5.200000,4.935000,5.000000
41,5,2,5.232800,5.246000,5.343000,5.255000,5.105000,5.215000
41,6,2,5.245600,5.326000,5.287000,5.211000,5.139000,5.265000
41,7,2,5.291400,5.272000,5.370000,5.317000,5.194000,5.304000
41,8,2,5.323800,5.354000,5.348000,5.254000,5.250000,5.413000
41,9,2,5.462400,5.438000,5.538000,5.491000,5.372000,5.473000
41,10,2,5.228200,5.208000,5.312000,5.273000,5.153000,5.195000
41,11,2,5.417600,5.529000,5.547000,5.477000,5.167000,5.368000
41,12,2,5.220800,5.298000,5.309000,5.310000,5.116000,5.071000
41,13,2,5.117600,5.216000,5.208000,5.128000,5.022000,5.014000
41,14,2,5.589200,5.754000,5.525000,5.580000,5.501000,5.586000
41,15,2,4.802600,4.847000,4.854000,4.905000,4.629000,4.778000
41,16,2,5.291000,5.236000,5.289000,5.437000,5.200000,5.293000
41,17,2,4.726400,4.695000,4.737000,4.954000,4.460000,4.786000
41,18,2,5.124600,5.129000,5.223000,5.234000,4.890000,5.147000
41,19,2,5.042600,5.201000,4.989000,5.109000,4.870000,5.044000
42,0,2,5.387400,5.510000,5.326000,5.365000,5.414000,5.322000
42,1,2,5.404000,5.487000,5.370000,5.459000,5.323000,5.381000
42,2,2,5.348000,5.421000,5.251000,5.317000,5.354000,5.397000
42,3,2,5.295200,5.295000,5.272000,5.255000,5.302000,5.352000
42,4,2,5.685800,5.643000,5.677000,5.752000,5.614000,5.743000
42,5,2,5.235000,5.237000,5.085000,5.290000,5.345000,5.218000
42,6,2,5.231600,5.352000,5.119000,5.132000,5.230000,5.325000
42,7,2,5.411600,5.385000,5.357000,5.395000,5.390000,5.531000
42,8,2,5.169200,5.254000,5.092000,5.150000,5.187000,5.163000
42,9,2,5.626000,5.678000,5.565000,5.655000,5.592000,5.640000
42,10,2,5.362400,5.446000,5.331000,5.317000,5.330000,5.388000
42,11,2,5.471600,5.459000,5.422000,5.411000,5.545000,5.521000
42,12,2,5.348600,5.320000,5.418000,5.298000,5.366000,5.341000
42,13,2,5.404600,5.568000,5.370000,5.216000,5.491000,5.378000
42,14,2,5.358400,5.232000,5.395000,5.453000,5.369000,5.343000
42,15,2,5.090800,5.026000,5.144000,5.096000,5.078000,5.110000
42,16,2,5.340200,5.420000,5.287000,5.323000,5.294000,5.377000
42,17,2,5.453800,5.513000,5.503000,5.259000,5.559000,5.435000
42,18,2,5.491400,5.578000,5.383000,5.540000,5.480000,5.476000
42,19,2,5.388800,5.446000,5.404000,5.420000,5.301000,5.373000
43,0,2,5.437600,5.399000,5.565000,5.491000,5.213000,5.520000
43,1,2,5.229800,5.120000,5.282000,5.269000,5.181000,5.297000
43,2,2,5.438400,5.341000,5.657000,5.480000,5.271000,5.443000
43,3,2,5.267000,5.350000,5.301000,5.024000,5.311000,5.349000
43,4,2,5.519400,5.326000,5.670000,5.568000,5.413000,5.620000
43,5,2,5.194000,5.121000,5.357000,5.094000,5.079000,5.319000
43,6,2,5.629600,5.538000,5.700000,5.682000,5.565000,5.663000
43,7,2,5.172000,5.185000,5.237000,5.220000,5.011000,5.207000
43,8,2,5.282400,5.144000,5.390000,5.244000,5.229000,5.405000
43,9,2,5.529000,5.450000,5.682000,5.619000,5.320000,5.574000
43,10,2,5.648200,5.667000,5.753000,5.500000,5.540000,5.781000
43,11,2,5.721000,5.649000,5.778000,5.730000,5.719000,5.729000
43,12,2,5.384000,5.282000,5.509000,5.447000,5.220000,5.462000
43,13,2,5.279800,5.282000,5.396000,5.266000,5.136000,5.319000
43,14,2,5.377400,5.747000,4.909000,5.190000,5.733000,5.308000
43,15,2,4.987200,4.850000,5.188000,4.889000,4.878000,5.131000
43,16,2,5.387600,5.336000,5.407000,5.473000,5.322000,5.400000
43,17,2,5.675400,5.582000,5.824000,5.743000,5.527000,5.701000
43,18,2,4.968200,4.923000,5.009000,4.863000,4.811000,5.235000
43,19,2,5.338400,5.144000,5.441000,5.404000,5.262000,5.441000
44,0,2,5.713000,5.796000,5.581000,5.673000,5.691000,5.824000
44,1,2,5.407400,5.450000,5.325000,5.360000,5.473000,5.429000
44,2,2,5.477000,5.470000,5.506000,5.256000,5.551000,5.602000
44,3,2,5.176600,5.245000,5.152000,5.234000,5.150000,5.102000
44,4,2,5.400400,5.485000,5.394000,5.307000,5.499000,5.317000
44,5,2,5.141400,5.141000,5.088000,5.179000,5.022000,5.277000
44,6,2,5.060800,5.057000,5.051000,5.087000,4.990000,5.119000
44,7,2,5.600800,5.611000,5.615000,5.400000,5.741000,5.637000
44,8,2,5.227600,5.277000,5.191000,5.064000,5.392000,5.214000
44,9,2,5.222600,5.113000,5.256000,5.124000,5.353000,5.267000
44,10,2,5.167200,5.162000,5.095000,5.149000,5.154000,5.276000
44,11,2,5.431200,5.411000,5.364000,5.374000,5.502000,5.505000
44,12,2,5.271200,5.209000,5.347000,5.129000,5.309000,5.362000
44,13,2,5.198200,5.267000,5.022000,5.175000,5.314000,5.213000
44,14,2,5.400800,5.469000,5.386000,5.340000,5.365000,5.444000
44,15,2,5.358000,5.345000,5.363000,5.317000,5.362000,5.403000
44,16,2,5.071600,5.218000,5.101000,4.937000,5.023000,5.079000
44,17,2,5.455600,5.467000,5.491000,5.452000,5.372000,5.496000
44,18,2,5.261800,5.199000,5.291000,5.101000,5.338000,5.380000
44,19,2,5.368200,5.405000,5.271000,5.290000,5.512000,5.363000
45,0,2,5.620000,5.591000,5.481000,5.628000,5.687000,5.713000
45,1,2,5.488000,5.323000,5.621000,5.386000,5.595000,5.515000
45,2,2,5.652800,5.626000,5.699000,5.548000,5.680000,5.711000
45,3,2,5.175800,5.073000,5.244000,5.101000,5.290000,5.171000
45,4,2,5.647800,5.637000,5.679000,5.574000,5.731000,5.618000
45,5,2,5.645200,5.513000,5.708000,5.717000,5.671000,5.617000
45,6,2,5.423200,5.426000,5.238000,5.422000,5.482000,5.548000
45,7,2,5.298200,5.191000,5.180000,5.270000,5.407000,5.443000
45,8,2,5.706400,5.732000,5.771000,5.682000,5.674000,5.673000
45,9,2,5.234600,5.149000,5.304000,5.338000,5.233000,5.149000
45,10,2,5.692800,5.645000,5.641000,5.733000,5.693000,5.752000
45,11,2,5.597200,5.506000,5.458000,5.599000,5.655000,5.768000
45,12,2,5.541200,5.521000,5.494000,5.576000,5.562000,5.553000
45,13,2,5.586800,5.486000,5.572000,5.573000,5.724000,5.579000
45,14,2,5.400600,5.371000,5.397000,5.423000,5.487000,5.325000
45,15,2,5.082800,5.131000,5.327000,5.124000,5.029000,4.803000
45,16,2,5.123000,5.012000,5.224000,5.097000,5.113000,5.169000
45,17,2,5.447000,5.323000,5.598000,5.457000,5.386000,5.471000
45,18,2,5.417400,5.310000,5.352000,5.550000,5.382000,5.493000
45,19,2,5.482400,5.289000,5.296000,5.617000,5.538000,5.672000
46,0,2,5.268000,5.102000,5.300000,5.293000,5.339000,5.306000
46,1,2,5.777000,5.713000,5.868000,5.803000,5.738000,5.763000
46,2,2,5.340600,5.453000,5.214000,5.276000,5.355000,5.405000
46,3,2,5.719200,5.623000,5.862000,5.686000,5.783000,5.642000
46,4,2,5.080000,4.994000,5.196000,5.184000,5.053000,4.973000
46,5,2,5.407600,5.229000,5.519000,5.398000,5.371000,5.521000
46,6,2,5.486800,5.419000,5.467000,5.598000,5.551000,5.399000
46,7,2,5.378000,5.270000,5.443000,5.445000,5.514000,5.218000
46,8,2,5.724000,5.660000,5.747000,5.812000,5.739000,5.662000
46,9,2,5.483600,5.504000,5.463000,5.589000,5.530000,5.332000
46,10,2,5.458400,5.394000,5.549000,5.458000,5.529000,5.362000
46,11,2,5.403200,5.305000,5.450000,5.499000,5.462000,5.300000
46,12,2,5.535200,5.586000,5.760000,5.506000,5.289000,5.535000
46,13,2,5.455400,5.463000,5.471000,5.479000,5.441000,5.423000
46,14,2,5.544600,5.534000,5.717000,5.641000,5.367000,5.464000
46,15,2,5.705200,5.612000,5.836000,5.865000,5.588000,5.625000
46,16,2,5.625400,5.602000,5.585000,5.828000,5.615000,5.497000
46,17,2,5.672600,5.622000,5.653000,5.706000,5.791000,5.591000
46,18,2,5.422400,5.351000,5.397000,5.540000,5.509000,5.315000
46,19,2,5.465200,5.388000,5.435000,5.517000,5.555000,5.431000
47,0,2,5.364600,5.180000,5.366000,5.457000,5.533000,5.287000
47,1,2,5.634200,5.465000,5.672000,5.705000,5.764000,5.565000
47,2,2,5.612400,5.486000,5.610000,5.668000,5.708000,5.590000
47,3,2,5.177400,5.042000,5.158000,5.179000,5.350000,5.158000
47,4,2,5.421800,5.335000,5.385000,5.481000,5.492000,5.416000
47,5,2,5.498000,5.297000,5.599000,5.601000,5.551000,5.442000
47,6,2,5.452000,5.391000,5.458000,5.492000,5.504000,5.415000
47,7,2,5.689600,5.459000,5.695000,5.807000,5.961000,5.526000
47,8,2,5.341800,5.206000,5.352000,5.192000,5.577000,5.382000
47,9,2,5.165200,4.975000,5.184000,5.292000,5.223000,5.152000
47,10,2,5.638200,5.582000,5.694000,5.727000,5.475000,5.713000
47,11,2,5.758000,5.666000,5.726000,5.781000,5.900000,5.717000
47,12,2,5.381600,5.222000,5.368000,5.480000,5.541000,5.297000
47,13,2,5.450800,5.265000,5.495000,5.499000,5.585000,5.410000
47,14,2,5.592200,5.419000,5.615000,5.665000,5.693000,5.569000
47,15,2,5.429600,5.280000,5.484000,5.420000,5.561000,5.403000
47,16,2,5.517800,5.455000,5.547000,5.539000,5.599000,5.449000
47,17,2,5.549200,5.485000,5.559000,5.619000,5.615000,5.468000
47,18,2,5.532800,5.455000,5.559000,5.580000,5.479000,5.591000
47,19,2,5.367800,5.262000,5.329000,5.445000,5.473000,5.330000
48,0,2,5.510000,5.504000,5.473000,5.783000,5.523000,5.267000
48,1,2,5.701200,5.698000,5.761000,5.790000,5.645000,5.612000
48,2,2,5.416800,5.376000,5.546000,5.533000,5.296000,5.333000
48,3,2,5.599200,5.572000,5.641000,5.653000,5.543000,5.587000
48,4,2,5.502000,5.446000,5.485000,5.473000,5.530000,5.576000
48,5,2,5.875000,5.883000,5.856000,5.920000,5.954000,5.762000
48,6,2,5.361000,5.335000,5.404000,5.404000,5.355000,5.307000
48,7,2,5.237000,5.201000,5.170000,5.307000,5.190000,5.317000
48,8,2,5.555800,5.465000,5.562000,5.644000,5.543000,5.565000
48,9,2,5.358400,5.351000,5.298000,5.490000,5.349000,5.304000
48,10,2,5.330600,5.367000,5.217000,5.359000,5.376000,5.334000
48,11,2,5.398200,5.366000,5.334000,5.532000,5.309000,5.450000
48,12,2,5.649600,5.616000,5.603000,5.654000,5.733000,5.642000
48,13,2,5.593600,5.569000,5.660000,5.556000,5.621000,5.562000
48,14,2,5.373600,5.394000,5.310000,5.347000,5.289000,5.528000
48,15,2,5.354600,5.193000,5.318000,5.406000,5.416000,5.440000
48,16,2,5.459800,5.452000,5.487000,5.577000,5.368000,5.415000
48,17,2,5.689200,5.674000,5.721000,5.700000,5.662000,5.689000
48,18,2,5.882800,5.838000,5.965000,5.897000,5.804000,5.910000
48,19,2,5.606000,5.661000,5.620000,5.675000,5.626000,5.448000
49,0,2,5.184000,5.255000,5.168000,5.180000,5.026000,5.291000
49,1,2,5.665400,5.653000,5.746000,5.782000,5.591000,5.555000
49,2,2,5.448400,5.592000,5.405000,5.579000,5.226000,5.440000
49,3,2,5.771400,5.903000,5.777000,5.746000,5.624000,5.807000
49,4,2,5.820200,5.927000,5.870000,5.875000,5.667000,5.762000
49,5,2,5.825400,5.927000,5.837000,5.838000,5.705000,5.820000
49,6,2,5.523800,5.653000,5.620000,5.517000,5.335000,5.494000
49,7,2,5.898000,5.776000,5.834000,6.023000,5.962000,5.895000
49,8,2,5.562800,5.757000,5.574000,5.392000,5.460000,5.631000
49,9,2,5.576400,5.677000,5.622000,5.595000,5.496000,5.492000
49,10,2,5.496400,5.655000,5.334000,5.497000,5.437000,5.559000
49,11,2,5.633800,5.722000,5.689000,5.708000,5.479000,5.571000
49,12,2,5.614400,5.753000,5.625000,5.703000,5.429000,5.562000
49,13,2,5.594000,5.573000,5.602000,5.734000,5.523000,5.538000
49,14,2,5.257200,5.297000,5.449000,5.337000,4.851000,5.352000
49,15,2,5.677000,5.795000,5.593000,5.745000,5.559000,5.693000
49,16,2,5.390800,5.499000,5.527000,5.497000,5.000000,5.431000
49,17,2,5.987000,6.015000,6.031000,6.136000,5.809000,5.944000
49,18,2,5.650000,5.775000,5.702000,5.705000,5.539000,5.529000
49,19,2,5.783600,5.819000,5.742000,5.900000,5.780000,5.677000
50,0,0,4.064800,4.053000,4.066000,4.048000,4.116000,4.041000
50,1,0,4.246600,4.300000,4.121000,4.236000,4.331000,4.245000
50,2,0,4.297800,4.294000,4.332000,4.203000,4.361000,4.299000
50,3,0,4.428400,4.455000,4.354000,4.502000,4.449000,4.382000
50,4,0,4.410000,4.432000,4.353000,4.386000,4.419000,4.460000
50,5,0,4.263600,4.361000,4.099000,4.243000,4.358000,4.257000
50,6,0,4.175000,4.308000,4.086000,4.057000,4.275000,4.149000
50,7,0,4.226200,4.318000,4.094000,4.143000,4.345000,4.231000
50,8,0,4.306400,4.339000,4.319000,4.270000,4.381000,4.223000
50,9,0,4.364400,4.313000,4.277000,4.360000,4.533000,4.339000
50,10,0,4.381600,4.387000,4.335000,4.340000,4.422000,4.424000
50,11,0,4.169200,4.368000,3.984000,4.093000,4.149000,4.252000
50,12,0,4.601200,4.735000,4.508000,4.475000,4.621000,4.667000
50,13,0,4.342000,4.347000,4.280000,4.316000,4.325000,4.442000
50,14,0,4.192800,4.271000,4.045000,4.189000,4.350000,4.109000
50,15,0,4.409600,4.508000,4.418000,4.302000,4.342000,4.478000
50,16,0,4.229800,4.347000,4.089000,4.050000,4.405000,4.258000
50,17,0,4.257800,4.413000,4.139000,4.149000,4.410000,4.178000
50,18,0,4.468800,4.542000,4.414000,4.350000,4.552000,4.486000
50,19,0,4.503800,4.593000,4.286000,4.511000,4.540000,4.589000
50,20,1,4.474400,4.631000,4.318000,4.325000,4.693000,4.405000
50,21,1,4.374200,4.413000,4.352000,4.254000,4.366000,4.486000
50,22,1,4.376000,4.418000,4.378000,4.233000,4.487000,4.364000
50,23,1,4.549200,4.662000,4.465000,4.431000,4.553000,4.635000
50,24,1,4.353400,4.395000,4.250000,4.336000,4.460000,4.326000
50,25,1,4.420200,4.582000,4.154000,4.406000,4.407000,4.552000
50,26,1,4.384200,4.542000,4.271000,4.339000,4.411000,4.358000
50,27,1,4.280000,4.173000,4.244000,4.154000,4.331000,4.498000
50,28,1,4.315800,4.509000,4.301000,4.294000,4.166000,4.309000
50,29,1,4.365600,4.511000,4.241000,4.357000,4.332000,4.387000
50,30,1,4.362400,4.568000,4.304000,4.283000,4.330000,4.327000
50,31,1,4.486800,4.511000,4.450000,4.385000,4.577000,4.511000
50,32,1,4.310400,4.407000,4.220000,4.253000,4.295000,4.377000
50,33,1,4.456000,4.530000,4.349000,4.334000,4.602000,4.465000
50,34,1,4.420600,4.479000,4.257000,4.362000,4.509000,4.496000
50,35,1,4.446400,4.511000,4.355000,4.432000,4.438000,4.496000
50,36,1,4.401800,4.480000,4.247000,4.317000,4.432000,4.533000
50,37,1,4.512800,4.641000,4.438000,4.392000,4.530000,4.563000
50,38,1,4.490400,4.451000,4.334000,4.411000,4.592000,4.664000
50,39,1,4.346200,4.540000,4.180000,4.269000,4.313000,4.429000
50,40,2,5.592400,5.564000,5.680000,5.498000,5.618000,5.602000
50,41,2,5.706600,5.813000,5.638000,5.590000,5.704000,5.788000
50,42,2,5.905400,5.973000,5.919000,5.718000,5.902000,6.015000
50,43,2,5.929600,5.860000,6.004000,5.909000,5.932000,5.943000
50,44,2,5.728200,5.783000,5.614000,5.696000,5.767000,5.781000
50,45,2,5.646400,5.726000,5.383000,5.592000,5.735000,5.796000
50,46,2,5.813600,5.896000,5.763000,5.766000,5.870000,5.773000
50,47,2,5.737000,5.829000,5.572000,5.699000,5.753000,5.832000
50,48,2,5.851800,5.946000,5.816000,5.866000,5.790000,5.841000
50,49,2,5.787000,5.871000,5.786000,5.709000,5.670000,5.899000
50,50,2,5.307800,5.324000,5.189000,5.298000,5.287000,5.441000
50,51,2,5.566800,5.580000,5.454000,5.391000,5.634000,5.775000
50,52,2,5.427800,5.520000,5.307000,5.517000,5.311000,5.484000
50,53,2,5.662600,5.683000,5.710000,5.607000,5.723000,5.590000
50,54,2,5.496600,5.457000,5.402000,5.494000,5.518000,5.612000
50,55,2,5.233400,5.379000,5.106000,5.161000,5.224000,5.297000
50,56,2,5.372200,5.350000,5.469000,5.234000,5.357000,5.451000
50,57,2,5.646000,5.609000,5.632000,5.538000,5.766000,5.685000
50,58,2,5.303000,5.283000,5.368000,5.250000,5.479000,5.135000
50,59,2,5.645800,5.660000,5.457000,5.669000,5.799000,5.644000
50,60,3,4.173800,4.152000,4.195000,4.158000,4.204000,4.160000
50,61,3,4.309800,4.246000,4.302000,4.242000,4.480000,4.279000
50,62,3,4.145800,4.146000,4.058000,4.150000,4.213000,4.162000
50,63,3,4.401600,4.392000,4.475000,4.305000,4.346000,4.490000
50,64,3,4.461000,4.487000,4.471000,4.352000,4.444000,4.551000
50,65,3,4.409200,4.290000,4.440000,4.407000,4.520000,4.389000
50,66,3,4.279800,4.228000,4.356000,4.278000,4.289000,4.248000
50,67,3,4.293000,4.333000,4.298000,4.250000,4.349000,4.235000
50,68,3,4.325200,4.315000,4.387000,4.270000,4.389000,4.265000
50,69,3,4.464400,4.446000,4.438000,4.433000,4.532000,4.473000
50,70,3,4.330600,4.239000,4.358000,4.309000,4.428000,4.319000
50,71,3,4.467200,4.455000,4.610000,4.472000,4.503000,4.296000
50,72,3,4.071600,3.937000,4.148000,4.121000,4.054000,4.098000
50,73,3,4.389000,4.316000,4.381000,4.314000,4.514000,4.420000
50,74,3,4.284400,4.244000,4.378000,4.202000,4.429000,4.169000
50,75,3,4.430800,4.461000,4.459000,4.247000,4.606000,4.381000
50,76,3,4.227200,4.302000,4.317000,4.111000,4.263000,4.143000
50,77,3,4.434200,4.404000,4.463000,4.363000,4.387000,4.554000
50,78,3,4.307800,4.247000,4.438000,4.180000,4.363000,4.311000
50,79,3,4.284200,4.285000,4.338000,4.199000,4.364000,4.235000
50,80,4,4.648000,4.684000,4.513000,4.489000,4.809000,4.745000
50,81,4,4.337400,4.252000,4.250000,4.319000,4.374000,4.492000
50,82,4,4.376200,4.412000,4.389000,4.213000,4.448000,4.419000
50,83,4,4.149000,4.191000,4.107000,4.171000,4.149000,4.127000
50,84,4,4.644600,4.721000,4.528000,4.479000,4.702000,4.793000
50,85,4,4.255200,4.349000,4.221000,4.200000,4.337000,4.169000
50,86,4,4.158400,4.286000,4.151000,3.988000,4.203000,4.164000
50,87,4,4.484400,4.627000,4.289000,4.418000,4.612000,4.476000
50,88,4,4.141200,4.209000,3.991000,4.033000,4.266000,4.207000
50,89,4,4.239400,4.376000,4.196000,4.129000,4.316000,4.180000
50,90,4,4.275800,4.562000,4.072000,4.230000,4.253000,4.262000
50,91,4,4.274400,4.462000,4.160000,4.091000,4.322000,4.337000
50,92,4,4.323800,4.369000,4.294000,4.226000,4.400000,4.330000
50,93,4,4.208400,4.323000,4.145000,4.077000,4.323000,4.174000
50,94,4,4.209000,4.252000,4.202000,4.039000,4.367000,4.185000
50,95,4,4.293400,4.275000,4.239000,4.275000,4.340000,4.338000
50,96,4,4.409600,4.504000,4.314000,4.301000,4.499000,4.430000
50,97,4,4.325600,4.438000,4.333000,4.221000,4.295000,4.341000
50,98,4,4.401800,4.426000,4.223000,4.375000,4.575000,4.410000
50,99,4,4.189000,4.317000,4.086000,4.163000,4.250000,4.129000
51,0,2,6.038400,5.987000,6.074000,6.081000,6.039000,6.011000
51,1,2,5.903000,6.129000,5.861000,5.535000,6.024000,5.966000
51,2,2,6.064400,6.080000,6.035000,6.088000,6.178000,5.941000
51,3,2,5.887600,5.998000,5.932000,5.855000,5.898000,5.755000
51,4,2,5.642400,5.680000,5.569000,5.672000,5.604000,5.687000
51,5,2,5.563600,5.503000,5.616000,5.563000,5.560000,5.576000
51,6,2,5.763800,5.782000,5.793000,5.798000,5.630000,5.816000
51,7,2,5.782200,5.808000,5.809000,5.841000,5.730000,5.723000
51,8,2,5.663800,5.622000,5.661000,5.750000,5.634000,5.652000
51,9,2,5.754800,5.710000,5.722000,5.817000,5.802000,5.723000
51,10,2,5.749200,5.691000,5.695000,5.720000,5.877000,5.763000
51,11,2,5.744800,5.778000,5.723000,5.837000,5.619000,5.767000
51,12,2,5.821000,5.792000,5.863000,5.779000,5.738000,5.933000
51,13,2,5.905600,5.911000,5.894000,5.882000,5.835000,6.006000
51,14,2,6.014000,6.036000,5.948000,6.001000,6.082000,6.003000
51,15,2,5.658000,5.614000,5.633000,5.514000,5.781000,5.748000
51,16,2,5.704600,5.695000,5.693000,5.812000,5.726000,5.597000
51,17,2,5.983600,5.969000,5.977000,5.949000,5.933000,6.090000
51,18,2,5.873600,5.827000,5.908000,5.869000,5.840000,5.924000
51,19,2,5.710800,5.772000,5.755000,5.752000,5.621000,5.654000
52,0,2,5.807200,5.903000,5.868000,5.704000,5.736000,5.825000
52,1,2,5.849600,5.914000,5.828000,5.665000,5.877000,5.964000
52,2,2,5.636200,5.559000,5.623000,5.583000,5.658000,5.758000
52,3,2,5.809600,5.749000,5.785000,5.794000,5.773000,5.947000
52,4,2,5.678800,5.697000,5.712000,5.522000,5.698000,5.765000
52,5,2,5.804200,5.767000,5.765000,5.711000,5.833000,5.945000
52,6,2,5.619600,5.656000,5.572000,5.536000,5.630000,5.704000
52,7,2,5.996200,5.941000,5.963000,5.915000,6.075000,6.087000
52,8,2,5.585800,5.568000,5.682000,5.430000,5.578000,5.671000
52,9,2,5.532000,5.561000,5.537000,5.346000,5.601000,5.615000
52,10,2,5.740600,5.677000,5.743000,5.630000,5.794000,5.859000
52,11,2,5.670400,5.747000,5.505000,5.555000,5.746000,5.799000
52,12,2,5.786400,5.401000,5.818000,5.922000,5.839000,5.952000
52,13,2,5.815000,5.900000,5.669000,5.688000,5.833000,5.985000
52,14,2,5.374000,5.376000,5.386000,5.329000,5.350000,5.429000
52,15,2,5.529400,5.707000,5.417000,5.422000,5.537000,5.564000
52,16,2,5.597200,5.622000,5.601000,5.386000,5.689000,5.688000
52,17,2,5.923200,5.884000,5.902000,5.682000,6.035000,6.113000
52,18,2,5.535800,5.560000,5.367000,5.483000,5.569000,5.700000
52,19,2,5.816600,5.786000,5.851000,5.683000,5.814000,5.949000
53,0,2,5.785800,5.719000,5.782000,5.825000,5.861000,5.742000
53,1,2,5.848200,5.802000,5.946000,5.925000,5.891000,5.677000
53,2,2,5.386800,5.356000,5.349000,5.529000,5.333000,5.367000
53,3,2,5.706800,5.681000,5.814000,5.638000,5.739000,5.662000
53,4,2,5.403400,5.492000,5.434000,5.470000,5.303000,5.318000
53,5,2,5.908800,5.753000,5.853000,6.061000,5.926000,5.951000
53,6,2,5.701800,5.747000,5.766000,5.719000,5.671000,5.606000
53,7,2,5.557600,5.540000,5.480000,5.633000,5.577000,5.558000
53,8,2,5.461200,5.416000,5.318000,5.571000,5.435000,5.566000
53,9,2,5.880600,5.821000,5.962000,5.911000,5.860000,5.849000
53,10,2,5.573200,5.638000,5.671000,5.534000,5.581000,5.442000
53,11,2,5.768400,5.840000,5.691000,5.872000,5.868000,5.571000
53,12,2,5.966400,5.888000,5.979000,6.032000,5.876000,6.057000
53,13,2,5.410200,5.164000,5.633000,5.443000,5.314000,5.497000
53,14,2,5.557600,5.525000,5.482000,5.595000,5.581000,5.605000
53,15,2,5.613400,5.590000,5.707000,5.530000,5.586000,5.654000
53,16,2,5.706800,5.753000,5.718000,5.647000,5.747000,5.669000
53,17,2,5.749400,5.786000,5.659000,5.727000,5.807000,5.768000
53,18,2,5.476600,5.413000,5.352000,5.622000,5.561000,5.435000
53,19,2,5.829000,5.760000,5.823000,5.932000,5.854000,5.776000
54,0,2,5.581200,5.497000,5.551000,5.491000,5.675000,5.692000
54,1,2,5.884600,5.644000,5.792000,5.992000,6.153000,5.842000
54,2,2,5.587600,5.287000,5.664000,5.784000,5.709000,5.494000
54,3,2,5.751400,5.669000,5.761000,5.583000,5.963000,5.781000
54,4,2,5.830000,5.911000,5.733000,5.708000,5.939000,5.859000
54,5,2,5.673800,5.625000,5.718000,5.493000,5.845000,5.688000
54,6,2,5.472000,5.385000,5.438000,5.451000,5.541000,5.545000
54,7,2,5.583000,5.493000,5.637000,5.500000,5.673000,5.612000
54,8,2,5.875000,5.785000,5.630000,6.057000,6.059000,5.844000
54,9,2,5.469400,5.371000,5.512000,5.451000,5.658000,5.355000
54,10,2,5.574400,5.490000,5.541000,5.463000,5.729000,5.649000
54,11,2,5.860800,5.856000,5.737000,5.887000,6.033000,5.791000
54,12,2,5.488200,5.277000,5.421000,5.399000,5.876000,5.468000
54,13,2,5.781200,5.750000,5.609000,5.871000,5.811000,5.865000
54,14,2,5.479600,5.426000,5.481000,5.470000,5.516000,5.505000
54,15,2,5.725000,5.516000,5.827000,5.627000,5.878000,5.777000
54,16,2,5.627800,5.620000,5.686000,5.685000,5.632000,5.516000
54,17,2,5.610200,5.563000,5.615000,5.543000,5.716000,5.614000
54,18,2,5.606600,5.510000,5.509000,5.583000,5.768000,5.663000
54,19,2,5.320000,5.051000,5.478000,5.285000,5.440000,5.346000
55,0,2,5.566000,5.664000,5.422000,5.562000,5.582000,5.600000
55,1,2,5.509400,5.538000,5.382000,5.413000,5.550000,5.664000
55,2,2,5.531400,5.622000,5.472000,5.448000,5.521000,5.594000
55,3,2,5.406000,5.492000,5.378000,5.411000,5.243000,5.506000
55,4,2,5.380400,5.223000,5.497000,5.496000,5.406000,5.280000
55,5,2,6.009400,6.008000,6.008000,6.117000,5.807000,6.107000
55,6,2,5.632000,5.727000,5.713000,5.556000,5.553000,5.611000
55,7,2,5.909200,5.973000,5.838000,5.863000,5.865000,6.007000
55,8,2,5.334400,5.390000,5.388000,5.219000,5.329000,5.346000
55,9,2,5.810000,5.735000,5.785000,5.885000,5.822000,5.823000
55,10,2,5.665400,5.724000,5.582000,5.681000,5.631000,5.709000
55,11,2,5.192400,5.324000,5.233000,5.041000,5.107000,5.257000
55,12,2,5.689000,5.678000,5.700000,5.706000,5.618000,5.743000
55,13,2,5.655200,5.804000,5.643000,5.591000,5.511000,5.727000
55,14,2,5.822000,5.878000,5.871000,5.720000,5.863000,5.778000
55,15,2,5.344600,5.366000,5.296000,5.283000,5.381000,5.397000
55,16,2,5.226000,5.368000,5.162000,5.134000,5.096000,5.370000
55,17,2,5.811800,5.864000,5.737000,5.784000,5.703000,5.971000
55,18,2,5.863000,5.925000,5.788000,5.930000,5.804000,5.868000
55,19,2,5.718200,5.860000,5.680000,5.563000,5.733000,5.755000
56,0,2,5.843400,5.925000,5.794000,5.771000,5.874000,5.853000
56,1,2,5.491600,5.518000,5.343000,5.463000,5.650000,5.484000
56,2,2,5.625800,5.591000,5.580000,5.634000,5.594000,5.730000
56,3,2,5.803000,5.955000,5.725000,5.757000,5.806000,5.772000
56,4,2,5.911400,6.107000,5.860000,5.714000,5.967000,5.909000
56,5,2,5.768600,5.865000,5.714000,5.553000,5.833000,5.878000
56,6,2,5.548600,5.501000,5.399000,5.595000,5.617000,5.631000
56,7,2,5.366000,5.419000,5.218000,5.331000,5.481000,5.381000
56,8,2,5.722000,5.794000,5.562000,5.802000,5.767000,5.685000
56,9,2,5.831800,5.916000,5.705000,5.824000,5.808000,5.906000
56,10,2,5.845200,5.861000,5.812000,5.794000,5.867000,5.892000
56,11,2,5.546000,5.635000,5.334000,5.509000,5.725000,5.527000
56,12,2,5.745200,5.834000,5.722000,5.716000,5.752000,5.702000
56,13,2,5.743000,5.515000,5.657000,5.788000,5.917000,5.838000
56,14,2,5.528800,5.626000,5.367000,5.640000,5.462000,5.549000
56,15,2,5.545400,5.638000,5.391000,5.482000,5.524000,5.692000
56,16,2,5.837600,5.864000,5.898000,5.784000,5.742000,5.900000
56,17,2,5.653200,5.695000,5.728000,5.594000,5.556000,5.693000
56,18,2,5.922400,6.250000,5.839000,5.619000,5.962000,5.942000
56,19,2,5.765400,5.878000,5.690000,5.683000,5.770000,5.806000
57,0,2,5.925800,5.946000,5.963000,5.982000,5.883000,5.855000
57,1,2,5.882400,5.908000,6.028000,5.894000,5.901000,5.681000
57,2,2,5.902400,5.965000,5.897000,5.891000,5.890000,5.869000
57,3,2,5.469800,5.446000,5.562000,5.552000,5.333000,5.456000
57,4,2,5.877000,5.843000,5.956000,5.990000,5.791000,5.805000
57,5,2,5.687800,5.648000,5.741000,5.785000,5.661000,5.604000
57,6,2,5.810400,5.848000,5.846000,5.917000,5.725000,5.716000
57,7,2,6.121200,6.013000,6.249000,6.213000,6.066000,6.065000
57,8,2,5.805800,5.891000,5.869000,5.895000,5.777000,5.597000
57,9,2,5.829200,5.815000,5.874000,5.899000,5.784000,5.774000
57,10,2,5.667400,5.694000,5.717000,5.688000,5.612000,5.626000
57,11,2,5.803400,5.796000,5.764000,5.847000,5.900000,5.710000
57,12,2,5.762000,5.715000,5.841000,5.774000,5.724000,5.756000
57,13,2,5.627400,5.705000,5.691000,5.651000,5.514000,5.576000
57,14,2,6.075800,6.084000,6.085000,6.161000,6.031000,6.018000
57,15,2,5.443800,5.400000,5.484000,5.458000,5.395000,5.482000
57,16,2,5.854600,5.783000,5.970000,6.038000,5.694000,5.788000
57,17,2,5.990200,5.979000,6.059000,6.091000,5.858000,5.964000
57,18,2,5.596800,5.641000,5.430000,5.723000,5.637000,5.553000
57,19,2,5.812600,5.802000,5.902000,5.816000,5.789000,5.754000
58,0,2,5.545800,5.550000,5.516000,5.566000,5.510000,5.587000
58,1,2,5.940000,5.910000,5.899000,5.945000,5.958000,5.988000
58,2,2,5.905000,5.993000,5.819000,5.899000,5.852000,5.962000
58,3,2,5.544800,5.497000,5.611000,5.501000,5.518000,5.597000
58,4,2,5.968800,6.089000,5.978000,5.914000,5.858000,6.005000
58,5,2,5.840600,5.964000,5.839000,5.738000,5.682000,5.980000
58,6,2,5.931000,5.975000,5.885000,5.961000,5.636000,6.198000
58,7,2,5.810200,5.787000,5.845000,5.818000,5.796000,5.805000
58,8,2,5.908600,5.905000,5.912000,5.876000,5.806000,6.044000
58,9,2,5.836600,5.797000,5.929000,5.878000,5.510000,6.069000
58,10,2,5.870800,5.904000,5.910000,5.854000,5.910000,5.776000
58,11,2,5.640200,5.670000,5.681000,5.626000,5.555000,5.669000
58,12,2,5.935400,5.983000,5.974000,5.888000,5.892000,5.940000
58,13,2,5.411600,5.529000,5.399000,5.281000,5.423000,5.426000
58,14,2,5.795800,5.894000,5.708000,5.855000,5.706000,5.816000
58,15,2,5.805200,5.921000,5.841000,5.770000,5.766000,5.728000
58,16,2,5.847400,5.915000,5.793000,5.707000,5.833000,5.989000
58,17,2,5.760800,5.727000,5.927000,5.676000,5.733000,5.741000
58,18,2,5.924600,5.834000,5.898000,5.918000,5.943000,6.030000
58,19,2,5.931000,5.785000,5.992000,5.893000,5.973000,6.012000
59,0,2,6.102400,6.291000,6.033000,6.030000,5.973000,6.185000
59,1,2,5.927800,6.024000,5.860000,5.868000,5.859000,6.028000
59,2,2,6.023600,6.219000,6.107000,5.930000,5.858000,6.004000
59,3,2,5.599600,5.806000,5.538000,5.474000,5.454000,5.726000
59,4,2,5.818800,5.924000,5.733000,5.805000,5.657000,5.975000
59,5,2,5.771200,5.897000,5.848000,5.726000,5.630000,5.755000
59,6,2,5.906400,6.037000,5.901000,5.843000,5.823000,5.928000
59,7,2,5.738600,5.851000,5.742000,5.636000,5.632000,5.832000
59,8,2,5.843600,5.955000,5.832000,5.863000,5.789000,5.779000
59,9,2,5.372400,5.512000,5.411000,5.300000,5.219000,5.420000
59,10,2,5.254600,5.427000,5.117000,5.190000,5.214000,5.325000
59,11,2,5.815200,5.957000,5.864000,5.839000,5.626000,5.790000
59,12,2,5.762600,5.832000,5.846000,5.711000,5.664000,5.760000
59,13,2,5.688800,5.847000,5.729000,5.582000,5.600000,5.686000
59,14,2,5.637800,5.748000,5.574000,5.578000,5.480000,5.809000
59,15,2,5.667800,5.769000,5.605000,5.543000,5.642000,5.780000
59,16,2,5.996800,6.071000,6.093000,5.989000,5.800000,6.031000
59,17,2,5.925800,6.016000,5.916000,5.736000,5.854000,6.107000
59,18,2,5.686200,5.676000,5.777000,5.715000,5.492000,5.771000
59,19,2,5.955000,6.051000,5.930000,5.804000,5.887000,6.103000
60,0,0,4.130600,4.177000,4.238000,4.197000,4.129000,3.912000
60,1,0,4.537200,4.506000,4.667000,4.464000,4.575000,4.474000
60,2,0,4.175000,4.097000,4.256000,4.212000,4.220000,4.090000
60,3,0,4.231400,4.234000,4.284000,4.173000,4.298000,4.168000
60,4,0,4.119600,4.144000,4.236000,4.152000,4.104000,3.962000
60,5,0,4.224200,4.139000,4.283000,4.267000,4.361000,4.071000
60,6,0,4.509800,4.450000,4.446000,4.517000,4.633000,4.503000
60,7,0,4.348800,4.315000,4.396000,4.291000,4.367000,4.375000
60,8,0,4.428800,4.395000,4.534000,4.419000,4.493000,4.303000
60,9,0,4.231800,4.228000,4.184000,4.241000,4.202000,4.304000
60,10,0,3.953600,3.923000,4.106000,3.991000,3.923000,3.825000
60,11,0,4.253400,4.310000,4.292000,4.245000,4.347000,4.073000
60,12,0,4.144400,3.986000,4.198000,4.096000,4.292000,4.150000
60,13,0,4.210400,4.208000,4.109000,4.272000,4.249000,4.214000
60,14,0,4.180800,4.118000,4.169000,4.206000,4.223000,4.188000
60,15,0,4.363400,4.332000,4.314000,4.414000,4.404000,4.353000
60,16,0,4.229400,4.189000,4.211000,4.275000,4.222000,4.250000
60,17,0,4.179200,4.078000,4.236000,4.252000,4.208000,4.122000
60,18,0,4.301200,4.311000,4.352000,4.274000,4.289000,4.280000
60,19,0,4.412000,4.418000,4.543000,4.409000,4.417000,4.273000
60,20,1,4.570800,4.500000,4.540000,4.508000,4.635000,4.671000
60,21,1,4.300800,4.180000,4.329000,4.249000,4.394000,4.352000
60,22,1,4.437600,4.315000,4.511000,4.379000,4.580000,4.403000
60,23,1,4.282400,4.161000,4.443000,4.224000,4.407000,4.177000
60,24,1,4.268600,4.210000,4.248000,4.273000,4.358000,4.254000
60,25,1,4.360000,4.309000,4.383000,4.373000,4.369000,4.366000
60,26,1,4.324000,4.279000,4.309000,4.340000,4.326000,4.366000
60,27,1,4.467600,4.464000,4.552000,4.388000,4.493000,4.441000
60,28,1,4.474000,4.504000,4.455000,4.417000,4.587000,4.407000
60,29,1,4.489800,4.504000,4.601000,4.443000,4.442000,4.459000
60,30,1,4.481400,4.469000,4.528000,4.457000,4.514000,4.439000
60,31,1,4.496400,4.464000,4.480000,4.505000,4.618000,4.415000
60,32,1,4.435600,4.393000,4.471000,4.347000,4.476000,4.491000
60,33,1,4.664800,4.641000,4.739000,4.619000,4.568000,4.757000
60,34,1,4.531800,4.397000,4.557000,4.617000,4.619000,4.469000
60,35,1,4.210800,4.203000,4.208000,4.230000,4.305000,4.108000
60,36,1,4.226000,4.161000,4.309000,4.378000,4.173000,4.109000
60,37,1,4.464400,4.462000,4.476000,4.524000,4.459000,4.401000
60,38,1,4.220800,4.189000,4.305000,4.251000,4.306000,4.053000
60,39,1,4.169000,4.171000,4.248000,4.129000,4.128000,4.169000
60,40,2,5.234600,5.344000,5.218000,5.185000,5.314000,5.112000
60,41,2,5.831400,5.721000,5.812000,5.771000,5.989000,5.864000
60,42,2,5.709000,5.560000,5.736000,5.714000,5.854000,5.681000
60,43,2,5.689600,5.704000,5.692000,5.680000,5.705000,5.667000
60,44,2,5.831200,5.827000,5.786000,5.862000,5.729000,5.952000
60,45,2,5.839600,5.779000,5.894000,5.779000,5.882000,5.864000
60,46,2,5.704600,5.623000,5.745000,5.669000,5.752000,5.734000
60,47,2,5.745200,5.991000,5.190000,5.642000,5.976000,5.927000
60,48,2,5.916000,5.756000,5.882000,5.943000,6.002000,5.997000
60,49,2,5.692600,5.698000,5.632000,5.691000,5.655000,5.787000
60,50,2,5.430600,5.115000,6.017000,4.989000,5.349000,5.683000
60,51,2,5.907200,5.913000,6.039000,5.850000,5.888000,5.846000
60,52,2,5.647600,5.511000,5.671000,5.640000,5.812000,5.604000
60,53,2,6.069800,6.075000,6.022000,6.084000,6.109000,6.059000
60,54,2,5.537600,5.472000,5.533000,5.609000,5.555000,5.519000
60,55,2,5.762400,5.652000,5.796000,5.722000,5.801000,5.841000
60,56,2,5.841200,5.827000,5.836000,5.831000,5.844000,5.868000
60,57,2,5.677200,5.644000,5.704000,5.532000,5.738000,5.768000
60,58,2,6.044600,6.076000,5.970000,6.094000,5.983000,6.100000
60,59,2,6.023200,6.024000,6.031000,5.998000,6.060000,6.003000
60,60,3,4.319200,4.170000,4.303000,4.569000,4.257000,4.297000
60,61,3,4.204600,4.101000,4.270000,4.194000,4.271000,4.187000
60,62,3,4.397800,4.215000,4.461000,4.399000,4.497000,4.417000
60,63,3,4.185000,4.089000,4.264000,4.244000,4.248000,4.080000
60,64,3,4.121800,4.035000,4.209000,4.080000,4.209000,4.076000
60,65,3,4.571200,4.537000,4.513000,4.629000,4.608000,4.569000
60,66,3,4.313200,4.139000,4.383000,4.435000,4.279000,4.330000
60,67,3,4.307000,4.342000,4.366000,4.173000,4.371000,4.283000
60,68,3,4.107600,4.002000,4.169000,4.136000,4.168000,4.063000
60,69,3,4.420800,4.239000,4.416000,4.422000,4.523000,4.504000
60,70,3,4.316600,4.106000,4.334000,4.332000,4.429000,4.382000
60,71,3,4.408600,4.334000,4.432000,4.464000,4.443000,4.370000
60,72,3,4.296000,4.280000,4.422000,4.241000,4.311000,4.226000
60,73,3,4.260600,4.252000,4.269000,4.264000,4.354000,4.164000
60,74,3,4.345600,4.312000,4.356000,4.395000,4.336000,4.329000
60,75,3,4.395200,4.264000,4.434000,4.539000,4.409000,4.330000
60,76,3,4.318600,4.296000,4.271000,4.341000,4.387000,4.298000
60,77,3,4.278000,4.203000,4.385000,4.275000,4.278000,4.249000
60,78,3,4.162200,4.259000,4.200000,4.089000,4.232000,4.031000
60,79,3,4.424400,4.396000,4.428000,4.448000,4.504000,4.346000
60,80,4,4.375400,4.255000,4.460000,4.310000,4.461000,4.391000
60,81,4,4.330600,4.220000,4.398000,4.364000,4.469000,4.202000
60,82,4,4.318600,4.397000,4.299000,4.396000,4.318000,4.183000
60,83,4,4.392800,4.257000,4.418000,4.377000,4.552000,4.360000
60,84,4,4.327400,4.255000,4.425000,4.311000,4.423000,4.223000
60,85,4,4.160800,4.043000,4.146000,4.269000,4.180000,4.166000
60,86,4,4.257200,4.124000,4.212000,4.289000,4.332000,4.329000
60,87,4,4.276200,4.190000,4.281000,4.282000,4.381000,4.247000
60,88,4,4.262200,4.149000,4.231000,4.272000,4.407000,4.252000
60,89,4,4.442600,4.313000,4.470000,4.573000,4.440000,4.417000
60,90,4,4.210800,4.146000,4.208000,4.205000,4.287000,4.208000
60,91,4,4.244000,4.197000,4.252000,4.199000,4.375000,4.197000
60,92,4,3.985800,4.010000,4.148000,3.993000,3.884000,3.894000
60,93,4,4.373600,4.370000,4.440000,4.422000,4.350000,4.286000
60,94,4,4.199200,4.193000,4.133000,4.239000,4.251000,4.180000
60,95,4,4.250000,4.148000,4.323000,4.245000,4.241000,4.293000
60,96,4,4.124000,4.047000,4.206000,4.226000,4.128000,4.013000
60,97,4,4.429400,4.283000,4.398000,4.490000,4.542000,4.434000
60,98,4,4.287800,4.226000,4.281000,4.256000,4.319000,4.357000
60,99,4,4.336600,4.263000,4.408000,4.330000,4.398000,4.284000
61,0,2,5.859200,5.765000,5.971000,5.877000,5.843000,5.840000
61,1,2,5.897800,5.885000,6.012000,5.934000,5.823000,5.835000
61,2,2,5.891400,5.825000,6.071000,5.863000,5.843000,5.855000
61,3,2,6.071600,6.015000,6.120000,6.109000,6.010000,6.104000
61,4,2,5.720600,5.664000,5.796000,5.727000,5.742000,5.674000
61,5,2,5.581800,5.656000,5.708000,5.473000,5.576000,5.496000
61,6,2,5.590600,5.563000,5.721000,5.618000,5.546000,5.505000
61,7,2,5.610600,5.522000,5.766000,5.530000,5.730000,5.505000
61,8,2,5.686400,5.641000,5.827000,5.678000,5.754000,5.532000
61,9,2,5.989600,5.912000,5.958000,6.092000,5.991000,5.995000
61,10,2,5.709200,5.654000,5.660000,5.777000,5.813000,5.642000
61,11,2,5.708600,5.745000,5.737000,5.688000,5.815000,5.558000
61,12,2,5.321000,5.368000,5.335000,5.335000,5.316000,5.251000
61,13,2,5.773600,5.623000,5.856000,5.697000,5.832000,5.860000
61,14,2,5.825800,5.786000,6.003000,5.803000,5.886000,5.651000
61,15,2,5.354000,5.376000,5.384000,5.331000,5.437000,5.242000
61,16,2,5.884400,5.994000,5.948000,5.786000,5.898000,5.796000
61,17,2,5.844600,5.703000,6.077000,5.719000,5.889000,5.835000
61,18,2,5.726600,5.684000,5.803000,5.629000,5.769000,5.748000
61,19,2,5.533600,5.699000,5.719000,4.847000,5.843000,5.560000
62,0,2,5.802600,5.919000,5.697000,5.762000,5.815000,5.820000
62,1,2,5.926000,6.025000,5.850000,5.950000,6.030000,5.775000
62,2,2,5.765000,5.868000,5.628000,5.822000,5.863000,5.644000
62,3,2,5.846000,5.938000,5.782000,5.954000,5.764000,5.792000
62,4,2,5.984800,6.215000,5.862000,5.847000,5.890000,6.110000
62,5,2,5.978200,6.016000,5.890000,6.029000,5.890000,6.066000
62,6,2,5.975600,6.064000,5.888000,6.014000,5.930000,5.982000
62,7,2,5.861400,5.906000,5.720000,5.848000,5.823000,6.010000
62,8,2,5.609000,5.731000,5.662000,5.621000,5.531000,5.500000
62,9,2,5.314800,5.202000,5.627000,5.262000,5.115000,5.368000
62,10,2,5.896200,5.981000,5.773000,5.895000,5.898000,5.934000
62,11,2,5.802800,5.909000,5.735000,5.847000,5.891000,5.632000
62,12,2,5.818000,5.992000,5.839000,5.742000,5.774000,5.743000
62,13,2,5.857200,6.042000,5.777000,5.771000,5.818000,5.878000
62,14,2,5.722600,5.500000,5.898000,5.515000,5.894000,5.806000
62,15,2,5.651200,5.722000,5.656000,5.644000,5.648000,5.586000
62,16,2,5.822600,5.955000,5.759000,5.789000,5.818000,5.792000
62,17,2,5.903600,5.993000,5.785000,5.894000,5.902000,5.944000
62,18,2,5.730000,5.860000,5.649000,5.887000,5.639000,5.615000
62,19,2,5.897000,6.021000,5.834000,5.920000,5.842000,5.868000
63,0,2,5.850200,5.762000,5.848000,5.948000,5.837000,5.856000
63,1,2,5.797800,5.781000,5.837000,5.719000,5.794000,5.858000
63,2,2,5.636200,5.614000,5.588000,5.595000,5.624000,5.760000
63,3,2,5.563000,5.437000,5.573000,5.609000,5.510000,5.686000
63,4,2,5.573800,5.507000,5.588000,5.535000,5.569000,5.670000
63,5,2,6.055000,6.020000,6.233000,5.979000,6.034000,6.009000
63,6,2,5.715600,5.676000,5.753000,5.750000,5.783000,5.616000
63,7,2,5.704800,5.635000,5.673000,5.771000,5.775000,5.670000
63,8,2,5.982400,6.105000,5.871000,5.992000,5.969000,5.975000
63,9,2,5.690400,5.789000,5.533000,5.706000,5.690000,5.734000
63,10,2,5.820000,5.843000,5.829000,5.960000,5.945000,5.523000
63,11,2,6.078800,6.184000,6.054000,5.974000,6.121000,6.061000
63,12,2,5.836400,5.868000,5.934000,5.771000,5.797000,5.812000
63,13,2,5.742400,5.796000,5.549000,5.802000,5.807000,5.758000
63,14,2,5.838400,5.920000,5.786000,5.778000,5.801000,5.907000
63,15,2,5.339800,5.260000,5.467000,5.485000,5.170000,5.317000
63,16,2,5.937600,5.909000,5.948000,6.003000,5.933000,5.895000
63,17,2,5.767200,5.713000,5.802000,5.791000,5.734000,5.796000
63,18,2,6.150600,6.267000,6.102000,6.239000,5.849000,6.296000
63,19,2,5.881400,5.848000,5.902000,5.888000,5.850000,5.919000
64,0,2,5.625800,5.758000,5.492000,5.746000,5.452000,5.681000
64,1,2,5.932000,5.873000,5.855000,5.993000,5.885000,6.054000
64,2,2,6.043000,6.105000,6.005000,6.054000,6.060000,5.991000
64,3,2,6.066000,6.116000,6.043000,5.988000,6.018000,6.165000
64,4,2,6.039600,6.075000,5.988000,6.059000,5.956000,6.120000
64,5,2,5.945400,5.952000,5.937000,5.973000,5.946000,5.919000
64,6,2,5.908400,5.827000,5.802000,6.146000,5.769000,5.998000
64,7,2,5.476200,5.565000,5.442000,5.490000,5.399000,5.485000
64,8,2,5.908200,6.011000,5.891000,5.980000,5.769000,5.890000
64,9,2,5.360000,5.407000,5.230000,5.451000,5.257000,5.455000
64,10,2,5.826800,5.893000,5.774000,5.896000,5.658000,5.913000
64,11,2,6.043000,6.148000,5.937000,6.053000,5.977000,6.100000
64,12,2,6.062000,6.014000,6.004000,6.048000,6.034000,6.210000
64,13,2,5.928600,5.974000,5.852000,6.028000,5.849000,5.940000
64,14,2,5.905200,5.774000,5.723000,5.858000,6.009000,6.162000
64,15,2,5.800000,5.795000,5.725000,5.897000,5.748000,5.835000
64,16,2,6.167600,6.161000,6.099000,6.266000,6.093000,6.219000
64,17,2,5.844400,5.891000,5.758000,5.854000,5.787000,5.932000
64,18,2,5.463400,5.403000,5.450000,5.674000,5.264000,5.526000
64,19,2,5.380600,5.402000,5.361000,5.481000,5.278000,5.381000
65,0,2,5.886200,5.688000,5.995000,5.819000,5.957000,5.972000
65,1,2,5.830400,5.721000,5.877000,5.920000,5.734000,5.900000
65,2,2,5.676800,5.547000,5.710000,5.703000,5.686000,5.738000
65,3,2,5.646200,5.478000,5.700000,5.677000,5.614000,5.762000
65,4,2,6.049000,5.902000,6.108000,6.023000,6.173000,6.039000
65,5,2,5.988400,5.950000,6.000000,5.844000,6.023000,6.125000
65,6,2,5.936200,5.859000,6.055000,5.865000,5.959000,5.943000
65,7,2,5.533400,5.370000,5.559000,5.505000,5.558000,5.675000
65,8,2,5.986800,5.956000,5.979000,5.925000,6.041000,6.033000
65,9,2,5.577400,5.416000,5.738000,5.542000,5.568000,5.623000
65,10,2,5.869400,5.747000,5.995000,5.912000,5.871000,5.822000
65,11,2,5.736600,5.562000,5.802000,5.730000,5.748000,5.841000
65,12,2,6.012800,5.963000,6.116000,6.019000,5.950000,6.016000
65,13,2,5.854400,5.713000,5.953000,5.854000,5.815000,5.937000
65,14,2,5.951600,5.741000,5.965000,5.959000,6.015000,6.078000
65,15,2,5.461600,5.288000,5.527000,5.466000,5.539000,5.488000
65,16,2,5.802200,5.638000,5.927000,5.730000,5.884000,5.832000
65,17,2,6.046000,6.038000,6.107000,6.031000,5.954000,6.100000
65,18,2,6.033400,5.937000,6.078000,5.951000,6.056000,6.145000
65,19,2,5.848600,5.750000,5.902000,5.881000,5.762000,5.948000
66,0,2,5.903400,5.769000,5.928000,5.810000,6.018000,5.992000
66,1,2,5.806000,5.771000,5.757000,5.861000,5.907000,5.734000
66,2,2,5.664200,5.607000,5.615000,5.799000,5.795000,5.505000
66,3,2,5.833200,5.919000,5.824000,5.840000,5.820000,5.763000
66,4,2,5.836600,5.705000,5.884000,5.836000,5.914000,5.844000
66,5,2,6.074400,5.922000,6.150000,6.073000,6.202000,6.025000
66,6,2,5.957000,5.883000,5.924000,6.047000,5.894000,6.037000
66,7,2,6.037400,5.893000,5.982000,6.001000,6.219000,6.092000
66,8,2,5.414400,5.349000,5.477000,5.502000,5.365000,5.379000
66,9,2,6.100800,6.173000,6.021000,6.046000,6.098000,6.166000
66,10,2,5.783800,5.745000,5.803000,5.810000,5.830000,5.731000
66,11,2,5.971200,5.997000,5.974000,5.942000,6.024000,5.919000
66,12,2,5.924000,5.853000,5.908000,5.945000,5.949000,5.965000
66,13,2,5.837000,5.920000,5.776000,5.911000,5.711000,5.867000
66,14,2,5.860600,5.740000,5.978000,5.883000,5.872000,5.830000
66,15,2,5.923800,5.808000,5.877000,6.072000,5.950000,5.912000
66,16,2,6.061000,5.996000,6.071000,6.137000,6.056000,6.045000
66,17,2,5.589600,5.687000,5.532000,5.579000,5.545000,5.605000
66,18,2,5.827800,5.811000,5.851000,5.824000,5.861000,5.792000
66,19,2,5.731200,5.671000,5.682000,5.797000,5.791000,5.715000
67,0,2,6.005600,6.163000,5.989000,5.979000,5.814000,6.083000
67,1,2,5.873200,5.778000,5.991000,5.888000,5.853000,5.856000
67,2,2,5.602400,5.611000,5.455000,5.647000,5.577000,5.722000
67,3,2,6.008200,6.085000,5.794000,6.040000,6.044000,6.078000
67,4,2,6.057600,6.106000,6.164000,6.035000,5.982000,6.001000
67,5,2,5.901600,5.919000,5.918000,5.841000,5.779000,6.051000
67,6,2,5.792000,5.791000,5.829000,5.806000,5.788000,5.746000
67,7,2,5.823000,5.828000,5.890000,5.838000,5.800000,5.759000
67,8,2,5.925200,5.807000,6.036000,5.947000,5.923000,5.913000
67,9,2,5.956200,6.046000,5.810000,5.984000,5.846000,6.095000
67,10,2,6.271000,6.251000,6.299000,6.363000,6.190000,6.252000
67,11,2,5.883800,5.870000,5.946000,5.955000,5.877000,5.771000
67,12,2,5.880000,5.913000,5.958000,5.801000,5.761000,5.967000
67,13,2,5.538600,5.521000,5.566000,5.557000,5.487000,5.562000
67,14,2,6.041000,5.961000,6.047000,6.106000,6.058000,6.033000
67,15,2,5.803800,5.932000,5.789000,5.785000,5.678000,5.835000
67,16,2,5.725800,5.728000,5.869000,5.576000,5.614000,5.842000
67,17,2,6.059400,5.887000,6.202000,6.053000,6.038000,6.117000
67,18,2,6.096600,6.015000,6.086000,6.154000,6.099000,6.129000
67,19,2,5.305600,5.261000,5.378000,5.340000,5.379000,5.170000
68,0,2,6.230400,6.191000,6.299000,6.105000,6.315000,6.242000
68,1,2,6.129400,6.092000,6.063000,6.064000,6.299000,6.129000
68,2,2,6.126600,6.064000,6.196000,6.124000,6.237000,6.012000
68,3,2,6.078800,6.042000,6.164000,6.058000,5.983000,6.147000
68,4,2,5.899800,5.995000,5.849000,5.828000,5.916000,5.911000
68,5,2,5.851200,5.980000,5.980000,5.633000,5.728000,5.935000
68,6,2,5.907600,5.715000,6.019000,5.866000,5.922000,6.016000
68,7,2,6.050600,6.026000,6.161000,5.897000,6.046000,6.123000
68,8,2,5.848000,5.868000,5.750000,5.735000,5.946000,5.941000
68,9,2,5.954000,5.857000,6.045000,5.925000,6.001000,5.942000
68,10,2,5.681800,5.573000,5.800000,5.613000,5.646000,5.777000
68,11,2,6.039000,6.043000,6.044000,5.900000,6.080000,6.128000
68,12,2,6.063200,5.987000,6.114000,5.984000,6.057000,6.174000
68,13,2,5.685800,5.593000,5.735000,5.764000,5.676000,5.661000
68,14,2,5.610400,5.566000,5.744000,5.583000,5.548000,5.611000
68,15,2,6.123800,6.201000,6.180000,6.046000,6.075000,6.117000
68,16,2,6.132400,6.183000,6.188000,6.100000,6.000000,6.191000
68,17,2,5.864400,5.829000,5.905000,5.837000,5.803000,5.948000
68,18,2,6.061200,6.031000,6.078000,5.996000,6.073000,6.128000
68,19,2,5.886800,5.976000,5.910000,5.774000,5.828000,5.946000
69,0,2,5.814400,5.705000,5.765000,5.914000,5.972000,5.716000
69,1,2,5.853000,5.822000,5.805000,5.854000,5.954000,5.830000
69,2,2,5.937800,5.897000,5.898000,5.991000,5.979000,5.924000
69,3,2,5.946400,5.786000,6.030000,6.006000,6.047000,5.863000
69,4,2,5.897000,5.853000,5.909000,5.794000,6.014000,5.915000
69,5,2,6.002600,6.014000,6.035000,6.004000,5.977000,5.983000
69,6,2,5.915000,5.953000,5.895000,5.965000,5.922000,5.840000
69,7,2,6.101000,6.070000,6.092000,6.129000,6.085000,6.129000
69,8,2,5.894600,5.947000,5.826000,5.890000,5.925000,5.885000
69,9,2,6.032000,6.027000,5.974000,6.000000,6.134000,6.025000
69,10,2,6.078200,6.020000,5.997000,6.044000,6.280000,6.050000
69,11,2,6.003000,5.866000,5.947000,6.087000,6.189000,5.926000
69,12,2,5.564200,5.448000,5.426000,5.662000,5.610000,5.675000
69,13,2,6.225800,6.061000,6.317000,6.178000,6.186000,6.387000
69,14,2,5.749400,5.655000,5.710000,5.837000,5.847000,5.698000
69,15,2,5.721200,5.667000,5.707000,5.829000,5.707000,5.696000
69,16,2,5.871400,5.872000,5.700000,5.930000,5.925000,5.930000
69,17,2,6.038800,6.005000,5.934000,6.100000,6.102000,6.053000
69,18,2,6.173800,6.083000,6.099000,6.088000,6.338000,6.261000
69,19,2,6.199800,6.199000,6.221000,6.172000,6.268000,6.139000
70,0,0,4.407800,4.397000,4.364000,4.387000,4.344000,4.547000
70,1,0,4.358200,4.172000,4.391000,4.338000,4.464000,4.426000
70,2,0,4.468000,4.369000,4.508000,4.555000,4.449000,4.459000
70,3,0,4.689000,4.622000,4.775000,4.757000,4.609000,4.682000
70,4,0,4.429200,4.339000,4.462000,4.490000,4.414000,4.441000
70,5,0,4.423200,4.242000,4.528000,4.447000,4.473000,4.426000
70,6,0,4.271600,4.154000,4.307000,4.281000,4.296000,4.320000
70,7,0,4.314800,4.219000,4.381000,4.402000,4.294000,4.278000
70,8,0,4.296000,4.229000,4.303000,4.252000,4.317000,4.379000
70,9,0,4.270000,4.277000,4.259000,4.283000,4.182000,4.349000
70,10,0,4.248200,4.183000,4.232000,4.279000,4.202000,4.345000
70,11,0,4.604400,4.438000,4.674000,4.534000,4.586000,4.790000
70,12,0,4.499800,4.408000,4.554000,4.554000,4.411000,4.572000
70,13,0,4.382800,4.240000,4.533000,4.501000,4.363000,4.277000
70,14,0,4.444200,4.474000,4.441000,4.498000,4.366000,4.442000
70,15,0,4.351200,4.320000,4.357000,4.263000,4.388000,4.428000
70,16,0,4.609800,4.491000,4.690000,4.705000,4.601000,4.562000
70,17,0,4.635200,4.498000,4.630000,4.659000,4.759000,4.630000
70,18,0,4.329600,4.216000,4.348000,4.360000,4.284000,4.440000
70,19,0,4.572400,4.529000,4.709000,4.559000,4.474000,4.591000
70,20,1,4.593800,4.584000,4.696000,4.712000,4.400000,4.577000
70,21,1,4.642600,4.653000,4.652000,4.603000,4.582000,4.723000
70,22,1,4.205200,4.065000,4.328000,4.274000,4.114000,4.245000
70,23,1,4.267400,4.207000,4.263000,4.169000,4.340000,4.358000
70,24,1,4.397800,4.413000,4.420000,4.468000,4.405000,4.283000
70,25,1,4.665400,4.602000,4.786000,4.566000,4.641000,4.732000
70,26,1,4.506600,4.440000,4.546000,4.521000,4.429000,4.597000
70,27,1,4.640200,4.525000,4.652000,4.733000,4.652000,4.639000
70,28,1,4.600600,4.443000,4.680000,4.623000,4.567000,4.690000
70,29,1,4.667200,4.653000,4.693000,4.688000,4.586000,4.716000
70,30,1,4.268600,4.140000,4.254000,4.333000,4.204000,4.412000
70,31,1,4.223400,4.223000,4.192000,4.179000,4.370000,4.153000
70,32,1,4.511200,4.491000,4.461000,4.667000,4.350000,4.587000
70,33,1,4.372000,4.326000,4.364000,4.529000,4.344000,4.297000
70,34,1,4.568800,4.527000,4.578000,4.583000,4.648000,4.508000
70,35,1,4.456200,4.411000,4.513000,4.431000,4.420000,4.506000
70,36,1,4.477800,4.361000,4.529000,4.535000,4.501000,4.463000
70,37,1,4.421400,4.374000,4.483000,4.374000,4.345000,4.531000
70,38,1,4.629800,4.563000,4.622000,4.673000,4.637000,4.654000
70,39,1,4.576800,4.427000,4.718000,4.587000,4.564000,4.588000
70,40,2,6.159200,6.210000,5.998000,6.323000,6.103000,6.162000
70,41,2,5.999800,5.936000,6.023000,6.107000,5.883000,6.050000
70,42,2,6.257600,6.171000,6.176000,6.398000,6.205000,6.338000
70,43,2,5.945800,5.930000,5.931000,6.030000,5.783000,6.055000
70,44,2,6.235000,6.232000,6.113000,6.329000,6.118000,6.383000
70,45,2,6.117000,6.134000,6.026000,6.251000,6.097000,6.077000
70,46,2,5.968400,6.032000,5.923000,6.108000,5.763000,6.016000
70,47,2,5.984000,6.018000,5.920000,6.088000,5.867000,6.027000
70,48,2,6.128400,6.180000,6.112000,6.190000,6.063000,6.097000
70,49,2,6.367000,6.366000,6.264000,6.580000,6.299000,6.326000
70,50,2,6.229400,6.306000,6.067000,6.334000,6.227000,6.213000
70,51,2,6.224200,6.205000,6.137000,6.387000,6.135000,6.257000
70,52,2,6.083200,6.115000,6.027000,6.224000,5.832000,6.218000
70,53,2,6.227200,6.250000,6.198000,6.298000,6.158000,6.232000
70,54,2,6.118400,6.139000,6.114000,6.118000,6.105000,6.116000
70,55,2,6.053400,5.991000,6.021000,6.125000,6.004000,6.126000
70,56,2,6.001600,6.038000,5.941000,6.116000,5.825000,6.088000
70,57,2,5.986400,5.864000,6.089000,6.092000,5.877000,6.010000
70,58,2,6.224200,6.246000,6.149000,6.334000,6.124000,6.268000
70,59,2,5.921600,5.897000,5.944000,5.980000,5.770000,6.017000
70,60,3,4.299400,4.273000,4.355000,4.210000,4.293000,4.366000
70,61,3,4.190200,4.009000,4.302000,4.267000,4.096000,4.277000
70,62,3,4.415600,4.426000,4.338000,4.483000,4.401000,4.430000
70,63,3,4.292400,4.311000,4.304000,4.321000,4.128000,4.398000
70,64,3,4.315000,4.236000,4.273000,4.353000,4.409000,4.304000
70,65,3,4.194800,4.170000,4.050000,4.338000,4.202000,4.214000
70,66,3,4.378800,4.299000,4.344000,4.493000,4.282000,4.476000
70,67,3,4.409200,4.317000,4.397000,4.444000,4.439000,4.449000
70,68,3,4.506800,4.437000,4.540000,4.663000,4.342000,4.552000
70,69,3,4.302000,4.378000,4.239000,4.332000,4.224000,4.337000
70,70,3,4.281600,4.313000,4.219000,4.402000,4.293000,4.181000
70,71,3,4.270200,4.133000,4.240000,4.471000,4.244000,4.263000
70,72,3,4.451000,4.388000,4.461000,4.441000,4.514000,4.451000
70,73,3,4.591400,4.462000,4.548000,4.693000,4.637000,4.617000
70,74,3,4.268800,4.245000,4.286000,4.269000,4.254000,4.290000
70,75,3,4.223000,4.211000,4.239000,4.276000,4.155000,4.234000
70,76,3,4.279800,4.233000,4.337000,4.273000,4.275000,4.281000
70,77,3,4.254200,4.106000,4.258000,4.321000,4.301000,4.285000
70,78,3,4.306600,4.421000,4.192000,4.414000,4.179000,4.327000
70,79,3,4.290000,4.259000,4.272000,4.289000,4.260000,4.370000
70,80,4,4.266800,4.286000,4.237000,4.356000,4.110000,4.345000
70,81,4,4.278200,4.216000,4.283000,4.206000,4.287000,4.399000
70,82,4,4.309400,4.233000,4.253000,4.297000,4.317000,4.447000
70,83,4,4.287800,4.198000,4.164000,4.323000,4.387000,4.367000
70,84,4,4.501800,4.376000,4.541000,4.540000,4.461000,4.591000
70,85,4,4.378800,4.307000,4.309000,4.385000,4.451000,4.442000
70,86,4,4.697400,4.688000,4.704000,4.701000,4.619000,4.775000
70,87,4,4.361000,4.256000,4.496000,4.321000,4.358000,4.374000
70,88,4,4.655400,4.640000,4.602000,4.793000,4.608000,4.634000
70,89,4,4.471800,4.450000,4.399000,4.510000,4.401000,4.599000
70,90,4,4.581800,4.573000,4.665000,4.627000,4.597000,4.447000
70,91,4,4.400600,4.405000,4.336000,4.490000,4.357000,4.415000
70,92,4,4.421800,4.415000,4.449000,4.519000,4.340000,4.386000
70,93,4,4.414800,4.350000,4.356000,4.450000,4.453000,4.465000
70,94,4,4.442800,4.365000,4.416000,4.522000,4.386000,4.525000
70,95,4,4.470200,4.361000,4.458000,4.583000,4.433000,4.516000
70,96,4,4.227000,4.135000,4.223000,4.172000,4.260000,4.345000
70,97,4,4.295800,4.203000,4.353000,4.368000,4.264000,4.291000
70,98,4,4.488200,4.499000,4.565000,4.440000,4.421000,4.516000
70,99,4,4.258400,4.226000,4.181000,4.270000,4.238000,4.377000
71,0,2,6.062400,6.040000,6.136000,6.020000,6.076000,6.040000
71,1,2,5.794800,5.761000,5.764000,5.731000,5.791000,5.927000
71,2,2,6.077000,6.081000,6.085000,6.061000,6.174000,5.984000
71,3,2,6.259400,6.376000,6.249000,6.213000,6.238000,6.221000
71,4,2,6.296400,6.235000,6.303000,6.285000,6.279000,6.380000
71,5,2,6.174000,6.075000,6.185000,6.216000,6.208000,6.186000
71,6,2,6.203800,6.265000,6.225000,6.114000,6.266000,6.149000
71,7,2,6.172200,6.109000,6.285000,6.155000,6.194000,6.118000
71,8,2,5.821800,5.733000,5.859000,5.755000,5.941000,5.821000
71,9,2,6.333400,6.252000,6.309000,6.198000,6.483000,6.425000
71,10,2,6.176400,5.919000,6.169000,6.218000,6.398000,6.178000
71,11,2,6.331000,6.234000,6.312000,6.319000,6.450000,6.340000
71,12,2,5.971400,5.919000,6.017000,5.921000,6.073000,5.927000
71,13,2,6.163600,6.089000,6.165000,6.141000,6.279000,6.144000
71,14,2,5.940400,6.009000,5.976000,5.851000,5.935000,5.931000
71,15,2,6.316800,6.223000,6.327000,6.306000,6.437000,6.291000
71,16,2,6.201200,6.142000,6.260000,6.251000,6.249000,6.104000
71,17,2,5.983600,5.836000,6.134000,5.902000,6.101000,5.945000
71,18,2,6.110800,6.095000,6.138000,6.055000,6.195000,6.071000
71,19,2,6.178600,6.125000,6.241000,6.129000,6.314000,6.084000
72,0,2,5.782800,5.723000,5.986000,5.702000,5.789000,5.714000
72,1,2,6.014800,5.839000,6.197000,5.950000,6.112000,5.976000
72,2,2,6.000400,5.970000,6.073000,5.992000,5.991000,5.976000
72,3,2,6.288400,6.149000,6.367000,6.271000,6.398000,6.257000
72,4,2,6.108400,6.352000,6.130000,6.056000,5.897000,6.107000
72,5,2,6.386600,6.323000,6.351000,6.452000,6.426000,6.381000
72,6,2,5.847600,5.780000,5.876000,5.827000,5.905000,5.850000
72,7,2,6.281400,6.111000,6.452000,6.231000,6.354000,6.259000
72,8,2,6.355600,6.317000,6.414000,6.271000,6.458000,6.318000
72,9,2,6.184400,6.257000,6.255000,6.075000,6.170000,6.165000
72,10,2,5.953600,5.747000,6.077000,5.991000,6.053000,5.900000
72,11,2,6.109400,6.029000,6.219000,5.995000,6.182000,6.122000
72,12,2,6.163000,6.043000,6.401000,6.170000,6.082000,6.119000
72,13,2,6.008800,5.827000,6.159000,5.999000,6.117000,5.942000
72,14,2,6.117200,6.106000,6.093000,6.049000,6.199000,6.139000
72,15,2,5.958600,5.850000,6.000000,6.034000,6.061000,5.848000
72,16,2,6.028600,5.899000,6.035000,5.978000,6.161000,6.070000
72,17,2,5.936200,5.843000,6.084000,5.840000,6.059000,5.855000
72,18,2,5.870600,5.686000,6.007000,5.899000,5.922000,5.839000
72,19,2,5.794600,5.836000,5.819000,5.795000,5.851000,5.672000
73,0,2,5.783800,5.904000,5.668000,5.745000,5.882000,5.720000
73,1,2,6.105600,6.366000,5.976000,5.961000,6.146000,6.079000
73,2,2,5.944200,6.033000,5.962000,5.909000,6.034000,5.783000
73,3,2,6.153600,6.263000,5.973000,6.289000,6.238000,6.005000
73,4,2,6.191800,6.285000,6.105000,6.161000,6.274000,6.134000
73,5,2,5.939400,6.008000,5.891000,5.957000,5.996000,5.845000
73,6,2,6.067400,6.076000,6.021000,6.108000,6.088000,6.044000
73,7,2,6.238200,6.232000,6.001000,6.370000,6.277000,6.311000
73,8,2,6.137400,6.078000,5.958000,6.263000,6.325000,6.063000
73,9,2,6.238400,6.417000,6.078000,6.330000,6.073000,6.294000
73,10,2,6.259600,6.271000,6.209000,6.407000,6.254000,6.157000
73,11,2,6.229400,6.330000,6.150000,6.239000,6.148000,6.280000
73,12,2,6.320800,6.394000,6.373000,6.280000,6.332000,6.225000
73,13,2,6.171200,6.339000,6.119000,6.144000,6.265000,5.989000
73,14,2,6.348200,6.412000,6.251000,6.345000,6.413000,6.320000
73,15,2,6.443200,6.516000,6.365000,6.494000,6.509000,6.332000
73,16,2,6.252200,6.248000,6.271000,6.251000,6.258000,6.233000
73,17,2,6.011600,6.224000,5.958000,5.943000,5.982000,5.951000
73,18,2,6.177800,6.148000,6.074000,6.267000,6.317000,6.083000
73,19,2,5.850800,5.718000,5.755000,5.983000,6.076000,5.722000
74,0,2,6.347600,6.418000,6.358000,6.333000,6.384000,6.245000
74,1,2,6.188000,6.353000,6.085000,6.092000,6.209000,6.201000
74,2,2,6.188800,6.151000,6.230000,6.223000,6.075000,6.265000
74,3,2,6.215800,6.121000,6.392000,6.192000,6.137000,6.237000
74,4,2,5.932200,5.965000,5.982000,5.905000,5.974000,5.835000
74,5,2,5.900800,5.807000,6.032000,5.827000,5.929000,5.909000
74,6,2,6.218600,6.297000,6.242000,6.112000,6.225000,6.217000
74,7,2,6.057200,6.132000,6.121000,6.098000,5.938000,5.997000
74,8,2,6.021000,5.959000,6.077000,5.934000,6.133000,6.002000
74,9,2,6.189600,6.143000,6.284000,6.157000,6.101000,6.263000
74,10,2,6.065800,6.131000,6.142000,6.028000,6.056000,5.972000
74,11,2,6.294200,6.317000,6.401000,6.274000,6.310000,6.169000
74,12,2,6.151200,6.275000,6.219000,6.053000,6.081000,6.128000
74,13,2,6.101400,6.224000,6.091000,6.033000,5.999000,6.160000
74,14,2,6.155400,6.089000,6.197000,6.134000,6.162000,6.195000
74,15,2,6.289400,6.306000,6.489000,5.967000,6.300000,6.385000
74,16,2,5.796600,5.804000,5.937000,5.721000,5.875000,5.646000
74,17,2,6.257000,6.313000,6.358000,6.199000,6.265000,6.150000
74,18,2,6.088200,6.144000,6.170000,5.975000,6.027000,6.125000
74,19,2,5.734200,5.820000,5.901000,5.548000,5.827000,5.575000
75,0,2,6.070000,5.992000,5.984000,6.043000,6.156000,6.175000
75,1,2,6.049800,5.988000,5.988000,6.089000,5.975000,6.209000
75,2,2,6.263600,6.262000,6.286000,6.163000,6.245000,6.362000
75,3,2,5.902000,5.778000,5.787000,5.935000,5.965000,6.045000
75,4,2,6.147400,6.054000,6.142000,6.088000,6.215000,6.238000
75,5,2,6.252200,6.208000,6.233000,6.116000,6.385000,6.319000
75,6,2,5.885400,5.848000,5.752000,5.921000,5.964000,5.942000
75,7,2,6.418000,6.438000,6.466000,6.371000,6.423000,6.392000
75,8,2,6.267000,6.242000,6.119000,6.157000,6.486000,6.331000
75,9,2,6.235400,6.045000,6.226000,6.157000,6.400000,6.349000
75,10,2,6.201400,6.194000,6.114000,6.086000,6.409000,6.204000
75,11,2,6.303200,6.314000,6.193000,6.217000,6.513000,6.279000
75,12,2,5.998600,5.842000,6.043000,5.772000,6.188000,6.148000
75,13,2,6.330400,6.366000,6.262000,6.242000,6.442000,6.340000
75,14,2,5.976200,5.871000,5.830000,5.816000,6.156000,6.208000
75,15,2,6.217200,6.131000,6.275000,6.161000,6.268000,6.251000
75,16,2,6.274400,6.343000,6.108000,6.238000,6.504000,6.179000
75,17,2,5.667600,5.622000,5.625000,5.744000,5.695000,5.652000
75,18,2,6.360000,6.119000,6.347000,6.406000,6.479000,6.449000
75,19,2,5.971800,5.908000,6.004000,5.895000,6.083000,5.969000
76,0,2,6.272400,6.203000,6.264000,6.380000,6.233000,6.282000
76,1,2,6.148600,5.999000,6.255000,6.367000,6.019000,6.103000
76,2,2,6.350600,6.329000,6.490000,6.429000,6.230000,6.275000
76,3,2,6.204200,6.052000,6.165000,6.329000,6.248000,6.227000
76,4,2,6.393000,6.317000,6.364000,6.509000,6.361000,6.414000
76,5,2,6.321200,6.255000,6.318000,6.425000,6.210000,6.398000
76,6,2,5.876400,5.726000,6.020000,6.031000,5.782000,5.823000
76,7,2,6.267200,5.914000,6.378000,6.361000,6.292000,6.391000
76,8,2,6.091600,6.086000,6.122000,6.238000,5.975000,6.037000
76,9,2,6.252800,6.124000,6.313000,6.415000,6.201000,6.211000
76,10,2,6.386800,6.297000,6.443000,6.409000,6.388000,6.397000
76,11,2,6.054800,6.024000,6.056000,6.154000,6.037000,6.003000
76,12,2,6.064000,6.031000,6.075000,6.249000,5.973000,5.992000
76,13,2,6.109000,6.088000,6.053000,6.367000,5.917000,6.120000
76,14,2,6.372400,6.134000,6.430000,6.492000,6.371000,6.435000
76,15,2,6.166800,5.980000,6.380000,5.930000,6.173000,6.371000
76,16,2,5.937200,5.956000,5.802000,6.084000,5.876000,5.968000
76,17,2,6.105800,6.049000,6.217000,6.270000,5.966000,6.027000
76,18,2,6.439000,6.405000,6.497000,6.471000,6.402000,6.420000
76,19,2,5.933800,5.811000,5.939000,6.110000,5.781000,6.028000
77,0,2,6.307400,6.272000,6.360000,6.191000,6.433000,6.281000
77,1,2,6.453400,6.503000,6.474000,6.490000,6.390000,6.410000
77,2,2,6.127200,6.027000,6.197000,6.081000,6.243000,6.088000
77,3,2,6.201800,6.273000,6.229000,6.241000,6.141000,6.125000
77,4,2,6.250400,6.142000,6.267000,6.274000,6.338000,6.231000
77,5,2,6.253400,6.271000,6.446000,6.250000,6.171000,6.129000
77,6,2,6.027800,5.915000,6.199000,6.088000,5.951000,5.986000
77,7,2,6.151200,6.082000,6.204000,6.227000,6.323000,5.920000
77,8,2,6.305200,6.167000,6.432000,6.365000,6.293000,6.269000
77,9,2,5.996800,5.937000,6.039000,5.955000,6.089000,5.964000
77,10,2,6.059400,6.005000,5.955000,6.217000,6.128000,5.992000
77,11,2,6.115200,6.020000,6.194000,6.080000,6.188000,6.094000
77,12,2,6.227800,6.222000,6.008000,6.303000,6.369000,6.237000
77,13,2,6.294600,6.315000,6.407000,6.362000,6.198000,6.191000
77,14,2,6.113600,5.904000,6.353000,6.128000,6.279000,5.904000
77,15,2,6.438600,6.469000,6.539000,6.393000,6.484000,6.308000
77,16,2,6.094800,6.076000,6.187000,6.140000,6.086000,5.985000
77,17,2,6.354600,6.301000,6.427000,6.300000,6.448000,6.297000
77,18,2,5.910600,5.860000,5.969000,5.937000,5.972000,5.815000
77,19,2,6.217000,6.279000,6.329000,6.191000,6.164000,6.122000
78,0,2,6.206000,6.378000,6.205000,6.111000,6.173000,6.163000
78,1,2,6.523200,6.657000,6.615000,6.367000,6.443000,6.534000
78,2,2,6.258200,6.458000,6.096000,6.310000,6.112000,6.315000
78,3,2,6.381400,6.498000,6.427000,6.191000,6.394000,6.397000
78,4,2,6.420200,6.485000,6.365000,6.440000,6.325000,6.486000
78,5,2,6.003400,6.138000,6.014000,6.034000,5.983000,5.848000
78,6,2,5.952800,6.128000,5.946000,5.900000,5.804000,5.986000
78,7,2,6.206800,6.258000,6.302000,6.057000,6.100000,6.317000
78,8,2,6.177600,6.417000,6.125000,6.202000,6.022000,6.122000
78,9,2,5.744000,5.883000,5.768000,5.600000,5.659000,5.810000
78,10,2,6.327800,6.505000,6.271000,6.240000,6.217000,6.406000
78,11,2,5.987000,6.199000,5.944000,5.869000,5.924000,5.999000
78,12,2,6.295600,6.310000,6.163000,6.268000,6.333000,6.404000
78,13,2,5.921000,6.111000,5.884000,5.762000,5.902000,5.946000
78,14,2,6.192600,6.296000,6.168000,6.098000,6.157000,6.244000
78,15,2,6.322400,6.441000,6.388000,6.330000,6.133000,6.320000
78,16,2,6.190000,6.296000,6.149000,6.194000,6.120000,6.191000
78,17,2,6.325800,6.484000,6.293000,6.319000,6.282000,6.251000
78,18,2,6.166600,6.202000,6.180000,6.155000,6.129000,6.167000
78,19,2,5.965200,6.136000,5.925000,5.866000,5.871000,6.028000
79,0,2,6.321000,6.337000,6.331000,6.244000,6.245000,6.448000
79,1,2,5.859400,5.748000,5.837000,5.788000,5.924000,6.000000
79,2,2,6.280600,6.281000,6.281000,6.297000,6.160000,6.384000
79,3,2,6.025800,5.976000,6.066000,6.039000,5.905000,6.143000
79,4,2,6.259000,6.338000,6.076000,6.225000,6.358000,6.298000
79,5,2,6.378200,6.306000,6.433000,6.384000,6.348000,6.420000
79,6,2,6.327000,6.400000,6.326000,6.454000,6.016000,6.439000
79,7,2,6.322200,6.308000,6.319000,6.407000,6.280000,6.297000
79,8,2,6.073200,5.964000,6.059000,6.076000,6.066000,6.201000
79,9,2,6.289800,6.487000,6.439000,6.186000,6.084000,6.253000
79,10,2,5.962600,5.985000,5.961000,5.939000,5.931000,5.997000
79,11,2,6.382600,6.356000,6.575000,6.258000,6.403000,6.321000
79,12,2,6.216400,6.231000,6.184000,6.206000,6.153000,6.308000
79,13,2,6.031000,6.074000,6.071000,6.075000,5.861000,6.074000
79,14,2,6.402800,6.320000,6.492000,6.453000,6.181000,6.568000
79,15,2,6.184800,6.271000,6.461000,6.200000,5.946000,6.046000
79,16,2,6.128400,6.033000,6.175000,6.154000,6.125000,6.155000
79,17,2,6.299200,6.349000,6.200000,6.398000,6.214000,6.335000
79,18,2,6.180000,6.152000,6.208000,6.169000,6.156000,6.215000
79,19,2,6.446400,6.469000,6.507000,6.587000,6.179000,6.490000
80,0,0,4.623400,4.666000,4.768000,4.469000,4.644000,4.570000
80,1,0,4.510600,4.535000,4.593000,4.470000,4.416000,4.539000
80,2,0,4.484800,4.560000,4.612000,4.445000,4.409000,4.398000
80,3,0,4.414600,4.509000,4.549000,4.313000,4.265000,4.437000
80,4,0,4.464400,4.506000,4.554000,4.422000,4.426000,4.414000
80,5,0,4.489000,4.476000,4.583000,4.406000,4.453000,4.527000
80,6,0,4.438200,4.436000,4.535000,4.368000,4.444000,4.408000
80,7,0,4.462000,4.538000,4.541000,4.441000,4.368000,4.422000
80,8,0,4.558400,4.595000,4.696000,4.394000,4.636000,4.471000
80,9,0,4.411800,4.564000,4.527000,4.271000,4.348000,4.349000
80,10,0,4.519200,4.504000,4.682000,4.379000,4.549000,4.482000
80,11,0,4.464800,4.467000,4.580000,4.365000,4.504000,4.408000
80,12,0,4.568000,4.686000,4.562000,4.414000,4.543000,4.635000
80,13,0,4.674600,4.559000,4.710000,4.778000,4.738000,4.588000
80,14,0,4.189200,4.264000,4.321000,4.087000,4.110000,4.164000
80,15,0,4.238200,4.258000,4.273000,4.174000,4.235000,4.251000
80,16,0,4.490200,4.436000,4.728000,4.437000,4.402000,4.448000
80,17,0,4.621600,4.725000,4.732000,4.523000,4.540000,4.588000
80,18,0,4.537600,4.568000,4.613000,4.481000,4.485000,4.541000
80,19,0,4.353200,4.381000,4.458000,4.320000,4.313000,4.294000
80,20,1,4.387200,4.492000,4.575000,4.285000,4.329000,4.255000
80,21,1,4.580800,4.704000,4.683000,4.519000,4.460000,4.538000
80,22,1,4.409200,4.451000,4.529000,4.396000,4.343000,4.327000
80,23,1,4.473000,4.564000,4.524000,4.300000,4.536000,4.441000
80,24,1,4.476200,4.524000,4.604000,4.477000,4.510000,4.266000
80,25,1,4.491200,4.605000,4.493000,4.364000,4.542000,4.452000
80,26,1,4.371400,4.473000,4.424000,4.427000,4.248000,4.285000
80,27,1,4.626000,4.739000,4.707000,4.500000,4.669000,4.515000
80,28,1,4.486200,4.604000,4.539000,4.354000,4.377000,4.557000
80,29,1,4.523400,4.565000,4.718000,4.498000,4.417000,4.419000
80,30,1,4.418600,4.417000,4.503000,4.382000,4.413000,4.378000
80,31,1,4.471400,4.479000,4.528000,4.367000,4.466000,4.517000
80,32,1,4.558200,4.583000,4.592000,4.581000,4.520000,4.515000
80,33,1,4.402200,4.382000,4.504000,4.382000,4.339000,4.404000
80,34,1,4.512400,4.583000,4.669000,4.380000,4.391000,4.539000
80,35,1,4.537600,4.512000,4.702000,4.435000,4.497000,4.542000
80,36,1,4.505600,4.481000,4.695000,4.354000,4.462000,4.536000
80,37,1,4.407600,4.359000,4.592000,4.247000,4.453000,4.387000
80,38,1,4.526800,4.539000,4.551000,4.463000,4.513000,4.568000
80,39,1,4.260400,4.354000,4.265000,4.236000,4.350000,4.097000
80,40,2,6.075600,5.949000,6.210000,6.036000,6.093000,6.090000
80,41,2,6.201200,6.258000,5.847000,6.216000,6.317000,6.368000
80,42,2,6.168400,6.130000,6.384000,6.076000,6.128000,6.124000
80,43,2,6.098800,6.063000,6.068000,6.106000,6.054000,6.203000
80,44,2,6.103800,6.246000,6.205000,6.010000,5.933000,6.125000
80,45,2,6.254200,6.287000,6.429000,6.261000,6.083000,6.211000
80,46,2,6.300400,6.309000,6.348000,6.301000,6.202000,6.342000
80,47,2,6.354000,6.505000,6.374000,6.313000,6.272000,6.306000
80,48,2,6.106200,6.054000,6.182000,6.053000,6.113000,6.129000
80,49,2,6.352400,6.334000,6.376000,6.414000,6.305000,6.333000
80,50,2,5.872000,5.880000,6.013000,5.873000,5.740000,5.854000
80,51,2,6.157800,6.167000,6.131000,6.176000,6.089000,6.226000
80,52,2,6.179400,6.206000,6.340000,6.315000,6.013000,6.023000
80,53,2,6.432600,6.351000,6.260000,6.516000,6.464000,6.572000
80,54,2,6.542200,6.520000,6.623000,6.396000,6.547000,6.625000
80,55,2,6.251000,6.241000,6.429000,6.195000,6.169000,6.221000
80,56,2,6.275600,6.316000,6.271000,6.153000,6.250000,6.388000
80,57,2,6.235400,6.286000,6.288000,6.112000,6.250000,6.241000
80,58,2,6.274400,6.374000,6.296000,6.163000,6.195000,6.344000
80,59,2,6.442000,6.485000,6.465000,6.352000,6.379000,6.529000
80,60,3,4.160400,4.375000,4.155000,4.135000,4.081000,4.056000
80,61,3,4.500800,4.568000,4.572000,4.392000,4.458000,4.514000
80,62,3,4.518400,4.491000,4.578000,4.537000,4.453000,4.533000
80,63,3,4.487800,4.615000,4.621000,4.436000,4.342000,4.425000
80,64,3,4.444800,4.540000,4.470000,4.432000,4.290000,4.492000
80,65,3,4.184000,4.240000,4.292000,4.040000,4.225000,4.123000
80,66,3,4.477600,4.407000,4.528000,4.319000,4.521000,4.613000
80,67,3,4.357000,4.331000,4.531000,4.373000,4.293000,4.257000
80,68,3,4.493800,4.443000,4.701000,4.602000,4.320000,4.403000
80,69,3,4.380800,4.361000,4.481000,4.297000,4.455000,4.310000
80,70,3,4.346000,4.411000,4.375000,4.339000,4.266000,4.339000
80,71,3,4.528600,4.578000,4.727000,4.426000,4.530000,4.382000
80,72,3,4.484600,4.640000,4.631000,4.440000,4.272000,4.440000
80,73,3,4.221200,4.224000,4.329000,4.082000,4.237000,4.234000
80,74,3,4.175200,4.268000,4.208000,4.096000,4.248000,4.056000
80,75,3,4.380000,4.402000,4.508000,4.388000,4.340000,4.262000
80,76,3,4.352800,4.484000,4.474000,4.245000,4.360000,4.201000
80,77,3,4.328400,4.246000,4.525000,4.238000,4.318000,4.315000
80,78,3,4.229000,4.356000,4.274000,4.194000,4.109000,4.212000
80,79,3,4.255200,4.168000,4.378000,4.303000,4.290000,4.137000
80,80,4,4.370400,4.434000,4.431000,4.258000,4.279000,4.450000
80,81,4,4.310000,4.259000,4.400000,4.335000,4.260000,4.296000
80,82,4,4.510800,4.521000,4.654000,4.465000,4.485000,4.429000
80,83,4,4.396200,4.476000,4.460000,4.247000,4.407000,4.391000
80,84,4,4.518400,4.593000,4.609000,4.462000,4.459000,4.469000
80,85,4,4.359600,4.366000,4.454000,4.200000,4.377000,4.401000
80,86,4,4.422000,4.529000,4.487000,4.312000,4.353000,4.429000
80,87,4,4.448400,4.416000,4.580000,4.341000,4.469000,4.436000
80,88,4,4.248400,4.214000,4.371000,4.182000,4.289000,4.186000
80,89,4,4.268800,4.312000,4.498000,4.305000,4.098000,4.131000
80,90,4,4.430600,4.450000,4.545000,4.382000,4.353000,4.423000
80,91,4,4.566800,4.536000,4.717000,4.597000,4.495000,4.489000
80,92,4,4.047200,3.990000,4.268000,4.013000,3.918000,4.047000
80,93,4,4.336200,4.312000,4.411000,4.299000,4.330000,4.329000
80,94,4,4.343400,4.257000,4.572000,4.281000,4.266000,4.341000
80,95,4,4.472600,4.406000,4.618000,4.461000,4.486000,4.392000
80,96,4,4.366800,4.319000,4.437000,4.379000,4.370000,4.329000
80,97,4,4.264600,4.415000,4.287000,4.208000,4.301000,4.112000
80,98,4,4.442800,4.405000,4.555000,4.478000,4.389000,4.387000
80,99,4,4.310000,4.195000,4.398000,4.384000,4.210000,4.363000
81,0,2,6.213600,6.132000,6.141000,6.268000,6.268000,6.259000
81,1,2,6.215800,6.229000,6.141000,6.108000,6.273000,6.328000
81,2,2,6.257000,6.281000,6.168000,6.230000,6.271000,6.335000
81,3,2,6.119400,6.059000,6.043000,6.215000,6.134000,6.146000
81,4,2,6.354800,6.435000,6.311000,6.356000,6.345000,6.327000
81,5,2,6.347000,6.321000,6.383000,6.387000,6.295000,6.349000
81,6,2,6.284800,6.312000,6.239000,6.278000,6.229000,6.366000
81,7,2,6.282000,6.152000,6.237000,6.319000,6.357000,6.345000
81,8,2,5.940600,6.000000,5.932000,5.864000,5.881000,6.026000
81,9,2,6.163800,6.156000,6.235000,6.223000,6.088000,6.117000
81,10,2,6.347000,6.404000,6.314000,6.325000,6.321000,6.371000
81,11,2,6.104800,6.145000,5.918000,6.244000,6.098000,6.119000
81,12,2,5.849800,5.688000,5.791000,6.008000,5.837000,5.925000
81,13,2,6.348600,6.320000,6.242000,6.392000,6.294000,6.495000
81,14,2,6.251400,6.310000,6.256000,6.325000,6.116000,6.250000
81,15,2,6.329800,6.414000,6.377000,6.387000,6.256000,6.215000
81,16,2,5.964200,6.009000,6.048000,6.150000,5.784000,5.830000
81,17,2,6.198400,6.327000,5.989000,6.221000,6.183000,6.272000
81,18,2,5.785800,5.759000,5.656000,5.892000,5.735000,5.887000
81,19,2,6.156000,6.238000,6.054000,6.222000,6.070000,6.196000
82,0,2,5.962200,5.771000,6.028000,6.013000,5.927000,6.072000
82,1,2,6.401800,6.437000,6.338000,6.387000,6.416000,6.431000
82,2,2,6.315200,6.228000,6.462000,6.224000,6.261000,6.401000
82,3,2,6.437200,6.544000,6.464000,6.391000,6.365000,6.422000
82,4,2,6.402000,6.402000,6.358000,6.562000,6.377000,6.311000
82,5,2,6.115400,6.003000,6.079000,6.168000,6.113000,6.214000
82,6,2,6.367800,6.238000,6.495000,6.364000,6.329000,6.413000
82,7,2,6.368800,6.307000,6.396000,6.328000,6.405000,6.408000
82,8,2,6.191400,5.912000,6.323000,6.254000,6.118000,6.350000
82,9,2,6.181400,6.029000,6.284000,6.277000,6.115000,6.202000
82,10,2,6.027800,5.860000,6.133000,6.015000,6.076000,6.055000
82,11,2,6.393200,6.318000,6.394000,6.433000,6.283000,6.538000
82,12,2,6.457600,6.241000,6.603000,6.523000,6.429000,6.492000
82,13,2,6.075400,5.989000,6.154000,6.069000,6.051000,6.114000
82,14,2,6.021400,6.023000,5.980000,6.063000,5.940000,6.101000
82,15,2,6.394800,6.207000,6.434000,6.404000,6.351000,6.578000
82,16,2,6.296800,6.181000,6.360000,6.316000,6.310000,6.317000
82,17,2,6.198200,5.960000,6.307000,6.304000,6.226000,6.194000
82,18,2,6.470000,6.339000,6.432000,6.472000,6.550000,6.557000
82,19,2,6.134200,5.879000,6.331000,6.186000,6.032000,6.243000
83,0,2,5.985400,6.034000,5.947000,6.071000,5.990000,5.885000
83,1,2,6.237000,6.160000,6.213000,6.336000,6.323000,6.153000
83,2,2,6.571200,6.628000,6.509000,6.624000,6.599000,6.496000
83,3,2,6.183400,6.204000,6.041000,6.329000,6.238000,6.105000
83,4,2,6.302200,6.328000,6.252000,6.374000,6.289000,6.268000
83,5,2,6.266400,6.303000,6.274000,6.241000,6.311000,6.203000
83,6,2,6.248000,6.144000,6.212000,6.288000,6.384000,6.212000
83,7,2,6.246200,6.332000,6.274000,6.072000,6.275000,6.278000
83,8,2,6.403600,6.414000,6.419000,6.470000,6.475000,6.240000
83,9,2,6.372600,6.341000,6.350000,6.357000,6.454000,6.361000
83,10,2,6.387200,6.266000,6.357000,6.487000,6.459000,6.367000
83,11,2,6.389000,6.386000,6.240000,6.254000,6.577000,6.488000
83,12,2,6.234600,6.070000,6.211000,6.314000,6.337000,6.241000
83,13,2,6.508600,6.608000,6.301000,6.542000,6.552000,6.540000
83,14,2,6.153600,6.226000,6.110000,6.174000,6.236000,6.022000
83,15,2,6.382000,6.424000,6.397000,6.397000,6.415000,6.277000
83,16,2,6.274600,6.167000,6.300000,6.212000,6.433000,6.261000
83,17,2,6.228000,6.236000,6.359000,6.258000,6.067000,6.220000
83,18,2,6.353400,6.345000,6.369000,6.362000,6.390000,6.301000
83,19,2,6.100800,6.199000,6.022000,6.170000,6.151000,5.962000
84,0,2,6.392600,6.440000,6.510000,6.396000,6.197000,6.420000
84,1,2,6.514000,6.534000,6.585000,6.463000,6.480000,6.508000
84,2,2,6.319400,6.343000,6.322000,6.373000,6.215000,6.344000
84,3,2,6.227800,6.191000,6.253000,6.261000,6.240000,6.194000
84,4,2,6.398200,6.298000,6.583000,6.422000,6.295000,6.393000
84,5,2,6.474200,6.349000,6.661000,6.434000,6.461000,6.466000
84,6,2,6.356800,6.358000,6.354000,6.430000,6.293000,6.349000
84,7,2,6.486800,6.534000,6.488000,6.462000,6.452000,6.498000
84,8,2,6.422600,6.315000,6.536000,6.371000,6.446000,6.445000
84,9,2,6.320200,6.313000,6.455000,6.371000,6.215000,6.247000
84,10,2,6.193800,6.244000,6.359000,6.111000,6.078000,6.177000
84,11,2,6.245800,6.318000,6.318000,6.196000,6.226000,6.171000
84,12,2,6.422800,6.449000,6.548000,6.423000,6.193000,6.501000
84,13,2,6.416600,6.382000,6.576000,6.389000,6.394000,6.342000
84,14,2,6.503800,6.625000,6.548000,6.422000,6.504000,6.420000
84,15,2,6.618000,6.667000,6.669000,6.542000,6.596000,6.616000
84,16,2,6.312000,6.328000,6.326000,6.304000,6.235000,6.367000
84,17,2,5.817600,5.792000,5.837000,5.867000,5.851000,5.741000
84,18,2,6.324400,6.367000,6.292000,6.371000,6.232000,6.360000
84,19,2,6.500000,6.504000,6.625000,6.567000,6.364000,6.440000
85,0,2,6.265000,6.357000,6.137000,6.217000,6.237000,6.377000
85,1,2,6.012000,6.017000,5.803000,6.061000,6.039000,6.140000
85,2,2,6.334200,6.370000,6.273000,6.314000,6.374000,6.340000
85,3,2,6.488800,6.485000,6.400000,6.606000,6.539000,6.414000
85,4,2,6.322200,6.335000,6.257000,6.342000,6.331000,6.346000
85,5,2,6.085400,6.113000,6.041000,6.127000,6.146000,6.000000
85,6,2,6.154000,6.188000,6.102000,6.204000,6.229000,6.047000
85,7,2,6.155400,6.114000,5.997000,6.287000,6.204000,6.175000
85,8,2,6.378200,6.394000,6.241000,6.522000,6.349000,6.385000
85,9,2,6.252000,6.159000,6.139000,6.459000,6.348000,6.155000
85,10,2,6.413400,6.368000,6.230000,6.541000,6.506000,6.422000
85,11,2,6.489600,6.406000,6.491000,6.411000,6.525000,6.615000
85,12,2,6.527000,6.520000,6.450000,6.554000,6.580000,6.531000
85,13,2,5.951800,6.001000,5.876000,6.025000,5.859000,5.998000
85,14,2,6.253600,6.260000,6.013000,6.453000,6.237000,6.305000
85,15,2,6.255200,6.251000,6.085000,6.304000,6.310000,6.326000
85,16,2,6.371400,6.327000,6.195000,6.529000,6.352000,6.454000
85,17,2,6.272800,6.314000,6.178000,6.349000,6.222000,6.301000
85,18,2,6.196400,6.286000,6.000000,6.289000,6.183000,6.224000
85,19,2,6.374000,6.350000,6.273000,6.439000,6.351000,6.457000
86,0,2,6.270000,5.985000,6.276000,6.378000,6.439000,6.272000
86,1,2,6.394800,6.271000,6.484000,6.478000,6.470000,6.271000
86,2,2,6.298000,6.128000,6.309000,6.293000,6.338000,6.422000
86,3,2,6.332800,6.260000,6.346000,6.314000,6.433000,6.311000
86,4,2,6.483000,6.448000,6.507000,6.446000,6.519000,6.495000
86,5,2,6.440000,6.362000,6.482000,6.458000,6.529000,6.369000
86,6,2,6.293400,6.107000,6.225000,6.352000,6.412000,6.371000
86,7,2,6.467600,6.384000,6.442000,6.498000,6.544000,6.470000
86,8,2,6.162800,6.105000,6.123000,6.164000,6.268000,6.154000
86,9,2,6.487400,6.481000,6.372000,6.537000,6.503000,6.544000
86,10,2,6.582800,6.513000,6.625000,6.435000,6.660000,6.681000
86,11,2,6.165800,6.109000,6.038000,6.261000,6.254000,6.167000
86,12,2,6.353400,6.271000,6.363000,6.343000,6.412000,6.378000
86,13,2,6.682000,6.653000,6.763000,6.601000,6.691000,6.702000
86,14,2,6.462800,6.384000,6.401000,6.500000,6.558000,6.471000
86,15,2,6.202000,6.061000,6.183000,6.307000,6.222000,6.237000
86,16,2,6.110600,5.983000,6.080000,6.063000,6.317000,6.110000
86,17,2,6.137200,5.920000,6.227000,6.147000,6.232000,6.160000
86,18,2,6.574800,6.571000,6.538000,6.547000,6.640000,6.578000
86,19,2,6.575800,6.355000,6.561000,6.635000,6.724000,6.604000
87,0,2,6.412000,6.312000,6.568000,6.297000,6.403000,6.480000
87,1,2,6.288200,6.309000,6.274000,6.249000,6.351000,6.258000
87,2,2,6.367600,6.285000,6.465000,6.286000,6.392000,6.410000
87,3,2,6.237200,6.280000,6.178000,6.262000,6.225000,6.241000
87,4,2,5.943200,6.017000,5.894000,5.967000,5.967000,5.871000
87,5,2,6.084200,6.053000,6.124000,5.930000,6.077000,6.237000
87,6,2,6.156400,6.057000,6.118000,6.251000,6.240000,6.116000
87,7,2,5.738800,5.737000,5.700000,5.886000,5.641000,5.730000
87,8,2,6.179200,6.177000,6.270000,6.117000,6.150000,6.182000
87,9,2,6.355400,6.331000,6.489000,6.221000,6.393000,6.343000
87,10,2,6.315200,6.179000,6.313000,6.262000,6.416000,6.406000
87,11,2,6.219600,6.182000,6.299000,6.202000,6.227000,6.188000
87,12,2,6.222200,6.194000,6.272000,6.161000,6.263000,6.221000
87,13,2,6.192200,6.208000,6.184000,6.182000,6.215000,6.172000
87,14,2,5.893000,5.990000,5.962000,5.756000,5.801000,5.956000
87,15,2,5.939600,6.032000,5.931000,5.834000,5.862000,6.039000
87,16,2,6.307600,6.339000,6.319000,6.174000,6.311000,6.395000
87,17,2,6.484400,6.567000,6.682000,6.128000,6.658000,6.387000
87,18,2,6.150600,6.157000,6.291000,6.028000,6.169000,6.108000
87,19,2,6.356800,6.450000,6.322000,6.233000,6.337000,6.442000
88,0,2,6.300400,6.267000,6.193000,6.247000,6.354000,6.441000
88,1,2,6.355600,6.259000,6.340000,6.292000,6.494000,6.393000
88,2,2,6.117000,5.856000,6.170000,6.013000,6.363000,6.183000
88,3,2,6.323400,6.242000,6.382000,6.268000,6.359000,6.366000
88,4,2,6.384000,6.304000,6.317000,6.337000,6.550000,6.412000
88,5,2,6.391600,6.286000,6.374000,6.396000,6.506000,6.396000
88,6,2,6.372600,6.262000,6.457000,6.453000,6.290000,6.401000
88,7,2,6.387600,6.153000,6.540000,6.389000,6.475000,6.381000
88,8,2,6.342000,6.199000,6.334000,6.323000,6.444000,6.410000
88,9,2,6.171400,5.958000,6.218000,6.076000,6.321000,6.284000
88,10,2,6.433800,6.463000,6.451000,6.404000,6.471000,6.380000
88,11,2,6.309200,6.206000,6.373000,6.242000,6.354000,6.371000
88,12,2,6.330000,6.275000,6.393000,6.274000,6.326000,6.382000
88,13,2,6.447400,6.340000,6.529000,6.354000,6.491000,6.523000
88,14,2,6.081400,5.906000,6.077000,6.059000,6.261000,6.104000
88,15,2,6.543600,6.411000,6.588000,6.540000,6.618000,6.561000
88,16,2,6.329800,6.320000,6.439000,6.236000,6.368000,6.286000
88,17,2,6.328000,6.235000,6.470000,6.191000,6.356000,6.388000
88,18,2,6.562800,6.407000,6.607000,6.679000,6.604000,6.517000
88,19,2,6.335600,6.348000,6.387000,6.401000,6.257000,6.285000
89,0,2,6.521800,6.700000,6.374000,6.486000,6.527000,6.522000
89,1,2,6.443200,6.760000,6.120000,6.605000,6.370000,6.361000
89,2,2,6.592000,6.794000,6.459000,6.503000,6.673000,6.531000
89,3,2,6.503400,6.545000,6.728000,6.377000,6.524000,6.343000
89,4,2,6.668400,6.798000,6.616000,6.724000,6.512000,6.692000
89,5,2,6.424400,6.561000,6.442000,6.455000,6.326000,6.338000
89,6,2,6.554800,6.632000,6.653000,6.469000,6.521000,6.499000
89,7,2,6.311800,6.473000,6.343000,6.286000,6.213000,6.244000
89,8,2,6.340000,6.444000,6.502000,6.222000,6.338000,6.194000
89,9,2,6.123000,6.276000,6.247000,6.034000,6.074000,5.984000
89,10,2,6.178200,6.216000,6.302000,6.159000,6.246000,5.968000
89,11,2,6.112000,6.177000,6.233000,6.125000,6.041000,5.984000
89,12,2,6.418000,6.632000,6.140000,6.452000,6.532000,6.334000
89,13,2,6.291800,6.352000,6.457000,6.242000,6.237000,6.171000
89,14,2,6.429000,6.526000,6.531000,6.339000,6.442000,6.307000
89,15,2,6.333600,6.421000,6.492000,6.275000,6.296000,6.184000
89,16,2,6.265200,6.356000,6.450000,6.222000,6.255000,6.043000
89,17,2,6.436400,6.492000,6.609000,6.106000,6.533000,6.442000
89,18,2,6.250400,6.423000,6.437000,6.205000,5.895000,6.292000
89,19,2,6.362000,6.526000,6.392000,6.381000,6.357000,6.154000
90,0,0,4.611400,4.545000,4.778000,4.715000,4.556000,4.463000
90,1,0,4.411400,4.302000,4.527000,4.499000,4.583000,4.146000
90,2,0,4.581600,4.734000,4.651000,4.524000,4.668000,4.331000
90,3,0,4.426000,4.443000,4.646000,4.379000,4.363000,4.299000
90,4,0,4.446000,4.489000,4.562000,4.519000,4.435000,4.225000
90,5,0,4.428200,4.491000,4.552000,4.375000,4.384000,4.339000
90,6,0,4.411600,4.358000,4.589000,4.357000,4.477000,4.277000
90,7,0,4.308800,4.358000,4.428000,4.332000,4.348000,4.078000
90,8,0,4.519200,4.681000,4.632000,4.467000,4.596000,4.220000
90,9,0,4.557200,4.573000,4.671000,4.596000,4.610000,4.336000
90,10,0,4.526000,4.553000,4.621000,4.534000,4.491000,4.431000
90,11,0,4.382200,4.412000,4.431000,4.446000,4.445000,4.177000
90,12,0,4.418400,4.405000,4.558000,4.410000,4.392000,4.327000
90,13,0,4.486000,4.455000,4.572000,4.434000,4.608000,4.361000
90,14,0,4.452200,4.527000,4.493000,4.498000,4.492000,4.251000
90,15,0,4.341200,4.315000,4.541000,4.307000,4.384000,4.159000
90,16,0,4.648600,4.669000,4.868000,4.609000,4.624000,4.473000
90,17,0,4.557000,4.610000,4.750000,4.560000,4.629000,4.236000
90,18,0,4.367800,4.471000,4.360000,4.356000,4.535000,4.117000
90,19,0,4.527200,4.611000,4.620000,4.491000,4.439000,4.475000
90,20,1,4.351800,4.432000,4.494000,4.317000,4.286000,4.230000
90,21,1,4.316200,4.415000,4.417000,4.291000,4.377000,4.081000
90,22,1,4.305200,4.341000,4.400000,4.293000,4.346000,4.146000
90,23,1,4.315000,4.380000,4.347000,4.412000,4.323000,4.113000
90,24,1,4.384400,4.383000,4.598000,4.352000,4.334000,4.255000
90,25,1,4.550800,4.613000,4.600000,4.545000,4.525000,4.471000
90,26,1,4.446200,4.493000,4.387000,4.492000,4.441000,4.418000
90,27,1,4.376400,4.555000,4.413000,4.410000,4.272000,4.232000
90,28,1,4.293800,4.339000,4.462000,4.226000,4.196000,4.246000
90,29,1,4.474400,4.548000,4.574000,4.356000,4.450000,4.444000
90,30,1,4.287600,4.349000,4.380000,4.189000,4.277000,4.243000
90,31,1,4.452400,4.591000,4.520000,4.468000,4.485000,4.198000
90,32,1,4.261200,4.239000,4.418000,4.210000,4.304000,4.135000
90,33,1,4.507600,4.516000,4.597000,4.531000,4.501000,4.393000
90,34,1,4.250000,4.387000,4.339000,4.230000,4.196000,4.098000
90,35,1,4.501200,4.519000,4.658000,4.445000,4.506000,4.378000
90,36,1,4.252800,4.267000,4.315000,4.284000,4.307000,4.091000
90,37,1,4.402000,4.470000,4.554000,4.311000,4.327000,4.348000
90,38,1,4.439800,4.479000,4.527000,4.395000,4.475000,4.323000
90,39,1,4.555400,4.586000,4.670000,4.454000,4.523000,4.544000
90,40,2,6.417200,6.365000,6.515000,6.366000,6.482000,6.358000
90,41,2,6.418600,6.385000,6.476000,6.537000,6.409000,6.286000
90,42,2,6.282200,6.318000,6.301000,6.346000,6.331000,6.115000
90,43,2,6.192000,6.206000,6.168000,6.203000,6.163000,6.220000
90,44,2,6.217400,6.235000,6.276000,6.137000,6.260000,6.179000
90,45,2,6.079000,6.227000,6.091000,6.081000,6.060000,5.936000
90,46,2,6.443600,6.500000,6.417000,6.489000,6.455000,6.357000
90,47,2,6.450200,6.393000,6.559000,6.455000,6.440000,6.404000
90,48,2,6.395400,6.471000,6.271000,6.400000,6.513000,6.322000
90,49,2,6.263800,6.348000,6.192000,6.438000,6.401000,5.940000
90,50,2,6.327200,6.345000,6.409000,6.274000,6.345000,6.263000
90,51,2,6.137400,6.264000,6.187000,6.101000,6.108000,6.027000
90,52,2,6.388800,6.464000,6.412000,6.443000,6.421000,6.204000
90,53,2,6.485600,6.689000,6.582000,6.223000,6.469000,6.465000
90,54,2,6.548800,6.512000,6.673000,6.475000,6.568000,6.516000
90,55,2,6.558800,6.492000,6.644000,6.583000,6.519000,6.556000
90,56,2,6.151200,6.323000,6.198000,6.093000,6.079000,6.063000
90,57,2,5.931600,6.013000,6.009000,5.874000,5.870000,5.892000
90,58,2,6.350800,6.320000,6.442000,6.279000,6.417000,6.296000
90,59,2,6.432200,6.386000,6.429000,6.391000,6.541000,6.414000
90,60,3,4.460400,4.570000,4.687000,4.492000,4.297000,4.256000
90,61,3,4.260000,4.502000,4.395000,4.157000,4.187000,4.059000
90,62,3,4.506200,4.661000,4.581000,4.512000,4.444000,4.333000
90,63,3,4.264600,4.342000,4.342000,4.247000,4.272000,4.120000
90,64,3,4.421400,4.537000,4.563000,4.377000,4.340000,4.290000
90,65,3,4.416200,4.388000,4.421000,4.490000,4.405000,4.377000
90,66,3,4.380200,4.478000,4.397000,4.386000,4.361000,4.279000
90,67,3,4.499000,4.564000,4.587000,4.457000,4.494000,4.393000
90,68,3,4.256600,4.367000,4.344000,4.238000,4.168000,4.166000
90,69,3,4.270400,4.412000,4.305000,4.274000,4.173000,4.188000
90,70,3,4.386800,4.391000,4.432000,4.413000,4.385000,4.313000
90,71,3,4.478000,4.516000,4.652000,4.524000,4.436000,4.262000
90,72,3,4.331400,4.426000,4.498000,4.338000,4.218000,4.177000
90,73,3,4.325000,4.379000,4.460000,4.329000,4.297000,4.160000
90,74,3,4.272200,4.327000,4.390000,4.243000,4.213000,4.188000
90,75,3,4.510200,4.508000,4.644000,4.578000,4.407000,4.414000
90,76,3,4.464800,4.506000,4.611000,4.483000,4.392000,4.332000
90,77,3,4.420400,4.519000,4.434000,4.489000,4.340000,4.320000
90,78,3,4.597400,4.615000,4.721000,4.574000,4.501000,4.576000
90,79,3,4.540800,4.641000,4.630000,4.503000,4.470000,4.460000
90,80,4,4.293800,4.242000,4.463000,4.319000,4.302000,4.143000
90,81,4,4.564400,4.592000,4.615000,4.519000,4.594000,4.502000
90,82,4,4.259600,4.309000,4.420000,4.202000,4.179000,4.188000
90,83,4,4.577000,4.685000,4.629000,4.493000,4.589000,4.489000
90,84,4,4.466200,4.489000,4.563000,4.438000,4.468000,4.373000
90,85,4,4.273400,4.334000,4.334000,4.243000,4.336000,4.120000
90,86,4,4.587800,4.541000,4.754000,4.494000,4.632000,4.518000
90,87,4,4.516600,4.679000,4.555000,4.425000,4.473000,4.451000
90,88,4,4.470400,4.619000,4.619000,4.418000,4.438000,4.258000
90,89,4,4.444000,4.499000,4.563000,4.494000,4.404000,4.260000
90,90,4,4.696200,4.633000,4.841000,4.751000,4.600000,4.656000
90,91,4,4.405400,4.567000,4.409000,4.479000,4.345000,4.227000
90,92,4,4.426400,4.408000,4.545000,4.473000,4.429000,4.277000
90,93,4,4.428000,4.466000,4.533000,4.476000,4.462000,4.203000
90,94,4,4.408600,4.483000,4.487000,4.422000,4.412000,4.239000
90,95,4,4.558600,4.630000,4.611000,4.542000,4.602000,4.408000
90,96,4,4.453200,4.514000,4.504000,4.421000,4.476000,4.351000
90,97,4,4.450800,4.399000,4.647000,4.363000,4.457000,4.388000
90,98,4,4.517400,4.477000,4.613000,4.517000,4.404000,4.576000
90,99,4,4.339800,4.290000,4.504000,4.379000,4.302000,4.224000
91,0,2,6.366000,6.400000,6.458000,6.230000,6.383000,6.359000
91,1,2,6.484200,6.567000,6.571000,6.359000,6.427000,6.497000
91,2,2,6.641600,6.679000,6.674000,6.622000,6.561000,6.672000
91,3,2,6.450800,6.579000,6.535000,6.320000,6.409000,6.411000
91,4,2,6.217200,6.303000,6.274000,6.076000,6.291000,6.142000
91,5,2,6.265400,6.289000,6.341000,6.262000,6.206000,6.229000
91,6,2,6.495600,6.487000,6.524000,6.488000,6.523000,6.456000
91,7,2,6.282600,6.377000,6.277000,6.176000,6.266000,6.317000
91,8,2,6.150400,6.159000,6.207000,6.191000,6.111000,6.084000
91,9,2,6.349400,6.389000,6.425000,6.327000,6.343000,6.263000
91,10,2,5.888600,5.902000,5.954000,5.748000,5.990000,5.849000
91,11,2,6.327600,6.263000,6.470000,6.262000,6.340000,6.303000
91,12,2,6.369800,6.408000,6.430000,6.296000,6.459000,6.256000
91,13,2,6.405800,6.424000,6.519000,6.396000,6.334000,6.356000
91,14,2,6.438200,6.440000,6.492000,6.368000,6.417000,6.474000
91,15,2,6.578600,6.606000,6.632000,6.560000,6.553000,6.542000
91,16,2,6.432000,6.469000,6.485000,6.317000,6.466000,6.423000
91,17,2,6.190600,6.225000,6.203000,6.092000,6.205000,6.228000
91,18,2,6.384400,6.397000,6.576000,6.310000,6.390000,6.249000
91,19,2,6.207200,6.198000,6.329000,6.121000,6.246000,6.142000
92,0,2,6.032800,6.144000,6.027000,6.048000,6.050000,5.895000
92,1,2,6.265200,6.314000,6.260000,6.395000,6.273000,6.084000
92,2,2,6.214400,6.249000,6.289000,6.221000,6.194000,6.119000
92,3,2,6.333400,6.428000,6.239000,6.373000,6.403000,6.224000
92,4,2,6.173200,6.106000,6.169000,6.190000,6.347000,6.054000
92,5,2,6.546200,6.520000,6.725000,6.593000,6.262000,6.631000
92,6,2,6.264200,6.432000,6.281000,6.198000,6.291000,6.119000
92,7,2,6.078600,6.092000,6.159000,6.095000,6.091000,5.956000
92,8,2,6.561200,6.664000,6.674000,6.562000,6.496000,6.410000
92,9,2,6.503600,6.466000,6.571000,6.515000,6.565000,6.401000
92,10,2,5.814600,5.967000,5.910000,5.796000,5.940000,5.460000
92,11,2,6.437200,6.661000,6.420000,6.424000,6.416000,6.265000
92,12,2,6.083000,6.076000,6.035000,6.102000,6.230000,5.972000
92,13,2,6.266000,6.256000,6.296000,6.245000,6.357000,6.176000
92,14,2,6.424400,6.512000,6.448000,6.441000,6.529000,6.192000
92,15,2,6.524400,6.515000,6.572000,6.496000,6.604000,6.435000
92,16,2,6.292400,6.349000,6.393000,6.235000,6.378000,6.107000
92,17,2,6.410800,6.393000,6.466000,6.390000,6.443000,6.362000
92,18,2,6.277200,6.365000,6.289000,6.242000,6.346000,6.144000
92,19,2,6.464400,6.508000,6.510000,6.502000,6.510000,6.292000
93,0,2,6.401000,6.443000,6.486000,6.145000,6.494000,6.437000
93,1,2,6.160800,6.232000,6.282000,5.989000,6.132000,6.169000
93,2,2,6.335400,6.439000,6.404000,6.204000,6.329000,6.301000
93,3,2,6.009800,6.091000,5.980000,5.782000,6.176000,6.020000
93,4,2,6.082600,6.184000,6.164000,5.869000,6.151000,6.045000
93,5,2,6.017000,6.082000,6.150000,5.707000,6.020000,6.126000
93,6,2,6.339200,6.340000,6.416000,6.155000,6.473000,6.312000
93,7,2,6.213600,6.336000,6.260000,5.999000,6.303000,6.170000
93,8,2,6.376600,6.376000,6.345000,6.259000,6.427000,6.476000
93,9,2,6.102800,6.226000,6.277000,5.885000,6.043000,6.083000
93,10,2,6.396200,6.470000,6.462000,6.326000,6.398000,6.325000
93,11,2,6.301000,6.382000,6.356000,6.092000,6.379000,6.296000
93,12,2,6.118000,6.228000,6.098000,5.862000,6.199000,6.203000
93,13,2,6.370600,6.486000,6.432000,6.207000,6.367000,6.361000
93,14,2,6.563400,6.635000,6.546000,6.405000,6.671000,6.560000
93,15,2,6.545600,6.615000,6.593000,6.401000,6.637000,6.482000
93,16,2,6.020000,6.144000,6.090000,5.746000,6.098000,6.022000
93,17,2,6.093400,6.163000,6.146000,5.973000,6.114000,6.071000
93,18,2,6.272400,6.325000,6.253000,6.166000,6.302000,6.316000
93,19,2,6.375400,6.395000,6.381000,6.187000,6.535000,6.379000
94,0,2,6.406600,6.291000,6.511000,6.436000,6.325000,6.470000
94,1,2,6.588000,6.534000,6.511000,6.552000,6.658000,6.685000
94,2,2,6.336400,6.195000,6.391000,6.385000,6.281000,6.430000
94,3,2,6.220200,6.019000,6.383000,6.241000,6.225000,6.233000
94,4,2,6.498600,6.296000,6.540000,6.554000,6.549000,6.554000
94,5,2,6.235800,5.880000,6.405000,6.301000,6.239000,6.354000
94,6,2,6.417600,6.135000,6.447000,6.431000,6.441000,6.634000
94,7,2,6.065000,5.924000,6.208000,5.984000,5.965000,6.244000
94,8,2,6.412600,6.240000,6.460000,6.514000,6.377000,6.472000
94,9,2,6.390800,6.262000,6.485000,6.517000,6.263000,6.427000
94,10,2,5.666200,5.428000,5.700000,5.631000,5.692000,5.880000
94,11,2,6.089600,5.902000,6.101000,6.113000,6.061000,6.271000
94,12,2,6.309200,6.046000,6.358000,6.389000,6.251000,6.502000
94,13,2,6.217600,6.021000,6.343000,6.299000,6.090000,6.335000
94,14,2,6.106200,5.918000,6.235000,6.034000,6.094000,6.250000
94,15,2,6.277000,6.082000,6.272000,6.431000,6.236000,6.364000
94,16,2,5.987600,5.797000,6.165000,6.026000,5.902000,6.048000
94,17,2,6.302200,6.056000,6.574000,6.238000,6.263000,6.380000
94,18,2,6.442000,6.300000,6.438000,6.525000,6.416000,6.531000
94,19,2,6.238000,6.113000,6.210000,6.248000,6.295000,6.324000
95,0,2,6.570400,6.547000,6.485000,6.524000,6.759000,6.537000
95,1,2,6.026200,6.024000,5.923000,6.093000,6.120000,5.971000
95,2,2,6.408600,6.515000,6.377000,6.426000,6.475000,6.250000
95,3,2,6.464400,6.445000,6.272000,6.436000,6.681000,6.488000
95,4,2,6.106600,6.189000,6.009000,6.107000,6.179000,6.049000
95,5,2,5.940200,5.876000,5.828000,6.163000,6.108000,5.726000
95,6,2,6.271600,6.368000,6.167000,6.358000,6.325000,6.140000
95,7,2,6.420400,6.481000,6.310000,6.471000,6.541000,6.299000
95,8,2,6.486000,6.456000,6.427000,6.540000,6.609000,6.398000
95,9,2,6.383200,6.423000,6.269000,6.401000,6.433000,6.390000
95,10,2,6.681200,6.841000,6.706000,6.448000,6.715000,6.696000
95,11,2,6.310600,6.412000,6.132000,6.282000,6.368000,6.359000
95,12,2,6.557400,6.590000,6.471000,6.476000,6.694000,6.556000
95,13,2,6.477800,6.508000,6.389000,6.496000,6.553000,6.443000
95,14,2,6.434200,6.486000,6.432000,6.465000,6.463000,6.325000
95,15,2,6.198200,6.127000,6.173000,6.306000,6.275000,6.110000
95,16,2,6.360600,6.546000,6.255000,6.306000,6.409000,6.287000
95,17,2,6.149200,6.346000,5.976000,6.207000,6.274000,5.943000
95,18,2,6.366000,6.307000,6.294000,6.392000,6.499000,6.338000
95,19,2,6.703200,6.761000,6.587000,6.695000,6.795000,6.678000
96,0,2,6.596200,6.564000,6.681000,6.551000,6.544000,6.641000
96,1,2,6.569200,6.570000,6.584000,6.554000,6.480000,6.658000
96,2,2,6.393600,6.374000,6.475000,6.357000,6.339000,6.423000
96,3,2,6.542800,6.617000,6.620000,6.535000,6.496000,6.446000
96,4,2,6.441600,6.547000,6.437000,6.519000,6.432000,6.273000
96,5,2,6.388800,6.382000,6.422000,6.430000,6.317000,6.393000
96,6,2,6.050800,6.084000,6.082000,6.137000,5.897000,6.054000
96,7,2,6.574000,6.568000,6.565000,6.620000,6.550000,6.567000
96,8,2,6.532000,6.514000,6.549000,6.503000,6.483000,6.611000
96,9,2,6.284000,6.293000,6.263000,6.358000,6.255000,6.251000
96,10,2,6.537400,6.584000,6.390000,6.582000,6.437000,6.694000
96,11,2,6.403000,6.399000,6.364000,6.323000,6.431000,6.498000
96,12,2,6.522800,6.439000,6.506000,6.380000,6.711000,6.578000
96,13,2,6.485400,6.192000,6.606000,6.504000,6.485000,6.640000
96,14,2,6.543200,6.431000,6.687000,6.428000,6.590000,6.580000
96,15,2,6.284000,6.379000,6.254000,6.283000,6.231000,6.273000
96,16,2,6.419800,6.492000,6.415000,6.442000,6.318000,6.432000
96,17,2,6.575400,6.624000,6.599000,6.574000,6.494000,6.586000
96,18,2,6.440400,6.544000,6.399000,6.442000,6.404000,6.413000
96,19,2,6.513600,6.605000,6.454000,6.400000,6.574000,6.535000
97,0,2,6.491600,6.508000,6.581000,6.434000,6.436000,6.499000
97,1,2,6.047600,6.218000,6.095000,5.831000,5.949000,6.145000
97,2,2,6.420800,6.453000,6.431000,6.276000,6.409000,6.535000
97,3,2,6.558800,6.702000,6.563000,6.452000,6.508000,6.569000
97,4,2,6.178000,6.146000,6.250000,6.200000,6.075000,6.219000
97,5,2,6.568400,6.602000,6.597000,6.463000,6.583000,6.597000
97,6,2,6.518400,6.680000,6.564000,6.366000,6.449000,6.533000
97,7,2,6.331400,6.339000,6.388000,6.476000,6.244000,6.210000
97,8,2,6.560600,6.505000,6.628000,6.490000,6.570000,6.610000
97,9,2,6.270800,6.274000,6.283000,6.242000,6.248000,6.307000
97,10,2,6.643800,6.682000,6.577000,6.636000,6.616000,6.708000
97,11,2,6.482800,6.644000,6.554000,6.324000,6.304000,6.588000
97,12,2,6.177400,6.297000,6.220000,6.167000,6.101000,6.102000
97,13,2,6.050800,5.975000,6.097000,6.043000,5.974000,6.165000
97,14,2,6.407000,6.513000,6.441000,6.303000,6.309000,6.469000
97,15,2,6.559200,6.611000,6.541000,6.508000,6.565000,6.571000
97,16,2,6.206000,6.299000,6.167000,6.188000,6.016000,6.360000
97,17,2,6.394000,6.459000,6.338000,6.265000,6.420000,6.488000
97,18,2,5.970400,5.957000,5.902000,5.967000,6.035000,5.991000
97,19,2,6.645800,6.735000,6.627000,6.521000,6.576000,6.770000
98,0,2,6.451000,6.530000,6.296000,6.441000,6.523000,6.465000
98,1,2,6.599400,6.694000,6.553000,6.580000,6.539000,6.631000
98,2,2,5.914000,5.869000,5.943000,5.876000,5.973000,5.909000
98,3,2,6.261600,6.196000,6.329000,6.218000,6.271000,6.294000
98,4,2,6.462800,6.463000,6.472000,6.457000,6.557000,6.365000
98,5,2,6.424800,6.527000,6.318000,6.463000,6.364000,6.452000
98,6,2,6.506400,6.564000,6.427000,6.433000,6.514000,6.594000
98,7,2,6.587400,6.618000,6.413000,6.729000,6.537000,6.640000
98,8,2,6.653200,6.657000,6.532000,6.683000,6.725000,6.669000
98,9,2,6.318000,6.302000,6.310000,6.329000,6.317000,6.332000
98,10,2,6.554600,6.566000,6.447000,6.500000,6.687000,6.573000
98,11,2,6.621600,6.679000,6.518000,6.635000,6.620000,6.656000
98,12,2,6.544000,6.651000,6.560000,6.438000,6.617000,6.454000
98,13,2,6.341400,6.335000,6.316000,6.355000,6.347000,6.354000
98,14,2,6.533400,6.515000,6.470000,6.556000,6.567000,6.559000
98,15,2,6.595600,6.612000,6.563000,6.535000,6.704000,6.564000
98,16,2,6.565000,6.591000,6.504000,6.561000,6.564000,6.605000
98,17,2,6.070200,6.038000,6.115000,6.132000,6.039000,6.027000
98,18,2,6.624600,6.610000,6.560000,6.630000,6.686000,6.637000
98,19,2,6.637000,6.719000,6.489000,6.641000,6.754000,6.582000
99,0,2,6.446400,6.396000,6.419000,6.463000,6.549000,6.405000
99,1,2,6.400800,6.368000,6.355000,6.338000,6.446000,6.497000
99,2,2,6.239200,6.191000,6.176000,6.192000,6.306000,6.331000
99,3,2,6.347000,6.323000,6.401000,6.408000,6.368000,6.235000
99,4,2,6.324600,6.348000,6.319000,6.313000,6.225000,6.418000
99,5,2,6.549000,6.502000,6.548000,6.524000,6.524000,6.647000
99,6,2,6.227600,6.205000,6.208000,6.222000,6.268000,6.235000
99,7,2,6.272600,6.370000,6.220000,6.286000,6.385000,6.102000
99,8,2,6.559600,6.535000,6.498000,6.546000,6.636000,6.583000
99,9,2,6.302200,6.399000,6.164000,6.372000,6.329000,6.247000
99,10,2,6.535800,6.519000,6.467000,6.550000,6.568000,6.575000
99,11,2,6.348400,6.228000,6.336000,6.312000,6.353000,6.513000
99,12,2,6.248200,6.185000,6.208000,6.207000,6.210000,6.431000
99,13,2,6.471400,6.451000,6.424000,6.492000,6.424000,6.566000
99,14,2,6.460600,6.453000,6.493000,6.423000,6.441000,6.493000
99,15,2,6.366600,6.262000,6.360000,6.286000,6.537000,6.388000
99,16,2,6.324400,6.455000,6.275000,6.331000,6.227000,6.334000
99,17,2,6.388600,6.418000,6.385000,6.398000,6.392000,6.350000
99,18,2,6.704200,6.700000,6.635000,6.703000,6.803000,6.680000
99,19,2,6.484600,6.460000,6.500000,6.375000,6.613000,6.475000
100,0,0,4.454400,4.481000,4.439000,4.560000,4.405000,4.387000
100,1,0,4.383800,4.391000,4.277000,4.567000,4.411000,4.273000
100,2,0,4.546800,4.625000,4.390000,4.623000,4.518000,4.578000
100,3,0,4.498800,4.604000,4.447000,4.596000,4.478000,4.369000
100,4,0,4.578800,4.595000,4.583000,4.632000,4.623000,4.461000
100,5,0,4.634400,4.792000,4.582000,4.670000,4.678000,4.450000
100,6,0,4.678800,4.742000,4.522000,4.716000,4.697000,4.717000
100,7,0,4.716200,4.782000,4.714000,4.854000,4.675000,4.556000
100,8,0,4.551600,4.718000,4.457000,4.601000,4.580000,4.402000
100,9,0,4.415200,4.578000,4.198000,4.528000,4.455000,4.317000
100,10,0,4.422000,4.464000,4.316000,4.537000,4.350000,4.443000
100,11,0,4.637000,4.678000,4.546000,4.693000,4.703000,4.565000
100,12,0,4.478400,4.550000,4.347000,4.636000,4.352000,4.507000
100,13,0,4.451400,4.620000,4.349000,4.525000,4.434000,4.329000
100,14,0,4.251200,4.238000,4.140000,4.331000,4.344000,4.203000
100,15,0,4.375400,4.499000,4.287000,4.523000,4.258000,4.310000
100,16,0,4.541000,4.558000,4.440000,4.660000,4.657000,4.390000
100,17,0,4.695000,4.790000,4.562000,4.812000,4.726000,4.585000
100,18,0,4.895400,5.004000,4.754000,4.995000,4.784000,4.940000
100,19,0,4.333000,4.313000,4.290000,4.431000,4.377000,4.254000
100,20,1,4.238800,4.352000,4.299000,4.262000,4.227000,4.054000
100,21,1,4.325800,4.396000,4.214000,4.372000,4.386000,4.261000
100,22,1,4.266800,4.300000,4.181000,4.264000,4.361000,4.228000
100,23,1,4.391000,4.426000,4.233000,4.544000,4.328000,4.424000
100,24,1,4.291600,4.350000,4.332000,4.231000,4.279000,4.266000
100,25,1,4.319000,4.378000,4.248000,4.399000,4.378000,4.192000
100,26,1,4.543400,4.653000,4.570000,4.598000,4.474000,4.422000
100,27,1,4.231000,4.346000,4.166000,4.194000,4.180000,4.269000
100,28,1,4.396400,4.440000,4.310000,4.404000,4.476000,4.352000
100,29,1,4.279800,4.241000,4.248000,4.357000,4.331000,4.222000
100,30,1,4.279600,4.383000,4.059000,4.307000,4.427000,4.222000
100,31,1,4.277400,4.250000,4.231000,4.324000,4.405000,4.177000
100,32,1,4.490600,4.441000,4.509000,4.568000,4.592000,4.343000
100,33,1,4.151600,4.231000,4.133000,4.221000,3.997000,4.176000
100,34,1,4.144800,4.143000,4.110000,4.187000,4.170000,4.114000
100,35,1,4.145800,4.238000,4.191000,3.956000,4.260000,4.084000
100,36,1,4.191600,4.257000,4.104000,4.296000,4.080000,4.221000
100,37,1,4.511200,4.604000,4.534000,4.451000,4.528000,4.439000
100,38,1,4.305400,4.396000,4.265000,4.285000,4.306000,4.275000
100,39,1,4.314400,4.262000,4.365000,4.318000,4.369000,4.258000
100,40,2,6.252800,6.304000,6.310000,6.370000,6.168000,6.112000
100,41,2,6.340200,6.418000,6.256000,6.435000,6.373000,6.219000
100,42,2,6.485800,6.592000,6.588000,6.560000,6.374000,6.315000
100,43,2,6.542000,6.503000,6.562000,6.634000,6.505000,6.506000
100,44,2,6.550400,6.583000,6.409000,6.691000,6.448000,6.621000
100,45,2,6.358400,6.389000,6.230000,6.591000,6.352000,6.230000
100,46,2,6.522800,6.496000,6.454000,6.651000,6.566000,6.447000
100,47,2,6.561400,6.557000,6.466000,6.678000,6.563000,6.543000
100,48,2,6.491400,6.635000,6.453000,6.663000,6.417000,6.289000
100,49,2,6.316800,6.363000,6.300000,6.441000,6.276000,6.204000
100,50,2,6.476600,6.472000,6.467000,6.573000,6.417000,6.454000
100,51,2,6.492800,6.514000,6.406000,6.618000,6.505000,6.421000
100,52,2,6.272200,6.388000,6.175000,6.379000,6.262000,6.157000
100,53,2,6.233000,6.308000,6.153000,6.413000,6.254000,6.037000
100,54,2,6.058800,6.271000,6.006000,6.071000,5.968000,5.978000
100,55,2,6.288200,6.382000,6.213000,6.448000,6.239000,6.159000
100,56,2,6.534000,6.569000,6.489000,6.750000,6.512000,6.350000
100,57,2,6.477800,6.469000,6.377000,6.555000,6.564000,6.424000
100,58,2,6.272400,6.313000,6.276000,6.478000,6.204000,6.091000
100,59,2,6.390800,6.628000,6.505000,6.231000,6.258000,6.332000
100,60,3,4.542200,4.423000,4.472000,4.565000,4.691000,4.560000
100,61,3,4.356800,4.382000,4.317000,4.346000,4.382000,4.357000
100,62,3,4.453200,4.484000,4.221000,4.496000,4.564000,4.501000
100,63,3,4.458600,4.409000,4.334000,4.439000,4.534000,4.577000
100,64,3,4.619000,4.668000,4.477000,4.676000,4.661000,4.613000
100,65,3,4.437200,4.428000,4.352000,4.437000,4.414000,4.555000
100,66,3,4.436800,4.431000,4.378000,4.410000,4.543000,4.422000
100,67,3,4.394200,4.377000,4.313000,4.417000,4.387000,4.477000
100,68,3,4.485400,4.453000,4.467000,4.480000,4.583000,4.444000
100,69,3,4.691200,4.768000,4.695000,4.687000,4.668000,4.638000
100,70,3,4.714600,4.788000,4.673000,4.668000,4.742000,4.702000
100,71,3,4.571800,4.512000,4.582000,4.601000,4.652000,4.512000
100,72,3,4.589800,4.622000,4.555000,4.625000,4.678000,4.469000
100,73,3,4.536000,4.599000,4.410000,4.566000,4.544000,4.561000
100,74,3,4.399800,4.433000,4.368000,4.377000,4.434000,4.387000
100,75,3,4.347800,4.455000,4.267000,4.296000,4.382000,4.339000
100,76,3,4.378600,4.378000,4.419000,4.325000,4.437000,4.334000
100,77,3,4.400000,4.334000,4.392000,4.523000,4.403000,4.348000
100,78,3,4.395000,4.361000,4.332000,4.406000,4.487000,4.389000
100,79,3,4.365000,4.419000,4.338000,4.363000,4.482000,4.223000
100,80,4,4.438000,4.442000,4.499000,4.501000,4.445000,4.303000
100,81,4,4.193800,4.201000,4.234000,4.122000,4.255000,4.157000
100,82,4,4.477800,4.468000,4.389000,4.579000,4.549000,4.404000
100,83,4,4.306400,4.477000,4.135000,4.283000,4.412000,4.225000
100,84,4,4.324800,4.355000,4.334000,4.239000,4.385000,4.311000
100,85,4,4.281200,4.325000,4.293000,4.285000,4.246000,4.257000
100,86,4,4.500000,4.577000,4.412000,4.637000,4.441000,4.433000
100,87,4,4.355800,4.525000,4.313000,4.327000,4.322000,4.292000
100,88,4,4.410200,4.458000,4.310000,4.483000,4.422000,4.378000
100,89,4,4.452600,4.501000,4.388000,4.430000,4.455000,4.489000
100,90,4,4.455400,4.490000,4.500000,4.516000,4.459000,4.312000
100,91,4,4.413600,4.536000,4.353000,4.398000,4.433000,4.348000
100,92,4,4.579200,4.741000,4.430000,4.544000,4.647000,4.534000
100,93,4,4.354200,4.518000,4.373000,4.236000,4.357000,4.287000
100,94,4,4.379800,4.537000,4.278000,4.361000,4.382000,4.341000
100,95,4,4.293200,4.338000,4.248000,4.154000,4.424000,4.302000
100,96,4,4.486800,4.590000,4.437000,4.488000,4.520000,4.399000
100,97,4,4.381000,4.486000,4.441000,4.349000,4.318000,4.311000
100,98,4,4.375400,4.374000,4.344000,4.369000,4.407000,4.383000
100,99,4,4.312400,4.347000,4.297000,4.166000,4.398000,4.354000
101,0,2,6.307400,6.379000,6.192000,6.428000,6.259000,6.279000
101,1,2,6.545400,6.583000,6.433000,6.590000,6.543000,6.578000
101,2,2,6.515600,6.621000,6.362000,6.561000,6.482000,6.552000
101,3,2,6.250400,6.292000,6.106000,6.310000,6.294000,6.250000
101,4,2,6.564600,6.608000,6.372000,6.653000,6.510000,6.680000
101,5,2,6.372800,6.445000,6.282000,6.404000,6.346000,6.387000
101,6,2,6.496800,6.461000,6.396000,6.604000,6.508000,6.515000
101,7,2,6.420800,6.459000,6.346000,6.520000,6.309000,6.470000
101,8,2,6.312200,6.366000,6.168000,6.338000,6.363000,6.326000
101,9,2,6.320600,6.437000,6.237000,6.356000,6.264000,6.309000
101,10,2,6.457600,6.632000,6.490000,6.449000,6.424000,6.293000
101,11,2,6.566000,6.389000,6.493000,6.627000,6.608000,6.713000
101,12,2,6.432800,6.549000,6.337000,6.502000,6.412000,6.364000
101,13,2,6.519600,6.640000,6.445000,6.619000,6.478000,6.416000
101,14,2,6.106000,6.144000,5.939000,6.276000,6.024000,6.147000
101,15,2,6.544400,6.564000,6.359000,6.678000,6.548000,6.573000
101,16,2,6.572800,6.588000,6.398000,6.696000,6.578000,6.604000
101,17,2,6.429200,6.598000,6.253000,6.510000,6.304000,6.481000
101,18,2,6.535200,6.615000,6.425000,6.672000,6.472000,6.492000
101,19,2,6.446400,6.541000,6.355000,6.401000,6.426000,6.509000
102,0,2,6.570200,6.340000,6.724000,6.615000,6.611000,6.561000
102,1,2,6.548400,6.528000,6.593000,6.623000,6.581000,6.417000
102,2,2,6.451600,6.519000,6.378000,6.511000,6.449000,6.401000
102,3,2,6.241200,6.279000,6.325000,6.282000,6.221000,6.099000
102,4,2,6.371600,6.396000,6.327000,6.499000,6.405000,6.231000
102,5,2,6.583200,6.650000,6.547000,6.624000,6.563000,6.532000
102,6,2,6.537000,6.432000,6.536000,6.612000,6.616000,6.489000
102,7,2,6.544400,6.563000,6.534000,6.661000,6.546000,6.418000
102,8,2,6.491800,6.539000,6.536000,6.514000,6.510000,6.360000
102,9,2,6.612200,6.523000,6.661000,6.629000,6.622000,6.626000
102,10,2,6.750400,6.755000,6.736000,6.755000,6.855000,6.651000
102,11,2,6.326600,6.411000,6.371000,6.285000,6.259000,6.307000
102,12,2,6.380200,6.459000,6.473000,6.473000,6.195000,6.301000
102,13,2,6.431000,6.492000,6.426000,6.487000,6.419000,6.331000
102,14,2,6.541600,6.571000,6.408000,6.749000,6.635000,6.345000
102,15,2,6.353200,6.357000,6.359000,6.448000,6.440000,6.162000
102,16,2,6.470800,6.523000,6.533000,6.467000,6.482000,6.349000
102,17,2,6.543400,6.547000,6.583000,6.536000,6.619000,6.432000
102,18,2,6.548800,6.688000,6.580000,6.522000,6.607000,6.347000
102,19,2,6.605400,6.614000,6.656000,6.759000,6.461000,6.537000
103,0,2,6.497400,6.502000,6.121000,6.880000,6.459000,6.525000
103,1,2,6.551000,6.546000,6.609000,6.507000,6.562000,6.531000
103,2,2,6.190800,6.199000,6.205000,6.242000,6.211000,6.097000
103,3,2,6.456400,6.556000,6.053000,6.493000,6.531000,6.649000
103,4,2,6.477200,6.461000,6.564000,6.551000,6.469000,6.341000
103,5,2,6.075000,6.251000,6.048000,6.069000,5.945000,6.062000
103,6,2,6.569800,6.514000,6.506000,6.727000,6.580000,6.522000
103,7,2,6.447000,6.412000,6.431000,6.544000,6.482000,6.366000
103,8,2,6.516400,6.436000,6.533000,6.701000,6.465000,6.447000
103,9,2,6.447600,6.430000,6.477000,6.453000,6.352000,6.526000
103,10,2,6.550000,6.507000,6.572000,6.671000,6.541000,6.459000
103,11,2,6.406200,6.349000,6.449000,6.440000,6.396000,6.397000
103,12,2,5.967600,5.808000,6.047000,6.148000,5.915000,5.920000
103,13,2,6.254600,6.245000,6.357000,6.369000,6.244000,6.058000
103,14,2,6.481400,6.458000,6.492000,6.587000,6.476000,6.394000
103,15,2,6.301800,6.205000,6.340000,6.321000,6.332000,6.311000
103,16,2,6.621000,6.576000,6.551000,6.690000,6.729000,6.559000
103,17,2,6.289400,6.237000,6.406000,6.435000,6.221000,6.148000
103,18,2,6.481800,6.455000,6.500000,6.490000,6.499000,6.465000
103,19,2,6.319400,6.185000,6.435000,6.388000,6.286000,6.303000
104,0,2,6.486600,6.466000,6.375000,6.613000,6.549000,6.430000
104,1,2,6.479000,6.204000,6.349000,6.618000,6.667000,6.557000
104,2,2,6.381200,5.948000,6.475000,6.605000,6.511000,6.367000
104,3,2,6.510800,6.475000,6.527000,6.597000,6.392000,6.563000
104,4,2,6.612200,6.552000,6.582000,6.664000,6.590000,6.673000
104,5,2,6.398000,6.271000,6.401000,6.549000,6.433000,6.336000
104,6,2,6.117600,6.099000,6.050000,6.174000,6.153000,6.112000
104,7,2,6.557800,6.551000,6.515000,6.655000,6.571000,6.497000
104,8,2,6.455600,6.454000,6.446000,6.622000,6.335000,6.421000
104,9,2,6.146800,5.863000,6.249000,6.354000,6.141000,6.127000
104,10,2,6.388800,6.210000,6.463000,6.451000,6.440000,6.380000
104,11,2,6.532800,6.246000,6.301000,6.780000,6.728000,6.609000
104,12,2,6.482000,6.161000,6.425000,6.595000,6.521000,6.708000
104,13,2,6.418200,6.467000,6.428000,6.450000,6.425000,6.321000
104,14,2,6.555600,6.388000,6.469000,6.468000,6.792000,6.661000
104,15,2,6.530800,6.243000,6.453000,6.674000,6.665000,6.619000
104,16,2,6.687600,6.490000,6.602000,6.922000,6.758000,6.666000
104,17,2,6.379600,5.855000,6.469000,6.534000,6.562000,6.478000
104,18,2,6.604600,6.501000,6.546000,6.739000,6.630000,6.607000
104,19,2,6.229600,6.174000,6.114000,6.402000,6.275000,6.183000
105,0,2,6.428800,6.484000,6.408000,6.482000,6.328000,6.442000
105,1,2,6.469000,6.505000,6.311000,6.624000,6.457000,6.448000
105,2,2,6.731800,6.669000,6.642000,6.859000,6.739000,6.750000
105,3,2,6.765400,6.810000,6.758000,6.778000,6.750000,6.731000
105,4,2,6.383200,6.387000,6.371000,6.508000,6.290000,6.360000
105,5,2,6.409000,6.405000,6.296000,6.530000,6.317000,6.497000
105,6,2,6.319400,6.276000,6.209000,6.388000,6.278000,6.446000
105,7,2,6.553400,6.635000,6.552000,6.607000,6.622000,6.351000
105,8,2,6.665400,6.758000,6.598000,6.827000,6.553000,6.591000
105,9,2,6.518200,6.569000,6.424000,6.736000,6.356000,6.506000
105,10,2,6.519000,6.516000,6.426000,6.553000,6.527000,6.573000
105,11,2,6.434600,6.511000,6.273000,6.517000,6.453000,6.419000
105,12,2,6.263400,6.281000,6.194000,6.307000,6.262000,6.273000
105,13,2,6.405000,6.378000,6.416000,6.519000,6.380000,6.332000
105,14,2,6.632600,6.643000,6.676000,6.747000,6.574000,6.523000
105,15,2,6.163000,6.196000,6.048000,6.304000,6.127000,6.140000
105,16,2,6.316000,6.348000,6.337000,6.370000,6.243000,6.282000
105,17,2,6.580600,6.630000,6.571000,6.693000,6.526000,6.483000
105,18,2,6.197400,6.166000,6.229000,6.264000,6.143000,6.185000
105,19,2,6.539000,6.610000,6.485000,6.572000,6.532000,6.496000
106,0,2,6.377200,6.396000,6.322000,6.423000,6.263000,6.482000
106,1,2,6.538200,6.430000,6.653000,6.582000,6.486000,6.540000
106,2,2,6.215000,6.228000,6.189000,6.137000,6.041000,6.480000
106,3,2,6.357800,6.401000,6.335000,6.410000,6.198000,6.445000
106,4,2,6.338600,6.464000,6.324000,6.351000,6.184000,6.370000
106,5,2,6.432800,6.506000,6.472000,6.354000,6.324000,6.508000
106,6,2,6.582200,6.582000,6.633000,6.625000,6.337000,6.734000
106,7,2,6.061600,6.182000,6.071000,5.899000,5.824000,6.332000
106,8,2,6.266800,6.331000,6.314000,6.273000,6.022000,6.394000
106,9,2,6.383400,6.442000,6.383000,6.437000,6.201000,6.454000
106,10,2,6.615600,6.561000,6.484000,6.707000,6.563000,6.763000
106,11,2,6.478600,6.471000,6.463000,6.477000,6.346000,6.636000
106,12,2,6.528000,6.462000,6.507000,6.578000,6.416000,6.677000
106,13,2,6.153600,6.174000,6.177000,6.221000,5.954000,6.242000
106,14,2,6.528600,6.515000,6.557000,6.609000,6.255000,6.707000
106,15,2,6.540400,6.603000,6.551000,6.571000,6.337000,6.640000
106,16,2,6.394400,6.360000,6.294000,6.445000,6.256000,6.617000
106,17,2,6.454800,6.547000,6.544000,6.405000,6.241000,6.537000
106,18,2,6.468000,6.513000,6.451000,6.462000,6.378000,6.536000
106,19,2,6.401800,6.400000,6.405000,6.438000,6.222000,6.544000
107,0,2,6.465600,6.468000,6.392000,6.623000,6.308000,6.537000
107,1,2,6.763800,6.554000,6.644000,6.879000,6.896000,6.846000
107,2,2,6.225200,6.071000,6.134000,6.345000,6.218000,6.358000
107,3,2,6.370000,6.261000,6.294000,6.544000,6.267000,6.484000
107,4,2,6.636400,6.515000,6.454000,6.780000,6.779000,6.654000
107,5,2,6.401400,6.297000,6.279000,6.535000,6.422000,6.474000
107,6,2,6.460600,6.339000,6.416000,6.500000,6.499000,6.549000
107,7,2,6.692600,6.717000,6.556000,6.905000,6.633000,6.652000
107,8,2,6.393400,6.374000,6.327000,6.556000,6.373000,6.337000
107,9,2,6.236800,5.982000,6.180000,6.526000,6.088000,6.408000
107,10,2,6.638200,6.676000,6.493000,6.734000,6.662000,6.626000
107,11,2,6.600200,6.454000,6.565000,6.704000,6.514000,6.764000
107,12,2,6.347800,6.159000,6.311000,6.468000,6.344000,6.457000
107,13,2,6.415200,6.343000,6.355000,6.532000,6.327000,6.519000
107,14,2,6.535000,6.451000,6.417000,6.563000,6.554000,6.690000
107,15,2,6.450000,6.305000,6.451000,6.483000,6.501000,6.510000
107,16,2,6.528800,6.506000,6.470000,6.641000,6.452000,6.575000
107,17,2,6.664200,6.669000,6.585000,6.756000,6.705000,6.606000
107,18,2,6.588200,6.550000,6.527000,6.746000,6.701000,6.417000
107,19,2,6.337000,6.160000,6.263000,6.524000,6.271000,6.467000
108,0,2,6.844200,6.838000,6.728000,6.928000,6.889000,6.838000
108,1,2,6.610400,6.681000,6.439000,6.531000,6.607000,6.794000
108,2,2,6.547800,6.512000,6.380000,6.562000,6.628000,6.657000
108,3,2,6.658000,6.736000,6.429000,6.599000,6.740000,6.786000
108,4,2,6.635600,6.749000,6.481000,6.635000,6.678000,6.635000
108,5,2,6.459200,6.538000,6.342000,6.408000,6.534000,6.474000
108,6,2,6.738600,6.799000,6.681000,6.648000,6.718000,6.847000
108,7,2,6.546400,6.672000,6.398000,6.516000,6.621000,6.525000
108,8,2,6.635600,6.564000,6.575000,6.820000,6.666000,6.553000
108,9,2,6.454800,6.496000,6.361000,6.386000,6.482000,6.549000
108,10,2,6.536200,6.678000,6.437000,6.519000,6.609000,6.438000
108,11,2,6.792800,6.830000,6.622000,6.819000,6.857000,6.836000
108,12,2,6.712400,6.781000,6.489000,6.848000,6.596000,6.848000
108,13,2,6.847200,6.892000,6.564000,6.819000,6.949000,7.012000
108,14,2,6.590200,6.624000,6.445000,6.599000,6.569000,6.714000
108,15,2,6.395200,6.414000,6.348000,6.375000,6.392000,6.447000
108,16,2,6.797600,6.940000,6.622000,6.774000,6.898000,6.754000
108,17,2,6.510600,6.555000,6.554000,6.445000,6.535000,6.464000
108,18,2,6.550800,6.589000,6.506000,6.473000,6.516000,6.670000
108,19,2,6.728600,6.785000,6.642000,6.636000,6.834000,6.746000
109,0,2,6.677000,6.646000,6.771000,6.673000,6.620000,6.675000
109,1,2,6.682400,6.659000,6.696000,6.675000,6.684000,6.698000
109,2,2,6.653600,6.520000,6.857000,6.640000,6.647000,6.604000
109,3,2,6.330000,6.233000,6.478000,6.351000,6.330000,6.258000
109,4,2,6.405400,6.295000,6.571000,6.383000,6.376000,6.402000
109,5,2,6.602200,6.500000,6.747000,6.704000,6.480000,6.580000
109,6,2,6.578600,6.550000,6.675000,6.620000,6.587000,6.461000
109,7,2,6.497400,6.391000,6.653000,6.562000,6.443000,6.438000
109,8,2,6.411400,6.304000,6.479000,6.510000,6.371000,6.393000
109,9,2,6.445000,6.414000,6.661000,6.414000,6.370000,6.366000
109,10,2,6.792600,6.680000,6.871000,6.819000,6.835000,6.758000
109,11,2,6.298200,6.208000,6.503000,6.291000,6.245000,6.244000
109,12,2,6.570200,6.550000,6.652000,6.599000,6.550000,6.500000
109,13,2,6.750800,6.673000,6.906000,6.737000,6.670000,6.768000
109,14,2,6.564800,6.451000,6.740000,6.587000,6.542000,6.504000
109,15,2,6.517000,6.440000,6.698000,6.565000,6.475000,6.407000
109,16,2,6.586000,6.518000,6.782000,6.588000,6.509000,6.533000
109,17,2,6.359200,6.141000,6.620000,6.439000,6.225000,6.371000
109,18,2,6.438600,6.228000,6.521000,6.471000,6.538000,6.435000
109,19,2,6.474200,6.359000,6.618000,6.542000,6.393000,6.459000
110,0,0,4.530200,4.528000,4.398000,4.736000,4.475000,4.514000
110,1,0,4.596600,4.530000,4.594000,4.864000,4.458000,4.537000
110,2,0,4.811000,4.696000,4.768000,4.980000,4.762000,4.849000
110,3,0,4.551800,4.332000,4.541000,4.753000,4.560000,4.573000
110,4,0,4.297600,4.136000,4.369000,4.490000,4.180000,4.313000
110,5,0,4.638200,4.552000,4.600000,4.734000,4.647000,4.658000
110,6,0,4.635400,4.517000,4.645000,4.746000,4.581000,4.688000
110,7,0,4.566800,4.399000,4.701000,4.699000,4.480000,4.555000
110,8,0,4.730600,4.690000,4.689000,4.843000,4.707000,4.724000
110,9,0,4.534600,4.364000,4.489000,4.752000,4.518000,4.550000
110,10,0,4.392000,4.220000,4.472000,4.537000,4.397000,4.334000
110,11,0,4.556000,4.332000,4.551000,4.745000,4.592000,4.560000
110,12,0,4.462000,4.272000,4.488000,4.473000,4.454000,4.623000
110,13,0,4.589000,4.380000,4.612000,4.602000,4.695000,4.656000
110,14,0,4.424600,4.332000,4.492000,4.586000,4.306000,4.407000
110,15,0,4.572200,4.519000,4.580000,4.659000,4.496000,4.607000
110,16,0,4.558400,4.304000,4.627000,4.680000,4.538000,4.643000
110,17,0,4.648600,4.578000,4.467000,4.803000,4.614000,4.781000
110,18,0,4.465200,4.362000,4.429000,4.608000,4.460000,4.467000
110,19,0,4.776400,4.684000,4.802000,4.915000,4.706000,4.775000
110,20,1,4.267400,3.992000,4.365000,4.372000,4.242000,4.366000
110,21,1,4.354200,4.190000,4.393000,4.582000,4.264000,4.342000
110,22,1,4.489400,4.324000,4.450000,4.657000,4.443000,4.573000
110,23,1,4.490800,4.331000,4.413000,4.660000,4.488000,4.562000
110,24,1,4.582000,4.595000,4.479000,4.609000,4.610000,4.617000
110,25,1,4.295800,4.334000,4.255000,4.301000,4.294000,4.295000
110,26,1,4.339800,4.254000,4.249000,4.455000,4.317000,4.424000
110,27,1,4.357600,4.151000,4.309000,4.555000,4.322000,4.451000
110,28,1,4.592000,4.497000,4.522000,4.719000,4.563000,4.659000
110,29,1,4.423200,4.257000,4.439000,4.520000,4.425000,4.475000
110,30,1,4.233000,4.118000,4.198000,4.384000,4.125000,4.340000
110,31,1,4.392200,4.338000,4.418000,4.502000,4.331000,4.372000
110,32,1,4.343400,4.161000,4.265000,4.589000,4.302000,4.400000
110,33,1,4.383000,4.313000,4.276000,4.491000,4.417000,4.418000
110,34,1,4.383600,4.251000,4.263000,4.718000,4.252000,4.434000
110,35,1,4.546600,4.409000,4.522000,4.751000,4.446000,4.605000
110,36,1,4.395600,4.240000,4.321000,4.613000,4.342000,4.462000
110,37,1,4.388200,4.185000,4.430000,4.498000,4.412000,4.416000
110,38,1,4.334000,4.180000,4.321000,4.400000,4.447000,4.322000
110,39,1,4.529400,4.405000,4.537000,4.654000,4.540000,4.511000
110,40,2,6.688400,6.599000,6.709000,6.651000,6.766000,6.717000
110,41,2,6.480000,6.384000,6.516000,6.587000,6.496000,6.417000
110,42,2,6.687200,6.652000,6.604000,6.728000,6.789000,6.663000
110,43,2,6.580400,6.399000,6.551000,6.676000,6.651000,6.625000
110,44,2,6.583400,6.575000,6.608000,6.654000,6.560000,6.520000
110,45,2,6.528600,6.499000,6.430000,6.644000,6.485000,6.585000
110,46,2,6.482000,6.385000,6.368000,6.600000,6.567000,6.490000
110,47,2,6.230200,6.241000,6.143000,6.335000,6.201000,6.231000
110,48,2,6.643200,6.607000,6.682000,6.677000,6.652000,6.598000
110,49,2,6.546800,6.402000,6.563000,6.663000,6.647000,6.459000
110,50,2,6.719200,6.677000,6.753000,6.681000,6.809000,6.676000
110,51,2,6.277200,6.082000,6.148000,6.490000,6.327000,6.339000
110,52,2,6.543800,6.499000,6.507000,6.553000,6.579000,6.581000
110,53,2,6.619200,6.549000,6.585000,6.728000,6.580000,6.654000
110,54,2,6.665800,6.621000,6.665000,6.655000,6.694000,6.694000
110,55,2,6.338000,6.287000,6.275000,6.404000,6.422000,6.302000
110,56,2,6.685000,6.569000,6.676000,6.721000,6.691000,6.768000
110,57,2,6.446200,6.375000,6.442000,6.573000,6.410000,6.431000
110,58,2,6.336800,6.218000,6.376000,6.457000,6.309000,6.324000
110,59,2,6.448800,6.283000,6.541000,6.514000,6.467000,6.439000
110,60,3,4.176400,4.107000,4.192000,4.277000,4.175000,4.131000
110,61,3,4.471000,4.379000,4.425000,4.659000,4.546000,4.346000
110,62,3,4.247200,4.124000,4.224000,4.312000,4.283000,4.293000
110,63,3,4.386400,4.460000,4.407000,4.400000,4.401000,4.264000
110,64,3,4.566600,4.498000,4.574000,4.676000,4.530000,4.555000
110,65,3,4.358200,4.365000,4.295000,4.493000,4.285000,4.353000
110,66,3,4.214400,4.259000,4.255000,4.285000,4.104000,4.169000
110,67,3,4.226400,4.214000,4.072000,4.274000,4.253000,4.319000
110,68,3,4.160000,4.103000,4.090000,4.251000,4.097000,4.259000
110,69,3,4.346800,4.412000,4.254000,4.389000,4.342000,4.337000
110,70,3,4.268800,4.287000,4.086000,4.434000,4.325000,4.212000
110,71,3,4.347000,4.291000,4.363000,4.304000,4.430000,4.347000
110,72,3,4.313800,4.305000,4.377000,4.344000,4.236000,4.307000
110,73,3,4.269200,4.359000,4.221000,4.316000,4.167000,4.283000
110,74,3,4.256800,4.175000,4.237000,4.375000,4.223000,4.274000
110,75,3,4.139000,4.132000,4.101000,4.183000,4.180000,4.099000
110,76,3,4.327400,4.274000,4.224000,4.445000,4.251000,4.443000
110,77,3,4.317000,4.153000,4.360000,4.457000,4.230000,4.385000
110,78,3,4.270600,4.225000,4.285000,4.383000,4.270000,4.190000
110,79,3,4.078200,4.046000,3.985000,4.130000,4.191000,4.039000
110,80,4,4.276600,4.191000,4.316000,4.442000,4.255000,4.179000
110,81,4,4.292000,4.233000,4.256000,4.429000,4.219000,4.323000
110,82,4,4.271600,4.121000,4.204000,4.461000,4.322000,4.250000
110,83,4,4.094600,4.047000,4.020000,4.354000,3.952000,4.100000
110,84,4,4.298200,4.167000,4.275000,4.437000,4.251000,4.361000
110,85,4,4.145400,4.070000,4.191000,4.303000,4.132000,4.031000
110,86,4,4.420200,4.383000,4.365000,4.455000,4.408000,4.490000
110,87,4,4.288600,4.190000,4.274000,4.385000,4.221000,4.373000
110,88,4,4.339400,4.232000,4.324000,4.560000,4.310000,4.271000
110,89,4,4.324000,4.232000,4.268000,4.377000,4.352000,4.391000
110,90,4,4.357600,4.386000,4.416000,4.436000,4.322000,4.228000
110,91,4,4.307000,4.191000,4.348000,4.349000,4.318000,4.329000
110,92,4,4.386400,4.449000,4.382000,4.470000,4.245000,4.386000
110,93,4,4.397400,4.380000,4.393000,4.464000,4.347000,4.403000
110,94,4,4.290200,4.213000,4.215000,4.416000,4.252000,4.355000
110,95,4,4.237600,4.115000,4.253000,4.360000,4.280000,4.180000
110,96,4,4.395600,4.278000,4.400000,4.397000,4.481000,4.422000
110,97,4,4.349000,4.172000,4.356000,4.454000,4.328000,4.435000
110,98,4,4.389000,4.316000,4.408000,4.603000,4.292000,4.326000
110,99,4,4.443800,4.460000,4.526000,4.431000,4.466000,4.336000
111,0,2,6.729800,6.631000,6.633000,6.821000,6.707000,6.857000
111,1,2,6.699000,6.813000,6.708000,6.637000,6.601000,6.736000
111,2,2,6.562400,6.526000,6.559000,6.550000,6.535000,6.642000
111,3,2,6.755400,6.788000,6.779000,6.693000,6.657000,6.860000
111,4,2,6.439600,6.532000,6.301000,6.483000,6.344000,6.538000
111,5,2,6.754200,6.612000,6.815000,6.737000,6.714000,6.893000
111,6,2,6.806000,6.794000,6.845000,6.813000,6.655000,6.923000
111,7,2,6.616800,6.607000,6.640000,6.741000,6.473000,6.623000
111,8,2,6.765800,6.663000,6.708000,6.787000,6.727000,6.944000
111,9,2,6.712400,6.691000,6.727000,6.758000,6.585000,6.801000
111,10,2,6.536000,6.572000,6.559000,6.517000,6.445000,6.587000
111,11,2,6.766800,6.793000,6.787000,6.747000,6.733000,6.774000
111,12,2,6.578600,6.592000,6.415000,6.613000,6.508000,6.765000
111,13,2,6.612400,6.466000,6.658000,6.612000,6.539000,6.787000
111,14,2,6.635600,6.552000,6.617000,6.701000,6.551000,6.757000
111,15,2,6.612600,6.567000,6.678000,6.584000,6.551000,6.683000
111,16,2,6.495000,6.542000,6.478000,6.488000,6.372000,6.595000
111,17,2,6.734400,6.803000,6.724000,6.687000,6.658000,6.800000
111,18,2,6.724400,6.664000,6.765000,6.737000,6.668000,6.788000
111,19,2,6.488200,6.550000,6.345000,6.510000,6.400000,6.636000
112,0,2,6.506200,6.478000,6.553000,6.359000,6.601000,6.540000
112,1,2,6.713200,6.594000,6.797000,6.629000,6.803000,6.743000
112,2,2,6.762600,6.687000,6.777000,6.720000,6.898000,6.731000
112,3,2,6.677800,6.629000,6.709000,6.636000,6.717000,6.698000
112,4,2,6.703400,6.651000,6.669000,6.732000,6.740000,6.725000
112,5,2,6.774200,6.879000,6.701000,6.652000,6.935000,6.704000
112,6,2,6.601800,6.600000,6.528000,6.557000,6.649000,6.675000
112,7,2,6.697000,6.724000,6.641000,6.448000,6.782000,6.890000
112,8,2,6.777200,6.625000,6.661000,6.794000,6.920000,6.886000
112,9,2,6.645200,6.548000,6.689000,6.655000,6.684000,6.650000
112,10,2,6.647200,6.582000,6.750000,6.567000,6.694000,6.643000
112,11,2,6.674400,6.584000,6.660000,6.702000,6.784000,6.642000
112,12,2,6.768200,6.696000,6.776000,6.700000,6.842000,6.827000
112,13,2,6.601800,6.569000,6.615000,6.405000,6.766000,6.654000
112,14,2,6.326200,6.208000,6.327000,6.310000,6.429000,6.357000
112,15,2,6.664800,6.329000,6.655000,6.690000,6.825000,6.825000
112,16,2,6.746400,6.686000,6.817000,6.614000,6.842000,6.773000
112,17,2,6.626800,6.574000,6.642000,6.668000,6.676000,6.574000
112,18,2,6.622600,6.436000,6.640000,6.559000,6.824000,6.654000
112,19,2,6.475400,6.351000,6.557000,6.344000,6.629000,6.496000
113,0,2,6.601800,6.664000,6.544000,6.546000,6.668000,6.587000
113,1,2,6.701000,6.647000,6.661000,6.778000,6.716000,6.703000
113,2,2,6.524200,6.619000,6.394000,6.423000,6.594000,6.591000
113,3,2,6.214200,6.366000,6.224000,6.086000,6.181000,6.214000
113,4,2,6.542600,6.534000,6.497000,6.622000,6.384000,6.676000
113,5,2,6.387200,6.465000,6.438000,6.384000,6.390000,6.259000
113,6,2,6.638200,6.592000,6.695000,6.595000,6.735000,6.574000
113,7,2,6.462200,6.467000,6.384000,6.445000,6.546000,6.469000
113,8,2,6.710000,6.712000,6.697000,6.499000,6.877000,6.765000
113,9,2,6.556400,6.589000,6.529000,6.545000,6.501000,6.618000
113,10,2,6.461400,6.615000,6.358000,6.422000,6.446000,6.466000
113,11,2,6.600800,6.617000,6.613000,6.554000,6.642000,6.578000
113,12,2,6.603400,6.553000,6.664000,6.599000,6.574000,6.627000
113,13,2,6.524200,6.414000,6.534000,6.384000,6.623000,6.666000
113,14,2,6.569000,6.565000,6.544000,6.516000,6.691000,6.529000
113,15,2,6.615000,6.530000,6.594000,6.643000,6.683000,6.625000
113,16,2,6.241800,6.266000,6.338000,6.221000,6.251000,6.133000
113,17,2,6.284000,6.262000,6.312000,6.323000,6.250000,6.273000
113,18,2,6.339000,6.291000,6.297000,6.364000,6.429000,6.314000
113,19,2,6.350000,6.361000,6.301000,6.325000,6.432000,6.331000
114,0,2,6.483800,6.418000,6.588000,6.533000,6.358000,6.522000
114,1,2,6.289600,6.314000,6.360000,6.287000,6.201000,6.286000
114,2,2,6.704800,6.823000,6.834000,6.907000,6.121000,6.839000
114,3,2,6.768400,6.754000,6.826000,6.905000,6.510000,6.847000
114,4,2,6.690800,6.719000,6.636000,6.785000,6.569000,6.745000
114,5,2,6.650400,6.429000,6.508000,6.918000,6.647000,6.750000
114,6,2,6.666400,6.578000,6.886000,6.688000,6.648000,6.532000
114,7,2,6.563200,6.477000,6.374000,6.664000,6.626000,6.675000
114,8,2,6.410200,6.414000,6.383000,6.496000,6.291000,6.467000
114,9,2,6.621800,6.550000,6.681000,6.760000,6.551000,6.567000
114,10,2,6.560200,6.585000,6.483000,6.801000,6.324000,6.608000
114,11,2,6.541400,6.502000,6.680000,6.641000,6.323000,6.561000
114,12,2,6.412400,6.264000,6.425000,6.594000,6.405000,6.374000
114,13,2,6.645400,6.658000,6.754000,6.828000,6.258000,6.729000
114,14,2,6.502800,6.428000,6.630000,6.616000,6.339000,6.501000
114,15,2,6.440200,6.340000,6.565000,6.574000,6.250000,6.472000
114,16,2,6.561000,6.495000,6.669000,6.642000,6.433000,6.566000
114,17,2,6.574000,6.611000,6.550000,6.658000,6.495000,6.556000
114,18,2,6.585200,6.521000,6.565000,6.732000,6.487000,6.621000
114,19,2,6.694400,6.798000,6.780000,6.925000,6.580000,6.389000
115,0,2,6.342200,6.306000,6.387000,6.299000,6.348000,6.371000
115,1,2,6.471600,6.480000,6.497000,6.464000,6.398000,6.519000
115,2,2,6.765800,6.626000,6.836000,6.749000,6.863000,6.755000
115,3,2,6.537600,6.441000,6.627000,6.358000,6.619000,6.643000
115,4,2,6.747800,6.786000,6.762000,6.643000,6.752000,6.796000
115,5,2,6.258000,6.174000,6.404000,6.421000,6.171000,6.120000
115,6,2,6.601000,6.657000,6.624000,6.573000,6.630000,6.521000
115,7,2,6.636000,6.628000,6.812000,6.744000,6.245000,6.751000
115,8,2,6.570600,6.580000,6.587000,6.507000,6.591000,6.588000
115,9,2,6.706600,6.543000,6.764000,6.721000,6.747000,6.758000
115,10,2,6.796800,6.844000,6.967000,6.702000,6.661000,6.810000
115,11,2,6.050400,6.002000,6.101000,6.080000,6.035000,6.034000
115,12,2,6.665600,6.633000,6.751000,6.521000,6.632000,6.791000
115,13,2,6.689000,6.676000,6.690000,6.806000,6.608000,6.665000
115,14,2,6.743600,6.845000,6.832000,6.733000,6.618000,6.690000
115,15,2,6.680400,6.746000,6.765000,6.497000,6.690000,6.704000
115,16,2,6.585000,6.530000,6.716000,6.465000,6.556000,6.658000
115,17,2,6.731400,6.791000,6.858000,6.644000,6.634000,6.730000
115,18,2,6.616400,6.471000,6.742000,6.690000,6.564000,6.615000
115,19,2,6.728200,6.797000,6.724000,6.676000,6.701000,6.743000
116,0,2,6.473200,6.453000,6.420000,6.597000,6.325000,6.571000
116,1,2,6.651400,6.703000,6.689000,6.642000,6.543000,6.680000
116,2,2,6.684800,6.611000,6.627000,6.735000,6.721000,6.730000
116,3,2,6.664600,6.543000,6.701000,6.727000,6.532000,6.820000
116,4,2,6.476800,6.385000,6.387000,6.546000,6.456000,6.610000
116,5,2,6.599200,6.621000,6.524000,6.507000,6.636000,6.708000
116,6,2,6.423200,6.378000,6.435000,6.420000,6.379000,6.504000
116,7,2,6.589600,6.461000,6.503000,6.603000,6.705000,6.676000
116,8,2,6.714800,6.818000,6.404000,6.750000,6.676000,6.926000
116,9,2,6.567400,6.488000,6.496000,6.599000,6.551000,6.703000
116,10,2,6.664400,6.511000,6.746000,6.757000,6.553000,6.755000
116,11,2,6.347600,6.306000,6.362000,6.450000,6.246000,6.374000
116,12,2,6.522000,6.478000,6.384000,6.594000,6.451000,6.703000
116,13,2,6.647800,6.535000,6.629000,6.777000,6.577000,6.721000
116,14,2,6.635600,6.592000,6.672000,6.648000,6.625000,6.641000
116,15,2,6.364400,6.369000,6.368000,6.397000,6.298000,6.390000
116,16,2,6.550000,6.543000,6.507000,6.394000,6.634000,6.672000
116,17,2,6.759400,6.814000,6.718000,6.688000,6.651000,6.926000
116,18,2,6.516200,6.502000,6.470000,6.415000,6.550000,6.644000
116,19,2,6.644800,6.616000,6.532000,6.759000,6.607000,6.710000
117,0,2,6.479800,6.663000,6.348000,6.520000,6.466000,6.402000
117,1,2,6.118800,6.191000,6.154000,6.155000,6.037000,6.057000
117,2,2,6.683400,6.891000,6.558000,6.489000,6.742000,6.737000
117,3,2,6.280400,6.447000,6.222000,6.282000,6.153000,6.298000
117,4,2,6.270600,6.311000,6.311000,6.218000,6.143000,6.370000
117,5,2,6.569600,6.684000,6.571000,6.429000,6.537000,6.627000
117,6,2,6.569400,6.671000,6.442000,6.568000,6.538000,6.628000
117,7,2,6.500400,6.588000,6.482000,6.488000,6.392000,6.552000
117,8,2,6.484400,6.592000,6.473000,6.430000,6.452000,6.475000
117,9,2,6.575800,6.643000,6.543000,6.534000,6.642000,6.517000
117,10,2,6.433600,6.595000,6.346000,6.441000,6.334000,6.452000
117,11,2,6.638200,6.706000,6.577000,6.603000,6.616000,6.689000
117,12,2,6.410800,6.467000,6.321000,6.432000,6.392000,6.442000
117,13,2,6.539600,6.593000,6.571000,6.490000,6.473000,6.571000
117,14,2,6.692400,6.750000,6.633000,6.710000,6.646000,6.723000
117,15,2,6.671200,6.766000,6.591000,6.671000,6.607000,6.721000
117,16,2,6.618000,6.599000,6.724000,6.712000,6.395000,6.660000
117,17,2,6.687600,6.886000,6.615000,6.621000,6.678000,6.638000
117,18,2,6.479200,6.601000,6.494000,6.431000,6.485000,6.385000
117,19,2,6.621200,6.679000,6.613000,6.585000,6.601000,6.628000
118,0,2,6.555800,6.442000,6.470000,6.561000,6.693000,6.613000
118,1,2,6.675800,6.644000,6.712000,6.742000,6.738000,6.543000
118,2,2,6.604800,6.552000,6.620000,6.704000,6.538000,6.610000
118,3,2,6.364600,6.275000,6.332000,6.510000,6.333000,6.373000
118,4,2,6.601600,6.544000,6.688000,6.765000,6.684000,6.327000
118,5,2,6.179600,6.583000,6.071000,6.282000,5.888000,6.074000
118,6,2,6.553600,6.424000,6.529000,6.683000,6.560000,6.572000
118,7,2,6.724200,6.563000,6.745000,6.768000,6.746000,6.799000
118,8,2,6.437200,6.340000,6.288000,6.506000,6.500000,6.552000
118,9,2,6.554800,6.518000,6.496000,6.499000,6.628000,6.633000
118,10,2,6.561600,6.400000,6.532000,6.733000,6.538000,6.605000
118,11,2,6.617800,6.385000,6.570000,6.759000,6.636000,6.739000
118,12,2,6.590000,6.422000,6.657000,6.610000,6.655000,6.606000
118,13,2,6.470600,6.479000,6.283000,6.595000,6.537000,6.459000
118,14,2,6.513400,6.231000,6.510000,6.640000,6.569000,6.617000
118,15,2,6.614200,6.446000,6.597000,6.732000,6.653000,6.643000
118,16,2,6.583800,6.462000,6.565000,6.611000,6.596000,6.685000
118,17,2,6.220600,5.909000,6.239000,6.228000,6.406000,6.321000
118,18,2,6.768200,6.598000,6.862000,6.834000,6.835000,6.712000
118,19,2,6.579000,6.408000,6.501000,6.671000,6.626000,6.689000
119,0,2,6.645000,6.641000,6.548000,6.593000,6.758000,6.685000
119,1,2,6.414800,6.409000,6.355000,6.449000,6.418000,6.443000
119,2,2,6.751200,6.607000,6.697000,6.749000,6.904000,6.799000
119,3,2,6.471600,6.420000,6.425000,6.485000,6.532000,6.496000
119,4,2,6.607800,6.388000,6.281000,6.684000,6.846000,6.840000
119,5,2,6.676000,6.696000,6.576000,6.688000,6.769000,6.651000
119,6,2,6.802800,6.820000,6.552000,6.876000,6.961000,6.805000
119,7,2,6.677400,6.615000,6.702000,6.852000,6.607000,6.611000
119,8,2,6.593200,6.508000,6.586000,6.572000,6.552000,6.748000
119,9,2,6.576800,6.590000,6.570000,6.680000,6.658000,6.386000
119,10,2,6.494600,6.435000,6.460000,6.563000,6.435000,6.580000
119,11,2,6.373600,6.356000,6.333000,6.400000,6.402000,6.377000
119,12,2,6.727000,6.711000,6.669000,6.770000,6.746000,6.739000
119,13,2,6.842200,6.713000,6.699000,7.010000,6.985000,6.804000
119,14,2,6.428400,6.347000,6.364000,6.541000,6.560000,6.330000
119,15,2,6.635400,6.539000,6.561000,6.682000,6.742000,6.653000
119,16,2,6.610200,6.548000,6.564000,6.606000,6.699000,6.634000
119,17,2,6.563200,6.543000,6.595000,6.663000,6.568000,6.447000
119,18,2,6.281400,6.289000,6.234000,6.229000,6.280000,6.375000
119,19,2,6.738200,6.724000,6.700000,6.694000,6.817000,6.756000
120,0,0,4.820200,4.884000,4.783000,4.782000,4.743000,4.909000
120,1,0,4.756400,4.797000,4.695000,4.679000,4.752000,4.859000
120,2,0,5.009200,4.916000,4.993000,4.982000,5.047000,5.108000
120,3,0,4.674800,4.775000,4.592000,4.675000,4.651000,4.681000
120,4,0,4.853800,5.004000,4.664000,4.798000,4.878000,4.925000
120,5,0,4.769200,4.772000,4.746000,4.606000,4.912000,4.810000
120,6,0,4.808000,4.796000,4.783000,4.766000,4.845000,4.850000
120,7,0,4.848800,4.924000,4.704000,4.836000,4.800000,4.980000
120,8,0,4.718600,4.692000,4.548000,4.716000,4.784000,4.853000
120,9,0,4.924600,4.852000,4.891000,4.950000,4.960000,4.970000
120,10,0,4.706400,4.757000,4.646000,4.596000,4.746000,4.787000
120,11,0,4.998400,5.048000,4.900000,4.971000,4.995000,5.078000
120,12,0,4.990600,5.048000,4.751000,5.040000,5.121000,4.993000
120,13,0,4.981200,4.987000,4.961000,4.984000,4.956000,5.018000
120,14,0,4.989000,5.039000,4.899000,5.013000,4.945000,5.049000
120,15,0,4.805800,4.716000,4.615000,4.952000,4.858000,4.888000
120,16,0,4.601000,4.525000,4.642000,4.653000,4.682000,4.503000
120,17,0,4.829000,4.753000,4.719000,4.869000,4.854000,4.950000
120,18,0,4.732200,4.651000,4.596000,4.693000,4.788000,4.933000
120,19,0,4.802400,4.928000,4.643000,4.854000,4.819000,4.768000
120,20,1,4.454600,4.472000,4.409000,4.540000,4.437000,4.415000
120,21,1,4.634000,4.674000,4.601000,4.459000,4.725000,4.711000
120,22,1,4.615200,4.566000,4.548000,4.703000,4.613000,4.646000
120,23,1,4.678000,4.732000,4.621000,4.772000,4.612000,4.653000
120,24,1,4.642600,4.685000,4.450000,4.706000,4.695000,4.677000
120,25,1,4.726600,4.671000,4.663000,4.789000,4.783000,4.727000
120,26,1,4.454400,4.473000,4.343000,4.514000,4.513000,4.429000
120,27,1,4.698000,4.617000,4.625000,4.695000,4.781000,4.772000
120,28,1,4.637600,4.521000,4.553000,4.709000,4.743000,4.662000
120,29,1,4.421000,4.319000,4.426000,4.446000,4.447000,4.467000
120,30,1,4.518600,4.515000,4.434000,4.666000,4.431000,4.547000
120,31,1,4.552400,4.548000,4.518000,4.568000,4.553000,4.575000
120,32,1,4.607800,4.630000,4.550000,4.670000,4.635000,4.554000
120,33,1,4.337400,4.419000,4.115000,4.283000,4.390000,4.480000
120,34,1,4.522800,4.532000,4.532000,4.608000,4.470000,4.472000
120,35,1,4.745600,4.693000,4.750000,4.751000,4.756000,4.778000
120,36,1,4.646000,4.674000,4.654000,4.607000,4.670000,4.625000
120,37,1,4.471600,4.351000,4.462000,4.454000,4.607000,4.484000
120,38,1,4.488800,4.310000,4.341000,4.567000,4.657000,4.569000
120,39,1,4.636600,4.624000,4.450000,4.723000,4.660000,4.726000
120,40,2,6.655200,6.621000,6.513000,6.639000,6.742000,6.761000
120,41,2,6.673400,6.622000,6.560000,6.791000,6.750000,6.644000
120,42,2,6.697400,6.451000,6.667000,6.803000,6.751000,6.815000
120,43,2,6.698200,6.701000,6.628000,6.802000,6.774000,6.586000
120,44,2,6.278000,6.230000,6.215000,6.229000,6.414000,6.302000
120,45,2,6.593000,6.504000,6.536000,6.578000,6.636000,6.711000
120,46,2,6.363800,6.339000,6.332000,6.329000,6.479000,6.340000
120,47,2,6.739200,6.675000,6.621000,6.832000,6.885000,6.683000
120,48,2,6.406800,6.459000,6.593000,6.427000,6.365000,6.190000
120,49,2,6.615800,6.595000,6.574000,6.539000,6.670000,6.701000
120,50,2,6.450800,6.324000,6.349000,6.362000,6.622000,6.597000
120,51,2,6.800800,6.664000,6.848000,6.836000,6.851000,6.805000
120,52,2,6.537000,6.509000,6.456000,6.614000,6.546000,6.560000
120,53,2,6.804600,6.847000,6.617000,6.835000,6.860000,6.864000
120,54,2,6.521200,6.609000,6.378000,6.455000,6.561000,6.603000
120,55,2,6.616200,6.561000,6.544000,6.625000,6.680000,6.671000
120,56,2,6.480400,6.372000,6.383000,6.499000,6.564000,6.584000
120,57,2,6.542600,6.571000,6.368000,6.467000,6.692000,6.615000
120,58,2,6.763600,6.731000,6.754000,6.795000,6.754000,6.784000
120,59,2,6.680400,6.705000,6.714000,6.540000,6.758000,6.685000
120,60,3,4.213800,4.179000,4.319000,4.226000,4.147000,4.198000
120,61,3,4.418000,4.430000,4.351000,4.381000,4.385000,4.543000
120,62,3,4.189400,4.146000,4.238000,4.176000,4.232000,4.155000
120,63,3,4.331400,4.367000,4.291000,4.403000,4.289000,4.307000
120,64,3,4.521000,4.575000,4.408000,4.538000,4.511000,4.573000
120,65,3,4.356400,4.405000,4.470000,4.330000,4.304000,4.273000
120,66,3,4.317800,4.219000,4.392000,4.374000,4.176000,4.428000
120,67,3,4.423400,4.473000,4.322000,4.429000,4.448000,4.445000
120,68,3,4.367800,4.355000,4.219000,4.418000,4.376000,4.471000
120,69,3,4.320200,4.263000,4.187000,4.362000,4.451000,4.338000
120,70,3,4.380400,4.219000,4.378000,4.408000,4.509000,4.388000
120,71,3,4.382000,4.371000,4.401000,4.273000,4.505000,4.360000
120,72,3,4.321600,4.380000,4.250000,4.336000,4.291000,4.351000
120,73,3,4.239200,4.185000,4.216000,4.153000,4.223000,4.419000
120,74,3,4.378200,4.281000,4.317000,4.346000,4.448000,4.499000
120,75,3,4.226400,4.161000,4.287000,4.251000,4.234000,4.199000
120,76,3,4.401000,4.419000,4.310000,4.440000,4.366000,4.470000
120,77,3,4.498000,4.500000,4.406000,4.465000,4.476000,4.643000
120,78,3,4.265000,4.331000,4.133000,4.312000,4.332000,4.217000
120,79,3,4.438400,4.471000,4.400000,4.461000,4.298000,4.562000
120,80,4,4.414600,4.410000,4.390000,4.418000,4.470000,4.385000
120,81,4,4.368200,4.403000,4.307000,4.373000,4.384000,4.374000
120,82,4,4.368000,4.412000,4.248000,4.326000,4.462000,4.392000
120,83,4,4.477400,4.529000,4.396000,4.428000,4.541000,4.493000
120,84,4,4.567400,4.629000,4.569000,4.578000,4.529000,4.532000
120,85,4,4.424400,4.439000,4.335000,4.439000,4.470000,4.439000
120,86,4,4.321400,4.301000,4.251000,4.372000,4.359000,4.324000
120,87,4,4.467400,4.406000,4.451000,4.538000,4.451000,4.491000
120,88,4,4.366800,4.358000,4.275000,4.370000,4.372000,4.459000
120,89,4,4.472000,4.361000,4.344000,4.475000,4.565000,4.615000
120,90,4,4.536000,4.457000,4.425000,4.528000,4.646000,4.624000
120,91,4,4.354000,4.249000,4.309000,4.386000,4.364000,4.462000
120,92,4,4.292400,4.239000,4.220000,4.295000,4.330000,4.378000
120,93,4,4.516200,4.498000,4.351000,4.506000,4.611000,4.615000
120,94,4,4.517200,4.541000,4.464000,4.548000,4.518000,4.515000
120,95,4,4.307800,4.283000,4.204000,4.458000,4.282000,4.312000
120,96,4,4.477000,4.493000,4.383000,4.473000,4.517000,4.519000
120,97,4,4.439800,4.401000,4.435000,4.448000,4.442000,4.473000
120,98,4,4.540200,4.436000,4.562000,4.523000,4.578000,4.602000
120,99,4,4.538000,4.498000,4.555000,4.597000,4.453000,4.587000
121,0,2,6.328800,6.327000,6.372000,6.238000,6.506000,6.201000
121,1,2,6.452200,6.394000,6.468000,6.370000,6.558000,6.471000
121,2,2,6.591600,6.530000,6.619000,6.599000,6.716000,6.494000
121,3,2,6.452000,6.510000,6.329000,6.445000,6.571000,6.405000
121,4,2,6.703400,6.726000,6.760000,6.527000,6.748000,6.756000
121,5,2,6.268200,6.262000,6.318000,6.165000,6.389000,6.207000
121,6,2,6.567400,6.480000,6.593000,6.561000,6.642000,6.561000
121,7,2,6.396000,6.466000,6.341000,6.287000,6.543000,6.343000
121,8,2,6.257800,6.270000,6.296000,6.118000,6.463000,6.142000
121,9,2,6.624200,6.560000,6.649000,6.664000,6.743000,6.505000
121,10,2,6.619000,6.509000,6.681000,6.624000,6.713000,6.568000
121,11,2,6.215200,6.234000,6.172000,6.235000,6.285000,6.150000
121,12,2,6.297000,6.281000,6.209000,6.288000,6.437000,6.270000
121,13,2,6.781600,6.763000,6.782000,6.816000,6.806000,6.741000
121,14,2,6.603600,6.521000,6.618000,6.559000,6.701000,6.619000
121,15,2,6.642400,6.670000,6.771000,6.551000,6.767000,6.453000
121,16,2,6.492000,6.519000,6.528000,6.447000,6.581000,6.385000
121,17,2,6.387800,6.356000,6.451000,6.337000,6.497000,6.298000
121,18,2,6.728600,6.476000,6.670000,6.869000,6.827000,6.801000
121,19,2,6.308600,6.329000,6.247000,6.217000,6.398000,6.352000
122,0,2,6.631200,6.805000,6.569000,6.536000,6.577000,6.669000
122,1,2,6.753400,6.830000,6.756000,6.758000,6.682000,6.741000
122,2,2,6.729800,6.814000,6.582000,6.753000,6.742000,6.758000
122,3,2,6.641400,6.678000,6.561000,6.699000,6.592000,6.677000
122,4,2,6.631800,6.597000,6.677000,6.334000,6.767000,6.784000
122,5,2,6.622400,6.774000,6.485000,6.689000,6.523000,6.641000
122,6,2,6.820800,6.845000,6.751000,6.914000,6.800000,6.794000
122,7,2,6.522400,6.572000,6.397000,6.549000,6.497000,6.597000
122,8,2,6.518400,6.589000,6.389000,6.643000,6.486000,6.485000
122,9,2,6.638400,6.677000,6.409000,6.669000,6.663000,6.774000
122,10,2,6.695200,6.780000,6.691000,6.788000,6.589000,6.628000
122,11,2,6.754000,6.743000,6.755000,6.778000,6.736000,6.758000
122,12,2,6.685600,6.855000,6.660000,6.501000,6.790000,6.622000
122,13,2,6.658200,6.770000,6.637000,6.619000,6.707000,6.558000
122,14,2,6.671000,6.729000,6.574000,6.691000,6.634000,6.727000
122,15,2,6.744800,6.830000,6.744000,6.681000,6.745000,6.724000
122,16,2,6.470800,6.686000,6.303000,6.555000,6.377000,6.433000
122,17,2,6.778400,6.863000,6.725000,6.789000,6.780000,6.735000
122,18,2,6.860000,6.928000,6.876000,6.649000,6.977000,6.870000
122,19,2,6.793600,6.840000,6.692000,6.759000,6.818000,6.859000
123,0,2,6.660200,6.962000,6.491000,6.639000,6.782000,6.427000
123,1,2,6.625600,6.665000,6.479000,6.679000,6.606000,6.699000
123,2,2,6.670800,6.740000,6.637000,6.437000,6.847000,6.693000
123,3,2,6.610000,6.835000,6.388000,6.628000,6.538000,6.661000
123,4,2,6.366200,6.527000,6.131000,6.381000,6.378000,6.414000
123,5,2,6.453000,6.528000,6.217000,6.170000,6.809000,6.541000
123,6,2,6.698400,6.828000,6.503000,6.760000,6.760000,6.641000
123,7,2,6.796400,6.927000,6.617000,6.825000,6.787000,6.826000
123,8,2,6.682400,6.823000,6.524000,6.674000,6.689000,6.702000
123,9,2,6.788600,6.975000,6.730000,6.789000,6.754000,6.695000
123,10,2,6.603400,6.812000,6.464000,6.515000,6.566000,6.660000
123,11,2,6.699000,6.905000,6.520000,6.638000,6.650000,6.782000
123,12,2,6.739200,6.873000,6.672000,6.709000,6.671000,6.771000
123,13,2,6.768800,6.805000,6.633000,6.792000,6.837000,6.777000
123,14,2,6.698800,6.853000,6.631000,6.731000,6.757000,6.522000
123,15,2,6.724600,6.849000,6.534000,6.729000,6.750000,6.761000
123,16,2,6.659400,6.740000,6.644000,6.553000,6.791000,6.569000
123,17,2,6.722800,6.844000,6.594000,6.765000,6.728000,6.683000
123,18,2,6.747200,6.892000,6.631000,6.664000,6.782000,6.767000
123,19,2,6.709800,6.755000,6.592000,6.706000,6.682000,6.814000
124,0,2,6.696400,6.812000,6.465000,6.833000,6.593000,6.779000
124,1,2,6.615800,6.730000,6.052000,6.719000,6.794000,6.784000
124,2,2,6.521000,6.537000,6.343000,6.485000,6.616000,6.624000
124,3,2,6.677800,6.756000,6.725000,6.665000,6.645000,6.598000
124,4,2,6.829200,6.885000,6.911000,6.724000,6.817000,6.809000
124,5,2,6.725200,6.665000,6.802000,6.720000,6.743000,6.696000
124,6,2,6.636400,6.645000,6.762000,6.589000,6.551000,6.635000
124,7,2,6.792600,6.770000,6.794000,6.719000,6.810000,6.870000
124,8,2,6.722800,6.824000,6.799000,6.612000,6.671000,6.708000
124,9,2,6.878600,6.970000,6.893000,6.769000,6.892000,6.869000
124,10,2,6.727600,6.835000,6.685000,6.571000,6.786000,6.761000
124,11,2,6.620400,6.553000,6.599000,6.562000,6.728000,6.660000
124,12,2,6.809000,6.866000,6.784000,6.787000,6.829000,6.779000
124,13,2,6.764400,6.901000,6.586000,6.836000,6.808000,6.691000
124,14,2,6.675400,6.741000,6.578000,6.653000,6.704000,6.701000
124,15,2,6.710800,6.780000,6.684000,6.691000,6.761000,6.638000
124,16,2,6.693800,6.774000,6.502000,6.727000,6.723000,6.743000
124,17,2,6.562400,6.598000,6.608000,6.471000,6.527000,6.608000
124,18,2,6.744000,6.792000,6.807000,6.631000,6.758000,6.732000
124,19,2,6.504200,6.501000,6.659000,6.435000,6.445000,6.481000
125,0,2,6.772400,6.903000,6.652000,6.666000,6.823000,6.818000
125,1,2,6.703400,6.681000,6.453000,6.856000,6.733000,6.794000
125,2,2,6.667800,6.750000,6.376000,6.582000,6.831000,6.800000
125,3,2,6.716000,6.670000,6.661000,6.741000,6.789000,6.719000
125,4,2,6.768800,6.794000,6.730000,6.702000,6.783000,6.835000
125,5,2,6.736600,6.786000,6.686000,6.709000,6.727000,6.775000
125,6,2,6.475800,6.495000,6.499000,6.503000,6.341000,6.541000
125,7,2,6.728800,6.803000,6.576000,6.638000,6.762000,6.865000
125,8,2,6.778000,6.693000,6.673000,6.850000,6.771000,6.903000
125,9,2,6.747800,6.748000,6.614000,6.808000,6.702000,6.867000
125,10,2,6.594000,6.777000,6.229000,6.823000,6.583000,6.558000
125,11,2,6.692200,6.787000,6.585000,6.656000,6.614000,6.819000
125,12,2,6.623600,6.696000,5.932000,6.841000,6.790000,6.859000
125,13,2,6.666800,6.725000,6.602000,6.678000,6.562000,6.767000
125,14,2,6.704600,6.644000,6.591000,6.886000,6.702000,6.700000
125,15,2,6.765200,6.926000,6.537000,6.772000,6.858000,6.733000
125,16,2,6.677800,6.657000,6.682000,6.462000,6.777000,6.811000
125,17,2,6.617600,6.672000,6.604000,6.539000,6.545000,6.728000
125,18,2,6.564400,6.820000,6.263000,6.385000,6.633000,6.721000
125,19,2,6.734200,6.725000,6.733000,6.701000,6.715000,6.797000
126,0,2,6.776400,6.764000,6.910000,6.669000,6.687000,6.852000
126,1,2,6.554400,6.512000,6.738000,6.451000,6.536000,6.535000
126,2,2,6.365600,6.399000,6.457000,6.234000,6.307000,6.431000
126,3,2,6.535000,6.548000,6.599000,6.465000,6.498000,6.565000
126,4,2,6.756800,6.488000,6.930000,6.849000,6.632000,6.885000
126,5,2,6.786800,6.685000,6.884000,6.749000,6.772000,6.844000
126,6,2,6.639800,6.713000,6.692000,6.430000,6.631000,6.733000
126,7,2,6.247200,6.278000,6.258000,6.185000,6.291000,6.224000
126,8,2,6.568800,6.440000,6.679000,6.645000,6.452000,6.628000
126,9,2,6.498600,6.398000,6.617000,6.394000,6.539000,6.545000
126,10,2,6.772200,6.634000,6.981000,6.830000,6.562000,6.854000
126,11,2,6.669000,6.343000,6.921000,6.745000,6.563000,6.773000
126,12,2,6.519000,6.572000,6.663000,6.272000,6.507000,6.581000
126,13,2,6.738200,6.639000,6.829000,6.648000,6.759000,6.816000
126,14,2,6.609400,6.382000,6.867000,6.586000,6.704000,6.508000
126,15,2,6.479600,6.373000,6.760000,6.428000,6.341000,6.496000
126,16,2,6.662800,6.626000,6.918000,6.585000,6.537000,6.648000
126,17,2,6.868600,6.780000,6.958000,6.935000,6.844000,6.826000
126,18,2,6.784200,6.716000,6.900000,6.725000,6.688000,6.892000
126,19,2,6.715800,6.587000,6.874000,6.665000,6.686000,6.767000
127,0,2,6.714400,6.721000,6.644000,6.735000,6.689000,6.783000
127,1,2,6.717200,6.664000,6.613000,6.809000,6.703000,6.797000
127,2,2,6.723400,6.658000,6.609000,6.831000,6.698000,6.821000
127,3,2,6.787400,6.817000,6.653000,6.920000,6.672000,6.875000
127,4,2,6.708000,6.730000,6.727000,6.732000,6.663000,6.688000
127,5,2,6.814000,6.711000,6.747000,6.864000,6.835000,6.913000
127,6,2,6.604400,6.616000,6.722000,6.837000,6.701000,6.146000
127,7,2,6.665600,6.685000,6.536000,6.852000,6.615000,6.640000
127,8,2,6.736000,6.754000,6.703000,6.797000,6.720000,6.706000
127,9,2,6.764800,6.730000,6.612000,6.904000,6.709000,6.869000
127,10,2,6.895800,6.799000,6.837000,7.017000,6.879000,6.947000
127,11,2,6.660000,6.643000,6.680000,6.716000,6.598000,6.663000
127,12,2,6.687400,6.719000,6.671000,6.717000,6.718000,6.612000
127,13,2,6.790400,6.757000,6.783000,6.912000,6.755000,6.745000
127,14,2,6.286400,6.312000,6.208000,6.387000,6.229000,6.296000
127,15,2,6.723400,6.789000,6.732000,6.725000,6.660000,6.711000
127,16,2,6.865000,6.847000,6.704000,6.972000,6.831000,6.971000
127,17,2,6.793200,6.736000,6.703000,6.846000,6.797000,6.884000
127,18,2,6.536600,6.485000,6.334000,6.676000,6.526000,6.662000
127,19,2,6.801200,6.748000,6.599000,6.982000,6.737000,6.940000
128,0,2,6.787600,6.874000,6.835000,6.719000,6.843000,6.667000
128,1,2,6.633400,6.628000,6.535000,6.633000,6.773000,6.598000
128,2,2,6.725400,6.738000,6.654000,6.715000,6.741000,6.779000
128,3,2,6.731800,6.724000,6.648000,6.731000,6.720000,6.836000
128,4,2,6.690800,6.852000,6.743000,6.609000,6.802000,6.448000
128,5,2,6.528800,6.516000,6.389000,6.539000,6.621000,6.579000
128,6,2,6.621600,6.625000,6.593000,6.669000,6.657000,6.564000
128,7,2,6.774200,6.823000,6.765000,6.777000,6.677000,6.829000
128,8,2,6.835800,6.880000,6.789000,6.789000,6.914000,6.807000
128,9,2,6.287200,6.162000,6.175000,6.357000,6.483000,6.259000
128,10,2,6.622200,6.658000,6.701000,6.556000,6.666000,6.530000
128,11,2,6.824200,6.832000,6.823000,6.801000,6.877000,6.788000
128,12,2,6.650800,6.569000,6.609000,6.748000,6.662000,6.666000
128,13,2,6.577800,6.527000,6.484000,6.664000,6.649000,6.565000
128,14,2,6.660400,6.692000,6.703000,6.632000,6.654000,6.621000
128,15,2,6.505200,6.463000,6.588000,6.533000,6.462000,6.480000
128,16,2,6.580600,6.554000,6.604000,6.599000,6.671000,6.475000
128,17,2,6.812000,6.842000,6.849000,6.809000,6.808000,6.752000
128,18,2,6.489400,6.555000,6.425000,6.403000,6.604000,6.460000
128,19,2,6.712800,6.748000,6.737000,6.667000,6.723000,6.689000
129,0,2,6.721400,6.669000,6.781000,6.707000,6.778000,6.672000
129,1,2,6.822200,6.832000,6.786000,6.903000,6.895000,6.695000
129,2,2,6.640000,6.566000,6.732000,6.723000,6.681000,6.498000
129,3,2,6.789200,6.912000,6.602000,6.857000,6.908000,6.667000
129,4,2,6.725800,6.835000,6.707000,6.755000,6.668000,6.664000
129,5,2,6.777000,6.682000,6.783000,6.858000,6.824000,6.738000
129,6,2,6.882000,6.953000,6.803000,6.981000,6.880000,6.793000
129,7,2,6.534800,6.565000,6.492000,6.654000,6.617000,6.346000
129,8,2,6.840000,6.885000,6.668000,6.992000,6.910000,6.745000
129,9,2,6.606200,6.662000,6.641000,6.740000,6.564000,6.424000
129,10,2,6.633600,6.558000,6.673000,6.793000,6.671000,6.473000
129,11,2,6.597800,6.675000,6.538000,6.769000,6.535000,6.472000
129,12,2,6.403000,6.317000,6.452000,6.543000,6.416000,6.287000
129,13,2,6.656200,6.583000,6.629000,6.717000,6.682000,6.670000
129,14,2,6.678000,6.740000,6.600000,6.700000,6.774000,6.576000
129,15,2,6.816400,6.917000,6.615000,6.737000,6.895000,6.918000
129,16,2,6.802400,6.730000,6.790000,6.708000,6.990000,6.794000
129,17,2,6.702000,6.796000,6.741000,6.711000,6.687000,6.575000
129,18,2,6.893000,6.872000,6.925000,6.932000,6.944000,6.792000
129,19,2,6.639800,6.665000,6.658000,6.822000,6.594000,6.460000
130,0,0,4.979600,5.074000,4.914000,4.980000,4.931000,4.999000
130,1,0,4.878400,4.901000,4.771000,4.827000,4.852000,5.041000
130,2,0,4.882200,4.961000,4.785000,4.909000,4.916000,4.840000
130,3,0,4.888200,4.992000,4.758000,4.913000,4.897000,4.881000
130,4,0,4.941600,4.971000,4.896000,4.961000,4.895000,4.985000
130,5,0,4.846600,4.956000,4.724000,4.876000,4.902000,4.775000
130,6,0,4.873000,4.956000,4.790000,4.804000,4.923000,4.892000
130,7,0,4.780600,4.844000,4.681000,4.703000,4.951000,4.724000
130,8,0,4.763400,4.788000,4.622000,4.842000,4.753000,4.812000
130,9,0,4.710000,4.753000,4.589000,4.759000,4.732000,4.717000
130,10,0,4.940400,4.967000,4.750000,5.039000,4.951000,4.995000
130,11,0,4.915400,5.026000,4.763000,4.916000,5.050000,4.822000
130,12,0,4.669200,4.660000,4.568000,4.718000,4.700000,4.700000
130,13,0,5.200800,5.281000,5.099000,5.220000,5.254000,5.150000
130,14,0,4.974800,5.084000,4.881000,4.990000,4.935000,4.984000
130,15,0,4.811200,4.746000,4.684000,4.776000,4.949000,4.901000
130,16,0,4.818000,4.840000,4.846000,4.794000,4.885000,4.725000
130,17,0,5.083800,5.116000,5.083000,5.010000,5.097000,5.113000
130,18,0,5.176600,5.202000,5.099000,5.165000,5.180000,5.237000
130,19,0,4.936400,5.022000,4.839000,4.987000,4.910000,4.924000
130,20,1,4.635400,4.535000,4.472000,4.741000,4.692000,4.737000
130,21,1,4.678800,4.765000,4.577000,4.649000,4.781000,4.622000
130,22,1,4.823000,5.011000,4.702000,4.749000,4.883000,4.770000
130,23,1,4.725400,4.770000,4.781000,4.865000,4.704000,4.507000
130,24,1,4.590000,4.621000,4.543000,4.649000,4.593000,4.544000
130,25,1,4.581000,4.667000,4.553000,4.567000,4.531000,4.587000
130,26,1,4.831600,4.902000,4.827000,4.889000,4.799000,4.741000
130,27,1,4.676200,4.757000,4.560000,4.690000,4.689000,4.685000
130,28,1,4.591600,4.751000,4.495000,4.518000,4.663000,4.531000
130,29,1,4.695400,4.757000,4.550000,4.777000,4.673000,4.720000
130,30,1,4.584800,4.659000,4.582000,4.623000,4.444000,4.616000
130,31,1,4.676000,4.813000,4.534000,4.649000,4.808000,4.576000
130,32,1,4.697600,4.669000,4.676000,4.704000,4.776000,4.663000
130,33,1,4.633400,4.769000,4.489000,4.705000,4.629000,4.575000
130,34,1,4.515200,4.553000,4.367000,4.510000,4.508000,4.638000
130,35,1,4.618000,4.740000,4.460000,4.527000,4.726000,4.637000
130,36,1,4.613000,4.615000,4.577000,4.572000,4.685000,4.616000
130,37,1,4.563000,4.665000,4.519000,4.566000,4.572000,4.493000
130,38,1,4.593800,4.744000,4.478000,4.545000,4.650000,4.552000
130,39,1,4.816400,4.940000,4.784000,4.755000,4.795000,4.808000
130,40,2,6.754200,6.727000,6.753000,6.728000,6.770000,6.793000
130,41,2,6.692200,6.865000,6.615000,6.658000,6.720000,6.603000
130,42,2,6.927600,6.980000,6.915000,6.966000,6.925000,6.852000
130,43,2,6.720800,6.861000,6.679000,6.739000,6.719000,6.606000
130,44,2,6.824400,6.844000,6.835000,6.873000,6.809000,6.761000
130,45,2,6.862000,6.996000,6.780000,6.898000,6.756000,6.880000
130,46,2,6.803400,6.914000,6.660000,6.860000,6.756000,6.827000
130,47,2,6.668400,6.701000,6.638000,6.622000,6.742000,6.639000
130,48,2,6.787400,6.772000,6.632000,6.867000,6.817000,6.849000
130,49,2,6.880200,6.878000,6.856000,6.933000,6.921000,6.813000
130,50,2,6.872000,6.930000,6.857000,6.781000,6.844000,6.948000
130,51,2,6.869400,6.940000,6.861000,6.869000,6.938000,6.739000
130,52,2,6.902800,6.938000,6.829000,6.922000,6.883000,6.942000
130,53,2,6.926200,7.002000,6.917000,6.949000,6.852000,6.911000
130,54,2,6.943800,7.110000,6.927000,6.918000,6.888000,6.876000
130,55,2,6.877800,6.956000,6.826000,6.959000,6.855000,6.793000
130,56,2,6.893600,6.963000,6.910000,6.874000,6.797000,6.924000
130,57,2,6.500000,6.641000,6.482000,6.466000,6.486000,6.425000
130,58,2,6.679600,6.763000,6.690000,6.627000,6.664000,6.654000
130,59,2,6.908200,6.922000,6.864000,6.910000,6.898000,6.947000
130,60,3,4.500600,4.500000,4.460000,4.353000,4.600000,4.590000
130,61,3,4.515800,4.676000,4.404000,4.455000,4.466000,4.578000
130,62,3,4.332200,4.356000,4.226000,4.262000,4.356000,4.461000
130,63,3,4.673800,4.777000,4.717000,4.612000,4.557000,4.706000
130,64,3,4.495600,4.550000,4.433000,4.445000,4.471000,4.579000
130,65,3,4.459200,4.541000,4.341000,4.465000,4.422000,4.527000
130,66,3,4.345800,4.320000,4.287000,4.325000,4.326000,4.471000
130,67,3,4.324000,4.441000,4.318000,4.215000,4.243000,4.403000
130,68,3,4.536400,4.557000,4.426000,4.553000,4.572000,4.574000
130,69,3,4.288400,4.217000,4.291000,4.232000,4.263000,4.439000
130,70,3,4.477800,4.465000,4.449000,4.455000,4.490000,4.530000
130,71,3,4.493800,4.491000,4.431000,4.516000,4.465000,4.566000
130,72,3,4.314600,4.382000,4.310000,4.257000,4.224000,4.400000
130,73,3,4.549600,4.478000,4.527000,4.467000,4.678000,4.598000
130,74,3,4.489800,4.515000,4.392000,4.502000,4.524000,4.516000
130,75,3,4.493600,4.539000,4.319000,4.444000,4.620000,4.546000
130,76,3,4.420600,4.489000,4.396000,4.357000,4.441000,4.420000
130,77,3,4.438600,4.563000,4.327000,4.389000,4.376000,4.538000
130,78,3,4.387200,4.468000,4.289000,4.373000,4.403000,4.403000
130,79,3,4.474400,4.621000,4.414000,4.466000,4.420000,4.451000
130,80,4,4.150000,4.272000,4.096000,4.040000,4.186000,4.156000
130,81,4,4.426800,4.464000,4.285000,4.499000,4.482000,4.404000
130,82,4,4.458600,4.566000,4.372000,4.485000,4.357000,4.513000
130,83,4,4.465800,4.517000,4.342000,4.498000,4.417000,4.555000
130,84,4,4.325200,4.321000,4.185000,4.381000,4.271000,4.468000
130,85,4,4.646600,4.567000,4.616000,4.604000,4.717000,4.729000
130,86,4,4.376800,4.412000,4.316000,4.411000,4.393000,4.352000
130,87,4,4.508000,4.452000,4.497000,4.452000,4.546000,4.593000
130,88,4,4.551200,4.670000,4.340000,4.718000,4.432000,4.596000
130,89,4,4.536200,4.548000,4.464000,4.560000,4.551000,4.558000
130,90,4,4.574400,4.647000,4.417000,4.448000,4.622000,4.738000
130,91,4,4.648600,4.680000,4.600000,4.621000,4.667000,4.675000
130,92,4,4.354000,4.422000,4.241000,4.374000,4.307000,4.426000
130,93,4,4.576600,4.673000,4.448000,4.638000,4.697000,4.427000
130,94,4,4.508400,4.515000,4.274000,4.594000,4.583000,4.576000
130,95,4,4.381000,4.459000,4.245000,4.366000,4.368000,4.467000
130,96,4,4.538000,4.582000,4.439000,4.594000,4.471000,4.604000
130,97,4,4.550000,4.704000,4.334000,4.466000,4.601000,4.645000
130,98,4,4.433600,4.432000,4.469000,4.588000,4.315000,4.364000
130,99,4,4.460200,4.472000,4.318000,4.479000,4.466000,4.566000
131,0,2,6.808800,6.722000,6.807000,6.853000,6.740000,6.922000
131,1,2,6.892800,6.923000,6.756000,6.860000,7.004000,6.921000
131,2,2,6.856600,6.750000,6.919000,6.778000,6.851000,6.985000
131,3,2,6.982600,6.935000,7.011000,6.848000,7.067000,7.052000
131,4,2,6.468800,6.384000,6.443000,6.525000,6.468000,6.524000
131,5,2,6.832600,6.891000,6.637000,6.798000,6.936000,6.901000
131,6,2,6.902600,6.850000,6.919000,6.818000,6.953000,6.973000
131,7,2,6.912600,6.898000,6.821000,6.900000,6.913000,7.031000
131,8,2,6.850200,6.580000,6.749000,6.931000,7.048000,6.943000
131,9,2,6.408800,6.318000,6.488000,6.327000,6.481000,6.430000
131,10,2,6.827600,6.890000,6.704000,6.660000,6.964000,6.920000
131,11,2,6.740600,6.765000,6.818000,6.661000,6.647000,6.812000
131,12,2,6.898600,6.871000,6.945000,6.891000,6.909000,6.877000
131,13,2,6.877000,6.827000,6.907000,6.859000,6.927000,6.865000
131,14,2,6.938000,6.910000,6.768000,6.876000,7.045000,7.091000
131,15,2,6.657400,6.673000,6.571000,6.214000,6.847000,6.982000
131,16,2,6.740000,6.893000,6.349000,6.548000,6.895000,7.015000
131,17,2,6.872000,6.863000,6.819000,6.825000,6.900000,6.953000
131,18,2,6.734600,6.686000,6.721000,6.698000,6.736000,6.832000
131,19,2,6.639400,6.627000,6.670000,6.589000,6.700000,6.611000
132,0,2,6.452000,6.398000,6.449000,6.475000,6.439000,6.499000
132,1,2,6.862800,6.912000,6.805000,6.781000,6.874000,6.942000
132,2,2,6.773400,6.893000,6.792000,6.658000,6.758000,6.766000
132,3,2,6.677800,6.808000,6.444000,6.349000,6.874000,6.914000
132,4,2,6.690600,6.981000,6.306000,6.579000,6.757000,6.830000
132,5,2,6.753800,6.906000,6.784000,6.360000,6.828000,6.891000
132,6,2,6.843800,6.897000,6.760000,6.713000,6.944000,6.905000
132,7,2,6.778800,6.858000,6.544000,6.870000,6.688000,6.934000
132,8,2,6.553600,6.481000,6.661000,6.446000,6.584000,6.596000
132,9,2,6.794600,6.878000,6.876000,6.724000,6.773000,6.722000
132,10,2,6.760600,6.836000,6.787000,6.592000,6.764000,6.824000
132,11,2,6.898200,7.016000,6.852000,6.825000,6.964000,6.834000
132,12,2,6.743600,6.856000,6.686000,6.663000,6.700000,6.813000
132,13,2,6.759000,6.779000,6.621000,6.625000,6.804000,6.966000
132,14,2,6.800800,6.794000,6.841000,6.729000,6.781000,6.859000
132,15,2,6.817000,6.817000,6.918000,6.708000,6.782000,6.860000
132,16,2,6.813600,6.859000,6.720000,6.833000,6.837000,6.819000
132,17,2,6.656000,6.636000,6.668000,6.670000,6.614000,6.692000
132,18,2,6.567000,6.568000,6.626000,6.594000,6.561000,6.486000
132,19,2,6.603200,6.616000,6.646000,6.527000,6.685000,6.542000
133,0,2,6.821000,6.758000,6.875000,6.800000,6.821000,6.851000
133,1,2,6.774600,6.765000,6.916000,6.715000,6.670000,6.807000
133,2,2,6.832000,6.749000,6.807000,6.934000,6.853000,6.817000
133,3,2,6.847200,6.798000,6.844000,6.940000,6.937000,6.717000
133,4,2,6.603600,6.481000,6.537000,6.721000,6.595000,6.684000
133,5,2,6.143000,6.024000,6.048000,6.217000,6.098000,6.328000
133,6,2,6.872200,6.863000,6.812000,6.973000,6.823000,6.890000
133,7,2,6.879800,6.766000,6.898000,6.955000,6.947000,6.833000
133,8,2,6.707600,6.634000,6.660000,6.792000,6.767000,6.685000
133,9,2,6.839800,6.680000,6.915000,6.937000,6.850000,6.817000
133,10,2,6.949000,6.854000,6.968000,6.935000,6.972000,7.016000
133,11,2,6.900400,6.857000,6.901000,7.002000,6.863000,6.879000
133,12,2,6.639000,6.567000,6.603000,6.705000,6.641000,6.679000
133,13,2,6.832200,6.743000,6.858000,6.825000,6.840000,6.895000
133,14,2,6.783600,6.586000,6.783000,6.871000,6.895000,6.783000
133,15,2,6.674800,6.682000,6.593000,6.642000,6.691000,6.766000
133,16,2,6.799800,6.571000,6.834000,6.882000,6.828000,6.884000
133,17,2,6.550200,6.537000,6.414000,6.618000,6.539000,6.643000
133,18,2,6.865200,6.714000,6.981000,6.899000,6.813000,6.919000
133,19,2,6.590000,6.440000,6.684000,6.777000,6.374000,6.675000
134,0,2,6.804200,6.786000,6.827000,6.737000,6.762000,6.909000
134,1,2,6.885200,6.883000,6.861000,6.934000,6.723000,7.025000
134,2,2,6.739400,6.846000,6.925000,6.701000,6.745000,6.480000
134,3,2,6.755000,6.595000,6.821000,6.606000,6.882000,6.871000
134,4,2,6.697200,6.571000,6.849000,6.864000,6.766000,6.436000
134,5,2,6.784800,6.789000,6.817000,6.784000,6.743000,6.791000
134,6,2,6.598400,6.605000,6.545000,6.571000,6.578000,6.693000
134,7,2,6.650000,6.767000,6.692000,6.458000,6.756000,6.577000
134,8,2,6.801800,6.744000,6.953000,6.718000,6.922000,6.672000
134,9,2,6.823000,6.885000,6.995000,6.661000,6.787000,6.787000
134,10,2,6.732000,6.823000,6.866000,6.730000,6.729000,6.512000
134,11,2,6.719800,6.738000,6.822000,6.595000,6.624000,6.820000
134,12,2,6.773800,6.822000,6.817000,6.800000,6.700000,6.730000
134,13,2,6.708800,6.594000,6.824000,6.534000,6.891000,6.701000
134,14,2,6.666800,6.728000,6.702000,6.583000,6.553000,6.768000
134,15,2,6.464200,6.774000,6.096000,6.565000,6.417000,6.469000
134,16,2,6.867200,6.896000,6.818000,6.873000,6.847000,6.902000
134,17,2,6.746400,6.849000,6.787000,6.548000,6.766000,6.782000
134,18,2,6.358000,6.225000,6.808000,6.129000,6.768000,5.860000
134,19,2,6.708600,6.768000,6.854000,6.709000,6.817000,6.395000
135,0,2,6.723000,6.637000,6.782000,6.721000,6.767000,6.708000
135,1,2,6.288200,6.355000,6.355000,6.342000,6.101000,6.288000
135,2,2,6.844200,6.958000,6.867000,6.837000,6.732000,6.827000
135,3,2,6.733000,6.528000,6.743000,6.819000,6.767000,6.808000
135,4,2,6.819000,6.784000,6.920000,6.815000,6.720000,6.856000
135,5,2,6.843000,6.725000,6.993000,6.879000,6.781000,6.837000
135,6,2,6.705800,6.785000,6.811000,6.679000,6.662000,6.592000
135,7,2,6.725000,6.649000,6.889000,6.663000,6.656000,6.768000
135,8,2,6.863200,6.944000,7.036000,6.869000,6.707000,6.760000
135,9,2,6.675400,6.702000,6.620000,6.818000,6.560000,6.677000
135,10,2,6.791200,6.685000,6.948000,6.725000,6.712000,6.886000
135,11,2,6.678200,6.619000,6.808000,6.707000,6.594000,6.663000
135,12,2,6.872800,6.832000,6.987000,6.733000,6.815000,6.997000
135,13,2,6.239800,6.255000,6.341000,6.248000,6.201000,6.154000
135,14,2,6.786000,6.811000,6.841000,6.759000,6.780000,6.739000
135,15,2,6.721000,6.735000,6.783000,6.743000,6.643000,6.701000
135,16,2,6.426400,6.454000,6.546000,6.492000,6.371000,6.269000
135,17,2,6.766000,6.570000,6.910000,6.725000,6.851000,6.774000
135,18,2,6.831400,6.807000,6.924000,6.811000,6.775000,6.840000
135,19,2,6.815000,6.854000,6.906000,6.774000,6.725000,6.816000
136,0,2,6.886200,6.934000,6.838000,6.915000,6.805000,6.939000
136,1,2,6.818800,6.973000,6.623000,6.848000,6.778000,6.872000
136,2,2,6.844600,6.938000,6.773000,6.788000,6.888000,6.836000
136,3,2,6.816000,7.075000,6.632000,6.918000,6.667000,6.788000
136,4,2,6.751800,6.565000,6.811000,6.623000,6.747000,7.013000
136,5,2,6.355800,6.522000,6.185000,6.337000,6.206000,6.529000
136,6,2,6.733600,6.937000,6.674000,6.818000,6.590000,6.649000
136,7,2,6.560600,6.264000,6.333000,6.822000,6.756000,6.628000
136,8,2,6.757800,6.928000,6.448000,6.804000,6.783000,6.826000
136,9,2,6.796800,7.021000,6.706000,6.786000,6.648000,6.823000
136,10,2,6.761200,6.943000,6.742000,6.727000,6.633000,6.761000
136,11,2,6.911400,7.113000,6.913000,6.894000,6.738000,6.899000
136,12,2,6.802200,6.916000,6.770000,6.769000,6.740000,6.816000
136,13,2,6.655600,6.867000,6.506000,6.743000,6.438000,6.724000
136,14,2,6.782200,6.819000,6.703000,6.867000,6.747000,6.775000
136,15,2,6.839400,6.984000,6.803000,6.712000,6.789000,6.909000
136,16,2,6.736200,6.913000,6.518000,6.808000,6.656000,6.786000
136,17,2,6.913800,7.000000,6.782000,6.941000,6.799000,7.047000
136,18,2,6.840200,6.947000,6.794000,6.888000,6.710000,6.862000
136,19,2,6.797400,6.947000,6.566000,6.765000,6.816000,6.893000
137,0,2,6.334400,6.328000,6.495000,6.447000,6.134000,6.268000
137,1,2,6.848400,6.911000,7.024000,6.695000,6.985000,6.627000
137,2,2,6.789000,6.760000,6.812000,6.812000,6.850000,6.711000
137,3,2,6.679000,6.697000,6.773000,6.672000,6.581000,6.672000
137,4,2,6.761400,6.775000,6.791000,6.856000,6.667000,6.718000
137,5,2,6.774400,6.799000,6.950000,6.752000,6.720000,6.651000
137,6,2,6.652000,6.519000,6.521000,6.858000,6.784000,6.578000
137,7,2,6.484600,6.456000,6.564000,6.564000,6.417000,6.422000
137,8,2,6.849600,6.823000,6.919000,6.867000,6.758000,6.881000
137,9,2,6.820200,6.796000,6.858000,6.958000,6.673000,6.816000
137,10,2,6.720600,6.699000,6.786000,6.770000,6.632000,6.716000
137,11,2,6.688400,6.755000,6.792000,6.784000,6.533000,6.578000
137,12,2,6.837200,6.826000,6.995000,6.933000,6.730000,6.702000
137,13,2,6.921200,6.953000,6.984000,6.988000,6.838000,6.843000
137,14,2,6.537200,6.535000,6.504000,6.663000,6.369000,6.615000
137,15,2,6.692000,6.648000,6.797000,6.799000,6.632000,6.584000
137,16,2,6.782400,6.758000,6.753000,6.897000,6.832000,6.672000
137,17,2,6.919600,6.950000,6.952000,7.027000,6.878000,6.791000
137,18,2,6.767000,6.817000,6.852000,6.845000,6.683000,6.638000
137,19,2,6.771600,6.718000,6.816000,6.834000,6.783000,6.707000
138,0,2,6.545800,6.376000,6.597000,6.502000,6.620000,6.634000
138,1,2,6.634000,6.455000,6.603000,6.702000,6.746000,6.664000
138,2,2,6.719400,6.664000,6.845000,6.630000,6.783000,6.675000
138,3,2,6.738200,6.711000,6.959000,6.489000,6.547000,6.985000
138,4,2,6.700600,6.719000,6.876000,6.567000,6.516000,6.825000
138,5,2,6.249000,6.056000,6.261000,6.358000,6.302000,6.268000
138,6,2,6.583000,6.173000,6.657000,6.659000,6.760000,6.666000
138,7,2,6.762000,6.606000,6.869000,6.718000,6.848000,6.769000
138,8,2,6.890200,6.824000,6.908000,6.762000,6.868000,7.089000
138,9,2,6.732400,6.567000,6.889000,6.645000,6.757000,6.804000
138,10,2,6.455600,6.123000,6.500000,6.422000,6.623000,6.610000
138,11,2,6.832200,6.659000,6.863000,6.832000,6.971000,6.836000
138,12,2,6.689200,6.501000,6.703000,6.612000,6.832000,6.798000
138,13,2,6.759000,6.655000,6.811000,6.704000,6.791000,6.834000
138,14,2,6.812400,6.614000,6.827000,6.864000,6.893000,6.864000
138,15,2,6.677400,6.410000,6.761000,6.631000,6.814000,6.771000
138,16,2,6.793800,6.589000,6.927000,6.661000,6.875000,6.917000
138,17,2,6.755200,6.776000,6.951000,6.642000,6.556000,6.851000
138,18,2,6.633800,6.505000,6.597000,6.624000,6.824000,6.619000
138,19,2,6.512000,6.299000,6.605000,6.466000,6.634000,6.556000
139,0,2,6.892600,6.835000,6.904000,6.969000,6.914000,6.841000
139,1,2,6.919600,6.810000,7.063000,7.036000,6.977000,6.712000
139,2,2,6.768000,6.681000,6.875000,6.888000,6.553000,6.843000
139,3,2,6.774000,6.675000,6.917000,6.867000,6.758000,6.653000
139,4,2,6.669400,6.569000,6.851000,6.802000,6.586000,6.539000
139,5,2,6.663400,6.610000,6.605000,6.748000,6.760000,6.594000
139,6,2,6.823000,6.822000,6.834000,6.929000,6.808000,6.722000
139,7,2,6.690800,6.739000,6.704000,6.864000,6.592000,6.555000
139,8,2,6.691200,6.658000,6.758000,6.810000,6.617000,6.613000
139,9,2,6.774200,6.636000,6.871000,6.884000,6.753000,6.727000
139,10,2,6.513400,6.389000,6.558000,6.569000,6.586000,6.465000
139,11,2,6.566400,6.313000,6.724000,6.727000,6.601000,6.467000
139,12,2,6.745000,6.656000,6.748000,6.977000,6.659000,6.685000
139,13,2,6.520400,6.366000,6.563000,6.649000,6.550000,6.474000
139,14,2,6.818600,6.664000,6.974000,6.914000,6.783000,6.758000
139,15,2,6.467600,6.353000,6.700000,6.422000,6.471000,6.392000
139,16,2,6.628000,6.199000,6.832000,6.570000,6.737000,6.802000
139,17,2,6.673200,6.400000,6.794000,6.869000,6.647000,6.656000
139,18,2,6.940400,6.825000,7.070000,6.998000,6.878000,6.931000
139,19,2,6.775600,6.610000,6.857000,6.925000,6.743000,6.743000
140,0,0,4.441600,4.445000,4.427000,4.544000,4.406000,4.386000
140,1,0,4.904600,4.952000,4.878000,4.909000,4.920000,4.864000
140,2,0,4.592400,4.571000,4.574000,4.608000,4.613000,4.596000
140,3,0,4.928800,5.008000,4.899000,5.033000,4.889000,4.815000
140,4,0,4.844000,4.865000,4.794000,4.866000,4.802000,4.893000
140,5,0,4.434200,4.424000,4.542000,4.502000,4.315000,4.388000
140,6,0,4.656800,4.670000,4.644000,4.762000,4.644000,4.564000
140,7,0,4.768000,4.882000,4.741000,4.741000,4.760000,4.716000
140,8,0,4.754400,4.918000,4.775000,4.720000,4.604000,4.755000
140,9,0,4.728200,4.749000,4.730000,4.814000,4.729000,4.619000
140,10,0,4.878000,5.000000,4.928000,4.912000,4.805000,4.745000
140,11,0,4.583400,4.678000,4.697000,4.593000,4.582000,4.367000
140,12,0,5.010800,5.103000,5.075000,5.004000,4.953000,4.919000
140,13,0,4.970800,4.989000,4.966000,5.031000,4.887000,4.981000
140,14,0,4.857200,4.940000,4.779000,4.980000,4.831000,4.756000
140,15,0,4.709600,4.729000,4.769000,4.816000,4.519000,4.715000
140,16,0,4.847800,4.812000,4.885000,4.921000,4.837000,4.784000
140,17,0,4.602200,4.623000,4.528000,4.631000,4.522000,4.707000
140,18,0,4.854600,4.885000,4.850000,4.887000,4.849000,4.802000
140,19,0,4.483600,4.667000,4.519000,4.440000,4.409000,4.383000
140,20,1,4.641600,4.801000,4.648000,4.567000,4.578000,4.614000
140,21,1,4.716400,4.725000,4.674000,4.647000,4.836000,4.700000
140,22,1,4.719600,4.827000,4.686000,4.645000,4.728000,4.712000
140,23,1,4.539400,4.630000,4.594000,4.547000,4.368000,4.558000
140,24,1,4.925800,5.006000,4.961000,4.999000,4.832000,4.831000
140,25,1,4.799400,4.860000,4.841000,4.838000,4.696000,4.762000
140,26,1,4.829000,4.940000,4.758000,4.853000,4.822000,4.772000
140,27,1,4.851200,4.917000,4.873000,4.826000,4.873000,4.767000
140,28,1,4.668200,4.808000,4.574000,4.673000,4.695000,4.591000
140,29,1,4.665200,4.781000,4.657000,4.736000,4.579000,4.573000
140,30,1,4.597800,4.686000,4.659000,4.619000,4.463000,4.562000
140,31,1,4.851800,4.926000,4.840000,4.816000,4.830000,4.847000
140,32,1,4.565800,4.690000,4.687000,4.501000,4.501000,4.450000
140,33,1,4.532200,4.516000,4.481000,4.558000,4.508000,4.598000
140,34,1,4.755200,4.756000,4.755000,4.793000,4.773000,4.699000
140,35,1,4.667600,4.851000,4.694000,4.647000,4.580000,4.566000
140,36,1,4.616000,4.736000,4.484000,4.716000,4.591000,4.553000
140,37,1,4.721000,4.757000,4.746000,4.694000,4.676000,4.732000
140,38,1,4.753800,4.886000,4.660000,4.816000,4.703000,4.704000
140,39,1,4.559000,4.573000,4.557000,4.580000,4.565000,4.520000
140,40,2,6.756800,6.837000,6.774000,6.654000,6.751000,6.768000
140,41,2,6.869200,6.848000,6.898000,6.869000,6.895000,6.836000
140,42,2,6.736200,6.811000,6.744000,6.592000,6.720000,6.814000
140,43,2,6.708600,6.527000,6.743000,6.775000,6.727000,6.771000
140,44,2,6.804800,6.875000,6.710000,6.828000,6.740000,6.871000
140,45,2,6.428400,6.418000,6.372000,6.438000,6.450000,6.464000
140,46,2,6.711200,6.816000,6.670000,6.719000,6.624000,6.727000
140,47,2,6.711400,6.742000,6.808000,6.569000,6.722000,6.716000
140,48,2,6.887000,6.968000,6.901000,6.916000,6.826000,6.824000
140,49,2,6.653600,6.639000,6.693000,6.676000,6.552000,6.708000
140,50,2,6.649400,6.748000,6.696000,6.421000,6.713000,6.669000
140,51,2,6.728600,6.740000,6.838000,6.658000,6.680000,6.727000
140,52,2,6.517200,6.606000,6.618000,6.361000,6.418000,6.583000
140,53,2,6.350000,6.480000,6.346000,6.323000,6.231000,6.370000
140,54,2,6.888200,6.691000,6.898000,7.011000,6.851000,6.990000
140,55,2,6.848400,6.749000,6.795000,6.873000,6.899000,6.926000
140,56,2,6.776400,6.912000,6.746000,6.572000,6.724000,6.928000
140,57,2,6.613800,6.720000,6.578000,6.510000,6.564000,6.697000
140,58,2,6.619400,6.801000,6.554000,6.591000,6.477000,6.674000
140,59,2,6.833800,6.908000,6.832000,6.857000,6.687000,6.885000
140,60,3,4.556200,4.515000,4.564000,4.607000,4.475000,4.620000
140,61,3,4.754600,4.869000,4.933000,4.769000,4.534000,4.668000
140,62,3,4.739000,4.802000,4.936000,4.803000,4.563000,4.591000
140,63,3,4.655200,4.786000,4.626000,4.651000,4.592000,4.621000
140,64,3,4.624400,4.672000,4.566000,4.632000,4.618000,4.634000
140,65,3,4.649400,4.639000,4.705000,4.734000,4.614000,4.555000
140,66,3,4.564400,4.674000,4.536000,4.752000,4.429000,4.431000
140,67,3,4.748600,4.762000,4.655000,4.815000,4.705000,4.806000
140,68,3,4.561400,4.653000,4.537000,4.601000,4.549000,4.467000
140,69,3,4.656000,4.806000,4.698000,4.577000,4.587000,4.612000
140,70,3,4.690800,4.730000,4.717000,4.766000,4.553000,4.688000
140,71,3,4.590000,4.687000,4.546000,4.679000,4.548000,4.490000
140,72,3,4.609600,4.599000,4.709000,4.619000,4.526000,4.595000
140,73,3,4.528600,4.646000,4.588000,4.586000,4.415000,4.408000
140,74,3,4.536200,4.621000,4.592000,4.492000,4.467000,4.509000
140,75,3,4.544600,4.649000,4.517000,4.530000,4.518000,4.509000
140,76,3,4.611000,4.638000,4.594000,4.689000,4.575000,4.559000
140,77,3,4.393000,4.436000,4.410000,4.406000,4.307000,4.406000
140,78,3,4.601000,4.769000,4.524000,4.619000,4.519000,4.574000
140,79,3,4.681400,4.726000,4.704000,4.696000,4.621000,4.660000
140,80,4,4.635600,4.733000,4.667000,4.754000,4.517000,4.507000
140,81,4,4.751800,4.798000,4.726000,4.788000,4.702000,4.745000
140,82,4,4.547200,4.643000,4.636000,4.579000,4.496000,4.382000
140,83,4,4.652600,4.763000,4.736000,4.679000,4.472000,4.613000
140,84,4,4.704600,4.708000,4.677000,4.795000,4.695000,4.648000
140,85,4,4.631200,4.631000,4.618000,4.691000,4.573000,4.643000
140,86,4,4.710400,4.788000,4.845000,4.643000,4.638000,4.638000
140,87,4,4.579400,4.563000,4.693000,4.641000,4.469000,4.531000
140,88,4,4.582400,4.670000,4.564000,4.780000,4.434000,4.464000
140,89,4,4.510400,4.664000,4.421000,4.544000,4.427000,4.496000
140,90,4,4.624800,4.690000,4.632000,4.633000,4.693000,4.476000
140,91,4,4.608400,4.667000,4.668000,4.668000,4.537000,4.502000
140,92,4,4.694000,4.722000,4.631000,4.715000,4.604000,4.798000
140,93,4,4.606000,4.556000,4.562000,4.706000,4.608000,4.598000
140,94,4,4.632400,4.629000,4.604000,4.722000,4.633000,4.574000
140,95,4,4.453600,4.525000,4.502000,4.468000,4.417000,4.356000
140,96,4,4.686200,4.677000,4.769000,4.767000,4.587000,4.631000
140,97,4,4.467600,4.475000,4.496000,4.576000,4.348000,4.443000
140,98,4,4.667400,4.597000,4.746000,4.684000,4.668000,4.642000
140,99,4,4.725600,4.823000,4.672000,4.751000,4.705000,4.677000
141,0,2,6.853000,6.785000,6.881000,6.916000,6.880000,6.803000
141,1,2,6.812800,6.669000,6.921000,6.877000,6.817000,6.780000
141,2,2,6.779000,6.666000,6.728000,6.867000,6.780000,6.854000
141,3,2,6.843800,6.715000,6.807000,7.016000,6.871000,6.810000
141,4,2,6.794600,6.672000,6.804000,6.785000,6.937000,6.775000
141,5,2,6.882400,6.816000,6.998000,6.900000,6.861000,6.837000
141,6,2,6.800400,6.636000,6.878000,6.866000,6.951000,6.671000
141,7,2,6.964400,6.917000,6.980000,6.950000,7.024000,6.951000
141,8,2,6.956600,6.868000,7.011000,6.972000,6.980000,6.952000
141,9,2,6.744200,6.636000,6.725000,6.742000,6.850000,6.768000
141,10,2,6.728600,6.708000,6.818000,6.857000,6.678000,6.582000
141,11,2,6.993600,7.028000,6.833000,6.924000,7.095000,7.088000
141,12,2,6.510000,6.461000,6.526000,6.605000,6.520000,6.438000
141,13,2,6.872600,6.841000,6.905000,6.803000,6.946000,6.868000
141,14,2,6.803000,6.704000,6.890000,6.899000,6.814000,6.708000
141,15,2,6.676800,6.570000,6.768000,6.661000,6.714000,6.671000
141,16,2,6.661600,6.665000,6.645000,6.628000,6.749000,6.621000
141,17,2,6.623800,6.606000,6.695000,6.608000,6.675000,6.535000
141,18,2,6.807000,6.718000,6.838000,6.868000,6.828000,6.783000
141,19,2,6.782200,6.686000,6.880000,6.733000,6.840000,6.772000
142,0,2,6.352800,6.352000,6.322000,6.326000,6.393000,6.371000
142,1,2,6.734400,6.909000,6.664000,6.920000,6.967000,6.212000
142,2,2,6.894600,6.950000,6.896000,6.809000,7.008000,6.810000
142,3,2,6.449400,6.394000,6.457000,6.354000,6.472000,6.570000
142,4,2,6.723600,6.808000,6.919000,6.760000,6.787000,6.344000
142,5,2,6.531000,6.632000,6.524000,6.454000,6.571000,6.474000
142,6,2,6.829000,6.833000,6.831000,6.725000,6.918000,6.838000
142,7,2,6.863200,6.847000,6.721000,6.757000,7.029000,6.962000
142,8,2,6.746400,6.935000,6.788000,6.663000,6.852000,6.494000
142,9,2,6.864800,6.864000,6.872000,6.787000,7.023000,6.778000
142,10,2,6.825400,6.850000,6.823000,6.774000,6.886000,6.794000
142,11,2,6.956800,6.883000,6.959000,6.875000,6.987000,7.080000
142,12,2,6.897400,6.898000,6.942000,6.806000,6.978000,6.863000
142,13,2,6.823800,6.851000,6.824000,6.746000,6.868000,6.830000
142,14,2,6.858800,7.053000,6.915000,6.920000,6.976000,6.430000
142,15,2,6.730400,6.937000,6.574000,6.725000,6.829000,6.587000
142,16,2,6.882200,6.934000,6.786000,6.919000,6.938000,6.834000
142,17,2,6.838400,6.902000,6.822000,6.671000,6.954000,6.843000
142,18,2,6.852600,6.780000,6.933000,6.727000,6.932000,6.891000
142,19,2,6.756600,7.107000,6.647000,6.967000,7.038000,6.024000
143,0,2,6.553600,6.537000,6.564000,6.465000,6.683000,6.519000
143,1,2,6.737400,6.622000,6.817000,6.708000,6.884000,6.656000
143,2,2,6.539800,6.449000,6.686000,6.418000,6.735000,6.411000
143,3,2,6.459800,6.275000,6.508000,6.374000,6.715000,6.427000
143,4,2,6.676400,6.413000,6.709000,6.554000,6.978000,6.728000
143,5,2,6.511800,6.425000,6.627000,6.337000,6.696000,6.474000
143,6,2,6.724000,6.556000,6.879000,6.607000,6.937000,6.641000
143,7,2,6.435800,6.307000,6.634000,6.391000,6.549000,6.298000
143,8,2,6.810800,6.698000,6.858000,6.814000,6.879000,6.805000
143,9,2,6.743400,6.681000,6.784000,6.700000,6.928000,6.624000
143,10,2,6.613600,6.477000,6.718000,6.479000,6.792000,6.602000
143,11,2,6.802600,6.774000,6.686000,6.804000,7.060000,6.689000
143,12,2,6.352200,6.251000,6.493000,6.202000,6.562000,6.253000
143,13,2,6.782000,6.718000,6.944000,6.579000,6.932000,6.737000
143,14,2,7.019600,6.933000,7.045000,7.010000,7.181000,6.929000
143,15,2,6.682400,6.602000,6.772000,6.559000,6.881000,6.598000
143,16,2,6.647000,6.583000,6.791000,6.446000,6.802000,6.613000
143,17,2,6.804600,6.723000,6.761000,6.630000,7.034000,6.875000
143,18,2,6.840400,6.802000,6.763000,6.807000,6.861000,6.969000
143,19,2,6.587400,6.441000,6.681000,6.499000,6.791000,6.525000
144,0,2,6.572200,6.481000,6.576000,6.522000,6.645000,6.637000
144,1,2,6.860600,6.802000,6.885000,6.826000,6.839000,6.951000
144,2,2,6.573400,6.630000,6.585000,6.531000,6.533000,6.588000
144,3,2,6.606800,6.540000,6.539000,6.678000,6.640000,6.637000
144,4,2,6.775800,6.785000,6.643000,6.759000,6.900000,6.792000
144,5,2,6.756000,6.677000,6.752000,6.692000,6.802000,6.857000
144,6,2,6.919600,6.956000,6.924000,6.955000,6.899000,6.864000
144,7,2,6.786400,6.731000,6.771000,6.825000,6.742000,6.863000
144,8,2,6.785000,6.733000,6.841000,6.670000,6.889000,6.792000
144,9,2,6.676200,6.718000,6.774000,6.418000,6.783000,6.688000
144,10,2,6.864600,6.871000,6.916000,6.816000,6.813000,6.907000
144,11,2,6.657200,6.641000,6.750000,6.729000,6.473000,6.693000
144,12,2,6.985600,6.872000,7.053000,6.966000,7.025000,7.012000
144,13,2,6.813400,6.806000,6.906000,6.751000,6.822000,6.782000
144,14,2,6.663800,6.602000,6.671000,6.503000,6.793000,6.750000
144,15,2,7.025800,7.126000,6.988000,6.955000,7.046000,7.014000
144,16,2,6.784000,6.836000,6.886000,6.748000,6.849000,6.601000
144,17,2,6.913800,6.832000,6.962000,6.860000,6.983000,6.932000
144,18,2,6.696800,6.720000,6.741000,6.695000,6.744000,6.584000
144,19,2,6.774600,6.726000,6.899000,6.698000,6.771000,6.779000
145,0,2,6.790600,6.671000,6.872000,6.935000,6.648000,6.827000
145,1,2,6.876400,6.858000,6.916000,6.882000,6.851000,6.875000
145,2,2,6.870800,6.560000,7.020000,6.983000,6.828000,6.963000
145,3,2,6.714000,6.925000,6.237000,7.134000,6.559000,6.715000
145,4,2,6.801600,6.831000,6.737000,6.812000,6.802000,6.826000
145,5,2,6.888000,6.770000,6.913000,6.956000,6.923000,6.878000
145,6,2,6.715000,6.580000,6.786000,6.616000,6.853000,6.740000
145,7,2,6.613600,6.486000,6.666000,6.654000,6.630000,6.632000
145,8,2,6.846000,6.848000,6.834000,6.821000,6.850000,6.877000
145,9,2,6.501800,6.441000,6.489000,6.519000,6.556000,6.504000
145,10,2,5.986400,5.775000,6.284000,6.067000,6.084000,5.722000
145,11,2,6.781000,6.694000,6.753000,6.878000,6.837000,6.743000
145,12,2,7.103800,7.033000,7.166000,7.110000,7.042000,7.168000
145,13,2,6.699400,6.465000,7.062000,6.870000,6.708000,6.392000
145,14,2,6.639800,6.639000,6.589000,6.653000,6.692000,6.626000
145,15,2,6.725000,6.674000,6.786000,6.731000,6.691000,6.743000
145,16,2,6.987400,6.918000,6.960000,6.989000,7.025000,7.045000
145,17,2,6.833800,6.853000,6.870000,6.893000,6.871000,6.682000
145,18,2,6.898200,6.843000,6.952000,6.983000,6.922000,6.791000
145,19,2,6.824000,6.831000,6.858000,6.812000,6.822000,6.797000
146,0,2,6.729400,6.975000,6.549000,6.677000,6.510000,6.936000
146,1,2,6.955800,6.951000,7.059000,6.891000,7.005000,6.873000
146,2,2,6.971800,7.030000,6.922000,7.008000,6.928000,6.971000
146,3,2,6.854800,6.857000,6.941000,6.804000,6.903000,6.769000
146,4,2,6.918400,6.809000,7.090000,6.900000,7.013000,6.780000
146,5,2,6.853600,6.722000,6.978000,6.877000,6.802000,6.889000
146,6,2,6.984400,6.970000,6.987000,7.012000,7.089000,6.864000
146,7,2,6.860000,6.828000,6.912000,6.882000,6.891000,6.787000
146,8,2,6.991200,6.978000,7.114000,6.968000,6.958000,6.938000
146,9,2,7.019400,7.018000,7.083000,7.039000,7.087000,6.870000
146,10,2,7.080800,7.234000,7.151000,7.021000,6.900000,7.098000
146,11,2,6.988200,6.914000,7.110000,7.049000,7.015000,6.853000
146,12,2,6.904800,6.890000,6.979000,6.960000,6.901000,6.794000
146,13,2,6.911200,6.817000,6.902000,7.003000,6.982000,6.852000
146,14,2,6.682000,6.753000,6.698000,6.672000,6.623000,6.664000
146,15,2,6.919400,6.961000,7.014000,6.886000,6.888000,6.848000
146,16,2,6.903800,6.924000,7.021000,6.827000,6.917000,6.830000
146,17,2,6.953400,7.000000,6.965000,6.953000,7.008000,6.841000
146,18,2,6.738400,6.736000,6.984000,6.776000,6.881000,6.315000
146,19,2,6.799800,6.814000,6.811000,6.753000,6.856000,6.765000
147,0,2,6.801200,6.628000,6.846000,6.770000,6.875000,6.887000
147,1,2,6.933800,6.860000,6.800000,7.030000,6.928000,7.051000
147,2,2,6.767000,6.744000,6.594000,6.924000,6.861000,6.712000
147,3,2,6.821800,6.643000,6.666000,6.987000,7.060000,6.753000
147,4,2,6.910800,6.872000,6.949000,6.892000,6.860000,6.981000
147,5,2,6.966200,7.004000,7.035000,6.956000,6.935000,6.901000
147,6,2,6.761800,6.844000,6.499000,6.826000,6.785000,6.855000
147,7,2,6.794600,6.820000,6.524000,6.873000,6.812000,6.944000
147,8,2,6.902400,6.834000,6.954000,6.878000,6.832000,7.014000
147,9,2,6.769600,6.775000,6.809000,6.749000,6.711000,6.804000
147,10,2,6.719400,6.676000,6.771000,6.756000,6.601000,6.793000
147,11,2,6.693600,6.740000,6.775000,6.697000,6.508000,6.748000
147,12,2,6.650800,6.575000,6.657000,6.676000,6.522000,6.824000
147,13,2,6.873000,6.851000,6.937000,6.857000,6.797000,6.923000
147,14,2,6.850600,6.737000,6.785000,7.042000,6.990000,6.699000
147,15,2,6.556200,6.602000,6.538000,6.549000,6.513000,6.579000
147,16,2,6.998000,6.973000,6.992000,7.088000,6.942000,6.995000
147,17,2,6.839200,6.833000,6.853000,6.804000,6.763000,6.943000
147,18,2,6.903200,6.919000,6.939000,6.807000,6.916000,6.935000
147,19,2,6.854000,6.748000,6.910000,6.929000,6.727000,6.956000
148,0,2,6.261200,6.398000,6.225000,6.124000,6.265000,6.294000
148,1,2,6.846400,6.876000,6.911000,6.740000,6.825000,6.880000
148,2,2,6.856000,6.837000,6.995000,6.776000,6.811000,6.861000
148,3,2,6.777600,6.789000,6.843000,6.791000,6.668000,6.797000
148,4,2,6.998600,7.091000,7.182000,6.687000,7.007000,7.026000
148,5,2,7.031000,7.018000,7.229000,6.940000,6.963000,7.005000
148,6,2,6.945600,7.013000,6.899000,6.886000,6.989000,6.941000
148,7,2,6.988000,7.071000,7.067000,6.913000,6.864000,7.025000
148,8,2,6.956600,7.059000,7.112000,6.906000,6.794000,6.912000
148,9,2,6.597400,6.641000,6.652000,6.444000,6.527000,6.723000
148,10,2,6.927200,6.912000,7.073000,6.813000,6.949000,6.889000
148,11,2,7.023000,6.970000,7.111000,7.014000,7.059000,6.961000
148,12,2,6.914600,7.009000,7.057000,6.801000,6.821000,6.885000
148,13,2,6.863800,6.904000,6.991000,6.860000,6.755000,6.809000
148,14,2,6.687200,6.857000,6.819000,6.483000,6.612000,6.665000
148,15,2,6.725400,6.789000,6.873000,6.636000,6.620000,6.709000
148,16,2,7.071400,7.080000,7.207000,6.980000,6.974000,7.116000
148,17,2,6.866600,6.903000,6.915000,6.818000,6.775000,6.922000
148,18,2,6.885800,6.876000,6.893000,6.865000,6.840000,6.955000
148,19,2,6.799400,6.647000,6.837000,6.813000,6.841000,6.859000
149,0,2,6.968600,6.963000,6.917000,7.064000,6.980000,6.919000
149,1,2,7.005800,7.003000,6.960000,7.117000,6.969000,6.980000
149,2,2,7.069800,7.064000,6.944000,7.181000,7.042000,7.118000
149,3,2,6.960800,6.965000,6.895000,7.038000,6.922000,6.984000
149,4,2,6.518200,6.493000,6.499000,6.622000,6.448000,6.529000
149,5,2,6.992200,7.009000,7.003000,7.023000,7.033000,6.893000
149,6,2,6.877800,6.785000,6.783000,6.947000,6.965000,6.909000
149,7,2,6.899400,6.903000,6.901000,6.916000,6.854000,6.923000
149,8,2,7.083800,7.134000,7.003000,7.142000,7.078000,7.062000
149,9,2,6.762200,6.792000,6.726000,6.888000,6.679000,6.726000
149,10,2,6.925200,6.944000,6.847000,6.856000,7.012000,6.967000
149,11,2,6.503200,6.414000,6.452000,6.672000,6.492000,6.486000
149,12,2,6.616600,6.545000,6.512000,6.705000,6.697000,6.624000
149,13,2,6.867600,6.968000,6.841000,6.960000,6.816000,6.753000
149,14,2,6.676000,6.631000,6.686000,6.806000,6.518000,6.739000
149,15,2,6.954200,7.002000,6.879000,6.971000,6.956000,6.963000
149,16,2,7.020200,6.999000,6.990000,7.161000,6.953000,6.998000
149,17,2,6.893200,6.795000,6.793000,6.984000,7.012000,6.882000
149,18,2,6.835400,6.790000,6.871000,6.887000,6.810000,6.819000
149,19,2,7.056400,7.074000,7.066000,7.033000,7.145000,6.964000
150,0,0,4.729600,4.644000,4.691000,4.742000,4.730000,4.841000
150,1,0,4.945600,4.885000,4.884000,4.984000,4.905000,5.070000
150,2,0,5.077600,4.978000,5.035000,5.202000,4.945000,5.228000
150,3,0,4.621800,4.661000,4.664000,4.633000,4.595000,4.556000
150,4,0,4.751800,4.716000,4.853000,4.768000,4.703000,4.719000
150,5,0,4.700200,4.647000,4.667000,4.688000,4.698000,4.801000
150,6,0,4.922400,4.939000,4.930000,4.837000,4.800000,5.106000
150,7,0,4.621400,4.583000,4.645000,4.663000,4.585000,4.631000
150,8,0,4.939600,4.883000,5.014000,4.955000,4.858000,4.988000
150,9,0,4.965400,4.898000,5.007000,4.973000,4.937000,5.012000
150,10,0,4.721200,4.634000,4.870000,4.600000,4.765000,4.737000
150,11,0,4.662000,4.687000,4.598000,4.727000,4.628000,4.670000
150,12,0,4.532200,4.596000,4.571000,4.521000,4.402000,4.571000
150,13,0,4.981800,4.931000,5.038000,4.906000,4.945000,5.089000
150,14,0,4.732600,4.597000,4.703000,4.794000,4.778000,4.791000
150,15,0,5.068600,4.979000,5.140000,5.122000,4.985000,5.117000
150,16,0,4.504400,4.446000,4.621000,4.564000,4.347000,4.544000
150,17,0,4.761600,4.707000,4.813000,4.757000,4.697000,4.834000
150,18,0,4.858200,4.834000,4.913000,4.803000,4.864000,4.877000
150,19,0,4.757800,4.596000,4.793000,4.776000,4.807000,4.817000
150,20,1,4.842800,4.804000,4.938000,4.753000,4.780000,4.939000
150,21,1,4.743600,4.627000,4.803000,4.736000,4.727000,4.825000
150,22,1,4.693200,4.661000,4.710000,4.647000,4.614000,4.834000
150,23,1,4.838400,4.787000,4.814000,4.935000,4.892000,4.764000
150,24,1,4.790400,4.677000,4.793000,4.896000,4.730000,4.856000
150,25,1,4.993600,5.030000,5.024000,5.166000,4.812000,4.936000
150,26,1,4.724800,4.536000,4.867000,4.851000,4.667000,4.703000
150,27,1,4.722600,4.738000,4.776000,4.751000,4.722000,4.626000
150,28,1,4.771400,4.713000,4.722000,4.881000,4.754000,4.787000
150,29,1,4.709800,4.797000,4.674000,4.703000,4.639000,4.736000
150,30,1,4.842400,4.844000,4.879000,4.891000,4.775000,4.823000
150,31,1,4.878200,4.791000,4.894000,5.016000,4.685000,5.005000
150,32,1,4.679400,4.675000,4.637000,4.818000,4.587000,4.680000
150,33,1,4.746000,4.721000,4.809000,4.721000,4.638000,4.841000
150,34,1,4.832600,4.840000,4.743000,4.971000,4.785000,4.824000
150,35,1,4.909200,4.863000,4.963000,5.007000,4.835000,4.878000
150,36,1,4.725400,4.699000,4.768000,4.664000,4.624000,4.872000
150,37,1,4.750000,4.861000,4.715000,4.761000,4.705000,4.708000
150,38,1,4.730000,4.724000,4.690000,4.692000,4.721000,4.823000
150,39,1,4.709800,4.731000,4.789000,4.711000,4.565000,4.753000
150,40,2,6.802800,6.721000,6.718000,7.005000,6.679000,6.891000
150,41,2,6.543000,6.509000,6.552000,6.654000,6.448000,6.552000
150,42,2,7.012200,6.920000,7.018000,7.087000,6.971000,7.065000
150,43,2,6.643200,6.555000,6.610000,6.719000,6.621000,6.711000
150,44,2,6.682600,6.634000,6.740000,6.760000,6.547000,6.732000
150,45,2,6.744200,6.664000,6.786000,6.828000,6.603000,6.840000
150,46,2,7.040400,7.076000,7.142000,7.168000,6.887000,6.929000
150,47,2,7.014200,6.900000,7.128000,7.093000,6.925000,7.025000
150,48,2,6.825600,6.784000,6.871000,6.909000,6.682000,6.882000
150,49,2,6.755800,6.703000,6.831000,6.833000,6.644000,6.768000
150,50,2,6.854000,6.886000,6.843000,6.922000,6.764000,6.855000
150,51,2,7.011000,6.948000,7.045000,7.093000,6.968000,7.001000
150,52,2,6.952600,6.966000,6.954000,6.998000,6.870000,6.975000
150,53,2,7.006800,6.911000,7.024000,7.079000,6.994000,7.026000
150,54,2,6.974200,6.978000,6.970000,7.105000,6.911000,6.907000
150,55,2,7.033400,7.010000,6.985000,7.064000,7.007000,7.101000
150,56,2,6.595800,6.699000,6.533000,6.653000,6.461000,6.633000
150,57,2,7.077800,7.141000,7.050000,7.211000,6.901000,7.086000
150,58,2,6.840800,6.563000,6.997000,6.903000,6.863000,6.878000
150,59,2,6.678000,6.734000,6.649000,6.812000,6.580000,6.615000
150,60,3,4.738600,4.580000,4.864000,4.797000,4.705000,4.747000
150,61,3,4.677600,4.757000,4.692000,4.572000,4.731000,4.636000
150,62,3,4.683400,4.588000,4.784000,4.596000,4.697000,4.752000
150,63,3,4.348600,4.336000,4.344000,4.330000,4.266000,4.467000
150,64,3,4.595200,4.604000,4.626000,4.651000,4.543000,4.552000
150,65,3,4.372800,4.473000,4.304000,4.396000,4.410000,4.281000
150,66,3,4.330600,4.333000,4.283000,4.342000,4.348000,4.347000
150,67,3,4.427600,4.448000,4.423000,4.299000,4.530000,4.438000
150,68,3,4.415600,4.381000,4.421000,4.395000,4.452000,4.429000
150,69,3,4.483400,4.416000,4.428000,4.446000,4.537000,4.590000
150,70,3,4.664800,4.692000,4.694000,4.670000,4.585000,4.683000
150,71,3,4.556400,4.622000,4.549000,4.521000,4.445000,4.645000
150,72,3,4.479000,4.416000,4.497000,4.357000,4.629000,4.496000
150,73,3,4.638600,4.532000,4.687000,4.663000,4.620000,4.691000
150,74,3,4.566400,4.537000,4.608000,4.524000,4.574000,4.589000
150,75,3,4.498200,4.473000,4.491000,4.479000,4.664000,4.384000
150,76,3,4.516200,4.403000,4.611000,4.370000,4.586000,4.611000
150,77,3,4.492800,4.529000,4.486000,4.473000,4.554000,4.422000
150,78,3,4.235200,4.224000,4.160000,4.163000,4.183000,4.446000
150,79,3,4.478000,4.467000,4.452000,4.558000,4.509000,4.404000
150,80,4,4.499400,4.496000,4.578000,4.401000,4.483000,4.539000
150,81,4,4.519800,4.410000,4.584000,4.578000,4.434000,4.593000
150,82,4,4.399400,4.391000,4.479000,4.467000,4.375000,4.285000
150,83,4,4.537800,4.592000,4.521000,4.605000,4.459000,4.512000
150,84,4,4.670800,4.757000,4.605000,4.709000,4.582000,4.701000
150,85,4,4.514400,4.470000,4.637000,4.445000,4.512000,4.508000
150,86,4,4.572200,4.510000,4.651000,4.665000,4.524000,4.511000
150,87,4,4.705800,4.657000,4.713000,4.712000,4.717000,4.730000
150,88,4,4.747400,4.748000,4.776000,4.829000,4.639000,4.745000
150,89,4,4.514400,4.535000,4.513000,4.482000,4.544000,4.498000
150,90,4,4.525400,4.579000,4.629000,4.644000,4.428000,4.347000
150,91,4,4.423600,4.411000,4.435000,4.460000,4.408000,4.404000
150,92,4,4.700600,4.629000,4.761000,4.736000,4.632000,4.745000
150,93,4,4.784000,4.940000,4.670000,4.829000,4.763000,4.718000
150,94,4,4.493200,4.516000,4.460000,4.427000,4.514000,4.549000
150,95,4,4.527600,4.415000,4.656000,4.553000,4.496000,4.518000
150,96,4,4.678200,4.697000,4.730000,4.657000,4.606000,4.701000
150,97,4,4.561000,4.607000,4.575000,4.613000,4.568000,4.442000
150,98,4,4.669400,4.661000,4.711000,4.664000,4.694000,4.617000
150,99,4,4.635600,4.709000,4.671000,4.602000,4.582000,4.614000
151,0,2,7.012200,7.060000,6.876000,6.997000,7.156000,6.972000
151,1,2,6.684600,6.818000,6.552000,6.532000,6.711000,6.810000
151,2,2,6.890000,7.003000,6.892000,6.826000,6.913000,6.816000
151,3,2,6.720000,6.825000,6.590000,6.669000,6.711000,6.805000
151,4,2,6.863000,6.872000,6.690000,6.872000,6.945000,6.936000
151,5,2,6.623600,6.638000,6.645000,6.568000,6.606000,6.661000
151,6,2,6.778000,6.781000,6.779000,6.722000,6.847000,6.761000
151,7,2,7.003400,7.012000,6.962000,6.905000,7.096000,7.042000
151,8,2,7.049000,7.060000,7.001000,6.964000,7.148000,7.072000
151,9,2,6.929600,7.010000,6.829000,6.964000,6.999000,6.846000
151,10,2,6.921000,6.958000,6.897000,6.872000,6.993000,6.885000
151,11,2,7.017600,6.981000,6.999000,6.935000,7.090000,7.083000
151,12,2,6.989800,6.968000,6.953000,7.008000,7.088000,6.932000
151,13,2,7.051000,7.101000,6.982000,7.060000,7.023000,7.089000
151,14,2,6.821800,6.769000,6.807000,6.780000,6.863000,6.890000
151,15,2,6.396200,6.420000,6.374000,6.398000,6.465000,6.324000
151,16,2,7.004000,7.061000,6.930000,6.929000,7.044000,7.056000
151,17,2,6.410200,6.494000,6.373000,6.162000,6.623000,6.399000
151,18,2,6.952000,6.855000,7.036000,6.876000,6.883000,7.110000
151,19,2,7.067800,7.010000,7.046000,7.131000,7.097000,7.055000
152,0,2,6.790600,6.635000,6.685000,6.788000,6.840000,7.005000
152,1,2,6.621600,6.453000,6.584000,6.577000,6.622000,6.872000
152,2,2,7.084200,7.034000,6.968000,7.080000,7.208000,7.131000
152,3,2,7.077600,7.151000,7.022000,7.114000,7.143000,6.958000
152,4,2,6.947200,6.822000,6.874000,6.943000,7.034000,7.063000
152,5,2,7.004800,6.955000,6.827000,7.018000,7.101000,7.123000
152,6,2,6.921800,6.936000,6.845000,6.868000,6.991000,6.969000
152,7,2,6.745600,6.579000,6.587000,6.756000,6.804000,7.002000
152,8,2,7.052000,7.058000,6.969000,7.161000,6.966000,7.106000
152,9,2,7.031800,6.992000,6.948000,7.035000,7.101000,7.083000
152,10,2,6.756600,6.720000,6.692000,6.753000,6.678000,6.940000
152,11,2,6.967800,6.969000,6.926000,7.018000,6.909000,7.017000
152,12,2,6.900200,6.700000,6.684000,7.072000,7.039000,7.006000
152,13,2,6.858800,6.727000,6.833000,6.928000,6.849000,6.957000
152,14,2,6.964400,6.847000,6.969000,6.996000,7.085000,6.925000
152,15,2,7.027400,6.946000,6.898000,7.073000,7.101000,7.119000
152,16,2,6.923200,6.759000,6.877000,6.922000,7.067000,6.991000
152,17,2,6.831400,6.782000,6.669000,6.813000,6.871000,7.022000
152,18,2,6.837600,6.887000,6.867000,6.956000,6.801000,6.677000
152,19,2,6.814600,6.759000,6.751000,6.890000,6.789000,6.884000
153,0,2,6.911400,6.974000,6.773000,6.990000,7.019000,6.801000
153,1,2,6.776600,6.754000,6.751000,6.800000,6.798000,6.780000
153,2,2,6.838400,6.879000,6.847000,6.890000,6.860000,6.716000
153,3,2,6.973400,6.807000,6.955000,7.103000,7.027000,6.975000
153,4,2,6.973800,6.969000,6.917000,6.952000,6.978000,7.053000
153,5,2,6.838400,6.848000,6.735000,6.885000,6.852000,6.872000
153,6,2,6.998400,7.008000,6.888000,6.993000,7.172000,6.931000
153,7,2,6.987400,7.113000,7.063000,7.017000,6.948000,6.796000
153,8,2,6.867800,6.666000,6.861000,7.114000,6.655000,7.043000
153,9,2,6.982400,6.902000,6.970000,6.986000,6.998000,7.056000
153,10,2,6.675000,6.629000,6.701000,6.670000,6.653000,6.722000
153,11,2,6.944800,7.008000,6.897000,6.937000,6.920000,6.962000
153,12,2,7.027800,7.046000,6.923000,7.092000,7.084000,6.994000
153,13,2,6.945600,7.030000,6.914000,6.945000,6.910000,6.929000
153,14,2,6.961600,7.015000,6.890000,6.947000,7.056000,6.900000
153,15,2,7.066600,7.100000,6.977000,7.093000,7.091000,7.072000
153,16,2,7.124200,7.080000,7.037000,7.215000,7.154000,7.135000
153,17,2,7.002000,6.933000,6.996000,7.069000,7.014000,6.998000
153,18,2,6.825000,6.859000,6.742000,6.865000,6.833000,6.826000
153,19,2,6.830800,6.873000,6.749000,6.765000,6.904000,6.863000
154,0,2,6.973400,7.039000,6.881000,7.011000,6.948000,6.988000
154,1,2,7.073200,7.037000,6.872000,7.083000,7.221000,7.153000
154,2,2,6.949200,6.990000,6.802000,7.021000,7.006000,6.927000
154,3,2,6.771600,6.934000,6.702000,6.601000,6.583000,7.038000
154,4,2,7.010600,7.002000,6.910000,6.960000,7.095000,7.086000
154,5,2,6.906200,6.966000,6.826000,6.929000,6.827000,6.983000
154,6,2,7.018400,7.058000,6.877000,7.056000,7.037000,7.064000
154,7,2,6.916200,6.920000,6.779000,6.988000,6.849000,7.045000
154,8,2,6.872600,7.100000,6.748000,6.880000,6.954000,6.681000
154,9,2,6.959000,7.024000,6.856000,6.986000,6.895000,7.034000
154,10,2,6.843800,6.926000,6.758000,6.959000,6.821000,6.755000
154,11,2,7.133800,7.172000,7.116000,7.151000,7.157000,7.073000
154,12,2,6.953000,7.065000,6.902000,6.929000,6.950000,6.919000
154,13,2,7.075800,7.101000,6.945000,7.128000,7.073000,7.132000
154,14,2,6.982600,7.016000,6.944000,7.023000,6.991000,6.939000
154,15,2,6.996200,7.060000,6.867000,6.981000,7.040000,7.033000
154,16,2,6.760800,6.755000,6.607000,6.859000,6.859000,6.724000
154,17,2,7.029200,6.981000,6.875000,7.121000,7.063000,7.106000
154,18,2,6.951200,7.025000,6.800000,6.947000,6.987000,6.997000
154,19,2,6.807200,6.802000,6.685000,7.003000,6.856000,6.690000
155,0,2,6.998200,7.073000,6.855000,7.062000,6.982000,7.019000
155,1,2,7.070200,7.220000,6.960000,7.037000,7.131000,7.003000
155,2,2,6.960200,7.114000,6.873000,6.826000,7.031000,6.957000
155,3,2,6.804200,6.935000,6.725000,6.809000,6.812000,6.740000
155,4,2,6.972800,6.944000,6.907000,7.007000,7.064000,6.942000
155,5,2,6.928200,7.007000,6.812000,6.901000,6.909000,7.012000
155,6,2,6.812800,6.930000,6.763000,6.702000,6.854000,6.815000
155,7,2,6.770600,6.832000,6.684000,6.914000,6.809000,6.614000
155,8,2,6.504200,6.657000,6.402000,6.553000,6.469000,6.440000
155,9,2,6.764800,6.834000,6.711000,6.812000,6.761000,6.706000
155,10,2,6.752800,6.836000,6.704000,6.671000,6.799000,6.754000
155,11,2,7.004600,7.030000,7.044000,7.000000,7.056000,6.893000
155,12,2,6.953800,6.994000,6.806000,6.931000,7.025000,7.013000
155,13,2,6.764800,6.860000,6.619000,6.886000,6.750000,6.709000
155,14,2,6.969000,6.951000,6.850000,7.125000,7.005000,6.914000
155,15,2,6.886000,7.059000,6.802000,6.432000,7.084000,7.053000
155,16,2,7.051000,7.135000,7.085000,6.739000,7.145000,7.151000
155,17,2,7.027600,6.904000,6.966000,7.065000,7.117000,7.086000
155,18,2,6.861800,6.968000,6.747000,6.988000,6.927000,6.679000
155,19,2,6.932400,6.926000,6.874000,6.941000,7.060000,6.861000
156,0,2,7.169000,7.190000,7.184000,7.207000,7.158000,7.106000
156,1,2,6.983000,6.986000,6.988000,6.918000,7.048000,6.975000
156,2,2,6.817200,6.851000,6.741000,6.897000,6.781000,6.816000
156,3,2,6.925400,6.891000,7.003000,6.952000,7.012000,6.769000
156,4,2,7.026600,7.073000,7.112000,7.090000,7.084000,6.774000
156,5,2,7.020200,7.068000,6.976000,7.093000,7.002000,6.962000
156,6,2,6.893200,6.897000,6.844000,6.909000,6.968000,6.848000
156,7,2,6.711400,6.420000,6.786000,6.812000,6.991000,6.548000
156,8,2,7.075000,6.967000,7.156000,7.153000,7.131000,6.968000
156,9,2,6.974200,6.948000,6.987000,7.041000,6.985000,6.910000
156,10,2,6.955200,6.956000,6.927000,7.012000,7.033000,6.848000
156,11,2,6.773600,6.656000,6.805000,7.017000,6.901000,6.489000
156,12,2,6.878000,6.911000,6.972000,6.949000,6.987000,6.571000
156,13,2,6.738000,6.760000,6.874000,6.724000,6.926000,6.406000
156,14,2,7.052400,6.935000,7.166000,7.116000,7.083000,6.962000
156,15,2,6.672200,6.208000,7.073000,7.032000,6.944000,6.104000
156,16,2,6.676400,6.399000,7.072000,6.951000,6.696000,6.264000
156,17,2,6.846800,6.759000,6.874000,6.915000,6.967000,6.719000
156,18,2,6.469400,6.112000,6.402000,7.114000,6.814000,5.905000
156,19,2,6.954200,6.930000,6.928000,6.974000,7.080000,6.859000
157,0,2,6.812400,6.657000,6.995000,6.847000,6.756000,6.807000
157,1,2,6.983600,6.732000,7.224000,6.928000,6.991000,7.043000
157,2,2,7.054800,6.869000,7.176000,7.096000,7.035000,7.098000
157,3,2,6.539600,6.199000,6.429000,6.629000,6.834000,6.607000
157,4,2,6.849800,6.753000,6.723000,6.901000,6.917000,6.955000
157,5,2,7.069800,6.969000,7.182000,7.047000,7.015000,7.136000
157,6,2,6.839800,6.553000,7.056000,6.830000,6.799000,6.961000
157,7,2,7.056600,6.711000,7.244000,7.207000,6.911000,7.210000
157,8,2,7.031400,6.951000,6.957000,7.097000,6.943000,7.209000
157,9,2,6.961800,6.769000,7.142000,7.009000,6.958000,6.931000
157,10,2,7.031000,6.933000,7.196000,6.970000,7.004000,7.052000
157,11,2,6.458800,6.248000,5.999000,6.821000,6.264000,6.962000
157,12,2,6.807600,6.611000,7.094000,6.828000,6.706000,6.799000
157,13,2,6.791800,6.404000,6.525000,7.086000,6.686000,7.258000
157,14,2,5.883400,5.502000,5.945000,6.459000,5.695000,5.816000
157,15,2,6.785400,6.582000,7.110000,6.710000,6.800000,6.725000
157,16,2,6.957600,6.819000,6.802000,7.034000,7.138000,6.995000
157,17,2,7.068600,6.970000,6.809000,7.229000,7.095000,7.240000
157,18,2,6.903000,6.734000,7.161000,6.939000,6.879000,6.802000
157,19,2,7.114200,6.934000,7.225000,7.096000,7.128000,7.188000
158,0,2,6.926800,7.143000,6.742000,6.756000,7.023000,6.970000
158,1,2,6.790000,6.851000,6.851000,6.700000,6.833000,6.715000
158,2,2,7.021800,7.168000,7.003000,7.039000,7.026000,6.873000
158,3,2,7.024600,7.100000,7.063000,6.973000,7.008000,6.979000
158,4,2,6.983200,7.087000,7.026000,6.853000,7.009000,6.941000
158,5,2,6.827200,6.821000,6.807000,6.762000,6.913000,6.833000
158,6,2,6.960600,6.934000,6.912000,6.906000,7.096000,6.955000
158,7,2,6.959800,6.923000,6.991000,6.879000,7.042000,6.964000
158,8,2,7.037200,7.019000,7.057000,6.924000,7.160000,7.026000
158,9,2,7.086600,7.176000,7.101000,6.984000,7.134000,7.038000
158,10,2,6.944000,7.011000,6.920000,6.828000,6.994000,6.967000
158,11,2,6.686200,6.953000,6.780000,6.675000,6.265000,6.758000
158,12,2,6.958600,7.111000,7.049000,6.966000,6.742000,6.925000
158,13,2,6.983200,7.068000,6.879000,6.913000,7.114000,6.942000
158,14,2,7.063000,7.120000,6.964000,7.046000,7.076000,7.109000
158,15,2,6.921600,6.975000,6.910000,6.827000,7.005000,6.891000
158,16,2,6.943200,7.036000,7.001000,6.858000,6.977000,6.844000
158,17,2,6.990400,7.208000,7.091000,6.975000,6.570000,7.108000
158,18,2,6.944200,6.855000,6.936000,6.933000,7.074000,6.923000
158,19,2,6.776200,6.842000,6.846000,6.590000,6.821000,6.782000
159,0,2,6.888600,6.904000,6.930000,6.861000,6.750000,6.998000
159,1,2,7.034000,6.995000,7.056000,7.088000,6.913000,7.118000
159,2,2,6.738400,6.765000,6.764000,6.699000,6.619000,6.845000
159,3,2,7.043400,6.919000,7.049000,7.118000,6.965000,7.166000
159,4,2,7.099200,7.052000,7.139000,7.140000,6.946000,7.219000
159,5,2,6.856200,6.996000,6.877000,6.751000,6.688000,6.969000
159,6,2,6.866600,6.834000,6.745000,6.823000,6.873000,7.058000
159,7,2,6.973800,6.915000,7.000000,6.855000,6.973000,7.126000
159,8,2,6.685400,6.712000,6.503000,6.872000,6.615000,6.725000
159,9,2,7.044600,6.961000,7.022000,7.106000,6.988000,7.146000
159,10,2,6.882200,6.813000,6.962000,6.923000,6.719000,6.994000
159,11,2,6.541200,6.611000,6.579000,6.582000,6.342000,6.592000
159,12,2,6.986200,7.000000,6.845000,7.021000,6.894000,7.171000
159,13,2,7.095800,6.992000,7.101000,7.121000,7.065000,7.200000
159,14,2,6.873800,6.986000,6.856000,6.822000,6.844000,6.861000
159,15,2,6.518000,6.561000,6.562000,6.489000,6.335000,6.643000
159,16,2,6.537000,6.586000,6.572000,6.395000,6.466000,6.666000
159,17,2,6.809400,6.810000,6.804000,6.835000,6.690000,6.908000
159,18,2,6.908800,6.894000,7.079000,6.842000,6.782000,6.947000
159,19,2,6.826600,6.755000,6.886000,6.876000,6.690000,6.926000
160,0,0,4.996800,5.059000,4.875000,5.030000,5.002000,5.018000
160,1,0,4.996400,4.979000,4.886000,5.122000,4.995000,5.000000
160,2,0,4.882800,5.033000,4.734000,4.788000,4.983000,4.876000
160,3,0,4.937200,4.941000,4.857000,4.989000,4.967000,4.932000
160,4,0,5.081400,5.140000,5.024000,5.106000,5.038000,5.099000
160,5,0,4.900200,4.961000,4.660000,4.934000,5.086000,4.860000
160,6,0,5.196600,5.275000,4.993000,5.175000,5.271000,5.269000
160,7,0,4.899000,4.942000,4.800000,4.958000,4.876000,4.919000
160,8,0,5.058000,5.025000,4.964000,5.075000,5.133000,5.093000
160,9,0,5.047600,5.040000,4.975000,5.018000,5.142000,5.063000
160,10,0,4.609200,4.644000,4.610000,4.508000,4.691000,4.593000
160,11,0,4.663400,4.610000,4.623000,4.636000,4.700000,4.748000
160,12,0,4.997000,5.147000,4.921000,5.000000,4.979000,4.938000
160,13,0,4.983000,5.038000,4.938000,4.861000,5.065000,5.013000
160,14,0,4.840800,4.919000,4.610000,4.826000,4.964000,4.885000
160,15,0,5.059600,5.110000,4.844000,5.094000,5.227000,5.023000
160,16,0,4.912000,4.942000,4.911000,4.835000,4.945000,4.927000
160,17,0,4.936400,5.044000,4.847000,4.893000,4.942000,4.956000
160,18,0,4.881000,4.902000,4.814000,4.792000,4.935000,4.962000
160,19,0,4.984400,5.054000,4.877000,5.036000,4.980000,4.975000
160,20,1,4.889200,4.830000,4.795000,4.924000,5.083000,4.814000
160,21,1,4.703800,4.697000,4.606000,4.653000,4.868000,4.695000
160,22,1,4.909600,5.020000,4.789000,4.964000,5.039000,4.736000
160,23,1,4.871800,4.899000,4.862000,4.878000,4.920000,4.800000
160,24,1,4.944400,4.992000,4.953000,4.932000,4.985000,4.860000
160,25,1,4.932800,4.922000,4.691000,5.041000,5.053000,4.957000
160,26,1,4.721600,4.865000,4.608000,4.778000,4.707000,4.650000
160,27,1,4.935800,4.964000,5.000000,4.958000,4.954000,4.803000
160,28,1,4.729600,4.926000,4.623000,4.655000,4.723000,4.721000
160,29,1,5.008200,4.918000,5.048000,5.119000,4.981000,4.975000
160,30,1,4.849200,4.853000,4.657000,4.903000,4.991000,4.842000
160,31,1,5.004800,5.012000,4.874000,5.089000,5.159000,4.890000
160,32,1,4.847400,4.959000,4.853000,4.851000,4.875000,4.699000
160,33,1,4.873400,4.941000,4.827000,4.765000,5.080000,4.754000
160,34,1,4.753200,4.737000,4.687000,4.713000,4.890000,4.739000
160,35,1,4.825000,4.814000,4.765000,4.756000,4.937000,4.853000
160,36,1,4.828400,4.789000,4.780000,4.953000,4.845000,4.775000
160,37,1,4.748800,4.737000,4.815000,4.783000,4.876000,4.533000
160,38,1,4.879800,4.782000,4.857000,4.898000,4.952000,4.910000
160,39,1,4.834400,4.792000,4.723000,4.992000,4.796000,4.869000
160,40,2,6.766200,6.700000,6.686000,6.792000,6.998000,6.655000
160,41,2,7.055000,7.068000,7.106000,6.994000,7.090000,7.017000
160,42,2,6.901200,7.219000,7.048000,6.403000,6.766000,7.070000
160,43,2,7.032400,7.134000,7.083000,6.909000,7.107000,6.929000
160,44,2,6.769800,6.910000,6.681000,6.616000,6.924000,6.718000
160,45,2,6.808200,6.824000,6.673000,6.764000,7.025000,6.755000
160,46,2,7.072200,7.163000,7.078000,6.919000,7.198000,7.003000
160,47,2,7.004800,7.022000,6.985000,6.836000,7.086000,7.095000
160,48,2,6.992800,7.194000,7.048000,6.966000,6.734000,7.022000
160,49,2,7.090200,7.093000,7.122000,6.969000,7.155000,7.112000
160,50,2,6.919600,6.930000,6.904000,6.727000,7.071000,6.966000
160,51,2,6.741400,6.857000,6.567000,6.749000,6.904000,6.630000
160,52,2,6.999400,6.918000,7.128000,6.999000,6.860000,7.092000
160,53,2,7.075400,7.149000,7.041000,6.883000,7.270000,7.034000
160,54,2,7.001000,6.966000,7.023000,6.872000,7.082000,7.062000
160,55,2,6.923400,7.001000,6.894000,6.779000,7.066000,6.877000
160,56,2,7.088200,7.145000,7.247000,6.673000,7.258000,7.118000
160,57,2,6.680800,6.844000,6.651000,6.805000,6.390000,6.714000
160,58,2,7.015000,7.103000,7.001000,6.819000,7.172000,6.980000
160,59,2,7.045400,7.108000,7.072000,7.005000,6.987000,7.055000
160,60,3,4.480800,4.540000,4.420000,4.395000,4.703000,4.346000
160,61,3,4.210400,4.036000,4.219000,4.212000,4.371000,4.214000
160,62,3,4.610400,4.631000,4.608000,4.560000,4.681000,4.572000
160,63,3,4.636400,4.699000,4.356000,4.750000,4.797000,4.580000
160,64,3,4.426400,4.458000,4.212000,4.408000,4.611000,4.443000
160,65,3,4.398200,4.495000,4.243000,4.385000,4.589000,4.279000
160,66,3,4.528600,4.562000,4.379000,4.442000,4.747000,4.513000
160,67,3,4.597000,4.682000,4.538000,4.464000,4.651000,4.650000
160,68,3,4.435000,4.423000,4.329000,4.512000,4.556000,4.355000
160,69,3,4.534400,4.567000,4.474000,4.440000,4.659000,4.532000
160,70,3,4.461600,4.482000,4.341000,4.543000,4.462000,4.480000
160,71,3,4.641400,4.742000,4.383000,4.675000,4.784000,4.623000
160,72,3,4.446200,4.443000,4.332000,4.542000,4.457000,4.457000
160,73,3,4.279200,4.374000,4.099000,4.251000,4.405000,4.267000
160,74,3,4.504400,4.555000,4.398000,4.497000,4.599000,4.473000
160,75,3,4.415600,4.415000,4.340000,4.372000,4.572000,4.379000
160,76,3,4.498000,4.563000,4.422000,4.457000,4.598000,4.450000
160,77,3,4.501600,4.604000,4.430000,4.470000,4.555000,4.449000
160,78,3,4.660000,4.671000,4.552000,4.718000,4.798000,4.561000
160,79,3,4.506600,4.505000,4.484000,4.482000,4.598000,4.464000
160,80,4,4.779800,4.831000,4.586000,4.747000,4.946000,4.789000
160,81,4,4.655400,4.686000,4.620000,4.600000,4.688000,4.683000
160,82,4,4.539000,4.748000,4.442000,4.429000,4.645000,4.431000
160,83,4,4.773600,4.928000,4.567000,4.808000,4.820000,4.745000
160,84,4,4.859800,5.007000,4.799000,4.793000,4.928000,4.772000
160,85,4,4.697200,4.762000,4.517000,4.615000,4.866000,4.726000
160,86,4,4.516000,4.501000,4.513000,4.573000,4.529000,4.464000
160,87,4,4.700400,4.833000,4.587000,4.724000,4.655000,4.703000
160,88,4,4.772800,4.905000,4.597000,4.749000,4.855000,4.758000
160,89,4,4.849000,4.897000,4.665000,4.789000,5.081000,4.813000
160,90,4,4.820800,4.948000,4.767000,4.735000,4.838000,4.816000
160,91,4,4.636400,4.652000,4.507000,4.636000,4.675000,4.712000
160,92,4,4.639400,4.776000,4.462000,4.628000,4.784000,4.547000
160,93,4,4.923400,5.088000,4.947000,4.800000,4.982000,4.800000
160,94,4,4.762200,4.841000,4.543000,4.759000,4.910000,4.758000
160,95,4,4.783400,4.824000,4.766000,4.731000,4.883000,4.713000
160,96,4,4.704400,4.834000,4.604000,4.590000,4.794000,4.700000
160,97,4,4.896200,4.907000,4.747000,4.903000,4.995000,4.929000
160,98,4,4.605400,4.630000,4.544000,4.543000,4.579000,4.731000
160,99,4,4.777400,4.862000,4.761000,4.728000,4.790000,4.746000
161,0,2,6.912200,7.006000,7.010000,6.828000,6.709000,7.008000
161,1,2,7.119200,7.122000,7.223000,6.898000,7.104000,7.249000
161,2,2,6.791200,6.784000,6.929000,6.665000,6.723000,6.855000
161,3,2,6.907800,6.823000,7.051000,6.838000,6.795000,7.032000
161,4,2,6.856400,6.798000,7.092000,6.736000,6.779000,6.877000
161,5,2,7.103400,7.126000,7.199000,7.077000,7.020000,7.095000
161,6,2,6.965800,6.945000,7.081000,6.868000,6.872000,7.063000
161,7,2,6.973200,6.928000,7.095000,6.904000,6.908000,7.031000
161,8,2,6.794200,6.869000,6.830000,6.766000,6.617000,6.889000
161,9,2,6.954600,6.764000,7.126000,6.990000,6.898000,6.995000
161,10,2,7.084400,7.123000,7.121000,7.072000,7.023000,7.083000
161,11,2,6.888600,6.796000,6.956000,6.829000,6.838000,7.024000
161,12,2,6.926600,6.874000,7.001000,6.935000,6.838000,6.985000
161,13,2,7.083400,7.086000,7.169000,7.048000,7.045000,7.069000
161,14,2,6.942600,6.969000,7.032000,6.891000,6.840000,6.981000
161,15,2,6.991800,7.019000,7.119000,6.957000,6.714000,7.150000
161,16,2,6.946400,6.847000,7.039000,6.913000,6.932000,7.001000
161,17,2,6.798000,6.614000,6.996000,6.896000,6.337000,7.147000
161,18,2,6.887400,6.819000,6.961000,6.866000,6.787000,7.004000
161,19,2,7.147400,7.112000,7.294000,7.086000,7.087000,7.158000
162,0,2,7.029200,6.956000,7.062000,6.868000,7.134000,7.126000
162,1,2,6.765800,6.879000,6.951000,6.435000,6.819000,6.745000
162,2,2,7.048800,7.021000,6.970000,7.105000,6.991000,7.157000
162,3,2,7.019000,7.063000,6.963000,7.079000,7.033000,6.957000
162,4,2,6.820000,6.997000,6.915000,6.355000,6.838000,6.995000
162,5,2,6.962200,6.995000,7.037000,7.090000,6.814000,6.875000
162,6,2,7.075000,7.082000,7.097000,7.174000,7.022000,7.000000
162,7,2,6.949400,6.981000,6.876000,7.017000,6.886000,6.987000
162,8,2,7.099200,7.085000,7.086000,7.238000,7.095000,6.992000
162,9,2,6.883200,6.868000,6.865000,6.997000,6.872000,6.814000
162,10,2,6.807400,6.781000,6.756000,6.986000,6.848000,6.666000
162,11,2,6.786800,6.864000,6.773000,6.934000,6.663000,6.700000
162,12,2,7.119800,7.146000,7.145000,7.189000,7.049000,7.070000
162,13,2,7.051200,7.098000,7.091000,7.143000,6.933000,6.991000
162,14,2,6.920200,6.888000,6.857000,7.125000,6.877000,6.854000
162,15,2,6.580800,6.659000,6.628000,6.686000,6.440000,6.491000
162,16,2,7.075400,7.033000,7.109000,7.100000,7.021000,7.114000
162,17,2,6.993800,6.978000,6.978000,7.003000,7.026000,6.984000
162,18,2,6.910400,6.964000,6.862000,7.004000,6.818000,6.904000
162,19,2,6.805800,7.101000,6.297000,6.568000,6.996000,7.067000
163,0,2,6.946800,6.738000,7.100000,6.939000,7.010000,6.947000
163,1,2,6.989600,6.981000,7.137000,6.872000,7.032000,6.926000
163,2,2,6.633400,6.581000,6.659000,6.604000,6.713000,6.610000
163,3,2,6.922400,6.764000,7.011000,6.894000,6.992000,6.951000
163,4,2,6.900600,6.657000,6.969000,6.871000,6.977000,7.029000
163,5,2,6.778800,6.637000,6.844000,6.818000,6.848000,6.747000
163,6,2,7.010200,6.908000,7.009000,7.021000,7.080000,7.033000
163,7,2,6.947600,6.815000,6.963000,6.919000,7.043000,6.998000
163,8,2,6.950800,6.934000,7.027000,6.892000,7.057000,6.844000
163,9,2,6.995800,7.004000,7.131000,6.932000,7.051000,6.861000
163,10,2,7.059000,6.929000,7.169000,7.093000,7.095000,7.009000
163,11,2,7.018400,7.063000,7.069000,6.962000,7.080000,6.918000
163,12,2,6.929200,6.902000,7.001000,6.866000,7.019000,6.858000
163,13,2,6.916600,6.957000,6.918000,6.760000,7.041000,6.907000
163,14,2,7.009200,6.984000,7.113000,6.899000,7.002000,7.048000
163,15,2,7.023200,6.979000,7.063000,7.002000,7.012000,7.060000
163,16,2,7.026000,6.906000,7.184000,6.981000,7.060000,6.999000
163,17,2,6.934600,6.790000,7.087000,6.899000,7.027000,6.870000
163,18,2,6.918400,6.857000,6.993000,6.795000,6.985000,6.962000
163,19,2,7.049800,6.913000,7.175000,7.040000,7.113000,7.008000
164,0,2,6.907400,6.945000,6.947000,6.747000,6.886000,7.012000
164,1,2,7.084400,7.068000,6.977000,6.920000,7.152000,7.305000
164,2,2,7.024800,7.018000,6.915000,7.034000,6.924000,7.233000
164,3,2,7.164000,7.151000,7.094000,7.056000,7.203000,7.316000
164,4,2,7.002600,6.936000,6.929000,6.991000,7.032000,7.125000
164,5,2,6.780600,6.669000,6.847000,6.761000,6.750000,6.876000
164,6,2,6.901600,6.829000,6.852000,6.855000,6.993000,6.979000
164,7,2,6.981400,6.964000,6.941000,6.839000,6.973000,7.190000
164,8,2,7.012800,7.017000,6.910000,6.924000,7.062000,7.151000
164,9,2,7.079000,7.098000,6.985000,7.061000,7.108000,7.143000
164,10,2,7.123800,7.056000,7.111000,7.091000,7.047000,7.314000
164,11,2,7.107800,6.992000,7.096000,7.093000,7.115000,7.243000
164,12,2,6.915000,6.943000,6.836000,6.851000,6.974000,6.971000
164,13,2,6.924400,6.967000,6.869000,6.875000,6.871000,7.040000
164,14,2,6.949000,7.066000,6.870000,6.940000,6.902000,6.967000
164,15,2,6.998600,7.001000,6.895000,6.976000,6.984000,7.137000
164,16,2,6.891800,6.699000,6.935000,6.768000,7.023000,7.034000
164,17,2,6.882600,6.966000,6.832000,6.876000,6.726000,7.013000
164,18,2,6.762400,6.775000,6.821000,6.696000,6.660000,6.860000
164,19,2,7.073200,6.985000,7.063000,7.044000,7.046000,7.228000
165,0,2,7.040800,6.985000,6.960000,7.023000,7.081000,7.155000
165,1,2,6.965800,6.861000,7.011000,6.946000,7.051000,6.960000
165,2,2,7.041400,7.024000,7.063000,7.116000,7.090000,6.914000
165,3,2,6.932800,6.834000,6.879000,6.887000,7.008000,7.056000
165,4,2,6.966200,6.856000,6.908000,6.966000,7.064000,7.037000
165,5,2,6.857400,6.773000,6.823000,6.753000,7.015000,6.923000
165,6,2,6.956400,6.897000,6.814000,6.897000,7.140000,7.034000
165,7,2,6.818000,6.818000,6.743000,6.736000,7.000000,6.793000
165,8,2,6.947600,6.822000,6.971000,6.936000,7.105000,6.904000
165,9,2,7.000800,7.042000,7.023000,6.837000,7.056000,7.046000
165,10,2,6.561800,6.601000,6.546000,6.546000,6.558000,6.558000
165,11,2,7.054200,7.039000,7.016000,7.100000,7.133000,6.983000
165,12,2,6.581600,6.714000,7.037000,6.265000,6.586000,6.306000
165,13,2,6.898200,6.829000,6.820000,6.840000,6.990000,7.012000
165,14,2,7.070400,7.024000,7.096000,7.064000,7.120000,7.048000
165,15,2,6.601000,6.607000,6.448000,6.525000,6.710000,6.715000
165,16,2,7.003200,6.952000,7.139000,6.985000,7.233000,6.707000
165,17,2,7.016600,7.024000,7.014000,6.928000,7.126000,6.991000
165,18,2,6.952600,6.937000,6.776000,6.888000,7.106000,7.056000
165,19,2,7.050200,6.928000,7.095000,6.964000,7.170000,7.094000
166,0,2,7.017800,7.033000,7.009000,6.887000,7.060000,7.100000
166,1,2,6.877800,6.873000,7.009000,6.775000,6.812000,6.920000
166,2,2,6.888000,6.916000,6.895000,6.888000,6.938000,6.803000
166,3,2,6.899200,7.028000,6.787000,6.808000,6.892000,6.981000
166,4,2,6.885200,6.931000,6.949000,6.722000,6.967000,6.857000
166,5,2,7.128600,7.222000,7.116000,7.089000,7.118000,7.098000
166,6,2,6.934400,6.885000,7.052000,7.029000,7.080000,6.626000
166,7,2,7.047200,7.101000,7.072000,7.028000,7.001000,7.034000
166,8,2,6.994000,7.016000,6.947000,7.012000,6.990000,7.005000
166,9,2,6.846600,6.995000,6.808000,6.759000,6.809000,6.862000
166,10,2,6.891200,6.977000,6.692000,6.808000,6.941000,7.038000
166,11,2,6.932600,6.966000,7.049000,6.678000,7.092000,6.878000
166,12,2,6.954400,6.993000,6.923000,6.855000,6.990000,7.011000
166,13,2,7.026600,7.090000,6.911000,6.868000,7.117000,7.147000
166,14,2,7.028800,7.047000,7.037000,6.946000,7.060000,7.054000
166,15,2,7.034000,6.980000,7.022000,7.076000,7.015000,7.077000
166,16,2,7.010800,7.032000,7.080000,6.922000,7.067000,6.953000
166,17,2,6.802200,6.851000,6.755000,6.858000,6.750000,6.797000
166,18,2,7.007000,6.990000,7.015000,6.950000,7.022000,7.058000
166,19,2,7.018000,6.864000,6.917000,6.980000,7.114000,7.215000
167,0,2,7.000200,7.099000,7.108000,6.840000,6.981000,6.973000
167,1,2,7.036600,7.071000,7.083000,7.000000,7.068000,6.961000
167,2,2,6.676600,6.688000,6.710000,6.708000,6.702000,6.575000
167,3,2,7.037800,6.989000,7.155000,7.089000,6.958000,6.998000
167,4,2,7.002800,7.065000,7.094000,6.782000,7.043000,7.030000
167,5,2,6.864400,6.922000,6.885000,6.961000,6.774000,6.780000
167,6,2,7.078200,7.046000,7.036000,7.108000,7.110000,7.091000
167,7,2,7.017600,7.078000,6.987000,6.904000,7.036000,7.083000
167,8,2,6.606400,6.749000,6.501000,6.748000,6.526000,6.508000
167,9,2,7.049400,7.049000,7.080000,6.984000,6.978000,7.156000
167,10,2,6.820800,6.838000,6.757000,6.982000,6.721000,6.806000
167,11,2,6.863800,6.910000,6.926000,6.864000,6.761000,6.858000
167,12,2,6.830800,6.964000,6.977000,6.230000,7.003000,6.980000
167,13,2,7.072800,7.093000,7.207000,6.689000,7.153000,7.222000
167,14,2,7.019000,7.059000,7.119000,6.807000,7.059000,7.051000
167,15,2,6.968800,6.966000,7.080000,6.684000,7.053000,7.061000
167,16,2,6.885800,6.845000,6.857000,6.861000,6.915000,6.951000
167,17,2,6.971000,6.941000,7.007000,6.946000,7.065000,6.896000
167,18,2,7.002600,7.026000,7.009000,7.029000,7.009000,6.940000
167,19,2,7.067800,7.109000,7.163000,6.876000,7.082000,7.109000
168,0,2,6.941200,7.037000,6.750000,7.139000,6.860000,6.920000
168,1,2,6.890600,6.871000,6.771000,6.976000,6.933000,6.902000
168,2,2,6.973200,6.760000,6.963000,7.051000,6.945000,7.147000
168,3,2,6.874000,6.893000,6.727000,7.046000,6.829000,6.875000
168,4,2,6.897600,7.002000,6.830000,6.936000,6.828000,6.892000
168,5,2,6.667600,6.689000,6.592000,6.892000,6.585000,6.580000
168,6,2,7.002200,6.681000,6.963000,7.245000,7.039000,7.083000
168,7,2,6.800200,6.899000,6.670000,6.846000,6.767000,6.819000
168,8,2,6.957200,6.975000,6.905000,7.080000,6.873000,6.953000
168,9,2,6.753800,6.859000,6.619000,6.831000,6.669000,6.791000
168,10,2,6.937400,7.146000,7.040000,6.412000,7.018000,7.071000
168,11,2,6.951600,7.115000,6.938000,7.170000,6.647000,6.888000
168,12,2,7.027400,7.041000,6.869000,7.062000,7.047000,7.118000
168,13,2,7.003800,7.130000,6.909000,7.144000,6.866000,6.970000
168,14,2,6.941800,7.002000,6.694000,7.093000,6.929000,6.991000
168,15,2,6.975200,6.935000,6.894000,7.075000,7.027000,6.945000
168,16,2,6.976200,7.028000,6.827000,7.101000,6.988000,6.937000
168,17,2,6.835200,6.871000,6.690000,7.011000,6.799000,6.805000
168,18,2,6.989800,7.073000,6.873000,7.138000,6.819000,7.046000
168,19,2,7.095800,7.179000,7.067000,7.115000,7.110000,7.008000
169,0,2,6.729600,6.484000,6.679000,6.772000,6.815000,6.898000
169,1,2,6.906200,6.892000,6.909000,6.884000,6.993000,6.853000
169,2,2,6.873000,6.819000,6.783000,6.876000,7.010000,6.877000
169,3,2,7.032600,6.923000,6.931000,6.983000,7.167000,7.159000
169,4,2,6.923400,6.825000,6.944000,6.929000,7.016000,6.903000
169,5,2,6.914200,6.802000,6.921000,7.145000,6.994000,6.709000
169,6,2,7.091800,7.016000,7.059000,7.183000,7.174000,7.027000
169,7,2,6.687600,6.627000,6.727000,6.708000,6.774000,6.602000
169,8,2,6.803800,6.718000,6.747000,6.916000,6.827000,6.811000
169,9,2,6.921200,7.117000,7.002000,7.111000,6.626000,6.750000
169,10,2,7.053400,7.002000,7.013000,7.077000,7.137000,7.038000
169,11,2,6.923000,6.890000,7.039000,6.554000,7.017000,7.115000
169,12,2,7.100800,6.964000,6.983000,7.202000,7.266000,7.089000
169,13,2,6.839200,6.761000,7.093000,7.023000,6.762000,6.557000
169,14,2,6.914600,6.856000,6.898000,7.093000,7.102000,6.624000
169,15,2,7.000200,7.000000,7.083000,6.997000,6.943000,6.978000
169,16,2,6.984200,6.905000,6.928000,7.104000,7.087000,6.897000
169,17,2,6.769000,6.872000,5.937000,6.965000,7.087000,6.984000
169,18,2,7.058000,7.028000,6.970000,7.132000,7.070000,7.090000
169,19,2,6.772400,6.654000,6.833000,6.870000,6.796000,6.709000
170,0,0,4.938200,5.079000,4.912000,4.839000,5.010000,4.851000
170,1,0,4.709000,4.627000,4.724000,4.874000,4.782000,4.538000
170,2,0,4.928200,4.985000,4.954000,4.963000,4.952000,4.787000
170,3,0,4.964800,5.015000,4.965000,4.864000,5.036000,4.944000
170,4,0,4.719000,4.784000,4.779000,4.681000,4.673000,4.678000
170,5,0,4.761600,4.858000,4.776000,4.715000,4.708000,4.751000
170,6,0,5.031000,5.170000,5.023000,5.039000,4.991000,4.932000
170,7,0,4.801000,4.891000,4.921000,4.746000,4.768000,4.679000
170,8,0,4.935000,5.035000,5.030000,4.857000,4.947000,4.806000
170,9,0,4.676000,4.673000,4.667000,4.772000,4.686000,4.582000
170,10,0,4.802200,4.887000,4.849000,4.729000,4.779000,4.767000
170,11,0,4.926800,4.897000,4.912000,4.923000,5.004000,4.898000
170,12,0,4.736400,4.817000,4.739000,4.723000,4.804000,4.599000
170,13,0,4.735200,4.733000,4.729000,4.734000,4.765000,4.715000
170,14,0,4.814600,4.885000,4.833000,4.887000,4.823000,4.645000
170,15,0,4.636000,4.660000,4.662000,4.675000,4.609000,4.574000
170,16,0,4.750000,4.770000,4.655000,4.856000,4.704000,4.765000
170,17,0,4.989000,5.074000,5.013000,4.977000,5.117000,4.764000
170,18,0,4.832400,4.820000,4.864000,4.900000,4.796000,4.782000
170,19,0,4.789400,4.812000,4.858000,4.865000,4.743000,4.669000
170,20,1,4.787600,4.695000,4.895000,4.730000,4.707000,4.911000
170,21,1,4.936200,4.913000,4.936000,5.009000,4.870000,4.953000
170,22,1,4.765200,4.886000,4.751000,4.657000,4.823000,4.709000
170,23,1,4.832000,4.823000,4.814000,4.888000,4.850000,4.785000
170,24,1,5.084800,5.066000,5.192000,4.961000,5.108000,5.097000
170,25,1,4.938800,4.989000,5.058000,4.936000,4.828000,4.883000
170,26,1,4.839800,4.972000,4.818000,4.711000,4.908000,4.790000
170,27,1,4.929000,4.917000,4.865000,4.909000,4.997000,4.957000
170,28,1,4.934600,4.999000,4.976000,4.844000,4.846000,5.008000
170,29,1,4.786800,4.806000,4.853000,4.765000,4.799000,4.711000
170,30,1,4.880600,5.046000,4.777000,4.776000,4.870000,4.934000
170,31,1,5.025400,5.024000,4.954000,4.954000,5.168000,5.027000
170,32,1,4.829600,4.885000,4.823000,4.641000,4.960000,4.839000
170,33,1,4.890800,5.041000,4.680000,4.895000,4.956000,4.882000
170,34,1,4.817200,4.788000,4.848000,4.734000,4.895000,4.821000
170,35,1,4.813800,4.746000,4.930000,4.819000,4.805000,4.769000
170,36,1,4.887000,5.051000,4.837000,4.795000,4.957000,4.795000
170,37,1,4.850200,4.965000,4.697000,4.793000,4.948000,4.848000
170,38,1,4.863600,5.017000,4.848000,4.772000,4.906000,4.775000
170,39,1,4.676000,4.887000,4.548000,4.593000,4.644000,4.708000
170,40,2,6.885400,6.886000,6.822000,6.854000,6.856000,7.009000
170,41,2,6.877400,7.045000,6.599000,6.943000,6.918000,6.882000
170,42,2,6.885200,6.979000,6.712000,6.917000,6.913000,6.905000
170,43,2,6.881600,6.953000,6.951000,6.801000,7.049000,6.654000
170,44,2,6.935200,7.030000,6.845000,6.835000,7.025000,6.941000
170,45,2,6.875400,6.977000,6.812000,6.931000,6.855000,6.802000
170,46,2,6.692200,6.794000,6.665000,6.663000,6.603000,6.736000
170,47,2,6.715200,6.593000,6.688000,6.788000,6.801000,6.706000
170,48,2,6.750400,6.806000,6.650000,6.723000,6.783000,6.790000
170,49,2,6.979400,7.060000,6.832000,6.955000,7.092000,6.958000
170,50,2,6.872000,6.821000,6.806000,6.841000,6.961000,6.931000
170,51,2,6.832800,6.742000,7.026000,7.064000,7.051000,6.281000
170,52,2,6.875400,6.950000,6.834000,6.810000,6.900000,6.883000
170,53,2,6.934000,7.151000,6.995000,7.210000,7.266000,6.048000
170,54,2,7.011600,7.053000,6.924000,7.049000,7.108000,6.924000
170,55,2,7.017200,7.043000,6.905000,6.979000,7.149000,7.010000
170,56,2,6.817400,7.131000,6.961000,7.049000,6.731000,6.215000
170,57,2,6.871800,7.003000,6.737000,6.671000,7.072000,6.876000
170,58,2,7.044600,7.118000,6.957000,7.193000,7.320000,6.635000
170,59,2,6.986000,7.050000,6.754000,7.040000,7.072000,7.014000
170,60,3,4.599200,4.602000,4.716000,4.628000,4.546000,4.504000
170,61,3,4.726600,4.692000,4.795000,4.758000,4.734000,4.654000
170,62,3,4.647800,4.623000,4.688000,4.720000,4.632000,4.576000
170,63,3,4.524800,4.506000,4.661000,4.587000,4.462000,4.408000
170,64,3,4.384000,4.562000,4.455000,4.259000,4.283000,4.361000
170,65,3,4.570200,4.547000,4.745000,4.517000,4.574000,4.468000
170,66,3,4.472000,4.610000,4.383000,4.491000,4.400000,4.476000
170,67,3,4.734400,4.861000,4.754000,4.606000,4.799000,4.652000
170,68,3,4.701800,4.758000,4.609000,4.637000,4.831000,4.674000
170,69,3,4.632600,4.715000,4.706000,4.584000,4.511000,4.647000
170,70,3,4.421400,4.559000,4.421000,4.529000,4.348000,4.250000
170,71,3,4.501000,4.556000,4.569000,4.491000,4.461000,4.428000
170,72,3,4.398400,4.445000,4.495000,4.367000,4.324000,4.361000
170,73,3,4.436600,4.433000,4.400000,4.423000,4.445000,4.482000
170,74,3,4.690000,4.713000,4.695000,4.726000,4.801000,4.515000
170,75,3,4.612800,4.700000,4.635000,4.648000,4.669000,4.412000
170,76,3,4.527800,4.581000,4.580000,4.506000,4.511000,4.461000
170,77,3,4.468800,4.663000,4.458000,4.354000,4.442000,4.427000
170,78,3,4.583600,4.782000,4.589000,4.530000,4.437000,4.580000
170,79,3,4.592000,4.709000,4.620000,4.619000,4.564000,4.448000
170,80,4,4.778800,4.863000,4.761000,4.716000,4.744000,4.810000
170,81,4,4.973000,5.072000,4.798000,4.936000,5.062000,4.997000
170,82,4,4.603200,4.540000,4.541000,4.682000,4.577000,4.676000
170,83,4,4.933400,4.979000,4.748000,4.924000,5.044000,4.972000
170,84,4,4.636400,4.735000,4.688000,4.500000,4.676000,4.583000
170,85,4,4.908000,4.978000,4.945000,4.877000,4.763000,4.977000
170,86,4,4.887400,5.035000,4.822000,4.884000,4.859000,4.837000
170,87,4,4.750000,4.940000,4.719000,4.578000,4.747000,4.766000
170,88,4,4.623400,4.728000,4.597000,4.649000,4.432000,4.711000
170,89,4,4.817800,4.875000,4.752000,4.733000,4.795000,4.934000
170,90,4,5.001200,5.090000,4.997000,4.826000,5.044000,5.049000
170,91,4,4.861200,4.900000,4.904000,4.806000,4.883000,4.813000
170,92,4,4.889800,5.022000,4.887000,4.825000,4.753000,4.962000
170,93,4,4.865400,4.960000,4.825000,4.856000,4.848000,4.838000
170,94,4,4.605200,4.641000,4.548000,4.562000,4.604000,4.671000
170,95,4,4.753000,4.821000,4.650000,4.793000,4.742000,4.759000
170,96,4,4.877600,5.023000,4.864000,4.817000,4.811000,4.873000
170,97,4,4.755600,4.873000,4.768000,4.705000,4.733000,4.699000
170,98,4,4.734600,4.804000,4.655000,4.670000,4.756000,4.788000
170,99,4,4.849800,4.940000,4.769000,4.877000,4.763000,4.900000
171,0,2,7.124800,7.170000,7.165000,7.105000,7.079000,7.105000
171,1,2,6.837600,6.943000,6.856000,6.890000,6.830000,6.669000
171,2,2,7.024600,7.065000,7.003000,7.098000,6.932000,7.025000
171,3,2,6.852800,7.085000,6.688000,6.394000,6.999000,7.098000
171,4,2,6.631000,6.680000,6.585000,6.686000,6.587000,6.617000
171,5,2,6.534600,6.498000,6.643000,6.542000,6.559000,6.431000
171,6,2,6.807200,7.095000,6.749000,6.503000,6.461000,7.228000
171,7,2,6.919200,6.896000,6.870000,7.048000,6.822000,6.960000
171,8,2,6.977400,6.967000,6.898000,6.994000,7.059000,6.969000
171,9,2,6.908000,6.900000,6.900000,6.897000,7.009000,6.834000
171,10,2,6.592200,6.607000,6.666000,6.617000,6.635000,6.436000
171,11,2,6.971200,6.942000,7.014000,7.014000,7.015000,6.871000
171,12,2,6.897800,6.987000,6.794000,6.953000,6.911000,6.844000
171,13,2,6.854600,6.937000,6.842000,6.868000,6.811000,6.815000
171,14,2,6.865000,6.954000,6.952000,7.010000,6.624000,6.785000
171,15,2,6.938000,6.970000,6.957000,6.985000,6.865000,6.913000
171,16,2,6.968800,6.867000,6.977000,7.003000,6.952000,7.045000
171,17,2,6.808400,6.856000,6.805000,6.848000,6.946000,6.587000
171,18,2,6.609400,6.621000,6.594000,6.635000,6.668000,6.529000
171,19,2,6.911000,6.996000,6.836000,6.847000,7.015000,6.861000
172,0,2,6.958000,6.950000,7.117000,6.901000,6.793000,7.029000
172,1,2,6.976600,7.101000,7.058000,6.915000,6.860000,6.949000
172,2,2,6.983200,6.993000,6.992000,6.952000,6.925000,7.054000
172,3,2,6.894600,7.032000,7.046000,6.937000,6.766000,6.692000
172,4,2,6.993800,7.068000,7.086000,7.075000,6.776000,6.964000
172,5,2,6.887000,6.915000,6.901000,6.861000,6.782000,6.976000
172,6,2,6.964800,6.962000,6.949000,6.899000,6.944000,7.070000
172,7,2,6.911400,6.929000,6.989000,6.882000,6.727000,7.030000
172,8,2,6.862600,7.096000,6.855000,6.502000,6.853000,7.007000
172,9,2,6.869000,6.820000,7.008000,6.754000,6.772000,6.991000
172,10,2,6.950200,7.054000,7.063000,6.913000,6.791000,6.930000
172,11,2,7.216000,7.316000,7.294000,7.211000,6.905000,7.354000
172,12,2,6.783000,7.110000,6.601000,7.048000,6.884000,6.272000
172,13,2,6.970000,6.967000,7.051000,6.948000,6.840000,7.044000
172,14,2,6.954200,6.982000,7.148000,6.896000,6.722000,7.023000
172,15,2,6.826400,6.843000,6.909000,6.848000,6.689000,6.843000
172,16,2,6.542600,6.633000,6.528000,6.560000,6.390000,6.602000
172,17,2,7.069200,7.068000,7.173000,7.065000,6.954000,7.086000
172,18,2,6.647400,6.759000,6.659000,6.683000,6.551000,6.585000
172,19,2,6.978200,7.072000,6.989000,7.026000,6.861000,6.943000
173,0,2,6.882000,6.790000,6.942000,6.992000,6.929000,6.757000
173,1,2,6.962600,6.903000,7.152000,6.918000,7.060000,6.780000
173,2,2,7.185600,7.187000,7.308000,7.086000,7.249000,7.098000
173,3,2,7.059400,7.083000,7.039000,7.053000,7.169000,6.953000
173,4,2,6.555400,6.539000,6.545000,6.569000,6.706000,6.418000
173,5,2,6.725400,6.661000,6.902000,6.741000,6.719000,6.604000
173,6,2,6.958800,6.942000,6.909000,7.022000,6.993000,6.928000
173,7,2,6.773800,6.732000,6.804000,6.903000,6.872000,6.558000
173,8,2,7.057800,7.051000,7.160000,7.056000,7.113000,6.909000
173,9,2,6.725800,6.733000,6.910000,6.673000,6.726000,6.587000
173,10,2,7.134800,7.056000,7.189000,7.192000,7.257000,6.980000
173,11,2,6.739200,6.664000,6.904000,6.774000,6.789000,6.565000
173,12,2,6.975800,6.950000,6.976000,6.998000,7.051000,6.904000
173,13,2,6.946400,6.923000,7.042000,6.965000,6.970000,6.832000
173,14,2,6.982200,6.948000,7.116000,7.040000,7.100000,6.707000
173,15,2,6.972200,6.916000,7.026000,7.041000,7.046000,6.832000
173,16,2,6.880600,6.818000,6.872000,6.998000,6.936000,6.779000
173,17,2,7.046800,6.994000,7.135000,7.072000,7.080000,6.953000
173,18,2,6.620400,6.673000,6.717000,6.606000,6.585000,6.521000
173,19,2,7.093000,7.085000,7.063000,7.085000,7.256000,6.976000
174,0,2,6.999200,7.052000,7.038000,6.935000,7.078000,6.893000
174,1,2,7.150800,7.167000,7.161000,7.203000,7.157000,7.066000
174,2,2,7.096000,7.186000,7.149000,7.032000,7.043000,7.070000
174,3,2,6.926800,7.024000,6.933000,6.769000,6.949000,6.959000
174,4,2,7.030200,7.074000,7.056000,7.060000,6.980000,6.981000
174,5,2,7.013200,7.103000,7.008000,6.995000,6.908000,7.052000
174,6,2,6.892800,6.957000,6.853000,6.875000,6.953000,6.826000
174,7,2,7.049200,7.064000,7.093000,7.005000,7.017000,7.067000
174,8,2,6.959200,7.049000,7.041000,6.887000,6.812000,7.007000
174,9,2,7.080200,7.187000,7.112000,6.983000,7.060000,7.059000
174,10,2,6.890200,6.984000,6.972000,6.793000,6.883000,6.819000
174,11,2,7.112200,7.130000,7.101000,7.115000,7.148000,7.067000
174,12,2,6.892000,7.083000,6.889000,6.789000,6.863000,6.836000
174,13,2,7.013800,7.218000,7.138000,7.129000,7.107000,6.477000
174,14,2,7.123400,7.147000,7.147000,7.112000,7.194000,7.017000
174,15,2,7.115000,7.173000,7.167000,7.114000,7.025000,7.096000
174,16,2,7.053800,7.166000,6.996000,7.057000,6.999000,7.051000
174,17,2,6.641000,6.691000,6.650000,6.689000,6.464000,6.711000
174,18,2,6.928800,7.038000,6.934000,6.853000,6.947000,6.872000
174,19,2,6.900800,7.061000,6.847000,6.905000,6.809000,6.882000
175,0,2,7.128400,7.257000,7.131000,7.197000,6.884000,7.173000
175,1,2,7.053800,7.162000,7.106000,7.213000,6.764000,7.024000
175,2,2,7.149800,7.246000,7.095000,7.229000,7.073000,7.106000
175,3,2,7.028800,7.111000,7.017000,7.159000,6.851000,7.006000
175,4,2,7.153800,7.278000,7.070000,7.261000,6.969000,7.191000
175,5,2,6.888200,6.840000,6.846000,7.056000,6.776000,6.923000
175,6,2,6.989200,7.072000,7.047000,7.208000,6.614000,7.005000
175,7,2,6.765400,6.629000,6.840000,6.894000,6.668000,6.796000
175,8,2,7.215000,7.273000,7.305000,7.239000,6.982000,7.276000
175,9,2,7.069400,7.320000,7.161000,7.328000,6.691000,6.847000
175,10,2,6.692600,6.813000,6.775000,6.684000,6.517000,6.674000
175,11,2,7.039200,7.146000,7.060000,7.080000,6.814000,7.096000
175,12,2,7.080600,7.281000,7.077000,7.099000,6.925000,7.021000
175,13,2,7.002000,7.058000,7.005000,7.220000,6.875000,6.852000
175,14,2,7.139000,7.270000,7.251000,7.279000,7.036000,6.859000
175,15,2,6.972600,7.058000,6.867000,7.025000,6.848000,7.065000
175,16,2,7.166800,7.469000,7.348000,7.429000,6.387000,7.201000
175,17,2,7.141600,7.227000,7.137000,7.255000,6.967000,7.122000
175,18,2,6.980000,7.138000,6.975000,7.037000,6.728000,7.022000
175,19,2,7.014400,7.176000,6.962000,7.092000,6.830000,7.012000
176,0,2,7.025000,7.002000,7.263000,7.107000,7.124000,6.629000
176,1,2,6.797600,6.721000,6.893000,6.688000,6.881000,6.805000
176,2,2,6.769400,6.777000,6.849000,6.575000,6.878000,6.768000
176,3,2,6.755800,6.826000,6.788000,6.609000,6.732000,6.824000
176,4,2,6.916800,6.995000,7.105000,6.860000,6.819000,6.805000
176,5,2,6.920000,6.930000,6.911000,6.838000,6.892000,7.029000
176,6,2,6.724400,6.774000,6.776000,6.623000,6.759000,6.690000
176,7,2,6.891200,6.792000,6.961000,6.828000,6.963000,6.912000
176,8,2,7.035000,7.031000,7.180000,6.951000,7.019000,6.994000
176,9,2,6.971400,6.855000,7.045000,6.995000,6.993000,6.969000
176,10,2,6.938000,6.860000,7.049000,6.835000,6.985000,6.961000
176,11,2,7.063400,7.082000,7.104000,7.054000,7.097000,6.980000
176,12,2,6.892800,6.903000,6.922000,6.892000,6.912000,6.835000
176,13,2,6.958000,6.939000,7.129000,6.956000,6.899000,6.867000
176,14,2,7.065400,7.027000,7.202000,6.963000,7.072000,7.063000
176,15,2,6.943200,6.949000,7.124000,6.851000,6.889000,6.903000
176,16,2,6.988200,6.993000,7.059000,6.985000,7.001000,6.903000
176,17,2,6.794600,6.845000,6.815000,6.658000,6.851000,6.804000
176,18,2,6.920400,6.854000,6.930000,6.854000,6.963000,7.001000
176,19,2,7.122000,7.041000,7.217000,7.098000,7.178000,7.076000
177,0,2,7.156000,7.040000,7.228000,7.165000,7.173000,7.174000
177,1,2,7.086800,6.897000,7.165000,7.225000,7.018000,7.129000
177,2,2,7.107200,7.043000,6.990000,7.267000,7.200000,7.036000
177,3,2,7.077400,6.915000,6.944000,7.202000,7.138000,7.188000
177,4,2,7.203400,7.083000,7.248000,7.312000,7.125000,7.249000
177,5,2,7.009000,6.861000,7.124000,7.031000,7.047000,6.982000
177,6,2,7.002200,6.850000,7.054000,7.126000,6.953000,7.028000
177,7,2,7.144600,7.016000,7.243000,7.263000,7.032000,7.169000
177,8,2,6.870800,6.633000,6.941000,7.013000,6.832000,6.935000
177,9,2,7.007600,6.880000,6.993000,7.129000,7.092000,6.944000
177,10,2,7.198800,7.205000,7.055000,7.247000,7.251000,7.236000
177,11,2,7.087600,6.989000,7.020000,7.146000,7.099000,7.184000
177,12,2,7.097400,6.974000,7.180000,7.127000,7.095000,7.111000
177,13,2,7.049600,6.884000,7.065000,7.201000,6.943000,7.155000
177,14,2,6.835400,6.649000,6.944000,6.909000,6.851000,6.824000
177,15,2,6.850000,6.672000,6.897000,6.971000,6.770000,6.940000
177,16,2,6.967200,6.648000,7.049000,7.104000,6.969000,7.066000
177,17,2,7.103600,6.991000,7.178000,7.180000,7.015000,7.154000
177,18,2,7.142800,7.044000,7.105000,7.333000,7.018000,7.214000
177,19,2,7.234200,7.043000,7.285000,7.322000,7.259000,7.262000
178,0,2,7.092000,7.164000,7.170000,7.058000,7.041000,7.027000
178,1,2,6.539600,6.519000,6.703000,6.557000,6.361000,6.558000
178,2,2,7.007800,6.935000,7.178000,6.903000,6.962000,7.061000
178,3,2,7.068400,7.072000,7.065000,7.118000,7.009000,7.078000
178,4,2,6.835000,6.864000,6.950000,6.894000,6.644000,6.823000
178,5,2,7.169800,7.229000,6.858000,7.159000,7.327000,7.276000
178,6,2,6.926000,6.895000,6.976000,6.866000,6.883000,7.010000
178,7,2,7.251800,7.297000,7.211000,7.282000,7.145000,7.324000
178,8,2,6.960600,6.951000,7.062000,6.877000,6.890000,7.023000
178,9,2,7.157000,7.120000,7.120000,7.149000,7.172000,7.224000
178,10,2,6.759600,6.881000,6.822000,6.640000,6.754000,6.701000
178,11,2,7.066800,7.127000,7.200000,7.014000,6.998000,6.995000
178,12,2,7.006000,7.068000,6.992000,6.979000,6.958000,7.033000
178,13,2,7.039600,7.092000,7.030000,6.945000,7.023000,7.108000
178,14,2,7.114200,7.096000,7.245000,7.065000,7.110000,7.055000
178,15,2,7.237000,7.390000,7.256000,7.106000,7.275000,7.158000
178,16,2,7.082800,7.173000,7.101000,7.042000,7.022000,7.076000
178,17,2,7.136000,7.259000,6.583000,7.303000,7.311000,7.224000
178,18,2,6.952200,7.152000,6.427000,6.939000,7.163000,7.080000
178,19,2,6.971400,7.052000,7.061000,6.858000,6.909000,6.977000
179,0,2,6.978200,6.907000,6.884000,6.896000,7.001000,7.203000
179,1,2,7.060600,7.023000,7.023000,7.032000,7.131000,7.094000
179,2,2,7.185000,7.204000,7.090000,7.188000,7.099000,7.344000
179,3,2,7.069400,6.991000,6.858000,7.146000,7.085000,7.267000
179,4,2,6.925800,6.783000,6.888000,6.809000,7.002000,7.147000
179,5,2,6.651800,6.484000,6.659000,6.557000,6.779000,6.780000
179,6,2,7.092400,6.965000,6.999000,7.054000,7.197000,7.247000
179,7,2,7.014000,6.916000,6.867000,6.999000,7.128000,7.160000
179,8,2,6.775000,6.544000,6.782000,6.835000,6.784000,6.930000
179,9,2,7.011000,6.877000,6.960000,6.861000,7.165000,7.192000
179,10,2,6.969200,6.933000,6.906000,6.908000,6.981000,7.118000
179,11,2,7.003000,6.797000,6.990000,6.988000,7.114000,7.126000
179,12,2,6.864800,6.698000,6.895000,6.801000,6.958000,6.972000
179,13,2,6.987400,6.843000,6.949000,6.930000,7.081000,7.134000
179,14,2,7.003400,6.899000,6.980000,6.961000,7.048000,7.129000
179,15,2,6.986000,6.908000,6.900000,6.900000,7.041000,7.181000
179,16,2,6.817800,6.696000,6.684000,6.866000,6.925000,6.918000
179,17,2,7.010200,6.897000,6.850000,7.051000,7.087000,7.166000
179,18,2,7.090600,7.021000,6.987000,7.205000,7.199000,7.041000
179,19,2,7.021800,6.988000,6.989000,6.956000,7.130000,7.046000
180,0,0,4.958200,5.110000,5.206000,4.860000,4.791000,4.824000
180,1,0,5.102600,5.149000,5.142000,4.955000,5.112000,5.155000
180,2,0,4.931400,4.960000,5.175000,4.741000,5.057000,4.724000
180,3,0,5.004800,5.024000,5.170000,4.906000,5.082000,4.842000
180,4,0,4.954600,4.952000,5.028000,4.888000,4.994000,4.911000
180,5,0,4.962600,4.997000,5.017000,4.952000,5.050000,4.797000
180,6,0,5.058200,5.019000,5.240000,4.962000,5.106000,4.964000
180,7,0,4.817000,4.871000,4.954000,4.787000,4.861000,4.612000
180,8,0,4.992200,5.020000,5.060000,4.838000,5.059000,4.984000
180,9,0,4.861000,4.846000,4.968000,4.833000,4.848000,4.810000
180,10,0,4.909600,4.910000,4.993000,4.866000,4.907000,4.872000
180,11,0,4.917600,4.886000,5.050000,4.732000,4.966000,4.954000
180,12,0,4.909600,4.976000,5.030000,4.778000,4.802000,4.962000
180,13,0,5.010200,5.032000,5.156000,4.858000,4.982000,5.023000
180,14,0,4.994400,4.966000,5.087000,4.934000,5.046000,4.939000
180,15,0,4.882200,4.990000,5.030000,4.638000,4.918000,4.835000
180,16,0,4.754200,4.754000,4.894000,4.598000,4.759000,4.766000
180,17,0,5.017000,5.033000,5.134000,4.985000,5.004000,4.929000
180,18,0,5.086600,5.196000,5.328000,4.978000,4.925000,5.006000
180,19,0,4.866200,4.880000,5.033000,4.729000,4.955000,4.734000
180,20,1,4.928200,4.923000,5.067000,4.873000,4.945000,4.833000
180,21,1,4.847800,4.955000,4.958000,4.731000,4.882000,4.713000
180,22,1,4.770000,4.799000,4.803000,4.728000,4.804000,4.716000
180,23,1,4.873800,5.035000,4.988000,4.840000,4.861000,4.645000
180,24,1,4.870200,4.923000,4.970000,4.817000,4.809000,4.832000
180,25,1,4.931800,4.977000,5.036000,4.811000,5.011000,4.824000
180,26,1,5.039000,5.111000,5.213000,4.928000,5.002000,4.941000
180,27,1,4.866000,4.846000,5.038000,4.722000,4.899000,4.825000
180,28,1,4.954000,4.927000,5.162000,4.878000,4.910000,4.893000
180,29,1,4.910800,4.901000,5.019000,4.892000,4.860000,4.882000
180,30,1,4.846400,4.977000,5.073000,4.731000,4.726000,4.725000
180,31,1,4.881000,5.019000,5.030000,4.816000,4.877000,4.663000
180,32,1,4.938400,5.060000,4.932000,4.810000,4.984000,4.906000
180,33,1,4.869400,4.822000,5.050000,4.840000,4.828000,4.807000
180,34,1,4.699800,4.780000,4.773000,4.611000,4.771000,4.564000
180,35,1,4.714600,4.832000,4.802000,4.660000,4.745000,4.534000
180,36,1,4.915200,4.901000,5.090000,4.850000,4.986000,4.749000
180,37,1,4.674600,4.664000,4.784000,4.693000,4.732000,4.500000
180,38,1,4.665600,4.819000,4.752000,4.576000,4.690000,4.491000
180,39,1,4.742200,4.715000,4.936000,4.624000,4.824000,4.612000
180,40,2,6.889400,7.046000,6.967000,6.788000,6.968000,6.678000
180,41,2,7.152600,6.835000,7.291000,7.176000,7.264000,7.197000
180,42,2,7.107800,7.267000,7.152000,7.055000,7.079000,6.986000
180,43,2,6.958200,6.980000,7.042000,6.971000,6.958000,6.840000
180,44,2,7.135400,7.187000,7.172000,7.042000,7.192000,7.084000
180,45,2,7.139200,7.074000,7.221000,7.155000,7.171000,7.075000
180,46,2,6.827000,6.923000,6.825000,6.850000,6.707000,6.830000
180,47,2,7.110800,7.035000,7.245000,7.086000,7.210000,6.978000
180,48,2,7.033200,7.097000,6.661000,7.201000,7.172000,7.035000
180,49,2,6.852800,6.901000,7.023000,6.835000,6.792000,6.713000
180,50,2,6.960200,7.092000,7.004000,7.022000,6.912000,6.771000
180,51,2,7.042200,7.123000,6.985000,7.075000,7.115000,6.913000
180,52,2,7.023200,7.107000,7.107000,6.976000,7.014000,6.912000
180,53,2,7.008200,7.084000,7.083000,7.006000,7.032000,6.836000
180,54,2,7.148400,7.147000,7.153000,7.127000,7.239000,7.076000
180,55,2,7.054600,7.129000,7.281000,6.964000,6.921000,6.978000
180,56,2,7.181400,7.226000,7.236000,7.164000,7.207000,7.074000
180,57,2,6.921000,7.003000,6.890000,6.944000,6.935000,6.833000
180,58,2,6.673800,6.668000,6.758000,6.628000,6.832000,6.483000
180,59,2,6.967000,7.044000,6.920000,6.943000,6.979000,6.949000
180,60,3,4.467200,4.651000,4.503000,4.431000,4.356000,4.395000
180,61,3,4.606000,4.603000,4.713000,4.523000,4.537000,4.654000
180,62,3,4.509000,4.609000,4.674000,4.431000,4.469000,4.362000
180,63,3,4.310400,4.347000,4.509000,4.143000,4.310000,4.243000
180,64,3,4.458200,4.490000,4.552000,4.478000,4.411000,4.360000
180,65,3,4.326000,4.504000,4.310000,4.274000,4.319000,4.223000
180,66,3,4.392600,4.402000,4.547000,4.394000,4.320000,4.300000
180,67,3,4.358000,4.496000,4.420000,4.219000,4.350000,4.305000
180,68,3,4.270200,4.265000,4.372000,4.138000,4.185000,4.391000
180,69,3,4.565200,4.639000,4.719000,4.444000,4.511000,4.513000
180,70,3,4.379600,4.478000,4.387000,4.425000,4.324000,4.284000
180,71,3,4.510200,4.645000,4.544000,4.447000,4.452000,4.463000
180,72,3,4.490200,4.625000,4.538000,4.314000,4.462000,4.512000
180,73,3,4.503000,4.593000,4.617000,4.501000,4.291000,4.513000
180,74,3,4.407000,4.578000,4.505000,4.329000,4.293000,4.330000
180,75,3,4.174200,4.406000,4.312000,4.074000,4.113000,3.966000
180,76,3,4.346800,4.415000,4.500000,4.234000,4.300000,4.285000
180,77,3,4.602800,4.535000,4.601000,4.676000,4.576000,4.626000
180,78,3,4.323200,4.276000,4.434000,4.387000,4.322000,4.197000
180,79,3,4.429800,4.470000,4.573000,4.425000,4.386000,4.295000
180,80,4,4.875600,4.763000,4.969000,4.784000,4.905000,4.957000
180,81,4,4.880800,4.919000,5.042000,4.758000,4.871000,4.814000
180,82,4,4.657800,4.666000,4.820000,4.586000,4.679000,4.538000
180,83,4,4.908800,4.824000,5.105000,4.782000,5.006000,4.827000
180,84,4,4.730200,4.677000,4.948000,4.589000,4.714000,4.723000
180,85,4,4.661600,4.611000,4.781000,4.554000,4.678000,4.684000
180,86,4,4.901200,5.156000,5.028000,4.644000,4.830000,4.848000
180,87,4,4.963200,5.012000,5.046000,4.904000,4.990000,4.864000
180,88,4,4.754600,4.873000,4.888000,4.642000,4.737000,4.633000
180,89,4,4.787200,4.775000,4.970000,4.718000,4.758000,4.715000
180,90,4,4.863600,4.811000,4.918000,4.822000,4.898000,4.869000
180,91,4,4.814600,4.831000,4.939000,4.734000,4.818000,4.751000
180,92,4,4.848800,4.748000,4.957000,4.719000,4.882000,4.938000
180,93,4,4.893000,4.843000,5.024000,4.836000,4.790000,4.972000
180,94,4,4.705400,4.693000,4.945000,4.741000,4.689000,4.459000
180,95,4,4.665200,4.643000,4.692000,4.713000,4.599000,4.679000
180,96,4,4.808200,4.754000,4.860000,4.805000,4.764000,4.858000
180,97,4,4.854200,4.954000,4.966000,4.791000,4.811000,4.749000
180,98,4,4.680600,4.675000,4.789000,4.545000,4.803000,4.591000
180,99,4,4.682400,4.624000,4.797000,4.709000,4.608000,4.674000
181,0,2,7.057000,7.099000,7.062000,7.058000,7.112000,6.954000
181,1,2,7.157600,7.044000,7.237000,7.168000,7.117000,7.222000
181,2,2,7.067800,6.983000,7.002000,7.153000,7.098000,7.103000
181,3,2,6.890800,6.817000,6.817000,6.918000,6.930000,6.972000
181,4,2,7.115000,7.025000,7.099000,7.128000,7.103000,7.220000
181,5,2,7.124600,7.057000,7.136000,7.175000,7.096000,7.159000
181,6,2,7.008400,6.936000,7.039000,7.144000,6.998000,6.925000
181,7,2,7.234200,7.208000,7.223000,7.370000,7.267000,7.103000
181,8,2,7.141800,7.068000,7.151000,7.305000,7.069000,7.116000
181,9,2,7.058000,6.958000,7.076000,7.131000,7.018000,7.107000
181,10,2,6.664600,6.593000,6.761000,6.673000,6.616000,6.680000
181,11,2,7.070600,7.076000,7.142000,7.009000,7.001000,7.125000
181,12,2,6.806400,6.722000,6.822000,6.938000,6.761000,6.789000
181,13,2,7.026600,6.942000,6.950000,7.134000,7.033000,7.074000
181,14,2,7.008800,6.950000,7.048000,7.092000,7.003000,6.951000
181,15,2,7.044800,7.138000,7.143000,6.735000,7.139000,7.069000
181,16,2,6.981200,7.198000,6.970000,6.491000,7.192000,7.055000
181,17,2,7.103800,7.069000,7.106000,7.121000,7.183000,7.040000
181,18,2,7.101600,7.090000,7.130000,7.176000,7.148000,6.964000
181,19,2,7.064400,7.107000,7.070000,7.133000,6.984000,7.028000
182,0,2,7.043000,6.887000,6.917000,7.362000,7.079000,6.970000
182,1,2,6.926800,6.845000,6.825000,7.114000,6.931000,6.919000
182,2,2,6.962200,6.704000,7.064000,6.644000,7.191000,7.208000
182,3,2,6.989800,6.827000,6.820000,7.232000,7.082000,6.988000
182,4,2,7.035200,6.952000,6.940000,6.978000,7.084000,7.222000
182,5,2,7.084600,6.894000,7.019000,7.238000,7.092000,7.180000
182,6,2,6.935200,6.750000,6.804000,7.219000,6.812000,7.091000
182,7,2,7.029400,6.845000,6.895000,7.184000,7.078000,7.145000
182,8,2,6.851200,6.724000,6.684000,7.065000,6.924000,6.859000
182,9,2,7.172600,7.069000,7.278000,7.330000,6.790000,7.396000
182,10,2,7.192800,7.090000,7.143000,7.167000,7.266000,7.298000
182,11,2,7.143800,7.159000,7.067000,7.285000,7.043000,7.165000
182,12,2,7.193400,7.150000,7.128000,7.296000,7.225000,7.168000
182,13,2,6.986000,7.119000,6.792000,6.823000,7.018000,7.178000
182,14,2,6.955600,6.789000,6.795000,7.134000,7.093000,6.967000
182,15,2,6.994000,6.858000,6.802000,7.251000,6.991000,7.068000
182,16,2,7.059600,6.997000,6.819000,7.230000,7.007000,7.245000
182,17,2,7.036000,6.873000,6.870000,7.249000,7.088000,7.100000
182,18,2,6.944400,7.169000,6.700000,7.428000,6.650000,6.775000
182,19,2,7.180600,7.121000,7.020000,7.311000,7.192000,7.259000
183,0,2,6.945200,6.996000,7.013000,7.024000,6.677000,7.016000
183,1,2,7.079200,7.086000,7.097000,7.083000,7.126000,7.004000
183,2,2,7.132800,7.077000,7.209000,7.181000,7.123000,7.074000
183,3,2,7.071800,7.074000,6.997000,7.067000,7.149000,7.072000
183,4,2,7.013800,7.057000,6.943000,7.012000,7.059000,6.998000
183,5,2,7.136200,7.171000,7.155000,7.121000,7.164000,7.070000
183,6,2,6.981400,7.010000,6.991000,6.948000,6.937000,7.021000
183,7,2,7.025400,6.883000,7.035000,6.970000,7.152000,7.087000
183,8,2,7.133000,7.108000,7.154000,7.070000,7.197000,7.136000
183,9,2,7.048200,7.027000,7.101000,7.159000,6.891000,7.063000
183,10,2,7.133600,7.153000,7.068000,7.125000,7.202000,7.120000
183,11,2,7.131000,7.122000,7.115000,7.179000,7.203000,7.036000
183,12,2,7.132200,7.083000,7.077000,7.099000,7.297000,7.105000
183,13,2,7.125000,7.125000,7.116000,7.118000,7.149000,7.117000
183,14,2,7.043000,7.093000,7.090000,6.992000,7.044000,6.996000
183,15,2,6.821200,6.773000,6.886000,6.742000,6.940000,6.765000
183,16,2,7.049800,7.039000,7.075000,6.956000,7.081000,7.098000
183,17,2,7.070800,6.879000,7.109000,7.093000,7.177000,7.096000
183,18,2,7.017200,6.981000,7.052000,7.032000,6.922000,7.099000
183,19,2,7.022200,6.943000,6.971000,7.013000,7.163000,7.021000
184,0,2,7.060800,7.145000,7.187000,7.175000,7.010000,6.787000
184,1,2,6.971400,7.108000,6.996000,6.938000,6.901000,6.914000
184,2,2,7.022800,7.002000,7.006000,7.042000,6.990000,7.074000
184,3,2,7.003800,7.012000,7.106000,6.994000,7.006000,6.901000
184,4,2,7.062400,7.076000,7.038000,7.188000,7.092000,6.918000
184,5,2,7.042600,7.064000,6.934000,7.111000,7.090000,7.014000
184,6,2,6.797800,6.764000,6.805000,6.792000,6.780000,6.848000
184,7,2,6.958200,7.035000,6.928000,7.036000,6.902000,6.890000
184,8,2,6.944000,6.925000,6.913000,7.027000,6.929000,6.926000
184,9,2,6.779800,6.873000,6.844000,6.776000,6.755000,6.651000
184,10,2,6.797800,6.631000,6.919000,6.945000,6.712000,6.782000
184,11,2,6.987000,7.016000,7.094000,7.067000,6.841000,6.917000
184,12,2,6.970400,7.006000,6.941000,7.001000,6.962000,6.942000
184,13,2,6.766600,6.799000,6.667000,6.787000,6.690000,6.890000
184,14,2,6.740600,6.937000,6.910000,7.067000,6.891000,5.898000
184,15,2,7.074800,7.101000,7.172000,7.056000,6.997000,7.048000
184,16,2,6.882800,6.940000,7.033000,6.942000,6.963000,6.536000
184,17,2,6.993400,6.991000,7.047000,7.030000,6.977000,6.922000
184,18,2,7.090200,7.047000,7.059000,7.119000,7.073000,7.153000
184,19,2,6.894600,6.877000,6.914000,6.995000,6.846000,6.841000
185,0,2,7.061600,6.841000,7.127000,7.146000,7.193000,7.001000
185,1,2,7.045400,6.851000,7.085000,7.149000,7.272000,6.870000
185,2,2,6.629000,6.461000,6.761000,6.595000,6.863000,6.465000
185,3,2,7.177000,7.011000,7.207000,7.215000,7.339000,7.113000
185,4,2,6.965000,6.816000,6.994000,7.045000,7.095000,6.875000
185,5,2,7.113400,6.986000,7.112000,7.201000,7.319000,6.949000
185,6,2,6.923600,6.666000,6.980000,7.039000,7.137000,6.796000
185,7,2,7.074200,6.908000,7.173000,7.167000,7.251000,6.872000
185,8,2,6.912000,6.756000,6.938000,7.004000,7.090000,6.772000
185,9,2,6.932000,6.794000,7.028000,6.977000,7.010000,6.851000
185,10,2,6.851000,6.678000,6.901000,6.926000,7.107000,6.643000
185,11,2,7.048000,6.869000,7.027000,7.109000,7.289000,6.946000
185,12,2,6.860800,6.702000,6.879000,7.013000,7.007000,6.703000
185,13,2,6.714600,6.566000,6.792000,6.722000,6.917000,6.576000
185,14,2,6.816400,6.589000,6.913000,7.024000,7.017000,6.539000
185,15,2,7.040800,6.880000,7.069000,7.191000,7.254000,6.810000
185,16,2,7.185800,7.062000,7.253000,7.315000,7.252000,7.047000
185,17,2,6.814400,6.582000,6.917000,6.910000,7.051000,6.612000
185,18,2,6.981000,6.720000,7.107000,7.105000,7.101000,6.872000
185,19,2,6.913200,6.666000,6.981000,7.045000,7.095000,6.779000
186,0,2,6.967000,6.977000,6.826000,6.949000,7.090000,6.993000
186,1,2,6.973800,6.978000,6.894000,6.944000,7.154000,6.899000
186,2,2,7.103400,7.104000,7.073000,6.987000,7.223000,7.130000
186,3,2,6.949800,6.943000,6.839000,7.003000,7.123000,6.841000
186,4,2,6.928400,6.938000,6.857000,6.898000,7.104000,6.845000
186,5,2,7.063200,7.052000,6.945000,7.109000,7.202000,7.008000
186,6,2,6.364200,6.302000,6.363000,6.267000,6.550000,6.339000
186,7,2,7.067400,7.063000,6.999000,7.066000,7.223000,6.986000
186,8,2,7.038800,7.017000,7.084000,7.047000,6.941000,7.105000
186,9,2,6.958400,6.946000,6.824000,6.931000,7.138000,6.953000
186,10,2,7.023200,7.290000,7.094000,7.251000,6.953000,6.528000
186,11,2,7.074600,7.032000,6.974000,7.139000,7.264000,6.964000
186,12,2,7.122200,7.192000,6.994000,7.160000,7.278000,6.987000
186,13,2,6.977600,7.016000,6.828000,6.991000,7.122000,6.931000
186,14,2,7.032600,7.043000,6.937000,7.050000,7.138000,6.995000
186,15,2,7.046200,7.006000,6.948000,7.074000,7.142000,7.061000
186,16,2,6.558800,6.509000,6.411000,6.540000,6.728000,6.606000
186,17,2,7.006800,7.039000,6.971000,6.924000,7.125000,6.975000
186,18,2,7.043000,7.098000,6.840000,7.021000,7.161000,7.095000
186,19,2,6.933600,6.965000,6.854000,6.990000,7.060000,6.799000
187,0,2,6.733200,6.698000,6.697000,6.790000,6.835000,6.646000
187,1,2,7.060800,7.061000,7.024000,7.099000,7.115000,7.005000
187,2,2,7.046200,7.135000,7.025000,6.776000,7.240000,7.055000
187,3,2,6.782400,6.778000,6.688000,6.881000,6.935000,6.630000
187,4,2,6.989800,7.034000,6.932000,6.966000,7.135000,6.882000
187,5,2,6.853600,6.837000,6.802000,6.849000,6.989000,6.791000
187,6,2,7.033600,6.984000,6.934000,7.025000,7.216000,7.009000
187,7,2,7.168000,7.217000,7.148000,7.112000,7.150000,7.213000
187,8,2,6.997800,7.093000,6.943000,6.869000,7.100000,6.984000
187,9,2,6.794800,6.825000,6.814000,6.741000,6.929000,6.665000
187,10,2,6.990600,7.022000,6.886000,7.063000,7.097000,6.885000
187,11,2,6.840200,6.716000,6.926000,6.775000,7.034000,6.750000
187,12,2,6.914000,6.854000,7.045000,6.763000,7.015000,6.893000
187,13,2,6.879000,6.768000,6.887000,6.809000,7.037000,6.894000
187,14,2,6.972600,7.001000,6.974000,6.978000,7.006000,6.904000
187,15,2,6.847800,6.807000,6.867000,6.857000,6.881000,6.827000
187,16,2,6.491600,6.474000,6.433000,6.490000,6.593000,6.468000
187,17,2,6.993200,7.072000,7.012000,7.005000,6.851000,7.026000
187,18,2,6.968200,7.010000,6.941000,6.930000,6.946000,7.014000
187,19,2,7.112000,7.068000,7.131000,7.119000,7.205000,7.037000
188,0,2,6.891600,6.791000,6.888000,6.950000,6.827000,7.002000
188,1,2,7.053800,6.943000,7.085000,7.099000,6.899000,7.243000
188,2,2,7.059600,7.037000,7.000000,7.109000,6.974000,7.178000
188,3,2,6.921600,6.670000,7.064000,7.036000,6.751000,7.087000
188,4,2,6.880800,6.801000,6.930000,6.916000,6.820000,6.937000
188,5,2,6.934200,6.676000,6.887000,7.254000,6.630000,7.224000
188,6,2,7.067400,6.983000,7.137000,7.084000,7.016000,7.117000
188,7,2,6.996800,6.800000,7.056000,7.141000,6.900000,7.087000
188,8,2,6.994800,6.917000,6.998000,7.121000,6.910000,7.028000
188,9,2,7.027200,7.050000,7.007000,7.080000,6.936000,7.063000
188,10,2,6.953200,6.760000,7.015000,6.983000,6.925000,7.083000
188,11,2,7.040600,7.052000,6.985000,7.110000,6.849000,7.207000
188,12,2,7.010200,7.032000,7.000000,7.099000,6.941000,6.979000
188,13,2,7.088400,6.969000,7.098000,7.143000,7.039000,7.193000
188,14,2,7.039800,6.682000,7.102000,7.172000,6.915000,7.328000
188,15,2,7.142800,7.043000,7.223000,7.138000,7.098000,7.212000
188,16,2,7.003200,6.977000,7.004000,7.001000,6.989000,7.045000
188,17,2,6.822400,6.796000,6.781000,6.885000,6.663000,6.987000
188,18,2,6.992400,6.916000,6.968000,7.132000,6.905000,7.041000
188,19,2,7.089200,6.951000,7.186000,7.204000,6.935000,7.170000
189,0,2,6.987200,7.000000,7.028000,6.908000,7.007000,6.993000
189,1,2,6.906000,6.698000,6.984000,7.062000,7.094000,6.692000
189,2,2,6.975600,7.087000,6.913000,7.054000,6.992000,6.832000
189,3,2,6.978200,7.066000,7.002000,6.857000,6.996000,6.970000
189,4,2,6.908200,6.959000,6.889000,6.920000,6.939000,6.834000
189,5,2,7.055800,7.087000,7.080000,7.053000,7.040000,7.019000
189,6,2,7.097600,7.203000,7.073000,7.105000,6.970000,7.137000
189,7,2,6.947800,7.017000,6.962000,6.951000,6.846000,6.963000
189,8,2,7.082600,6.938000,7.125000,7.186000,7.052000,7.112000
189,9,2,7.073400,7.263000,7.216000,7.031000,6.728000,7.129000
189,10,2,6.818800,6.961000,6.788000,6.789000,6.738000,6.818000
189,11,2,7.001200,7.058000,7.097000,6.967000,7.006000,6.878000
189,12,2,7.033200,7.127000,7.023000,7.077000,7.025000,6.914000
189,13,2,6.919000,6.840000,6.533000,7.105000,7.015000,7.102000
189,14,2,6.701600,6.803000,6.839000,6.538000,6.608000,6.720000
189,15,2,6.768800,6.842000,6.833000,6.623000,6.665000,6.881000
189,16,2,7.054000,7.168000,7.110000,7.031000,6.934000,7.027000
189,17,2,6.899200,7.019000,6.788000,6.885000,6.882000,6.922000
189,18,2,6.970800,7.114000,6.945000,6.908000,6.934000,6.953000
189,19,2,7.051000,7.137000,7.088000,7.103000,6.938000,6.989000
190,0,0,5.076800,5.080000,5.084000,5.181000,4.978000,5.061000
190,1,0,5.174400,5.163000,5.180000,5.274000,5.066000,5.189000
190,2,0,4.931800,4.902000,4.925000,5.005000,4.809000,5.018000
190,3,0,4.903600,4.880000,4.929000,4.965000,4.879000,4.865000
190,4,0,4.959400,4.841000,4.993000,5.070000,4.859000,5.034000
190,5,0,5.040800,4.934000,5.124000,5.108000,5.045000,4.993000
190,6,0,5.012800,5.036000,4.999000,5.125000,4.967000,4.937000
190,7,0,4.940200,4.892000,4.934000,4.976000,5.039000,4.860000
190,8,0,5.076000,5.069000,5.131000,5.003000,5.138000,5.039000
190,9,0,5.139000,5.108000,5.135000,5.130000,5.184000,5.138000
190,10,0,5.138000,5.087000,5.030000,5.277000,5.114000,5.182000
190,11,0,4.992000,4.913000,5.003000,5.041000,4.998000,5.005000
190,12,0,4.949000,5.011000,4.979000,5.070000,4.826000,4.859000
190,13,0,4.893400,4.858000,4.879000,4.957000,4.905000,4.868000
190,14,0,4.927200,4.991000,4.857000,4.985000,4.980000,4.823000
190,15,0,5.091200,4.998000,5.071000,5.126000,5.087000,5.174000
190,16,0,5.054800,5.006000,5.107000,5.080000,5.112000,4.969000
190,17,0,4.980400,4.896000,5.017000,5.114000,4.886000,4.989000
190,18,0,4.954400,4.934000,5.079000,4.909000,4.916000,4.934000
190,19,0,5.141800,5.185000,5.129000,5.149000,5.054000,5.192000
190,20,1,4.712400,4.639000,4.733000,4.736000,4.768000,4.686000
190,21,1,4.775000,4.799000,4.827000,4.837000,4.778000,4.634000
190,22,1,4.867600,4.869000,5.000000,4.826000,4.893000,4.750000
190,23,1,4.618000,4.369000,4.749000,4.626000,4.631000,4.715000
190,24,1,4.639600,4.499000,4.732000,4.648000,4.728000,4.591000
190,25,1,4.589200,4.530000,4.640000,4.583000,4.605000,4.588000
190,26,1,4.836600,4.849000,4.878000,4.792000,4.823000,4.841000
190,27,1,4.913000,4.841000,4.966000,4.975000,4.893000,4.890000
190,28,1,4.891000,4.806000,4.750000,4.941000,4.931000,5.027000
190,29,1,4.696400,4.574000,4.813000,4.770000,4.639000,4.686000
190,30,1,4.727400,4.633000,4.873000,4.783000,4.739000,4.609000
190,31,1,4.824000,4.711000,4.924000,4.952000,4.668000,4.865000
190,32,1,4.540200,4.495000,4.663000,4.554000,4.515000,4.474000
190,33,1,4.695400,4.614000,4.679000,4.758000,4.715000,4.711000
190,34,1,4.730800,4.761000,4.714000,4.781000,4.772000,4.626000
190,35,1,4.742000,4.635000,4.796000,4.643000,4.874000,4.762000
190,36,1,4.801400,4.697000,4.817000,4.842000,4.806000,4.845000
190,37,1,4.612800,4.546000,4.676000,4.603000,4.699000,4.540000
190,38,1,4.627600,4.529000,4.649000,4.733000,4.654000,4.573000
190,39,1,4.807400,4.730000,4.823000,4.837000,4.944000,4.703000
190,40,2,7.021200,6.884000,6.965000,7.049000,7.113000,7.095000
190,41,2,6.879200,6.701000,6.992000,6.931000,6.915000,6.857000
190,42,2,6.953800,6.922000,6.987000,6.982000,6.954000,6.924000
190,43,2,7.033400,6.883000,7.026000,7.122000,7.091000,7.045000
190,44,2,7.117800,7.139000,6.999000,7.247000,7.126000,7.078000
190,45,2,6.902400,6.825000,6.948000,6.929000,6.953000,6.857000
190,46,2,6.861000,6.745000,6.964000,6.940000,6.831000,6.825000
190,47,2,6.973600,6.864000,6.977000,6.995000,7.069000,6.963000
190,48,2,7.099000,7.084000,7.095000,7.160000,7.101000,7.055000
190,49,2,7.072800,7.068000,7.117000,7.230000,7.003000,6.946000
190,50,2,6.988600,6.911000,6.901000,7.149000,6.989000,6.993000
190,51,2,6.767600,6.717000,6.844000,6.860000,6.738000,6.679000
190,52,2,7.011400,7.068000,6.946000,7.276000,7.066000,6.701000
190,53,2,7.006800,7.097000,7.192000,7.246000,6.987000,6.512000
190,54,2,6.793200,6.653000,6.917000,6.809000,6.818000,6.769000
190,55,2,6.973200,6.879000,7.103000,7.043000,6.962000,6.879000
190,56,2,7.109400,7.005000,7.208000,7.245000,7.213000,6.876000
190,57,2,7.000000,7.060000,6.970000,7.032000,7.082000,6.856000
190,58,2,6.857600,6.703000,6.820000,6.978000,6.844000,6.943000
190,59,2,7.021400,7.053000,7.126000,7.054000,7.073000,6.801000
190,60,3,4.521400,4.554000,4.543000,4.430000,4.477000,4.603000
190,61,3,4.722000,4.878000,4.758000,4.703000,4.590000,4.681000
190,62,3,4.636200,4.685000,4.642000,4.663000,4.480000,4.711000
190,63,3,4.622200,4.675000,4.647000,4.623000,4.561000,4.605000
190,64,3,4.679200,4.618000,4.701000,4.741000,4.605000,4.731000
190,65,3,4.674600,4.702000,4.663000,4.668000,4.604000,4.736000
190,66,3,4.590600,4.483000,4.744000,4.639000,4.568000,4.519000
190,67,3,4.588600,4.559000,4.585000,4.534000,4.604000,4.661000
190,68,3,4.503000,4.508000,4.585000,4.509000,4.443000,4.470000
190,69,3,4.574400,4.606000,4.560000,4.621000,4.458000,4.627000
190,70,3,4.510600,4.511000,4.514000,4.566000,4.432000,4.530000
190,71,3,4.626800,4.634000,4.705000,4.629000,4.563000,4.603000
190,72,3,4.549800,4.568000,4.564000,4.439000,4.593000,4.585000
190,73,3,4.874000,4.897000,4.994000,4.766000,4.842000,4.871000
190,74,3,4.544200,4.493000,4.780000,4.434000,4.516000,4.498000
190,75,3,4.530400,4.574000,4.526000,4.527000,4.521000,4.504000
190,76,3,4.582200,4.551000,4.739000,4.494000,4.516000,4.611000
190,77,3,4.743800,4.732000,4.850000,4.710000,4.684000,4.743000
190,78,3,4.431600,4.512000,4.467000,4.354000,4.452000,4.373000
190,79,3,4.753600,4.662000,4.870000,4.711000,4.721000,4.804000
190,80,4,5.016600,5.038000,5.146000,5.018000,5.028000,4.853000
190,81,4,5.104000,5.187000,5.186000,5.114000,5.029000,5.004000
190,82,4,4.951200,4.965000,4.918000,4.940000,4.991000,4.942000
190,83,4,4.856800,4.824000,4.975000,4.871000,4.801000,4.813000
190,84,4,4.887000,4.996000,5.019000,4.750000,4.854000,4.816000
190,85,4,5.022000,5.067000,5.123000,5.055000,4.958000,4.907000
190,86,4,4.847600,4.814000,4.891000,4.902000,4.912000,4.719000
190,87,4,5.012200,4.868000,5.168000,5.084000,4.983000,4.958000
190,88,4,5.050800,5.010000,5.135000,5.196000,4.889000,5.024000
190,89,4,5.062400,4.978000,5.086000,5.050000,5.012000,5.186000
190,90,4,4.922800,4.918000,4.966000,5.000000,4.899000,4.831000
190,91,4,4.992600,4.911000,4.996000,5.032000,4.988000,5.036000
190,92,4,5.116200,5.103000,5.241000,5.025000,5.120000,5.092000
190,93,4,4.885800,4.820000,4.972000,4.889000,4.909000,4.839000
190,94,4,4.858000,4.914000,4.867000,4.778000,4.831000,4.900000
190,95,4,4.804000,4.726000,4.839000,4.919000,4.756000,4.780000
190,96,4,4.916800,4.936000,4.915000,4.953000,4.799000,4.981000
190,97,4,5.034000,5.110000,5.012000,5.113000,4.975000,4.960000
190,98,4,4.846200,4.911000,4.841000,4.835000,4.814000,4.830000
190,99,4,4.875800,4.981000,4.842000,4.765000,4.928000,4.863000
191,0,2,6.840400,6.933000,6.650000,6.887000,6.785000,6.947000
191,1,2,7.013400,7.027000,6.933000,7.026000,6.970000,7.111000
191,2,2,6.768000,6.767000,6.518000,6.889000,6.661000,7.005000
191,3,2,6.726200,6.733000,6.566000,6.810000,6.593000,6.929000
191,4,2,7.109000,7.147000,6.982000,7.084000,7.029000,7.303000
191,5,2,6.816400,6.902000,6.687000,6.834000,6.657000,7.002000
191,6,2,6.817800,6.912000,6.721000,6.838000,6.684000,6.934000
191,7,2,7.021600,7.139000,6.975000,6.782000,6.906000,7.306000
191,8,2,6.776200,6.890000,6.490000,6.906000,6.546000,7.049000
191,9,2,6.657200,6.694000,6.532000,6.637000,6.571000,6.852000
191,10,2,7.095600,7.092000,6.995000,7.167000,7.002000,7.222000
191,11,2,6.548200,6.719000,6.303000,6.545000,6.400000,6.774000
191,12,2,7.131600,7.281000,6.929000,7.141000,6.922000,7.385000
191,13,2,6.874000,7.015000,6.749000,6.907000,6.654000,7.045000
191,14,2,6.742600,6.795000,6.509000,6.939000,6.580000,6.890000
191,15,2,7.083400,7.125000,7.026000,7.104000,7.037000,7.125000
191,16,2,7.029800,7.238000,7.045000,7.094000,6.563000,7.209000
191,17,2,6.752400,6.852000,6.589000,6.801000,6.625000,6.895000
191,18,2,6.927400,6.883000,6.822000,6.901000,6.891000,7.140000
191,19,2,6.748800,6.717000,6.729000,6.768000,6.545000,6.985000
192,0,2,7.010200,7.054000,7.212000,7.083000,6.702000,7.000000
192,1,2,6.958200,7.030000,6.989000,6.892000,6.949000,6.931000
192,2,2,6.848600,6.716000,6.958000,6.844000,6.986000,6.739000
192,3,2,7.152000,7.059000,7.312000,7.162000,7.040000,7.187000
192,4,2,6.795400,6.755000,6.822000,6.779000,6.902000,6.719000
192,5,2,7.081800,7.079000,7.100000,7.080000,7.097000,7.053000
192,6,2,7.027800,7.009000,7.142000,6.920000,7.043000,7.025000
192,7,2,7.009600,6.981000,7.088000,7.041000,6.840000,7.098000
192,8,2,7.032000,6.994000,7.063000,6.970000,7.027000,7.106000
192,9,2,6.953800,6.980000,6.919000,7.025000,6.931000,6.914000
192,10,2,6.893200,7.008000,6.878000,6.880000,6.825000,6.875000
192,11,2,6.889400,6.921000,6.848000,6.891000,6.965000,6.822000
192,12,2,7.143800,7.026000,7.246000,7.139000,7.141000,7.167000
192,13,2,6.910800,6.977000,6.978000,6.845000,6.850000,6.904000
192,14,2,6.855600,6.861000,6.927000,6.825000,6.914000,6.751000
192,15,2,6.799400,6.674000,7.064000,6.831000,6.313000,7.115000
192,16,2,6.943400,6.985000,7.049000,6.889000,6.890000,6.904000
192,17,2,7.046200,7.233000,7.084000,7.125000,6.730000,7.059000
192,18,2,7.111000,7.079000,7.194000,7.113000,7.078000,7.091000
192,19,2,6.939600,6.994000,6.980000,6.940000,6.843000,6.941000
193,0,2,6.943200,6.933000,6.850000,7.097000,6.922000,6.914000
193,1,2,7.038000,7.040000,6.923000,7.081000,7.071000,7.075000
193,2,2,6.967400,6.900000,6.965000,7.108000,6.946000,6.918000
193,3,2,7.097600,7.008000,7.101000,7.130000,7.059000,7.190000
193,4,2,6.948200,6.906000,6.889000,7.088000,6.921000,6.937000
193,5,2,6.871600,6.843000,6.798000,6.963000,6.840000,6.914000
193,6,2,7.061600,7.039000,6.864000,7.131000,7.131000,7.143000
193,7,2,7.027200,6.976000,7.040000,7.082000,6.986000,7.052000
193,8,2,6.644800,6.612000,6.710000,6.652000,6.557000,6.693000
193,9,2,6.891400,6.744000,6.886000,7.033000,6.889000,6.905000
193,10,2,7.025000,7.016000,7.021000,7.004000,7.084000,7.000000
193,11,2,7.041600,7.025000,7.032000,7.146000,6.976000,7.029000
193,12,2,6.907200,6.969000,6.948000,6.996000,6.795000,6.828000
193,13,2,6.894200,6.830000,6.832000,6.913000,6.905000,6.991000
193,14,2,7.012800,7.200000,6.614000,7.211000,7.085000,6.954000
193,15,2,6.820800,6.942000,6.703000,6.909000,6.774000,6.776000
193,16,2,7.024800,7.010000,6.929000,7.160000,7.055000,6.970000
193,17,2,7.042600,7.010000,6.913000,7.196000,7.054000,7.040000
193,18,2,7.081000,7.069000,7.006000,7.220000,7.092000,7.018000
193,19,2,7.076600,6.982000,7.028000,7.206000,7.068000,7.099000
194,0,2,7.019400,7.209000,6.930000,6.772000,7.108000,7.078000
194,1,2,7.013800,7.193000,6.826000,7.127000,6.950000,6.973000
194,2,2,7.007800,7.096000,6.915000,7.066000,7.010000,6.952000
194,3,2,6.804400,6.800000,6.703000,6.753000,6.942000,6.824000
194,4,2,6.954600,7.002000,6.850000,6.965000,7.016000,6.940000
194,5,2,7.029800,7.299000,7.080000,6.326000,7.218000,7.226000
194,6,2,7.102600,7.140000,6.983000,7.178000,7.163000,7.049000
194,7,2,7.042600,7.163000,6.970000,7.034000,7.036000,7.010000
194,8,2,6.978200,6.951000,6.891000,6.951000,7.048000,7.050000
194,9,2,6.878400,6.976000,6.770000,6.882000,6.902000,6.862000
194,10,2,6.712400,6.768000,6.763000,6.732000,6.644000,6.655000
194,11,2,7.073200,7.119000,7.095000,7.030000,7.050000,7.072000
194,12,2,6.892800,7.025000,6.698000,6.935000,6.949000,6.857000
194,13,2,7.047200,7.027000,7.080000,7.009000,7.026000,7.094000
194,14,2,7.099800,7.228000,7.085000,7.091000,7.018000,7.077000
194,15,2,7.008600,7.225000,6.841000,7.013000,7.007000,6.957000
194,16,2,7.033000,7.143000,6.911000,7.004000,7.129000,6.978000
194,17,2,6.875000,7.004000,6.664000,6.918000,6.880000,6.909000
194,18,2,7.012600,7.125000,6.971000,7.076000,6.885000,7.006000
194,19,2,7.038800,7.083000,6.928000,7.093000,7.016000,7.074000
195,0,2,7.104400,7.053000,7.257000,7.128000,6.990000,7.094000
195,1,2,6.935200,6.896000,7.099000,6.919000,6.901000,6.861000
195,2,2,7.078600,7.051000,7.147000,7.149000,6.960000,7.086000
195,3,2,7.057800,7.027000,7.207000,6.995000,6.979000,7.081000
195,4,2,7.056600,7.102000,7.167000,7.042000,6.973000,6.999000
195,5,2,7.045800,7.082000,7.075000,6.938000,7.032000,7.102000
195,6,2,6.859800,6.829000,7.100000,6.940000,6.617000,6.813000
195,7,2,6.908400,6.896000,7.061000,6.908000,6.943000,6.734000
195,8,2,6.926800,6.897000,6.915000,6.901000,6.938000,6.983000
195,9,2,6.863000,6.850000,6.900000,7.165000,6.611000,6.789000
195,10,2,7.062800,6.961000,7.202000,7.004000,7.162000,6.985000
195,11,2,7.034600,7.007000,7.080000,6.990000,7.047000,7.049000
195,12,2,6.976400,6.852000,7.130000,6.891000,7.043000,6.966000
195,13,2,7.148600,7.142000,7.269000,7.148000,7.130000,7.054000
195,14,2,7.048200,7.019000,7.226000,7.034000,7.045000,6.917000
195,15,2,6.984000,6.944000,7.051000,6.965000,7.023000,6.937000
195,16,2,7.094800,7.101000,7.262000,7.203000,6.808000,7.100000
195,17,2,7.044200,7.023000,7.152000,7.062000,6.915000,7.069000
195,18,2,7.082400,6.950000,7.195000,7.181000,7.081000,7.005000
195,19,2,6.991400,7.005000,6.965000,6.958000,7.037000,6.992000
196,0,2,6.856800,6.868000,6.719000,7.155000,6.640000,6.902000
196,1,2,6.828000,6.885000,6.787000,6.759000,6.585000,7.124000
196,2,2,6.927800,6.918000,6.994000,7.000000,6.815000,6.912000
196,3,2,6.858600,6.441000,6.929000,7.258000,6.776000,6.889000
196,4,2,7.081800,7.019000,7.155000,7.174000,6.953000,7.108000
196,5,2,7.036000,6.956000,6.948000,7.152000,7.029000,7.095000
196,6,2,6.617800,6.715000,6.530000,6.662000,6.473000,6.709000
196,7,2,6.844600,6.812000,6.859000,6.950000,6.735000,6.867000
196,8,2,6.863000,6.897000,6.952000,6.835000,6.669000,6.962000
196,9,2,7.143000,7.065000,7.141000,7.213000,7.042000,7.254000
196,10,2,7.156800,7.159000,7.229000,7.106000,7.127000,7.163000
196,11,2,7.027200,7.048000,6.994000,7.082000,6.916000,7.096000
196,12,2,7.033800,6.860000,7.135000,7.223000,6.765000,7.186000
196,13,2,7.037000,6.997000,7.103000,7.116000,6.912000,7.057000
196,14,2,7.001600,6.996000,6.954000,7.101000,6.906000,7.051000
196,15,2,7.092200,6.735000,7.387000,7.087000,7.093000,7.159000
196,16,2,6.956400,6.934000,7.021000,6.947000,6.862000,7.018000
196,17,2,7.073200,7.052000,7.130000,7.116000,7.049000,7.019000
196,18,2,6.750400,6.626000,6.781000,6.953000,6.635000,6.757000
196,19,2,6.936200,6.927000,6.867000,7.006000,6.794000,7.087000
197,0,2,6.955800,7.058000,7.056000,7.002000,6.800000,6.863000
197,1,2,7.127800,7.114000,7.141000,7.193000,7.072000,7.119000
197,2,2,7.118000,6.868000,7.200000,7.305000,7.089000,7.128000
197,3,2,7.053200,7.106000,7.105000,7.122000,6.943000,6.990000
197,4,2,7.161800,7.223000,6.859000,7.237000,7.237000,7.253000
197,5,2,6.986400,7.008000,7.024000,7.074000,6.906000,6.920000
197,6,2,7.002000,7.068000,6.863000,7.060000,7.035000,6.984000
197,7,2,7.021000,7.026000,7.018000,7.168000,6.950000,6.943000
197,8,2,7.223800,7.183000,7.225000,7.279000,7.153000,7.279000
197,9,2,7.195400,6.982000,7.275000,7.292000,7.152000,7.276000
197,10,2,6.984200,7.035000,6.958000,7.036000,6.906000,6.986000
197,11,2,6.934000,7.011000,6.994000,6.963000,6.846000,6.856000
197,12,2,7.079000,6.867000,7.045000,7.286000,7.092000,7.105000
197,13,2,7.087000,7.167000,7.100000,7.094000,7.050000,7.024000
197,14,2,7.072400,6.964000,7.104000,7.288000,6.974000,7.032000
197,15,2,7.124800,7.123000,7.076000,7.170000,7.150000,7.105000
197,16,2,6.992400,7.058000,7.012000,7.123000,6.903000,6.866000
197,17,2,7.038200,7.123000,6.932000,7.170000,6.972000,6.994000
197,18,2,7.034000,7.151000,7.027000,7.049000,6.963000,6.980000
197,19,2,7.202000,7.205000,7.218000,7.329000,7.158000,7.100000
198,0,2,7.110400,7.251000,6.923000,7.127000,7.206000,7.045000
198,1,2,7.000800,7.031000,7.024000,6.833000,7.019000,7.097000
198,2,2,7.222800,7.300000,7.198000,7.219000,7.299000,7.098000
198,3,2,7.086400,7.130000,7.060000,7.113000,7.201000,6.928000
198,4,2,7.221600,7.208000,7.236000,7.215000,7.317000,7.132000
198,5,2,6.844200,6.851000,6.847000,6.764000,6.795000,6.964000
198,6,2,7.141200,7.005000,7.127000,7.177000,7.194000,7.203000
198,7,2,7.236000,7.309000,7.283000,7.089000,7.179000,7.320000
198,8,2,7.128200,7.122000,7.056000,7.198000,7.272000,6.993000
198,9,2,7.081600,6.977000,7.129000,7.012000,7.113000,7.177000
198,10,2,7.010000,7.098000,6.967000,7.197000,7.150000,6.638000
198,11,2,7.165200,7.227000,7.246000,7.258000,7.174000,6.921000
198,12,2,7.080000,7.140000,7.115000,7.197000,7.182000,6.766000
198,13,2,7.100000,7.083000,7.129000,7.018000,7.174000,7.096000
198,14,2,7.060800,7.105000,7.196000,7.100000,7.135000,6.768000
198,15,2,7.121400,7.163000,7.193000,7.122000,7.074000,7.055000
198,16,2,7.039800,7.084000,7.037000,6.887000,7.001000,7.190000
198,17,2,7.256400,7.251000,7.196000,7.210000,7.290000,7.335000
198,18,2,7.098400,7.066000,7.048000,6.981000,7.141000,7.256000
198,19,2,7.018200,7.061000,7.038000,7.121000,7.184000,6.687000
199,0,2,6.917400,7.190000,6.983000,6.723000,6.643000,7.048000
199,1,2,7.086600,7.190000,6.916000,7.225000,7.067000,7.035000
199,2,2,6.874000,6.941000,6.816000,6.830000,6.854000,6.929000
199,3,2,7.094200,7.152000,7.127000,7.149000,6.864000,7.179000
199,4,2,6.797000,6.540000,7.127000,6.835000,6.317000,7.166000
199,5,2,7.116600,7.292000,7.027000,7.033000,7.109000,7.122000
199,6,2,7.048800,7.333000,7.150000,7.129000,6.503000,7.129000
199,7,2,7.012600,7.279000,7.206000,6.803000,6.637000,7.138000
199,8,2,7.086200,7.073000,7.161000,7.089000,6.974000,7.134000
199,9,2,7.086200,7.222000,7.116000,7.127000,6.917000,7.049000
199,10,2,7.123400,7.195000,7.128000,7.188000,6.996000,7.110000
199,11,2,6.992800,7.140000,6.933000,7.008000,6.883000,7.000000
199,12,2,6.516600,6.627000,6.408000,6.643000,6.366000,6.539000
199,13,2,7.074400,7.119000,7.031000,7.207000,6.908000,7.107000
199,14,2,6.660200,6.772000,6.630000,6.733000,6.579000,6.587000
199,15,2,6.974800,7.202000,6.941000,6.819000,6.889000,7.023000
199,16,2,7.131000,7.251000,7.059000,7.190000,7.001000,7.154000
199,17,2,6.965600,7.045000,6.947000,6.962000,6.874000,7.000000
199,18,2,7.123800,7.286000,7.051000,7.191000,6.958000,7.133000
199,19,2,7.104800,7.205000,7.169000,7.068000,6.776000,7.306000
200,0,0,4.840000,4.735000,4.941000,4.991000,4.773000,4.760000
200,1,0,5.155000,5.208000,5.122000,5.290000,5.136000,5.019000
200,2,0,5.114400,5.054000,5.121000,5.310000,5.087000,5.000000
200,3,0,4.820000,4.658000,4.999000,5.030000,4.669000,4.744000
200,4,0,5.023800,4.946000,5.113000,5.150000,4.995000,4.915000
200,5,0,4.967000,4.947000,5.083000,5.040000,4.891000,4.874000
200,6,0,4.835000,4.728000,4.924000,4.899000,4.864000,4.760000
200,7,0,5.040400,4.948000,5.182000,5.183000,4.965000,4.924000
200,8,0,4.747400,4.580000,4.727000,5.021000,4.743000,4.666000
200,9,0,4.974200,4.882000,5.081000,5.082000,4.912000,4.914000
200,10,0,5.042200,4.926000,5.240000,5.220000,4.994000,4.831000
200,11,0,5.062600,4.927000,5.014000,5.364000,4.967000,5.041000
200,12,0,4.728400,4.726000,4.745000,4.792000,4.828000,4.551000
200,13,0,4.782000,4.577000,4.849000,4.966000,4.673000,4.845000
200,14,0,4.737400,4.719000,4.778000,4.928000,4.609000,4.653000
200,15,0,4.959200,4.919000,4.954000,5.141000,4.849000,4.933000
200,16,0,5.307000,5.322000,5.346000,5.561000,5.156000,5.150000
200,17,0,5.245200,5.056000,5.257000,5.452000,5.286000,5.175000
200,18,0,5.178200,5.048000,5.284000,5.249000,5.193000,5.117000
200,19,0,4.994800,4.947000,5.070000,5.091000,4.952000,4.914000
200,20,1,4.526400,4.465000,4.573000,4.666000,4.512000,4.416000
200,21,1,4.751000,4.619000,4.737000,4.996000,4.782000,4.621000
200,22,1,4.635600,4.442000,4.668000,4.768000,4.671000,4.629000
200,23,1,4.820800,4.772000,4.828000,4.912000,4.813000,4.779000
200,24,1,4.860400,4.904000,5.042000,4.877000,4.779000,4.700000
200,25,1,4.854800,4.819000,4.814000,5.003000,4.863000,4.775000
200,26,1,4.780400,4.764000,4.760000,4.956000,4.705000,4.717000
200,27,1,4.713400,4.702000,4.744000,4.868000,4.595000,4.658000
200,28,1,4.577800,4.485000,4.601000,4.706000,4.598000,4.499000
200,29,1,4.649000,4.593000,4.776000,4.622000,4.669000,4.585000
200,30,1,4.845800,4.743000,4.903000,4.894000,4.963000,4.726000
200,31,1,4.884200,4.889000,4.783000,5.035000,4.925000,4.789000
200,32,1,4.658600,4.561000,4.760000,4.879000,4.599000,4.494000
200,33,1,4.816000,4.745000,4.857000,4.931000,4.812000,4.735000
200,34,1,4.796600,4.673000,4.858000,5.010000,4.703000,4.739000
200,35,1,4.762600,4.671000,4.759000,4.802000,4.737000,4.844000
200,36,1,4.691200,4.641000,4.692000,4.782000,4.667000,4.674000
200,37,1,4.657600,4.573000,4.745000,4.850000,4.735000,4.385000
200,38,1,4.679200,4.526000,4.680000,4.850000,4.657000,4.683000
200,39,1,4.769800,4.697000,4.833000,4.895000,4.838000,4.586000
200,40,2,7.127400,6.921000,7.226000,7.428000,7.262000,6.800000
200,41,2,7.087000,7.180000,7.073000,7.044000,7.152000,6.986000
200,42,2,7.149200,7.159000,7.169000,7.180000,7.166000,7.072000
200,43,2,6.953200,6.948000,6.886000,6.975000,7.068000,6.889000
200,44,2,7.150200,7.265000,7.122000,7.126000,7.289000,6.949000
200,45,2,7.042200,7.162000,7.052000,7.058000,6.906000,7.033000
200,46,2,6.841600,6.819000,6.839000,6.838000,6.957000,6.755000
200,47,2,7.192600,7.277000,7.247000,7.219000,7.344000,6.876000
200,48,2,7.138400,7.165000,7.137000,7.205000,7.135000,7.050000
200,49,2,7.264800,7.314000,7.303000,7.371000,7.312000,7.024000
200,50,2,7.220400,7.296000,7.258000,7.235000,7.351000,6.962000
200,51,2,7.087800,7.189000,7.101000,7.140000,7.030000,6.979000
200,52,2,7.194000,7.201000,7.253000,7.095000,7.286000,7.135000
200,53,2,7.132800,7.193000,7.144000,7.208000,7.087000,7.032000
200,54,2,7.174200,7.286000,7.205000,7.151000,7.194000,7.035000
200,55,2,7.212600,7.261000,7.240000,7.326000,7.266000,6.970000
200,56,2,7.125600,7.153000,7.249000,7.141000,7.072000,7.013000
200,57,2,7.221200,7.339000,7.092000,7.295000,7.307000,7.073000
200,58,2,7.014400,7.089000,7.088000,6.956000,6.926000,7.013000
200,59,2,7.057600,7.142000,6.977000,7.081000,7.134000,6.954000
200,60,3,4.691000,4.633000,4.601000,4.913000,4.676000,4.632000
200,61,3,4.629400,4.544000,4.684000,4.723000,4.594000,4.602000
200,62,3,4.987200,4.959000,5.026000,5.087000,4.969000,4.895000
200,63,3,4.931800,4.809000,4.957000,4.980000,4.988000,4.925000
200,64,3,4.656400,4.560000,4.594000,4.857000,4.627000,4.644000
200,65,3,4.738600,4.715000,4.702000,4.948000,4.679000,4.649000
200,66,3,4.732000,4.610000,4.761000,4.902000,4.635000,4.752000
200,67,3,4.855000,4.768000,5.016000,4.945000,4.804000,4.742000
200,68,3,4.683800,4.632000,4.776000,4.851000,4.571000,4.589000
200,69,3,4.845400,4.706000,4.963000,4.897000,4.857000,4.804000
200,70,3,4.919200,4.841000,5.098000,5.012000,4.844000,4.801000
200,71,3,4.818000,4.775000,4.914000,4.947000,4.676000,4.778000
200,72,3,4.706000,4.717000,4.704000,4.821000,4.646000,4.642000
200,73,3,4.779800,4.641000,4.910000,4.957000,4.735000,4.656000
200,74,3,4.712000,4.620000,4.767000,4.850000,4.602000,4.721000
200,75,3,4.640800,4.587000,4.703000,4.856000,4.516000,4.542000
200,76,3,4.774600,4.637000,4.881000,4.945000,4.707000,4.703000
200,77,3,4.714600,4.585000,4.723000,4.873000,4.738000,4.654000
200,78,3,4.856200,4.716000,4.980000,5.037000,4.821000,4.727000
200,79,3,4.756200,4.747000,4.875000,4.778000,4.719000,4.662000
200,80,4,5.048400,5.048000,5.056000,5.126000,5.066000,4.946000
200,81,4,4.671400,4.615000,4.789000,4.709000,4.609000,4.635000
200,82,4,4.732600,4.567000,4.737000,4.870000,4.828000,4.661000
200,83,4,4.827200,4.681000,4.935000,4.928000,4.856000,4.736000
200,84,4,4.971600,4.923000,4.967000,5.044000,4.936000,4.988000
200,85,4,5.003400,4.932000,5.156000,5.090000,4.924000,4.915000
200,86,4,4.925000,4.883000,4.954000,5.066000,4.863000,4.859000
200,87,4,4.943200,4.961000,4.996000,5.103000,4.985000,4.671000
200,88,4,4.961000,4.895000,5.034000,5.001000,5.016000,4.859000
200,89,4,4.790400,4.656000,4.867000,4.896000,4.753000,4.780000
200,90,4,4.789000,4.695000,4.856000,4.904000,4.843000,4.647000
200,91,4,4.907400,4.933000,4.997000,4.973000,4.822000,4.812000
200,92,4,4.960000,4.963000,5.104000,4.989000,4.891000,4.853000
200,93,4,4.890600,4.867000,4.984000,5.014000,4.734000,4.854000
200,94,4,4.918000,4.830000,5.053000,5.083000,4.939000,4.685000
200,95,4,5.034000,4.945000,5.138000,5.150000,5.053000,4.884000
200,96,4,4.864400,4.754000,5.056000,4.944000,4.869000,4.699000
200,97,4,4.866000,4.768000,5.029000,4.836000,4.916000,4.781000
200,98,4,4.837600,4.663000,4.906000,5.029000,4.792000,4.798000
200,99,4,4.879200,4.804000,4.955000,4.975000,4.827000,4.835000
201,0,2,7.100600,6.592000,7.246000,7.222000,7.332000,7.111000
201,1,2,6.957000,6.885000,7.090000,6.815000,7.063000,6.932000
201,2,2,7.079600,7.007000,7.112000,6.978000,7.278000,7.023000
201,3,2,6.773800,6.687000,6.776000,6.675000,6.954000,6.777000
201,4,2,7.083400,7.087000,7.078000,7.050000,7.202000,7.000000
201,5,2,7.108000,7.124000,7.092000,7.027000,7.239000,7.058000
201,6,2,6.987600,7.015000,7.013000,6.890000,7.086000,6.934000
201,7,2,7.018800,7.039000,7.103000,7.007000,6.960000,6.985000
201,8,2,7.097200,7.145000,7.062000,6.969000,7.103000,7.207000
201,9,2,7.109800,7.110000,7.174000,7.121000,7.178000,6.966000
201,10,2,7.009600,7.057000,7.103000,7.078000,6.814000,6.996000
201,11,2,6.822200,6.799000,6.863000,6.818000,6.966000,6.665000
201,12,2,7.182000,7.272000,7.182000,7.171000,7.119000,7.166000
201,13,2,6.939200,6.972000,6.935000,6.846000,7.013000,6.930000
201,14,2,6.974800,6.838000,7.003000,6.905000,7.106000,7.022000
201,15,2,6.708600,6.687000,6.730000,6.613000,6.848000,6.665000
201,16,2,6.893200,6.922000,6.907000,6.851000,6.909000,6.877000
201,17,2,7.048200,6.744000,7.114000,7.213000,7.099000,7.071000
201,18,2,6.872200,6.898000,6.965000,6.741000,6.900000,6.857000
201,19,2,6.985600,7.000000,7.104000,6.910000,7.136000,6.778000
202,0,2,7.044400,6.891000,7.241000,7.142000,6.869000,7.079000
202,1,2,7.089600,7.105000,7.173000,7.155000,6.910000,7.105000
202,2,2,7.215600,7.257000,7.281000,7.226000,7.214000,7.100000
202,3,2,7.031400,7.020000,7.086000,6.936000,7.056000,7.059000
202,4,2,6.899400,6.706000,7.129000,6.956000,6.747000,6.959000
202,5,2,7.109800,7.124000,7.163000,6.979000,7.225000,7.058000
202,6,2,6.874400,7.102000,7.295000,6.982000,6.478000,6.515000
202,7,2,7.071400,7.025000,7.062000,7.091000,7.153000,7.026000
202,8,2,6.714400,6.738000,6.812000,6.569000,6.728000,6.725000
202,9,2,7.064800,7.134000,7.013000,7.074000,7.044000,7.059000
202,10,2,7.135600,7.173000,7.141000,7.094000,7.053000,7.217000
202,11,2,6.978200,7.006000,7.117000,6.991000,6.897000,6.880000
202,12,2,7.132600,7.002000,7.337000,7.092000,7.138000,7.094000
202,13,2,7.169600,7.176000,7.302000,7.035000,7.122000,7.213000
202,14,2,6.902200,6.910000,7.166000,7.079000,6.756000,6.600000
202,15,2,7.029600,7.070000,7.020000,7.063000,6.883000,7.112000
202,16,2,7.084800,6.992000,7.113000,7.081000,7.186000,7.052000
202,17,2,7.084000,7.034000,7.168000,7.061000,7.164000,6.993000
202,18,2,7.084400,7.060000,7.171000,6.959000,7.160000,7.072000
202,19,2,7.171400,7.215000,7.317000,7.110000,7.049000,7.166000
203,0,2,7.104600,7.076000,7.127000,7.221000,6.900000,7.199000
203,1,2,6.877000,6.774000,6.915000,6.911000,7.003000,6.782000
203,2,2,7.189000,6.950000,7.221000,7.244000,7.321000,7.209000
203,3,2,7.088600,7.011000,7.190000,7.164000,6.999000,7.079000
203,4,2,7.081600,6.988000,7.106000,7.013000,7.138000,7.163000
203,5,2,7.249200,7.121000,7.222000,7.252000,7.383000,7.268000
203,6,2,7.042000,6.926000,7.020000,6.968000,7.304000,6.992000
203,7,2,7.131800,7.136000,7.095000,7.026000,7.269000,7.133000
203,8,2,6.929000,6.887000,6.900000,6.940000,7.030000,6.888000
203,9,2,6.995000,6.964000,7.186000,7.187000,6.713000,6.925000
203,10,2,6.985800,6.863000,6.896000,7.061000,7.227000,6.882000
203,11,2,7.097200,6.977000,7.109000,7.144000,7.245000,7.011000
203,12,2,6.982800,6.920000,7.026000,6.974000,6.920000,7.074000
203,13,2,7.174200,7.086000,7.179000,7.215000,7.228000,7.163000
203,14,2,6.854600,6.820000,6.890000,6.817000,6.983000,6.763000
203,15,2,7.062400,6.947000,7.154000,7.010000,7.197000,7.004000
203,16,2,7.132200,6.946000,7.164000,7.029000,7.321000,7.201000
203,17,2,7.209000,7.160000,7.103000,7.230000,7.443000,7.109000
203,18,2,7.177600,7.130000,7.174000,7.170000,7.287000,7.127000
203,19,2,7.188000,7.172000,7.225000,7.151000,7.231000,7.161000
204,0,2,6.946200,6.846000,6.973000,7.114000,6.971000,6.827000
204,1,2,7.247200,7.135000,7.345000,7.410000,7.190000,7.156000
204,2,2,7.184400,7.227000,7.207000,7.108000,7.120000,7.260000
204,3,2,7.244200,7.114000,7.252000,7.347000,7.228000,7.280000
204,4,2,7.027600,6.984000,7.072000,7.076000,7.001000,7.005000
204,5,2,7.241000,7.111000,7.269000,7.317000,7.293000,7.215000
204,6,2,7.194600,7.071000,7.289000,7.218000,7.187000,7.208000
204,7,2,6.836200,6.699000,6.909000,6.876000,6.791000,6.906000
204,8,2,7.303800,7.269000,7.342000,7.388000,7.257000,7.263000
204,9,2,7.027600,6.928000,7.125000,7.133000,6.997000,6.955000
204,10,2,7.339600,7.308000,7.348000,7.388000,7.310000,7.344000
204,11,2,7.095600,7.026000,7.113000,7.243000,7.121000,6.975000
204,12,2,7.102400,7.002000,7.045000,7.205000,7.079000,7.181000
204,13,2,7.068600,7.014000,7.103000,7.202000,7.017000,7.007000
204,14,2,7.216000,7.236000,7.246000,7.242000,7.083000,7.273000
204,15,2,7.191600,7.096000,7.213000,7.401000,7.142000,7.106000
204,16,2,7.275000,7.197000,7.361000,7.315000,7.287000,7.215000
204,17,2,7.119000,6.966000,7.154000,7.251000,7.091000,7.133000
204,18,2,7.134000,7.083000,7.103000,7.274000,7.123000,7.087000
204,19,2,7.062600,6.939000,7.002000,7.203000,7.028000,7.141000
205,0,2,7.264200,7.338000,7.234000,7.289000,7.363000,7.097000
205,1,2,7.197200,7.160000,7.131000,7.270000,7.275000,7.150000
205,2,2,7.181000,7.248000,7.181000,7.214000,7.177000,7.085000
205,3,2,7.076600,7.178000,7.077000,7.165000,7.190000,6.773000
205,4,2,7.189400,7.347000,7.077000,7.202000,7.235000,7.086000
205,5,2,7.275200,7.354000,7.277000,7.308000,7.255000,7.182000
205,6,2,7.351200,7.390000,7.316000,7.311000,7.387000,7.352000
205,7,2,7.182200,7.288000,7.086000,7.144000,7.206000,7.187000
205,8,2,7.152000,7.159000,7.171000,7.171000,7.223000,7.036000
205,9,2,7.110200,7.172000,7.075000,7.137000,7.063000,7.104000
205,10,2,7.047600,7.090000,6.927000,7.055000,7.167000,6.999000
205,11,2,7.248000,7.103000,7.181000,7.332000,7.328000,7.296000
205,12,2,7.123600,7.108000,7.085000,7.205000,7.128000,7.092000
205,13,2,7.032200,7.029000,6.981000,6.985000,7.084000,7.082000
205,14,2,7.030800,7.042000,6.989000,7.103000,7.036000,6.984000
205,15,2,7.183400,7.256000,7.074000,7.268000,7.138000,7.181000
205,16,2,6.965400,7.155000,6.882000,6.997000,6.859000,6.934000
205,17,2,7.170200,7.308000,7.136000,7.110000,7.069000,7.228000
205,18,2,6.968200,7.123000,6.979000,6.925000,6.969000,6.845000
205,19,2,7.204000,7.193000,7.088000,7.225000,7.372000,7.142000
206,0,2,7.213600,7.206000,7.243000,7.301000,7.189000,7.129000
206,1,2,7.222200,7.182000,7.263000,7.283000,7.271000,7.112000
206,2,2,7.185400,7.214000,7.259000,7.120000,7.204000,7.130000
206,3,2,7.239800,7.228000,7.334000,7.116000,7.247000,7.274000
206,4,2,6.947200,6.942000,6.935000,6.998000,6.895000,6.966000
206,5,2,7.125400,7.157000,7.191000,7.069000,7.152000,7.058000
206,6,2,7.274200,7.295000,7.404000,7.101000,7.341000,7.230000
206,7,2,7.223600,7.181000,7.272000,7.218000,7.273000,7.174000
206,8,2,7.145000,7.099000,7.207000,7.161000,7.186000,7.072000
206,9,2,7.040600,7.087000,7.151000,6.985000,7.006000,6.974000
206,10,2,7.084800,7.031000,7.139000,7.079000,7.172000,7.003000
206,11,2,6.976400,6.968000,7.029000,6.997000,7.001000,6.887000
206,12,2,7.035000,6.966000,7.069000,7.013000,7.188000,6.939000
206,13,2,6.964400,6.959000,6.974000,7.077000,6.900000,6.912000
206,14,2,7.083200,7.011000,7.111000,7.157000,7.071000,7.066000
206,15,2,7.192600,7.262000,7.149000,7.205000,7.264000,7.083000
206,16,2,7.184400,7.224000,7.281000,7.215000,7.085000,7.117000
206,17,2,7.161200,7.116000,7.328000,7.146000,7.249000,6.967000
206,18,2,7.026000,6.874000,7.122000,7.112000,7.028000,6.994000
206,19,2,7.062000,7.090000,7.044000,7.104000,7.107000,6.965000
207,0,2,7.280000,7.297000,7.142000,7.364000,7.275000,7.322000
207,1,2,7.237600,7.325000,7.111000,7.188000,7.217000,7.347000
207,2,2,7.159400,7.264000,6.931000,7.176000,7.164000,7.262000
207,3,2,7.245200,7.345000,7.000000,7.194000,7.369000,7.318000
207,4,2,7.277400,7.276000,7.165000,7.296000,7.342000,7.308000
207,5,2,7.185000,7.264000,6.967000,7.160000,7.228000,7.306000
207,6,2,7.082800,7.152000,6.948000,7.096000,7.110000,7.108000
207,7,2,7.172800,7.185000,6.985000,7.170000,7.219000,7.305000
207,8,2,7.094800,7.210000,6.945000,7.058000,7.051000,7.210000
207,9,2,7.140000,7.257000,6.888000,7.166000,7.127000,7.262000
207,10,2,7.117200,7.168000,7.039000,7.050000,7.173000,7.156000
207,11,2,7.080000,7.179000,6.907000,7.004000,7.126000,7.184000
207,12,2,7.059200,7.171000,6.953000,6.981000,7.079000,7.112000
207,13,2,7.246200,7.218000,7.146000,7.208000,7.299000,7.360000
207,14,2,6.918000,6.977000,6.779000,6.989000,6.867000,6.978000
207,15,2,7.068600,7.073000,6.854000,7.165000,7.120000,7.131000
207,16,2,7.215000,7.319000,7.000000,7.287000,7.226000,7.243000
207,17,2,7.231400,7.276000,7.162000,7.310000,7.170000,7.239000
207,18,2,7.267400,7.324000,7.107000,7.228000,7.375000,7.303000
207,19,2,7.224200,7.286000,7.087000,7.169000,7.232000,7.347000
208,0,2,7.252600,7.278000,7.162000,7.203000,7.229000,7.391000
208,1,2,7.294400,7.216000,7.374000,7.242000,7.289000,7.351000
208,2,2,7.219600,6.896000,7.293000,7.270000,7.337000,7.302000
208,3,2,7.253000,7.360000,7.222000,7.304000,7.310000,7.069000
208,4,2,7.076000,6.917000,7.123000,7.117000,7.014000,7.209000
208,5,2,7.100800,6.981000,7.146000,7.132000,7.087000,7.158000
208,6,2,7.101000,7.117000,7.127000,7.119000,7.005000,7.137000
208,7,2,7.233800,7.171000,7.110000,7.277000,7.234000,7.377000
208,8,2,7.211800,7.184000,7.123000,7.285000,7.257000,7.210000
208,9,2,7.249600,7.206000,7.385000,7.227000,7.255000,7.175000
208,10,2,7.134000,7.152000,7.033000,7.187000,7.127000,7.171000
208,11,2,6.958000,6.869000,6.940000,7.038000,6.843000,7.100000
208,12,2,7.276800,7.145000,7.193000,7.322000,7.278000,7.446000
208,13,2,7.197200,7.169000,7.126000,7.146000,7.224000,7.321000
208,14,2,7.007400,6.963000,7.007000,7.075000,6.970000,7.022000
208,15,2,6.907800,6.861000,6.924000,6.940000,6.738000,7.076000
208,16,2,7.178400,7.183000,7.212000,7.187000,7.067000,7.243000
208,17,2,7.233600,7.163000,7.317000,7.174000,7.272000,7.242000
208,18,2,7.230800,7.154000,7.266000,7.278000,7.170000,7.286000
208,19,2,7.132400,7.122000,7.044000,7.091000,7.159000,7.246000
209,0,2,7.041400,6.993000,7.013000,7.106000,7.073000,7.022000
209,1,2,7.213600,7.214000,7.239000,7.225000,7.148000,7.242000
209,2,2,7.274800,7.392000,7.299000,7.296000,7.137000,7.250000
209,3,2,7.043000,7.139000,7.159000,6.629000,7.059000,7.229000
209,4,2,7.124000,7.037000,7.130000,7.257000,7.145000,7.051000
209,5,2,7.033600,6.924000,7.066000,7.033000,6.987000,7.158000
209,6,2,7.186400,7.179000,7.196000,7.212000,7.135000,7.210000
209,7,2,7.189000,7.183000,7.254000,7.235000,7.135000,7.138000
209,8,2,7.192000,7.218000,7.336000,7.170000,7.091000,7.145000
209,9,2,7.091800,7.092000,7.122000,7.125000,7.022000,7.098000
209,10,2,7.101800,7.221000,7.121000,7.007000,7.042000,7.118000
209,11,2,7.239600,7.252000,7.261000,7.323000,7.124000,7.238000
209,12,2,6.839000,6.874000,6.928000,6.912000,6.701000,6.780000
209,13,2,7.042600,6.900000,7.073000,6.994000,7.143000,7.103000
209,14,2,6.888000,6.794000,6.903000,6.915000,6.919000,6.909000
209,15,2,7.190400,7.136000,7.251000,7.205000,7.078000,7.282000
209,16,2,7.039200,7.060000,7.131000,7.077000,6.939000,6.989000
209,17,2,6.990200,6.990000,7.004000,7.126000,6.890000,6.941000
209,18,2,7.102400,7.135000,7.343000,6.778000,7.140000,7.116000
209,19,2,7.212200,7.122000,7.242000,7.311000,7.119000,7.267000
210,0,0,5.261400,5.329000,5.301000,5.161000,5.251000,5.265000
210,1,0,5.336800,5.316000,5.475000,5.322000,5.228000,5.343000
210,2,0,5.463200,5.510000,5.466000,5.300000,5.468000,5.572000
210,3,0,5.217400,5.259000,5.265000,5.156000,5.176000,5.231000
210,4,0,5.245600,5.157000,5.274000,5.133000,5.268000,5.396000
210,5,0,4.833000,4.796000,4.862000,4.750000,4.878000,4.879000
210,6,0,5.071800,5.070000,5.089000,4.963000,5.129000,5.108000
210,7,0,5.301800,5.351000,5.422000,5.209000,5.221000,5.306000
210,8,0,5.317800,5.263000,5.344000,5.243000,5.365000,5.374000
210,9,0,5.158400,5.033000,5.202000,5.170000,5.216000,5.171000
210,10,0,5.286000,5.325000,5.308000,5.183000,5.324000,5.290000
210,11,0,5.010400,5.129000,4.951000,4.972000,5.010000,4.990000
210,12,0,5.169200,5.277000,5.130000,4.983000,5.166000,5.290000
210,13,0,5.309200,5.382000,5.360000,5.205000,5.325000,5.274000
210,14,0,5.222600,5.293000,5.199000,5.232000,5.193000,5.196000
210,15,0,5.208000,5.231000,5.306000,5.210000,5.153000,5.140000
210,16,0,5.526400,5.643000,5.496000,5.374000,5.606000,5.513000
210,17,0,5.116800,5.119000,5.084000,5.065000,5.138000,5.178000
210,18,0,4.979600,5.002000,4.915000,4.812000,5.088000,5.081000
210,19,0,5.100400,5.075000,5.181000,4.983000,5.166000,5.097000
210,20,1,4.774200,4.924000,4.816000,4.674000,4.705000,4.752000
210,21,1,4.755000,4.835000,4.726000,4.645000,4.932000,4.637000
210,22,1,4.902200,4.915000,4.864000,4.836000,4.934000,4.962000
210,23,1,4.888400,4.919000,4.948000,4.788000,4.861000,4.926000
210,24,1,4.780800,4.768000,4.956000,4.524000,4.880000,4.776000
210,25,1,4.843000,4.840000,5.029000,4.685000,4.846000,4.815000
210,26,1,4.782000,4.844000,4.716000,4.694000,4.876000,4.780000
210,27,1,4.864400,4.813000,4.942000,4.744000,4.936000,4.887000
210,28,1,4.804000,4.890000,4.834000,4.654000,4.786000,4.856000
210,29,1,4.703800,4.808000,4.604000,4.565000,4.824000,4.718000
210,30,1,4.669400,4.746000,4.611000,4.675000,4.608000,4.707000
210,31,1,4.912200,4.956000,5.007000,4.758000,4.883000,4.957000
210,32,1,4.734800,4.720000,4.846000,4.753000,4.682000,4.673000
210,33,1,4.605200,4.688000,4.682000,4.490000,4.547000,4.619000
210,34,1,4.772800,4.879000,4.792000,4.625000,4.787000,4.781000
210,35,1,4.854200,4.846000,4.915000,4.782000,4.801000,4.927000
210,36,1,4.730600,4.888000,4.745000,4.654000,4.603000,4.763000
210,37,1,4.714400,4.685000,4.770000,4.677000,4.769000,4.671000
210,38,1,4.847200,4.875000,4.902000,4.719000,4.906000,4.834000
210,39,1,4.807800,4.899000,4.883000,4.615000,4.833000,4.809000
210,40,2,7.082800,7.151000,7.096000,7.071000,7.170000,6.926000
210,41,2,7.235800,7.051000,7.373000,7.300000,7.274000,7.181000
210,42,2,7.251600,7.445000,7.187000,7.169000,7.277000,7.180000
210,43,2,7.208200,7.230000,7.277000,7.078000,7.222000,7.234000
210,44,2,7.280200,7.362000,7.280000,7.140000,7.300000,7.319000
210,45,2,7.033800,6.820000,7.012000,7.090000,7.108000,7.139000
210,46,2,6.996000,7.110000,7.077000,6.918000,6.934000,6.941000
210,47,2,7.202600,7.280000,7.202000,7.242000,7.108000,7.181000
210,48,2,7.276200,7.244000,7.370000,7.229000,7.310000,7.228000
210,49,2,7.234600,7.249000,7.209000,7.211000,7.337000,7.167000
210,50,2,7.218600,7.214000,7.310000,7.135000,7.225000,7.209000
210,51,2,7.114800,7.251000,7.217000,6.914000,7.140000,7.052000
210,52,2,7.152800,7.111000,7.211000,7.101000,7.284000,7.057000
210,53,2,7.032000,7.127000,7.151000,6.939000,6.985000,6.958000
210,54,2,7.016000,7.132000,7.016000,6.906000,7.071000,6.955000
210,55,2,7.173000,7.185000,7.216000,7.221000,7.191000,7.052000
210,56,2,7.223000,7.133000,7.244000,7.244000,7.312000,7.182000
210,57,2,7.282200,7.302000,7.378000,7.219000,7.293000,7.219000
210,58,2,7.191000,7.340000,7.121000,7.042000,7.232000,7.220000
210,59,2,7.195800,7.264000,7.197000,7.152000,7.237000,7.129000
210,60,3,4.755000,4.752000,4.705000,4.729000,4.831000,4.758000
210,61,3,4.534800,4.771000,4.441000,4.489000,4.557000,4.416000
210,62,3,4.608000,4.745000,4.525000,4.545000,4.741000,4.484000
210,63,3,4.476000,4.476000,4.345000,4.554000,4.542000,4.463000
210,64,3,4.673200,4.783000,4.567000,4.668000,4.689000,4.659000
210,65,3,4.551800,4.575000,4.402000,4.518000,4.617000,4.647000
210,66,3,4.764600,4.761000,4.778000,4.702000,4.899000,4.683000
210,67,3,4.775000,4.801000,4.691000,4.736000,4.895000,4.752000
210,68,3,4.620400,4.722000,4.573000,4.536000,4.696000,4.575000
210,69,3,4.701400,4.717000,4.810000,4.591000,4.691000,4.698000
210,70,3,4.678200,4.718000,4.628000,4.578000,4.647000,4.820000
210,71,3,4.663200,4.544000,4.560000,4.724000,4.758000,4.730000
210,72,3,4.977000,4.944000,4.981000,4.933000,5.036000,4.991000
210,73,3,4.613000,4.698000,4.454000,4.528000,4.636000,4.749000
210,74,3,4.695200,4.728000,4.641000,4.623000,4.803000,4.681000
210,75,3,4.807400,4.844000,4.656000,4.788000,4.810000,4.939000
210,76,3,4.531600,4.562000,4.549000,4.415000,4.563000,4.569000
210,77,3,4.618400,4.720000,4.470000,4.638000,4.701000,4.563000
210,78,3,4.828000,4.871000,4.841000,4.730000,4.838000,4.860000
210,79,3,4.786800,4.848000,4.763000,4.680000,4.863000,4.780000
210,80,4,5.089600,5.201000,5.085000,4.994000,5.169000,4.999000
210,81,4,5.140200,5.136000,5.137000,5.085000,5.267000,5.076000
210,82,4,5.030800,5.096000,5.074000,4.893000,5.131000,4.960000
210,83,4,5.184400,5.204000,5.262000,4.998000,5.261000,5.197000
210,84,4,5.297400,5.274000,5.271000,5.208000,5.480000,5.254000
210,85,4,5.230000,5.403000,5.266000,5.138000,5.234000,5.109000
210,86,4,4.869400,4.855000,4.919000,4.826000,4.968000,4.779000
210,87,4,5.192400,5.256000,5.215000,5.120000,5.185000,5.186000
210,88,4,5.019600,5.052000,5.104000,4.850000,5.050000,5.042000
210,89,4,5.079400,5.115000,5.105000,5.061000,5.134000,4.982000
210,90,4,4.961400,5.077000,5.026000,4.864000,4.928000,4.912000
210,91,4,5.107200,5.186000,5.131000,5.018000,5.160000,5.041000
210,92,4,5.247600,5.313000,5.361000,5.199000,5.307000,5.058000
210,93,4,5.274800,5.212000,5.385000,5.302000,5.206000,5.269000
210,94,4,5.012600,5.064000,4.966000,4.962000,5.048000,5.023000
210,95,4,5.125800,5.142000,5.236000,5.048000,5.203000,5.000000
210,96,4,5.090200,5.021000,5.177000,4.967000,5.223000,5.063000
210,97,4,5.009600,5.057000,4.999000,4.961000,5.089000,4.942000
210,98,4,5.158400,5.258000,5.221000,5.086000,5.121000,5.106000
210,99,4,5.154800,5.157000,5.218000,5.159000,5.156000,5.084000
211,0,2,7.246600,7.230000,7.227000,7.217000,7.323000,7.236000
211,1,2,7.106800,6.935000,7.139000,7.241000,7.069000,7.150000
211,2,2,7.010000,7.011000,6.869000,7.061000,7.084000,7.025000
211,3,2,7.157800,7.149000,7.125000,7.054000,7.189000,7.272000
211,4,2,7.013200,6.944000,7.048000,7.078000,7.030000,6.966000
211,5,2,7.163600,6.977000,7.448000,6.953000,7.259000,7.181000
211,6,2,7.136200,7.038000,7.218000,7.055000,7.170000,7.200000
211,7,2,7.117400,7.101000,7.089000,7.155000,7.096000,7.146000
211,8,2,7.151600,7.238000,7.248000,7.158000,7.073000,7.041000
211,9,2,7.225800,7.154000,7.330000,7.252000,7.220000,7.173000
211,10,2,7.042400,6.989000,7.144000,6.955000,7.013000,7.111000
211,11,2,7.110600,7.091000,7.059000,7.087000,7.145000,7.171000
211,12,2,7.109400,7.035000,7.126000,7.124000,7.155000,7.107000
211,13,2,7.103600,7.219000,6.862000,7.262000,7.230000,6.945000
211,14,2,7.098400,7.067000,7.173000,7.089000,7.101000,7.062000
211,15,2,7.085000,7.153000,6.975000,7.023000,7.176000,7.098000
211,16,2,7.193600,7.150000,7.302000,7.114000,7.215000,7.187000
211,17,2,7.212400,7.167000,7.190000,7.153000,7.334000,7.218000
211,18,2,7.111200,7.082000,7.089000,7.090000,7.151000,7.144000
211,19,2,7.203600,7.120000,7.191000,7.194000,7.328000,7.185000
212,0,2,7.163600,7.153000,7.209000,7.203000,7.066000,7.187000
212,1,2,7.165000,7.125000,7.295000,7.178000,7.109000,7.118000
212,2,2,7.246200,7.229000,7.327000,7.263000,7.188000,7.224000
212,3,2,7.025600,7.155000,7.156000,7.127000,6.944000,6.746000
212,4,2,7.236400,7.243000,7.287000,7.242000,7.173000,7.237000
212,5,2,7.097800,7.173000,7.037000,7.095000,7.040000,7.144000
212,6,2,7.163800,7.212000,7.281000,7.181000,7.089000,7.056000
212,7,2,7.164200,7.095000,7.258000,7.173000,7.199000,7.096000
212,8,2,7.144400,7.169000,7.127000,7.204000,7.124000,7.098000
212,9,2,7.235400,7.179000,7.255000,7.261000,7.224000,7.258000
212,10,2,7.336000,7.347000,7.437000,7.345000,7.282000,7.269000
212,11,2,7.063800,7.075000,7.085000,7.026000,7.149000,6.984000
212,12,2,7.216400,7.210000,7.320000,7.147000,7.275000,7.130000
212,13,2,7.078400,7.042000,7.177000,7.146000,7.087000,6.940000
212,14,2,7.217600,7.227000,7.264000,7.245000,7.157000,7.195000
212,15,2,7.189800,7.119000,7.221000,7.265000,7.181000,7.163000
212,16,2,7.173800,7.106000,7.234000,7.195000,7.121000,7.213000
212,17,2,7.084200,7.028000,7.160000,7.073000,7.155000,7.005000
212,18,2,7.229600,7.189000,7.222000,7.255000,7.273000,7.209000
212,19,2,7.228400,7.214000,7.306000,7.264000,7.215000,7.143000
213,0,2,7.168600,7.036000,7.246000,7.137000,7.254000,7.170000
213,1,2,7.291800,7.348000,7.263000,7.318000,7.237000,7.293000
213,2,2,7.073000,7.059000,7.187000,6.797000,7.365000,6.957000
213,3,2,7.162800,7.213000,7.059000,7.223000,7.228000,7.091000
213,4,2,7.231000,7.130000,7.332000,7.200000,7.168000,7.325000
213,5,2,7.250000,7.329000,7.100000,7.205000,7.289000,7.327000
213,6,2,7.254800,7.327000,7.137000,7.231000,7.324000,7.255000
213,7,2,7.266800,7.218000,7.341000,7.177000,7.435000,7.163000
213,8,2,7.211800,7.312000,7.092000,7.277000,7.162000,7.216000
213,9,2,7.273200,7.450000,7.166000,7.257000,7.222000,7.271000
213,10,2,7.202600,7.191000,7.089000,7.212000,7.302000,7.219000
213,11,2,7.234400,7.286000,7.255000,7.148000,7.238000,7.245000
213,12,2,6.845000,6.653000,7.264000,6.868000,6.543000,6.897000
213,13,2,7.301400,7.268000,7.315000,7.275000,7.345000,7.304000
213,14,2,7.185400,7.194000,7.182000,7.145000,7.198000,7.208000
213,15,2,7.210400,7.073000,7.190000,7.247000,7.280000,7.262000
213,16,2,7.126800,7.270000,7.031000,6.969000,7.211000,7.153000
213,17,2,7.292400,7.323000,7.299000,7.233000,7.289000,7.318000
213,18,2,7.322400,7.206000,7.289000,7.381000,7.400000,7.336000
213,19,2,7.123600,7.181000,7.097000,7.141000,7.035000,7.164000
214,0,2,7.309000,7.386000,7.376000,7.223000,7.389000,7.171000
214,1,2,7.346400,7.469000,7.380000,7.324000,7.318000,7.241000
214,2,2,7.141600,7.239000,7.063000,7.134000,7.174000,7.098000
214,3,2,7.282800,7.360000,7.196000,7.287000,7.310000,7.261000
214,4,2,7.234000,7.263000,7.245000,7.143000,7.292000,7.227000
214,5,2,7.242400,7.353000,7.242000,7.288000,7.224000,7.105000
214,6,2,7.251000,7.386000,7.206000,7.256000,7.177000,7.230000
214,7,2,7.289200,7.408000,7.258000,7.260000,7.278000,7.242000
214,8,2,7.250600,7.348000,7.169000,7.283000,7.240000,7.213000
214,9,2,7.249800,7.278000,7.202000,7.221000,7.289000,7.259000
214,10,2,7.149200,7.256000,7.013000,7.145000,7.260000,7.072000
214,11,2,7.159800,7.269000,7.228000,6.990000,7.123000,7.189000
214,12,2,7.287600,7.354000,7.288000,7.245000,7.302000,7.249000
214,13,2,7.160000,7.090000,7.139000,7.072000,7.311000,7.188000
214,14,2,7.263600,7.369000,7.240000,7.231000,7.213000,7.265000
214,15,2,7.348800,7.418000,7.376000,7.295000,7.302000,7.353000
214,16,2,7.223200,7.308000,7.232000,7.168000,7.169000,7.239000
214,17,2,7.119000,7.223000,7.101000,7.067000,7.164000,7.040000
214,18,2,7.214000,7.336000,7.265000,7.131000,7.201000,7.137000
214,19,2,7.180200,7.221000,7.164000,7.252000,7.207000,7.057000
215,0,2,7.142800,7.227000,7.139000,7.085000,7.199000,7.064000
215,1,2,6.940600,6.994000,7.058000,6.826000,6.998000,6.827000
215,2,2,7.201400,7.204000,7.262000,7.230000,7.168000,7.143000
215,3,2,6.912600,6.997000,6.926000,6.806000,7.019000,6.815000
215,4,2,7.175200,7.215000,7.175000,7.014000,7.242000,7.230000
215,5,2,7.161600,7.110000,7.215000,7.084000,7.186000,7.213000
215,6,2,7.115600,7.103000,7.179000,7.020000,7.247000,7.029000
215,7,2,7.024400,7.007000,6.986000,6.982000,7.044000,7.103000
215,8,2,6.781800,6.817000,6.751000,6.691000,6.960000,6.690000
215,9,2,7.073200,7.156000,7.182000,6.837000,7.071000,7.120000
215,10,2,7.247600,7.290000,7.204000,7.149000,7.280000,7.315000
215,11,2,7.106800,7.177000,7.164000,7.014000,7.145000,7.034000
215,12,2,7.131600,7.214000,7.135000,7.125000,7.058000,7.126000
215,13,2,7.203600,7.188000,7.212000,7.187000,7.250000,7.181000
215,14,2,7.213800,7.240000,7.172000,7.205000,7.184000,7.268000
215,15,2,7.184000,7.241000,7.203000,7.146000,7.154000,7.176000
215,16,2,7.034800,7.143000,7.087000,6.973000,7.058000,6.913000
215,17,2,7.102200,7.229000,7.082000,7.045000,7.132000,7.023000
215,18,2,7.248800,7.217000,7.263000,7.149000,7.368000,7.247000
215,19,2,7.198800,7.354000,7.181000,7.124000,7.194000,7.141000
216,0,2,7.281400,7.292000,7.404000,7.247000,7.197000,7.267000
216,1,2,7.305600,7.403000,7.331000,7.263000,7.286000,7.245000
216,2,2,7.240200,7.231000,7.229000,7.298000,7.113000,7.330000
216,3,2,7.206600,7.222000,7.194000,7.242000,7.139000,7.236000
216,4,2,7.176400,7.129000,7.223000,7.198000,7.107000,7.225000
216,5,2,6.989200,7.097000,6.922000,7.051000,6.829000,7.047000
216,6,2,7.354400,7.404000,7.423000,7.374000,7.271000,7.300000
216,7,2,7.164200,7.300000,7.133000,6.845000,7.137000,7.406000
216,8,2,7.133600,7.046000,7.221000,7.165000,7.007000,7.229000
216,9,2,7.347000,7.473000,7.307000,7.316000,7.276000,7.363000
216,10,2,7.242200,7.217000,7.289000,7.207000,7.159000,7.339000
216,11,2,7.088600,6.951000,6.778000,7.215000,7.164000,7.335000
216,12,2,6.943000,6.935000,7.000000,7.033000,6.793000,6.954000
216,13,2,7.311200,7.374000,7.372000,7.212000,7.282000,7.316000
216,14,2,7.304200,7.320000,7.334000,7.373000,7.179000,7.315000
216,15,2,7.176200,7.133000,7.144000,7.194000,7.190000,7.220000
216,16,2,7.156800,7.289000,6.844000,7.093000,7.232000,7.326000
216,17,2,7.200600,7.174000,7.194000,7.230000,7.146000,7.259000
216,18,2,7.316800,7.307000,7.320000,7.351000,7.235000,7.371000
216,19,2,7.334400,7.322000,7.417000,7.394000,7.140000,7.399000
217,0,2,7.321400,7.382000,7.370000,7.245000,7.265000,7.345000
217,1,2,7.228400,7.327000,7.234000,7.216000,7.085000,7.280000
217,2,2,7.007200,7.062000,7.032000,6.993000,6.930000,7.019000
217,3,2,7.184200,7.201000,7.212000,7.156000,7.013000,7.339000
217,4,2,7.258400,7.313000,7.253000,7.219000,7.157000,7.350000
217,5,2,7.360800,7.253000,7.460000,7.323000,7.287000,7.481000
217,6,2,7.331000,7.297000,7.361000,7.310000,7.243000,7.444000
217,7,2,7.321400,7.412000,7.337000,7.287000,7.173000,7.398000
217,8,2,7.321200,7.326000,7.428000,7.055000,7.367000,7.430000
217,9,2,7.259200,7.320000,7.244000,7.225000,7.119000,7.388000
217,10,2,7.291400,7.335000,7.313000,7.276000,7.189000,7.344000
217,11,2,7.146000,7.209000,7.222000,7.062000,6.936000,7.301000
217,12,2,6.950800,7.062000,6.912000,6.939000,6.844000,6.997000
217,13,2,7.302400,7.427000,7.317000,7.197000,7.201000,7.370000
217,14,2,6.901600,7.079000,6.704000,6.998000,6.787000,6.940000
217,15,2,6.753200,6.891000,6.640000,6.760000,6.585000,6.890000
217,16,2,7.340000,7.379000,7.406000,7.280000,7.165000,7.470000
217,17,2,7.330400,7.411000,7.249000,7.275000,7.297000,7.420000
217,18,2,7.264200,7.379000,7.143000,7.271000,7.210000,7.318000
217,19,2,7.244200,7.214000,7.313000,7.258000,7.121000,7.315000
218,0,2,7.225400,6.847000,7.400000,7.211000,7.343000,7.326000
218,1,2,7.246800,7.153000,7.266000,7.294000,7.332000,7.189000
218,2,2,7.245600,7.206000,7.356000,7.164000,7.362000,7.140000
218,3,2,7.151800,7.119000,7.204000,7.233000,7.183000,7.020000
218,4,2,7.235600,7.266000,7.196000,7.351000,7.240000,7.125000
218,5,2,7.236800,7.180000,7.280000,7.271000,7.302000,7.151000
218,6,2,7.361600,7.292000,7.417000,7.343000,7.453000,7.303000
218,7,2,7.215600,6.933000,7.304000,7.295000,7.367000,7.179000
218,8,2,7.219600,7.172000,7.307000,7.249000,7.244000,7.126000
218,9,2,7.286200,6.846000,7.464000,7.382000,7.449000,7.290000
218,10,2,7.303200,7.245000,7.264000,7.356000,7.336000,7.315000
218,11,2,7.179600,7.137000,7.176000,7.200000,7.188000,7.197000
218,12,2,7.390200,7.306000,7.373000,7.426000,7.443000,7.403000
218,13,2,7.090400,7.108000,7.149000,7.123000,7.116000,6.956000
218,14,2,7.304400,7.205000,7.399000,7.350000,7.284000,7.284000
218,15,2,7.104000,7.097000,7.228000,7.136000,7.020000,7.039000
218,16,2,7.186400,7.222000,7.150000,7.241000,7.176000,7.143000
218,17,2,7.278200,7.310000,7.278000,7.307000,7.387000,7.109000
218,18,2,7.050600,6.989000,7.064000,7.082000,6.968000,7.150000
218,19,2,7.301600,7.296000,7.303000,7.383000,7.309000,7.217000
219,0,2,7.283800,7.239000,7.425000,7.237000,7.112000,7.406000
219,1,2,7.284600,7.357000,7.392000,7.144000,7.210000,7.320000
219,2,2,7.272800,7.327000,7.468000,7.166000,7.055000,7.348000
219,3,2,7.272800,7.380000,7.406000,7.150000,7.026000,7.402000
219,4,2,7.298000,7.293000,7.381000,7.337000,7.063000,7.416000
219,5,2,7.104800,7.124000,7.198000,6.941000,6.997000,7.264000
219,6,2,7.368600,7.357000,7.408000,7.392000,7.178000,7.508000
219,7,2,7.246200,7.250000,7.441000,7.200000,7.091000,7.249000
219,8,2,7.324000,7.397000,7.432000,7.337000,7.106000,7.348000
219,9,2,7.332800,7.383000,7.451000,7.280000,7.220000,7.330000
219,10,2,7.210000,7.265000,7.388000,7.097000,7.103000,7.197000
219,11,2,7.269000,7.319000,7.358000,7.213000,7.097000,7.358000
219,12,2,7.213400,7.266000,7.407000,7.226000,7.108000,7.060000
219,13,2,7.050400,7.000000,7.176000,7.002000,7.008000,7.066000
219,14,2,7.308000,7.406000,7.402000,7.261000,7.122000,7.349000
219,15,2,7.376800,7.418000,7.542000,7.322000,7.137000,7.465000
219,16,2,7.211600,7.289000,7.374000,7.121000,7.006000,7.268000
219,17,2,7.223400,7.287000,7.294000,7.180000,7.088000,7.268000
219,18,2,7.189400,7.214000,7.257000,7.093000,7.099000,7.284000
219,19,2,7.257600,7.395000,7.332000,7.169000,7.155000,7.237000
220,0,0,5.196000,5.198000,5.285000,5.359000,5.065000,5.073000
220,1,0,4.985800,4.882000,5.069000,5.134000,4.957000,4.887000
220,2,0,5.568600,5.559000,5.711000,5.599000,5.517000,5.457000
220,3,0,4.965000,4.920000,5.157000,5.089000,4.944000,4.715000
220,4,0,5.310200,5.276000,5.529000,5.400000,5.148000,5.198000
220,5,0,5.340800,5.319000,5.437000,5.495000,5.269000,5.184000
220,6,0,5.419200,5.553000,5.540000,5.403000,5.394000,5.206000
220,7,0,5.270200,5.084000,5.532000,5.404000,5.200000,5.131000
220,8,0,5.226400,5.127000,5.357000,5.381000,5.147000,5.120000
220,9,0,5.104800,5.222000,5.112000,5.242000,5.018000,4.930000
220,10,0,4.888400,4.786000,5.049000,4.974000,4.773000,4.860000
220,11,0,5.129200,5.038000,5.163000,5.223000,5.151000,5.071000
220,12,0,5.067800,4.921000,5.218000,5.156000,4.976000,5.068000
220,13,0,5.034000,4.949000,5.140000,5.094000,4.984000,5.003000
220,14,0,5.143600,5.163000,5.234000,5.218000,5.082000,5.021000
220,15,0,5.248800,5.402000,5.285000,5.312000,5.140000,5.105000
220,16,0,5.170400,5.093000,5.200000,5.207000,5.180000,5.172000
220,17,0,5.070800,4.948000,5.075000,5.290000,5.158000,4.883000
220,18,0,5.267600,5.324000,5.344000,5.407000,5.165000,5.098000
220,19,0,5.138800,5.076000,5.236000,5.258000,5.158000,4.966000
220,20,1,4.660200,4.594000,4.747000,4.653000,4.661000,4.646000
220,21,1,4.702200,4.671000,4.837000,4.820000,4.525000,4.658000
220,22,1,4.457000,4.406000,4.490000,4.477000,4.440000,4.472000
220,23,1,4.582800,4.516000,4.601000,4.594000,4.693000,4.510000
220,24,1,4.552600,4.466000,4.724000,4.610000,4.489000,4.474000
220,25,1,4.397000,4.391000,4.507000,4.313000,4.468000,4.306000
220,26,1,4.476600,4.516000,4.418000,4.493000,4.583000,4.373000
220,27,1,4.393600,4.410000,4.483000,4.389000,4.297000,4.389000
220,28,1,4.674200,4.546000,4.799000,4.723000,4.730000,4.573000
220,29,1,4.662000,4.639000,4.693000,4.798000,4.582000,4.598000
220,30,1,4.528800,4.545000,4.574000,4.569000,4.582000,4.374000
220,31,1,4.515600,4.557000,4.610000,4.484000,4.466000,4.461000
220,32,1,4.546000,4.487000,4.605000,4.532000,4.563000,4.543000
220,33,1,4.551400,4.449000,4.703000,4.598000,4.547000,4.460000
220,34,1,4.622200,4.565000,4.713000,4.625000,4.626000,4.582000
220,35,1,4.278800,4.262000,4.345000,4.381000,4.266000,4.140000
220,36,1,4.458800,4.410000,4.543000,4.470000,4.449000,4.422000
220,37,1,4.471600,4.411000,4.556000,4.519000,4.466000,4.406000
220,38,1,4.486600,4.428000,4.594000,4.365000,4.416000,4.630000
220,39,1,4.411600,4.362000,4.431000,4.489000,4.440000,4.336000
220,40,2,7.208400,7.064000,7.258000,7.354000,7.208000,7.158000
220,41,2,7.262800,7.240000,7.228000,7.207000,7.318000,7.321000
220,42,2,7.070200,6.970000,7.171000,7.183000,7.018000,7.009000
220,43,2,7.102600,7.054000,7.139000,7.156000,7.111000,7.053000
220,44,2,7.177000,7.078000,7.228000,7.243000,7.249000,7.087000
220,45,2,7.168600,7.033000,7.266000,7.246000,7.190000,7.108000
220,46,2,7.341200,7.322000,7.314000,7.487000,7.286000,7.297000
220,47,2,7.315800,7.240000,7.290000,7.416000,7.331000,7.302000
220,48,2,7.336600,7.221000,7.431000,7.331000,7.367000,7.333000
220,49,2,7.304000,7.234000,7.332000,7.302000,7.317000,7.335000
220,50,2,7.198000,7.065000,7.295000,7.359000,7.124000,7.147000
220,51,2,6.968600,6.864000,7.083000,7.041000,6.958000,6.897000
220,52,2,7.269800,7.225000,7.324000,7.367000,7.233000,7.200000
220,53,2,7.254600,7.227000,7.345000,7.235000,7.285000,7.181000
220,54,2,7.271200,7.140000,7.351000,7.342000,7.300000,7.223000
220,55,2,7.185800,7.081000,7.271000,7.243000,7.140000,7.194000
220,56,2,7.242800,7.247000,7.348000,7.288000,7.251000,7.080000
220,57,2,7.259600,7.148000,7.364000,7.357000,7.229000,7.200000
220,58,2,7.275600,7.152000,7.355000,7.317000,7.362000,7.192000
220,59,2,7.139200,6.983000,7.267000,7.268000,7.142000,7.036000
220,60,3,4.662800,4.620000,4.837000,4.642000,4.616000,4.599000
220,61,3,4.863600,4.811000,4.987000,4.806000,4.831000,4.883000
220,62,3,4.844800,4.820000,4.953000,4.883000,4.750000,4.818000
220,63,3,4.981400,4.954000,5.168000,5.036000,4.886000,4.863000
220,64,3,4.651600,4.610000,4.650000,4.730000,4.629000,4.639000
220,65,3,4.750800,4.655000,4.807000,4.985000,4.624000,4.683000
220,66,3,4.658200,4.583000,4.660000,4.778000,4.756000,4.514000
220,67,3,4.852200,4.963000,4.866000,4.861000,4.750000,4.821000
220,68,3,4.778000,4.766000,4.887000,4.780000,4.740000,4.717000
220,69,3,4.733000,4.646000,4.893000,4.893000,4.529000,4.704000
220,70,3,4.700000,4.687000,4.768000,4.730000,4.658000,4.657000
220,71,3,4.665800,4.648000,4.856000,4.755000,4.542000,4.528000
220,72,3,4.656600,4.541000,4.707000,4.741000,4.666000,4.628000
220,73,3,4.705600,4.614000,4.831000,4.787000,4.725000,4.571000
220,74,3,4.722000,4.711000,4.749000,4.806000,4.680000,4.664000
220,75,3,4.667000,4.622000,4.747000,4.667000,4.683000,4.616000
220,76,3,4.696400,4.606000,4.688000,4.781000,4.785000,4.622000
220,77,3,4.789000,4.810000,4.916000,4.909000,4.703000,4.607000
220,78,3,4.624000,4.545000,4.677000,4.742000,4.552000,4.604000
220,79,3,4.716600,4.703000,4.859000,4.838000,4.576000,4.607000
220,80,4,5.359800,5.380000,5.502000,5.367000,5.318000,5.232000
220,81,4,5.191600,5.267000,5.304000,5.120000,5.180000,5.087000
220,82,4,5.298800,5.367000,5.337000,5.214000,5.381000,5.195000
220,83,4,5.164000,5.129000,5.195000,5.141000,5.197000,5.158000
220,84,4,5.311400,5.308000,5.348000,5.312000,5.313000,5.276000
220,85,4,5.131000,5.000000,5.352000,5.213000,4.998000,5.092000
220,86,4,5.228000,5.122000,5.266000,5.383000,5.224000,5.145000
220,87,4,5.328400,5.275000,5.460000,5.354000,5.365000,5.188000
220,88,4,5.364600,5.356000,5.352000,5.413000,5.378000,5.324000
220,89,4,5.139800,5.203000,5.176000,5.197000,5.051000,5.072000
220,90,4,5.348200,5.302000,5.446000,5.348000,5.366000,5.279000
220,91,4,5.133400,5.041000,5.177000,5.233000,5.134000,5.082000
220,92,4,5.266800,5.348000,5.310000,5.251000,5.337000,5.088000
220,93,4,5.260400,5.110000,5.380000,5.362000,5.292000,5.158000
220,94,4,5.306600,5.227000,5.393000,5.286000,5.423000,5.204000
220,95,4,5.329400,5.224000,5.415000,5.341000,5.407000,5.260000
220,96,4,5.357200,5.385000,5.479000,5.339000,5.381000,5.202000
220,97,4,5.326600,5.257000,5.434000,5.353000,5.304000,5.285000
220,98,4,5.281600,5.184000,5.267000,5.357000,5.353000,5.247000
220,99,4,5.201800,5.098000,5.289000,5.109000,5.290000,5.223000
221,0,2,7.021200,6.907000,7.118000,7.042000,7.017000,7.022000
221,1,2,7.285200,7.358000,7.163000,7.321000,7.349000,7.235000
221,2,2,7.259800,7.299000,7.000000,7.286000,7.397000,7.317000
221,3,2,7.288800,7.261000,7.140000,7.282000,7.351000,7.410000
221,4,2,7.213800,7.220000,7.204000,7.184000,7.330000,7.131000
221,5,2,7.304800,7.268000,7.357000,7.255000,7.366000,7.278000
221,6,2,7.365400,7.283000,7.361000,7.404000,7.456000,7.323000
221,7,2,7.227200,7.185000,7.262000,7.207000,7.287000,7.195000
221,8,2,7.231400,7.133000,7.285000,7.266000,7.295000,7.178000
221,9,2,7.182400,7.097000,7.088000,7.292000,7.315000,7.120000
221,10,2,7.193600,7.118000,7.303000,7.116000,7.153000,7.278000
221,11,2,7.168800,7.225000,7.233000,7.030000,7.191000,7.165000
221,12,2,6.911000,6.901000,6.947000,6.876000,7.022000,6.809000
221,13,2,7.218600,7.200000,7.034000,7.225000,7.275000,7.359000
221,14,2,7.210600,7.145000,7.281000,7.110000,7.317000,7.200000
221,15,2,7.300600,7.327000,7.247000,7.283000,7.345000,7.301000
221,16,2,7.244000,7.133000,7.270000,7.212000,7.313000,7.292000
221,17,2,7.141800,7.123000,6.950000,7.111000,7.307000,7.218000
221,18,2,7.237600,7.074000,7.351000,7.132000,7.363000,7.268000
221,19,2,7.194600,7.141000,7.195000,7.150000,7.291000,7.196000
222,0,2,7.035800,7.056000,7.138000,7.019000,6.846000,7.120000
222,1,2,7.243800,7.258000,7.271000,7.309000,7.184000,7.197000
222,2,2,7.311600,7.327000,7.306000,7.423000,7.147000,7.355000
222,3,2,7.307800,7.317000,7.288000,7.357000,7.227000,7.350000
222,4,2,7.221400,7.287000,7.255000,7.245000,7.069000,7.251000
222,5,2,7.275200,7.342000,7.326000,7.314000,7.105000,7.289000
222,6,2,7.229800,7.182000,7.328000,7.283000,7.143000,7.213000
222,7,2,7.243800,7.280000,7.284000,7.230000,7.004000,7.421000
222,8,2,7.255000,7.299000,7.317000,7.278000,7.007000,7.374000
222,9,2,7.121000,7.156000,7.153000,7.058000,6.991000,7.247000
222,10,2,7.198200,7.203000,7.232000,7.247000,7.024000,7.285000
222,11,2,7.341800,7.355000,7.400000,7.358000,7.249000,7.347000
222,12,2,7.338200,7.356000,7.322000,7.514000,7.240000,7.259000
222,13,2,7.205400,7.253000,7.270000,7.190000,7.083000,7.231000
222,14,2,7.150000,7.234000,7.238000,7.149000,6.991000,7.138000
222,15,2,7.203000,7.125000,7.227000,7.234000,7.189000,7.240000
222,16,2,7.264400,7.267000,7.367000,7.311000,7.180000,7.197000
222,17,2,7.305000,7.362000,7.415000,7.346000,7.061000,7.341000
222,18,2,7.290200,7.401000,7.467000,7.399000,7.174000,7.010000
222,19,2,7.260600,7.346000,7.225000,7.274000,7.154000,7.304000
223,0,2,7.213200,7.248000,7.220000,7.250000,7.131000,7.217000
223,1,2,7.392800,7.432000,7.423000,7.312000,7.421000,7.376000
223,2,2,7.166000,7.117000,7.071000,7.198000,7.206000,7.238000
223,3,2,7.018400,7.061000,6.796000,7.031000,7.104000,7.100000
223,4,2,7.258400,7.261000,7.172000,7.323000,7.192000,7.344000
223,5,2,7.306000,7.296000,7.324000,7.346000,7.275000,7.289000
223,6,2,7.290800,7.314000,7.246000,7.265000,7.250000,7.379000
223,7,2,7.289000,7.352000,7.234000,7.370000,7.284000,7.205000
223,8,2,7.396200,7.448000,7.389000,7.351000,7.435000,7.358000
223,9,2,7.327000,7.433000,7.324000,7.218000,7.286000,7.374000
223,10,2,7.398400,7.430000,7.419000,7.456000,7.332000,7.355000
223,11,2,7.198400,7.307000,7.233000,7.185000,7.169000,7.098000
223,12,2,7.416600,7.558000,7.429000,7.438000,7.401000,7.257000
223,13,2,7.306800,7.333000,7.351000,7.341000,7.242000,7.267000
223,14,2,7.229000,7.299000,7.202000,7.229000,7.259000,7.156000
223,15,2,7.313200,7.446000,7.305000,7.314000,7.267000,7.234000
223,16,2,7.185800,7.281000,7.188000,7.119000,7.163000,7.178000
223,17,2,7.260800,7.272000,7.228000,7.219000,7.312000,7.273000
223,18,2,7.369000,7.469000,7.437000,7.341000,7.301000,7.297000
223,19,2,6.978800,7.018000,6.825000,7.010000,7.043000,6.998000
224,0,2,7.276200,7.155000,7.364000,7.200000,7.340000,7.322000
224,1,2,7.096400,6.969000,6.850000,7.081000,7.341000,7.241000
224,2,2,7.457800,7.395000,7.418000,7.391000,7.577000,7.508000
224,3,2,7.310200,7.328000,7.283000,7.218000,7.313000,7.409000
224,4,2,7.432800,7.424000,7.433000,7.326000,7.443000,7.538000
224,5,2,7.356600,7.317000,7.341000,7.264000,7.493000,7.368000
224,6,2,7.347800,7.378000,7.331000,7.233000,7.466000,7.331000
224,7,2,7.348000,7.359000,7.283000,7.244000,7.444000,7.410000
224,8,2,7.267600,7.251000,7.221000,7.103000,7.452000,7.311000
224,9,2,7.304600,7.313000,7.201000,7.263000,7.453000,7.293000
224,10,2,7.307000,7.263000,7.249000,7.209000,7.402000,7.412000
224,11,2,7.299800,7.188000,7.200000,7.173000,7.511000,7.427000
224,12,2,7.409000,7.359000,7.425000,7.373000,7.497000,7.391000
224,13,2,7.252200,7.222000,7.203000,7.115000,7.463000,7.258000
224,14,2,7.363800,7.276000,7.337000,7.344000,7.480000,7.382000
224,15,2,7.411200,7.379000,7.389000,7.324000,7.538000,7.426000
224,16,2,7.407600,7.366000,7.402000,7.396000,7.441000,7.433000
224,17,2,7.381400,7.364000,7.336000,7.388000,7.468000,7.351000
224,18,2,7.352600,7.263000,7.381000,7.211000,7.531000,7.377000
224,19,2,7.328600,7.193000,7.257000,7.228000,7.509000,7.456000
225,0,2,7.316200,7.297000,7.379000,7.307000,7.347000,7.251000
225,1,2,7.142800,7.122000,7.168000,7.135000,7.098000,7.191000
225,2,2,7.236000,7.290000,7.279000,7.266000,7.157000,7.188000
225,3,2,7.392400,7.283000,7.466000,7.397000,7.414000,7.402000
225,4,2,7.360600,7.254000,7.442000,7.356000,7.315000,7.436000
225,5,2,7.327400,7.419000,7.332000,7.280000,7.313000,7.293000
225,6,2,7.286400,7.310000,7.232000,7.261000,7.291000,7.338000
225,7,2,7.349400,7.336000,7.365000,7.348000,7.329000,7.369000
225,8,2,7.367800,7.435000,7.421000,7.282000,7.358000,7.343000
225,9,2,7.357400,7.304000,7.403000,7.348000,7.375000,7.357000
225,10,2,7.308800,7.347000,7.306000,7.282000,7.304000,7.305000
225,11,2,7.367800,7.282000,7.390000,7.421000,7.369000,7.377000
225,12,2,7.401400,7.358000,7.401000,7.447000,7.426000,7.375000
225,13,2,7.222800,7.202000,7.267000,7.262000,7.194000,7.189000
225,14,2,7.344800,7.344000,7.395000,7.269000,7.316000,7.400000
225,15,2,7.353000,7.341000,7.400000,7.275000,7.386000,7.363000
225,16,2,7.355000,7.409000,7.383000,7.359000,7.304000,7.320000
225,17,2,7.316400,7.367000,7.342000,7.359000,7.204000,7.310000
225,18,2,7.389600,7.384000,7.380000,7.450000,7.353000,7.381000
225,19,2,7.141200,7.094000,7.208000,7.150000,7.145000,7.109000
226,0,2,7.327400,7.304000,7.315000,7.325000,7.313000,7.380000
226,1,2,7.289400,7.331000,7.206000,7.120000,7.409000,7.381000
226,2,2,7.323600,7.335000,7.243000,7.253000,7.371000,7.416000
226,3,2,7.345200,7.352000,7.310000,7.248000,7.441000,7.375000
226,4,2,7.274200,7.263000,7.131000,7.164000,7.402000,7.411000
226,5,2,7.299800,7.292000,7.235000,7.178000,7.386000,7.408000
226,6,2,7.262600,7.346000,7.254000,6.960000,7.470000,7.283000
226,7,2,7.228800,7.272000,7.116000,7.176000,7.327000,7.253000
226,8,2,7.244200,7.138000,7.269000,7.199000,7.244000,7.371000
226,9,2,7.374800,7.350000,7.286000,7.312000,7.471000,7.455000
226,10,2,7.343600,7.386000,7.240000,7.238000,7.450000,7.404000
226,11,2,7.368800,7.356000,7.283000,7.303000,7.480000,7.422000
226,12,2,7.305200,7.317000,7.339000,7.045000,7.381000,7.444000
226,13,2,7.311000,7.354000,7.304000,7.188000,7.382000,7.327000
226,14,2,7.339600,7.298000,7.341000,7.214000,7.454000,7.391000
226,15,2,7.332600,7.346000,7.272000,7.119000,7.471000,7.455000
226,16,2,7.310400,7.274000,7.264000,7.234000,7.401000,7.379000
226,17,2,7.378600,7.452000,7.351000,7.335000,7.422000,7.333000
226,18,2,7.350800,7.340000,7.293000,7.235000,7.393000,7.493000
226,19,2,7.104000,7.101000,7.013000,7.067000,7.126000,7.213000
227,0,2,7.163800,7.103000,7.329000,7.235000,7.153000,6.999000
227,1,2,7.202400,7.118000,7.327000,7.200000,7.260000,7.107000
227,2,2,7.389600,7.349000,7.592000,7.283000,7.386000,7.338000
227,3,2,7.284000,7.180000,7.426000,7.312000,7.292000,7.210000
227,4,2,7.322200,7.207000,7.517000,7.343000,7.371000,7.173000
227,5,2,7.414800,7.342000,7.591000,7.418000,7.388000,7.335000
227,6,2,7.292600,7.173000,7.469000,7.299000,7.338000,7.184000
227,7,2,7.202000,7.140000,7.261000,7.296000,7.224000,7.089000
227,8,2,7.422600,7.378000,7.541000,7.412000,7.431000,7.351000
227,9,2,7.097800,6.872000,7.240000,7.143000,7.121000,7.113000
227,10,2,7.274000,7.124000,7.408000,7.280000,7.346000,7.212000
227,11,2,7.150400,7.030000,7.271000,7.290000,7.132000,7.029000
227,12,2,7.311000,7.170000,7.449000,7.350000,7.341000,7.245000
227,13,2,7.231400,7.140000,7.335000,7.245000,7.327000,7.110000
227,14,2,7.370000,7.295000,7.504000,7.325000,7.327000,7.399000
227,15,2,7.239200,7.138000,7.368000,7.338000,7.185000,7.167000
227,16,2,7.190400,7.086000,7.297000,7.178000,7.211000,7.180000
227,17,2,7.294400,7.201000,7.399000,7.386000,7.404000,7.082000
227,18,2,7.330200,7.288000,7.419000,7.438000,7.341000,7.165000
227,19,2,7.142400,7.103000,7.356000,7.139000,7.118000,6.996000
228,0,2,7.265600,7.148000,7.220000,7.349000,7.263000,7.348000
228,1,2,7.354200,7.249000,7.263000,7.444000,7.349000,7.466000
228,2,2,7.243600,7.035000,7.314000,7.254000,7.240000,7.375000
228,3,2,7.166200,7.165000,7.090000,7.173000,7.129000,7.274000
228,4,2,7.307400,7.273000,7.266000,7.343000,7.228000,7.427000
228,5,2,7.284600,7.304000,7.132000,7.289000,7.274000,7.424000
228,6,2,7.361200,7.356000,7.414000,7.342000,7.280000,7.414000
228,7,2,7.294400,7.386000,7.320000,7.412000,6.976000,7.378000
228,8,2,7.242400,7.256000,7.230000,7.254000,7.140000,7.332000
228,9,2,7.248400,7.231000,7.260000,7.225000,7.272000,7.254000
228,10,2,7.345000,7.273000,7.328000,7.370000,7.282000,7.472000
228,11,2,7.207000,7.266000,7.108000,7.195000,7.079000,7.387000
228,12,2,7.368600,7.385000,7.386000,7.381000,7.207000,7.484000
228,13,2,7.298800,7.219000,7.281000,7.387000,7.252000,7.355000
228,14,2,7.266000,7.124000,7.231000,7.278000,7.264000,7.433000
228,15,2,7.301200,7.160000,7.231000,7.378000,7.319000,7.418000
228,16,2,7.261600,7.219000,7.174000,7.404000,7.211000,7.300000
228,17,2,7.335000,7.220000,7.295000,7.267000,7.438000,7.455000
228,18,2,7.115800,7.095000,7.027000,7.064000,7.080000,7.313000
228,19,2,7.201400,7.109000,7.153000,7.238000,7.120000,7.387000
229,0,2,7.156200,7.076000,7.306000,7.125000,7.194000,7.080000
229,1,2,7.307400,7.223000,7.374000,7.341000,7.262000,7.337000
229,2,2,7.336400,7.280000,7.365000,7.295000,7.376000,7.366000
229,3,2,7.329800,7.296000,7.417000,7.318000,7.416000,7.202000
229,4,2,7.319200,7.298000,7.398000,7.305000,7.265000,7.330000
229,5,2,7.209800,7.270000,7.265000,7.131000,7.324000,7.059000
229,6,2,7.404200,7.402000,7.536000,7.384000,7.351000,7.348000
229,7,2,7.399200,7.361000,7.513000,7.336000,7.429000,7.357000
229,8,2,7.427000,7.424000,7.459000,7.492000,7.358000,7.402000
229,9,2,7.214800,7.280000,7.385000,7.206000,6.981000,7.222000
229,10,2,7.393000,7.346000,7.518000,7.432000,7.348000,7.321000
229,11,2,7.352200,7.385000,7.388000,7.215000,7.395000,7.378000
229,12,2,7.340400,7.316000,7.435000,7.373000,7.279000,7.299000
229,13,2,7.367400,7.314000,7.500000,7.343000,7.421000,7.259000
229,14,2,7.430600,7.372000,7.525000,7.433000,7.339000,7.484000
229,15,2,7.351800,7.381000,7.526000,7.475000,6.986000,7.391000
229,16,2,7.292000,7.374000,7.326000,7.323000,7.249000,7.188000
229,17,2,7.354000,7.224000,7.473000,7.345000,7.349000,7.379000
229,18,2,7.362800,7.384000,7.482000,7.319000,7.308000,7.321000
229,19,2,7.083000,7.034000,7.140000,6.927000,7.090000,7.224000
230,0,0,5.499400,5.451000,5.562000,5.454000,5.591000,5.439000
230,1,0,5.370400,5.452000,5.438000,5.249000,5.472000,5.241000
230,2,0,5.641600,5.659000,5.704000,5.620000,5.623000,5.602000
230,3,0,5.419000,5.469000,5.414000,5.225000,5.560000,5.427000
230,4,0,5.478800,5.483000,5.428000,5.565000,5.494000,5.424000
230,5,0,5.208000,5.230000,5.164000,5.132000,5.349000,5.165000
230,6,0,5.465200,5.386000,5.570000,5.423000,5.538000,5.409000
230,7,0,5.542600,5.545000,5.649000,5.344000,5.603000,5.572000
230,8,0,5.514200,5.465000,5.428000,5.439000,5.691000,5.548000
230,9,0,5.311200,5.363000,5.300000,5.220000,5.375000,5.298000
230,10,0,5.498800,5.488000,5.648000,5.423000,5.485000,5.450000
230,11,0,5.399600,5.403000,5.381000,5.346000,5.555000,5.313000
230,12,0,5.320600,5.242000,5.448000,5.283000,5.395000,5.235000
230,13,0,5.272400,5.190000,5.260000,5.272000,5.391000,5.249000
230,14,0,5.315200,5.432000,5.292000,5.251000,5.366000,5.235000
230,15,0,5.499000,5.385000,5.667000,5.365000,5.621000,5.457000
230,16,0,5.263000,5.319000,5.258000,5.315000,5.183000,5.240000
230,17,0,5.508600,5.418000,5.546000,5.431000,5.655000,5.493000
230,18,0,5.588800,5.392000,5.721000,5.531000,5.730000,5.570000
230,19,0,5.453400,5.502000,5.495000,5.412000,5.612000,5.246000
230,20,1,4.578000,4.614000,4.600000,4.610000,4.575000,4.491000
230,21,1,4.578000,4.626000,4.565000,4.563000,4.610000,4.526000
230,22,1,4.525400,4.411000,4.548000,4.530000,4.647000,4.491000
230,23,1,4.519600,4.569000,4.577000,4.433000,4.621000,4.398000
230,24,1,4.538200,4.586000,4.503000,4.543000,4.628000,4.431000
230,25,1,4.573200,4.631000,4.631000,4.573000,4.531000,4.500000
230,26,1,4.673400,4.780000,4.727000,4.572000,4.818000,4.470000
230,27,1,4.668000,4.684000,4.717000,4.648000,4.683000,4.608000
230,28,1,4.530200,4.572000,4.516000,4.467000,4.598000,4.498000
230,29,1,4.682000,4.772000,4.692000,4.604000,4.659000,4.683000
230,30,1,4.721000,4.678000,4.796000,4.653000,4.770000,4.708000
230,31,1,4.463400,4.451000,4.599000,4.526000,4.490000,4.251000
230,32,1,4.760200,4.714000,4.731000,4.810000,4.769000,4.777000
230,33,1,4.484200,4.464000,4.583000,4.460000,4.478000,4.436000
230,34,1,4.553600,4.478000,4.570000,4.670000,4.599000,4.451000
230,35,1,4.676600,4.497000,4.732000,4.628000,4.802000,4.724000
230,36,1,4.484400,4.334000,4.602000,4.445000,4.607000,4.434000
230,37,1,4.432400,4.434000,4.551000,4.301000,4.523000,4.353000
230,38,1,4.379600,4.375000,4.379000,4.281000,4.391000,4.472000
230,39,1,4.396400,4.410000,4.494000,4.327000,4.408000,4.343000
230,40,2,7.383800,7.427000,7.397000,7.311000,7.374000,7.410000
230,41,2,7.240600,7.258000,7.281000,7.143000,7.200000,7.321000
230,42,2,7.386000,7.272000,7.462000,7.423000,7.360000,7.413000
230,43,2,7.417000,7.352000,7.484000,7.403000,7.363000,7.483000
230,44,2,7.390400,7.448000,7.433000,7.298000,7.362000,7.411000
230,45,2,7.376400,7.268000,7.399000,7.335000,7.406000,7.474000
230,46,2,7.286000,7.240000,7.372000,7.261000,7.319000,7.238000
230,47,2,7.387600,7.403000,7.445000,7.341000,7.307000,7.442000
230,48,2,7.292200,7.228000,7.344000,7.259000,7.279000,7.351000
230,49,2,7.423000,7.368000,7.534000,7.374000,7.447000,7.392000
230,50,2,7.313000,7.305000,7.436000,7.255000,7.369000,7.200000
230,51,2,7.428600,7.360000,7.494000,7.475000,7.409000,7.405000
230,52,2,7.309600,7.369000,7.339000,7.282000,7.242000,7.316000
230,53,2,7.308600,7.255000,7.391000,7.362000,7.268000,7.267000
230,54,2,7.375400,7.296000,7.448000,7.427000,7.414000,7.292000
230,55,2,7.277400,7.220000,7.296000,7.300000,7.287000,7.284000
230,56,2,7.406200,7.492000,7.385000,7.389000,7.323000,7.442000
230,57,2,7.306000,7.269000,7.425000,7.318000,7.242000,7.276000
230,58,2,7.382000,7.364000,7.505000,7.441000,7.455000,7.145000
230,59,2,7.343400,7.322000,7.411000,7.376000,7.254000,7.354000
230,60,3,4.705800,4.647000,4.774000,4.590000,4.778000,4.740000
230,61,3,4.726400,4.696000,4.702000,4.779000,4.832000,4.623000
230,62,3,4.854200,4.760000,4.860000,4.839000,4.995000,4.817000
230,63,3,4.841400,4.852000,4.934000,4.787000,4.789000,4.845000
230,64,3,4.696200,4.636000,4.737000,4.605000,4.778000,4.725000
230,65,3,4.741000,4.673000,4.724000,4.719000,4.803000,4.786000
230,66,3,4.840600,4.804000,4.833000,4.824000,4.992000,4.750000
230,67,3,4.754200,4.668000,4.881000,4.660000,4.875000,4.687000
230,68,3,4.797400,4.788000,4.707000,4.751000,4.870000,4.871000
230,69,3,4.851200,4.828000,4.924000,4.831000,4.879000,4.794000
230,70,3,4.864000,4.771000,4.941000,4.830000,4.963000,4.815000
230,71,3,4.751400,4.737000,4.815000,4.703000,4.719000,4.783000
230,72,3,4.745600,4.707000,4.754000,4.702000,4.908000,4.657000
230,73,3,4.857000,4.790000,4.961000,4.814000,4.823000,4.897000
230,74,3,4.631800,4.536000,4.673000,4.454000,4.777000,4.719000
230,75,3,4.725800,4.657000,4.860000,4.536000,4.822000,4.754000
230,76,3,4.819400,4.653000,4.912000,4.880000,4.849000,4.803000
230,77,3,4.656400,4.529000,4.683000,4.704000,4.786000,4.580000
230,78,3,4.803600,4.759000,4.851000,4.685000,4.969000,4.754000
230,79,3,4.873200,4.805000,4.841000,4.919000,4.910000,4.891000
230,80,4,5.159600,5.173000,5.226000,5.196000,5.106000,5.097000
230,81,4,5.299600,5.262000,5.427000,5.284000,5.346000,5.179000
230,82,4,5.366200,5.413000,5.285000,5.411000,5.450000,5.272000
230,83,4,4.995400,5.042000,5.035000,4.981000,4.976000,4.943000
230,84,4,5.246200,5.294000,5.340000,5.153000,5.280000,5.164000
230,85,4,5.271400,5.402000,5.317000,5.111000,5.287000,5.240000
230,86,4,5.187600,5.185000,5.251000,5.151000,5.209000,5.142000
230,87,4,5.072800,5.145000,5.101000,4.978000,5.038000,5.102000
230,88,4,5.383600,5.481000,5.323000,5.420000,5.502000,5.192000
230,89,4,5.181400,5.164000,5.148000,5.097000,5.260000,5.238000
230,90,4,5.002600,5.058000,4.911000,5.068000,5.035000,4.941000
230,91,4,5.249000,5.252000,5.205000,5.247000,5.356000,5.185000
230,92,4,5.340800,5.421000,5.529000,5.163000,5.453000,5.138000
230,93,4,5.272600,5.191000,5.349000,5.341000,5.285000,5.197000
230,94,4,5.281200,5.369000,5.225000,5.195000,5.379000,5.238000
230,95,4,5.262400,5.338000,5.317000,5.290000,5.244000,5.123000
230,96,4,5.202600,5.268000,5.311000,5.063000,5.227000,5.144000
230,97,4,5.141600,5.200000,5.059000,5.157000,5.147000,5.145000
230,98,4,5.227800,5.253000,5.158000,5.238000,5.309000,5.181000
230,99,4,5.330200,5.463000,5.363000,5.242000,5.315000,5.268000
231,0,2,7.271800,7.409000,7.190000,7.243000,7.169000,7.348000
231,1,2,6.964200,6.969000,6.929000,6.844000,7.026000,7.053000
231,2,2,7.473000,7.540000,7.482000,7.424000,7.402000,7.517000
231,3,2,7.216400,7.334000,7.218000,7.133000,7.130000,7.267000
231,4,2,7.334600,7.336000,7.306000,7.267000,7.328000,7.436000
231,5,2,7.148000,7.231000,7.201000,7.081000,7.131000,7.096000
231,6,2,7.423000,7.441000,7.428000,7.365000,7.255000,7.626000
231,7,2,7.346200,7.450000,7.418000,7.267000,7.263000,7.333000
231,8,2,7.335000,7.359000,7.407000,7.297000,7.180000,7.432000
231,9,2,7.286400,7.300000,7.212000,7.269000,7.300000,7.351000
231,10,2,7.491600,7.492000,7.466000,7.484000,7.482000,7.534000
231,11,2,7.336600,7.484000,7.348000,7.236000,7.326000,7.289000
231,12,2,7.264200,7.353000,7.274000,7.175000,7.190000,7.329000
231,13,2,7.337400,7.469000,7.205000,7.332000,7.275000,7.406000
231,14,2,7.277800,7.418000,7.285000,7.204000,7.141000,7.341000
231,15,2,7.262800,7.350000,7.212000,7.288000,7.206000,7.258000
231,16,2,7.240800,7.358000,7.233000,7.166000,7.151000,7.296000
231,17,2,7.397800,7.474000,7.430000,7.297000,7.296000,7.492000
231,18,2,7.150800,7.230000,7.165000,7.072000,7.077000,7.210000
231,19,2,7.179400,7.308000,7.150000,7.142000,7.073000,7.224000
232,0,2,7.470600,7.327000,7.433000,7.566000,7.459000,7.568000
232,1,2,7.299800,7.285000,7.261000,7.347000,7.202000,7.404000
232,2,2,7.313400,7.315000,7.317000,7.399000,7.203000,7.333000
232,3,2,7.337200,7.325000,7.376000,7.404000,7.185000,7.396000
232,4,2,7.295000,7.333000,7.320000,7.280000,7.179000,7.363000
232,5,2,7.311200,7.125000,7.337000,7.351000,7.369000,7.374000
232,6,2,7.417200,7.399000,7.358000,7.484000,7.340000,7.505000
232,7,2,7.319000,7.274000,7.271000,7.435000,7.198000,7.417000
232,8,2,7.372800,7.225000,7.243000,7.479000,7.384000,7.533000
232,9,2,7.396400,7.291000,7.304000,7.446000,7.492000,7.449000
232,10,2,7.347800,7.216000,7.307000,7.469000,7.250000,7.497000
232,11,2,7.249200,7.325000,7.209000,7.245000,7.129000,7.338000
232,12,2,7.353000,7.294000,7.264000,7.496000,7.322000,7.389000
232,13,2,7.374600,7.387000,7.336000,7.441000,7.245000,7.464000
232,14,2,7.332200,7.324000,7.304000,7.390000,7.244000,7.399000
232,15,2,7.326200,7.329000,7.319000,7.254000,7.350000,7.379000
232,16,2,7.327000,7.333000,7.296000,7.360000,7.338000,7.308000
232,17,2,7.375200,7.285000,7.191000,7.528000,7.333000,7.539000
232,18,2,7.175000,7.210000,7.100000,7.256000,7.091000,7.218000
232,19,2,7.412400,7.274000,7.369000,7.519000,7.428000,7.472000
233,0,2,7.412000,7.338000,7.436000,7.466000,7.372000,7.448000
233,1,2,7.391400,7.393000,7.426000,7.353000,7.378000,7.407000
233,2,2,7.308200,7.349000,7.360000,7.251000,7.327000,7.254000
233,3,2,7.389000,7.371000,7.485000,7.358000,7.363000,7.368000
233,4,2,7.325000,7.396000,7.350000,7.311000,7.272000,7.296000
233,5,2,7.386400,7.388000,7.479000,7.372000,7.314000,7.379000
233,6,2,7.384600,7.483000,7.449000,7.265000,7.362000,7.364000
233,7,2,7.520400,7.538000,7.551000,7.445000,7.517000,7.551000
233,8,2,7.314000,7.185000,7.440000,7.351000,7.265000,7.329000
233,9,2,7.405000,7.251000,7.467000,7.430000,7.374000,7.503000
233,10,2,7.428000,7.413000,7.565000,7.361000,7.416000,7.385000
233,11,2,7.363600,7.426000,7.197000,7.256000,7.473000,7.466000
233,12,2,7.325600,7.220000,7.397000,7.337000,7.273000,7.401000
233,13,2,7.430200,7.515000,7.428000,7.366000,7.434000,7.408000
233,14,2,7.328200,7.238000,7.385000,7.427000,7.242000,7.349000
233,15,2,7.402200,7.336000,7.520000,7.364000,7.408000,7.383000
233,16,2,7.374800,7.438000,7.358000,7.326000,7.295000,7.457000
233,17,2,7.484400,7.504000,7.511000,7.485000,7.455000,7.467000
233,18,2,7.483600,7.403000,7.569000,7.497000,7.403000,7.546000
233,19,2,7.449400,7.374000,7.507000,7.551000,7.364000,7.451000
234,0,2,7.394000,7.353000,7.467000,7.513000,7.426000,7.211000
234,1,2,7.370200,7.399000,7.328000,7.435000,7.439000,7.250000
234,2,2,7.427600,7.456000,7.290000,7.482000,7.510000,7.400000
234,3,2,7.459200,7.501000,7.269000,7.499000,7.573000,7.454000
234,4,2,7.269600,7.304000,7.400000,7.257000,7.294000,7.093000
234,5,2,7.384200,7.271000,7.364000,7.520000,7.470000,7.296000
234,6,2,7.465600,7.447000,7.492000,7.562000,7.442000,7.385000
234,7,2,7.187400,7.170000,7.308000,7.362000,7.253000,6.844000
234,8,2,7.422800,7.447000,7.391000,7.432000,7.463000,7.381000
234,9,2,7.373800,7.214000,7.393000,7.526000,7.485000,7.251000
234,10,2,7.516400,7.528000,7.490000,7.561000,7.548000,7.455000
234,11,2,7.493000,7.483000,7.454000,7.505000,7.528000,7.495000
234,12,2,7.392200,7.306000,7.475000,7.441000,7.419000,7.320000
234,13,2,7.484400,7.517000,7.482000,7.508000,7.535000,7.380000
234,14,2,7.503800,7.512000,7.505000,7.500000,7.476000,7.526000
234,15,2,7.389000,7.413000,7.226000,7.412000,7.418000,7.476000
234,16,2,7.458800,7.428000,7.540000,7.386000,7.535000,7.405000
234,17,2,7.306200,7.215000,7.337000,7.429000,7.408000,7.142000
234,18,2,7.497800,7.486000,7.527000,7.569000,7.481000,7.426000
234,19,2,7.433000,7.498000,7.376000,7.543000,7.409000,7.339000
235,0,2,7.341800,7.319000,7.304000,7.417000,7.284000,7.385000
235,1,2,7.124000,7.092000,7.159000,7.101000,7.008000,7.260000
235,2,2,7.351600,7.421000,7.332000,7.436000,7.231000,7.338000
235,3,2,7.293600,7.252000,7.318000,7.258000,7.244000,7.396000
235,4,2,7.354600,7.414000,7.318000,7.393000,7.314000,7.334000
235,5,2,7.410200,7.333000,7.559000,7.402000,7.316000,7.441000
235,6,2,7.334000,7.352000,7.325000,7.416000,7.217000,7.360000
235,7,2,7.323200,7.391000,7.274000,7.331000,7.238000,7.382000
235,8,2,7.323800,7.278000,7.402000,7.328000,7.291000,7.320000
235,9,2,7.232600,7.223000,7.335000,7.272000,7.087000,7.246000
235,10,2,7.388000,7.390000,7.493000,7.381000,7.273000,7.403000
235,11,2,7.368800,7.326000,7.476000,7.348000,7.229000,7.465000
235,12,2,7.259800,7.249000,7.246000,7.302000,7.117000,7.385000
235,13,2,7.378400,7.298000,7.520000,7.340000,7.277000,7.457000
235,14,2,7.354600,7.317000,7.374000,7.379000,7.319000,7.384000
235,15,2,7.336000,7.436000,7.202000,7.323000,7.317000,7.402000
235,16,2,7.373400,7.404000,7.452000,7.452000,7.215000,7.344000
235,17,2,7.307400,7.166000,7.331000,7.421000,7.214000,7.405000
235,18,2,7.325800,7.202000,7.369000,7.344000,7.216000,7.498000
235,19,2,7.380200,7.409000,7.373000,7.401000,7.254000,7.464000
236,0,2,7.347800,7.337000,7.439000,7.292000,7.361000,7.310000
236,1,2,7.046400,7.090000,7.017000,7.127000,7.064000,6.934000
236,2,2,7.395000,7.382000,7.478000,7.396000,7.361000,7.358000
236,3,2,7.344800,7.360000,7.421000,7.343000,7.210000,7.390000
236,4,2,7.426200,7.378000,7.531000,7.415000,7.413000,7.394000
236,5,2,7.395000,7.465000,7.361000,7.275000,7.418000,7.456000
236,6,2,7.378000,7.366000,7.410000,7.321000,7.401000,7.392000
236,7,2,7.279000,7.242000,7.331000,7.333000,7.199000,7.290000
236,8,2,7.429600,7.451000,7.519000,7.408000,7.328000,7.442000
236,9,2,7.391200,7.343000,7.460000,7.402000,7.439000,7.312000
236,10,2,7.333800,7.264000,7.348000,7.342000,7.326000,7.389000
236,11,2,7.235400,7.267000,7.342000,7.213000,7.252000,7.103000
236,12,2,7.428400,7.426000,7.388000,7.410000,7.395000,7.523000
236,13,2,7.247200,7.170000,7.297000,7.260000,7.188000,7.321000
236,14,2,7.406600,7.460000,7.426000,7.339000,7.399000,7.409000
236,15,2,7.364000,7.336000,7.397000,7.329000,7.361000,7.397000
236,16,2,7.368200,7.378000,7.369000,7.352000,7.387000,7.355000
236,17,2,7.368200,7.356000,7.385000,7.326000,7.349000,7.425000
236,18,2,7.374400,7.469000,7.436000,7.227000,7.436000,7.304000
236,19,2,7.386200,7.409000,7.404000,7.338000,7.455000,7.325000
237,0,2,7.215400,7.170000,7.387000,7.086000,7.122000,7.312000
237,1,2,7.324800,7.325000,7.501000,7.273000,7.240000,7.285000
237,2,2,7.404800,7.416000,7.341000,7.402000,7.424000,7.441000
237,3,2,7.372200,7.451000,7.399000,7.397000,7.251000,7.363000
237,4,2,7.319600,7.377000,7.319000,7.235000,7.356000,7.311000
237,5,2,7.353200,7.265000,7.379000,7.431000,7.382000,7.309000
237,6,2,7.290400,7.336000,7.267000,7.234000,7.297000,7.318000
237,7,2,7.367600,7.361000,7.377000,7.391000,7.364000,7.345000
237,8,2,7.367600,7.379000,7.388000,7.393000,7.294000,7.384000
237,9,2,7.382600,7.318000,7.441000,7.352000,7.401000,7.401000
237,10,2,7.218200,7.182000,7.217000,7.303000,7.157000,7.232000
237,11,2,7.333600,7.365000,7.375000,7.280000,7.306000,7.342000
237,12,2,7.190800,7.280000,7.249000,6.999000,7.183000,7.243000
237,13,2,7.458200,7.398000,7.513000,7.481000,7.421000,7.478000
237,14,2,7.431600,7.413000,7.511000,7.449000,7.342000,7.443000
237,15,2,7.220800,7.254000,7.313000,7.144000,7.216000,7.177000
237,16,2,7.375000,7.395000,7.414000,7.252000,7.287000,7.527000
237,17,2,7.230800,7.244000,7.301000,7.077000,7.226000,7.306000
237,18,2,7.336400,7.285000,7.426000,7.248000,7.325000,7.398000
237,19,2,7.359000,7.336000,7.410000,7.283000,7.356000,7.410000
238,0,2,7.352000,7.260000,7.432000,7.374000,7.322000,7.372000
238,1,2,7.395600,7.359000,7.437000,7.335000,7.478000,7.369000
238,2,2,7.379000,7.417000,7.422000,7.228000,7.373000,7.455000
238,3,2,7.424800,7.350000,7.428000,7.309000,7.594000,7.443000
238,4,2,7.416000,7.510000,7.417000,7.371000,7.413000,7.369000
238,5,2,7.316600,7.159000,7.462000,7.305000,7.350000,7.307000
238,6,2,7.434800,7.480000,7.465000,7.353000,7.391000,7.485000
238,7,2,7.409600,7.388000,7.388000,7.399000,7.458000,7.415000
238,8,2,7.355200,7.397000,7.319000,7.361000,7.406000,7.293000
238,9,2,7.357000,7.308000,7.374000,7.315000,7.416000,7.372000
238,10,2,6.727000,6.650000,6.815000,6.682000,6.789000,6.699000
238,11,2,7.397200,7.386000,7.403000,7.299000,7.461000,7.437000
238,12,2,7.492000,7.411000,7.547000,7.480000,7.574000,7.448000
238,13,2,7.056800,6.984000,7.108000,7.035000,7.109000,7.048000
238,14,2,7.385000,7.337000,7.435000,7.444000,7.277000,7.432000
238,15,2,7.459000,7.426000,7.564000,7.318000,7.486000,7.501000
238,16,2,7.287000,7.251000,7.302000,7.101000,7.435000,7.346000
238,17,2,7.390200,7.322000,7.468000,7.255000,7.423000,7.483000
238,18,2,7.378800,7.277000,7.453000,7.355000,7.355000,7.454000
238,19,2,7.368600,7.238000,7.400000,7.389000,7.416000,7.400000
239,0,2,7.385400,7.365000,7.298000,7.385000,7.492000,7.387000
239,1,2,7.374000,7.402000,7.360000,7.375000,7.357000,7.376000
239,2,2,7.213800,7.263000,7.120000,7.230000,7.231000,7.225000
239,3,2,7.242400,7.202000,7.138000,7.256000,7.292000,7.324000
239,4,2,7.409800,7.443000,7.442000,7.388000,7.401000,7.375000
239,5,2,7.129800,7.123000,7.012000,7.063000,7.251000,7.200000
239,6,2,7.285400,7.352000,7.229000,7.302000,7.245000,7.299000
239,7,2,7.382400,7.455000,7.320000,7.296000,7.419000,7.422000
239,8,2,7.219000,7.221000,7.211000,7.229000,7.264000,7.170000
239,9,2,7.336800,7.265000,7.361000,7.385000,7.344000,7.329000
239,10,2,7.460200,7.506000,7.451000,7.416000,7.459000,7.469000
239,11,2,7.241200,7.218000,7.229000,7.215000,7.257000,7.287000
239,12,2,7.451600,7.455000,7.414000,7.436000,7.432000,7.521000
239,13,2,7.342200,7.288000,7.314000,7.282000,7.326000,7.501000
239,14,2,7.347600,7.382000,7.307000,7.224000,7.377000,7.448000
239,15,2,7.088800,7.129000,6.942000,7.155000,7.152000,7.066000
239,16,2,7.456200,7.493000,7.462000,7.360000,7.426000,7.540000
239,17,2,7.429000,7.382000,7.375000,7.387000,7.463000,7.538000
239,18,2,7.381400,7.418000,7.333000,7.370000,7.353000,7.433000
239,19,2,7.368400,7.441000,7.284000,7.322000,7.368000,7.427000
240,0,0,5.190200,5.320000,5.142000,5.150000,5.246000,5.093000
240,1,0,5.381000,5.387000,5.402000,5.296000,5.429000,5.391000
240,2,0,5.431000,5.424000,5.442000,5.433000,5.473000,5.383000
240,3,0,5.500600,5.608000,5.496000,5.512000,5.544000,5.343000
240,4,0,5.453600,5.361000,5.481000,5.515000,5.500000,5.411000
240,5,0,5.382200,5.418000,5.412000,5.360000,5.422000,5.299000
240,6,0,5.387400,5.309000,5.351000,5.398000,5.478000,5.401000
240,7,0,5.333800,5.428000,5.433000,5.259000,5.307000,5.242000
240,8,0,5.475400,5.619000,5.458000,5.462000,5.424000,5.414000
240,9,0,5.379600,5.403000,5.416000,5.274000,5.548000,5.257000
240,10,0,5.453800,5.554000,5.411000,5.364000,5.591000,5.349000
240,11,0,5.627600,5.565000,5.626000,5.656000,5.631000,5.660000
240,12,0,5.297200,5.444000,5.278000,5.239000,5.339000,5.186000
240,13,0,5.496000,5.592000,5.389000,5.425000,5.644000,5.430000
240,14,0,5.336400,5.424000,5.513000,5.288000,5.242000,5.215000
240,15,0,5.381000,5.276000,5.395000,5.423000,5.401000,5.410000
240,16,0,5.556800,5.579000,5.429000,5.582000,5.678000,5.516000
240,17,0,5.433200,5.391000,5.448000,5.377000,5.467000,5.483000
240,18,0,5.466600,5.477000,5.477000,5.498000,5.535000,5.346000
240,19,0,5.485400,5.420000,5.391000,5.572000,5.585000,5.459000
240,20,1,4.884200,4.879000,5.004000,4.775000,4.848000,4.915000
240,21,1,4.913800,4.795000,4.965000,4.734000,5.099000,4.976000
240,22,1,4.727200,4.710000,4.741000,4.662000,4.809000,4.714000
240,23,1,4.922000,4.991000,4.895000,4.870000,4.919000,4.935000
240,24,1,4.794800,4.967000,4.890000,4.655000,4.729000,4.733000
240,25,1,4.941200,5.003000,4.856000,4.914000,5.030000,4.903000
240,26,1,4.826600,4.931000,4.791000,4.764000,4.932000,4.715000
240,27,1,4.748600,4.733000,4.912000,4.663000,4.722000,4.713000
240,28,1,4.941000,4.993000,5.049000,4.706000,4.953000,5.004000
240,29,1,4.979600,5.058000,5.073000,4.889000,4.970000,4.908000
240,30,1,5.070000,5.100000,5.119000,4.899000,5.045000,5.187000
240,31,1,4.839600,4.924000,4.831000,4.749000,4.884000,4.810000
240,32,1,4.973800,5.074000,5.071000,4.839000,5.073000,4.812000
240,33,1,4.917400,4.918000,4.973000,4.804000,4.948000,4.944000
240,34,1,4.844800,4.955000,4.967000,4.653000,4.906000,4.743000
240,35,1,4.886200,4.948000,4.934000,4.832000,4.991000,4.726000
240,36,1,4.822200,4.840000,4.869000,4.632000,4.915000,4.855000
240,37,1,4.909000,4.987000,5.001000,4.856000,4.984000,4.717000
240,38,1,4.793200,4.839000,4.870000,4.765000,4.798000,4.694000
240,39,1,4.674800,4.687000,4.830000,4.577000,4.781000,4.499000
240,40,2,7.314000,7.310000,7.275000,7.416000,7.364000,7.205000
240,41,2,7.451600,7.504000,7.411000,7.524000,7.463000,7.356000
240,42,2,7.405400,7.434000,7.377000,7.450000,7.479000,7.287000
240,43,2,7.346800,7.227000,7.376000,7.454000,7.402000,7.275000
240,44,2,7.327200,7.282000,7.291000,7.406000,7.377000,7.280000
240,45,2,7.281200,7.115000,7.258000,7.387000,7.427000,7.219000
240,46,2,7.350600,7.420000,7.229000,7.453000,7.413000,7.238000
240,47,2,7.465200,7.477000,7.427000,7.572000,7.471000,7.379000
240,48,2,7.295600,7.373000,7.198000,7.387000,7.272000,7.248000
240,49,2,7.344600,7.382000,7.175000,7.436000,7.476000,7.254000
240,50,2,7.380000,7.434000,7.330000,7.376000,7.466000,7.294000
240,51,2,7.322200,7.273000,7.343000,7.359000,7.390000,7.246000
240,52,2,7.437800,7.455000,7.384000,7.589000,7.454000,7.307000
240,53,2,7.391800,7.423000,7.344000,7.400000,7.468000,7.324000
240,54,2,7.330800,7.325000,7.276000,7.383000,7.384000,7.286000
240,55,2,7.416400,7.469000,7.265000,7.549000,7.431000,7.368000
240,56,2,7.335000,7.380000,7.285000,7.394000,7.406000,7.210000
240,57,2,7.330600,7.320000,7.265000,7.423000,7.374000,7.271000
240,58,2,7.383200,7.334000,7.395000,7.387000,7.510000,7.290000
240,59,2,7.364400,7.358000,7.272000,7.503000,7.443000,7.246000
240,60,3,4.736400,4.883000,4.757000,4.690000,4.685000,4.667000
240,61,3,4.675600,4.684000,4.684000,4.660000,4.771000,4.579000
240,62,3,4.683600,4.802000,4.738000,4.614000,4.730000,4.534000
240,63,3,4.832600,4.992000,4.882000,4.874000,4.813000,4.602000
240,64,3,4.691000,4.899000,4.823000,4.707000,4.608000,4.418000
240,65,3,4.746400,4.828000,4.730000,4.747000,4.721000,4.706000
240,66,3,4.817600,4.820000,4.903000,4.853000,4.809000,4.703000
240,67,3,4.790800,4.748000,4.837000,4.783000,4.798000,4.788000
240,68,3,4.867600,4.954000,4.845000,4.851000,4.937000,4.751000
240,69,3,4.603600,4.732000,4.707000,4.534000,4.519000,4.526000
240,70,3,4.891600,5.013000,4.933000,4.784000,4.937000,4.791000
240,71,3,4.833000,4.892000,4.912000,4.752000,4.905000,4.704000
240,72,3,4.764800,4.892000,4.866000,4.666000,4.700000,4.700000
240,73,3,4.579000,4.702000,4.594000,4.594000,4.495000,4.510000
240,74,3,4.760800,4.914000,4.842000,4.599000,4.781000,4.668000
240,75,3,4.778000,4.783000,4.890000,4.707000,4.805000,4.705000
240,76,3,4.830000,4.896000,4.911000,4.831000,4.736000,4.776000
240,77,3,4.827400,4.871000,4.941000,4.784000,4.872000,4.669000
240,78,3,4.820000,4.851000,4.714000,4.773000,4.883000,4.879000
240,79,3,4.588400,4.551000,4.592000,4.602000,4.663000,4.534000
240,80,4,5.071000,5.201000,5.221000,4.969000,5.009000,4.955000
240,81,4,5.126200,5.161000,5.212000,4.986000,5.239000,5.033000
240,82,4,5.065800,5.182000,5.056000,5.086000,5.108000,4.897000
240,83,4,5.083600,5.108000,5.124000,5.081000,4.992000,5.113000
240,84,4,5.028600,5.023000,5.076000,4.937000,5.122000,4.985000
240,85,4,5.112000,5.007000,5.240000,5.011000,5.163000,5.139000
240,86,4,4.859800,4.871000,4.882000,4.813000,4.998000,4.735000
240,87,4,4.952200,5.020000,4.940000,4.860000,5.002000,4.939000
240,88,4,5.141200,5.210000,5.255000,5.041000,5.087000,5.113000
240,89,4,5.211800,5.230000,5.241000,5.201000,5.140000,5.247000
240,90,4,5.024000,5.172000,5.051000,4.919000,4.958000,5.020000
240,91,4,5.209200,5.145000,5.291000,5.104000,5.359000,5.147000
240,92,4,4.978200,4.990000,5.002000,5.030000,4.954000,4.915000
240,93,4,5.006200,5.043000,5.107000,4.910000,4.959000,5.012000
240,94,4,5.018800,5.001000,5.148000,5.011000,5.042000,4.892000
240,95,4,5.026600,5.062000,4.963000,5.038000,5.099000,4.971000
240,96,4,5.449000,5.513000,5.420000,5.480000,5.386000,5.446000
240,97,4,5.020800,4.985000,5.085000,4.941000,5.126000,4.967000
240,98,4,5.169200,5.192000,5.173000,5.161000,5.226000,5.094000
240,99,4,5.155000,5.284000,5.015000,5.079000,5.198000,5.199000
241,0,2,7.362000,7.366000,7.319000,7.398000,7.283000,7.444000
241,1,2,7.315600,7.344000,7.409000,7.250000,7.270000,7.305000
241,2,2,7.491400,7.559000,7.515000,7.443000,7.477000,7.463000
241,3,2,7.381400,7.417000,7.362000,7.368000,7.326000,7.434000
241,4,2,7.493600,7.556000,7.505000,7.498000,7.397000,7.512000
241,5,2,7.309600,7.279000,7.310000,7.278000,7.322000,7.359000
241,6,2,7.391600,7.398000,7.437000,7.377000,7.298000,7.448000
241,7,2,7.434600,7.509000,7.460000,7.416000,7.383000,7.405000
241,8,2,7.354400,7.378000,7.389000,7.275000,7.346000,7.384000
241,9,2,7.438000,7.405000,7.516000,7.452000,7.370000,7.447000
241,10,2,7.415000,7.392000,7.466000,7.354000,7.413000,7.450000
241,11,2,7.415200,7.470000,7.410000,7.357000,7.383000,7.456000
241,12,2,7.442600,7.393000,7.526000,7.466000,7.454000,7.374000
241,13,2,7.507000,7.669000,7.550000,7.456000,7.518000,7.342000
241,14,2,7.413000,7.446000,7.419000,7.313000,7.390000,7.497000
241,15,2,7.406400,7.505000,7.370000,7.340000,7.465000,7.352000
241,16,2,7.420000,7.454000,7.492000,7.306000,7.430000,7.418000
241,17,2,7.437600,7.451000,7.474000,7.439000,7.496000,7.328000
241,18,2,7.447000,7.403000,7.461000,7.521000,7.465000,7.385000
241,19,2,7.370600,7.436000,7.365000,7.311000,7.368000,7.373000
242,0,2,7.343200,7.555000,7.187000,7.430000,7.268000,7.276000
242,1,2,7.330800,7.430000,7.313000,7.385000,7.310000,7.216000
242,2,2,7.347800,7.543000,7.256000,7.424000,7.273000,7.243000
242,3,2,7.372200,7.593000,7.287000,7.360000,7.345000,7.276000
242,4,2,7.252800,7.371000,7.228000,7.305000,7.198000,7.162000
242,5,2,7.378800,7.517000,7.304000,7.385000,7.366000,7.322000
242,6,2,7.371200,7.530000,7.279000,7.471000,7.364000,7.212000
242,7,2,7.383200,7.482000,7.383000,7.396000,7.346000,7.309000
242,8,2,7.397600,7.560000,7.341000,7.340000,7.428000,7.319000
242,9,2,7.274400,7.430000,7.129000,7.383000,7.258000,7.172000
242,10,2,7.387800,7.551000,7.358000,7.381000,7.332000,7.317000
242,11,2,7.446000,7.604000,7.460000,7.468000,7.423000,7.275000
242,12,2,7.463600,7.586000,7.486000,7.420000,7.489000,7.337000
242,13,2,7.362800,7.446000,7.258000,7.452000,7.298000,7.360000
242,14,2,7.532000,7.684000,7.490000,7.560000,7.509000,7.417000
242,15,2,7.423400,7.569000,7.386000,7.453000,7.414000,7.295000
242,16,2,7.402400,7.511000,7.450000,7.419000,7.348000,7.284000
242,17,2,7.444200,7.560000,7.459000,7.475000,7.388000,7.339000
242,18,2,7.339200,7.440000,7.254000,7.444000,7.358000,7.200000
242,19,2,7.485200,7.534000,7.535000,7.474000,7.494000,7.389000
243,0,2,7.421800,7.421000,7.317000,7.452000,7.445000,7.474000
243,1,2,7.286000,7.262000,7.242000,7.354000,7.210000,7.362000
243,2,2,7.451200,7.478000,7.396000,7.624000,7.291000,7.467000
243,3,2,7.204800,7.219000,7.070000,7.306000,7.219000,7.210000
243,4,2,7.547200,7.602000,7.445000,7.638000,7.529000,7.522000
243,5,2,7.312600,7.394000,7.157000,7.397000,7.228000,7.387000
243,6,2,7.485600,7.416000,7.475000,7.602000,7.416000,7.519000
243,7,2,7.442800,7.462000,7.334000,7.566000,7.380000,7.472000
243,8,2,7.409800,7.352000,7.387000,7.428000,7.447000,7.435000
243,9,2,7.288800,7.254000,7.199000,7.493000,7.196000,7.302000
243,10,2,7.363800,7.399000,7.262000,7.381000,7.437000,7.340000
243,11,2,7.448800,7.457000,7.406000,7.448000,7.398000,7.535000
243,12,2,7.307800,7.357000,7.265000,7.426000,7.211000,7.280000
243,13,2,7.369800,7.357000,7.328000,7.482000,7.315000,7.367000
243,14,2,7.458600,7.455000,7.508000,7.514000,7.351000,7.465000
243,15,2,7.190800,7.175000,7.098000,7.279000,7.247000,7.155000
243,16,2,7.511000,7.599000,7.387000,7.543000,7.467000,7.559000
243,17,2,6.713400,6.693000,6.710000,6.552000,6.764000,6.848000
243,18,2,7.488600,7.493000,7.372000,7.572000,7.516000,7.490000
243,19,2,7.492400,7.463000,7.407000,7.517000,7.539000,7.536000
244,0,2,7.454800,7.310000,7.489000,7.486000,7.400000,7.589000
244,1,2,7.137400,7.148000,7.030000,7.145000,7.194000,7.170000
244,2,2,7.395200,7.351000,7.342000,7.405000,7.451000,7.427000
244,3,2,7.449800,7.405000,7.403000,7.369000,7.495000,7.577000
244,4,2,7.108600,7.049000,6.955000,7.174000,7.116000,7.249000
244,5,2,7.428800,7.444000,7.440000,7.400000,7.370000,7.490000
244,6,2,7.354600,7.324000,7.324000,7.407000,7.371000,7.347000
244,7,2,7.354400,7.356000,7.358000,7.315000,7.270000,7.473000
244,8,2,7.066000,7.010000,6.953000,7.009000,7.097000,7.261000
244,9,2,7.462800,7.488000,7.597000,7.368000,7.463000,7.398000
244,10,2,7.452200,7.336000,7.435000,7.481000,7.474000,7.535000
244,11,2,7.398800,7.376000,7.470000,7.311000,7.378000,7.459000
244,12,2,7.427400,7.433000,7.440000,7.301000,7.422000,7.541000
244,13,2,7.450600,7.373000,7.419000,7.461000,7.535000,7.465000
244,14,2,7.462200,7.423000,7.463000,7.436000,7.421000,7.568000
244,15,2,7.486800,7.463000,7.476000,7.423000,7.563000,7.509000
244,16,2,7.270400,7.186000,7.315000,7.167000,7.295000,7.389000
244,17,2,7.444800,7.412000,7.441000,7.420000,7.433000,7.518000
244,18,2,7.317800,7.273000,7.376000,7.233000,7.353000,7.354000
244,19,2,7.440200,7.366000,7.484000,7.455000,7.393000,7.503000
245,0,2,7.330000,7.322000,7.354000,7.324000,7.284000,7.366000
245,1,2,7.365400,7.286000,7.369000,7.395000,7.344000,7.433000
245,2,2,7.310600,7.259000,7.325000,7.399000,7.260000,7.310000
245,3,2,7.413600,7.231000,7.460000,7.400000,7.473000,7.504000
245,4,2,7.282800,7.184000,7.250000,7.394000,7.296000,7.290000
245,5,2,7.392200,7.371000,7.386000,7.429000,7.409000,7.366000
245,6,2,7.475400,7.418000,7.432000,7.453000,7.581000,7.493000
245,7,2,7.322400,7.142000,7.336000,7.441000,7.345000,7.348000
245,8,2,7.267000,7.235000,7.337000,7.300000,7.227000,7.236000
245,9,2,7.482400,7.506000,7.565000,7.511000,7.386000,7.444000
245,10,2,7.427600,7.347000,7.430000,7.533000,7.472000,7.356000
245,11,2,7.488400,7.359000,7.611000,7.579000,7.500000,7.393000
245,12,2,7.363800,7.317000,7.438000,7.290000,7.452000,7.322000
245,13,2,7.385800,7.355000,7.406000,7.484000,7.363000,7.321000
245,14,2,7.444200,7.347000,7.473000,7.527000,7.458000,7.416000
245,15,2,7.407000,7.382000,7.482000,7.371000,7.426000,7.374000
245,16,2,7.412800,7.323000,7.405000,7.521000,7.421000,7.394000
245,17,2,7.398000,7.287000,7.454000,7.438000,7.418000,7.393000
245,18,2,7.437800,7.323000,7.564000,7.423000,7.452000,7.427000
245,19,2,7.395400,7.216000,7.409000,7.541000,7.418000,7.393000
246,0,2,7.436000,7.423000,7.442000,7.423000,7.590000,7.302000
246,1,2,7.484600,7.508000,7.436000,7.522000,7.713000,7.244000
246,2,2,7.489000,7.520000,7.543000,7.482000,7.543000,7.357000
246,3,2,7.445800,7.435000,7.432000,7.443000,7.513000,7.406000
246,4,2,7.313600,7.277000,7.280000,7.453000,7.330000,7.228000
246,5,2,7.454800,7.369000,7.480000,7.424000,7.631000,7.370000
246,6,2,7.427400,7.469000,7.340000,7.436000,7.567000,7.325000
246,7,2,7.479600,7.451000,7.461000,7.519000,7.619000,7.348000
246,8,2,7.370400,7.287000,7.334000,7.453000,7.476000,7.302000
246,9,2,7.516200,7.516000,7.431000,7.549000,7.642000,7.443000
246,10,2,7.299000,7.162000,7.357000,7.309000,7.408000,7.259000
246,11,2,7.293400,7.236000,7.223000,7.398000,7.446000,7.164000
246,12,2,7.444800,7.358000,7.477000,7.486000,7.573000,7.330000
246,13,2,7.434400,7.368000,7.430000,7.455000,7.564000,7.355000
246,14,2,7.279800,7.185000,7.352000,7.299000,7.415000,7.148000
246,15,2,7.411200,7.385000,7.419000,7.497000,7.448000,7.307000
246,16,2,7.375400,7.377000,7.281000,7.411000,7.475000,7.333000
246,17,2,7.387600,7.353000,7.393000,7.394000,7.509000,7.289000
246,18,2,7.366000,7.210000,7.400000,7.454000,7.429000,7.337000
246,19,2,7.517800,7.498000,7.600000,7.534000,7.615000,7.342000
247,0,2,7.484800,7.382000,7.540000,7.386000,7.570000,7.546000
247,1,2,7.288000,7.292000,7.374000,7.093000,7.306000,7.375000
247,2,2,7.440800,7.412000,7.478000,7.428000,7.472000,7.414000
247,3,2,7.526400,7.388000,7.646000,7.371000,7.614000,7.613000
247,4,2,7.460200,7.400000,7.529000,7.388000,7.472000,7.512000
247,5,2,7.352400,7.405000,7.358000,7.323000,7.412000,7.264000
247,6,2,7.452600,7.500000,7.438000,7.303000,7.488000,7.534000
247,7,2,7.403200,7.370000,7.473000,7.310000,7.449000,7.414000
247,8,2,7.533600,7.516000,7.644000,7.427000,7.587000,7.494000
247,9,2,7.502600,7.469000,7.517000,7.399000,7.587000,7.541000
247,10,2,7.491800,7.503000,7.527000,7.410000,7.531000,7.488000
247,11,2,7.422800,7.417000,7.518000,7.379000,7.398000,7.402000
247,12,2,7.503400,7.366000,7.480000,7.494000,7.646000,7.531000
247,13,2,7.385800,7.307000,7.455000,7.173000,7.489000,7.505000
247,14,2,7.358200,7.377000,7.376000,7.205000,7.435000,7.398000
247,15,2,7.404800,7.385000,7.506000,7.264000,7.487000,7.382000
247,16,2,7.495000,7.456000,7.563000,7.381000,7.532000,7.543000
247,17,2,7.404000,7.370000,7.449000,7.264000,7.500000,7.437000
247,18,2,7.436800,7.419000,7.515000,7.361000,7.477000,7.412000
247,19,2,7.577000,7.524000,7.662000,7.437000,7.700000,7.562000
248,0,2,7.396000,7.252000,7.440000,7.353000,7.505000,7.430000
248,1,2,7.390800,7.287000,7.381000,7.398000,7.438000,7.450000
248,2,2,7.388600,7.310000,7.405000,7.394000,7.348000,7.486000
248,3,2,7.420400,7.428000,7.373000,7.398000,7.430000,7.473000
248,4,2,7.463600,7.508000,7.470000,7.393000,7.439000,7.508000
248,5,2,7.191600,7.077000,7.240000,7.122000,7.133000,7.386000
248,6,2,7.303600,7.251000,7.336000,7.286000,7.216000,7.429000
248,7,2,7.252400,7.206000,7.229000,7.161000,7.318000,7.348000
248,8,2,7.375000,7.324000,7.343000,7.332000,7.388000,7.488000
248,9,2,7.499800,7.586000,7.431000,7.537000,7.489000,7.456000
248,10,2,7.550600,7.537000,7.588000,7.497000,7.535000,7.596000
248,11,2,7.217600,7.110000,7.082000,7.150000,7.306000,7.440000
248,12,2,7.363600,7.261000,7.330000,7.364000,7.315000,7.548000
248,13,2,7.190800,7.098000,7.171000,7.239000,7.138000,7.308000
248,14,2,7.361600,7.275000,7.400000,7.294000,7.386000,7.453000
248,15,2,7.256200,7.283000,7.186000,7.233000,7.355000,7.224000
248,16,2,7.314800,7.228000,7.185000,7.308000,7.403000,7.450000
248,17,2,7.411600,7.200000,7.376000,7.528000,7.383000,7.571000
248,18,2,7.308400,7.315000,7.313000,7.198000,7.299000,7.417000
248,19,2,7.307000,7.202000,7.291000,7.230000,7.425000,7.387000
249,0,2,7.472200,7.542000,7.491000,7.424000,7.359000,7.545000
249,1,2,7.513000,7.592000,7.563000,7.531000,7.406000,7.473000
249,2,2,7.487400,7.440000,7.502000,7.562000,7.426000,7.507000
249,3,2,7.184400,7.262000,7.246000,7.080000,7.216000,7.118000
249,4,2,7.447400,7.448000,7.554000,7.380000,7.427000,7.428000
249,5,2,7.354200,7.315000,7.438000,7.307000,7.362000,7.349000
249,6,2,7.371000,7.430000,7.488000,7.274000,7.336000,7.327000
249,7,2,7.418600,7.449000,7.467000,7.445000,7.335000,7.397000
249,8,2,7.488200,7.508000,7.504000,7.551000,7.424000,7.454000
249,9,2,7.434600,7.558000,7.497000,7.439000,7.347000,7.332000
249,10,2,7.544800,7.523000,7.615000,7.549000,7.477000,7.560000
249,11,2,7.234200,7.202000,7.258000,7.123000,7.325000,7.263000
249,12,2,7.541200,7.648000,7.546000,7.595000,7.422000,7.495000
249,13,2,7.517400,7.506000,7.548000,7.530000,7.473000,7.530000
249,14,2,7.526200,7.520000,7.512000,7.640000,7.425000,7.534000
249,15,2,7.491600,7.475000,7.570000,7.527000,7.390000,7.496000
249,16,2,7.511200,7.617000,7.541000,7.464000,7.406000,7.528000
249,17,2,7.485200,7.508000,7.469000,7.510000,7.466000,7.473000
249,18,2,7.510400,7.562000,7.486000,7.559000,7.386000,7.559000
249,19,2,7.511200,7.606000,7.499000,7.479000,7.410000,7.562000
250,0,0,5.249000,5.101000,5.261000,5.223000,5.278000,5.382000
250,1,0,5.296400,5.287000,5.147000,5.303000,5.371000,5.374000
250,2,0,5.315000,5.334000,5.288000,5.245000,5.274000,5.434000
250,3,0,5.316600,5.315000,5.393000,5.190000,5.372000,5.313000
250,4,0,5.499400,5.416000,5.569000,5.525000,5.594000,5.393000
250,5,0,5.375800,5.451000,5.378000,5.300000,5.353000,5.397000
250,6,0,5.415600,5.395000,5.491000,5.348000,5.466000,5.378000
250,7,0,5.546400,5.499000,5.568000,5.589000,5.591000,5.485000
250,8,0,5.387200,5.253000,5.488000,5.328000,5.455000,5.412000
250,9,0,5.554000,5.607000,5.654000,5.546000,5.530000,5.433000
250,10,0,5.337800,5.204000,5.409000,5.383000,5.390000,5.303000
250,11,0,5.509800,5.442000,5.426000,5.459000,5.660000,5.562000
250,12,0,5.404000,5.331000,5.365000,5.420000,5.409000,5.495000
250,13,0,5.418400,5.440000,5.442000,5.304000,5.458000,5.448000
250,14,0,5.555200,5.542000,5.482000,5.445000,5.665000,5.642000
250,15,0,5.497400,5.427000,5.594000,5.463000,5.519000,5.484000
250,16,0,5.525400,5.589000,5.469000,5.601000,5.516000,5.452000
250,17,0,5.290200,5.221000,5.347000,5.358000,5.313000,5.212000
250,18,0,5.266400,5.288000,5.258000,5.245000,5.263000,5.278000
250,19,0,5.470800,5.442000,5.485000,5.436000,5.509000,5.482000
250,20,1,4.826600,4.760000,4.917000,4.750000,4.823000,4.883000
250,21,1,4.762600,4.624000,4.877000,4.824000,4.753000,4.735000
250,22,1,4.791200,4.781000,4.702000,4.752000,4.897000,4.824000
250,23,1,4.949200,4.975000,4.919000,4.981000,4.859000,5.012000
250,24,1,4.855400,4.831000,4.913000,4.819000,4.877000,4.837000
250,25,1,5.025200,5.080000,5.041000,4.975000,5.030000,5.000000
250,26,1,4.826400,4.854000,4.879000,4.772000,4.842000,4.785000
250,27,1,4.933000,4.910000,4.983000,4.896000,4.908000,4.968000
250,28,1,5.043200,5.004000,5.064000,4.918000,5.038000,5.192000
250,29,1,4.768200,4.690000,4.762000,4.711000,4.826000,4.852000
250,30,1,4.836400,4.853000,4.845000,4.864000,4.792000,4.828000
250,31,1,4.822200,4.795000,4.841000,4.747000,4.744000,4.984000
250,32,1,4.767600,4.800000,4.972000,4.631000,4.784000,4.651000
250,33,1,5.029600,5.018000,5.149000,5.020000,5.009000,4.952000
250,34,1,4.960800,4.992000,5.005000,4.911000,4.874000,5.022000
250,35,1,5.064800,5.080000,5.131000,4.917000,5.070000,5.126000
250,36,1,5.127000,5.162000,5.222000,5.183000,4.897000,5.171000
250,37,1,4.867000,5.017000,4.834000,4.801000,4.753000,4.930000
250,38,1,4.881600,4.769000,4.834000,4.850000,4.887000,5.068000
250,39,1,5.020600,5.037000,5.073000,5.087000,4.933000,4.973000
250,40,2,7.503000,7.508000,7.407000,7.522000,7.522000,7.556000
250,41,2,7.237800,7.195000,7.340000,7.218000,7.193000,7.243000
250,42,2,7.461000,7.476000,7.465000,7.443000,7.430000,7.491000
250,43,2,7.374800,7.359000,7.396000,7.377000,7.307000,7.435000
250,44,2,7.237000,7.177000,7.220000,7.153000,7.336000,7.299000
250,45,2,7.476400,7.480000,7.520000,7.415000,7.481000,7.486000
250,46,2,7.331400,7.337000,7.351000,7.331000,7.319000,7.319000
250,47,2,7.396600,7.383000,7.445000,7.349000,7.414000,7.392000
250,48,2,7.252000,7.235000,7.300000,7.311000,7.214000,7.200000
250,49,2,7.401400,7.480000,7.353000,7.357000,7.445000,7.372000
250,50,2,7.383200,7.417000,7.352000,7.480000,7.500000,7.167000
250,51,2,7.521000,7.533000,7.449000,7.601000,7.473000,7.549000
250,52,2,7.490600,7.463000,7.379000,7.506000,7.520000,7.585000
250,53,2,7.567800,7.563000,7.575000,7.523000,7.668000,7.510000
250,54,2,7.045600,7.085000,7.035000,6.974000,6.941000,7.193000
250,55,2,7.414200,7.368000,7.417000,7.479000,7.394000,7.413000
250,56,2,7.307200,7.195000,7.376000,7.309000,7.371000,7.285000
250,57,2,7.456600,7.420000,7.496000,7.490000,7.487000,7.390000
250,58,2,7.250600,7.196000,7.156000,7.267000,7.270000,7.364000
250,59,2,7.318400,7.314000,7.298000,7.293000,7.391000,7.296000
250,60,3,4.887400,4.807000,4.843000,4.862000,4.982000,4.943000
250,61,3,4.844600,4.659000,4.882000,4.866000,4.962000,4.854000
250,62,3,4.879800,4.737000,4.947000,4.681000,5.000000,5.034000
250,63,3,4.846400,4.897000,4.872000,4.786000,4.786000,4.891000
250,64,3,4.910600,4.914000,4.737000,4.825000,5.024000,5.053000
250,65,3,4.765600,4.662000,4.811000,4.818000,4.814000,4.723000
250,66,3,4.692000,4.575000,4.802000,4.661000,4.763000,4.659000
250,67,3,4.803200,4.794000,4.792000,4.742000,4.835000,4.853000
250,68,3,4.721400,4.506000,4.936000,4.715000,4.719000,4.731000
250,69,3,4.870400,4.803000,4.616000,4.830000,5.091000,5.012000
250,70,3,4.873400,4.809000,4.834000,4.795000,4.930000,4.999000
250,71,3,4.738800,4.691000,4.775000,4.685000,4.786000,4.757000
250,72,3,4.668000,4.631000,4.665000,4.778000,4.601000,4.665000
250,73,3,4.677200,4.582000,4.796000,4.675000,4.699000,4.634000
250,74,3,4.757000,4.634000,4.858000,4.773000,4.762000,4.758000
250,75,3,4.839400,4.829000,4.918000,4.834000,4.781000,4.835000
250,76,3,4.758600,4.698000,4.793000,4.626000,4.816000,4.860000
250,77,3,4.775200,4.820000,4.780000,4.636000,4.805000,4.835000
250,78,3,4.810200,4.814000,4.786000,4.577000,4.944000,4.930000
250,79,3,4.850200,4.741000,4.971000,4.834000,4.917000,4.788000
250,80,4,5.251200,5.209000,5.174000,5.247000,5.289000,5.337000
250,81,4,5.217000,5.303000,5.146000,5.178000,5.108000,5.350000
250,82,4,5.259200,5.230000,5.142000,5.199000,5.303000,5.422000
250,83,4,5.347400,5.242000,5.419000,5.395000,5.315000,5.366000
250,84,4,5.317200,5.260000,5.306000,5.391000,5.256000,5.373000
250,85,4,5.344800,5.278000,5.295000,5.354000,5.383000,5.414000
250,86,4,5.278600,5.144000,5.243000,5.260000,5.287000,5.459000
250,87,4,5.419200,5.382000,5.488000,5.376000,5.397000,5.453000
250,88,4,5.283200,5.259000,5.258000,5.368000,5.306000,5.225000
250,89,4,5.371800,5.321000,5.407000,5.292000,5.348000,5.491000
250,90,4,5.342600,5.230000,5.338000,5.283000,5.460000,5.402000
250,91,4,5.354800,5.244000,5.462000,5.347000,5.305000,5.416000
250,92,4,5.476000,5.418000,5.409000,5.466000,5.575000,5.512000
250,93,4,5.290800,5.297000,5.319000,5.273000,5.254000,5.311000
250,94,4,5.303000,5.271000,5.401000,5.268000,5.271000,5.304000
250,95,4,5.270000,5.288000,5.206000,5.195000,5.290000,5.371000
250,96,4,5.424600,5.367000,5.379000,5.404000,5.502000,5.471000
250,97,4,5.268800,5.204000,5.216000,5.240000,5.309000,5.375000
250,98,4,5.342800,5.350000,5.471000,5.270000,5.292000,5.331000
250,99,4,5.403600,5.396000,5.322000,5.448000,5.456000,5.396000
251,0,2,7.010600,7.006000,7.171000,6.880000,6.928000,7.068000
251,1,2,7.337400,7.438000,7.373000,7.210000,7.296000,7.370000
251,2,2,7.555000,7.586000,7.604000,7.478000,7.548000,7.559000
251,3,2,7.468400,7.491000,7.591000,7.348000,7.366000,7.546000
251,4,2,7.397800,7.446000,7.478000,7.303000,7.340000,7.422000
251,5,2,7.519600,7.540000,7.519000,7.496000,7.505000,7.538000
251,6,2,7.495800,7.399000,7.536000,7.468000,7.444000,7.632000
251,7,2,7.568000,7.522000,7.512000,7.559000,7.578000,7.669000
251,8,2,7.423200,7.491000,7.473000,7.305000,7.433000,7.414000
251,9,2,7.494200,7.440000,7.591000,7.447000,7.474000,7.519000
251,10,2,7.545800,7.424000,7.562000,7.432000,7.662000,7.649000
251,11,2,7.535600,7.478000,7.590000,7.516000,7.563000,7.531000
251,12,2,7.477800,7.465000,7.542000,7.341000,7.507000,7.534000
251,13,2,7.455000,7.512000,7.490000,7.415000,7.418000,7.440000
251,14,2,7.311400,7.448000,7.351000,7.182000,7.230000,7.346000
251,15,2,7.545600,7.567000,7.553000,7.473000,7.508000,7.627000
251,16,2,7.236600,7.326000,7.286000,7.156000,7.133000,7.282000
251,17,2,7.581200,7.596000,7.566000,7.525000,7.605000,7.614000
251,18,2,7.551200,7.565000,7.625000,7.507000,7.535000,7.524000
251,19,2,7.287800,7.321000,7.327000,7.184000,7.343000,7.264000
252,0,2,7.608200,7.545000,7.601000,7.651000,7.642000,7.602000
252,1,2,7.290600,7.314000,7.164000,7.254000,7.451000,7.270000
252,2,2,7.334400,7.262000,7.319000,7.330000,7.422000,7.339000
252,3,2,7.606400,7.540000,7.538000,7.665000,7.661000,7.628000
252,4,2,7.585200,7.550000,7.538000,7.660000,7.563000,7.615000
252,5,2,7.413800,7.376000,7.411000,7.502000,7.490000,7.290000
252,6,2,7.521400,7.488000,7.596000,7.506000,7.521000,7.496000
252,7,2,7.245800,7.230000,7.193000,7.291000,7.310000,7.205000
252,8,2,7.534600,7.493000,7.438000,7.602000,7.658000,7.482000
252,9,2,7.245000,7.238000,7.231000,7.333000,7.189000,7.234000
252,10,2,7.271800,7.245000,7.238000,7.291000,7.385000,7.200000
252,11,2,7.594200,7.595000,7.556000,7.623000,7.630000,7.567000
252,12,2,7.528800,7.461000,7.478000,7.571000,7.538000,7.596000
252,13,2,7.498400,7.456000,7.496000,7.537000,7.472000,7.531000
252,14,2,7.343800,7.268000,7.259000,7.365000,7.406000,7.421000
252,15,2,7.332400,7.407000,7.219000,7.386000,7.433000,7.217000
252,16,2,7.526600,7.604000,7.522000,7.561000,7.451000,7.495000
252,17,2,7.575200,7.516000,7.606000,7.570000,7.612000,7.572000
252,18,2,7.579200,7.499000,7.609000,7.613000,7.565000,7.610000
252,19,2,7.412400,7.382000,7.326000,7.480000,7.402000,7.472000
253,0,2,7.440800,7.478000,7.342000,7.511000,7.499000,7.374000
253,1,2,7.345000,7.428000,7.313000,7.310000,7.452000,7.222000
253,2,2,7.278600,7.271000,7.183000,7.367000,7.340000,7.232000
253,3,2,7.428800,7.511000,7.310000,7.447000,7.451000,7.425000
253,4,2,7.512200,7.601000,7.450000,7.553000,7.495000,7.462000
253,5,2,7.572800,7.645000,7.581000,7.688000,7.558000,7.392000
253,6,2,7.466600,7.522000,7.363000,7.511000,7.552000,7.385000
253,7,2,7.385200,7.489000,7.297000,7.432000,7.419000,7.289000
253,8,2,7.483200,7.612000,7.334000,7.531000,7.636000,7.303000
253,9,2,7.438600,7.532000,7.395000,7.417000,7.447000,7.402000
253,10,2,7.483800,7.675000,7.380000,7.579000,7.402000,7.383000
253,11,2,7.447600,7.548000,7.410000,7.436000,7.534000,7.310000
253,12,2,7.477000,7.539000,7.374000,7.526000,7.586000,7.360000
253,13,2,7.465400,7.487000,7.456000,7.509000,7.524000,7.351000
253,14,2,7.425800,7.529000,7.325000,7.480000,7.515000,7.280000
253,15,2,7.402400,7.538000,7.247000,7.537000,7.456000,7.234000
253,16,2,7.511600,7.606000,7.432000,7.574000,7.560000,7.386000
253,17,2,7.445200,7.545000,7.333000,7.498000,7.478000,7.372000
253,18,2,7.511200,7.594000,7.542000,7.382000,7.567000,7.471000
253,19,2,7.362600,7.222000,7.411000,7.536000,7.274000,7.370000
254,0,2,7.332000,7.308000,7.337000,7.352000,7.342000,7.321000
254,1,2,7.416000,7.376000,7.450000,7.393000,7.397000,7.464000
254,2,2,7.479400,7.508000,7.420000,7.556000,7.306000,7.607000
254,3,2,7.461000,7.565000,7.436000,7.404000,7.318000,7.582000
254,4,2,7.265000,7.268000,7.209000,7.211000,7.276000,7.361000
254,5,2,7.341600,7.425000,7.423000,7.252000,7.231000,7.377000
254,6,2,7.481800,7.569000,7.383000,7.383000,7.508000,7.566000
254,7,2,7.465200,7.546000,7.475000,7.492000,7.365000,7.448000
254,8,2,7.469200,7.494000,7.348000,7.389000,7.477000,7.638000
254,9,2,7.580000,7.627000,7.533000,7.566000,7.515000,7.659000
254,10,2,7.446000,7.430000,7.464000,7.435000,7.427000,7.474000
254,11,2,7.458200,7.533000,7.456000,7.404000,7.370000,7.528000
254,12,2,7.483000,7.668000,7.375000,7.456000,7.525000,7.391000
254,13,2,7.210400,7.214000,7.085000,7.175000,7.265000,7.313000
254,14,2,7.431400,7.580000,7.431000,7.383000,7.443000,7.320000
254,15,2,7.407600,7.523000,7.427000,7.380000,7.182000,7.526000
254,16,2,7.509200,7.684000,7.430000,7.466000,7.466000,7.500000
254,17,2,7.513400,7.588000,7.491000,7.397000,7.485000,7.606000
254,18,2,7.379800,7.430000,7.424000,7.234000,7.309000,7.502000
254,19,2,7.461400,7.432000,7.450000,7.451000,7.434000,7.540000
255,0,2,7.515400,7.538000,7.528000,7.465000,7.589000,7.457000
255,1,2,7.335600,7.322000,7.343000,7.295000,7.442000,7.276000
255,2,2,7.489400,7.491000,7.546000,7.479000,7.498000,7.433000
255,3,2,7.438400,7.342000,7.400000,7.458000,7.529000,7.463000
255,4,2,7.507200,7.548000,7.511000,7.448000,7.575000,7.454000
255,5,2,7.539600,7.539000,7.630000,7.496000,7.508000,7.525000
255,6,2,6.968400,6.995000,7.030000,6.807000,7.090000,6.920000
255,7,2,7.482400,7.430000,7.468000,7.452000,7.575000,7.487000
255,8,2,7.324800,7.373000,7.334000,7.289000,7.341000,7.287000
255,9,2,7.466800,7.457000,7.410000,7.376000,7.534000,7.557000
255,10,2,7.511200,7.498000,7.456000,7.470000,7.603000,7.529000
255,11,2,7.481000,7.446000,7.501000,7.521000,7.488000,7.449000
255,12,2,7.206800,7.264000,7.199000,7.023000,7.387000,7.161000
255,13,2,7.469000,7.504000,7.546000,7.342000,7.518000,7.435000
255,14,2,7.558000,7.622000,7.553000,7.453000,7.617000,7.545000
255,15,2,7.511600,7.554000,7.428000,7.531000,7.596000,7.449000
255,16,2,7.302800,7.394000,7.299000,7.132000,7.506000,7.183000
255,17,2,7.437800,7.466000,7.495000,7.342000,7.494000,7.392000
255,18,2,7.514800,7.554000,7.494000,7.451000,7.576000,7.499000
255,19,2,7.453800,7.471000,7.465000,7.348000,7.520000,7.465000
256,0,2,7.414200,7.483000,7.429000,7.388000,7.336000,7.435000
256,1,2,7.495000,7.550000,7.574000,7.518000,7.420000,7.413000
256,2,2,7.247400,7.305000,7.261000,7.252000,7.170000,7.249000
256,3,2,7.437600,7.410000,7.409000,7.480000,7.445000,7.444000
256,4,2,7.489800,7.380000,7.468000,7.496000,7.594000,7.511000
256,5,2,7.421200,7.517000,7.366000,7.368000,7.437000,7.418000
256,6,2,7.413800,7.392000,7.444000,7.422000,7.433000,7.378000
256,7,2,7.364400,7.345000,7.320000,7.497000,7.326000,7.334000
256,8,2,7.411200,7.358000,7.418000,7.353000,7.448000,7.479000
256,9,2,7.352600,7.395000,7.296000,7.439000,7.356000,7.277000
256,10,2,7.481000,7.466000,7.511000,7.496000,7.457000,7.475000
256,11,2,7.520400,7.579000,7.409000,7.588000,7.469000,7.557000
256,12,2,7.568800,7.564000,7.491000,7.673000,7.616000,7.500000
256,13,2,7.488800,7.500000,7.445000,7.455000,7.537000,7.507000
256,14,2,7.503200,7.550000,7.370000,7.547000,7.552000,7.497000
256,15,2,7.335800,7.336000,7.275000,7.386000,7.380000,7.302000
256,16,2,7.447800,7.441000,7.429000,7.492000,7.467000,7.410000
256,17,2,7.435200,7.513000,7.467000,7.439000,7.378000,7.379000
256,18,2,7.442000,7.459000,7.455000,7.432000,7.448000,7.416000
256,19,2,7.465000,7.439000,7.512000,7.468000,7.522000,7.384000
257,0,2,7.465400,7.448000,7.539000,7.413000,7.522000,7.405000
257,1,2,7.537600,7.549000,7.588000,7.536000,7.624000,7.391000
257,2,2,7.526200,7.502000,7.663000,7.401000,7.610000,7.455000
257,3,2,7.553400,7.592000,7.580000,7.529000,7.575000,7.491000
257,4,2,7.581200,7.611000,7.680000,7.487000,7.636000,7.492000
257,5,2,7.451600,7.463000,7.391000,7.483000,7.511000,7.410000
257,6,2,7.420000,7.517000,7.390000,7.323000,7.532000,7.338000
257,7,2,7.564400,7.545000,7.533000,7.601000,7.597000,7.546000
257,8,2,7.508600,7.482000,7.464000,7.522000,7.574000,7.501000
257,9,2,7.387000,7.398000,7.435000,7.411000,7.454000,7.237000
257,10,2,7.479600,7.435000,7.480000,7.496000,7.548000,7.439000
257,11,2,7.581800,7.491000,7.591000,7.570000,7.687000,7.570000
257,12,2,7.394200,7.415000,7.444000,7.317000,7.418000,7.377000
257,13,2,7.554400,7.589000,7.650000,7.380000,7.552000,7.601000
257,14,2,7.475200,7.542000,7.559000,7.447000,7.518000,7.310000
257,15,2,7.475400,7.496000,7.544000,7.403000,7.536000,7.398000
257,16,2,7.606400,7.677000,7.605000,7.647000,7.543000,7.560000
257,17,2,7.361200,7.352000,7.344000,7.362000,7.460000,7.288000
257,18,2,7.343400,7.425000,7.322000,7.272000,7.481000,7.217000
257,19,2,7.553200,7.489000,7.539000,7.566000,7.641000,7.531000
258,0,2,7.535400,7.477000,7.439000,7.518000,7.652000,7.591000
258,1,2,7.422000,7.368000,7.249000,7.486000,7.514000,7.493000
258,2,2,7.611000,7.466000,7.573000,7.626000,7.690000,7.700000
258,3,2,7.521000,7.327000,7.413000,7.584000,7.666000,7.615000
258,4,2,7.386600,7.211000,7.175000,7.540000,7.514000,7.493000
258,5,2,7.142000,7.139000,6.825000,7.239000,7.348000,7.159000
258,6,2,7.549600,7.594000,7.379000,7.520000,7.639000,7.616000
258,7,2,7.485000,7.393000,7.251000,7.601000,7.566000,7.614000
258,8,2,7.540000,7.513000,7.369000,7.578000,7.612000,7.628000
258,9,2,7.621000,7.595000,7.580000,7.661000,7.660000,7.609000
258,10,2,7.421400,7.399000,7.270000,7.404000,7.508000,7.526000
258,11,2,7.506600,7.458000,7.399000,7.494000,7.597000,7.585000
258,12,2,7.541200,7.510000,7.411000,7.611000,7.565000,7.609000
258,13,2,7.620800,7.581000,7.476000,7.653000,7.694000,7.700000
258,14,2,7.299200,7.256000,7.039000,7.299000,7.430000,7.472000
258,15,2,7.551200,7.457000,7.382000,7.569000,7.649000,7.699000
258,16,2,7.458800,7.300000,7.186000,7.534000,7.634000,7.640000
258,17,2,7.536200,7.533000,7.356000,7.565000,7.643000,7.584000
258,18,2,7.597800,7.581000,7.473000,7.570000,7.718000,7.647000
258,19,2,7.531200,7.418000,7.384000,7.592000,7.649000,7.613000
259,0,2,7.537800,7.563000,7.612000,7.437000,7.565000,7.512000
259,1,2,7.474600,7.431000,7.521000,7.445000,7.473000,7.503000
259,2,2,7.543800,7.531000,7.681000,7.477000,7.500000,7.530000
259,3,2,7.358400,7.298000,7.446000,7.310000,7.333000,7.405000
259,4,2,7.480600,7.403000,7.590000,7.431000,7.494000,7.485000
259,5,2,7.465000,7.495000,7.521000,7.488000,7.446000,7.375000
259,6,2,7.522000,7.385000,7.574000,7.481000,7.571000,7.599000
259,7,2,7.548400,7.569000,7.559000,7.399000,7.467000,7.748000
259,8,2,7.599600,7.445000,7.643000,7.562000,7.648000,7.700000
259,9,2,7.561600,7.392000,7.617000,7.567000,7.656000,7.576000
259,10,2,7.545400,7.378000,7.613000,7.462000,7.631000,7.643000
259,11,2,7.515800,7.497000,7.612000,7.564000,7.469000,7.437000
259,12,2,7.522800,7.370000,7.603000,7.483000,7.544000,7.614000
259,13,2,7.143200,7.080000,7.139000,7.094000,7.152000,7.251000
259,14,2,7.503600,7.498000,7.507000,7.437000,7.506000,7.570000
259,15,2,7.375200,7.340000,7.516000,7.278000,7.277000,7.465000
259,16,2,7.459000,7.399000,7.507000,7.320000,7.463000,7.606000
259,17,2,7.429600,7.354000,7.484000,7.335000,7.435000,7.540000
259,18,2,7.101600,7.052000,7.118000,7.085000,7.097000,7.156000
259,19,2,7.608400,7.481000,7.633000,7.620000,7.711000,7.597000
260,0,0,5.577600,5.608000,5.614000,5.722000,5.521000,5.423000
260,1,0,5.416000,5.509000,5.604000,5.313000,5.318000,5.336000
260,2,0,5.584400,5.678000,5.644000,5.598000,5.588000,5.414000
260,3,0,5.446800,5.477000,5.508000,5.504000,5.450000,5.295000
260,4,0,5.315000,5.367000,5.540000,5.212000,5.300000,5.156000
260,5,0,5.464600,5.451000,5.636000,5.443000,5.436000,5.357000
260,6,0,5.573200,5.562000,5.730000,5.611000,5.682000,5.281000
260,7,0,5.211600,5.267000,5.236000,5.182000,5.171000,5.202000
260,8,0,5.549000,5.611000,5.706000,5.542000,5.519000,5.367000
260,9,0,5.654600,5.627000,5.763000,5.546000,5.581000,5.756000
260,10,0,5.438400,5.432000,5.550000,5.375000,5.343000,5.492000
260,11,0,5.229000,5.216000,5.370000,5.227000,5.196000,5.136000
260,12,0,5.559800,5.511000,5.724000,5.584000,5.589000,5.391000
260,13,0,5.531400,5.575000,5.697000,5.570000,5.447000,5.368000
260,14,0,5.435600,5.526000,5.414000,5.442000,5.506000,5.290000
260,15,0,5.437800,5.459000,5.637000,5.521000,5.294000,5.278000
260,16,0,5.438400,5.424000,5.483000,5.518000,5.460000,5.307000
260,17,0,5.465600,5.376000,5.535000,5.563000,5.603000,5.251000
260,18,0,5.580400,5.541000,5.643000,5.672000,5.562000,5.484000
260,19,0,5.328000,5.172000,5.496000,5.346000,5.168000,5.458000
260,20,1,5.068600,5.051000,5.116000,5.046000,5.053000,5.077000
260,21,1,5.159200,5.151000,5.245000,5.178000,5.258000,4.964000
260,22,1,5.157400,5.182000,5.220000,5.095000,5.171000,5.119000
260,23,1,5.165600,5.195000,5.211000,5.093000,5.143000,5.186000
260,24,1,5.153200,5.085000,5.246000,5.086000,5.299000,5.050000
260,25,1,5.031600,5.077000,5.028000,5.030000,5.135000,4.888000
260,26,1,5.239600,5.231000,5.279000,5.120000,5.294000,5.274000
260,27,1,5.231800,5.200000,5.296000,5.082000,5.386000,5.195000
260,28,1,5.036800,4.951000,5.048000,5.116000,5.118000,4.951000
260,29,1,5.078200,5.207000,4.968000,4.932000,5.202000,5.082000
260,30,1,4.996800,4.969000,4.994000,5.028000,5.054000,4.939000
260,31,1,5.332800,5.476000,5.299000,5.198000,5.391000,5.300000
260,32,1,5.253400,5.182000,5.365000,5.109000,5.379000,5.232000
260,33,1,5.097400,5.099000,5.074000,5.065000,5.083000,5.166000
260,34,1,5.197000,5.193000,5.258000,5.175000,5.290000,5.069000
260,35,1,5.208800,5.197000,5.228000,5.156000,5.156000,5.307000
260,36,1,5.315200,5.432000,5.415000,5.292000,5.298000,5.139000
260,37,1,5.129800,5.165000,5.183000,5.062000,5.199000,5.040000
260,38,1,5.207000,5.288000,5.185000,5.117000,5.249000,5.196000
260,39,1,5.128600,5.237000,5.179000,5.132000,5.071000,5.024000
260,40,2,7.529800,7.580000,7.393000,7.556000,7.672000,7.448000
260,41,2,7.443600,7.612000,7.135000,7.547000,7.473000,7.451000
260,42,2,7.496000,7.494000,7.483000,7.509000,7.501000,7.493000
260,43,2,7.464200,7.563000,7.367000,7.556000,7.443000,7.392000
260,44,2,7.488400,7.505000,7.411000,7.459000,7.587000,7.480000
260,45,2,7.440600,7.405000,7.221000,7.366000,7.657000,7.554000
260,46,2,7.490600,7.427000,7.475000,7.466000,7.669000,7.416000
260,47,2,7.376000,7.405000,7.358000,7.313000,7.362000,7.442000
260,48,2,7.483600,7.436000,7.544000,7.389000,7.474000,7.575000
260,49,2,7.462200,7.552000,7.383000,7.435000,7.475000,7.466000
260,50,2,7.468800,7.445000,7.513000,7.330000,7.609000,7.447000
260,51,2,7.458800,7.497000,7.292000,7.512000,7.508000,7.485000
260,52,2,7.486200,7.505000,7.449000,7.484000,7.555000,7.438000
260,53,2,7.503000,7.527000,7.491000,7.426000,7.523000,7.548000
260,54,2,7.316800,7.470000,7.114000,7.282000,7.378000,7.340000
260,55,2,7.425800,7.396000,7.483000,7.422000,7.501000,7.327000
260,56,2,7.386800,7.478000,7.358000,7.207000,7.499000,7.392000
260,57,2,7.478200,7.420000,7.476000,7.392000,7.576000,7.527000
260,58,2,7.551800,7.610000,7.520000,7.452000,7.624000,7.553000
260,59,2,7.444800,7.296000,7.514000,7.552000,7.579000,7.283000
260,60,3,4.767600,4.814000,4.938000,4.724000,4.892000,4.470000
260,61,3,4.883400,4.863000,4.846000,4.966000,4.929000,4.813000
260,62,3,4.750000,4.736000,4.863000,4.635000,4.771000,4.745000
260,63,3,4.904400,4.850000,4.902000,4.902000,5.045000,4.823000
260,64,3,4.906800,4.780000,4.957000,4.971000,5.016000,4.810000
260,65,3,4.952800,4.880000,4.928000,4.958000,5.053000,4.945000
260,66,3,5.056200,5.013000,5.071000,5.041000,5.082000,5.074000
260,67,3,4.968200,5.011000,5.010000,4.915000,5.037000,4.868000
260,68,3,4.915800,5.022000,4.976000,4.896000,4.808000,4.877000
260,69,3,4.794000,4.793000,4.789000,4.732000,4.902000,4.754000
260,70,3,4.813400,4.836000,4.881000,4.784000,4.787000,4.779000
260,71,3,4.923600,4.857000,5.028000,4.828000,5.029000,4.876000
260,72,3,4.716200,4.418000,4.742000,4.960000,5.021000,4.440000
260,73,3,4.879000,4.858000,4.816000,4.906000,4.942000,4.873000
260,74,3,4.987800,4.943000,5.085000,4.933000,5.158000,4.820000
260,75,3,4.995200,4.962000,5.044000,5.051000,5.065000,4.854000
260,76,3,4.834400,4.865000,4.832000,4.826000,4.833000,4.816000
260,77,3,4.975400,4.991000,4.874000,5.000000,5.128000,4.884000
260,78,3,4.832600,4.819000,4.861000,4.755000,5.043000,4.685000
260,79,3,4.912400,4.889000,5.096000,4.858000,4.882000,4.837000
260,80,4,5.412800,5.483000,5.304000,5.365000,5.505000,5.407000
260,81,4,5.314000,5.358000,5.410000,5.148000,5.270000,5.384000
260,82,4,5.383200,5.300000,5.384000,5.402000,5.474000,5.356000
260,83,4,5.452800,5.553000,5.413000,5.334000,5.466000,5.498000
260,84,4,5.475800,5.471000,5.363000,5.442000,5.518000,5.585000
260,85,4,5.331200,5.312000,5.335000,5.235000,5.410000,5.364000
260,86,4,5.413200,5.353000,5.385000,5.256000,5.551000,5.521000
260,87,4,5.422000,5.354000,5.374000,5.324000,5.601000,5.457000
260,88,4,5.399800,5.545000,5.383000,5.314000,5.445000,5.312000
260,89,4,5.456600,5.365000,5.510000,5.280000,5.598000,5.530000
260,90,4,5.346600,5.455000,5.319000,5.290000,5.352000,5.317000
260,91,4,5.244200,5.201000,5.302000,5.220000,5.297000,5.201000
260,92,4,5.428400,5.401000,5.384000,5.335000,5.609000,5.413000
260,93,4,5.304000,5.347000,5.301000,5.258000,5.327000,5.287000
260,94,4,5.530200,5.564000,5.381000,5.437000,5.653000,5.616000
260,95,4,5.440400,5.448000,5.489000,5.359000,5.429000,5.477000
260,96,4,5.121800,5.070000,5.138000,5.058000,5.284000,5.059000
260,97,4,5.461200,5.477000,5.406000,5.466000,5.570000,5.387000
260,98,4,5.351000,5.290000,5.420000,5.212000,5.375000,5.458000
260,99,4,5.290600,5.342000,5.308000,5.238000,5.379000,5.186000
261,0,2,7.626800,7.642000,7.640000,7.638000,7.611000,7.603000
261,1,2,7.485400,7.496000,7.367000,7.576000,7.449000,7.539000
261,2,2,7.571800,7.465000,7.649000,7.622000,7.581000,7.542000
261,3,2,7.584800,7.598000,7.619000,7.601000,7.631000,7.475000
261,4,2,7.559800,7.544000,7.554000,7.599000,7.609000,7.493000
261,5,2,7.583000,7.610000,7.515000,7.589000,7.608000,7.593000
261,6,2,7.565000,7.467000,7.617000,7.561000,7.613000,7.567000
261,7,2,7.535000,7.478000,7.589000,7.590000,7.599000,7.419000
261,8,2,7.484800,7.545000,7.488000,7.606000,7.464000,7.321000
261,9,2,7.561000,7.562000,7.616000,7.592000,7.574000,7.461000
261,10,2,7.594600,7.573000,7.609000,7.650000,7.615000,7.526000
261,11,2,7.549000,7.566000,7.513000,7.625000,7.565000,7.476000
261,12,2,7.552600,7.515000,7.602000,7.652000,7.557000,7.437000
261,13,2,7.561800,7.518000,7.602000,7.624000,7.539000,7.526000
261,14,2,7.602400,7.626000,7.654000,7.577000,7.583000,7.572000
261,15,2,7.604400,7.592000,7.647000,7.707000,7.586000,7.490000
261,16,2,7.572600,7.530000,7.696000,7.476000,7.678000,7.483000
261,17,2,7.518400,7.521000,7.483000,7.552000,7.534000,7.502000
261,18,2,7.503600,7.496000,7.538000,7.581000,7.476000,7.427000
261,19,2,7.604200,7.598000,7.578000,7.479000,7.703000,7.663000
262,0,2,7.432600,7.586000,7.475000,7.404000,7.406000,7.292000
262,1,2,7.615800,7.753000,7.521000,7.601000,7.677000,7.527000
262,2,2,7.604800,7.680000,7.582000,7.591000,7.703000,7.468000
262,3,2,7.583400,7.729000,7.620000,7.311000,7.635000,7.622000
262,4,2,7.402000,7.507000,7.441000,7.346000,7.474000,7.242000
262,5,2,7.603600,7.711000,7.587000,7.518000,7.695000,7.507000
262,6,2,7.510400,7.614000,7.395000,7.506000,7.647000,7.390000
262,7,2,7.480600,7.592000,7.550000,7.371000,7.523000,7.367000
262,8,2,7.478200,7.490000,7.478000,7.559000,7.423000,7.441000
262,9,2,7.517200,7.647000,7.420000,7.532000,7.575000,7.412000
262,10,2,7.528600,7.614000,7.635000,7.431000,7.577000,7.386000
262,11,2,7.505600,7.572000,7.475000,7.502000,7.634000,7.345000
262,12,2,7.455800,7.423000,7.605000,7.371000,7.548000,7.332000
262,13,2,7.612400,7.668000,7.698000,7.598000,7.583000,7.515000
262,14,2,7.546800,7.664000,7.595000,7.436000,7.613000,7.426000
262,15,2,7.536800,7.600000,7.497000,7.511000,7.531000,7.545000
262,16,2,7.521600,7.614000,7.594000,7.435000,7.511000,7.454000
262,17,2,7.495000,7.628000,7.430000,7.460000,7.539000,7.418000
262,18,2,7.522600,7.594000,7.588000,7.423000,7.595000,7.413000
262,19,2,7.472000,7.532000,7.626000,7.439000,7.538000,7.225000
263,0,2,7.618200,7.575000,7.594000,7.696000,7.617000,7.609000
263,1,2,7.484400,7.431000,7.425000,7.476000,7.627000,7.463000
263,2,2,7.468800,7.411000,7.499000,7.380000,7.594000,7.460000
263,3,2,7.493200,7.466000,7.451000,7.455000,7.581000,7.513000
263,4,2,7.489400,7.460000,7.516000,7.493000,7.463000,7.515000
263,5,2,7.570000,7.547000,7.542000,7.673000,7.561000,7.527000
263,6,2,7.531600,7.430000,7.529000,7.593000,7.634000,7.472000
263,7,2,7.521200,7.535000,7.506000,7.566000,7.533000,7.466000
263,8,2,7.524800,7.370000,7.529000,7.526000,7.642000,7.557000
263,9,2,7.554600,7.552000,7.505000,7.560000,7.555000,7.601000
263,10,2,7.559800,7.645000,7.555000,7.543000,7.515000,7.541000
263,11,2,7.604200,7.599000,7.535000,7.596000,7.590000,7.701000
263,12,2,7.563000,7.506000,7.567000,7.595000,7.579000,7.568000
263,13,2,7.487200,7.376000,7.558000,7.453000,7.552000,7.497000
263,14,2,7.404000,7.304000,7.419000,7.516000,7.463000,7.318000
263,15,2,7.605200,7.613000,7.589000,7.658000,7.583000,7.583000
263,16,2,7.495600,7.459000,7.457000,7.546000,7.616000,7.400000
263,17,2,7.558000,7.525000,7.440000,7.609000,7.640000,7.576000
263,18,2,7.543600,7.418000,7.542000,7.616000,7.529000,7.613000
263,19,2,7.479800,7.529000,7.409000,7.447000,7.576000,7.438000
264,0,2,7.600400,7.643000,7.544000,7.558000,7.666000,7.591000
264,1,2,7.421000,7.386000,7.312000,7.617000,7.391000,7.399000
264,2,2,7.609000,7.669000,7.628000,7.602000,7.643000,7.503000
264,3,2,7.600400,7.686000,7.545000,7.576000,7.675000,7.520000
264,4,2,7.540600,7.549000,7.498000,7.617000,7.547000,7.492000
264,5,2,7.597600,7.560000,7.612000,7.658000,7.568000,7.590000
264,6,2,7.554400,7.553000,7.618000,7.594000,7.612000,7.395000
264,7,2,7.663000,7.602000,7.641000,7.736000,7.778000,7.558000
264,8,2,7.617200,7.609000,7.632000,7.670000,7.636000,7.539000
264,9,2,7.613200,7.675000,7.535000,7.648000,7.668000,7.540000
264,10,2,7.544000,7.497000,7.536000,7.657000,7.584000,7.446000
264,11,2,7.479200,7.394000,7.371000,7.637000,7.525000,7.469000
264,12,2,7.583400,7.564000,7.540000,7.703000,7.586000,7.524000
264,13,2,7.525400,7.601000,7.449000,7.710000,7.494000,7.373000
264,14,2,7.561800,7.585000,7.455000,7.607000,7.573000,7.589000
264,15,2,7.275000,7.191000,7.284000,7.449000,7.220000,7.231000
264,16,2,7.628000,7.714000,7.582000,7.638000,7.615000,7.591000
264,17,2,7.559000,7.672000,7.599000,7.466000,7.595000,7.463000
264,18,2,7.663200,7.715000,7.623000,7.709000,7.675000,7.594000
264,19,2,7.594800,7.495000,7.652000,7.789000,7.531000,7.507000
265,0,2,7.504200,7.512000,7.463000,7.514000,7.417000,7.615000
265,1,2,7.504000,7.381000,7.361000,7.616000,7.488000,7.674000
265,2,2,7.473200,7.420000,7.341000,7.566000,7.471000,7.568000
265,3,2,7.547400,7.557000,7.533000,7.618000,7.562000,7.467000
265,4,2,7.385600,7.412000,7.266000,7.468000,7.364000,7.418000
265,5,2,7.440800,7.463000,7.315000,7.574000,7.447000,7.405000
265,6,2,7.533400,7.570000,7.433000,7.594000,7.441000,7.629000
265,7,2,7.570000,7.489000,7.541000,7.689000,7.467000,7.664000
265,8,2,7.517000,7.431000,7.480000,7.607000,7.525000,7.542000
265,9,2,7.536200,7.529000,7.486000,7.533000,7.520000,7.613000
265,10,2,7.225400,7.222000,7.115000,7.280000,7.220000,7.290000
265,11,2,7.515800,7.443000,7.447000,7.649000,7.527000,7.513000
265,12,2,7.403000,7.248000,7.241000,7.533000,7.461000,7.532000
265,13,2,7.507800,7.483000,7.432000,7.607000,7.497000,7.520000
265,14,2,7.416200,7.338000,7.287000,7.562000,7.376000,7.518000
265,15,2,7.515200,7.430000,7.486000,7.525000,7.553000,7.582000
265,16,2,7.524800,7.275000,7.557000,7.643000,7.520000,7.629000
265,17,2,7.456600,7.461000,7.353000,7.580000,7.405000,7.484000
265,18,2,7.451600,7.480000,7.288000,7.493000,7.409000,7.588000
265,19,2,7.465600,7.433000,7.542000,7.549000,7.348000,7.456000
266,0,2,7.553600,7.530000,7.584000,7.583000,7.448000,7.623000
266,1,2,7.508200,7.654000,7.224000,7.493000,7.540000,7.630000
266,2,2,7.634200,7.663000,7.612000,7.691000,7.581000,7.624000
266,3,2,7.482600,7.582000,7.500000,7.480000,7.423000,7.428000
266,4,2,7.528200,7.631000,7.533000,7.522000,7.428000,7.527000
266,5,2,7.467200,7.484000,7.495000,7.524000,7.390000,7.443000
266,6,2,7.537800,7.625000,7.495000,7.542000,7.447000,7.580000
266,7,2,7.520000,7.546000,7.603000,7.424000,7.439000,7.588000
266,8,2,7.307600,7.395000,7.231000,7.340000,7.260000,7.312000
266,9,2,7.596600,7.662000,7.667000,7.576000,7.477000,7.601000
266,10,2,7.501600,7.576000,7.532000,7.397000,7.470000,7.533000
266,11,2,7.448600,7.451000,7.441000,7.469000,7.411000,7.471000
266,12,2,7.525200,7.543000,7.587000,7.563000,7.433000,7.500000
266,13,2,7.557400,7.603000,7.571000,7.495000,7.540000,7.578000
266,14,2,7.566800,7.669000,7.485000,7.634000,7.509000,7.537000
266,15,2,7.520800,7.639000,7.493000,7.297000,7.514000,7.661000
266,16,2,7.568600,7.561000,7.535000,7.603000,7.597000,7.547000
266,17,2,7.473400,7.452000,7.510000,7.495000,7.358000,7.552000
266,18,2,7.104400,7.021000,7.024000,7.290000,7.051000,7.136000
266,19,2,7.433400,7.399000,7.535000,7.405000,7.360000,7.468000
267,0,2,7.485600,7.603000,7.469000,7.588000,7.260000,7.508000
267,1,2,7.603800,7.715000,7.607000,7.632000,7.400000,7.665000
267,2,2,7.445800,7.540000,7.517000,7.521000,7.284000,7.367000
267,3,2,7.518400,7.706000,7.579000,7.530000,7.287000,7.490000
267,4,2,7.527200,7.512000,7.575000,7.587000,7.335000,7.627000
267,5,2,7.597000,7.718000,7.668000,7.636000,7.312000,7.651000
267,6,2,7.600800,7.663000,7.624000,7.649000,7.466000,7.602000
267,7,2,7.366800,7.529000,7.435000,7.449000,7.053000,7.368000
267,8,2,7.502600,7.544000,7.563000,7.457000,7.383000,7.566000
267,9,2,7.343400,7.425000,7.396000,7.311000,7.218000,7.367000
267,10,2,7.505600,7.662000,7.524000,7.461000,7.295000,7.586000
267,11,2,7.410600,7.554000,7.509000,7.419000,7.177000,7.394000
267,12,2,7.535200,7.631000,7.575000,7.531000,7.494000,7.445000
267,13,2,7.549200,7.604000,7.685000,7.630000,7.258000,7.569000
267,14,2,7.587000,7.707000,7.522000,7.627000,7.497000,7.582000
267,15,2,7.461000,7.634000,7.589000,7.507000,7.118000,7.457000
267,16,2,7.666600,7.765000,7.737000,7.594000,7.485000,7.752000
267,17,2,7.575400,7.670000,7.575000,7.572000,7.450000,7.610000
267,18,2,7.538400,7.568000,7.605000,7.567000,7.330000,7.622000
267,19,2,7.265400,7.435000,7.281000,7.377000,6.947000,7.287000
268,0,2,7.641800,7.530000,7.625000,7.628000,7.677000,7.749000
268,1,2,7.570200,7.537000,7.453000,7.623000,7.668000,7.570000
268,2,2,7.590400,7.520000,7.478000,7.625000,7.719000,7.610000
268,3,2,7.632600,7.574000,7.559000,7.593000,7.735000,7.702000
268,4,2,7.494600,7.387000,7.565000,7.520000,7.597000,7.404000
268,5,2,7.593200,7.458000,7.525000,7.580000,7.675000,7.728000
268,6,2,7.410200,7.418000,7.438000,7.388000,7.374000,7.433000
268,7,2,7.457800,7.265000,7.569000,7.339000,7.607000,7.509000
268,8,2,7.591800,7.523000,7.542000,7.592000,7.664000,7.638000
268,9,2,7.546400,7.455000,7.553000,7.438000,7.630000,7.656000
268,10,2,7.544800,7.443000,7.551000,7.533000,7.618000,7.579000
268,11,2,7.590600,7.478000,7.527000,7.652000,7.626000,7.670000
268,12,2,7.584400,7.506000,7.515000,7.564000,7.655000,7.682000
268,13,2,7.581400,7.522000,7.549000,7.561000,7.576000,7.699000
268,14,2,7.618800,7.487000,7.584000,7.668000,7.726000,7.629000
268,15,2,7.472600,7.479000,7.439000,7.281000,7.606000,7.558000
268,16,2,7.584200,7.466000,7.589000,7.623000,7.652000,7.591000
268,17,2,7.564400,7.334000,7.537000,7.644000,7.588000,7.719000
268,18,2,7.612600,7.666000,7.545000,7.545000,7.625000,7.682000
268,19,2,7.620400,7.528000,7.671000,7.571000,7.691000,7.641000
269,0,2,7.505800,7.638000,7.558000,7.401000,7.355000,7.577000
269,1,2,7.609400,7.564000,7.618000,7.486000,7.592000,7.787000
269,2,2,7.500400,7.615000,7.379000,7.479000,7.469000,7.560000
269,3,2,7.576800,7.718000,7.421000,7.467000,7.633000,7.645000
269,4,2,7.649800,7.712000,7.641000,7.603000,7.644000,7.649000
269,5,2,7.670800,7.684000,7.650000,7.621000,7.626000,7.773000
269,6,2,7.327200,7.459000,7.254000,7.321000,7.176000,7.426000
269,7,2,7.564600,7.558000,7.525000,7.473000,7.583000,7.684000
269,8,2,7.597200,7.637000,7.698000,7.367000,7.594000,7.690000
269,9,2,7.429000,7.111000,7.582000,7.226000,7.566000,7.660000
269,10,2,7.679200,7.709000,7.682000,7.660000,7.674000,7.671000
269,11,2,7.522800,7.581000,7.446000,7.569000,7.429000,7.589000
269,12,2,7.487200,7.615000,7.486000,7.409000,7.418000,7.508000
269,13,2,7.636600,7.529000,7.614000,7.548000,7.726000,7.766000
269,14,2,7.604600,7.606000,7.658000,7.446000,7.611000,7.702000
269,15,2,7.600000,7.618000,7.552000,7.592000,7.580000,7.658000
269,16,2,7.546400,7.575000,7.523000,7.495000,7.456000,7.683000
269,17,2,7.608800,7.631000,7.582000,7.543000,7.581000,7.707000
269,18,2,7.508000,7.514000,7.500000,7.491000,7.464000,7.571000
269,19,2,7.532200,7.524000,7.524000,7.514000,7.579000,7.520000
270,0,0,5.512200,5.545000,5.397000,5.465000,5.546000,5.608000
270,1,0,5.566600,5.754000,5.531000,5.395000,5.554000,5.599000
270,2,0,5.443400,5.552000,5.432000,5.404000,5.350000,5.479000
270,3,0,5.754400,5.824000,5.862000,5.587000,5.628000,5.871000
270,4,0,5.655400,5.696000,5.649000,5.563000,5.633000,5.736000
270,5,0,5.459200,5.567000,5.565000,5.436000,5.310000,5.418000
270,6,0,5.727200,5.855000,5.742000,5.603000,5.635000,5.801000
270,7,0,5.524800,5.621000,5.578000,5.459000,5.368000,5.598000
270,8,0,5.340800,5.452000,5.221000,5.211000,5.253000,5.567000
270,9,0,5.674200,5.738000,5.620000,5.543000,5.706000,5.764000
270,10,0,5.460000,5.563000,5.543000,5.282000,5.305000,5.607000
270,11,0,5.621200,5.714000,5.686000,5.464000,5.629000,5.613000
270,12,0,5.626200,5.716000,5.616000,5.667000,5.413000,5.719000
270,13,0,5.471800,5.440000,5.504000,5.306000,5.440000,5.669000
270,14,0,5.252400,5.211000,5.241000,5.219000,5.201000,5.390000
270,15,0,5.555200,5.608000,5.539000,5.498000,5.462000,5.669000
270,16,0,5.493800,5.537000,5.503000,5.456000,5.382000,5.591000
270,17,0,5.587600,5.721000,5.670000,5.381000,5.494000,5.672000
270,18,0,5.505800,5.616000,5.539000,5.316000,5.439000,5.619000
270,19,0,5.518600,5.634000,5.571000,5.339000,5.392000,5.657000
270,20,1,5.211600,5.173000,5.243000,5.105000,5.243000,5.294000
270,21,1,5.372200,5.321000,5.335000,5.303000,5.384000,5.518000
270,22,1,5.201600,5.299000,5.123000,5.094000,5.219000,5.273000
270,23,1,5.280400,5.339000,5.268000,5.144000,5.293000,5.358000
270,24,1,5.267400,5.258000,5.266000,5.121000,5.327000,5.365000
270,25,1,5.130400,5.158000,5.174000,5.065000,5.071000,5.184000
270,26,1,5.140200,5.121000,5.105000,5.159000,5.074000,5.242000
270,27,1,5.146200,5.188000,5.160000,4.978000,5.103000,5.302000
270,28,1,5.347200,5.434000,5.413000,5.164000,5.285000,5.440000
270,29,1,5.179200,5.263000,5.170000,5.049000,5.093000,5.321000
270,30,1,5.196000,5.112000,5.283000,5.091000,5.145000,5.349000
270,31,1,5.094200,5.081000,5.109000,4.984000,5.088000,5.209000
270,32,1,5.259800,5.279000,5.331000,5.147000,5.276000,5.266000
270,33,1,5.195000,5.197000,5.229000,5.160000,5.128000,5.261000
270,34,1,5.145800,5.121000,5.161000,5.116000,5.107000,5.224000
270,35,1,5.177200,5.088000,5.335000,4.956000,5.152000,5.355000
270,36,1,5.079200,5.222000,5.197000,4.850000,4.972000,5.155000
270,37,1,5.247600,5.228000,5.170000,5.324000,5.099000,5.417000
270,38,1,5.265200,5.339000,5.269000,5.189000,5.236000,5.293000
270,39,1,5.003000,5.100000,5.118000,4.854000,4.916000,5.027000
270,40,2,7.571400,7.613000,7.522000,7.549000,7.630000,7.543000
270,41,2,7.314400,7.447000,7.293000,7.288000,7.214000,7.330000
270,42,2,7.530800,7.528000,7.271000,7.590000,7.614000,7.651000
270,43,2,7.506800,7.522000,7.387000,7.424000,7.622000,7.579000
270,44,2,7.508000,7.561000,7.416000,7.476000,7.577000,7.510000
270,45,2,7.581800,7.588000,7.534000,7.537000,7.601000,7.649000
270,46,2,7.499600,7.421000,7.469000,7.532000,7.531000,7.545000
270,47,2,7.479200,7.557000,7.132000,7.554000,7.548000,7.605000
270,48,2,7.437200,7.448000,7.149000,7.584000,7.467000,7.538000
270,49,2,7.567000,7.591000,7.469000,7.657000,7.554000,7.564000
270,50,2,7.604000,7.582000,7.524000,7.663000,7.724000,7.527000
270,51,2,7.558600,7.580000,7.524000,7.601000,7.599000,7.489000
270,52,2,7.406400,7.499000,7.258000,7.468000,7.514000,7.293000
270,53,2,7.558000,7.577000,7.398000,7.549000,7.659000,7.607000
270,54,2,7.426800,7.366000,7.442000,7.439000,7.397000,7.490000
270,55,2,7.568800,7.635000,7.423000,7.523000,7.607000,7.656000
270,56,2,7.488800,7.476000,7.367000,7.507000,7.548000,7.546000
270,57,2,7.532800,7.517000,7.489000,7.550000,7.559000,7.549000
270,58,2,7.414800,7.424000,7.318000,7.345000,7.463000,7.524000
270,59,2,7.443800,7.575000,6.900000,7.566000,7.538000,7.640000
270,60,3,5.017600,5.031000,4.935000,4.930000,5.114000,5.078000
270,61,3,4.993000,5.115000,4.945000,4.937000,4.999000,4.969000
270,62,3,5.009400,5.011000,5.070000,4.944000,4.906000,5.116000
270,63,3,4.962800,4.971000,4.967000,4.949000,4.942000,4.985000
270,64,3,5.024600,5.077000,5.033000,4.879000,5.001000,5.133000
270,65,3,5.075200,5.149000,5.004000,5.058000,5.093000,5.072000
270,66,3,5.167600,5.189000,5.111000,5.113000,5.110000,5.315000
270,67,3,5.041800,5.002000,5.078000,5.004000,4.989000,5.136000
270,68,3,5.113200,5.164000,4.898000,5.045000,5.180000,5.279000
270,69,3,4.887600,4.806000,4.965000,4.782000,4.932000,4.953000
270,70,3,5.037800,4.972000,5.106000,4.968000,4.966000,5.177000
270,71,3,5.006800,4.987000,4.980000,4.989000,4.955000,5.123000
270,72,3,4.907200,4.934000,4.939000,4.901000,4.757000,5.005000
270,73,3,4.989800,5.069000,4.900000,4.915000,4.983000,5.082000
270,74,3,5.159000,5.127000,4.999000,5.132000,5.221000,5.316000
270,75,3,4.877400,4.832000,4.848000,4.891000,4.887000,4.929000
270,76,3,5.039000,5.104000,5.186000,4.857000,4.915000,5.133000
270,77,3,5.016000,5.095000,4.979000,4.986000,4.934000,5.086000
270,78,3,5.221200,5.249000,5.109000,5.205000,5.236000,5.307000
270,79,3,5.083200,5.103000,4.972000,5.059000,5.061000,5.221000
270,80,4,5.321600,5.382000,5.284000,5.330000,5.250000,5.362000
270,81,4,5.385000,5.317000,5.437000,5.439000,5.294000,5.438000
270,82,4,5.340200,5.292000,5.339000,5.356000,5.403000,5.311000
270,83,4,5.378800,5.453000,5.381000,5.399000,5.273000,5.388000
270,84,4,5.434000,5.365000,5.408000,5.409000,5.487000,5.501000
270,85,4,5.467800,5.568000,5.379000,5.432000,5.479000,5.481000
270,86,4,5.360000,5.332000,5.366000,5.383000,5.345000,5.374000
270,87,4,5.285600,5.328000,5.145000,5.296000,5.273000,5.386000
270,88,4,5.392200,5.341000,5.413000,5.398000,5.455000,5.354000
270,89,4,5.359400,5.368000,5.326000,5.381000,5.276000,5.446000
270,90,4,5.309000,5.303000,5.260000,5.290000,5.267000,5.425000
270,91,4,5.460400,5.464000,5.258000,5.412000,5.594000,5.574000
270,92,4,5.437400,5.436000,5.492000,5.400000,5.352000,5.507000
270,93,4,5.395800,5.429000,5.236000,5.509000,5.399000,5.406000
270,94,4,5.336200,5.188000,5.388000,5.325000,5.313000,5.467000
270,95,4,5.313600,5.254000,5.236000,5.302000,5.229000,5.547000
270,96,4,5.225800,5.164000,5.179000,5.151000,5.336000,5.299000
270,97,4,5.401000,5.419000,5.353000,5.353000,5.374000,5.506000
270,98,4,5.332800,5.203000,5.256000,5.458000,5.294000,5.453000
270,99,4,5.414000,5.445000,5.406000,5.287000,5.480000,5.452000
271,0,2,7.471400,7.479000,7.457000,7.486000,7.373000,7.562000
271,1,2,7.552400,7.498000,7.641000,7.610000,7.442000,7.571000
271,2,2,7.475600,7.386000,7.516000,7.524000,7.357000,7.595000
271,3,2,7.505200,7.491000,7.544000,7.513000,7.409000,7.569000
271,4,2,7.562800,7.627000,7.564000,7.605000,7.504000,7.514000
271,5,2,7.627600,7.618000,7.636000,7.676000,7.596000,7.612000
271,6,2,7.614000,7.683000,7.674000,7.623000,7.595000,7.495000
271,7,2,7.497400,7.489000,7.557000,7.551000,7.479000,7.411000
271,8,2,7.691200,7.694000,7.699000,7.739000,7.647000,7.677000
271,9,2,7.558600,7.525000,7.593000,7.564000,7.496000,7.615000
271,10,2,7.601800,7.615000,7.616000,7.598000,7.553000,7.627000
271,11,2,7.594800,7.601000,7.583000,7.577000,7.517000,7.696000
271,12,2,7.510400,7.483000,7.600000,7.611000,7.529000,7.329000
271,13,2,7.601200,7.636000,7.615000,7.557000,7.467000,7.731000
271,14,2,7.611200,7.550000,7.708000,7.678000,7.511000,7.609000
271,15,2,7.547800,7.382000,7.604000,7.614000,7.534000,7.605000
271,16,2,7.575800,7.553000,7.694000,7.601000,7.456000,7.575000
271,17,2,7.426600,7.348000,7.487000,7.488000,7.345000,7.465000
271,18,2,7.615800,7.525000,7.685000,7.668000,7.541000,7.660000
271,19,2,7.516200,7.627000,7.642000,7.511000,7.544000,7.257000
272,0,2,7.634800,7.643000,7.740000,7.491000,7.682000,7.618000
272,1,2,7.657200,7.663000,7.733000,7.524000,7.687000,7.679000
272,2,2,7.509400,7.405000,7.518000,7.400000,7.633000,7.591000
272,3,2,7.642200,7.658000,7.826000,7.518000,7.628000,7.581000
272,4,2,7.467000,7.320000,7.673000,7.335000,7.552000,7.455000
272,5,2,7.572400,7.510000,7.668000,7.476000,7.577000,7.631000
272,6,2,7.569000,7.467000,7.596000,7.525000,7.663000,7.594000
272,7,2,7.626800,7.657000,7.658000,7.515000,7.666000,7.638000
272,8,2,7.621800,7.615000,7.662000,7.519000,7.648000,7.665000
272,9,2,7.579800,7.582000,7.619000,7.528000,7.595000,7.575000
272,10,2,7.654600,7.590000,7.791000,7.517000,7.708000,7.667000
272,11,2,7.554800,7.470000,7.699000,7.431000,7.621000,7.553000
272,12,2,7.637600,7.587000,7.785000,7.560000,7.687000,7.569000
272,13,2,7.503800,7.396000,7.671000,7.434000,7.600000,7.418000
272,14,2,7.606400,7.594000,7.647000,7.555000,7.616000,7.620000
272,15,2,7.642200,7.595000,7.697000,7.599000,7.690000,7.630000
272,16,2,7.577400,7.569000,7.561000,7.515000,7.639000,7.603000
272,17,2,7.489600,7.475000,7.653000,7.328000,7.549000,7.443000
272,18,2,7.300400,7.135000,7.395000,7.269000,7.448000,7.255000
272,19,2,7.560400,7.395000,7.725000,7.550000,7.677000,7.455000
273,0,2,7.623200,7.658000,7.592000,7.736000,7.651000,7.479000
273,1,2,7.568600,7.590000,7.517000,7.629000,7.630000,7.477000
273,2,2,7.641400,7.478000,7.616000,7.722000,7.742000,7.649000
273,3,2,7.644400,7.593000,7.598000,7.726000,7.659000,7.646000
273,4,2,7.385600,7.487000,7.314000,7.524000,7.394000,7.209000
273,5,2,7.690000,7.681000,7.703000,7.736000,7.698000,7.632000
273,6,2,7.602600,7.569000,7.548000,7.714000,7.616000,7.566000
273,7,2,7.509000,7.489000,7.525000,7.476000,7.574000,7.481000
273,8,2,7.565600,7.504000,7.454000,7.694000,7.655000,7.521000
273,9,2,7.588400,7.528000,7.667000,7.497000,7.710000,7.540000
273,10,2,7.620400,7.547000,7.577000,7.766000,7.733000,7.479000
273,11,2,7.610200,7.614000,7.568000,7.653000,7.638000,7.578000
273,12,2,7.593000,7.563000,7.593000,7.676000,7.643000,7.490000
273,13,2,7.660000,7.662000,7.609000,7.774000,7.690000,7.565000
273,14,2,7.622400,7.588000,7.522000,7.743000,7.702000,7.557000
273,15,2,7.554400,7.451000,7.588000,7.619000,7.603000,7.511000
273,16,2,7.580800,7.581000,7.644000,7.433000,7.749000,7.497000
273,17,2,7.512400,7.435000,7.507000,7.593000,7.611000,7.416000
273,18,2,7.550200,7.516000,7.456000,7.683000,7.532000,7.564000
273,19,2,7.562000,7.541000,7.581000,7.611000,7.609000,7.468000
274,0,2,7.644800,7.693000,7.623000,7.657000,7.649000,7.602000
274,1,2,7.585600,7.620000,7.599000,7.625000,7.634000,7.450000
274,2,2,7.700200,7.776000,7.694000,7.737000,7.709000,7.585000
274,3,2,7.489000,7.507000,7.499000,7.553000,7.563000,7.323000
274,4,2,7.675600,7.708000,7.684000,7.657000,7.695000,7.634000
274,5,2,7.632200,7.659000,7.686000,7.614000,7.670000,7.532000
274,6,2,7.687400,7.659000,7.753000,7.719000,7.685000,7.621000
274,7,2,7.549600,7.600000,7.581000,7.542000,7.623000,7.402000
274,8,2,7.690400,7.675000,7.717000,7.659000,7.815000,7.586000
274,9,2,7.582000,7.624000,7.557000,7.773000,7.398000,7.558000
274,10,2,7.596800,7.711000,7.692000,7.668000,7.378000,7.535000
274,11,2,7.724800,7.762000,7.678000,7.775000,7.773000,7.636000
274,12,2,7.716000,7.733000,7.824000,7.681000,7.730000,7.612000
274,13,2,7.681400,7.710000,7.676000,7.695000,7.775000,7.551000
274,14,2,7.640200,7.709000,7.673000,7.632000,7.719000,7.468000
274,15,2,7.526600,7.534000,7.513000,7.497000,7.640000,7.449000
274,16,2,7.675200,7.699000,7.673000,7.620000,7.777000,7.607000
274,17,2,7.733000,7.725000,7.779000,7.742000,7.785000,7.634000
274,18,2,7.697800,7.718000,7.719000,7.726000,7.756000,7.570000
274,19,2,7.598400,7.623000,7.622000,7.676000,7.563000,7.508000
275,0,2,7.680600,7.645000,7.654000,7.663000,7.693000,7.748000
275,1,2,7.649800,7.648000,7.537000,7.718000,7.657000,7.689000
275,2,2,7.624000,7.663000,7.615000,7.698000,7.570000,7.574000
275,3,2,7.623200,7.590000,7.660000,7.681000,7.623000,7.562000
275,4,2,7.618000,7.583000,7.606000,7.683000,7.623000,7.595000
275,5,2,7.434800,7.300000,7.549000,7.434000,7.439000,7.452000
275,6,2,7.649000,7.644000,7.684000,7.669000,7.579000,7.669000
275,7,2,7.616000,7.550000,7.595000,7.601000,7.625000,7.709000
275,8,2,7.571400,7.632000,7.510000,7.627000,7.560000,7.528000
275,9,2,7.610400,7.551000,7.654000,7.638000,7.613000,7.596000
275,10,2,7.555800,7.643000,7.267000,7.547000,7.653000,7.669000
275,11,2,7.556000,7.467000,7.498000,7.594000,7.620000,7.601000
275,12,2,7.616000,7.560000,7.519000,7.578000,7.689000,7.734000
275,13,2,7.670000,7.610000,7.644000,7.725000,7.719000,7.652000
275,14,2,7.683000,7.660000,7.638000,7.694000,7.670000,7.753000
275,15,2,7.562000,7.626000,7.526000,7.464000,7.665000,7.529000
275,16,2,7.589800,7.483000,7.582000,7.660000,7.652000,7.572000
275,17,2,7.570400,7.486000,7.542000,7.605000,7.643000,7.576000
275,18,2,7.536000,7.465000,7.403000,7.583000,7.657000,7.572000
275,19,2,7.617400,7.546000,7.584000,7.709000,7.655000,7.593000
276,0,2,7.624800,7.580000,7.608000,7.721000,7.652000,7.563000
276,1,2,7.566400,7.562000,7.538000,7.632000,7.553000,7.547000
276,2,2,7.667000,7.735000,7.650000,7.743000,7.605000,7.602000
276,3,2,7.582600,7.566000,7.675000,7.621000,7.586000,7.465000
276,4,2,7.617400,7.627000,7.675000,7.634000,7.686000,7.465000
276,5,2,7.553000,7.590000,7.512000,7.636000,7.521000,7.506000
276,6,2,7.702800,7.711000,7.678000,7.736000,7.745000,7.644000
276,7,2,7.608200,7.593000,7.693000,7.714000,7.589000,7.452000
276,8,2,7.528200,7.435000,7.554000,7.627000,7.549000,7.476000
276,9,2,7.632200,7.683000,7.666000,7.649000,7.611000,7.552000
276,10,2,7.608000,7.607000,7.616000,7.692000,7.637000,7.488000
276,11,2,7.623400,7.516000,7.635000,7.661000,7.659000,7.646000
276,12,2,7.664800,7.655000,7.632000,7.713000,7.745000,7.579000
276,13,2,7.623600,7.718000,7.568000,7.711000,7.619000,7.502000
276,14,2,7.603000,7.513000,7.695000,7.654000,7.573000,7.580000
276,15,2,7.606400,7.577000,7.631000,7.696000,7.612000,7.516000
276,16,2,7.652600,7.595000,7.716000,7.681000,7.636000,7.635000
276,17,2,7.505000,7.467000,7.615000,7.394000,7.560000,7.489000
276,18,2,7.573200,7.529000,7.601000,7.578000,7.622000,7.536000
276,19,2,7.569600,7.532000,7.612000,7.660000,7.522000,7.522000
277,0,2,7.626200,7.417000,7.693000,7.411000,7.812000,7.798000
277,1,2,7.659600,7.774000,7.664000,7.603000,7.665000,7.592000
277,2,2,7.665200,7.730000,7.602000,7.611000,7.697000,7.686000
277,3,2,7.657600,7.682000,7.655000,7.494000,7.763000,7.694000
277,4,2,7.632800,7.690000,7.630000,7.578000,7.646000,7.620000
277,5,2,7.569400,7.588000,7.621000,7.526000,7.606000,7.506000
277,6,2,7.641600,7.754000,7.624000,7.600000,7.691000,7.539000
277,7,2,7.484200,7.545000,7.511000,7.454000,7.430000,7.481000
277,8,2,7.646200,7.641000,7.684000,7.564000,7.682000,7.660000
277,9,2,7.674400,7.692000,7.662000,7.588000,7.744000,7.686000
277,10,2,7.713200,7.848000,7.570000,7.567000,7.850000,7.731000
277,11,2,7.443000,7.476000,7.564000,7.320000,7.445000,7.410000
277,12,2,7.619200,7.733000,7.607000,7.556000,7.585000,7.615000
277,13,2,7.548800,7.195000,7.723000,7.416000,7.673000,7.737000
277,14,2,7.618800,7.424000,7.630000,7.579000,7.773000,7.688000
277,15,2,7.560000,7.127000,7.673000,7.633000,7.719000,7.648000
277,16,2,7.687600,7.686000,7.674000,7.652000,7.765000,7.661000
277,17,2,7.608200,7.669000,7.606000,7.527000,7.589000,7.650000
277,18,2,7.727800,7.730000,7.679000,7.612000,7.809000,7.809000
277,19,2,7.693000,7.706000,7.689000,7.631000,7.765000,7.674000
278,0,2,7.698000,7.708000,7.656000,7.648000,7.772000,7.706000
278,1,2,7.645600,7.690000,7.619000,7.588000,7.624000,7.707000
278,2,2,7.510400,7.624000,7.484000,7.478000,7.519000,7.447000
278,3,2,7.615600,7.713000,7.568000,7.578000,7.634000,7.585000
278,4,2,7.379000,7.273000,7.452000,7.393000,7.440000,7.337000
278,5,2,7.647800,7.664000,7.672000,7.551000,7.691000,7.661000
278,6,2,7.584800,7.540000,7.611000,7.610000,7.590000,7.573000
278,7,2,7.672000,7.652000,7.692000,7.638000,7.679000,7.699000
278,8,2,7.518800,7.557000,7.483000,7.510000,7.545000,7.499000
278,9,2,7.608600,7.453000,7.635000,7.673000,7.610000,7.672000
278,10,2,7.626000,7.677000,7.621000,7.599000,7.610000,7.623000
278,11,2,7.676200,7.783000,7.671000,7.609000,7.688000,7.630000
278,12,2,7.743600,7.808000,7.718000,7.766000,7.742000,7.684000
278,13,2,7.654400,7.748000,7.672000,7.605000,7.699000,7.548000
278,14,2,7.659400,7.765000,7.646000,7.683000,7.597000,7.606000
278,15,2,7.662000,7.708000,7.714000,7.566000,7.687000,7.635000
278,16,2,7.699200,7.722000,7.671000,7.693000,7.699000,7.711000
278,17,2,7.724800,7.732000,7.720000,7.676000,7.722000,7.774000
278,18,2,7.562600,7.614000,7.559000,7.507000,7.591000,7.542000
278,19,2,7.658400,7.711000,7.690000,7.648000,7.686000,7.557000
279,0,2,7.650000,7.716000,7.720000,7.629000,7.548000,7.637000
279,1,2,7.615800,7.731000,7.560000,7.650000,7.615000,7.523000
279,2,2,7.710400,7.806000,7.789000,7.723000,7.564000,7.670000
279,3,2,7.588600,7.665000,7.560000,7.660000,7.519000,7.539000
279,4,2,7.702800,7.736000,7.691000,7.716000,7.738000,7.633000
279,5,2,7.384200,7.569000,7.223000,7.396000,7.424000,7.309000
279,6,2,7.685200,7.712000,7.700000,7.702000,7.736000,7.576000
279,7,2,7.636800,7.722000,7.583000,7.672000,7.648000,7.559000
279,8,2,7.550800,7.849000,6.874000,7.779000,7.498000,7.754000
279,9,2,7.710800,7.760000,7.769000,7.631000,7.650000,7.744000
279,10,2,7.734000,7.776000,7.709000,7.762000,7.685000,7.738000
279,11,2,7.677600,7.716000,7.598000,7.679000,7.690000,7.705000
279,12,2,7.643400,7.666000,7.666000,7.632000,7.626000,7.627000
279,13,2,7.732000,7.815000,7.659000,7.816000,7.645000,7.725000
279,14,2,7.640000,7.680000,7.594000,7.576000,7.646000,7.704000
279,15,2,7.635600,7.723000,7.546000,7.716000,7.620000,7.573000
279,16,2,7.664800,7.685000,7.618000,7.634000,7.677000,7.710000
279,17,2,7.661600,7.695000,7.611000,7.709000,7.652000,7.641000
279,18,2,7.647400,7.671000,7.682000,7.675000,7.612000,7.597000
279,19,2,7.611000,7.673000,7.628000,7.679000,7.556000,7.519000
280,0,0,5.767600,5.848000,5.760000,5.644000,5.711000,5.875000
280,1,0,5.550000,5.682000,5.583000,5.459000,5.555000,5.471000
280,2,0,5.351000,5.492000,5.372000,5.291000,5.189000,5.411000
280,3,0,5.708600,5.809000,5.784000,5.549000,5.680000,5.721000
280,4,0,5.575400,5.660000,5.541000,5.543000,5.470000,5.663000
280,5,0,5.541400,5.658000,5.505000,5.599000,5.450000,5.495000
280,6,0,5.553000,5.556000,5.719000,5.451000,5.510000,5.529000
280,7,0,5.666200,5.746000,5.734000,5.633000,5.590000,5.628000
280,8,0,5.657000,5.688000,5.649000,5.710000,5.509000,5.729000
280,9,0,5.285600,5.302000,5.268000,5.273000,5.199000,5.386000
280,10,0,5.351400,5.515000,5.445000,5.213000,5.205000,5.379000
280,11,0,5.706800,5.792000,5.767000,5.600000,5.686000,5.689000
280,12,0,5.656000,5.774000,5.621000,5.559000,5.563000,5.763000
280,13,0,5.584800,5.580000,5.549000,5.592000,5.648000,5.555000
280,14,0,5.601400,5.704000,5.559000,5.502000,5.672000,5.570000
280,15,0,5.351200,5.398000,5.381000,5.286000,5.257000,5.434000
280,16,0,5.473600,5.460000,5.432000,5.385000,5.454000,5.637000
280,17,0,5.546200,5.674000,5.486000,5.439000,5.497000,5.635000
280,18,0,5.480400,5.664000,5.404000,5.349000,5.383000,5.602000
280,19,0,5.351000,5.471000,5.320000,5.249000,5.281000,5.434000
280,20,1,5.398800,5.537000,5.216000,5.310000,5.413000,5.518000
280,21,1,5.332800,5.464000,5.282000,5.124000,5.247000,5.547000
280,22,1,5.374600,5.544000,5.283000,5.188000,5.279000,5.579000
280,23,1,5.320800,5.490000,5.228000,5.242000,5.141000,5.503000
280,24,1,5.311400,5.481000,5.149000,5.239000,5.209000,5.479000
280,25,1,5.273000,5.329000,5.132000,5.313000,5.244000,5.347000
280,26,1,5.365800,5.551000,5.247000,5.337000,5.198000,5.496000
280,27,1,5.290600,5.400000,5.186000,5.186000,5.286000,5.395000
280,28,1,5.325800,5.429000,5.328000,5.276000,5.283000,5.313000
280,29,1,5.452800,5.732000,5.306000,5.232000,5.438000,5.556000
280,30,1,5.260600,5.428000,5.201000,5.125000,5.221000,5.328000
280,31,1,5.290400,5.405000,5.181000,5.260000,5.321000,5.285000
280,32,1,5.401400,5.578000,5.337000,5.247000,5.272000,5.573000
280,33,1,5.346200,5.437000,5.307000,5.182000,5.342000,5.463000
280,34,1,5.363200,5.457000,5.389000,5.278000,5.232000,5.460000
280,35,1,5.212400,5.326000,5.107000,5.133000,5.090000,5.406000
280,36,1,5.394000,5.430000,5.402000,5.316000,5.315000,5.507000
280,37,1,5.309400,5.513000,5.163000,5.200000,5.227000,5.444000
280,38,1,5.424400,5.542000,5.281000,5.384000,5.367000,5.548000
280,39,1,5.453400,5.520000,5.456000,5.292000,5.449000,5.550000
280,40,2,7.617000,7.636000,7.551000,7.595000,7.687000,7.616000
280,41,2,7.642200,7.766000,7.596000,7.602000,7.622000,7.625000
280,42,2,7.696400,7.693000,7.624000,7.715000,7.674000,7.776000
280,43,2,7.741600,7.760000,7.743000,7.751000,7.696000,7.758000
280,44,2,7.700600,7.703000,7.641000,7.735000,7.699000,7.725000
280,45,2,7.584200,7.668000,7.578000,7.538000,7.532000,7.605000
280,46,2,7.687600,7.796000,7.708000,7.595000,7.659000,7.680000
280,47,2,7.693600,7.861000,7.627000,7.625000,7.659000,7.696000
280,48,2,7.646400,7.765000,7.706000,7.569000,7.593000,7.599000
280,49,2,7.683800,7.640000,7.704000,7.571000,7.723000,7.781000
280,50,2,7.691000,7.801000,7.650000,7.618000,7.672000,7.714000
280,51,2,7.692000,7.681000,7.696000,7.752000,7.684000,7.647000
280,52,2,7.640400,7.705000,7.623000,7.614000,7.569000,7.691000
280,53,2,7.709800,7.713000,7.650000,7.736000,7.706000,7.744000
280,54,2,7.487600,7.532000,7.515000,7.425000,7.496000,7.470000
280,55,2,7.652800,7.740000,7.623000,7.657000,7.618000,7.626000
280,56,2,7.726400,7.752000,7.660000,7.762000,7.692000,7.766000
280,57,2,7.644600,7.729000,7.625000,7.625000,7.521000,7.723000
280,58,2,7.599400,7.630000,7.549000,7.651000,7.576000,7.591000
280,59,2,7.687800,7.740000,7.688000,7.716000,7.632000,7.663000
280,60,3,4.994600,4.959000,4.921000,5.002000,5.036000,5.055000
280,61,3,4.843000,4.885000,4.949000,4.876000,4.756000,4.749000
280,62,3,4.877600,4.966000,4.832000,4.805000,4.862000,4.923000
280,63,3,4.879400,5.009000,4.847000,4.798000,4.907000,4.836000
280,64,3,4.920600,4.840000,4.752000,5.027000,5.001000,4.983000
280,65,3,5.027400,5.191000,5.048000,5.059000,4.946000,4.893000
280,66,3,4.933400,4.958000,4.780000,4.959000,5.009000,4.961000
280,67,3,4.978200,4.977000,5.105000,5.000000,4.943000,4.866000
280,68,3,4.862600,5.111000,4.410000,5.035000,4.961000,4.796000
280,69,3,4.909200,5.022000,4.887000,4.852000,4.842000,4.943000
280,70,3,4.953400,5.149000,4.939000,4.816000,4.927000,4.936000
280,71,3,4.841000,4.744000,4.861000,4.937000,4.774000,4.889000
280,72,3,4.931200,5.150000,4.892000,4.992000,4.988000,4.634000
280,73,3,4.962600,5.072000,4.951000,5.004000,4.904000,4.882000
280,74,3,4.951800,4.995000,4.984000,4.968000,4.944000,4.868000
280,75,3,4.961200,4.941000,4.726000,5.173000,5.030000,4.936000
280,76,3,4.938200,5.081000,4.904000,4.919000,4.854000,4.933000
280,77,3,4.883600,5.002000,4.854000,4.865000,4.855000,4.842000
280,78,3,4.947000,5.052000,4.658000,5.000000,4.965000,5.060000
280,79,3,4.957200,5.084000,4.946000,4.963000,4.785000,5.008000
280,80,4,5.408200,5.540000,5.183000,5.479000,5.375000,5.464000
280,81,4,5.350800,5.495000,5.287000,5.302000,5.285000,5.385000
280,82,4,5.382600,5.504000,5.544000,5.228000,5.364000,5.273000
280,83,4,5.237800,5.322000,5.117000,5.170000,5.288000,5.292000
280,84,4,5.538400,5.675000,5.535000,5.458000,5.441000,5.583000
280,85,4,5.393200,5.542000,5.318000,5.336000,5.309000,5.461000
280,86,4,5.384600,5.591000,5.354000,5.204000,5.340000,5.434000
280,87,4,5.455600,5.558000,5.419000,5.312000,5.500000,5.489000
280,88,4,5.412600,5.530000,5.282000,5.339000,5.451000,5.461000
280,89,4,5.367800,5.636000,5.271000,5.199000,5.337000,5.396000
280,90,4,5.411000,5.612000,5.238000,5.365000,5.471000,5.369000
280,91,4,5.365200,5.495000,5.338000,5.303000,5.379000,5.311000
280,92,4,5.472000,5.636000,5.231000,5.442000,5.472000,5.579000
280,93,4,5.528200,5.538000,5.516000,5.512000,5.570000,5.505000
280,94,4,5.450800,5.547000,5.319000,5.495000,5.385000,5.508000
280,95,4,5.410200,5.559000,5.375000,5.351000,5.406000,5.360000
280,96,4,5.534200,5.546000,5.621000,5.417000,5.521000,5.566000
280,97,4,5.507200,5.541000,5.429000,5.490000,5.555000,5.521000
280,98,4,5.462000,5.503000,5.351000,5.493000,5.461000,5.502000
280,99,4,5.260800,5.328000,5.182000,5.292000,5.210000,5.292000
281,0,2,7.722000,7.741000,7.793000,7.756000,7.687000,7.633000
281,1,2,7.707200,7.721000,7.698000,7.705000,7.713000,7.699000
281,2,2,7.636800,7.701000,7.648000,7.647000,7.548000,7.640000
281,3,2,7.694200,7.573000,7.683000,7.832000,7.676000,7.707000
281,4,2,7.722200,7.759000,7.778000,7.773000,7.624000,7.677000
281,5,2,7.681200,7.672000,7.693000,7.744000,7.608000,7.689000
281,6,2,7.688800,7.734000,7.714000,7.730000,7.646000,7.620000
281,7,2,7.697600,7.642000,7.709000,7.794000,7.668000,7.675000
281,8,2,7.644000,7.640000,7.667000,7.668000,7.606000,7.639000
281,9,2,7.701200,7.679000,7.655000,7.827000,7.663000,7.682000
281,10,2,7.532000,7.567000,7.617000,7.619000,7.383000,7.474000
281,11,2,7.708000,7.737000,7.671000,7.813000,7.597000,7.722000
281,12,2,7.781200,7.698000,7.812000,7.850000,7.810000,7.736000
281,13,2,7.675000,7.635000,7.764000,7.638000,7.638000,7.700000
281,14,2,7.698400,7.708000,7.690000,7.766000,7.639000,7.689000
281,15,2,7.693400,7.569000,7.691000,7.809000,7.708000,7.690000
281,16,2,7.677200,7.515000,7.698000,7.722000,7.726000,7.725000
281,17,2,7.725600,7.714000,7.720000,7.726000,7.659000,7.809000
281,18,2,7.717400,7.661000,7.677000,7.823000,7.728000,7.698000
281,19,2,7.680600,7.750000,7.527000,7.787000,7.672000,7.667000
282,0,2,7.650400,7.635000,7.681000,7.650000,7.738000,7.548000
282,1,2,7.684200,7.727000,7.713000,7.692000,7.599000,7.690000
282,2,2,7.639600,7.713000,7.663000,7.650000,7.609000,7.563000
282,3,2,7.499200,7.537000,7.516000,7.482000,7.513000,7.448000
282,4,2,7.670800,7.734000,7.602000,7.696000,7.694000,7.628000
282,5,2,7.750400,7.750000,7.728000,7.713000,7.847000,7.714000
282,6,2,7.714000,7.758000,7.725000,7.683000,7.738000,7.666000
282,7,2,7.564600,7.511000,7.664000,7.497000,7.582000,7.569000
282,8,2,7.564000,7.567000,7.579000,7.538000,7.552000,7.584000
282,9,2,7.710600,7.773000,7.774000,7.719000,7.748000,7.539000
282,10,2,7.637600,7.714000,7.635000,7.586000,7.616000,7.637000
282,11,2,7.663600,7.794000,7.644000,7.613000,7.682000,7.585000
282,12,2,7.523200,7.544000,7.615000,7.457000,7.467000,7.533000
282,13,2,7.619800,7.615000,7.688000,7.592000,7.693000,7.511000
282,14,2,7.746600,7.848000,7.702000,7.715000,7.762000,7.706000
282,15,2,7.744000,7.838000,7.709000,7.748000,7.732000,7.693000
282,16,2,7.727200,7.688000,7.729000,7.766000,7.772000,7.681000
282,17,2,7.691200,7.691000,7.675000,7.706000,7.696000,7.688000
282,18,2,7.741200,7.825000,7.707000,7.737000,7.797000,7.640000
282,19,2,7.712800,7.753000,7.712000,7.634000,7.871000,7.594000
283,0,2,7.681800,7.565000,7.733000,7.710000,7.691000,7.710000
283,1,2,7.532200,7.443000,7.590000,7.587000,7.537000,7.504000
283,2,2,7.676400,7.611000,7.799000,7.626000,7.656000,7.690000
283,3,2,7.671200,7.672000,7.670000,7.713000,7.654000,7.647000
283,4,2,7.708600,7.650000,7.714000,7.753000,7.745000,7.681000
283,5,2,7.558200,7.493000,7.616000,7.616000,7.545000,7.521000
283,6,2,7.641600,7.688000,7.743000,7.553000,7.611000,7.613000
283,7,2,7.691400,7.641000,7.762000,7.666000,7.750000,7.638000
283,8,2,7.743200,7.682000,7.831000,7.760000,7.784000,7.659000
283,9,2,7.580800,7.518000,7.645000,7.633000,7.599000,7.509000
283,10,2,7.679800,7.665000,7.701000,7.636000,7.773000,7.624000
283,11,2,7.685600,7.634000,7.737000,7.531000,7.770000,7.756000
283,12,2,7.634200,7.492000,7.764000,7.662000,7.652000,7.601000
283,13,2,7.641200,7.534000,7.737000,7.599000,7.659000,7.677000
283,14,2,7.577600,7.500000,7.633000,7.581000,7.654000,7.520000
283,15,2,7.685600,7.616000,7.739000,7.654000,7.748000,7.671000
283,16,2,7.748000,7.753000,7.724000,7.725000,7.751000,7.787000
283,17,2,7.678400,7.628000,7.808000,7.656000,7.694000,7.606000
283,18,2,7.685400,7.633000,7.759000,7.685000,7.682000,7.668000
283,19,2,7.622200,7.610000,7.724000,7.610000,7.722000,7.445000
284,0,2,7.540200,7.477000,7.605000,7.659000,7.503000,7.457000
284,1,2,7.745800,7.644000,7.949000,7.874000,7.760000,7.502000
284,2,2,7.649800,7.490000,7.791000,7.682000,7.702000,7.584000
284,3,2,7.681400,7.585000,7.797000,7.637000,7.674000,7.714000
284,4,2,7.609200,7.486000,7.699000,7.749000,7.618000,7.494000
284,5,2,7.728400,7.595000,7.847000,7.713000,7.814000,7.673000
284,6,2,7.726200,7.628000,7.772000,7.816000,7.704000,7.711000
284,7,2,7.651600,7.475000,7.698000,7.738000,7.706000,7.641000
284,8,2,7.681000,7.627000,7.818000,7.717000,7.651000,7.592000
284,9,2,7.666600,7.507000,7.860000,7.755000,7.674000,7.537000
284,10,2,7.701600,7.679000,7.762000,7.702000,7.649000,7.716000
284,11,2,7.569200,7.533000,7.718000,7.620000,7.482000,7.493000
284,12,2,7.732600,7.602000,7.852000,7.821000,7.652000,7.736000
284,13,2,7.642200,7.471000,7.727000,7.792000,7.551000,7.670000
284,14,2,7.766400,7.658000,7.851000,7.801000,7.725000,7.797000
284,15,2,7.677800,7.552000,7.737000,7.730000,7.725000,7.645000
284,16,2,7.556200,7.533000,7.746000,7.583000,7.517000,7.402000
284,17,2,7.692800,7.554000,7.845000,7.725000,7.658000,7.682000
284,18,2,7.659800,7.555000,7.756000,7.651000,7.672000,7.665000
284,19,2,7.678400,7.595000,7.793000,7.752000,7.658000,7.594000
285,0,2,7.712800,7.739000,7.726000,7.702000,7.732000,7.665000
285,1,2,7.691400,7.644000,7.784000,7.656000,7.561000,7.812000
285,2,2,7.672200,7.744000,7.763000,7.538000,7.597000,7.719000
285,3,2,7.618800,7.706000,7.817000,7.671000,7.151000,7.749000
285,4,2,7.629600,7.624000,7.681000,7.620000,7.593000,7.630000
285,5,2,7.631800,7.677000,7.719000,7.569000,7.613000,7.581000
285,6,2,7.630800,7.723000,7.726000,7.550000,7.553000,7.602000
285,7,2,7.712400,7.714000,7.795000,7.669000,7.701000,7.683000
285,8,2,7.736200,7.803000,7.823000,7.603000,7.748000,7.704000
285,9,2,7.716600,7.734000,7.826000,7.724000,7.496000,7.803000
285,10,2,7.532400,7.721000,7.705000,7.430000,7.059000,7.747000
285,11,2,7.645000,7.665000,7.696000,7.577000,7.654000,7.633000
285,12,2,7.658000,7.710000,7.713000,7.638000,7.582000,7.647000
285,13,2,7.575200,7.707000,7.583000,7.454000,7.520000,7.612000
285,14,2,7.712000,7.678000,7.821000,7.673000,7.632000,7.756000
285,15,2,7.713800,7.801000,7.830000,7.744000,7.416000,7.778000
285,16,2,7.661800,7.842000,7.690000,7.592000,7.576000,7.609000
285,17,2,7.592800,7.662000,7.627000,7.540000,7.534000,7.601000
285,18,2,7.619800,7.701000,7.715000,7.569000,7.492000,7.622000
285,19,2,7.696000,7.667000,7.725000,7.681000,7.692000,7.715000
286,0,2,7.742000,7.739000,7.775000,7.901000,7.529000,7.766000
286,1,2,7.671200,7.568000,7.714000,7.735000,7.516000,7.823000
286,2,2,7.742600,7.712000,7.755000,7.744000,7.627000,7.875000
286,3,2,7.688000,7.577000,7.767000,7.675000,7.588000,7.833000
286,4,2,7.808800,7.751000,7.811000,7.855000,7.703000,7.924000
286,5,2,7.786000,7.681000,7.850000,7.918000,7.645000,7.836000
286,6,2,7.756200,7.652000,7.803000,7.766000,7.671000,7.889000
286,7,2,7.765600,7.699000,7.780000,7.913000,7.616000,7.820000
286,8,2,7.818400,7.781000,7.857000,7.888000,7.613000,7.953000
286,9,2,7.808200,7.775000,7.839000,7.877000,7.685000,7.865000
286,10,2,7.751400,7.694000,7.694000,7.877000,7.703000,7.789000
286,11,2,7.765600,7.731000,7.830000,7.847000,7.585000,7.835000
286,12,2,7.787600,7.849000,7.934000,7.737000,7.534000,7.884000
286,13,2,7.753000,7.754000,7.792000,7.883000,7.551000,7.785000
286,14,2,7.760200,7.711000,7.762000,7.777000,7.678000,7.873000
286,15,2,7.703600,7.625000,7.701000,7.725000,7.560000,7.907000
286,16,2,7.715800,7.693000,7.729000,7.855000,7.599000,7.703000
286,17,2,7.686600,7.669000,7.754000,7.674000,7.624000,7.712000
286,18,2,7.788000,7.702000,7.816000,7.834000,7.694000,7.894000
286,19,2,7.796600,7.697000,7.884000,7.857000,7.673000,7.872000
287,0,2,7.717800,7.565000,7.844000,7.711000,7.690000,7.779000
287,1,2,7.773800,7.614000,7.783000,7.842000,7.816000,7.814000
287,2,2,7.670600,7.672000,7.747000,7.647000,7.561000,7.726000
287,3,2,7.764200,7.614000,7.803000,7.848000,7.797000,7.759000
287,4,2,7.722800,7.667000,7.747000,7.664000,7.809000,7.727000
287,5,2,7.722400,7.710000,7.655000,7.734000,7.704000,7.809000
287,6,2,7.745200,7.680000,7.774000,7.775000,7.725000,7.772000
287,7,2,7.761800,7.639000,7.869000,7.775000,7.724000,7.802000
287,8,2,7.755200,7.623000,7.769000,7.876000,7.675000,7.833000
287,9,2,7.684400,7.605000,7.722000,7.702000,7.641000,7.752000
287,10,2,7.624200,7.599000,7.501000,7.677000,7.626000,7.718000
287,11,2,7.654600,7.684000,7.567000,7.725000,7.554000,7.743000
287,12,2,7.767400,7.666000,7.799000,7.764000,7.826000,7.782000
287,13,2,7.658600,7.586000,7.623000,7.665000,7.659000,7.760000
287,14,2,7.759400,7.733000,7.701000,7.740000,7.829000,7.794000
287,15,2,7.760400,7.553000,7.853000,7.730000,7.820000,7.846000
287,16,2,7.747600,7.595000,7.842000,7.719000,7.861000,7.721000
287,17,2,7.730600,7.634000,7.756000,7.727000,7.747000,7.789000
287,18,2,7.760400,7.704000,7.704000,7.824000,7.765000,7.805000
287,19,2,7.832200,7.754000,7.840000,7.802000,7.875000,7.890000
288,0,2,7.698000,7.699000,7.787000,7.681000,7.575000,7.748000
288,1,2,7.677000,7.673000,7.722000,7.697000,7.537000,7.756000
288,2,2,7.791400,7.650000,7.894000,7.835000,7.745000,7.833000
288,3,2,7.693600,7.651000,7.728000,7.724000,7.623000,7.742000
288,4,2,7.718200,7.742000,7.756000,7.677000,7.759000,7.657000
288,5,2,7.682000,7.650000,7.739000,7.664000,7.601000,7.756000
288,6,2,7.644200,7.699000,7.733000,7.571000,7.613000,7.605000
288,7,2,7.736800,7.680000,7.725000,7.829000,7.655000,7.795000
288,8,2,7.726800,7.739000,7.726000,7.737000,7.719000,7.713000
288,9,2,7.710000,7.613000,7.751000,7.735000,7.617000,7.834000
288,10,2,7.623400,7.519000,7.608000,7.665000,7.635000,7.690000
288,11,2,7.750400,7.634000,7.901000,7.745000,7.686000,7.786000
288,12,2,7.734400,7.686000,7.779000,7.869000,7.699000,7.639000
288,13,2,7.757200,7.772000,7.807000,7.743000,7.667000,7.797000
288,14,2,7.698000,7.664000,7.838000,7.681000,7.535000,7.772000
288,15,2,7.723400,7.660000,7.847000,7.808000,7.603000,7.699000
288,16,2,7.682200,7.606000,7.687000,7.697000,7.680000,7.741000
288,17,2,7.661600,7.604000,7.688000,7.689000,7.591000,7.736000
288,18,2,7.734600,7.689000,7.819000,7.817000,7.716000,7.632000
288,19,2,7.622000,7.640000,7.728000,7.642000,7.474000,7.626000
289,0,2,7.721400,7.712000,7.703000,7.676000,7.650000,7.866000
289,1,2,7.674600,7.517000,7.759000,7.631000,7.691000,7.775000
289,2,2,7.791600,7.739000,7.781000,7.818000,7.765000,7.855000
289,3,2,7.749800,7.711000,7.839000,7.751000,7.668000,7.780000
289,4,2,7.776200,7.711000,7.837000,7.808000,7.687000,7.838000
289,5,2,7.661000,7.695000,7.589000,7.664000,7.568000,7.789000
289,6,2,7.811000,7.782000,7.850000,7.795000,7.786000,7.842000
289,7,2,7.651600,7.708000,7.729000,7.655000,7.503000,7.663000
289,8,2,7.762400,7.720000,7.841000,7.799000,7.568000,7.884000
289,9,2,7.799200,7.790000,7.806000,7.832000,7.720000,7.848000
289,10,2,7.855600,7.720000,7.896000,7.856000,7.838000,7.968000
289,11,2,7.701200,7.723000,7.704000,7.652000,7.670000,7.757000
289,12,2,7.727600,7.693000,7.733000,7.730000,7.664000,7.818000
289,13,2,7.733400,7.660000,7.852000,7.824000,7.520000,7.811000
289,14,2,7.688200,7.637000,7.801000,7.624000,7.624000,7.755000
289,15,2,7.764800,7.756000,7.854000,7.724000,7.686000,7.804000
289,16,2,7.739400,7.730000,7.733000,7.664000,7.682000,7.888000
289,17,2,7.651800,7.543000,7.740000,7.713000,7.525000,7.738000
289,18,2,7.615400,7.568000,7.690000,7.659000,7.506000,7.654000
289,19,2,7.627600,7.577000,7.636000,7.635000,7.620000,7.670000
290,0,0,5.355000,5.390000,5.225000,5.394000,5.405000,5.361000
290,1,0,5.726000,5.841000,5.571000,5.864000,5.719000,5.635000
290,2,0,5.566600,5.632000,5.524000,5.532000,5.546000,5.599000
290,3,0,5.487000,5.538000,5.357000,5.472000,5.428000,5.640000
290,4,0,5.621400,5.540000,5.437000,5.730000,5.727000,5.673000
290,5,0,5.518400,5.548000,5.293000,5.631000,5.558000,5.562000
290,6,0,5.350000,5.343000,5.242000,5.436000,5.277000,5.452000
290,7,0,5.253200,5.365000,5.138000,5.311000,5.178000,5.274000
290,8,0,5.505000,5.517000,5.413000,5.616000,5.494000,5.485000
290,9,0,5.304600,5.341000,5.176000,5.221000,5.366000,5.419000
290,10,0,5.622200,5.729000,5.380000,5.680000,5.619000,5.703000
290,11,0,5.573400,5.468000,5.423000,5.637000,5.588000,5.751000
290,12,0,5.736600,5.717000,5.589000,5.844000,5.669000,5.864000
290,13,0,5.606200,5.734000,5.424000,5.602000,5.621000,5.650000
290,14,0,5.479000,5.480000,5.355000,5.542000,5.482000,5.536000
290,15,0,5.564200,5.575000,5.408000,5.682000,5.556000,5.600000
290,16,0,5.569800,5.565000,5.519000,5.683000,5.541000,5.541000
290,17,0,5.529800,5.480000,5.404000,5.516000,5.618000,5.631000
290,18,0,5.559600,5.640000,5.410000,5.538000,5.584000,5.626000
290,19,0,5.519400,5.522000,5.403000,5.584000,5.571000,5.517000
290,20,1,5.427400,5.533000,5.260000,5.420000,5.441000,5.483000
290,21,1,5.364000,5.424000,5.235000,5.429000,5.301000,5.431000
290,22,1,5.385800,5.457000,5.308000,5.442000,5.342000,5.380000
290,23,1,5.496200,5.664000,5.313000,5.456000,5.530000,5.518000
290,24,1,5.323000,5.367000,5.313000,5.364000,5.246000,5.325000
290,25,1,5.289400,5.292000,5.244000,5.325000,5.293000,5.293000
290,26,1,5.491800,5.553000,5.466000,5.503000,5.406000,5.531000
290,27,1,5.358800,5.425000,5.303000,5.428000,5.243000,5.395000
290,28,1,5.479800,5.486000,5.349000,5.589000,5.392000,5.583000
290,29,1,5.307200,5.488000,5.168000,5.237000,5.266000,5.377000
290,30,1,5.401800,5.542000,5.371000,5.450000,5.286000,5.360000
290,31,1,5.272600,5.441000,5.175000,4.992000,5.243000,5.512000
290,32,1,5.159800,5.372000,5.088000,5.055000,4.994000,5.290000
290,33,1,5.243600,5.313000,5.236000,5.247000,5.136000,5.286000
290,34,1,5.386600,5.467000,5.392000,5.311000,5.309000,5.454000
290,35,1,5.414600,5.526000,5.285000,5.532000,5.460000,5.270000
290,36,1,5.216400,5.272000,5.081000,5.227000,5.108000,5.394000
290,37,1,5.326000,5.440000,5.306000,5.262000,5.332000,5.290000
290,38,1,5.207000,5.292000,5.125000,5.182000,5.155000,5.281000
290,39,1,5.369600,5.494000,5.254000,5.197000,5.451000,5.452000
290,40,2,7.751400,7.796000,7.774000,7.754000,7.656000,7.777000
290,41,2,7.643400,7.714000,7.608000,7.716000,7.633000,7.546000
290,42,2,7.712000,7.774000,7.664000,7.783000,7.641000,7.698000
290,43,2,7.618200,7.561000,7.583000,7.724000,7.668000,7.555000
290,44,2,7.605600,7.701000,7.509000,7.597000,7.621000,7.600000
290,45,2,7.598800,7.715000,7.526000,7.570000,7.631000,7.552000
290,46,2,7.726600,7.781000,7.728000,7.696000,7.720000,7.708000
290,47,2,7.709400,7.657000,7.753000,7.669000,7.698000,7.770000
290,48,2,7.725000,7.789000,7.657000,7.766000,7.671000,7.742000
290,49,2,7.692200,7.673000,7.683000,7.650000,7.752000,7.703000
290,50,2,7.698600,7.775000,7.760000,7.623000,7.646000,7.689000
290,51,2,7.643600,7.668000,7.681000,7.650000,7.626000,7.593000
290,52,2,7.750400,7.780000,7.792000,7.696000,7.721000,7.763000
290,53,2,7.665400,7.641000,7.627000,7.690000,7.614000,7.755000
290,54,2,7.727600,7.736000,7.745000,7.738000,7.726000,7.693000
290,55,2,7.727200,7.800000,7.577000,7.686000,7.854000,7.719000
290,56,2,7.751400,7.777000,7.729000,7.704000,7.767000,7.780000
290,57,2,7.778000,7.850000,7.773000,7.776000,7.722000,7.769000
290,58,2,7.649600,7.758000,7.629000,7.574000,7.592000,7.695000
290,59,2,7.666400,7.757000,7.655000,7.710000,7.618000,7.592000
290,60,3,4.954800,4.958000,5.004000,5.008000,4.806000,4.998000
290,61,3,5.028600,5.165000,4.953000,4.999000,4.959000,5.067000
290,62,3,4.910200,4.927000,4.904000,4.988000,4.814000,4.918000
290,63,3,4.995200,5.097000,4.885000,4.954000,4.990000,5.050000
290,64,3,5.078800,5.167000,5.095000,5.193000,4.930000,5.009000
290,65,3,5.040000,5.126000,5.089000,5.029000,4.900000,5.056000
290,66,3,4.716400,4.475000,4.830000,4.923000,4.416000,4.938000
290,67,3,4.871000,4.991000,4.786000,4.896000,4.765000,4.917000
290,68,3,4.921800,4.957000,4.858000,4.979000,4.838000,4.977000
290,69,3,5.006200,5.045000,4.987000,5.019000,4.967000,5.013000
290,70,3,4.967600,4.962000,4.948000,5.046000,4.956000,4.926000
290,71,3,4.942000,4.989000,4.905000,4.859000,4.892000,5.065000
290,72,3,5.008800,5.039000,5.060000,5.014000,4.858000,5.073000
290,73,3,4.894600,4.853000,4.862000,4.903000,4.809000,5.046000
290,74,3,4.866200,4.894000,4.818000,4.962000,4.764000,4.893000
290,75,3,5.002800,5.100000,4.962000,4.968000,5.045000,4.939000
290,76,3,5.063200,5.049000,4.942000,5.189000,4.963000,5.173000
290,77,3,4.837600,4.894000,4.830000,4.836000,4.695000,4.933000
290,78,3,5.042800,5.043000,4.992000,5.085000,4.945000,5.149000
290,79,3,4.822600,4.879000,4.646000,4.912000,4.734000,4.942000
290,80,4,5.533200,5.641000,5.525000,5.547000,5.439000,5.514000
290,81,4,5.425200,5.468000,5.423000,5.444000,5.285000,5.506000
290,82,4,5.431200,5.577000,5.423000,5.341000,5.309000,5.506000
290,83,4,5.487200,5.694000,5.330000,5.473000,5.395000,5.544000
290,84,4,5.398800,5.469000,5.382000,5.307000,5.320000,5.516000
290,85,4,5.493000,5.486000,5.456000,5.538000,5.425000,5.560000
290,86,4,5.540000,5.530000,5.433000,5.634000,5.450000,5.653000
290,87,4,5.499200,5.541000,5.449000,5.494000,5.497000,5.515000
290,88,4,5.361400,5.441000,5.265000,5.490000,5.176000,5.435000
290,89,4,5.548200,5.558000,5.470000,5.613000,5.527000,5.573000
290,90,4,5.508200,5.525000,5.502000,5.606000,5.439000,5.469000
290,91,4,5.373400,5.362000,5.354000,5.447000,5.285000,5.419000
290,92,4,5.543600,5.576000,5.523000,5.584000,5.390000,5.645000
290,93,4,5.478600,5.604000,5.482000,5.528000,5.200000,5.579000
290,94,4,5.479600,5.616000,5.478000,5.490000,5.386000,5.428000
290,95,4,5.468000,5.500000,5.429000,5.462000,5.392000,5.557000
290,96,4,5.549200,5.653000,5.542000,5.559000,5.470000,5.522000
290,97,4,5.468600,5.488000,5.434000,5.455000,5.377000,5.589000
290,98,4,5.465800,5.463000,5.426000,5.454000,5.458000,5.528000
290,99,4,5.498200,5.621000,5.457000,5.525000,5.370000,5.518000
291,0,2,7.794000,7.707000,7.775000,7.744000,7.749000,7.995000
291,1,2,7.753800,7.686000,7.772000,7.748000,7.644000,7.919000
291,2,2,7.787600,7.710000,7.778000,7.811000,7.755000,7.884000
291,3,2,7.785600,7.633000,7.807000,7.800000,7.683000,8.005000
291,4,2,7.772400,7.637000,7.765000,7.835000,7.690000,7.935000
291,5,2,7.596800,7.383000,7.527000,7.638000,7.672000,7.764000
291,6,2,7.732800,7.681000,7.747000,7.819000,7.585000,7.832000
291,7,2,7.687800,7.515000,7.713000,7.780000,7.561000,7.870000
291,8,2,7.744600,7.724000,7.692000,7.778000,7.694000,7.835000
291,9,2,7.826200,7.732000,7.758000,7.805000,7.839000,7.997000
291,10,2,7.851000,7.812000,7.781000,7.977000,7.758000,7.927000
291,11,2,7.771600,7.752000,7.812000,7.760000,7.668000,7.866000
291,12,2,7.729400,7.666000,7.823000,7.756000,7.562000,7.840000
291,13,2,7.684600,7.599000,7.678000,7.668000,7.662000,7.816000
291,14,2,7.805600,7.684000,7.767000,7.895000,7.748000,7.934000
291,15,2,7.202800,7.184000,7.150000,7.198000,7.075000,7.407000
291,16,2,7.799200,7.700000,7.793000,7.810000,7.708000,7.985000
291,17,2,7.836400,7.705000,7.819000,7.937000,7.747000,7.974000
291,18,2,7.744400,7.720000,7.696000,7.816000,7.599000,7.891000
291,19,2,7.791400,7.643000,7.771000,7.819000,7.765000,7.959000
292,0,2,7.774800,7.684000,7.673000,7.857000,7.843000,7.817000
292,1,2,7.799200,7.735000,7.840000,7.896000,7.734000,7.791000
292,2,2,7.737600,7.678000,7.794000,7.797000,7.754000,7.665000
292,3,2,7.767600,7.786000,7.604000,7.836000,7.927000,7.685000
292,4,2,7.798400,7.777000,7.818000,7.797000,7.860000,7.740000
292,5,2,7.807400,7.767000,7.855000,7.749000,7.802000,7.864000
292,6,2,7.747400,7.720000,7.735000,7.850000,7.759000,7.673000
292,7,2,7.821400,7.733000,7.760000,7.921000,7.839000,7.854000
292,8,2,7.720200,7.726000,7.417000,7.861000,7.893000,7.704000
292,9,2,7.751800,7.675000,7.716000,7.844000,7.786000,7.738000
292,10,2,7.699800,7.611000,7.803000,7.711000,7.650000,7.724000
292,11,2,7.806600,7.762000,7.729000,7.765000,8.003000,7.774000
292,12,2,7.849800,7.833000,7.849000,7.855000,7.896000,7.816000
292,13,2,7.749400,7.702000,7.787000,7.826000,7.758000,7.674000
292,14,2,7.862600,7.794000,7.853000,7.891000,7.890000,7.885000
292,15,2,7.662000,7.646000,7.326000,7.775000,7.780000,7.783000
292,16,2,7.691000,7.611000,7.559000,7.831000,7.784000,7.670000
292,17,2,7.789400,7.729000,7.814000,7.886000,7.775000,7.743000
292,18,2,7.773600,7.628000,7.729000,7.780000,7.816000,7.915000
292,19,2,7.768200,7.692000,7.689000,7.921000,7.738000,7.801000
293,0,2,7.601000,7.571000,7.634000,7.472000,7.655000,7.673000
293,1,2,7.771000,7.733000,7.802000,7.731000,7.781000,7.808000
293,2,2,7.794000,7.673000,7.781000,7.824000,7.797000,7.895000
293,3,2,7.779400,7.698000,7.844000,7.704000,7.780000,7.871000
293,4,2,7.513200,7.582000,7.447000,7.386000,7.531000,7.620000
293,5,2,7.691200,7.617000,7.678000,7.606000,7.759000,7.796000
293,6,2,7.727000,7.653000,7.756000,7.631000,7.782000,7.813000
293,7,2,7.782200,7.737000,7.736000,7.665000,7.885000,7.888000
293,8,2,7.765200,7.624000,7.863000,7.766000,7.774000,7.799000
293,9,2,7.593600,7.463000,7.577000,7.527000,7.729000,7.672000
293,10,2,7.708200,7.700000,7.710000,7.592000,7.771000,7.768000
293,11,2,7.612400,7.590000,7.548000,7.574000,7.612000,7.738000
293,12,2,7.762200,7.699000,7.794000,7.630000,7.863000,7.825000
293,13,2,7.748800,7.636000,7.731000,7.689000,7.873000,7.815000
293,14,2,7.795400,7.699000,7.924000,7.670000,7.894000,7.790000
293,15,2,7.655200,7.689000,7.654000,7.518000,7.695000,7.720000
293,16,2,7.798400,7.736000,7.805000,7.747000,7.875000,7.829000
293,17,2,7.812400,7.718000,7.853000,7.691000,7.905000,7.895000
293,18,2,7.684400,7.630000,7.676000,7.621000,7.822000,7.673000
293,19,2,7.757000,7.740000,7.742000,7.687000,7.795000,7.821000
294,0,2,7.710200,7.831000,7.588000,7.805000,7.732000,7.595000
294,1,2,7.736400,7.761000,7.719000,7.774000,7.670000,7.758000
294,2,2,7.777600,7.795000,7.642000,7.837000,7.905000,7.709000
294,3,2,7.716600,7.783000,7.641000,7.769000,7.716000,7.674000
294,4,2,7.791800,7.860000,7.777000,7.832000,7.718000,7.772000
294,5,2,7.601800,7.538000,7.606000,7.627000,7.643000,7.595000
294,6,2,7.760000,7.821000,7.691000,7.772000,7.795000,7.721000
294,7,2,7.798400,7.883000,7.697000,7.871000,7.749000,7.792000
294,8,2,7.768800,7.818000,7.744000,7.842000,7.697000,7.743000
294,9,2,7.712400,7.804000,7.772000,7.690000,7.607000,7.689000
294,10,2,7.735800,7.803000,7.715000,7.816000,7.650000,7.695000
294,11,2,7.600200,7.771000,7.721000,7.748000,7.116000,7.645000
294,12,2,7.691200,7.738000,7.669000,7.732000,7.654000,7.663000
294,13,2,7.763600,7.797000,7.749000,7.818000,7.734000,7.720000
294,14,2,7.726000,7.799000,7.742000,7.782000,7.696000,7.611000
294,15,2,7.693400,7.772000,7.699000,7.728000,7.659000,7.609000
294,16,2,7.764000,7.852000,7.730000,7.682000,7.768000,7.788000
294,17,2,7.583000,7.586000,7.592000,7.696000,7.548000,7.493000
294,18,2,7.718600,7.755000,7.714000,7.769000,7.653000,7.702000
294,19,2,7.587800,7.558000,7.478000,7.661000,7.654000,7.588000
295,0,2,7.801600,7.884000,7.836000,7.933000,7.645000,7.710000
295,1,2,7.713600,7.742000,7.699000,7.827000,7.590000,7.710000
295,2,2,7.741600,7.542000,7.786000,7.937000,7.631000,7.812000
295,3,2,7.704600,7.776000,7.720000,7.817000,7.519000,7.691000
295,4,2,7.735200,7.678000,7.762000,7.863000,7.666000,7.707000
295,5,2,7.693400,7.399000,7.807000,7.867000,7.618000,7.776000
295,6,2,7.641400,7.541000,7.673000,7.710000,7.499000,7.784000
295,7,2,7.705000,7.755000,7.750000,7.785000,7.624000,7.611000
295,8,2,7.737400,7.706000,7.740000,7.881000,7.651000,7.709000
295,9,2,7.781400,7.831000,7.779000,7.901000,7.623000,7.773000
295,10,2,7.594200,7.662000,7.573000,7.616000,7.484000,7.636000
295,11,2,7.719600,7.508000,7.717000,7.852000,7.723000,7.798000
295,12,2,7.820600,7.555000,7.913000,7.984000,7.753000,7.898000
295,13,2,7.772000,7.776000,7.807000,7.806000,7.676000,7.795000
295,14,2,7.782200,7.816000,7.788000,7.892000,7.650000,7.765000
295,15,2,7.694200,7.644000,7.743000,7.889000,7.591000,7.604000
295,16,2,7.713600,7.408000,7.731000,7.976000,7.680000,7.773000
295,17,2,7.769000,7.706000,7.827000,7.817000,7.738000,7.757000
295,18,2,7.738400,7.741000,7.755000,7.819000,7.644000,7.733000
295,19,2,7.711400,7.837000,7.685000,7.783000,7.541000,7.711000
296,0,2,7.792200,7.949000,7.648000,7.834000,7.800000,7.730000
296,1,2,7.745000,7.787000,7.641000,7.829000,7.813000,7.655000
296,2,2,7.835200,7.888000,7.776000,7.863000,7.919000,7.730000
296,3,2,7.778400,7.858000,7.737000,7.854000,7.774000,7.669000
296,4,2,7.746600,7.786000,7.571000,7.810000,7.856000,7.710000
296,5,2,7.829400,7.898000,7.752000,7.853000,7.830000,7.814000
296,6,2,7.834200,7.878000,7.837000,7.821000,7.898000,7.737000
296,7,2,7.776200,7.912000,7.643000,7.790000,7.841000,7.695000
296,8,2,7.683600,7.810000,7.515000,7.768000,7.726000,7.599000
296,9,2,7.648600,7.857000,7.448000,7.708000,7.694000,7.536000
296,10,2,7.837800,7.932000,7.798000,7.902000,7.844000,7.713000
296,11,2,7.562000,7.724000,7.354000,7.639000,7.611000,7.482000
296,12,2,7.741000,7.741000,7.752000,7.641000,7.846000,7.725000
296,13,2,7.755600,7.846000,7.611000,7.801000,7.754000,7.766000
296,14,2,7.740000,7.921000,7.622000,7.744000,7.766000,7.647000
296,15,2,7.734000,7.834000,7.459000,7.830000,7.846000,7.701000
296,16,2,7.733400,7.793000,7.573000,7.863000,7.818000,7.620000
296,17,2,7.787000,7.828000,7.739000,7.835000,7.833000,7.700000
296,18,2,7.790600,7.740000,7.711000,7.892000,7.857000,7.753000
296,19,2,7.553800,7.691000,7.407000,7.651000,7.526000,7.494000
297,0,2,7.868800,7.909000,7.904000,7.868000,7.859000,7.804000
297,1,2,7.810400,7.761000,7.852000,7.823000,7.804000,7.812000
297,2,2,7.704800,7.631000,7.807000,7.678000,7.710000,7.698000
297,3,2,7.877800,7.847000,7.931000,7.824000,7.936000,7.851000
297,4,2,7.698000,7.600000,7.844000,7.801000,7.677000,7.568000
297,5,2,7.877600,7.790000,7.976000,7.978000,7.762000,7.882000
297,6,2,7.839600,7.834000,7.938000,7.848000,7.781000,7.797000
297,7,2,7.805000,7.807000,7.883000,7.764000,7.818000,7.753000
297,8,2,7.770200,7.710000,7.815000,7.784000,7.758000,7.784000
297,9,2,7.834600,7.771000,7.928000,7.916000,7.852000,7.706000
297,10,2,7.875200,7.803000,7.966000,7.942000,7.854000,7.811000
297,11,2,7.792000,7.781000,7.865000,7.792000,7.782000,7.740000
297,12,2,7.752200,7.727000,7.910000,7.625000,7.765000,7.734000
297,13,2,7.842000,7.780000,7.995000,7.791000,7.811000,7.833000
297,14,2,7.886400,7.870000,7.941000,7.859000,7.945000,7.817000
297,15,2,7.736800,7.602000,7.929000,7.715000,7.746000,7.692000
297,16,2,7.810800,7.746000,7.897000,7.824000,7.801000,7.786000
297,17,2,7.785200,7.677000,7.908000,7.749000,7.784000,7.808000
297,18,2,7.812200,7.773000,7.964000,7.729000,7.854000,7.741000
297,19,2,7.899600,7.901000,7.929000,7.940000,7.888000,7.840000
298,0,2,7.737000,7.727000,7.735000,7.774000,7.694000,7.755000
298,1,2,7.777600,7.824000,7.783000,7.859000,7.733000,7.689000
298,2,2,7.787000,7.820000,7.702000,7.887000,7.741000,7.785000
298,3,2,7.738000,7.845000,7.733000,7.760000,7.570000,7.782000
298,4,2,7.573600,7.567000,7.641000,7.455000,7.552000,7.653000
298,5,2,7.800200,7.813000,7.833000,7.738000,7.829000,7.788000
298,6,2,7.702200,7.762000,7.671000,7.728000,7.675000,7.675000
298,7,2,7.719000,7.776000,7.704000,7.725000,7.694000,7.696000
298,8,2,7.488400,7.407000,7.463000,7.522000,7.491000,7.559000
298,9,2,7.638600,7.659000,7.604000,7.700000,7.629000,7.601000
298,10,2,7.736400,7.778000,7.701000,7.770000,7.728000,7.705000
298,11,2,7.765200,7.780000,7.779000,7.811000,7.697000,7.759000
298,12,2,7.824200,7.825000,7.815000,7.937000,7.777000,7.767000
298,13,2,7.628800,7.555000,7.708000,7.604000,7.561000,7.716000
298,14,2,7.751000,7.751000,7.740000,7.772000,7.774000,7.718000
298,15,2,7.644800,7.642000,7.771000,7.664000,7.543000,7.604000
298,16,2,7.768600,7.795000,7.731000,7.820000,7.843000,7.654000
298,17,2,7.811000,7.852000,7.805000,7.867000,7.757000,7.774000
298,18,2,7.732000,7.788000,7.777000,7.663000,7.654000,7.778000
298,19,2,7.718400,7.645000,7.790000,7.776000,7.696000,7.685000
299,0,2,7.902400,7.987000,7.858000,7.911000,7.819000,7.937000
299,1,2,7.806400,7.860000,7.731000,7.820000,7.741000,7.880000
299,2,2,7.686200,7.707000,7.672000,7.805000,7.640000,7.607000
299,3,2,7.870600,7.901000,7.833000,7.990000,7.731000,7.898000
299,4,2,7.765800,7.796000,7.790000,7.775000,7.732000,7.736000
299,5,2,7.748800,7.739000,7.698000,7.878000,7.701000,7.728000
299,6,2,7.758000,7.826000,7.731000,7.823000,7.688000,7.722000
299,7,2,7.849400,7.944000,7.792000,7.864000,7.782000,7.865000
299,8,2,7.780600,7.865000,7.727000,7.873000,7.681000,7.757000
299,9,2,7.703000,7.764000,7.671000,7.783000,7.614000,7.683000
299,10,2,7.751000,7.756000,7.741000,7.780000,7.668000,7.810000
299,11,2,7.801200,7.865000,7.790000,7.796000,7.734000,7.821000
299,12,2,7.802200,7.823000,7.831000,7.832000,7.749000,7.776000
299,13,2,7.762000,7.805000,7.769000,7.795000,7.715000,7.726000
299,14,2,7.772800,7.723000,7.689000,7.875000,7.741000,7.836000
299,15,2,7.707000,7.734000,7.601000,7.845000,7.724000,7.631000
299,16,2,7.834800,7.877000,7.742000,8.002000,7.772000,7.781000
299,17,2,7.838400,7.840000,7.807000,7.926000,7.868000,7.751000
299,18,2,7.857200,7.871000,7.848000,7.872000,7.792000,7.903000
299,19,2,7.796200,7.857000,7.797000,7.762000,7.734000,7.831000
