generation,sol_idx,emitter_id,mean_throughput,eval_0,eval_1,eval_2,eval_3,eval_4
0,0,0,1.440400,1.210000,1.031000,1.836000,1.089000,2.036000
0,1,0,1.624000,1.638000,1.162000,1.664000,1.232000,2.424000
0,2,0,1.293000,1.575000,1.066000,1.591000,1.080000,1.153000
0,3,0,1.789400,1.536000,1.204000,2.482000,1.481000,2.244000
0,4,0,1.586800,1.196000,1.209000,2.622000,1.772000,1.135000
0,5,0,1.690400,1.579000,1.525000,2.848000,1.310000,1.190000
0,6,0,1.140400,1.110000,0.924000,1.564000,0.957000,1.147000
0,7,0,1.833400,2.491000,1.891000,2.201000,1.198000,1.386000
0,8,0,1.669000,1.121000,1.196000,2.800000,1.276000,1.952000
0,9,0,1.534800,1.178000,1.407000,1.680000,2.499000,0.910000
0,10,0,1.581200,1.386000,1.384000,2.437000,1.185000,1.514000
0,11,0,1.726000,1.138000,1.530000,3.098000,1.563000,1.301000
0,12,0,1.841400,1.545000,2.324000,2.969000,1.005000,1.364000
0,13,0,1.321400,1.437000,1.069000,1.805000,0.871000,1.425000
0,14,0,1.286800,1.138000,1.053000,1.741000,0.881000,1.621000
0,15,0,1.090400,0.874000,0.921000,1.474000,1.047000,1.136000
0,16,0,1.542800,1.435000,1.329000,2.125000,1.085000,1.740000
0,17,0,1.244800,1.292000,1.122000,1.719000,1.000000,1.091000
0,18,0,2.210800,1.545000,1.966000,3.248000,1.485000,2.810000
0,19,0,1.258600,1.219000,1.089000,1.603000,1.089000,1.293000
0,20,1,1.704400,1.393000,1.498000,2.292000,2.049000,1.290000
0,21,1,1.232000,1.255000,1.034000,1.809000,0.982000,1.080000
0,22,1,1.598800,1.400000,1.182000,2.234000,0.995000,2.183000
0,23,1,1.540000,1.312000,1.251000,1.559000,1.820000,1.758000
0,24,1,1.100400,0.872000,0.994000,1.300000,1.290000,1.046000
0,25,1,1.576600,1.069000,1.192000,2.208000,2.093000,1.321000
0,26,1,1.503800,1.479000,1.076000,1.572000,1.175000,2.217000
0,27,1,1.254800,0.837000,0.871000,2.579000,1.196000,0.791000
0,28,1,1.125600,0.912000,0.906000,1.338000,1.117000,1.355000
0,29,1,1.500200,1.080000,1.642000,1.935000,1.196000,1.648000
0,30,1,2.217800,2.805000,1.993000,2.032000,2.305000,1.954000
0,31,1,1.837800,2.727000,1.241000,2.427000,1.076000,1.718000
0,32,1,1.604600,1.541000,2.001000,1.985000,1.108000,1.388000
0,33,1,1.678800,1.513000,0.920000,2.484000,2.149000,1.328000
0,34,1,1.454200,1.079000,1.556000,2.261000,1.088000,1.287000
0,35,1,2.019000,1.830000,2.094000,3.160000,1.304000,1.707000
0,36,1,1.744400,1.965000,2.088000,2.511000,1.224000,0.934000
0,37,1,1.448800,1.399000,1.188000,1.553000,1.813000,1.291000
0,38,1,1.163400,1.193000,0.814000,1.785000,1.092000,0.933000
0,39,1,1.315600,1.437000,1.006000,1.641000,1.232000,1.262000
0,40,2,1.705000,1.390000,1.319000,2.099000,1.241000,2.476000
0,41,2,1.621800,1.868000,0.896000,3.026000,1.246000,1.073000
0,42,2,1.166800,1.269000,1.131000,1.445000,0.841000,1.148000
0,43,2,1.332200,1.609000,0.888000,2.039000,1.038000,1.087000
0,44,2,1.328400,1.711000,0.944000,1.588000,0.995000,1.404000
0,45,2,1.723400,1.798000,1.068000,1.937000,2.406000,1.408000
0,46,2,1.832600,1.898000,1.060000,2.204000,1.296000,2.705000
0,47,2,2.245400,2.553000,1.592000,2.352000,2.267000,2.463000
0,48,2,1.314400,1.054000,1.385000,2.021000,0.897000,1.215000
0,49,2,1.219200,1.064000,1.068000,1.620000,1.339000,1.005000
0,50,2,1.544400,1.302000,1.076000,2.437000,1.516000,1.391000
0,51,2,1.358200,0.901000,1.411000,2.218000,1.052000,1.209000
0,52,2,1.893800,1.527000,1.400000,2.425000,2.209000,1.908000
0,53,2,1.627600,2.344000,1.006000,1.778000,1.303000,1.707000
0,54,2,1.325200,0.978000,1.140000,2.040000,1.383000,1.085000
0,55,2,1.216400,0.923000,0.899000,2.009000,0.871000,1.380000
0,56,2,1.433400,0.848000,1.201000,1.481000,0.910000,2.727000
0,57,2,1.835800,2.120000,1.266000,2.402000,1.984000,1.407000
0,58,2,1.255000,1.133000,1.269000,1.837000,1.036000,1.000000
0,59,2,1.521800,1.033000,1.415000,2.014000,1.582000,1.565000
0,60,3,1.148200,0.957000,0.960000,2.021000,0.868000,0.935000
0,61,3,1.506000,1.174000,1.401000,2.205000,0.991000,1.759000
0,62,3,1.260800,1.216000,1.108000,1.752000,0.912000,1.316000
0,63,3,1.326000,1.217000,1.218000,1.576000,1.645000,0.974000
0,64,3,1.535200,1.184000,1.192000,1.699000,2.271000,1.330000
0,65,3,1.856600,1.672000,1.698000,1.360000,2.759000,1.794000
0,66,3,1.380800,1.322000,1.133000,1.958000,0.970000,1.521000
0,67,3,1.766800,1.650000,1.051000,2.603000,2.404000,1.126000
0,68,3,1.568000,1.902000,1.271000,1.693000,1.677000,1.297000
0,69,3,1.516400,1.277000,1.077000,2.004000,1.107000,2.117000
0,70,3,1.611600,1.254000,1.199000,2.227000,1.490000,1.888000
0,71,3,1.350000,1.441000,1.110000,1.292000,1.100000,1.807000
0,72,3,1.561600,1.618000,1.101000,1.921000,1.070000,2.098000
0,73,3,1.366800,1.188000,0.992000,2.617000,0.838000,1.199000
0,74,3,1.866800,1.930000,1.492000,2.473000,1.728000,1.711000
0,75,3,1.627800,1.204000,1.982000,2.894000,0.844000,1.215000
0,76,3,1.432200,1.092000,1.131000,2.389000,1.147000,1.402000
0,77,3,1.946200,1.605000,1.569000,2.730000,1.957000,1.870000
0,78,3,1.853000,2.426000,1.131000,2.882000,1.259000,1.567000
0,79,3,1.586400,1.399000,0.867000,2.162000,0.928000,2.576000
0,80,4,1.555200,1.199000,1.193000,2.438000,1.125000,1.821000
0,81,4,1.607600,1.417000,1.276000,1.945000,1.450000,1.950000
0,82,4,1.884800,2.064000,1.313000,2.271000,1.232000,2.544000
0,83,4,1.665800,1.781000,1.343000,1.926000,1.234000,2.045000
0,84,4,1.644200,1.788000,1.197000,2.907000,1.102000,1.227000
0,85,4,1.263400,1.908000,1.083000,1.230000,0.784000,1.312000
0,86,4,1.421400,1.679000,1.036000,1.914000,1.459000,1.019000
0,87,4,2.138600,3.079000,1.431000,2.363000,1.663000,2.157000
0,88,4,1.604400,1.486000,1.315000,2.402000,1.292000,1.527000
0,89,4,1.156400,0.888000,1.348000,1.019000,1.267000,1.260000
0,90,4,1.516400,1.207000,2.534000,1.964000,1.046000,0.831000
0,91,4,1.691200,1.067000,0.876000,2.774000,1.218000,2.521000
0,92,4,1.525000,1.283000,1.165000,1.968000,1.626000,1.583000
0,93,4,1.274400,1.145000,0.975000,1.963000,0.970000,1.319000
0,94,4,1.732600,2.017000,0.983000,2.585000,1.117000,1.961000
0,95,4,1.445000,1.128000,1.074000,1.928000,1.238000,1.857000
0,96,4,1.748800,1.685000,0.938000,2.133000,1.198000,2.790000
0,97,4,1.341000,1.704000,1.236000,1.537000,1.193000,1.035000
0,98,4,1.846400,1.884000,1.226000,2.856000,1.711000,1.555000
0,99,4,1.834600,1.444000,1.333000,2.067000,1.794000,2.535000
1,0,0,1.548400,2.118000,1.548000,1.162000,1.629000,1.285000
1,1,0,1.310200,0.859000,2.032000,1.163000,0.756000,1.741000
1,2,0,1.336200,1.778000,1.747000,1.166000,0.963000,1.027000
1,3,0,2.366600,2.524000,1.814000,2.924000,1.708000,2.863000
1,4,0,1.212800,1.092000,1.501000,1.207000,1.246000,1.018000
1,5,0,1.497200,1.767000,1.612000,1.351000,1.521000,1.235000
1,6,0,1.687200,1.841000,1.659000,2.094000,1.783000,1.059000
1,7,0,1.652800,1.079000,2.180000,2.001000,1.557000,1.447000
1,8,0,1.680400,1.769000,1.416000,1.511000,2.010000,1.696000
1,9,0,1.242000,1.560000,1.387000,0.983000,1.149000,1.131000
1,10,0,1.690600,2.145000,2.094000,1.582000,1.270000,1.362000
1,11,0,1.793400,1.170000,1.701000,2.217000,1.885000,1.994000
1,12,0,1.489000,1.939000,1.772000,1.383000,1.205000,1.146000
1,13,0,1.454200,1.861000,1.533000,1.334000,1.168000,1.375000
1,14,0,2.074000,2.201000,2.530000,2.069000,2.244000,1.326000
1,15,0,1.669200,1.637000,2.056000,1.380000,1.256000,2.017000
1,16,0,1.565800,1.383000,1.643000,1.538000,1.071000,2.194000
1,17,0,1.208800,0.891000,1.524000,1.359000,0.945000,1.325000
1,18,0,1.598200,2.396000,1.747000,1.243000,1.272000,1.333000
1,19,0,1.984600,2.212000,2.428000,2.611000,1.522000,1.150000
1,20,1,1.615400,2.763000,1.915000,1.437000,1.056000,0.906000
1,21,1,1.480400,2.107000,1.704000,1.284000,1.093000,1.214000
1,22,1,1.305000,1.379000,1.720000,1.067000,1.051000,1.308000
1,23,1,1.054200,0.925000,1.279000,1.126000,0.928000,1.013000
1,24,1,1.729400,1.879000,1.585000,1.918000,0.943000,2.322000
1,25,1,1.362600,1.558000,1.890000,1.070000,1.426000,0.869000
1,26,1,1.404600,0.865000,1.569000,1.394000,1.252000,1.943000
1,27,1,1.665600,1.857000,2.454000,1.326000,0.708000,1.983000
1,28,1,1.434400,2.083000,1.448000,0.949000,0.861000,1.831000
1,29,1,1.398200,1.694000,1.922000,1.223000,1.202000,0.950000
1,30,1,1.639600,2.116000,1.535000,2.155000,0.991000,1.401000
1,31,1,1.693200,1.590000,2.183000,0.945000,1.208000,2.540000
1,32,1,1.685600,2.731000,2.230000,1.511000,0.852000,1.104000
1,33,1,1.837800,2.214000,2.303000,1.500000,0.891000,2.281000
1,34,1,1.294000,0.943000,1.732000,1.549000,1.203000,1.043000
1,35,1,1.507000,1.958000,1.391000,1.706000,1.185000,1.295000
1,36,1,1.460000,1.988000,1.678000,1.315000,0.944000,1.375000
1,37,1,1.428400,2.324000,1.524000,1.116000,1.208000,0.970000
1,38,1,1.517000,1.725000,1.547000,2.066000,1.099000,1.148000
1,39,1,1.479800,1.370000,1.547000,1.388000,1.832000,1.262000
1,40,2,1.969000,1.908000,1.592000,1.933000,2.248000,2.164000
1,41,2,1.996200,2.550000,2.560000,1.315000,1.721000,1.835000
1,42,2,1.576800,1.280000,2.287000,2.109000,1.008000,1.200000
1,43,2,1.545400,1.566000,1.603000,1.409000,1.417000,1.732000
1,44,2,1.529600,1.985000,1.969000,1.253000,1.351000,1.090000
1,45,2,1.440000,1.691000,1.789000,1.275000,1.194000,1.251000
1,46,2,2.024000,3.377000,1.642000,1.555000,1.246000,2.300000
1,47,2,1.248600,1.123000,1.412000,1.286000,0.894000,1.528000
1,48,2,1.512800,1.435000,1.587000,2.077000,1.129000,1.336000
1,49,2,1.141200,1.132000,1.521000,0.985000,0.955000,1.113000
1,50,2,2.062400,1.861000,3.583000,1.058000,1.829000,1.981000
1,51,2,1.511600,1.395000,2.340000,1.596000,0.997000,1.230000
1,52,2,2.034000,2.791000,2.061000,2.080000,1.386000,1.852000
1,53,2,1.383400,1.559000,1.954000,1.019000,0.959000,1.426000
1,54,2,1.563800,1.938000,1.514000,1.206000,1.799000,1.362000
1,55,2,1.548400,1.637000,2.048000,0.988000,1.490000,1.579000
1,56,2,1.509600,1.811000,2.213000,1.294000,1.191000,1.039000
1,57,2,1.676600,2.481000,1.538000,1.342000,1.388000,1.634000
1,58,2,1.261800,1.585000,1.553000,1.204000,0.963000,1.004000
1,59,2,1.646800,1.578000,1.804000,1.862000,1.741000,1.249000
1,60,3,1.464000,1.765000,1.403000,1.729000,1.122000,1.301000
1,61,3,1.316000,1.097000,2.086000,1.074000,1.069000,1.254000
1,62,3,1.592400,1.335000,1.932000,2.139000,1.691000,0.865000
1,63,3,1.137200,0.837000,1.444000,1.024000,1.385000,0.996000
1,64,3,1.664400,1.349000,2.190000,1.098000,1.792000,1.893000
1,65,3,1.386400,1.478000,1.393000,1.440000,1.248000,1.373000
1,66,3,1.890400,1.679000,1.418000,2.923000,1.855000,1.577000
1,67,3,1.766400,1.888000,1.605000,1.510000,1.656000,2.173000
1,68,3,1.403600,1.086000,1.910000,1.395000,0.957000,1.670000
1,69,3,1.709600,2.176000,1.722000,2.085000,1.493000,1.072000
1,70,3,1.561200,1.556000,1.831000,1.476000,1.695000,1.248000
1,71,3,1.306600,0.839000,1.255000,2.253000,1.081000,1.105000
1,72,3,1.405400,1.989000,1.765000,1.296000,1.081000,0.896000
1,73,3,1.403000,1.674000,1.835000,1.543000,1.083000,0.880000
1,74,3,1.595600,1.203000,1.883000,1.551000,2.238000,1.103000
1,75,3,1.392000,1.399000,2.091000,1.108000,0.955000,1.407000
1,76,3,1.769800,1.747000,2.046000,2.032000,1.097000,1.927000
1,77,3,1.274200,1.600000,1.336000,1.254000,1.123000,1.058000
1,78,3,1.762800,1.397000,1.558000,2.674000,0.977000,2.208000
1,79,3,1.475000,2.162000,1.821000,1.094000,1.155000,1.143000
1,80,4,1.955200,2.338000,1.713000,2.184000,1.576000,1.965000
1,81,4,1.463000,1.594000,1.383000,1.972000,1.184000,1.182000
1,82,4,1.466000,1.387000,1.714000,1.098000,1.124000,2.007000
1,83,4,1.656800,2.743000,1.732000,1.278000,1.163000,1.368000
1,84,4,1.721800,1.813000,1.764000,1.491000,1.516000,2.025000
1,85,4,1.544600,1.667000,1.849000,1.577000,1.173000,1.457000
1,86,4,1.757400,1.985000,1.884000,1.290000,1.671000,1.957000
1,87,4,2.596200,3.644000,2.017000,2.142000,1.952000,3.226000
1,88,4,1.549600,1.935000,1.432000,1.417000,1.180000,1.784000
1,89,4,1.571000,1.793000,1.838000,1.753000,0.991000,1.480000
1,90,4,2.169200,3.254000,2.041000,2.365000,1.198000,1.988000
1,91,4,1.581000,1.728000,2.048000,1.257000,1.526000,1.346000
1,92,4,1.367200,1.301000,1.605000,1.254000,1.020000,1.656000
1,93,4,1.458400,1.268000,1.541000,1.472000,1.806000,1.205000
1,94,4,1.822600,2.328000,1.753000,1.700000,1.061000,2.271000
1,95,4,1.304800,1.312000,1.713000,1.386000,1.032000,1.081000
1,96,4,1.383600,1.709000,1.845000,1.622000,0.892000,0.850000
1,97,4,1.672400,1.465000,1.939000,1.707000,1.609000,1.642000
1,98,4,1.870000,1.528000,1.842000,3.099000,1.040000,1.841000
1,99,4,1.382200,1.897000,1.794000,1.201000,1.041000,0.978000
2,0,0,1.739200,1.116000,1.048000,2.025000,3.025000,1.482000
2,1,0,1.838400,1.947000,1.902000,1.946000,1.797000,1.600000
2,2,0,2.335800,2.139000,1.314000,2.450000,2.113000,3.663000
2,3,0,2.041000,1.630000,1.503000,1.578000,2.662000,2.832000
2,4,0,1.922400,1.884000,0.972000,1.015000,1.740000,4.001000
2,5,0,2.233000,1.440000,1.715000,3.106000,1.914000,2.990000
2,6,0,1.708400,1.581000,1.443000,1.466000,2.237000,1.815000
2,7,0,2.064000,1.814000,1.254000,2.349000,2.794000,2.109000
2,8,0,1.674400,1.386000,1.141000,1.434000,2.225000,2.186000
2,9,0,1.797200,1.550000,1.520000,1.885000,1.819000,2.212000
2,10,0,1.875600,1.310000,1.637000,1.809000,2.846000,1.776000
2,11,0,2.155800,3.110000,1.332000,1.812000,1.929000,2.596000
2,12,0,1.959800,1.527000,1.392000,1.309000,3.610000,1.961000
2,13,0,2.004600,1.525000,1.135000,3.143000,2.281000,1.939000
2,14,0,1.600600,1.044000,1.355000,1.948000,2.012000,1.644000
2,15,0,2.415400,2.746000,1.842000,2.963000,1.831000,2.695000
2,16,0,1.421000,1.572000,1.109000,1.533000,1.589000,1.302000
2,17,0,1.607200,1.810000,1.539000,1.598000,1.597000,1.492000
2,18,0,1.590000,1.432000,1.203000,1.769000,1.807000,1.739000
2,19,0,1.790000,2.014000,1.547000,1.741000,1.849000,1.799000
2,20,1,1.490400,1.110000,1.227000,1.581000,1.486000,2.048000
2,21,1,1.511200,1.836000,1.352000,0.907000,1.694000,1.767000
2,22,1,1.529000,1.062000,1.200000,1.389000,2.144000,1.850000
2,23,1,1.303800,1.605000,1.164000,1.450000,1.130000,1.170000
2,24,1,1.915400,1.069000,2.059000,1.552000,2.919000,1.978000
2,25,1,1.696800,1.038000,2.247000,1.396000,1.598000,2.205000
2,26,1,1.637800,1.127000,1.330000,2.019000,2.144000,1.569000
2,27,1,1.238600,0.984000,0.918000,1.053000,1.749000,1.489000
2,28,1,1.871200,1.498000,1.246000,1.143000,1.778000,3.691000
2,29,1,1.466000,0.981000,1.359000,1.063000,1.984000,1.943000
2,30,1,1.434400,1.305000,1.222000,1.278000,2.114000,1.253000
2,31,1,1.787000,1.245000,1.369000,1.573000,2.963000,1.785000
2,32,1,1.494200,1.504000,1.199000,1.570000,1.831000,1.367000
2,33,1,1.725200,1.519000,1.610000,1.896000,1.900000,1.701000
2,34,1,1.436600,1.193000,1.316000,1.427000,1.719000,1.528000
2,35,1,1.638600,1.481000,1.409000,1.174000,1.316000,2.813000
2,36,1,1.527600,1.561000,1.209000,1.732000,1.551000,1.585000
2,37,1,1.803400,1.148000,1.528000,2.017000,2.564000,1.760000
2,38,1,1.875800,1.887000,2.132000,2.295000,1.733000,1.332000
2,39,1,1.485000,1.717000,1.178000,1.579000,1.653000,1.298000
2,40,2,1.493000,1.360000,1.308000,1.319000,1.979000,1.499000
2,41,2,2.111000,2.292000,1.872000,2.146000,2.760000,1.485000
2,42,2,2.162200,2.329000,1.288000,2.210000,3.066000,1.918000
2,43,2,1.454200,1.288000,1.205000,1.204000,1.788000,1.786000
2,44,2,1.863800,1.923000,1.537000,0.954000,2.370000,2.535000
2,45,2,1.773800,1.645000,1.390000,1.359000,1.503000,2.972000
2,46,2,1.509200,1.108000,1.266000,1.149000,1.796000,2.227000
2,47,2,1.310200,0.947000,1.193000,0.999000,2.001000,1.411000
2,48,2,1.264800,1.372000,0.774000,1.297000,1.542000,1.339000
2,49,2,2.065200,2.908000,1.761000,1.411000,2.084000,2.162000
2,50,2,1.417600,0.995000,1.477000,1.375000,2.065000,1.176000
2,51,2,1.824400,1.854000,1.488000,2.149000,1.636000,1.995000
2,52,2,1.648000,1.548000,1.241000,0.942000,2.718000,1.791000
2,53,2,1.589600,1.358000,1.710000,1.243000,1.863000,1.774000
2,54,2,1.545400,1.346000,1.051000,1.651000,2.047000,1.632000
2,55,2,1.622400,1.130000,1.073000,1.439000,1.878000,2.592000
2,56,2,1.103000,0.823000,1.025000,0.733000,1.548000,1.386000
2,57,2,1.706000,2.011000,1.121000,1.389000,1.823000,2.186000
2,58,2,1.616600,1.063000,1.275000,1.089000,2.561000,2.095000
2,59,2,1.445400,1.222000,1.051000,1.791000,1.776000,1.387000
2,60,3,1.519600,1.267000,1.478000,1.551000,1.879000,1.423000
2,61,3,1.685800,1.466000,1.273000,1.846000,1.802000,2.042000
2,62,3,1.655200,1.432000,1.560000,1.805000,1.830000,1.649000
2,63,3,1.406400,1.460000,1.338000,1.212000,1.716000,1.306000
2,64,3,1.377600,1.006000,1.327000,1.566000,1.876000,1.113000
2,65,3,1.990600,1.942000,1.334000,2.032000,2.913000,1.732000
2,66,3,1.934800,1.798000,1.660000,1.964000,1.811000,2.441000
2,67,3,2.067400,1.691000,1.578000,2.385000,1.924000,2.759000
2,68,3,1.656400,1.207000,1.595000,1.128000,2.594000,1.758000
2,69,3,1.379000,1.426000,1.324000,0.933000,1.690000,1.522000
2,70,3,1.534800,1.121000,1.132000,1.225000,2.366000,1.830000
2,71,3,1.521000,1.350000,1.225000,1.452000,2.177000,1.401000
2,72,3,1.334400,1.291000,1.357000,0.884000,1.388000,1.752000
2,73,3,1.415000,1.208000,1.278000,1.204000,1.469000,1.916000
2,74,3,1.444400,1.263000,0.996000,1.325000,1.875000,1.763000
2,75,3,1.543400,1.042000,1.871000,1.658000,1.548000,1.598000
2,76,3,1.927400,2.300000,1.255000,2.664000,2.159000,1.259000
2,77,3,1.583000,1.504000,1.203000,1.685000,2.015000,1.508000
2,78,3,1.805800,0.967000,1.516000,2.489000,2.726000,1.331000
2,79,3,1.604000,1.177000,1.415000,1.644000,1.696000,2.088000
2,80,4,1.603800,1.245000,1.335000,1.382000,2.349000,1.708000
2,81,4,1.755800,1.532000,1.387000,1.167000,2.571000,2.122000
2,82,4,1.362400,1.129000,1.018000,1.070000,1.986000,1.609000
2,83,4,1.469200,0.964000,1.356000,1.208000,2.022000,1.796000
2,84,4,1.451200,1.253000,1.471000,1.532000,1.530000,1.470000
2,85,4,1.599400,0.974000,1.232000,1.213000,1.775000,2.803000
2,86,4,1.384800,1.193000,1.107000,1.127000,2.163000,1.334000
2,87,4,1.615200,1.728000,1.257000,1.389000,2.297000,1.405000
2,88,4,2.133200,1.233000,1.425000,1.993000,2.439000,3.576000
2,89,4,1.349800,1.104000,1.153000,1.404000,1.541000,1.547000
2,90,4,1.753000,1.931000,1.410000,1.693000,2.037000,1.694000
2,91,4,1.596400,1.360000,1.184000,1.963000,1.896000,1.579000
2,92,4,1.608800,1.052000,1.386000,2.156000,1.852000,1.598000
2,93,4,1.572200,1.339000,1.678000,1.199000,1.943000,1.702000
2,94,4,1.512000,1.305000,1.086000,1.854000,1.579000,1.736000
2,95,4,1.730200,2.516000,1.250000,1.184000,2.005000,1.696000
2,96,4,1.867000,1.796000,1.372000,1.428000,2.037000,2.702000
2,97,4,1.951800,2.662000,2.462000,1.531000,1.528000,1.576000
2,98,4,1.621200,1.203000,1.196000,1.729000,2.365000,1.613000
2,99,4,1.706200,1.403000,1.216000,1.715000,2.615000,1.582000
3,0,0,1.980600,2.899000,1.552000,1.492000,2.557000,1.403000
3,1,0,1.697400,1.969000,1.049000,1.357000,1.722000,2.390000
3,2,0,1.604200,2.045000,1.485000,1.531000,1.559000,1.401000
3,3,0,2.040000,1.948000,2.434000,1.918000,1.924000,1.976000
3,4,0,1.612600,2.251000,1.630000,1.524000,1.409000,1.249000
3,5,0,1.557800,1.814000,1.666000,1.278000,1.686000,1.345000
3,6,0,1.950600,2.373000,1.408000,2.366000,2.099000,1.507000
3,7,0,2.108400,3.511000,1.557000,1.580000,2.184000,1.710000
3,8,0,2.014800,2.268000,2.076000,1.471000,2.944000,1.315000
3,9,0,2.008000,2.645000,1.877000,1.482000,2.507000,1.529000
3,10,0,1.563600,1.546000,1.749000,1.203000,1.670000,1.650000
3,11,0,1.545200,1.906000,1.622000,1.246000,1.587000,1.365000
3,12,0,1.702600,2.062000,1.678000,1.501000,2.026000,1.246000
3,13,0,2.393600,2.643000,2.352000,2.941000,2.406000,1.626000
3,14,0,1.704600,2.146000,1.402000,1.632000,2.037000,1.306000
3,15,0,2.086800,2.520000,1.626000,2.805000,1.677000,1.806000
3,16,0,1.697600,1.689000,2.221000,1.813000,1.390000,1.375000
3,17,0,2.063000,2.590000,2.320000,2.447000,1.523000,1.435000
3,18,0,1.722600,2.346000,1.296000,1.575000,1.877000,1.519000
3,19,0,1.716000,1.866000,1.885000,1.974000,1.481000,1.374000
3,20,1,1.619000,1.639000,1.837000,1.399000,1.387000,1.833000
3,21,1,2.453000,2.604000,3.016000,3.358000,1.653000,1.634000
3,22,1,1.775800,2.266000,1.827000,1.542000,1.755000,1.489000
3,23,1,1.541800,1.517000,1.334000,1.796000,1.425000,1.637000
3,24,1,1.678800,1.479000,2.243000,1.518000,1.631000,1.523000
3,25,1,1.650000,1.662000,2.387000,1.397000,1.580000,1.224000
3,26,1,1.751600,1.994000,1.222000,2.578000,1.392000,1.572000
3,27,1,1.527400,1.674000,1.592000,1.571000,1.367000,1.433000
3,28,1,1.580600,2.440000,1.313000,1.170000,1.465000,1.515000
3,29,1,1.278800,1.881000,1.006000,1.158000,0.937000,1.412000
3,30,1,1.701400,1.972000,1.595000,1.679000,1.794000,1.467000
3,31,1,1.350800,1.448000,1.664000,1.492000,0.930000,1.220000
3,32,1,1.755800,1.943000,2.140000,1.715000,1.418000,1.563000
3,33,1,1.520400,1.755000,1.111000,1.808000,1.541000,1.387000
3,34,1,2.186400,1.624000,3.560000,2.447000,1.859000,1.442000
3,35,1,2.031600,2.242000,3.087000,1.611000,1.883000,1.335000
3,36,1,1.667400,2.222000,1.256000,1.556000,1.958000,1.345000
3,37,1,1.759800,2.396000,1.368000,1.081000,1.372000,2.582000
3,38,1,1.565200,1.777000,1.138000,1.639000,1.720000,1.552000
3,39,1,1.925000,1.909000,2.493000,1.712000,2.319000,1.192000
3,40,2,1.793000,1.656000,1.689000,2.162000,1.453000,2.005000
3,41,2,1.349600,1.561000,1.295000,1.409000,1.142000,1.341000
3,42,2,1.737200,2.233000,1.914000,1.061000,2.150000,1.328000
3,43,2,1.940000,2.271000,2.065000,1.656000,2.237000,1.471000
3,44,2,2.386600,2.182000,3.992000,1.907000,2.124000,1.728000
3,45,2,1.515000,1.307000,1.250000,1.620000,1.925000,1.473000
3,46,2,1.502400,1.720000,1.520000,1.173000,1.943000,1.156000
3,47,2,1.819200,2.439000,1.745000,1.377000,2.009000,1.526000
3,48,2,1.824400,1.829000,2.484000,1.013000,2.025000,1.771000
3,49,2,1.612400,2.607000,1.695000,1.097000,1.487000,1.176000
3,50,2,1.620800,1.773000,1.348000,1.530000,1.856000,1.597000
3,51,2,1.715800,1.682000,2.409000,1.788000,1.261000,1.439000
3,52,2,1.636800,2.214000,1.335000,1.517000,1.493000,1.625000
3,53,2,1.362400,1.389000,1.162000,1.409000,1.329000,1.523000
3,54,2,1.686200,2.403000,1.249000,1.369000,1.516000,1.894000
3,55,2,1.549800,1.505000,1.473000,1.814000,1.460000,1.497000
3,56,2,1.217800,1.526000,1.176000,1.276000,0.820000,1.291000
3,57,2,1.555600,1.474000,1.582000,1.283000,1.920000,1.519000
3,58,2,1.710600,2.001000,2.075000,1.061000,1.563000,1.853000
3,59,2,1.459400,1.812000,1.126000,1.825000,1.359000,1.175000
3,60,3,2.055400,2.113000,3.241000,1.552000,1.533000,1.838000
3,61,3,1.930800,2.124000,2.648000,1.595000,1.521000,1.766000
3,62,3,1.456600,1.815000,1.106000,1.268000,1.272000,1.822000
3,63,3,1.913400,2.941000,2.251000,1.566000,1.279000,1.530000
3,64,3,1.447000,1.576000,1.432000,1.419000,1.470000,1.338000
3,65,3,1.545800,2.875000,1.351000,1.029000,1.092000,1.382000
3,66,3,1.830200,2.479000,2.107000,0.826000,1.313000,2.426000
3,67,3,1.754800,2.290000,0.911000,2.413000,1.864000,1.296000
3,68,3,2.037400,2.721000,1.389000,2.118000,1.958000,2.001000
3,69,3,1.502200,1.650000,1.947000,1.322000,1.008000,1.584000
3,70,3,1.723200,2.097000,2.034000,1.522000,1.696000,1.267000
3,71,3,1.733400,2.094000,1.818000,1.611000,1.720000,1.424000
3,72,3,1.794000,2.585000,1.850000,1.618000,1.469000,1.448000
3,73,3,1.671400,2.218000,1.231000,2.299000,1.230000,1.379000
3,74,3,1.868000,2.194000,1.524000,1.735000,2.157000,1.730000
3,75,3,1.905000,2.359000,2.043000,1.853000,1.873000,1.397000
3,76,3,1.758000,2.625000,1.292000,1.977000,1.487000,1.409000
3,77,3,1.587800,1.906000,1.588000,1.395000,1.634000,1.416000
3,78,3,1.554400,2.326000,1.378000,1.079000,1.614000,1.375000
3,79,3,1.757800,2.036000,1.820000,1.784000,1.625000,1.524000
3,80,4,1.608800,2.605000,1.198000,1.202000,1.737000,1.302000
3,81,4,1.766400,2.088000,1.708000,1.849000,1.861000,1.326000
3,82,4,1.592400,1.559000,2.077000,1.399000,1.362000,1.565000
3,83,4,2.262200,1.354000,1.640000,4.170000,2.126000,2.021000
3,84,4,1.367800,1.553000,1.095000,1.622000,1.246000,1.323000
3,85,4,1.369600,1.687000,1.236000,1.040000,1.635000,1.250000
3,86,4,1.693400,2.113000,1.660000,1.385000,2.150000,1.159000
3,87,4,2.278200,2.425000,1.984000,1.993000,2.032000,2.957000
3,88,4,1.832400,1.875000,2.092000,2.077000,1.436000,1.682000
3,89,4,1.831600,2.646000,1.347000,1.252000,2.491000,1.422000
3,90,4,2.080600,2.673000,1.288000,1.824000,2.586000,2.032000
3,91,4,1.826000,1.731000,2.340000,2.043000,1.740000,1.276000
3,92,4,2.012400,2.029000,2.243000,1.811000,2.032000,1.947000
3,93,4,1.579200,2.257000,1.836000,1.144000,1.464000,1.195000
3,94,4,2.187600,1.989000,2.427000,2.515000,2.587000,1.420000
3,95,4,1.285400,1.776000,1.221000,1.073000,1.220000,1.137000
3,96,4,1.521800,1.629000,1.411000,1.510000,1.697000,1.362000
3,97,4,1.640000,1.673000,1.548000,2.280000,1.308000,1.391000
3,98,4,1.411200,2.026000,1.194000,1.348000,1.113000,1.375000
3,99,4,1.311400,1.883000,0.998000,1.246000,1.305000,1.125000
4,0,0,2.509000,1.751000,2.898000,2.943000,3.876000,1.077000
4,1,0,2.237400,2.700000,1.563000,2.480000,3.008000,1.436000
4,2,0,2.220400,2.371000,1.737000,2.296000,1.913000,2.785000
4,3,0,2.195200,2.244000,2.196000,2.373000,2.436000,1.727000
4,4,0,2.110400,2.234000,2.333000,1.941000,1.585000,2.459000
4,5,0,2.352600,2.431000,2.543000,2.008000,2.353000,2.428000
4,6,0,1.954600,2.220000,1.563000,2.460000,2.101000,1.429000
4,7,0,1.675600,1.876000,1.665000,1.460000,2.262000,1.115000
4,8,0,1.726800,1.777000,1.427000,1.829000,2.409000,1.192000
4,9,0,1.897800,1.745000,1.718000,2.194000,2.529000,1.303000
4,10,0,1.563400,1.452000,1.223000,1.460000,2.400000,1.282000
4,11,0,1.957000,1.803000,2.417000,1.988000,2.366000,1.211000
4,12,0,2.044800,1.490000,3.298000,1.675000,2.346000,1.415000
4,13,0,1.937800,1.796000,1.074000,2.724000,2.829000,1.266000
4,14,0,1.692400,2.079000,1.219000,2.039000,2.206000,0.919000
4,15,0,1.693200,2.092000,1.354000,1.888000,1.576000,1.556000
4,16,0,1.638000,1.578000,1.217000,1.877000,2.428000,1.090000
4,17,0,1.845000,1.945000,1.118000,2.824000,1.553000,1.785000
4,18,0,1.682600,1.572000,2.266000,1.369000,2.180000,1.026000
4,19,0,1.964200,1.801000,1.582000,2.497000,2.338000,1.603000
4,20,1,1.804200,1.599000,2.108000,1.626000,2.526000,1.162000
4,21,1,2.045600,2.409000,1.951000,2.050000,2.533000,1.285000
4,22,1,2.150200,1.805000,3.183000,1.917000,2.679000,1.167000
4,23,1,1.419000,1.218000,1.106000,1.984000,1.907000,0.880000
4,24,1,1.977200,2.251000,1.387000,1.862000,2.401000,1.985000
4,25,1,2.266600,2.496000,1.867000,1.891000,3.622000,1.457000
4,26,1,1.704000,1.132000,1.266000,1.921000,2.077000,2.124000
4,27,1,1.645600,1.820000,1.897000,1.756000,1.626000,1.129000
4,28,1,2.133200,1.533000,2.957000,1.910000,2.765000,1.501000
4,29,1,2.422200,1.319000,3.461000,2.803000,2.690000,1.838000
4,30,1,1.478000,1.783000,1.180000,1.603000,1.754000,1.070000
4,31,1,2.381000,2.609000,1.967000,2.864000,3.148000,1.317000
4,32,1,1.555000,1.494000,1.074000,1.814000,2.013000,1.380000
4,33,1,2.037200,1.816000,1.131000,2.488000,2.587000,2.164000
4,34,1,2.646600,1.815000,2.204000,3.832000,2.380000,3.002000
4,35,1,1.827200,1.379000,2.006000,2.427000,1.601000,1.723000
4,36,1,1.893400,1.403000,2.219000,2.065000,2.502000,1.278000
4,37,1,1.737000,1.481000,1.990000,2.036000,2.116000,1.062000
4,38,1,1.877200,2.007000,2.395000,1.828000,2.091000,1.065000
4,39,1,1.664000,2.489000,1.711000,1.717000,1.498000,0.905000
4,40,2,1.911000,1.863000,0.990000,2.386000,3.016000,1.300000
4,41,2,1.882200,2.308000,1.264000,1.718000,3.004000,1.117000
4,42,2,1.903000,2.166000,1.236000,1.816000,2.404000,1.893000
4,43,2,2.508000,1.509000,3.125000,2.781000,2.142000,2.983000
4,44,2,1.589800,2.056000,1.410000,1.620000,1.634000,1.229000
4,45,2,1.854600,1.987000,1.782000,1.793000,2.470000,1.241000
4,46,2,2.000200,2.107000,1.055000,2.969000,2.733000,1.137000
4,47,2,2.069200,1.874000,3.408000,2.400000,1.658000,1.006000
4,48,2,1.723400,1.357000,1.423000,2.641000,2.076000,1.120000
4,49,2,2.253600,1.877000,1.314000,1.986000,3.730000,2.361000
4,50,2,1.641800,1.362000,1.548000,1.633000,2.278000,1.388000
4,51,2,1.547600,1.782000,1.085000,2.050000,1.734000,1.087000
4,52,2,1.643400,2.008000,1.121000,1.912000,1.275000,1.901000
4,53,2,1.468600,1.433000,1.180000,1.283000,2.276000,1.171000
4,54,2,1.926200,2.129000,1.431000,1.935000,2.636000,1.500000
4,55,2,1.562400,1.751000,1.185000,1.575000,2.295000,1.006000
4,56,2,1.998000,1.758000,0.968000,3.143000,3.200000,0.921000
4,57,2,2.493000,1.819000,3.626000,1.751000,3.223000,2.046000
4,58,2,1.650600,1.874000,0.991000,1.607000,2.750000,1.031000
4,59,2,1.919200,2.847000,1.595000,1.444000,2.635000,1.075000
4,60,3,1.631000,2.064000,1.228000,1.776000,1.904000,1.183000
4,61,3,1.808400,1.586000,1.055000,2.715000,2.269000,1.417000
4,62,3,1.892800,1.729000,1.320000,1.827000,2.466000,2.122000
4,63,3,1.952400,1.896000,1.178000,2.859000,2.467000,1.362000
4,64,3,1.822600,1.836000,1.182000,1.759000,2.972000,1.364000
4,65,3,1.606400,1.543000,1.123000,2.517000,1.689000,1.160000
4,66,3,1.695600,1.493000,1.326000,2.011000,2.452000,1.196000
4,67,3,1.659600,2.809000,0.992000,1.955000,1.587000,0.955000
4,68,3,2.227600,2.087000,2.259000,2.768000,2.808000,1.216000
4,69,3,2.366800,2.144000,2.965000,2.639000,2.261000,1.825000
4,70,3,1.559800,1.711000,1.044000,2.475000,1.496000,1.073000
4,71,3,1.770400,1.868000,1.447000,1.649000,2.637000,1.251000
4,72,3,1.971600,2.877000,1.294000,1.842000,1.375000,2.470000
4,73,3,2.256800,2.522000,0.958000,2.748000,3.106000,1.950000
4,74,3,1.720200,1.584000,1.202000,2.837000,1.769000,1.209000
4,75,3,1.769200,2.229000,1.094000,2.617000,1.742000,1.164000
4,76,3,1.907600,1.880000,2.001000,1.809000,2.682000,1.166000
4,77,3,2.099200,2.203000,1.124000,2.329000,2.980000,1.860000
4,78,3,1.576200,1.656000,1.047000,1.992000,1.334000,1.852000
4,79,3,1.789000,2.040000,0.992000,1.722000,2.764000,1.427000
4,80,4,1.981400,2.368000,1.607000,3.050000,1.792000,1.090000
4,81,4,2.676000,1.745000,1.819000,3.442000,3.909000,2.465000
4,82,4,1.630800,1.241000,1.057000,1.985000,2.458000,1.413000
4,83,4,2.020400,2.424000,1.302000,2.337000,1.985000,2.054000
4,84,4,1.484000,1.501000,1.227000,1.932000,1.803000,0.957000
4,85,4,1.677200,1.313000,1.831000,2.535000,1.427000,1.280000
4,86,4,1.979200,2.384000,2.170000,2.907000,1.454000,0.981000
4,87,4,2.065800,1.250000,2.032000,3.335000,2.642000,1.070000
4,88,4,1.521200,1.825000,0.873000,2.483000,1.274000,1.151000
4,89,4,1.327600,1.516000,0.956000,1.719000,1.532000,0.915000
4,90,4,1.477000,1.290000,1.091000,1.736000,1.484000,1.784000
4,91,4,2.081800,1.596000,2.779000,2.437000,2.083000,1.514000
4,92,4,1.845800,2.428000,2.064000,1.686000,1.597000,1.454000
4,93,4,1.314200,1.341000,0.846000,1.598000,1.612000,1.174000
4,94,4,1.685600,1.895000,1.202000,1.888000,2.123000,1.320000
4,95,4,1.703400,1.916000,1.147000,1.442000,1.373000,2.639000
4,96,4,1.689000,1.727000,1.351000,1.830000,2.366000,1.171000
4,97,4,2.021200,1.916000,2.572000,1.889000,2.407000,1.322000
4,98,4,2.398600,2.413000,2.018000,3.948000,2.300000,1.314000
4,99,4,1.722400,1.406000,1.122000,2.045000,2.556000,1.483000
5,0,0,1.348200,1.050000,1.292000,1.239000,1.293000,1.867000
5,1,0,1.913400,1.139000,3.023000,1.114000,2.580000,1.711000
5,2,0,1.995200,1.667000,2.118000,1.512000,2.101000,2.578000
5,3,0,1.725800,1.160000,1.684000,1.747000,1.027000,3.011000
5,4,0,1.564400,0.994000,2.185000,1.222000,1.430000,1.991000
5,5,0,1.500600,1.175000,1.398000,1.233000,1.429000,2.268000
5,6,0,1.479400,1.058000,1.229000,1.862000,1.334000,1.914000
5,7,0,1.576400,1.340000,2.125000,1.869000,1.027000,1.521000
5,8,0,1.794600,1.788000,2.458000,1.134000,1.092000,2.501000
5,9,0,1.621400,1.630000,1.450000,1.538000,1.673000,1.816000
5,10,0,1.605000,1.544000,1.773000,1.387000,1.267000,2.054000
5,11,0,1.738800,1.876000,1.635000,1.070000,1.818000,2.295000
5,12,0,1.878200,2.793000,1.847000,1.371000,1.600000,1.780000
5,13,0,1.427800,1.421000,1.691000,1.301000,1.174000,1.552000
5,14,0,1.714800,1.202000,1.601000,1.386000,2.443000,1.942000
5,15,0,1.665000,1.689000,1.220000,1.467000,1.363000,2.586000
5,16,0,1.870200,1.335000,3.038000,0.987000,1.496000,2.495000
5,17,0,1.526600,1.199000,1.354000,1.346000,1.693000,2.041000
5,18,0,1.702800,1.320000,2.102000,1.088000,1.383000,2.621000
5,19,0,1.620400,2.063000,1.230000,1.368000,1.256000,2.185000
5,20,1,1.624400,2.120000,2.216000,1.112000,1.227000,1.447000
5,21,1,2.273000,2.748000,1.404000,1.622000,2.405000,3.186000
5,22,1,1.732200,1.592000,1.469000,1.681000,1.539000,2.380000
5,23,1,1.865600,2.301000,1.438000,1.113000,1.916000,2.560000
5,24,1,1.932400,1.507000,1.564000,1.779000,1.890000,2.922000
5,25,1,1.835600,0.912000,2.849000,1.772000,1.460000,2.185000
5,26,1,1.775200,1.566000,1.929000,1.373000,1.388000,2.620000
5,27,1,1.378800,1.259000,1.376000,0.957000,1.792000,1.510000
5,28,1,1.475800,1.151000,1.203000,1.234000,1.796000,1.995000
5,29,1,1.520800,1.297000,1.762000,0.988000,1.850000,1.707000
5,30,1,1.846200,1.030000,2.064000,1.373000,2.183000,2.581000
5,31,1,1.471400,1.604000,1.512000,1.073000,1.344000,1.824000
5,32,1,1.897000,1.800000,2.221000,1.063000,1.412000,2.989000
5,33,1,1.372000,0.963000,1.574000,1.203000,1.233000,1.887000
5,34,1,2.459200,1.667000,2.882000,2.891000,2.222000,2.634000
5,35,1,1.461600,1.279000,1.679000,0.987000,1.419000,1.944000
5,36,1,1.815200,1.597000,1.465000,1.920000,1.043000,3.051000
5,37,1,1.693000,1.224000,1.777000,1.109000,2.051000,2.304000
5,38,1,2.156800,3.719000,2.293000,1.398000,1.508000,1.866000
5,39,1,1.756400,1.525000,2.313000,1.387000,1.657000,1.900000
5,40,2,1.680200,1.290000,1.543000,1.485000,1.731000,2.352000
5,41,2,1.442200,1.263000,1.376000,1.212000,1.562000,1.798000
5,42,2,1.448600,1.305000,1.244000,1.288000,1.388000,2.018000
5,43,2,1.768200,1.669000,2.464000,1.198000,1.639000,1.871000
5,44,2,1.927800,1.339000,1.320000,1.182000,2.415000,3.383000
5,45,2,2.114200,1.420000,2.670000,1.772000,1.767000,2.942000
5,46,2,1.505400,1.391000,1.337000,0.951000,1.155000,2.693000
5,47,2,1.601400,1.303000,2.016000,1.161000,1.308000,2.219000
5,48,2,1.416200,1.974000,1.091000,1.014000,1.574000,1.428000
5,49,2,1.995200,0.945000,2.296000,2.385000,2.423000,1.927000
5,50,2,1.672600,1.613000,1.343000,1.078000,1.915000,2.414000
5,51,2,1.291800,1.349000,1.372000,0.996000,1.379000,1.363000
5,52,2,1.585200,1.695000,1.809000,1.318000,1.191000,1.913000
5,53,2,1.632400,1.673000,1.556000,1.086000,1.201000,2.646000
5,54,2,1.583400,0.937000,1.798000,2.211000,1.124000,1.847000
5,55,2,1.686600,1.513000,2.651000,1.279000,1.145000,1.845000
5,56,2,1.404200,1.206000,1.381000,1.077000,1.367000,1.990000
5,57,2,1.453000,1.481000,1.286000,1.176000,1.258000,2.064000
5,58,2,1.500600,1.408000,1.286000,1.460000,1.655000,1.694000
5,59,2,1.684800,1.717000,1.756000,1.368000,1.224000,2.359000
5,60,3,1.831000,1.135000,1.359000,1.501000,1.458000,3.702000
5,61,3,1.709600,1.603000,1.652000,1.307000,1.904000,2.082000
5,62,3,1.411400,0.921000,1.354000,1.442000,1.508000,1.832000
5,63,3,1.513600,1.281000,1.296000,1.063000,2.136000,1.792000
5,64,3,1.381000,1.493000,1.192000,0.909000,1.890000,1.421000
5,65,3,1.966600,1.663000,3.009000,1.879000,1.447000,1.835000
5,66,3,1.788000,1.417000,1.783000,1.294000,1.874000,2.572000
5,67,3,1.473400,1.817000,1.549000,1.373000,0.988000,1.640000
5,68,3,1.571600,1.139000,1.567000,0.912000,1.209000,3.031000
5,69,3,1.601600,1.271000,1.827000,1.272000,1.815000,1.823000
5,70,3,1.564800,1.140000,1.617000,1.619000,1.369000,2.079000
5,71,3,1.493200,1.687000,1.151000,0.961000,1.579000,2.088000
5,72,3,1.449400,1.448000,1.701000,1.023000,1.481000,1.594000
5,73,3,1.342200,1.670000,1.145000,1.136000,1.148000,1.612000
5,74,3,1.659000,2.029000,1.313000,1.856000,1.137000,1.960000
5,75,3,1.380800,1.394000,1.287000,0.845000,1.648000,1.730000
5,76,3,1.417800,1.658000,1.508000,1.400000,1.176000,1.347000
5,77,3,1.392200,1.527000,1.482000,1.119000,1.124000,1.709000
5,78,3,2.380000,4.220000,1.598000,1.437000,2.204000,2.441000
5,79,3,1.271400,1.016000,1.445000,1.043000,1.194000,1.659000
5,80,4,1.967800,1.814000,1.767000,3.129000,1.160000,1.969000
5,81,4,1.888600,2.126000,1.290000,1.500000,1.512000,3.015000
5,82,4,1.399000,1.380000,1.182000,1.098000,1.809000,1.526000
5,83,4,1.484200,1.598000,1.349000,1.113000,1.692000,1.669000
5,84,4,2.225400,1.857000,2.008000,1.970000,2.433000,2.859000
5,85,4,1.471400,1.291000,1.333000,1.508000,1.444000,1.781000
5,86,4,2.244600,2.529000,1.794000,1.317000,1.456000,4.127000
5,87,4,1.764400,1.522000,1.530000,1.714000,1.516000,2.540000
5,88,4,1.391200,1.178000,1.109000,0.970000,1.703000,1.996000
5,89,4,1.696600,1.192000,1.549000,1.424000,1.710000,2.608000
5,90,4,1.662800,0.947000,1.601000,2.205000,1.773000,1.788000
5,91,4,1.599000,0.948000,1.506000,1.354000,2.118000,2.069000
5,92,4,1.557200,1.797000,1.735000,1.363000,1.411000,1.480000
5,93,4,1.640200,1.604000,1.911000,1.260000,1.690000,1.736000
5,94,4,1.616600,1.047000,1.381000,1.270000,1.728000,2.657000
5,95,4,1.926400,1.151000,3.284000,1.088000,1.398000,2.711000
5,96,4,2.730200,3.627000,2.558000,1.913000,2.575000,2.978000
5,97,4,1.630400,1.319000,1.997000,1.129000,1.459000,2.248000
5,98,4,1.303200,0.987000,1.369000,1.062000,1.121000,1.977000
5,99,4,1.489400,1.343000,1.566000,1.567000,1.222000,1.749000
6,0,0,1.488800,1.166000,1.206000,1.665000,1.580000,1.827000
6,1,0,1.609200,1.149000,2.297000,1.083000,1.866000,1.651000
6,2,0,1.853600,1.767000,1.322000,1.083000,3.111000,1.985000
6,3,0,1.335400,0.979000,0.964000,1.050000,1.839000,1.845000
6,4,0,1.721200,1.045000,2.755000,1.509000,1.486000,1.811000
6,5,0,1.931400,2.292000,1.861000,2.198000,1.659000,1.647000
6,6,0,1.787000,1.157000,1.479000,2.153000,1.825000,2.321000
6,7,0,1.419800,1.082000,1.518000,1.187000,1.363000,1.949000
6,8,0,1.496600,1.350000,1.108000,1.218000,2.144000,1.663000
6,9,0,1.777000,1.795000,2.083000,1.283000,2.279000,1.445000
6,10,0,1.336400,0.953000,1.486000,1.115000,1.412000,1.716000
6,11,0,1.592000,1.998000,1.359000,1.492000,1.222000,1.889000
6,12,0,1.868000,1.144000,1.512000,1.249000,3.663000,1.772000
6,13,0,1.407400,1.012000,1.239000,1.246000,1.570000,1.970000
6,14,0,1.510600,1.110000,2.239000,1.384000,1.238000,1.582000
6,15,0,1.393600,1.282000,1.109000,1.239000,1.495000,1.843000
6,16,0,1.408600,1.089000,1.674000,0.941000,1.457000,1.882000
6,17,0,1.780200,0.943000,2.342000,2.209000,1.724000,1.683000
6,18,0,1.761200,1.292000,1.651000,1.920000,2.016000,1.927000
6,19,0,2.166800,3.155000,1.830000,1.044000,2.314000,2.491000
6,20,1,2.496600,1.439000,4.065000,2.213000,3.030000,1.736000
6,21,1,2.381400,3.288000,2.419000,1.318000,1.686000,3.196000
6,22,1,1.848800,1.756000,1.181000,1.425000,2.346000,2.536000
6,23,1,1.696800,1.090000,2.751000,1.370000,1.535000,1.738000
6,24,1,2.213600,1.527000,2.374000,2.611000,1.903000,2.653000
6,25,1,1.263800,0.972000,1.228000,0.992000,1.379000,1.748000
6,26,1,1.298600,0.924000,1.213000,0.886000,2.070000,1.400000
6,27,1,1.126200,0.974000,1.052000,0.949000,1.282000,1.374000
6,28,1,1.956200,1.965000,3.415000,0.956000,1.395000,2.050000
6,29,1,1.589800,1.706000,1.099000,0.988000,1.577000,2.579000
6,30,1,1.465200,0.995000,1.381000,1.027000,2.280000,1.643000
6,31,1,1.335800,1.025000,1.195000,1.230000,1.317000,1.912000
6,32,1,1.321400,1.109000,0.906000,1.267000,1.181000,2.144000
6,33,1,1.791200,1.919000,2.709000,0.922000,1.509000,1.897000
6,34,1,1.650800,1.497000,2.185000,1.831000,1.428000,1.313000
6,35,1,1.426000,1.037000,1.073000,1.094000,1.760000,2.166000
6,36,1,1.564000,1.155000,1.910000,1.401000,1.195000,2.159000
6,37,1,1.341000,0.994000,2.188000,0.868000,1.322000,1.333000
6,38,1,2.076400,2.550000,2.931000,1.843000,1.188000,1.870000
6,39,1,1.572200,1.829000,1.885000,1.182000,1.492000,1.473000
6,40,2,1.157200,0.902000,0.988000,0.986000,1.167000,1.743000
6,41,2,1.535000,1.055000,1.272000,1.472000,1.855000,2.021000
6,42,2,1.501600,1.931000,1.274000,1.021000,1.705000,1.577000
6,43,2,1.621600,0.904000,2.257000,1.032000,1.923000,1.992000
6,44,2,1.498200,1.865000,0.984000,0.836000,1.515000,2.291000
6,45,2,1.451800,1.529000,1.467000,1.400000,1.300000,1.563000
6,46,2,1.728000,1.285000,1.171000,1.526000,2.737000,1.921000
6,47,2,1.222200,0.849000,1.191000,1.102000,1.177000,1.792000
6,48,2,1.193200,1.582000,1.097000,1.083000,1.222000,0.982000
6,49,2,1.347600,0.947000,1.207000,1.182000,1.614000,1.788000
6,50,2,1.539400,0.984000,2.720000,0.854000,1.291000,1.848000
6,51,2,1.259000,0.843000,1.038000,0.836000,1.881000,1.697000
6,52,2,1.783800,1.573000,2.338000,1.340000,1.557000,2.111000
6,53,2,1.884200,1.731000,1.448000,1.252000,1.743000,3.247000
6,54,2,1.614600,2.569000,1.387000,1.093000,1.310000,1.714000
6,55,2,2.170200,0.885000,2.379000,3.183000,1.700000,2.704000
6,56,2,1.280000,1.469000,1.020000,0.944000,1.381000,1.586000
6,57,2,1.355600,0.993000,1.303000,1.165000,1.443000,1.874000
6,58,2,1.681800,1.311000,2.729000,1.176000,1.640000,1.553000
6,59,2,1.450400,1.479000,1.480000,0.972000,1.166000,2.155000
6,60,3,1.894600,1.780000,1.895000,2.053000,1.555000,2.190000
6,61,3,1.510800,1.155000,1.602000,1.463000,2.086000,1.248000
6,62,3,1.369400,0.715000,1.326000,1.276000,1.593000,1.937000
6,63,3,1.301600,1.104000,1.173000,1.345000,1.600000,1.286000
6,64,3,1.288600,1.132000,1.414000,0.992000,1.804000,1.101000
6,65,3,1.730000,2.143000,2.000000,1.378000,1.587000,1.542000
6,66,3,1.524600,1.060000,1.230000,1.032000,1.728000,2.573000
6,67,3,1.505000,1.748000,1.509000,1.010000,1.208000,2.050000
6,68,3,1.586800,2.223000,1.292000,1.665000,1.632000,1.122000
6,69,3,1.543000,1.120000,1.914000,1.169000,1.277000,2.235000
6,70,3,1.250200,0.817000,1.359000,0.998000,1.372000,1.705000
6,71,3,2.054800,2.611000,2.005000,0.992000,1.455000,3.211000
6,72,3,1.437000,1.013000,1.248000,1.587000,1.959000,1.378000
6,73,3,1.701400,1.539000,1.763000,1.141000,2.630000,1.434000
6,74,3,1.256400,1.174000,0.917000,1.594000,1.279000,1.318000
6,75,3,1.288000,0.906000,1.084000,0.892000,1.679000,1.879000
6,76,3,1.488400,1.372000,1.139000,1.230000,2.201000,1.500000
6,77,3,1.758200,1.129000,1.854000,1.282000,1.857000,2.669000
6,78,3,1.435800,0.944000,1.744000,1.002000,1.609000,1.880000
6,79,3,1.500800,1.985000,1.529000,0.697000,1.347000,1.946000
6,80,4,1.778800,2.507000,1.668000,1.101000,1.833000,1.785000
6,81,4,1.975600,2.641000,1.399000,2.310000,1.592000,1.936000
6,82,4,1.496200,2.162000,1.702000,0.765000,1.523000,1.329000
6,83,4,1.942000,3.168000,1.446000,1.217000,1.586000,2.293000
6,84,4,1.304600,0.891000,1.476000,0.937000,1.417000,1.802000
6,85,4,2.173800,1.832000,2.855000,1.203000,1.882000,3.097000
6,86,4,1.949600,1.927000,2.731000,1.104000,1.815000,2.171000
6,87,4,1.468600,1.149000,2.143000,1.283000,1.397000,1.371000
6,88,4,1.606200,1.051000,2.828000,0.940000,1.420000,1.792000
6,89,4,1.843800,2.142000,1.659000,1.941000,1.569000,1.908000
6,90,4,1.290000,0.797000,1.047000,0.880000,1.454000,2.272000
6,91,4,2.393400,4.076000,1.733000,1.638000,2.612000,1.908000
6,92,4,1.975600,3.429000,1.981000,1.039000,1.308000,2.121000
6,93,4,1.592600,0.765000,2.297000,1.054000,2.056000,1.791000
6,94,4,1.131400,0.907000,1.081000,0.999000,1.322000,1.348000
6,95,4,2.275800,2.557000,1.689000,1.149000,3.085000,2.899000
6,96,4,1.705800,1.878000,1.727000,1.178000,1.640000,2.106000
6,97,4,1.950200,3.343000,1.902000,0.958000,1.435000,2.113000
6,98,4,1.408000,1.753000,1.381000,1.101000,1.523000,1.282000
6,99,4,2.057400,2.230000,2.251000,1.593000,2.252000,1.961000
7,0,0,2.389800,2.648000,2.914000,2.152000,2.829000,1.406000
7,1,0,1.932400,1.850000,2.107000,2.463000,1.782000,1.460000
7,2,0,2.030000,2.268000,1.896000,2.124000,2.082000,1.780000
7,3,0,1.701800,1.691000,1.839000,1.558000,1.726000,1.695000
7,4,0,2.292400,2.926000,2.257000,2.903000,1.905000,1.471000
7,5,0,2.169000,2.131000,2.514000,2.606000,2.191000,1.403000
7,6,0,2.100600,2.440000,2.503000,2.618000,1.968000,0.974000
7,7,0,2.229800,1.740000,3.071000,3.453000,1.815000,1.070000
7,8,0,2.148800,1.661000,2.717000,2.567000,1.549000,2.250000
7,9,0,1.983200,2.124000,1.822000,2.644000,1.493000,1.833000
7,10,0,1.886400,1.915000,2.281000,1.733000,2.056000,1.447000
7,11,0,1.705800,1.953000,1.656000,2.364000,1.414000,1.142000
7,12,0,2.188000,2.135000,2.571000,3.021000,1.602000,1.611000
7,13,0,2.783800,3.370000,4.249000,2.602000,1.715000,1.983000
7,14,0,1.633000,2.012000,1.904000,1.869000,1.145000,1.235000
7,15,0,2.155600,2.727000,2.180000,2.734000,1.723000,1.414000
7,16,0,2.173800,2.170000,2.219000,2.474000,1.894000,2.112000
7,17,0,1.709000,1.677000,1.922000,1.971000,1.918000,1.057000
7,18,0,2.229800,1.843000,2.013000,1.972000,2.541000,2.780000
7,19,0,1.949000,2.326000,1.925000,1.727000,2.160000,1.607000
7,20,1,1.924400,2.120000,2.454000,1.562000,2.470000,1.016000
7,21,1,1.743800,1.356000,2.115000,1.580000,1.656000,2.012000
7,22,1,2.219200,2.219000,1.756000,2.418000,2.309000,2.394000
7,23,1,1.958800,2.450000,2.050000,1.938000,1.627000,1.729000
7,24,1,1.956200,1.934000,2.781000,2.250000,1.720000,1.096000
7,25,1,2.995600,3.026000,3.960000,5.018000,1.670000,1.304000
7,26,1,1.647000,1.492000,1.532000,1.831000,2.225000,1.155000
7,27,1,2.219000,2.057000,1.494000,2.662000,2.117000,2.765000
7,28,1,1.849400,2.106000,2.664000,1.829000,1.344000,1.304000
7,29,1,1.827400,1.738000,1.939000,2.055000,1.885000,1.520000
7,30,1,1.576200,2.036000,1.991000,1.350000,1.240000,1.264000
7,31,1,2.450200,2.405000,3.035000,2.772000,1.319000,2.720000
7,32,1,2.278000,1.914000,2.858000,2.536000,1.757000,2.325000
7,33,1,2.543000,2.028000,2.901000,4.185000,1.631000,1.970000
7,34,1,1.736800,1.761000,2.113000,1.677000,1.554000,1.579000
7,35,1,2.045800,2.003000,2.882000,2.317000,1.685000,1.342000
7,36,1,2.105600,2.324000,2.013000,2.388000,2.454000,1.349000
7,37,1,1.698800,1.921000,1.994000,1.997000,1.480000,1.102000
7,38,1,2.502200,1.810000,1.698000,2.589000,2.712000,3.702000
7,39,1,1.960400,2.030000,2.059000,1.711000,1.786000,2.216000
7,40,2,1.944800,2.141000,2.029000,2.741000,1.746000,1.067000
7,41,2,2.128200,2.179000,2.071000,2.185000,1.903000,2.303000
7,42,2,2.075800,2.303000,2.323000,1.521000,2.524000,1.708000
7,43,2,2.165600,2.080000,2.473000,1.646000,2.860000,1.769000
7,44,2,2.133200,2.523000,1.596000,1.883000,1.988000,2.676000
7,45,2,1.725200,2.123000,1.930000,1.973000,1.360000,1.240000
7,46,2,2.428600,3.129000,1.960000,2.194000,2.558000,2.302000
7,47,2,2.046400,1.962000,2.303000,1.555000,2.974000,1.438000
7,48,2,2.271400,2.157000,3.412000,1.643000,3.172000,0.973000
7,49,2,1.957800,1.826000,2.777000,2.076000,1.731000,1.379000
7,50,2,2.145600,1.980000,1.585000,2.997000,2.168000,1.998000
7,51,2,2.227200,1.924000,3.407000,2.525000,1.903000,1.377000
7,52,2,1.812800,1.569000,2.178000,2.536000,1.478000,1.303000
7,53,2,1.801800,2.155000,1.980000,2.084000,1.442000,1.348000
7,54,2,1.813000,1.647000,2.376000,2.186000,1.629000,1.227000
7,55,2,1.907200,1.664000,2.320000,1.525000,2.924000,1.103000
7,56,2,2.168000,2.545000,2.595000,2.034000,1.627000,2.039000
7,57,2,2.362600,3.017000,2.492000,3.039000,1.866000,1.399000
7,58,2,2.696200,2.239000,2.868000,3.645000,2.671000,2.058000
7,59,2,2.678000,2.259000,2.800000,2.329000,2.706000,3.296000
7,60,3,2.396600,3.492000,3.010000,2.026000,2.250000,1.205000
7,61,3,1.658800,1.953000,2.044000,1.448000,1.806000,1.043000
7,62,3,1.910800,1.480000,3.037000,1.553000,2.069000,1.415000
7,63,3,1.757200,1.909000,2.270000,1.381000,1.994000,1.232000
7,64,3,2.051200,2.387000,2.056000,1.976000,2.529000,1.308000
7,65,3,1.738000,1.550000,1.814000,2.023000,2.097000,1.206000
7,66,3,1.874400,1.920000,1.938000,2.203000,2.089000,1.222000
7,67,3,2.721200,2.312000,2.655000,3.277000,2.788000,2.574000
7,68,3,1.921600,2.308000,2.169000,2.002000,1.824000,1.305000
7,69,3,1.831800,1.985000,2.155000,1.868000,1.983000,1.168000
7,70,3,2.117400,2.079000,2.128000,2.985000,1.373000,2.022000
7,71,3,1.570200,1.495000,2.194000,1.393000,1.643000,1.126000
7,72,3,2.303200,2.285000,1.709000,2.554000,2.245000,2.723000
7,73,3,1.539400,1.852000,1.085000,2.000000,1.795000,0.965000
7,74,3,1.813200,1.937000,2.756000,1.765000,1.486000,1.122000
7,75,3,2.163200,2.770000,3.176000,2.408000,1.302000,1.160000
7,76,3,1.849400,2.005000,2.054000,2.432000,1.641000,1.115000
7,77,3,1.694800,2.609000,1.653000,1.786000,1.419000,1.007000
7,78,3,2.067000,2.237000,2.869000,2.032000,1.346000,1.851000
7,79,3,1.787000,1.957000,1.948000,1.671000,2.116000,1.243000
7,80,4,3.014200,2.148000,3.587000,3.525000,2.989000,2.822000
7,81,4,1.777200,1.830000,2.149000,1.844000,1.891000,1.172000
7,82,4,2.474800,2.126000,3.234000,2.577000,1.611000,2.826000
7,83,4,2.698400,2.712000,2.819000,3.610000,3.132000,1.219000
7,84,4,1.731800,1.866000,2.110000,1.675000,1.744000,1.264000
7,85,4,1.522600,1.760000,1.622000,1.430000,1.439000,1.362000
7,86,4,1.497800,1.576000,1.624000,1.307000,1.563000,1.419000
7,87,4,1.858400,2.206000,2.771000,1.810000,1.264000,1.241000
7,88,4,1.548000,1.544000,1.649000,1.846000,1.412000,1.289000
7,89,4,1.913400,1.650000,1.569000,1.840000,2.343000,2.165000
7,90,4,3.063400,3.287000,3.891000,1.901000,2.819000,3.419000
7,91,4,2.045000,1.720000,2.081000,2.969000,2.341000,1.114000
7,92,4,2.337200,2.002000,2.941000,2.246000,3.149000,1.348000
7,93,4,1.902400,1.860000,2.150000,2.352000,1.752000,1.398000
7,94,4,1.976200,2.477000,2.971000,1.442000,1.709000,1.282000
7,95,4,1.833800,1.625000,1.586000,2.677000,1.461000,1.820000
7,96,4,2.098800,2.094000,2.981000,2.039000,1.427000,1.953000
7,97,4,2.387800,3.173000,2.536000,2.170000,2.125000,1.935000
7,98,4,1.810600,2.500000,2.500000,1.486000,1.543000,1.024000
7,99,4,2.129200,2.797000,3.127000,1.992000,1.519000,1.211000
8,0,0,1.741200,2.004000,1.788000,1.482000,1.856000,1.576000
8,1,0,1.597800,1.429000,1.733000,1.754000,1.326000,1.747000
8,2,0,2.059400,2.357000,1.468000,1.878000,1.579000,3.015000
8,3,0,1.476000,1.511000,1.396000,1.858000,1.117000,1.498000
8,4,0,1.593600,1.596000,1.376000,1.480000,1.460000,2.056000
8,5,0,1.616000,1.829000,1.791000,1.394000,1.822000,1.244000
8,6,0,2.118000,2.076000,1.915000,2.966000,1.669000,1.964000
8,7,0,2.053800,2.136000,1.736000,2.316000,1.585000,2.496000
8,8,0,2.143600,2.026000,1.590000,1.802000,2.915000,2.385000
8,9,0,1.921600,2.242000,1.834000,1.597000,1.852000,2.083000
8,10,0,1.758600,1.763000,1.596000,1.787000,1.332000,2.315000
8,11,0,1.549200,1.320000,1.326000,1.396000,2.074000,1.630000
8,12,0,2.192400,2.203000,1.610000,1.773000,3.427000,1.949000
8,13,0,1.947000,1.775000,1.760000,2.270000,2.253000,1.677000
8,14,0,2.093400,2.414000,1.908000,1.877000,1.871000,2.397000
8,15,0,1.700600,1.492000,1.623000,1.799000,1.548000,2.041000
8,16,0,1.854000,1.904000,1.887000,2.032000,1.115000,2.332000
8,17,0,1.775400,1.883000,1.688000,1.989000,1.280000,2.037000
8,18,0,2.037600,2.686000,1.922000,1.903000,1.928000,1.749000
8,19,0,2.220800,1.756000,2.151000,3.627000,1.159000,2.411000
8,20,1,1.811400,1.604000,3.342000,1.509000,1.213000,1.389000
8,21,1,2.112800,2.405000,2.043000,1.573000,1.174000,3.369000
8,22,1,2.600200,1.676000,3.659000,3.073000,1.512000,3.081000
8,23,1,2.449000,2.994000,3.126000,1.679000,2.897000,1.549000
8,24,1,1.738400,1.419000,1.512000,2.119000,1.152000,2.490000
8,25,1,2.438400,1.852000,2.069000,3.412000,2.176000,2.683000
8,26,1,2.294400,1.713000,1.578000,2.376000,2.705000,3.100000
8,27,1,2.352600,2.673000,2.113000,1.953000,3.528000,1.496000
8,28,1,1.674800,1.537000,1.889000,1.314000,1.990000,1.644000
8,29,1,1.978000,1.577000,1.759000,2.698000,1.424000,2.432000
8,30,1,2.445600,1.711000,3.343000,2.275000,1.930000,2.969000
8,31,1,2.542000,2.649000,3.107000,1.596000,1.288000,4.070000
8,32,1,1.608800,1.855000,1.484000,1.470000,1.454000,1.781000
8,33,1,2.797200,1.835000,2.751000,3.953000,3.028000,2.419000
8,34,1,1.880200,1.422000,2.933000,2.066000,1.187000,1.793000
8,35,1,1.831400,2.031000,2.315000,1.855000,1.157000,1.799000
8,36,1,2.348200,1.856000,3.232000,1.772000,2.358000,2.523000
8,37,1,1.942400,1.849000,1.906000,1.995000,1.727000,2.235000
8,38,1,1.843800,1.622000,1.649000,1.715000,2.200000,2.033000
8,39,1,2.121800,1.969000,1.410000,2.500000,2.200000,2.530000
8,40,2,1.849600,2.086000,1.592000,2.145000,1.631000,1.794000
8,41,2,1.379400,1.617000,1.260000,1.302000,0.938000,1.780000
8,42,2,1.702600,2.033000,1.776000,1.900000,1.109000,1.695000
8,43,2,2.045600,2.888000,1.937000,2.035000,1.500000,1.868000
8,44,2,1.576200,1.789000,1.500000,1.427000,0.874000,2.291000
8,45,2,2.014400,1.586000,1.635000,1.531000,3.349000,1.971000
8,46,2,1.987400,2.177000,2.201000,1.497000,1.080000,2.982000
8,47,2,1.794400,2.164000,1.910000,1.898000,1.356000,1.644000
8,48,2,2.060800,1.875000,2.591000,1.603000,1.978000,2.257000
8,49,2,2.097000,2.350000,1.540000,2.103000,2.376000,2.116000
8,50,2,1.604400,1.638000,1.496000,1.464000,1.619000,1.805000
8,51,2,2.344000,2.042000,1.826000,2.444000,2.064000,3.344000
8,52,2,2.150800,2.868000,2.005000,1.340000,1.253000,3.288000
8,53,2,1.590600,1.730000,1.442000,1.266000,1.793000,1.722000
8,54,2,1.647400,1.794000,2.113000,1.512000,1.197000,1.621000
8,55,2,2.430200,3.374000,1.836000,2.315000,1.812000,2.814000
8,56,2,1.757000,1.463000,1.499000,2.169000,1.289000,2.365000
8,57,2,1.394800,1.434000,0.900000,1.594000,1.461000,1.585000
8,58,2,1.881800,1.694000,2.014000,1.313000,1.610000,2.778000
8,59,2,1.807000,1.953000,1.132000,1.861000,1.237000,2.852000
8,60,3,2.033200,2.068000,1.695000,1.782000,1.826000,2.795000
8,61,3,1.590000,1.501000,1.746000,1.301000,1.013000,2.389000
8,62,3,1.816600,1.742000,2.197000,1.590000,1.561000,1.993000
8,63,3,1.861200,1.431000,2.065000,1.450000,2.327000,2.033000
8,64,3,1.617600,1.461000,1.314000,1.689000,2.023000,1.601000
8,65,3,1.548400,1.388000,1.260000,1.531000,1.190000,2.373000
8,66,3,1.487200,1.453000,1.486000,1.410000,1.147000,1.940000
8,67,3,1.663800,1.599000,2.111000,1.431000,1.160000,2.018000
8,68,3,1.789000,1.467000,1.695000,1.921000,1.814000,2.048000
8,69,3,1.829400,2.050000,2.439000,1.374000,1.840000,1.444000
8,70,3,1.444000,1.422000,1.415000,1.471000,1.042000,1.870000
8,71,3,1.800400,1.837000,1.821000,2.018000,1.170000,2.156000
8,72,3,2.005800,1.647000,2.437000,1.965000,1.743000,2.237000
8,73,3,1.507400,1.521000,1.588000,1.492000,1.593000,1.343000
8,74,3,2.160800,2.156000,3.456000,1.608000,1.917000,1.667000
8,75,3,2.192800,1.923000,1.124000,1.819000,3.162000,2.936000
8,76,3,1.709200,1.865000,1.912000,1.560000,1.588000,1.621000
8,77,3,1.838400,1.217000,1.971000,2.221000,2.053000,1.730000
8,78,3,1.859800,1.663000,1.532000,2.067000,2.147000,1.890000
8,79,3,1.658200,1.645000,1.609000,1.427000,1.690000,1.920000
8,80,4,1.753000,1.206000,2.109000,2.008000,1.168000,2.274000
8,81,4,1.948800,2.161000,3.350000,1.574000,1.249000,1.410000
8,82,4,1.770600,1.674000,1.505000,1.870000,2.264000,1.540000
8,83,4,1.662000,2.685000,1.455000,1.485000,1.172000,1.513000
8,84,4,2.515600,4.502000,2.455000,1.821000,1.675000,2.125000
8,85,4,2.244600,2.114000,2.192000,3.435000,1.443000,2.039000
8,86,4,2.223200,3.040000,2.520000,2.376000,0.997000,2.183000
8,87,4,2.023200,1.603000,3.561000,1.534000,1.546000,1.872000
8,88,4,2.420400,2.221000,2.304000,3.138000,2.222000,2.217000
8,89,4,2.410200,4.402000,3.081000,1.445000,1.558000,1.565000
8,90,4,2.163200,4.082000,1.600000,1.875000,1.333000,1.926000
8,91,4,1.433800,1.672000,1.316000,1.556000,1.246000,1.379000
8,92,4,1.919800,2.814000,2.143000,1.567000,1.465000,1.610000
8,93,4,1.809200,2.257000,1.418000,1.800000,0.823000,2.748000
8,94,4,1.875600,1.521000,2.645000,2.831000,1.097000,1.284000
8,95,4,2.172200,1.904000,2.045000,1.938000,2.215000,2.759000
8,96,4,1.638200,2.025000,1.454000,1.286000,1.245000,2.181000
8,97,4,2.264800,1.535000,3.165000,3.886000,1.564000,1.174000
8,98,4,2.308800,2.101000,2.674000,1.651000,2.493000,2.625000
8,99,4,2.176400,1.170000,3.544000,2.012000,1.118000,3.038000
9,0,0,2.746800,2.479000,3.031000,2.227000,2.883000,3.114000
9,1,0,1.984400,2.794000,2.268000,1.319000,1.967000,1.574000
9,2,0,1.767000,2.360000,1.637000,1.030000,2.306000,1.502000
9,3,0,2.374200,3.038000,2.943000,2.086000,2.087000,1.717000
9,4,0,2.182400,2.342000,1.694000,2.842000,2.269000,1.765000
9,5,0,2.083000,1.959000,2.151000,3.165000,1.346000,1.794000
9,6,0,2.186600,2.132000,1.565000,1.951000,2.364000,2.921000
9,7,0,1.583000,1.544000,2.030000,1.089000,1.797000,1.455000
9,8,0,2.799600,2.388000,1.872000,1.119000,2.386000,6.233000
9,9,0,1.803200,1.575000,1.529000,2.520000,2.037000,1.355000
9,10,0,1.916000,1.951000,1.909000,2.406000,2.162000,1.152000
9,11,0,2.465200,2.583000,2.547000,1.815000,3.363000,2.018000
9,12,0,2.182200,1.473000,3.080000,2.898000,1.724000,1.736000
9,13,0,2.614800,3.298000,1.822000,1.811000,2.990000,3.153000
9,14,0,2.226800,2.070000,2.468000,2.125000,1.875000,2.596000
9,15,0,2.115200,1.623000,1.777000,2.061000,2.148000,2.967000
9,16,0,1.941000,2.325000,1.451000,2.363000,1.988000,1.578000
9,17,0,1.990000,2.477000,2.143000,2.278000,1.343000,1.709000
9,18,0,2.195600,1.973000,3.141000,1.834000,2.129000,1.901000
9,19,0,1.908200,2.388000,2.477000,1.955000,1.515000,1.206000
9,20,1,2.366400,2.093000,2.867000,1.657000,2.156000,3.059000
9,21,1,2.082800,2.136000,1.452000,2.415000,2.573000,1.838000
9,22,1,2.071200,1.978000,2.138000,1.779000,2.238000,2.223000
9,23,1,1.728600,2.025000,2.510000,1.414000,1.440000,1.254000
9,24,1,1.955800,1.835000,2.179000,2.540000,1.830000,1.395000
9,25,1,2.463200,1.903000,3.598000,1.516000,2.334000,2.965000
9,26,1,1.553400,2.141000,1.452000,1.574000,1.490000,1.110000
9,27,1,2.444600,1.705000,3.239000,2.129000,2.454000,2.696000
9,28,1,2.140400,2.377000,1.744000,2.063000,2.788000,1.730000
9,29,1,3.122400,1.823000,5.455000,2.256000,2.800000,3.278000
9,30,1,2.540000,2.037000,4.193000,1.994000,2.885000,1.591000
9,31,1,1.958800,2.253000,1.750000,1.647000,1.418000,2.726000
9,32,1,1.988400,1.947000,1.600000,1.807000,2.549000,2.039000
9,33,1,1.976200,2.174000,1.646000,2.652000,1.864000,1.545000
9,34,1,2.302800,2.307000,3.322000,1.391000,2.612000,1.882000
9,35,1,2.330000,2.445000,2.675000,2.394000,2.149000,1.987000
9,36,1,2.695600,2.293000,2.660000,2.610000,3.005000,2.910000
9,37,1,2.119600,2.038000,3.056000,1.143000,2.129000,2.232000
9,38,1,3.979200,2.808000,3.120000,5.469000,3.057000,5.442000
9,39,1,2.687400,2.049000,2.831000,3.327000,2.597000,2.633000
9,40,2,1.909200,1.591000,1.256000,3.203000,1.501000,1.995000
9,41,2,2.616400,2.728000,2.656000,1.478000,1.994000,4.226000
9,42,2,2.355200,1.642000,1.815000,2.002000,2.175000,4.142000
9,43,2,2.083400,2.064000,1.491000,1.527000,3.807000,1.528000
9,44,2,1.734800,1.871000,1.981000,1.806000,1.356000,1.660000
9,45,2,3.040000,2.181000,2.776000,5.272000,2.603000,2.368000
9,46,2,2.178200,2.049000,2.180000,1.684000,1.932000,3.046000
9,47,2,3.034000,2.390000,1.386000,4.754000,3.902000,2.738000
9,48,2,1.730800,2.033000,1.429000,1.407000,1.589000,2.196000
9,49,2,1.889800,2.587000,1.286000,1.117000,2.068000,2.391000
9,50,2,2.104800,1.983000,2.322000,2.225000,2.119000,1.875000
9,51,2,2.127400,2.178000,3.091000,2.124000,1.655000,1.589000
9,52,2,1.793400,2.197000,2.949000,1.129000,1.433000,1.259000
9,53,2,2.339000,2.261000,3.432000,1.998000,2.145000,1.859000
9,54,2,2.228200,2.106000,1.911000,2.984000,1.886000,2.254000
9,55,2,1.969600,2.309000,1.859000,1.593000,2.170000,1.917000
9,56,2,2.241200,2.234000,1.513000,2.375000,2.064000,3.020000
9,57,2,3.128600,2.888000,1.833000,3.161000,2.910000,4.851000
9,58,2,1.927800,1.734000,1.741000,1.517000,2.149000,2.498000
9,59,2,2.545600,2.153000,1.495000,4.815000,1.527000,2.738000
9,60,3,2.087600,2.129000,1.871000,2.045000,2.914000,1.479000
9,61,3,2.212800,2.092000,1.851000,1.945000,2.131000,3.045000
9,62,3,2.137000,2.209000,1.828000,3.134000,2.022000,1.492000
9,63,3,2.010800,2.347000,2.465000,2.081000,1.323000,1.838000
9,64,3,1.765400,2.211000,1.653000,2.053000,1.515000,1.395000
9,65,3,1.837200,1.977000,2.173000,1.080000,2.138000,1.818000
9,66,3,2.146400,1.821000,2.160000,2.857000,1.462000,2.432000
9,67,3,2.155400,2.100000,2.963000,1.450000,1.937000,2.327000
9,68,3,1.973000,2.422000,1.582000,2.771000,1.762000,1.328000
9,69,3,2.105000,2.385000,1.666000,2.916000,1.470000,2.088000
9,70,3,1.978600,2.087000,2.631000,2.042000,2.059000,1.074000
9,71,3,2.036200,1.957000,2.397000,1.758000,2.240000,1.829000
9,72,3,1.968600,2.261000,1.699000,1.336000,2.438000,2.109000
9,73,3,3.152000,3.220000,4.065000,3.030000,2.337000,3.108000
9,74,3,1.490400,2.163000,1.922000,1.092000,1.108000,1.167000
9,75,3,2.571600,1.969000,1.980000,2.910000,3.207000,2.792000
9,76,3,2.214400,2.814000,1.956000,2.400000,2.506000,1.396000
9,77,3,2.357600,1.966000,3.227000,1.589000,2.017000,2.989000
9,78,3,2.055200,1.904000,1.687000,1.568000,1.662000,3.455000
9,79,3,2.398000,2.491000,2.805000,2.448000,1.954000,2.292000
9,80,4,2.943200,3.822000,3.973000,1.614000,2.560000,2.747000
9,81,4,2.032000,2.069000,1.793000,1.788000,1.485000,3.025000
9,82,4,1.975600,1.848000,1.812000,2.261000,1.516000,2.441000
9,83,4,2.253000,2.500000,1.906000,1.885000,2.306000,2.668000
9,84,4,2.088200,2.751000,1.880000,1.539000,1.932000,2.339000
9,85,4,2.044600,2.255000,2.301000,1.787000,2.150000,1.730000
9,86,4,2.353400,1.906000,2.731000,1.811000,2.003000,3.316000
9,87,4,2.117800,2.706000,1.502000,2.198000,1.672000,2.511000
9,88,4,1.893600,1.982000,2.246000,1.220000,1.740000,2.280000
9,89,4,2.471600,2.624000,3.465000,1.552000,2.283000,2.434000
9,90,4,1.593200,2.178000,1.584000,1.495000,1.218000,1.491000
9,91,4,2.747000,2.117000,2.561000,3.883000,2.360000,2.814000
9,92,4,1.713200,2.097000,1.804000,0.994000,1.479000,2.192000
9,93,4,2.322800,2.796000,1.738000,1.624000,3.463000,1.993000
9,94,4,2.412000,2.522000,1.824000,2.770000,3.105000,1.839000
9,95,4,2.345600,3.112000,3.226000,1.587000,2.218000,1.585000
9,96,4,2.545000,2.077000,2.252000,2.425000,1.806000,4.165000
9,97,4,2.442200,2.405000,1.719000,1.938000,1.600000,4.549000
9,98,4,2.138800,1.887000,1.692000,1.616000,3.495000,2.004000
9,99,4,2.009400,2.099000,2.444000,1.229000,3.026000,1.249000
10,0,0,1.965200,1.523000,1.561000,2.412000,1.982000,2.348000
10,1,0,2.390600,1.894000,1.147000,2.479000,4.044000,2.389000
10,2,0,2.359000,2.424000,1.504000,2.454000,1.783000,3.630000
10,3,0,2.052800,1.938000,2.727000,2.817000,1.619000,1.163000
10,4,0,1.622800,1.968000,1.246000,2.229000,1.563000,1.108000
10,5,0,1.862400,2.605000,1.560000,2.339000,1.759000,1.049000
10,6,0,2.433800,2.300000,1.467000,1.905000,2.464000,4.033000
10,7,0,2.205400,1.558000,1.770000,2.350000,2.696000,2.653000
10,8,0,2.393000,2.184000,1.912000,3.024000,3.146000,1.699000
10,9,0,1.667000,1.857000,0.985000,2.039000,1.718000,1.736000
10,10,0,1.998600,1.335000,2.473000,2.195000,1.852000,2.138000
10,11,0,2.160000,2.291000,2.310000,2.637000,1.410000,2.152000
10,12,0,2.119000,2.587000,1.976000,1.728000,1.822000,2.482000
10,13,0,2.441200,2.121000,2.445000,3.210000,2.848000,1.582000
10,14,0,2.260600,2.200000,2.061000,2.856000,2.240000,1.946000
10,15,0,2.624400,1.812000,2.636000,2.762000,3.232000,2.680000
10,16,0,2.206600,2.464000,1.855000,2.146000,2.862000,1.706000
10,17,0,2.351800,1.514000,1.939000,2.352000,2.994000,2.960000
10,18,0,1.902800,2.213000,1.413000,2.129000,1.540000,2.219000
10,19,0,1.616400,1.575000,1.515000,1.646000,1.738000,1.608000
10,20,1,2.037600,1.264000,1.820000,3.587000,1.888000,1.629000
10,21,1,1.605000,1.791000,1.232000,2.102000,1.775000,1.125000
10,22,1,2.388800,1.419000,1.777000,3.329000,2.490000,2.929000
10,23,1,2.195600,2.421000,1.570000,2.148000,1.571000,3.268000
10,24,1,1.947400,1.456000,1.953000,1.725000,2.585000,2.018000
10,25,1,1.367400,1.741000,1.438000,1.155000,1.467000,1.036000
10,26,1,1.588400,1.370000,1.605000,1.254000,1.806000,1.907000
10,27,1,2.165400,1.932000,2.304000,2.240000,2.220000,2.131000
10,28,1,2.186800,2.761000,1.690000,3.353000,1.653000,1.477000
10,29,1,1.996200,1.050000,1.788000,3.496000,2.338000,1.309000
10,30,1,2.215000,1.939000,1.725000,4.848000,1.505000,1.058000
10,31,1,2.474600,2.356000,1.888000,2.527000,2.486000,3.116000
10,32,1,2.292000,2.371000,1.815000,2.942000,2.965000,1.367000
10,33,1,1.825800,1.974000,1.391000,2.740000,1.933000,1.091000
10,34,1,1.973800,2.186000,1.712000,2.410000,1.697000,1.864000
10,35,1,1.764600,2.197000,2.182000,1.078000,2.227000,1.139000
10,36,1,2.684800,2.848000,1.414000,2.978000,4.211000,1.973000
10,37,1,2.167000,2.569000,2.168000,3.517000,1.366000,1.215000
10,38,1,1.846800,2.146000,1.830000,2.154000,1.728000,1.376000
10,39,1,2.160800,2.861000,1.721000,1.950000,3.031000,1.241000
10,40,2,1.882200,2.761000,1.603000,2.620000,1.534000,0.893000
10,41,2,2.356800,1.494000,1.923000,3.573000,1.957000,2.837000
10,42,2,2.124000,1.924000,1.739000,2.455000,2.436000,2.066000
10,43,2,1.540400,1.354000,1.044000,2.681000,1.325000,1.298000
10,44,2,2.012400,1.418000,1.897000,2.630000,1.814000,2.303000
10,45,2,1.851000,1.781000,1.713000,2.601000,2.087000,1.073000
10,46,2,1.637400,1.764000,1.556000,2.588000,1.298000,0.981000
10,47,2,1.672400,1.894000,1.614000,2.405000,1.244000,1.205000
10,48,2,1.746200,1.586000,1.662000,1.877000,1.745000,1.861000
10,49,2,2.773600,1.926000,2.998000,3.285000,3.231000,2.428000
10,50,2,1.558400,1.416000,1.242000,1.656000,1.597000,1.881000
10,51,2,1.710800,1.797000,2.073000,1.938000,1.680000,1.066000
10,52,2,1.703000,2.015000,1.428000,2.513000,1.430000,1.129000
10,53,2,2.025400,1.374000,1.819000,2.967000,2.992000,0.975000
10,54,2,2.011600,2.301000,1.354000,2.684000,2.621000,1.098000
10,55,2,2.010000,1.755000,1.566000,2.754000,2.730000,1.245000
10,56,2,2.207400,2.597000,1.688000,3.125000,2.571000,1.056000
10,57,2,1.812800,2.366000,1.350000,2.769000,1.409000,1.170000
10,58,2,2.320400,2.569000,1.361000,4.196000,1.681000,1.795000
10,59,2,1.883800,1.653000,1.065000,2.602000,2.361000,1.738000
10,60,3,1.955800,1.501000,0.962000,2.520000,2.083000,2.713000
10,61,3,1.638800,0.976000,1.085000,2.863000,1.351000,1.919000
10,62,3,1.722800,2.553000,1.452000,2.077000,1.394000,1.138000
10,63,3,1.797800,1.185000,1.177000,1.992000,2.656000,1.979000
10,64,3,2.067600,1.248000,1.881000,3.009000,2.261000,1.939000
10,65,3,1.561400,1.666000,0.849000,1.523000,1.799000,1.970000
10,66,3,1.690800,1.060000,1.204000,3.049000,2.033000,1.108000
10,67,3,1.856400,2.205000,1.633000,2.348000,1.959000,1.137000
10,68,3,1.760600,1.354000,0.907000,3.497000,1.983000,1.062000
10,69,3,2.016800,1.019000,3.501000,2.596000,1.625000,1.343000
10,70,3,2.006600,1.367000,1.665000,4.334000,1.369000,1.298000
10,71,3,2.082000,2.456000,2.655000,1.933000,2.110000,1.256000
10,72,3,2.274200,1.499000,1.781000,3.339000,2.697000,2.055000
10,73,3,2.076600,2.177000,2.093000,1.307000,2.248000,2.558000
10,74,3,1.722400,1.091000,2.358000,2.581000,1.483000,1.099000
10,75,3,1.562200,1.188000,1.515000,2.398000,1.589000,1.121000
10,76,3,1.935000,1.254000,1.791000,2.635000,2.257000,1.738000
10,77,3,2.192800,1.920000,2.184000,2.250000,2.614000,1.996000
10,78,3,2.314600,1.886000,1.808000,3.177000,2.550000,2.152000
10,79,3,1.962000,1.436000,1.314000,2.509000,2.316000,2.235000
10,80,4,1.591000,1.407000,1.131000,1.852000,1.434000,2.131000
10,81,4,1.919200,1.746000,1.679000,1.961000,2.227000,1.983000
10,82,4,1.868000,2.019000,1.472000,2.713000,2.002000,1.134000
10,83,4,2.061000,2.068000,1.180000,2.109000,1.825000,3.123000
10,84,4,2.068400,2.296000,1.734000,2.718000,1.827000,1.767000
10,85,4,1.871000,1.724000,1.831000,2.479000,1.408000,1.913000
10,86,4,2.040800,1.971000,1.204000,2.048000,2.476000,2.505000
10,87,4,2.300400,3.186000,1.119000,2.928000,2.827000,1.442000
10,88,4,1.920400,2.131000,1.663000,2.460000,2.023000,1.325000
10,89,4,1.772600,1.591000,1.061000,1.838000,2.495000,1.878000
10,90,4,1.814600,1.966000,1.018000,1.665000,2.530000,1.894000
10,91,4,2.469400,2.283000,2.213000,2.710000,1.488000,3.653000
10,92,4,2.500400,1.981000,2.285000,3.116000,3.242000,1.878000
10,93,4,2.814800,1.860000,1.821000,2.324000,3.893000,4.176000
10,94,4,1.886800,1.899000,1.582000,2.783000,1.973000,1.197000
10,95,4,2.312800,1.616000,1.426000,3.302000,2.871000,2.349000
10,96,4,1.677800,1.666000,1.652000,2.053000,1.882000,1.136000
10,97,4,2.032400,2.318000,1.721000,2.331000,1.529000,2.263000
10,98,4,2.017200,1.708000,1.604000,3.188000,2.490000,1.096000
10,99,4,1.639800,2.298000,1.002000,2.192000,1.503000,1.204000
11,0,0,1.705800,1.519000,2.402000,1.244000,1.286000,2.078000
11,1,0,2.198000,3.561000,2.028000,2.937000,1.256000,1.208000
11,2,0,1.384200,1.061000,2.286000,1.239000,1.252000,1.083000
11,3,0,1.966400,2.853000,2.171000,1.231000,1.678000,1.899000
11,4,0,2.157200,1.310000,3.549000,2.651000,1.413000,1.863000
11,5,0,1.914400,1.609000,1.367000,2.952000,2.248000,1.396000
11,6,0,1.640800,1.534000,1.862000,1.390000,1.468000,1.950000
11,7,0,2.112200,2.668000,1.626000,1.596000,2.828000,1.843000
11,8,0,1.613200,1.208000,2.461000,1.547000,1.382000,1.468000
11,9,0,2.682400,2.194000,1.753000,1.807000,3.376000,4.282000
11,10,0,1.955000,1.763000,3.356000,1.556000,1.010000,2.090000
11,11,0,2.086800,2.442000,2.771000,1.435000,1.122000,2.664000
11,12,0,1.821400,1.653000,1.684000,2.577000,1.385000,1.808000
11,13,0,1.909400,3.099000,1.859000,2.182000,1.087000,1.320000
11,14,0,1.692600,1.976000,2.143000,1.430000,1.337000,1.577000
11,15,0,1.621600,1.234000,1.731000,1.632000,1.495000,2.016000
11,16,0,1.984400,1.670000,2.989000,1.594000,1.728000,1.941000
11,17,0,1.975600,1.322000,3.747000,1.576000,1.635000,1.598000
11,18,0,1.832800,1.692000,2.167000,2.093000,1.663000,1.549000
11,19,0,1.920000,2.771000,2.288000,1.444000,1.135000,1.962000
11,20,1,2.762400,2.716000,3.203000,3.768000,2.198000,1.927000
11,21,1,1.656400,1.201000,2.476000,1.324000,1.903000,1.378000
11,22,1,1.751400,1.593000,2.085000,1.173000,1.998000,1.908000
11,23,1,1.988000,2.807000,2.496000,1.986000,1.325000,1.326000
11,24,1,1.908400,1.214000,2.846000,3.297000,0.911000,1.274000
11,25,1,2.598200,5.302000,1.246000,2.513000,2.458000,1.472000
11,26,1,2.034000,1.562000,1.569000,3.063000,1.193000,2.783000
11,27,1,1.498600,1.193000,2.461000,1.221000,1.367000,1.251000
11,28,1,1.726400,1.404000,2.440000,1.784000,1.730000,1.274000
11,29,1,2.386800,2.379000,1.395000,3.060000,3.289000,1.811000
11,30,1,1.600600,1.694000,1.988000,1.583000,1.721000,1.017000
11,31,1,2.255800,1.775000,3.599000,1.581000,1.944000,2.380000
11,32,1,3.148400,5.045000,3.666000,2.669000,1.556000,2.806000
11,33,1,2.607600,3.541000,1.511000,3.942000,2.017000,2.027000
11,34,1,1.598000,1.028000,1.938000,2.306000,1.215000,1.503000
11,35,1,1.677800,2.021000,2.614000,1.326000,0.985000,1.443000
11,36,1,2.153800,3.243000,2.379000,1.574000,1.749000,1.824000
11,37,1,2.133800,3.110000,1.998000,1.902000,1.190000,2.469000
11,38,1,2.381200,4.225000,2.023000,1.677000,1.764000,2.217000
11,39,1,1.647000,2.378000,1.676000,1.095000,1.195000,1.891000
11,40,2,2.053600,1.778000,2.613000,1.880000,2.319000,1.678000
11,41,2,1.784000,1.995000,1.516000,1.347000,1.989000,2.073000
11,42,2,1.478600,2.526000,1.459000,1.414000,0.881000,1.113000
11,43,2,2.113200,3.451000,1.766000,1.482000,1.700000,2.167000
11,44,2,2.029400,1.976000,2.214000,1.887000,2.539000,1.531000
11,45,2,1.641800,1.943000,1.762000,1.530000,1.200000,1.774000
11,46,2,2.427400,3.345000,1.596000,2.440000,1.867000,2.889000
11,47,2,1.826600,2.251000,1.719000,1.355000,1.855000,1.953000
11,48,2,1.649600,2.809000,1.775000,1.070000,1.525000,1.069000
11,49,2,1.715400,2.171000,1.857000,1.209000,1.905000,1.435000
11,50,2,1.853800,2.675000,1.794000,1.457000,1.445000,1.898000
11,51,2,2.470600,1.734000,1.804000,3.080000,2.039000,3.696000
11,52,2,1.842800,1.349000,1.769000,2.092000,1.390000,2.614000
11,53,2,1.560200,1.751000,1.655000,1.238000,1.299000,1.858000
11,54,2,1.756800,1.682000,3.042000,1.175000,1.808000,1.077000
11,55,2,1.418200,1.750000,1.840000,1.418000,0.882000,1.201000
11,56,2,2.146200,2.769000,1.679000,2.315000,1.621000,2.347000
11,57,2,2.389000,3.018000,2.244000,1.523000,2.507000,2.653000
11,58,2,1.593200,2.498000,1.289000,1.845000,1.074000,1.260000
11,59,2,2.044200,2.990000,2.133000,1.899000,2.070000,1.129000
11,60,3,1.485200,1.711000,2.292000,1.146000,1.205000,1.072000
11,61,3,1.565200,2.141000,1.946000,1.285000,0.940000,1.514000
11,62,3,1.915400,1.896000,2.921000,1.558000,1.502000,1.700000
11,63,3,1.927800,2.173000,2.856000,1.523000,2.073000,1.014000
11,64,3,1.738200,1.931000,1.770000,1.565000,1.379000,2.046000
11,65,3,2.110800,2.617000,1.997000,1.272000,2.343000,2.325000
11,66,3,2.976000,3.542000,3.214000,3.235000,2.150000,2.739000
11,67,3,2.674400,2.770000,2.973000,3.197000,3.028000,1.404000
11,68,3,2.496200,2.556000,2.119000,2.747000,2.194000,2.865000
11,69,3,2.618200,1.956000,3.710000,1.743000,1.791000,3.891000
11,70,3,2.498200,1.958000,2.842000,2.016000,3.004000,2.671000
11,71,3,1.426800,2.349000,1.478000,1.229000,1.020000,1.058000
11,72,3,2.360200,1.796000,1.923000,3.614000,2.744000,1.724000
11,73,3,1.602000,2.305000,1.999000,1.384000,1.067000,1.255000
11,74,3,1.742600,1.696000,2.361000,1.517000,1.447000,1.692000
11,75,3,1.446800,1.764000,1.555000,1.221000,1.061000,1.633000
11,76,3,1.538200,1.755000,2.351000,1.128000,1.372000,1.085000
11,77,3,2.211000,1.907000,3.030000,2.476000,0.856000,2.786000
11,78,3,1.923200,2.923000,1.794000,1.178000,1.844000,1.877000
11,79,3,1.947000,1.421000,3.048000,2.008000,1.800000,1.458000
11,80,4,2.360200,1.379000,2.079000,2.485000,2.637000,3.221000
11,81,4,1.729200,1.724000,2.571000,1.589000,1.318000,1.444000
11,82,4,2.040600,2.441000,1.468000,1.745000,1.897000,2.652000
11,83,4,2.144600,2.999000,2.115000,1.618000,2.039000,1.952000
11,84,4,1.899600,2.477000,1.626000,1.529000,1.649000,2.217000
11,85,4,1.367000,1.674000,1.639000,1.119000,1.315000,1.088000
11,86,4,1.724600,2.905000,2.071000,1.148000,1.090000,1.409000
11,87,4,2.647000,2.985000,2.956000,1.439000,1.934000,3.921000
11,88,4,2.335000,2.350000,4.693000,2.263000,1.083000,1.286000
11,89,4,2.279600,1.767000,2.830000,2.744000,2.652000,1.405000
11,90,4,1.824200,1.670000,2.452000,1.772000,1.413000,1.814000
11,91,4,1.988400,3.019000,1.947000,1.464000,1.415000,2.097000
11,92,4,2.554200,2.649000,3.096000,2.527000,2.445000,2.054000
11,93,4,2.194800,3.053000,1.518000,2.316000,2.020000,2.067000
11,94,4,2.333600,2.997000,1.996000,1.865000,3.037000,1.773000
11,95,4,1.961000,2.685000,2.284000,2.246000,1.337000,1.253000
11,96,4,2.091000,2.389000,2.965000,2.089000,1.393000,1.619000
11,97,4,2.285000,2.687000,2.972000,2.889000,1.445000,1.432000
11,98,4,2.287200,2.345000,1.951000,1.364000,2.899000,2.877000
11,99,4,1.931200,2.347000,2.340000,1.863000,1.787000,1.319000
12,0,0,1.780800,2.048000,2.350000,1.636000,1.527000,1.343000
12,1,0,1.764400,2.253000,1.096000,1.689000,1.501000,2.283000
12,2,0,2.388200,2.999000,1.916000,2.628000,1.514000,2.884000
12,3,0,2.028000,1.779000,1.521000,2.265000,2.663000,1.912000
12,4,0,1.731000,1.959000,1.619000,1.463000,1.629000,1.985000
12,5,0,2.003200,2.028000,2.680000,1.635000,2.723000,0.950000
12,6,0,2.620000,2.699000,2.655000,3.192000,2.432000,2.122000
12,7,0,1.693800,1.792000,1.599000,1.805000,1.917000,1.356000
12,8,0,1.925400,1.973000,3.117000,1.192000,2.016000,1.329000
12,9,0,1.844600,2.444000,1.169000,1.405000,2.513000,1.692000
12,10,0,1.943200,2.206000,2.601000,1.314000,2.057000,1.538000
12,11,0,2.510000,2.858000,3.132000,1.858000,2.371000,2.331000
12,12,0,2.145800,2.940000,0.915000,2.708000,1.572000,2.594000
12,13,0,1.608000,1.127000,1.661000,1.819000,1.619000,1.814000
12,14,0,1.826400,2.109000,1.243000,1.216000,2.773000,1.791000
12,15,0,2.513800,2.304000,1.519000,1.902000,3.166000,3.678000
12,16,0,1.663400,1.722000,1.792000,1.355000,2.048000,1.400000
12,17,0,1.733000,2.029000,1.545000,1.531000,1.390000,2.170000
12,18,0,2.286400,2.859000,2.570000,1.934000,2.633000,1.436000
12,19,0,1.607600,1.909000,1.262000,1.157000,1.677000,2.033000
12,20,1,2.152000,2.648000,1.332000,1.793000,2.643000,2.344000
12,21,1,1.975600,2.200000,1.715000,1.862000,1.783000,2.318000
12,22,1,2.060800,1.586000,2.242000,2.059000,2.543000,1.874000
12,23,1,1.890600,2.117000,2.385000,1.549000,2.100000,1.302000
12,24,1,2.339600,3.465000,2.736000,2.340000,1.919000,1.238000
12,25,1,2.857800,2.133000,4.783000,1.492000,4.454000,1.427000
12,26,1,3.007800,2.037000,3.493000,3.508000,1.882000,4.119000
12,27,1,1.926800,2.739000,1.722000,1.583000,1.777000,1.813000
12,28,1,1.800600,2.674000,1.874000,1.369000,1.757000,1.329000
12,29,1,1.696000,1.150000,1.517000,1.382000,1.715000,2.716000
12,30,1,2.097800,1.222000,1.536000,2.725000,2.393000,2.613000
12,31,1,2.280200,2.538000,3.866000,1.458000,2.069000,1.470000
12,32,1,2.365400,2.237000,2.827000,2.105000,3.401000,1.257000
12,33,1,2.211400,2.968000,1.201000,1.716000,2.181000,2.991000
12,34,1,2.659200,3.684000,1.790000,1.894000,2.374000,3.554000
12,35,1,1.704600,1.961000,1.762000,1.716000,1.939000,1.145000
12,36,1,1.990200,1.855000,1.436000,2.077000,2.694000,1.889000
12,37,1,2.320200,1.253000,1.496000,2.156000,2.623000,4.073000
12,38,1,1.809600,2.154000,1.289000,2.050000,1.971000,1.584000
12,39,1,1.962200,2.394000,2.135000,1.209000,1.289000,2.784000
12,40,2,2.023600,2.561000,2.049000,1.434000,1.901000,2.173000
12,41,2,1.889400,1.026000,1.084000,2.210000,1.555000,3.572000
12,42,2,1.672200,2.262000,1.312000,1.548000,2.229000,1.010000
12,43,2,2.685200,3.205000,3.305000,2.054000,2.506000,2.356000
12,44,2,1.885600,1.719000,2.092000,2.607000,1.735000,1.275000
12,45,2,2.238800,3.160000,1.980000,2.101000,2.381000,1.572000
12,46,2,2.025600,2.690000,1.900000,1.557000,2.008000,1.973000
12,47,2,2.040800,1.799000,1.620000,1.569000,2.445000,2.771000
12,48,2,1.869800,2.142000,1.450000,1.310000,1.549000,2.898000
12,49,2,2.202400,2.786000,1.893000,2.887000,1.805000,1.641000
12,50,2,1.991600,2.111000,1.159000,1.717000,1.707000,3.264000
12,51,2,1.817600,2.960000,1.198000,1.802000,1.577000,1.551000
12,52,2,1.923000,2.747000,1.574000,1.431000,2.590000,1.273000
12,53,2,1.783400,2.074000,1.298000,1.929000,1.573000,2.043000
12,54,2,1.724000,1.867000,1.114000,1.447000,2.066000,2.126000
12,55,2,2.227400,2.241000,2.254000,1.799000,2.243000,2.600000
12,56,2,1.701000,2.113000,1.508000,1.678000,1.595000,1.611000
12,57,2,1.758800,2.089000,1.442000,1.438000,1.557000,2.268000
12,58,2,2.014600,3.235000,1.042000,1.400000,1.378000,3.018000
12,59,2,1.903400,1.197000,1.643000,1.415000,2.276000,2.986000
12,60,3,2.025600,1.999000,1.341000,3.166000,1.753000,1.869000
12,61,3,1.766600,2.816000,1.915000,1.475000,1.580000,1.047000
12,62,3,1.949200,2.522000,1.949000,2.064000,1.782000,1.429000
12,63,3,2.358400,3.712000,1.592000,1.557000,1.857000,3.074000
12,64,3,1.869200,2.876000,1.441000,1.195000,1.755000,2.079000
12,65,3,2.194600,2.330000,1.261000,2.977000,1.604000,2.801000
12,66,3,3.199800,4.250000,2.305000,1.940000,3.439000,4.065000
12,67,3,1.952800,2.325000,1.231000,2.309000,1.552000,2.347000
12,68,3,2.391800,2.037000,1.702000,2.814000,1.328000,4.078000
12,69,3,2.225400,3.128000,1.897000,2.216000,1.567000,2.319000
12,70,3,1.957000,2.801000,1.166000,1.304000,2.149000,2.365000
12,71,3,1.717600,2.130000,1.299000,1.842000,1.456000,1.861000
12,72,3,1.764000,2.101000,1.590000,1.738000,1.560000,1.831000
12,73,3,1.902000,1.669000,2.386000,1.680000,1.700000,2.075000
12,74,3,2.523400,3.074000,3.414000,2.732000,2.375000,1.022000
12,75,3,1.994800,2.091000,2.246000,1.024000,2.484000,2.129000
12,76,3,1.749000,1.625000,1.171000,3.170000,1.529000,1.250000
12,77,3,1.896600,2.351000,1.105000,1.845000,2.360000,1.822000
12,78,3,2.487400,1.442000,2.174000,3.284000,2.091000,3.446000
12,79,3,2.206400,1.166000,1.445000,2.320000,1.769000,4.332000
12,80,4,2.371800,3.319000,2.488000,1.788000,2.581000,1.683000
12,81,4,2.209600,2.437000,1.687000,2.031000,1.950000,2.943000
12,82,4,2.282000,3.787000,1.341000,2.315000,1.972000,1.995000
12,83,4,2.154000,1.637000,2.557000,1.543000,2.075000,2.958000
12,84,4,2.004800,1.485000,2.031000,1.663000,2.799000,2.046000
12,85,4,2.192200,2.493000,1.416000,2.441000,1.907000,2.704000
12,86,4,2.236600,3.010000,2.013000,2.572000,1.747000,1.841000
12,87,4,1.241400,0.922000,1.013000,1.310000,1.596000,1.366000
12,88,4,1.893200,2.915000,2.349000,1.240000,1.660000,1.302000
12,89,4,2.778400,2.411000,2.303000,2.385000,4.126000,2.667000
12,90,4,2.313600,3.868000,1.467000,2.210000,2.138000,1.885000
12,91,4,2.190800,1.107000,3.243000,2.954000,1.769000,1.881000
12,92,4,2.793400,3.696000,2.797000,4.045000,1.893000,1.536000
12,93,4,2.664600,3.606000,1.961000,3.004000,1.629000,3.123000
12,94,4,2.712800,3.844000,1.881000,2.512000,1.951000,3.376000
12,95,4,2.729600,2.468000,4.109000,2.568000,1.874000,2.629000
12,96,4,2.616200,3.489000,1.176000,2.681000,3.063000,2.672000
12,97,4,1.868400,2.078000,1.680000,1.644000,1.666000,2.274000
12,98,4,1.878800,2.057000,1.602000,1.413000,1.644000,2.678000
12,99,4,2.388000,2.024000,2.667000,1.917000,2.113000,3.219000
13,0,0,1.871600,1.644000,1.795000,1.908000,1.706000,2.305000
13,1,0,2.074800,2.253000,1.735000,2.191000,1.700000,2.495000
13,2,0,1.806600,1.165000,1.543000,2.260000,1.716000,2.349000
13,3,0,2.222800,2.146000,2.434000,3.140000,1.306000,2.088000
13,4,0,1.771200,1.721000,2.263000,2.316000,0.942000,1.614000
13,5,0,1.856400,1.589000,1.732000,2.150000,2.070000,1.741000
13,6,0,1.610800,1.288000,1.668000,1.962000,1.581000,1.555000
13,7,0,2.128400,1.345000,1.707000,2.031000,1.203000,4.356000
13,8,0,2.479400,2.174000,1.723000,3.760000,1.886000,2.854000
13,9,0,1.783200,1.689000,1.685000,1.775000,1.551000,2.216000
13,10,0,2.138200,1.496000,2.013000,2.481000,2.174000,2.527000
13,11,0,1.828600,1.616000,1.869000,1.669000,1.037000,2.952000
13,12,0,2.315800,2.794000,2.440000,2.384000,1.381000,2.580000
13,13,0,1.512600,1.085000,2.308000,1.158000,0.992000,2.020000
13,14,0,2.403000,1.526000,1.715000,3.753000,1.903000,3.118000
13,15,0,1.945800,2.038000,1.872000,2.133000,1.012000,2.674000
13,16,0,1.874000,1.502000,1.940000,2.041000,1.683000,2.204000
13,17,0,1.815800,1.660000,2.433000,1.555000,1.698000,1.733000
13,18,0,2.019400,1.323000,1.896000,2.203000,1.130000,3.545000
13,19,0,2.069000,1.724000,1.587000,2.127000,2.662000,2.245000
13,20,1,2.196800,1.630000,1.741000,1.571000,3.590000,2.452000
13,21,1,1.546400,0.997000,1.358000,1.952000,1.623000,1.802000
13,22,1,1.900000,1.589000,2.114000,2.988000,0.841000,1.968000
13,23,1,1.751600,1.224000,1.947000,2.462000,1.352000,1.773000
13,24,1,1.777000,1.560000,1.752000,1.465000,1.568000,2.540000
13,25,1,1.825800,1.107000,2.639000,2.192000,1.246000,1.945000
13,26,1,2.046000,1.232000,2.442000,3.997000,1.120000,1.439000
13,27,1,2.021400,1.290000,2.172000,2.072000,2.008000,2.565000
13,28,1,1.676600,1.436000,1.893000,1.819000,1.906000,1.329000
13,29,1,1.781000,1.243000,1.824000,2.408000,1.761000,1.669000
13,30,1,1.839200,1.968000,2.020000,2.537000,1.235000,1.436000
13,31,1,1.777000,1.027000,1.790000,1.557000,1.947000,2.564000
13,32,1,1.802200,1.855000,1.957000,1.035000,1.650000,2.514000
13,33,1,1.587000,1.248000,1.787000,2.428000,1.238000,1.234000
13,34,1,2.304600,2.215000,2.881000,2.029000,1.058000,3.340000
13,35,1,2.042200,1.340000,1.808000,2.380000,1.801000,2.882000
13,36,1,2.336800,1.711000,2.232000,2.294000,1.544000,3.903000
13,37,1,1.577200,1.327000,1.398000,2.176000,1.726000,1.259000
13,38,1,2.197200,1.695000,2.819000,1.977000,1.397000,3.098000
13,39,1,1.714800,1.721000,1.961000,1.547000,1.629000,1.716000
13,40,2,1.965200,2.315000,2.078000,2.631000,1.515000,1.287000
13,41,2,1.664000,1.354000,1.707000,1.639000,1.532000,2.088000
13,42,2,1.918200,1.728000,1.721000,2.412000,1.127000,2.603000
13,43,2,2.124000,1.661000,1.911000,2.428000,1.904000,2.716000
13,44,2,1.900200,2.204000,2.322000,1.823000,1.326000,1.826000
13,45,2,1.618000,1.601000,1.897000,1.954000,0.959000,1.679000
13,46,2,1.798800,1.732000,2.236000,1.704000,1.465000,1.857000
13,47,2,1.990800,2.014000,1.492000,1.414000,2.525000,2.509000
13,48,2,1.904200,1.611000,1.878000,1.254000,1.440000,3.338000
13,49,2,1.662200,1.571000,1.931000,1.535000,1.464000,1.810000
13,50,2,1.914800,1.660000,1.847000,2.713000,0.952000,2.402000
13,51,2,1.820200,1.173000,1.781000,2.452000,1.073000,2.622000
13,52,2,1.674000,1.461000,1.962000,1.658000,1.382000,1.907000
13,53,2,1.989800,1.498000,1.591000,2.515000,1.779000,2.566000
13,54,2,1.931200,1.428000,2.035000,2.534000,1.295000,2.364000
13,55,2,2.321800,2.352000,2.345000,3.015000,1.253000,2.644000
13,56,2,2.120800,1.084000,2.875000,2.186000,1.957000,2.502000
13,57,2,1.656800,1.781000,1.718000,1.455000,1.694000,1.636000
13,58,2,2.023600,2.336000,1.984000,2.176000,1.579000,2.043000
13,59,2,1.755000,1.339000,3.084000,1.163000,1.116000,2.073000
13,60,3,1.985000,2.340000,1.686000,2.022000,0.957000,2.920000
13,61,3,2.387200,2.852000,2.678000,1.922000,1.466000,3.018000
13,62,3,1.644600,1.509000,1.964000,1.605000,1.710000,1.435000
13,63,3,2.152800,1.426000,1.538000,2.460000,1.644000,3.696000
13,64,3,1.471400,1.200000,1.732000,2.278000,0.992000,1.155000
13,65,3,1.496200,1.405000,2.142000,1.568000,1.234000,1.132000
13,66,3,1.589600,1.516000,1.565000,1.987000,1.724000,1.156000
13,67,3,1.923600,1.511000,2.324000,2.766000,1.185000,1.832000
13,68,3,1.946800,2.823000,1.835000,2.134000,1.073000,1.869000
13,69,3,1.290400,1.173000,1.564000,1.451000,0.823000,1.441000
13,70,3,1.505800,2.512000,1.726000,1.150000,1.095000,1.046000
13,71,3,1.474600,1.281000,2.277000,1.488000,1.230000,1.097000
13,72,3,1.747800,1.276000,2.104000,3.022000,1.119000,1.218000
13,73,3,1.913600,1.564000,2.064000,2.857000,1.101000,1.982000
13,74,3,2.427600,1.510000,2.505000,3.923000,1.641000,2.559000
13,75,3,2.682400,4.509000,2.107000,2.237000,1.142000,3.417000
13,76,3,2.198000,1.146000,4.047000,2.503000,1.157000,2.137000
13,77,3,1.768400,1.416000,1.698000,1.567000,2.303000,1.858000
13,78,3,2.623400,1.505000,3.516000,3.547000,1.292000,3.257000
13,79,3,1.497600,1.216000,1.889000,1.305000,1.141000,1.937000
13,80,4,1.768200,1.545000,2.341000,1.978000,1.257000,1.720000
13,81,4,1.422000,1.207000,1.774000,1.209000,1.094000,1.826000
13,82,4,1.673600,1.183000,2.026000,1.697000,1.414000,2.048000
13,83,4,1.779200,1.480000,2.436000,0.966000,2.093000,1.921000
13,84,4,1.597000,1.493000,2.111000,0.874000,1.680000,1.827000
13,85,4,1.624600,1.538000,2.521000,1.571000,1.127000,1.366000
13,86,4,1.978000,1.967000,1.569000,2.510000,2.126000,1.718000
13,87,4,1.643600,1.311000,2.051000,1.031000,1.182000,2.643000
13,88,4,1.567800,1.527000,1.362000,1.095000,1.504000,2.351000
13,89,4,2.072600,1.435000,1.965000,2.240000,1.372000,3.351000
13,90,4,1.784000,1.306000,1.931000,2.124000,1.932000,1.627000
13,91,4,1.642200,1.374000,1.540000,2.021000,1.204000,2.072000
13,92,4,1.768000,1.303000,2.097000,1.857000,1.658000,1.925000
13,93,4,2.226000,1.956000,2.222000,3.514000,1.898000,1.540000
13,94,4,2.160800,1.445000,3.040000,2.040000,1.556000,2.723000
13,95,4,1.633600,1.574000,2.238000,0.983000,1.434000,1.939000
13,96,4,1.864000,1.274000,1.584000,2.197000,2.111000,2.154000
13,97,4,1.394200,1.452000,1.652000,1.384000,1.312000,1.171000
13,98,4,2.706800,2.374000,1.658000,2.200000,4.077000,3.225000
13,99,4,2.043200,1.585000,2.320000,2.827000,1.453000,2.031000
14,0,0,1.946400,2.288000,1.913000,0.919000,3.022000,1.590000
14,1,0,1.787800,1.967000,1.838000,1.184000,2.308000,1.642000
14,2,0,2.050800,1.955000,1.316000,1.433000,3.199000,2.351000
14,3,0,2.266200,3.190000,1.633000,1.148000,2.953000,2.407000
14,4,0,1.845600,1.447000,1.436000,1.726000,2.558000,2.061000
14,5,0,2.125600,2.574000,1.491000,1.274000,1.973000,3.316000
14,6,0,1.986600,2.792000,1.349000,1.962000,1.958000,1.872000
14,7,0,2.192600,3.140000,2.018000,1.403000,2.366000,2.036000
14,8,0,2.993200,3.477000,2.173000,3.368000,4.292000,1.656000
14,9,0,1.927800,1.856000,1.777000,1.304000,1.705000,2.997000
14,10,0,2.585000,2.956000,1.690000,3.311000,1.953000,3.015000
14,11,0,1.932200,1.634000,1.108000,1.757000,2.837000,2.325000
14,12,0,1.866600,2.434000,1.887000,1.179000,2.466000,1.367000
14,13,0,2.419800,1.599000,2.033000,3.010000,3.342000,2.115000
14,14,0,2.045600,2.202000,1.941000,2.393000,1.831000,1.861000
14,15,0,1.908800,2.102000,1.631000,1.199000,2.351000,2.261000
14,16,0,1.936000,1.538000,1.154000,3.173000,1.792000,2.023000
14,17,0,2.157600,3.228000,1.879000,2.031000,1.961000,1.689000
14,18,0,2.450400,2.938000,1.848000,1.011000,2.381000,4.074000
14,19,0,2.394600,4.122000,1.577000,2.075000,2.074000,2.125000
14,20,1,2.320000,2.622000,2.022000,1.683000,2.778000,2.495000
14,21,1,1.610800,1.284000,1.405000,1.651000,1.869000,1.845000
14,22,1,2.601000,2.558000,2.081000,1.894000,4.188000,2.284000
14,23,1,1.794400,1.410000,1.845000,1.121000,2.260000,2.336000
14,24,1,1.696200,1.916000,1.652000,1.501000,1.001000,2.411000
14,25,1,2.159800,4.723000,1.654000,1.155000,1.727000,1.540000
14,26,1,2.122000,2.145000,2.011000,1.514000,1.617000,3.323000
14,27,1,2.509200,3.352000,1.411000,1.698000,1.548000,4.537000
14,28,1,1.989000,3.314000,1.308000,1.942000,2.246000,1.135000
14,29,1,1.791400,1.912000,1.594000,1.624000,1.975000,1.852000
14,30,1,1.755000,1.997000,1.778000,2.305000,1.193000,1.502000
14,31,1,1.831000,2.365000,1.713000,1.430000,1.877000,1.770000
14,32,1,1.787800,2.757000,1.524000,1.294000,1.795000,1.569000
14,33,1,1.892000,2.279000,1.895000,1.684000,1.855000,1.747000
14,34,1,2.098200,1.904000,1.612000,2.249000,3.602000,1.124000
14,35,1,1.881600,2.900000,1.376000,1.489000,1.741000,1.902000
14,36,1,1.762600,1.459000,1.570000,1.547000,2.001000,2.236000
14,37,1,1.766200,2.040000,1.494000,1.207000,2.451000,1.639000
14,38,1,2.359400,2.912000,1.471000,1.615000,1.629000,4.170000
14,39,1,2.929600,3.619000,3.532000,1.765000,2.466000,3.266000
14,40,2,1.834200,2.004000,1.846000,1.358000,2.103000,1.860000
14,41,2,1.689800,1.764000,1.452000,1.342000,2.353000,1.538000
14,42,2,2.158200,3.343000,1.571000,1.149000,3.051000,1.677000
14,43,2,1.975600,2.003000,1.302000,1.647000,3.188000,1.738000
14,44,2,2.057400,2.861000,1.857000,1.201000,2.172000,2.196000
14,45,2,1.520000,1.333000,1.260000,1.382000,1.751000,1.874000
14,46,2,2.144600,2.185000,1.616000,2.267000,2.304000,2.351000
14,47,2,1.554800,1.580000,1.635000,1.175000,1.756000,1.628000
14,48,2,1.630800,1.481000,1.887000,1.102000,2.117000,1.567000
14,49,2,1.834800,2.642000,1.401000,1.061000,1.429000,2.641000
14,50,2,1.840600,2.107000,1.707000,1.708000,2.190000,1.491000
14,51,2,2.607800,2.809000,4.865000,1.254000,2.361000,1.750000
14,52,2,2.270800,2.128000,1.659000,2.505000,2.450000,2.612000
14,53,2,2.167600,1.720000,1.621000,1.175000,4.048000,2.274000
14,54,2,1.474200,1.454000,1.504000,1.088000,1.362000,1.963000
14,55,2,2.362400,1.903000,2.300000,2.022000,2.980000,2.607000
14,56,2,1.905200,1.542000,1.573000,2.715000,2.191000,1.505000
14,57,2,1.980400,1.609000,1.782000,2.424000,2.227000,1.860000
14,58,2,1.845400,1.934000,1.390000,1.521000,2.347000,2.035000
14,59,2,1.606000,1.413000,1.611000,1.207000,2.295000,1.504000
14,60,3,1.448400,1.273000,1.343000,1.351000,1.815000,1.460000
14,61,3,2.247800,1.736000,3.267000,2.314000,1.918000,2.004000
14,62,3,2.015200,2.778000,1.537000,1.150000,3.120000,1.491000
14,63,3,2.795600,2.423000,1.942000,2.135000,4.443000,3.035000
14,64,3,2.099600,1.957000,1.629000,1.112000,2.436000,3.364000
14,65,3,1.489800,1.482000,1.316000,1.405000,2.278000,0.968000
14,66,3,1.672000,1.475000,1.499000,1.492000,2.059000,1.835000
14,67,3,2.061200,1.248000,0.968000,1.948000,3.477000,2.665000
14,68,3,2.495800,3.550000,1.705000,1.580000,1.932000,3.712000
14,69,3,2.065400,1.451000,1.643000,1.124000,3.845000,2.264000
14,70,3,1.876000,2.214000,1.471000,1.166000,2.310000,2.219000
14,71,3,2.310200,1.670000,1.666000,1.813000,2.821000,3.581000
14,72,3,1.734400,1.662000,1.115000,1.094000,3.056000,1.745000
14,73,3,2.069000,1.881000,2.750000,1.131000,2.690000,1.893000
14,74,3,2.729400,4.684000,1.984000,2.261000,2.597000,2.121000
14,75,3,2.556800,3.557000,1.710000,2.602000,3.479000,1.436000
14,76,3,2.282000,1.580000,2.768000,1.866000,3.315000,1.881000
14,77,3,3.565800,3.204000,4.386000,2.353000,5.481000,2.405000
14,78,3,2.577400,2.032000,4.343000,1.111000,2.384000,3.017000
14,79,3,2.157400,1.513000,2.034000,1.635000,2.730000,2.875000
14,80,4,1.944800,1.762000,2.087000,1.357000,2.209000,2.309000
14,81,4,2.262800,2.036000,3.299000,1.550000,2.496000,1.933000
14,82,4,2.216600,3.429000,1.871000,1.553000,1.957000,2.273000
14,83,4,2.146600,2.357000,1.663000,1.670000,3.176000,1.867000
14,84,4,1.612600,1.700000,1.440000,0.972000,1.689000,2.262000
14,85,4,1.915200,1.855000,1.724000,1.352000,2.111000,2.534000
14,86,4,1.913800,2.252000,2.166000,1.888000,2.202000,1.061000
14,87,4,1.862800,1.837000,1.998000,1.886000,1.352000,2.241000
14,88,4,2.010800,1.999000,1.707000,2.204000,2.707000,1.437000
14,89,4,2.540600,5.249000,1.587000,1.089000,2.919000,1.859000
14,90,4,1.788200,2.038000,2.082000,1.647000,1.758000,1.416000
14,91,4,1.912000,1.369000,1.199000,2.033000,3.538000,1.421000
14,92,4,2.422000,1.706000,2.197000,1.752000,3.896000,2.559000
14,93,4,1.704000,1.787000,1.498000,1.519000,1.337000,2.379000
14,94,4,2.170600,2.224000,1.524000,1.956000,3.392000,1.757000
14,95,4,2.293800,2.836000,1.850000,1.725000,2.187000,2.871000
14,96,4,1.666400,1.654000,1.264000,1.516000,0.964000,2.934000
14,97,4,1.736000,1.442000,1.516000,1.512000,2.194000,2.016000
14,98,4,2.014600,1.593000,2.304000,2.047000,1.271000,2.858000
14,99,4,2.486600,2.317000,2.002000,2.113000,3.572000,2.429000
15,0,0,1.673800,2.015000,1.919000,1.227000,1.560000,1.648000
15,1,0,1.772400,2.098000,2.259000,1.510000,0.986000,2.009000
15,2,0,1.662800,1.532000,1.428000,1.200000,1.469000,2.685000
15,3,0,1.963000,2.124000,2.280000,2.310000,1.350000,1.751000
15,4,0,2.108200,2.097000,2.331000,3.427000,1.063000,1.623000
15,5,0,1.847000,1.861000,1.883000,1.803000,2.074000,1.614000
15,6,0,2.026800,2.020000,2.090000,2.356000,1.771000,1.897000
15,7,0,1.836400,1.853000,2.777000,1.327000,0.953000,2.272000
15,8,0,1.798600,1.743000,3.016000,1.186000,1.396000,1.652000
15,9,0,1.633600,1.215000,2.239000,1.373000,1.172000,2.169000
15,10,0,1.745400,1.527000,2.504000,1.731000,1.158000,1.807000
15,11,0,1.572600,1.131000,2.339000,1.005000,1.112000,2.276000
15,12,0,1.564800,1.738000,1.569000,1.461000,1.381000,1.675000
15,13,0,2.120600,2.030000,1.447000,2.054000,0.872000,4.200000
15,14,0,1.880800,2.863000,2.177000,1.317000,1.107000,1.940000
15,15,0,1.680200,1.351000,2.960000,1.559000,1.060000,1.471000
15,16,0,1.811800,1.066000,1.399000,3.623000,1.497000,1.474000
15,17,0,1.693400,1.325000,2.603000,1.169000,1.470000,1.900000
15,18,0,1.733200,2.756000,1.423000,1.284000,1.331000,1.872000
15,19,0,1.923000,2.210000,2.998000,1.380000,1.463000,1.564000
15,20,1,1.716800,2.117000,1.604000,1.264000,1.689000,1.910000
15,21,1,1.800200,1.229000,2.163000,1.461000,1.353000,2.795000
15,22,1,2.445200,2.054000,2.749000,1.485000,2.881000,3.057000
15,23,1,2.490000,1.643000,2.637000,2.656000,2.396000,3.118000
15,24,1,2.176000,1.470000,3.296000,1.832000,1.726000,2.556000
15,25,1,2.235600,1.921000,3.229000,2.843000,1.318000,1.867000
15,26,1,2.115000,2.330000,3.008000,1.679000,1.583000,1.975000
15,27,1,2.238200,1.734000,2.284000,3.304000,2.429000,1.440000
15,28,1,1.689800,1.358000,2.096000,1.783000,1.374000,1.838000
15,29,1,2.256000,2.058000,1.358000,3.041000,1.559000,3.264000
15,30,1,1.697600,2.079000,1.717000,1.357000,1.402000,1.933000
15,31,1,2.330200,1.806000,2.244000,3.032000,2.370000,2.199000
15,32,1,2.480400,1.751000,4.435000,1.747000,1.758000,2.711000
15,33,1,1.768600,1.275000,2.104000,1.995000,1.150000,2.319000
15,34,1,2.396200,2.413000,3.507000,1.903000,1.382000,2.776000
15,35,1,1.930200,1.691000,2.339000,2.257000,1.294000,2.070000
15,36,1,2.102000,1.551000,2.504000,2.152000,1.377000,2.926000
15,37,1,1.540600,1.315000,2.278000,1.058000,1.188000,1.864000
15,38,1,1.786200,1.478000,1.678000,2.518000,1.335000,1.922000
15,39,1,1.802800,2.246000,1.382000,1.758000,2.166000,1.462000
15,40,2,2.793400,1.122000,4.146000,2.865000,1.820000,4.014000
15,41,2,2.565600,2.257000,3.411000,3.126000,1.843000,2.191000
15,42,2,2.406200,1.886000,3.568000,2.617000,1.910000,2.050000
15,43,2,2.007200,2.288000,2.187000,1.921000,1.027000,2.613000
15,44,2,2.213000,2.675000,1.914000,3.221000,1.128000,2.127000
15,45,2,2.013800,1.992000,1.595000,3.318000,1.127000,2.037000
15,46,2,2.054200,2.524000,1.877000,1.093000,2.332000,2.445000
15,47,2,2.431600,2.366000,2.436000,3.188000,1.413000,2.755000
15,48,2,1.921600,1.712000,2.164000,1.423000,1.208000,3.101000
15,49,2,2.283800,2.141000,3.655000,2.240000,1.473000,1.910000
15,50,2,1.833600,1.631000,1.741000,1.943000,2.351000,1.502000
15,51,2,2.424800,2.590000,1.612000,1.684000,3.178000,3.060000
15,52,2,1.697000,1.420000,2.738000,1.032000,1.078000,2.217000
15,53,2,1.878400,1.923000,2.370000,2.072000,1.096000,1.931000
15,54,2,1.737000,1.653000,1.602000,1.276000,1.147000,3.007000
15,55,2,2.660000,3.877000,2.139000,1.799000,1.436000,4.049000
15,56,2,1.344600,1.048000,1.417000,1.489000,1.094000,1.675000
15,57,2,2.147200,1.368000,3.700000,1.845000,1.340000,2.483000
15,58,2,2.416200,2.933000,1.812000,3.322000,1.499000,2.515000
15,59,2,2.161200,1.562000,2.037000,2.172000,1.352000,3.683000
15,60,3,1.795600,2.121000,2.372000,1.888000,1.140000,1.457000
15,61,3,2.639600,1.620000,3.769000,3.039000,1.687000,3.083000
15,62,3,1.560600,2.132000,1.294000,1.189000,1.791000,1.397000
15,63,3,1.521200,1.875000,2.110000,1.239000,1.018000,1.364000
15,64,3,1.999800,3.217000,1.337000,1.611000,1.054000,2.780000
15,65,3,1.812200,1.078000,1.867000,0.835000,2.631000,2.650000
15,66,3,1.636800,1.044000,1.502000,0.929000,1.553000,3.156000
15,67,3,2.136800,2.538000,1.427000,2.417000,1.539000,2.763000
15,68,3,1.833200,1.672000,2.522000,1.449000,1.982000,1.541000
15,69,3,1.614600,1.517000,1.319000,1.644000,1.829000,1.764000
15,70,3,1.931800,2.549000,1.210000,1.121000,1.069000,3.710000
15,71,3,2.347800,1.824000,1.960000,2.088000,3.330000,2.537000
15,72,3,1.791200,2.148000,2.588000,1.742000,0.796000,1.682000
15,73,3,1.904600,1.998000,1.898000,1.550000,1.490000,2.587000
15,74,3,2.067600,1.700000,3.115000,2.393000,0.996000,2.134000
15,75,3,1.795000,2.152000,1.865000,1.419000,1.442000,2.097000
15,76,3,1.978000,0.860000,1.628000,2.033000,2.520000,2.849000
15,77,3,1.578400,1.227000,1.236000,1.627000,1.952000,1.850000
15,78,3,1.662400,1.957000,1.889000,1.359000,1.055000,2.052000
15,79,3,2.668600,1.974000,1.135000,3.323000,3.649000,3.262000
15,80,4,2.926400,3.086000,3.145000,1.469000,3.059000,3.873000
15,81,4,2.672200,2.255000,3.105000,3.010000,2.654000,2.337000
15,82,4,2.986000,3.603000,3.670000,1.124000,2.578000,3.955000
15,83,4,1.985800,1.676000,1.992000,2.953000,1.849000,1.459000
15,84,4,2.520400,2.240000,3.121000,2.107000,2.736000,2.398000
15,85,4,2.397600,1.807000,2.893000,2.910000,1.436000,2.942000
15,86,4,2.432600,3.631000,3.426000,1.690000,1.832000,1.584000
15,87,4,2.084200,1.878000,1.936000,1.693000,3.005000,1.909000
15,88,4,2.437400,1.944000,2.373000,1.557000,2.887000,3.426000
15,89,4,2.109800,2.072000,2.498000,1.196000,1.659000,3.124000
15,90,4,3.085200,3.543000,3.961000,3.509000,3.114000,1.299000
15,91,4,2.152200,0.808000,2.884000,2.544000,2.812000,1.713000
15,92,4,2.125200,1.778000,2.000000,1.854000,2.621000,2.373000
15,93,4,2.237200,1.535000,2.394000,3.044000,1.863000,2.350000
15,94,4,1.824600,1.682000,2.270000,1.681000,1.151000,2.339000
15,95,4,1.953000,1.572000,3.259000,2.055000,1.016000,1.863000
15,96,4,2.961800,3.757000,2.166000,2.204000,3.191000,3.491000
15,97,4,2.020800,1.472000,2.102000,2.716000,2.405000,1.409000
15,98,4,1.706600,1.652000,2.424000,1.324000,0.946000,2.187000
15,99,4,1.939800,2.531000,2.036000,1.077000,1.178000,2.877000
16,0,0,1.762400,1.526000,1.288000,1.893000,1.983000,2.122000
16,1,0,1.911800,1.289000,1.062000,2.159000,2.739000,2.310000
16,2,0,1.447000,1.191000,1.185000,1.838000,1.660000,1.361000
16,3,0,1.604600,1.345000,1.298000,1.764000,1.239000,2.377000
16,4,0,1.754800,1.204000,2.308000,1.639000,1.890000,1.733000
16,5,0,1.852400,1.929000,1.530000,1.334000,2.355000,2.114000
16,6,0,2.003800,1.231000,1.478000,2.170000,2.655000,2.485000
16,7,0,1.690800,1.377000,1.218000,1.968000,2.459000,1.432000
16,8,0,2.100800,1.388000,1.261000,2.171000,2.919000,2.765000
16,9,0,1.650600,1.746000,0.979000,1.843000,2.410000,1.275000
16,10,0,1.996400,1.101000,1.955000,2.415000,2.395000,2.116000
16,11,0,1.739200,1.333000,1.213000,1.689000,2.294000,2.167000
16,12,0,1.608000,1.240000,1.130000,1.824000,2.576000,1.270000
16,13,0,2.126600,1.335000,1.724000,2.575000,1.782000,3.217000
16,14,0,1.624600,1.429000,1.218000,1.678000,2.415000,1.383000
16,15,0,1.742800,1.153000,1.649000,1.812000,2.232000,1.868000
16,16,0,1.866800,1.418000,1.265000,2.888000,2.048000,1.715000
16,17,0,1.771600,1.409000,1.722000,2.704000,1.735000,1.288000
16,18,0,2.096800,1.867000,1.563000,2.672000,2.662000,1.720000
16,19,0,1.648200,1.154000,1.286000,2.109000,2.152000,1.540000
16,20,1,1.640400,1.137000,1.321000,1.969000,2.118000,1.657000
16,21,1,1.898600,1.931000,1.508000,2.378000,2.344000,1.332000
16,22,1,2.253600,1.396000,1.416000,3.690000,2.736000,2.030000
16,23,1,2.371800,1.596000,1.463000,3.200000,3.267000,2.333000
16,24,1,2.693400,1.721000,1.860000,3.142000,3.469000,3.275000
16,25,1,2.050800,1.205000,1.742000,3.143000,2.114000,2.050000
16,26,1,1.532600,1.375000,1.893000,1.737000,1.488000,1.170000
16,27,1,1.998000,1.592000,1.875000,2.512000,2.197000,1.814000
16,28,1,1.584600,1.571000,1.147000,1.588000,2.424000,1.193000
16,29,1,1.765200,1.104000,1.752000,2.198000,2.101000,1.671000
16,30,1,1.587200,1.110000,1.341000,1.828000,2.199000,1.458000
16,31,1,2.636600,1.604000,1.133000,4.047000,3.479000,2.920000
16,32,1,2.383800,1.251000,2.473000,3.604000,2.315000,2.276000
16,33,1,2.551800,1.996000,4.354000,1.956000,3.137000,1.316000
16,34,1,1.458400,1.243000,1.442000,1.915000,1.846000,0.846000
16,35,1,2.861200,1.672000,1.699000,2.458000,4.610000,3.867000
16,36,1,1.864600,1.430000,2.605000,1.925000,1.561000,1.802000
16,37,1,2.197800,2.002000,3.323000,2.052000,2.005000,1.607000
16,38,1,2.299800,2.217000,1.198000,2.281000,4.175000,1.628000
16,39,1,2.207400,1.448000,1.304000,3.690000,3.528000,1.067000
16,40,2,1.802000,1.131000,1.391000,2.705000,1.903000,1.880000
16,41,2,1.881000,1.324000,1.481000,2.175000,2.194000,2.231000
16,42,2,2.071400,1.177000,1.273000,2.508000,2.917000,2.482000
16,43,2,2.070200,1.397000,1.787000,1.755000,4.073000,1.339000
16,44,2,1.826400,1.921000,1.569000,1.674000,1.957000,2.011000
16,45,2,1.788200,2.096000,1.398000,1.740000,2.135000,1.572000
16,46,2,1.698000,1.795000,1.246000,2.338000,2.026000,1.085000
16,47,2,1.801200,1.305000,1.192000,2.386000,2.015000,2.108000
16,48,2,1.774400,1.624000,1.407000,2.353000,2.036000,1.452000
16,49,2,1.965200,1.628000,2.095000,2.474000,2.180000,1.449000
16,50,2,1.718800,1.215000,1.308000,1.642000,2.295000,2.134000
16,51,2,2.200000,1.193000,1.805000,3.981000,2.376000,1.645000
16,52,2,2.046200,1.093000,1.888000,2.201000,2.867000,2.182000
16,53,2,2.103200,1.486000,1.626000,2.874000,2.400000,2.130000
16,54,2,1.827800,1.074000,1.981000,2.083000,2.469000,1.532000
16,55,2,1.719400,1.121000,1.390000,1.712000,2.105000,2.269000
16,56,2,2.171000,2.026000,1.511000,2.037000,2.839000,2.442000
16,57,2,1.685800,1.171000,1.264000,2.092000,1.543000,2.359000
16,58,2,1.938200,1.513000,1.446000,2.607000,2.272000,1.853000
16,59,2,1.944400,1.424000,1.506000,2.811000,2.699000,1.282000
16,60,3,2.390600,1.771000,2.622000,2.905000,1.975000,2.680000
16,61,3,2.212400,1.333000,2.327000,3.281000,2.205000,1.916000
16,62,3,2.240400,1.837000,2.409000,2.492000,2.189000,2.275000
16,63,3,2.111000,2.972000,1.448000,2.538000,2.475000,1.122000
16,64,3,2.075600,2.476000,1.916000,2.729000,2.156000,1.101000
16,65,3,1.846600,1.652000,1.960000,2.033000,2.013000,1.575000
16,66,3,1.754800,1.338000,1.183000,2.835000,2.106000,1.312000
16,67,3,1.637800,1.133000,1.084000,1.784000,2.224000,1.964000
16,68,3,2.135800,1.844000,0.972000,2.983000,2.509000,2.371000
16,69,3,1.899400,1.381000,1.264000,2.528000,2.075000,2.249000
16,70,3,1.849800,1.394000,1.426000,1.567000,2.449000,2.413000
16,71,3,1.975800,1.892000,1.258000,2.116000,3.417000,1.196000
16,72,3,2.238400,1.503000,1.780000,2.336000,3.294000,2.279000
16,73,3,1.768800,1.184000,1.131000,1.886000,2.166000,2.477000
16,74,3,1.707000,1.257000,1.355000,1.901000,1.775000,2.247000
16,75,3,2.399800,1.054000,3.778000,3.703000,2.146000,1.318000
16,76,3,1.685000,1.506000,1.425000,1.838000,2.455000,1.201000
16,77,3,1.962000,1.327000,1.464000,3.408000,1.122000,2.489000
16,78,3,1.531200,1.225000,1.319000,1.978000,2.089000,1.045000
16,79,3,2.361000,2.756000,1.256000,2.814000,1.896000,3.083000
16,80,4,2.343800,1.991000,3.598000,2.035000,2.434000,1.661000
16,81,4,2.055200,0.844000,2.245000,1.857000,4.090000,1.240000
16,82,4,1.870000,1.637000,1.432000,2.532000,1.786000,1.963000
16,83,4,1.899400,1.299000,2.171000,2.376000,2.061000,1.590000
16,84,4,2.104600,1.549000,2.402000,2.082000,2.174000,2.316000
16,85,4,1.954400,2.055000,1.588000,1.968000,2.453000,1.708000
16,86,4,1.716800,1.622000,1.503000,2.060000,1.333000,2.066000
16,87,4,2.288800,1.298000,2.580000,2.805000,2.544000,2.217000
16,88,4,2.418000,1.650000,1.996000,2.447000,3.520000,2.477000
16,89,4,1.983400,1.489000,2.364000,1.969000,1.461000,2.634000
16,90,4,1.709200,0.974000,1.948000,1.875000,1.923000,1.826000
16,91,4,2.046000,1.490000,2.419000,2.724000,2.118000,1.479000
16,92,4,2.055000,1.728000,2.867000,1.792000,2.114000,1.774000
16,93,4,2.164800,2.417000,1.705000,2.831000,2.318000,1.553000
16,94,4,1.874800,1.820000,1.601000,2.895000,1.655000,1.403000
16,95,4,2.025000,1.425000,2.429000,1.914000,2.692000,1.665000
16,96,4,1.885800,1.418000,1.551000,1.988000,2.173000,2.299000
16,97,4,2.301200,1.218000,1.596000,2.845000,2.350000,3.497000
16,98,4,1.792600,1.431000,1.527000,2.254000,2.400000,1.351000
16,99,4,2.660400,2.420000,2.773000,1.707000,3.370000,3.032000
17,0,0,2.135000,2.346000,3.429000,1.727000,1.361000,1.812000
17,1,0,2.489800,3.730000,2.621000,2.069000,1.583000,2.446000
17,2,0,2.040000,2.823000,2.291000,1.162000,1.646000,2.278000
17,3,0,2.151200,3.032000,2.868000,2.433000,1.111000,1.312000
17,4,0,2.178600,2.619000,2.873000,1.971000,1.626000,1.804000
17,5,0,1.781000,1.311000,1.695000,1.623000,1.495000,2.781000
17,6,0,2.374400,3.951000,2.918000,1.625000,1.581000,1.797000
17,7,0,2.332200,2.693000,3.275000,1.885000,2.114000,1.694000
17,8,0,2.838400,3.195000,2.294000,5.285000,1.648000,1.770000
17,9,0,2.160000,2.657000,2.198000,2.520000,1.837000,1.588000
17,10,0,3.071000,3.457000,3.173000,4.394000,1.914000,2.417000
17,11,0,2.244000,3.583000,2.687000,1.973000,1.272000,1.705000
17,12,0,1.847800,1.071000,2.945000,1.636000,1.432000,2.155000
17,13,0,2.587600,2.229000,4.191000,2.391000,1.698000,2.429000
17,14,0,2.045200,2.064000,2.507000,1.902000,1.708000,2.045000
17,15,0,2.838200,2.534000,2.879000,3.232000,3.324000,2.222000
17,16,0,2.173600,4.178000,1.848000,1.819000,1.615000,1.408000
17,17,0,2.171200,2.695000,1.798000,2.122000,2.120000,2.121000
17,18,0,1.791600,1.784000,2.796000,1.282000,1.707000,1.389000
17,19,0,2.065000,2.378000,2.159000,2.342000,2.126000,1.320000
17,20,1,2.250400,1.411000,2.469000,3.025000,2.342000,2.005000
17,21,1,2.563400,3.462000,1.579000,4.381000,1.290000,2.105000
17,22,1,1.951600,2.479000,1.507000,2.226000,1.414000,2.132000
17,23,1,1.900800,2.482000,1.723000,2.284000,1.464000,1.551000
17,24,1,1.998000,1.439000,1.734000,3.785000,1.279000,1.753000
17,25,1,1.887200,1.195000,1.806000,2.232000,1.657000,2.546000
17,26,1,2.776000,1.508000,2.216000,2.587000,4.236000,3.333000
17,27,1,2.583600,1.392000,3.186000,3.665000,1.133000,3.542000
17,28,1,2.424000,2.128000,3.875000,1.987000,2.088000,2.042000
17,29,1,1.781200,1.005000,3.464000,1.401000,1.296000,1.740000
17,30,1,1.342200,1.217000,1.552000,1.203000,1.461000,1.278000
17,31,1,2.080600,1.170000,3.451000,2.204000,1.745000,1.833000
17,32,1,2.146600,1.191000,2.493000,1.742000,2.317000,2.990000
17,33,1,3.077400,4.399000,3.045000,2.831000,1.838000,3.274000
17,34,1,2.088200,2.564000,2.734000,1.876000,1.681000,1.586000
17,35,1,2.097200,2.038000,2.391000,2.028000,1.061000,2.968000
17,36,1,3.529200,3.546000,3.291000,4.982000,2.124000,3.703000
17,37,1,2.724600,3.064000,2.578000,4.226000,1.488000,2.267000
17,38,1,1.859400,1.638000,3.393000,1.391000,1.304000,1.571000
17,39,1,3.181000,4.843000,3.344000,3.822000,2.203000,1.693000
17,40,2,2.107200,1.387000,3.776000,1.907000,1.591000,1.875000
17,41,2,2.488400,1.259000,2.067000,2.448000,3.803000,2.865000
17,42,2,2.176800,2.520000,3.074000,2.463000,1.165000,1.662000
17,43,2,1.737800,1.347000,2.025000,1.772000,2.289000,1.256000
17,44,2,2.271000,1.394000,2.951000,2.684000,2.394000,1.932000
17,45,2,2.251800,1.245000,3.312000,3.193000,1.738000,1.771000
17,46,2,2.597800,1.951000,3.940000,2.438000,1.736000,2.924000
17,47,2,3.036600,4.229000,3.731000,2.329000,1.586000,3.308000
17,48,2,1.795800,1.548000,2.233000,1.081000,1.608000,2.509000
17,49,2,2.249800,2.694000,3.699000,1.542000,1.216000,2.098000
17,50,2,2.590600,3.128000,2.576000,2.091000,1.308000,3.850000
17,51,2,2.167800,2.322000,1.988000,2.658000,1.329000,2.542000
17,52,2,2.015000,1.460000,2.583000,2.310000,1.548000,2.174000
17,53,2,2.377200,2.841000,2.083000,2.464000,2.593000,1.905000
17,54,2,2.258200,4.281000,2.032000,1.492000,1.349000,2.137000
17,55,2,2.161800,1.337000,3.541000,2.825000,1.623000,1.483000
17,56,2,2.106800,2.625000,2.331000,1.525000,2.709000,1.344000
17,57,2,2.340200,1.934000,1.526000,3.752000,1.660000,2.829000
17,58,2,2.167400,2.347000,3.412000,2.184000,1.329000,1.565000
17,59,2,1.934200,1.401000,2.302000,1.206000,1.382000,3.380000
17,60,3,3.041000,3.501000,2.444000,2.843000,2.813000,3.604000
17,61,3,2.935400,1.972000,3.665000,3.292000,2.056000,3.692000
17,62,3,3.306200,1.817000,2.089000,4.594000,3.938000,4.093000
17,63,3,2.908200,2.967000,2.340000,4.630000,1.380000,3.224000
17,64,3,2.979400,1.443000,3.763000,3.964000,2.898000,2.829000
17,65,3,3.184000,3.699000,2.998000,2.871000,3.215000,3.137000
17,66,3,1.765400,1.425000,1.500000,2.844000,1.081000,1.977000
17,67,3,2.740800,1.917000,2.866000,3.075000,2.358000,3.488000
17,68,3,2.042200,1.387000,3.462000,2.277000,1.685000,1.400000
17,69,3,2.579600,3.559000,2.060000,2.815000,1.781000,2.683000
17,70,3,2.482200,1.728000,3.242000,2.918000,1.792000,2.731000
17,71,3,2.251000,1.255000,4.412000,2.197000,1.134000,2.257000
17,72,3,2.913800,3.897000,2.370000,2.421000,1.855000,4.026000
17,73,3,2.310400,1.911000,2.993000,2.501000,2.053000,2.094000
17,74,3,2.226400,2.458000,1.552000,1.287000,2.177000,3.658000
17,75,3,3.499600,2.300000,4.224000,4.256000,2.977000,3.741000
17,76,3,1.880200,3.464000,1.557000,1.467000,1.330000,1.583000
17,77,3,2.247600,2.089000,2.480000,2.588000,1.267000,2.814000
17,78,3,2.239200,2.716000,2.939000,1.775000,1.736000,2.030000
17,79,3,1.774400,1.036000,1.641000,2.144000,1.518000,2.533000
17,80,4,2.393000,1.417000,2.811000,2.839000,1.732000,3.166000
17,81,4,2.046200,2.167000,4.162000,1.190000,1.006000,1.706000
17,82,4,2.830000,5.394000,1.951000,3.052000,1.312000,2.441000
17,83,4,2.684200,2.842000,3.949000,1.807000,2.415000,2.408000
17,84,4,2.540800,3.158000,3.908000,1.749000,1.328000,2.561000
17,85,4,1.766000,2.240000,1.932000,1.994000,1.440000,1.224000
17,86,4,3.561400,3.892000,4.946000,4.050000,1.768000,3.151000
17,87,4,1.784400,1.234000,2.323000,1.836000,1.206000,2.323000
17,88,4,3.202400,2.308000,4.311000,4.004000,2.467000,2.922000
17,89,4,2.384200,1.930000,1.809000,2.363000,2.819000,3.000000
17,90,4,2.447000,3.009000,2.800000,3.134000,1.286000,2.006000
17,91,4,2.241400,2.098000,2.848000,1.253000,2.047000,2.961000
17,92,4,3.019400,5.972000,2.053000,2.480000,2.296000,2.296000
17,93,4,1.906200,2.019000,2.011000,1.839000,1.473000,2.189000
17,94,4,2.867200,2.537000,3.312000,3.464000,2.222000,2.801000
17,95,4,1.719200,2.222000,1.310000,1.942000,1.411000,1.711000
17,96,4,2.355600,1.502000,2.144000,2.493000,2.447000,3.192000
17,97,4,2.058800,1.376000,3.069000,1.489000,1.833000,2.527000
17,98,4,2.901600,2.723000,2.834000,3.587000,2.398000,2.966000
17,99,4,1.501400,1.176000,1.325000,1.931000,1.495000,1.580000
18,0,0,3.034600,2.049000,3.190000,2.873000,3.903000,3.158000
18,1,0,2.338800,1.619000,2.495000,1.940000,2.800000,2.840000
18,2,0,1.776400,2.221000,1.705000,1.725000,1.460000,1.771000
18,3,0,2.077400,2.843000,1.819000,1.327000,2.615000,1.783000
18,4,0,2.121000,2.161000,2.210000,1.792000,2.673000,1.769000
18,5,0,1.873600,1.515000,2.460000,1.694000,1.680000,2.019000
18,6,0,2.168400,1.150000,1.095000,2.547000,2.811000,3.239000
18,7,0,1.583800,1.102000,1.139000,1.341000,2.245000,2.092000
18,8,0,1.750600,1.985000,2.455000,1.265000,1.013000,2.035000
18,9,0,2.698400,1.986000,2.559000,1.308000,3.400000,4.239000
18,10,0,2.145800,2.155000,1.930000,1.733000,2.957000,1.954000
18,11,0,2.356800,3.733000,2.165000,3.122000,1.102000,1.662000
18,12,0,1.799800,1.812000,1.835000,1.664000,1.669000,2.019000
18,13,0,2.147600,1.921000,1.731000,1.308000,4.011000,1.767000
18,14,0,2.286800,2.178000,2.805000,2.337000,2.033000,2.081000
18,15,0,2.408000,1.394000,2.894000,2.588000,3.039000,2.125000
18,16,0,2.862400,1.224000,2.679000,3.620000,3.388000,3.401000
18,17,0,2.120600,1.970000,2.075000,3.129000,1.711000,1.718000
18,18,0,1.765000,2.279000,2.059000,1.372000,1.616000,1.499000
18,19,0,2.158600,1.562000,1.173000,2.652000,1.668000,3.738000
18,20,1,2.031800,1.205000,2.113000,3.033000,2.329000,1.479000
18,21,1,1.372800,1.558000,0.886000,1.446000,1.455000,1.519000
18,22,1,2.890800,3.263000,3.266000,1.131000,3.287000,3.507000
18,23,1,1.731000,2.175000,1.814000,1.410000,1.605000,1.651000
18,24,1,1.769200,1.678000,1.846000,1.230000,2.675000,1.417000
18,25,1,2.855000,1.599000,3.276000,2.536000,3.549000,3.315000
18,26,1,2.367400,3.494000,3.413000,1.169000,1.790000,1.971000
18,27,1,1.838400,1.948000,1.858000,1.744000,1.990000,1.652000
18,28,1,2.467800,1.677000,2.668000,2.172000,3.452000,2.370000
18,29,1,1.972000,0.982000,1.693000,3.839000,1.691000,1.655000
18,30,1,1.725400,1.355000,1.817000,1.392000,2.570000,1.493000
18,31,1,3.019000,3.108000,2.568000,2.344000,3.726000,3.349000
18,32,1,3.542400,3.217000,2.713000,2.805000,4.856000,4.121000
18,33,1,2.037800,1.755000,1.359000,1.972000,1.944000,3.159000
18,34,1,2.334000,1.550000,3.269000,2.671000,2.310000,1.870000
18,35,1,2.901200,2.726000,1.301000,2.237000,3.847000,4.395000
18,36,1,1.997400,1.957000,2.349000,1.133000,2.848000,1.700000
18,37,1,2.210000,1.552000,3.052000,2.436000,1.567000,2.443000
18,38,1,1.835000,2.185000,2.040000,1.287000,2.066000,1.597000
18,39,1,2.229200,3.374000,2.593000,1.061000,1.710000,2.408000
18,40,2,2.762800,1.779000,2.737000,2.935000,1.958000,4.405000
18,41,2,2.688800,3.458000,2.070000,2.421000,2.072000,3.423000
18,42,2,2.060800,1.928000,2.408000,1.091000,2.694000,2.183000
18,43,2,2.766600,2.160000,2.336000,2.721000,2.559000,4.057000
18,44,2,2.156200,1.103000,1.591000,2.004000,2.837000,3.246000
18,45,2,2.484400,2.545000,1.891000,2.626000,2.292000,3.068000
18,46,2,1.591600,0.965000,1.904000,1.196000,2.140000,1.753000
18,47,2,1.899400,1.078000,2.121000,1.582000,2.968000,1.748000
18,48,2,2.071000,1.148000,2.278000,3.012000,1.822000,2.095000
18,49,2,2.571000,2.298000,4.227000,1.509000,2.373000,2.448000
18,50,2,2.553200,1.590000,2.634000,1.755000,3.128000,3.659000
18,51,2,1.980200,2.203000,2.264000,1.039000,2.441000,1.954000
18,52,2,2.540200,3.178000,1.294000,4.551000,1.758000,1.920000
18,53,2,2.247000,1.881000,2.152000,1.030000,2.485000,3.687000
18,54,2,2.392400,1.190000,3.244000,2.982000,2.994000,1.552000
18,55,2,2.679200,4.025000,1.605000,1.887000,3.300000,2.579000
18,56,2,1.871600,1.032000,1.734000,2.173000,2.020000,2.399000
18,57,2,2.238600,1.648000,2.216000,1.718000,3.093000,2.518000
18,58,2,2.991000,2.585000,2.949000,3.621000,3.141000,2.659000
18,59,2,2.221600,1.398000,3.103000,1.770000,1.994000,2.843000
18,60,3,1.806000,1.436000,1.573000,2.604000,1.750000,1.667000
18,61,3,2.733200,1.029000,3.065000,2.188000,3.566000,3.818000
18,62,3,1.758600,1.391000,1.706000,1.290000,2.276000,2.130000
18,63,3,2.833000,2.784000,3.796000,3.755000,1.301000,2.529000
18,64,3,2.283600,2.440000,2.342000,3.143000,1.515000,1.978000
18,65,3,2.696000,2.789000,3.948000,2.586000,1.944000,2.213000
18,66,3,1.950000,2.084000,2.280000,1.728000,1.522000,2.136000
18,67,3,2.883600,4.178000,3.707000,2.254000,2.744000,1.535000
18,68,3,2.078800,1.240000,1.164000,2.938000,1.767000,3.285000
18,69,3,2.582200,2.112000,1.365000,3.215000,4.066000,2.153000
18,70,3,2.547600,1.919000,3.192000,2.527000,3.585000,1.515000
18,71,3,2.620400,2.737000,3.468000,1.128000,3.296000,2.473000
18,72,3,2.279200,2.059000,2.396000,3.342000,1.287000,2.312000
18,73,3,2.025600,2.416000,1.502000,1.575000,3.353000,1.282000
18,74,3,1.814800,1.078000,1.919000,1.441000,1.870000,2.766000
18,75,3,2.270200,3.388000,2.556000,1.602000,2.015000,1.790000
18,76,3,2.448200,2.642000,3.045000,1.596000,2.379000,2.579000
18,77,3,1.693000,1.653000,1.893000,1.971000,1.153000,1.795000
18,78,3,1.900800,2.100000,1.982000,2.336000,0.983000,2.103000
18,79,3,1.449600,0.987000,1.767000,1.179000,1.787000,1.528000
18,80,4,2.078600,1.898000,1.834000,2.177000,2.252000,2.232000
18,81,4,2.574000,1.364000,3.884000,2.796000,2.895000,1.931000
18,82,4,2.734800,3.843000,2.671000,3.092000,2.390000,1.678000
18,83,4,2.095200,1.970000,1.797000,2.406000,2.639000,1.664000
18,84,4,2.161600,3.512000,1.170000,1.176000,2.872000,2.078000
18,85,4,2.136600,3.212000,1.804000,1.449000,2.274000,1.944000
18,86,4,2.218800,2.101000,2.626000,2.588000,1.649000,2.130000
18,87,4,2.030400,1.440000,2.721000,1.616000,2.353000,2.022000
18,88,4,2.509200,3.498000,2.124000,2.272000,2.211000,2.441000
18,89,4,2.484000,2.918000,2.461000,1.263000,2.731000,3.047000
18,90,4,1.838600,1.429000,2.262000,1.055000,2.871000,1.576000
18,91,4,2.838000,3.009000,3.687000,2.041000,3.239000,2.214000
18,92,4,1.997800,3.245000,2.202000,1.370000,1.202000,1.970000
18,93,4,2.879000,3.005000,3.117000,3.609000,3.042000,1.622000
18,94,4,2.149400,1.659000,2.375000,2.038000,2.492000,2.183000
18,95,4,1.996200,2.493000,1.607000,1.329000,1.902000,2.650000
18,96,4,1.567400,1.302000,2.013000,1.275000,1.590000,1.657000
18,97,4,3.301600,3.722000,2.359000,3.411000,3.805000,3.211000
18,98,4,2.758200,1.418000,1.559000,4.110000,3.422000,3.282000
18,99,4,2.520800,1.448000,1.802000,3.691000,3.186000,2.477000
19,0,0,2.284600,1.387000,3.238000,3.078000,1.689000,2.031000
19,1,0,1.992800,1.694000,1.797000,2.784000,1.884000,1.805000
19,2,0,2.237200,2.552000,3.448000,1.525000,2.029000,1.632000
19,3,0,1.924800,1.763000,2.160000,2.379000,1.822000,1.500000
19,4,0,2.624800,1.822000,2.234000,3.124000,2.576000,3.368000
19,5,0,2.319400,2.072000,2.389000,3.088000,2.315000,1.733000
19,6,0,2.536600,2.677000,2.675000,3.155000,1.857000,2.319000
19,7,0,2.231400,1.885000,3.246000,1.751000,2.591000,1.684000
19,8,0,2.142400,2.018000,2.742000,1.791000,2.058000,2.103000
19,9,0,1.631400,1.233000,1.877000,1.697000,1.404000,1.946000
19,10,0,2.597200,1.228000,2.333000,2.906000,3.570000,2.949000
19,11,0,1.960600,1.801000,2.375000,2.870000,1.208000,1.549000
19,12,0,1.839800,1.389000,1.791000,2.031000,2.197000,1.791000
19,13,0,2.003200,1.438000,2.948000,2.631000,1.221000,1.778000
19,14,0,1.610200,1.527000,1.757000,1.892000,1.257000,1.618000
19,15,0,2.339400,1.552000,2.266000,2.650000,2.397000,2.832000
19,16,0,2.192800,1.081000,2.723000,2.047000,2.453000,2.660000
19,17,0,2.005400,1.782000,2.555000,1.567000,1.420000,2.703000
19,18,0,1.780600,1.562000,2.691000,1.436000,1.137000,2.077000
19,19,0,2.435200,2.068000,1.741000,2.874000,3.426000,2.067000
19,20,1,1.910200,1.093000,3.008000,1.460000,2.063000,1.927000
19,21,1,1.804400,1.892000,2.745000,1.134000,1.206000,2.045000
19,22,1,2.478000,2.831000,1.526000,2.168000,3.074000,2.791000
19,23,1,1.913600,2.033000,1.460000,2.161000,2.123000,1.791000
19,24,1,2.617200,3.673000,3.612000,1.793000,2.744000,1.264000
19,25,1,2.916600,4.321000,3.866000,1.693000,2.961000,1.742000
19,26,1,2.153000,1.653000,3.624000,1.533000,2.728000,1.227000
19,27,1,3.358200,4.028000,3.953000,2.288000,4.230000,2.292000
19,28,1,2.571800,3.778000,3.086000,1.551000,2.394000,2.050000
19,29,1,2.579200,3.555000,2.942000,1.638000,1.907000,2.854000
19,30,1,2.162000,2.147000,3.560000,1.087000,2.479000,1.537000
19,31,1,2.413000,1.481000,1.917000,3.459000,3.234000,1.974000
19,32,1,3.161600,3.834000,4.073000,1.203000,2.770000,3.928000
19,33,1,2.200600,2.912000,1.738000,1.843000,2.834000,1.676000
19,34,1,2.812600,3.964000,2.833000,2.658000,3.148000,1.460000
19,35,1,2.157400,2.258000,3.927000,1.901000,1.208000,1.493000
19,36,1,2.278400,3.452000,2.233000,0.921000,2.769000,2.017000
19,37,1,2.517600,3.097000,2.956000,1.705000,3.634000,1.196000
19,38,1,1.928800,1.567000,2.937000,2.492000,1.275000,1.373000
19,39,1,2.263600,1.497000,4.151000,1.545000,1.719000,2.406000
19,40,2,2.704600,1.866000,1.526000,5.876000,2.384000,1.871000
19,41,2,1.673000,1.970000,1.533000,1.618000,1.436000,1.808000
19,42,2,2.547800,1.564000,4.449000,1.784000,2.444000,2.498000
19,43,2,1.906600,1.429000,2.733000,2.588000,1.210000,1.573000
19,44,2,2.749400,3.354000,2.530000,2.398000,2.401000,3.064000
19,45,2,2.452200,1.245000,2.412000,2.177000,4.470000,1.957000
19,46,2,2.303600,2.517000,3.511000,1.094000,2.909000,1.487000
19,47,2,1.885600,1.560000,3.002000,1.281000,2.403000,1.182000
19,48,2,2.055000,2.903000,2.837000,1.164000,1.263000,2.108000
19,49,2,1.746200,1.233000,1.650000,2.746000,1.500000,1.602000
19,50,2,1.571800,1.807000,1.179000,1.827000,1.330000,1.716000
19,51,2,1.981800,1.550000,3.254000,1.092000,1.690000,2.323000
19,52,2,1.801800,1.385000,2.679000,1.244000,2.467000,1.234000
19,53,2,2.175400,2.301000,2.130000,2.555000,1.552000,2.339000
19,54,2,2.372400,1.887000,2.672000,1.221000,4.162000,1.920000
19,55,2,1.906800,1.612000,2.547000,2.084000,1.337000,1.954000
19,56,2,2.332200,1.202000,2.667000,2.637000,3.680000,1.475000
19,57,2,2.212000,1.943000,3.107000,2.208000,1.782000,2.020000
19,58,2,1.830600,2.349000,2.339000,1.208000,1.235000,2.022000
19,59,2,2.547800,3.586000,3.109000,2.688000,1.645000,1.711000
19,60,3,3.066800,5.236000,2.522000,1.822000,3.886000,1.868000
19,61,3,1.941800,2.961000,2.369000,1.219000,1.217000,1.943000
19,62,3,2.362600,2.397000,2.543000,3.444000,1.715000,1.714000
19,63,3,2.319600,1.230000,3.628000,1.988000,1.309000,3.443000
19,64,3,1.949800,1.515000,2.440000,2.841000,1.711000,1.242000
19,65,3,2.390200,2.312000,2.577000,1.192000,4.102000,1.768000
19,66,3,2.463600,1.736000,2.482000,1.828000,4.534000,1.738000
19,67,3,1.758000,1.272000,3.026000,1.180000,1.850000,1.462000
19,68,3,2.521000,3.706000,1.765000,1.438000,4.608000,1.088000
19,69,3,1.900800,1.749000,2.364000,0.983000,3.365000,1.043000
19,70,3,2.283000,1.995000,3.063000,1.299000,1.574000,3.484000
19,71,3,2.527800,2.573000,2.780000,3.537000,1.991000,1.758000
19,72,3,1.765600,1.606000,2.237000,1.453000,2.174000,1.358000
19,73,3,1.987000,2.335000,1.950000,1.335000,1.740000,2.575000
19,74,3,1.395800,1.356000,1.941000,1.090000,1.270000,1.322000
19,75,3,2.878800,1.818000,4.734000,1.452000,4.858000,1.532000
19,76,3,2.924200,1.893000,3.973000,0.901000,3.789000,4.065000
19,77,3,1.447200,1.172000,1.864000,1.024000,1.298000,1.878000
19,78,3,2.108800,1.108000,2.728000,1.188000,3.464000,2.056000
19,79,3,2.351400,4.137000,2.527000,1.473000,1.165000,2.455000
19,80,4,1.667800,1.913000,1.905000,1.891000,1.197000,1.433000
19,81,4,1.294000,1.683000,1.428000,0.844000,1.423000,1.092000
19,82,4,2.723600,2.743000,3.602000,2.036000,2.274000,2.963000
19,83,4,2.216400,2.597000,2.592000,1.546000,2.865000,1.482000
19,84,4,1.760600,1.313000,1.583000,1.342000,3.017000,1.548000
19,85,4,2.084000,2.487000,2.717000,1.491000,2.468000,1.257000
19,86,4,1.760200,1.266000,2.108000,1.222000,2.418000,1.787000
19,87,4,1.212400,1.040000,1.356000,1.123000,1.261000,1.282000
19,88,4,2.092000,1.692000,2.089000,1.335000,3.636000,1.708000
19,89,4,1.925000,2.340000,3.032000,1.070000,2.070000,1.113000
19,90,4,1.533000,1.447000,2.263000,1.247000,1.294000,1.414000
19,91,4,2.277800,3.254000,2.851000,1.176000,1.975000,2.133000
19,92,4,1.751600,1.323000,2.146000,1.787000,1.597000,1.905000
19,93,4,1.924400,1.839000,2.221000,1.452000,2.097000,2.013000
19,94,4,1.897600,2.280000,3.296000,1.098000,1.231000,1.583000
19,95,4,2.120200,1.027000,2.414000,2.389000,2.860000,1.911000
19,96,4,2.593200,2.240000,3.230000,1.318000,4.165000,2.013000
19,97,4,2.007200,1.065000,3.282000,0.872000,2.091000,2.726000
19,98,4,1.577800,1.027000,2.762000,0.984000,1.494000,1.622000
19,99,4,1.710400,1.242000,2.093000,1.087000,1.332000,2.798000
20,0,0,1.723200,1.528000,1.637000,2.390000,0.968000,2.093000
20,1,0,2.077200,1.841000,2.010000,2.680000,1.258000,2.597000
20,2,0,1.850000,2.307000,2.808000,1.309000,1.410000,1.416000
20,3,0,2.153600,2.104000,2.131000,2.168000,1.225000,3.140000
20,4,0,1.741800,2.145000,1.283000,1.522000,0.970000,2.789000
20,5,0,1.891600,2.872000,1.609000,2.119000,1.201000,1.657000
20,6,0,2.025800,1.926000,2.481000,1.696000,1.413000,2.613000
20,7,0,2.085800,2.348000,1.306000,3.837000,1.443000,1.495000
20,8,0,2.276400,2.870000,2.245000,2.717000,1.385000,2.165000
20,9,0,1.597800,2.149000,1.196000,1.061000,1.244000,2.339000
20,10,0,2.154600,1.344000,2.360000,2.015000,1.846000,3.208000
20,11,0,1.708000,1.579000,1.760000,1.819000,1.102000,2.280000
20,12,0,2.173600,2.089000,1.174000,2.081000,1.798000,3.726000
20,13,0,1.506000,1.623000,2.235000,1.163000,1.360000,1.149000
20,14,0,1.634200,1.403000,2.514000,1.959000,1.125000,1.170000
20,15,0,1.350200,1.922000,1.079000,1.423000,1.082000,1.245000
20,16,0,1.773000,2.202000,1.588000,2.086000,1.318000,1.671000
20,17,0,2.212000,2.041000,2.066000,3.455000,1.062000,2.436000
20,18,0,1.888000,2.220000,2.192000,2.583000,1.227000,1.218000
20,19,0,1.596000,1.248000,1.299000,2.061000,1.337000,2.035000
20,20,1,2.268400,1.718000,1.273000,2.567000,1.487000,4.297000
20,21,1,2.713800,1.529000,1.554000,2.871000,2.524000,5.091000
20,22,1,3.235600,5.249000,3.380000,3.876000,1.429000,2.244000
20,23,1,2.110200,1.554000,4.091000,2.604000,1.250000,1.052000
20,24,1,2.350400,2.138000,1.483000,1.327000,3.178000,3.626000
20,25,1,2.481600,1.323000,4.821000,1.475000,1.351000,3.438000
20,26,1,2.318800,2.316000,1.005000,2.297000,2.496000,3.480000
20,27,1,2.506600,2.524000,1.439000,2.855000,2.528000,3.187000
20,28,1,2.260600,2.077000,2.008000,2.739000,1.452000,3.027000
20,29,1,2.177600,1.810000,1.178000,3.087000,3.291000,1.522000
20,30,1,1.665600,1.107000,1.054000,2.748000,2.229000,1.190000
20,31,1,2.395000,1.545000,2.854000,3.465000,2.483000,1.628000
20,32,1,1.596800,1.926000,1.175000,2.038000,1.670000,1.175000
20,33,1,2.269800,1.417000,1.745000,3.775000,2.843000,1.569000
20,34,1,2.375600,1.908000,1.270000,2.263000,2.959000,3.478000
20,35,1,2.035000,1.400000,1.931000,2.182000,1.729000,2.933000
20,36,1,1.865400,1.689000,1.243000,1.936000,1.460000,2.999000
20,37,1,1.871000,1.959000,1.311000,1.722000,1.565000,2.798000
20,38,1,2.770600,2.735000,2.969000,1.832000,3.452000,2.865000
20,39,1,1.769000,1.447000,1.326000,1.386000,2.099000,2.587000
20,40,2,1.833000,1.572000,1.950000,2.069000,1.354000,2.220000
20,41,2,2.058000,2.064000,2.933000,1.773000,1.536000,1.984000
20,42,2,2.005200,1.793000,2.626000,1.935000,1.426000,2.246000
20,43,2,2.322400,4.476000,2.037000,1.876000,1.477000,1.746000
20,44,2,1.535800,1.201000,1.779000,1.402000,1.446000,1.851000
20,45,2,1.861600,1.958000,1.998000,1.865000,2.288000,1.199000
20,46,2,2.625800,3.445000,4.793000,2.109000,1.590000,1.192000
20,47,2,2.880000,1.354000,3.153000,3.547000,2.890000,3.456000
20,48,2,1.626600,1.994000,1.988000,1.438000,1.259000,1.454000
20,49,2,2.068200,2.609000,2.275000,1.350000,1.355000,2.752000
20,50,2,1.965600,1.445000,2.588000,2.221000,1.315000,2.259000
20,51,2,2.144400,1.515000,3.324000,2.478000,1.263000,2.142000
20,52,2,1.769600,1.695000,2.872000,1.929000,1.041000,1.311000
20,53,2,1.612200,1.625000,2.037000,1.802000,1.247000,1.350000
20,54,2,1.933600,1.531000,1.565000,1.424000,1.874000,3.274000
20,55,2,1.953400,1.515000,1.246000,1.409000,2.460000,3.137000
20,56,2,2.187400,2.744000,3.084000,1.894000,1.498000,1.717000
20,57,2,1.912400,1.791000,1.625000,2.213000,1.192000,2.741000
20,58,2,1.585600,1.621000,1.829000,1.365000,1.866000,1.247000
20,59,2,1.932400,1.416000,2.920000,2.398000,1.517000,1.411000
20,60,3,2.618400,2.484000,3.113000,2.821000,1.439000,3.235000
20,61,3,3.081200,3.623000,2.951000,1.928000,3.643000,3.261000
20,62,3,2.086600,1.713000,2.456000,2.272000,0.850000,3.142000
20,63,3,3.499000,3.835000,4.722000,2.882000,2.009000,4.047000
20,64,3,1.534000,1.704000,1.737000,1.024000,2.074000,1.131000
20,65,3,1.952600,1.938000,1.840000,1.957000,3.006000,1.022000
20,66,3,1.857200,1.742000,0.977000,1.094000,3.490000,1.983000
20,67,3,1.843000,1.717000,2.339000,1.167000,0.948000,3.044000
20,68,3,2.948000,2.036000,2.964000,2.834000,3.535000,3.371000
20,69,3,2.574400,4.472000,1.926000,2.367000,1.330000,2.777000
20,70,3,2.080600,1.735000,2.265000,2.159000,1.098000,3.146000
20,71,3,3.322000,2.696000,4.671000,1.233000,3.187000,4.823000
20,72,3,2.495000,1.981000,1.029000,2.258000,2.994000,4.213000
20,73,3,2.333400,4.395000,1.928000,1.578000,3.064000,0.702000
20,74,3,2.364200,1.793000,1.443000,3.767000,1.861000,2.957000
20,75,3,2.938200,1.974000,3.771000,2.732000,1.319000,4.895000
20,76,3,3.243800,4.719000,2.610000,1.138000,2.716000,5.036000
20,77,3,2.264600,2.181000,3.064000,1.762000,2.071000,2.245000
20,78,3,2.512800,1.642000,3.916000,2.729000,2.973000,1.304000
20,79,3,2.289800,2.073000,1.429000,2.101000,3.622000,2.224000
20,80,4,2.255200,1.960000,1.772000,3.824000,2.358000,1.362000
20,81,4,3.121600,3.218000,1.905000,3.036000,3.610000,3.839000
20,82,4,1.895600,1.401000,2.864000,1.873000,1.861000,1.479000
20,83,4,2.806000,2.064000,2.538000,2.891000,3.534000,3.003000
20,84,4,2.716800,1.745000,2.866000,3.008000,2.955000,3.010000
20,85,4,2.190000,2.357000,3.049000,2.245000,1.455000,1.844000
20,86,4,1.760400,1.267000,1.554000,1.615000,3.036000,1.330000
20,87,4,2.182600,2.652000,2.174000,2.059000,1.181000,2.847000
20,88,4,2.713800,2.126000,2.498000,4.048000,2.134000,2.763000
20,89,4,1.541000,1.792000,1.935000,1.561000,1.010000,1.407000
20,90,4,2.643800,1.599000,4.665000,2.682000,1.432000,2.841000
20,91,4,1.743200,1.384000,2.359000,2.774000,1.128000,1.071000
20,92,4,1.752400,1.685000,3.031000,1.497000,1.358000,1.191000
20,93,4,2.472000,1.566000,2.900000,3.733000,2.017000,2.144000
20,94,4,2.002800,2.347000,1.906000,2.129000,1.254000,2.378000
20,95,4,2.181800,2.065000,1.265000,2.794000,1.987000,2.798000
20,96,4,2.489000,2.887000,1.060000,2.436000,3.502000,2.560000
20,97,4,1.578200,1.711000,1.587000,2.619000,0.900000,1.074000
20,98,4,2.038400,2.474000,0.992000,1.819000,2.406000,2.501000
20,99,4,1.984800,1.619000,2.317000,1.906000,1.449000,2.633000
21,0,3,1.860800,2.180000,2.075000,1.457000,2.114000,1.478000
21,1,3,2.480400,2.118000,1.535000,2.446000,3.003000,3.300000
21,2,3,2.360600,2.473000,2.670000,3.457000,1.990000,1.213000
21,3,3,2.686600,1.801000,1.255000,1.527000,3.946000,4.904000
21,4,3,2.358800,1.172000,1.276000,3.705000,4.158000,1.483000
21,5,3,1.893800,1.309000,1.167000,3.283000,2.279000,1.431000
21,6,3,2.062200,1.135000,1.745000,2.519000,2.062000,2.850000
21,7,3,2.974800,2.096000,1.882000,4.469000,2.257000,4.170000
21,8,1,2.434800,1.059000,1.968000,3.667000,3.397000,2.083000
21,9,3,2.917600,1.925000,1.713000,4.703000,2.298000,3.949000
21,10,3,2.850400,3.575000,2.344000,1.991000,1.827000,4.515000
21,11,3,2.585600,1.780000,3.516000,1.265000,3.465000,2.902000
21,12,3,3.013800,2.920000,2.042000,2.334000,4.453000,3.320000
21,13,3,3.179600,2.418000,2.389000,4.615000,2.050000,4.426000
21,14,3,1.818000,1.826000,1.223000,2.363000,2.266000,1.412000
21,15,3,2.175200,2.251000,1.314000,2.769000,3.104000,1.438000
21,16,3,2.561400,2.076000,1.803000,4.720000,2.364000,1.844000
21,17,3,2.946600,2.303000,3.513000,3.885000,2.407000,2.625000
21,18,3,3.019600,4.142000,2.209000,3.931000,2.237000,2.579000
21,19,3,1.777000,2.032000,1.452000,2.438000,1.977000,0.986000
22,0,3,2.696200,2.365000,2.296000,2.533000,4.108000,2.179000
22,1,1,2.864600,1.658000,3.105000,3.575000,4.041000,1.944000
22,2,1,1.867000,1.927000,2.160000,1.155000,1.544000,2.549000
22,3,1,2.514400,1.995000,4.782000,2.429000,2.005000,1.361000
22,4,1,1.944400,2.532000,2.127000,1.924000,1.850000,1.289000
22,5,3,2.807600,5.164000,3.489000,1.410000,1.901000,2.074000
22,6,3,2.560600,3.471000,3.319000,1.860000,2.096000,2.057000
22,7,3,2.747000,1.765000,2.496000,2.390000,4.154000,2.930000
22,8,3,3.208800,2.718000,4.317000,2.628000,3.848000,2.533000
22,9,4,2.168600,2.453000,1.948000,1.410000,3.676000,1.356000
22,10,3,2.338000,1.329000,3.149000,2.907000,2.831000,1.474000
22,11,1,2.082200,1.725000,2.412000,1.987000,2.036000,2.251000
22,12,3,3.689200,1.745000,3.692000,3.980000,4.770000,4.259000
22,13,1,3.032600,1.896000,3.582000,4.234000,2.607000,2.844000
22,14,3,2.594000,3.519000,1.775000,2.986000,2.929000,1.761000
22,15,1,2.572400,3.366000,4.098000,2.087000,1.829000,1.482000
22,16,4,2.252200,1.833000,1.735000,3.372000,2.225000,2.096000
22,17,3,1.938800,1.785000,1.297000,1.999000,3.150000,1.463000
22,18,3,1.814400,2.232000,1.991000,1.309000,1.607000,1.933000
22,19,1,2.612200,2.072000,2.145000,2.680000,4.519000,1.645000
23,0,3,3.175600,4.178000,3.324000,3.410000,1.947000,3.019000
23,1,3,1.535000,2.157000,1.360000,1.585000,1.442000,1.131000
23,2,3,3.042200,1.980000,4.006000,3.022000,1.893000,4.310000
23,3,3,3.042000,3.432000,3.454000,3.603000,3.186000,1.535000
23,4,3,2.378200,3.686000,1.124000,1.927000,3.124000,2.030000
23,5,3,3.311800,5.018000,3.295000,2.736000,4.295000,1.215000
23,6,1,2.800800,3.569000,2.554000,3.087000,2.687000,2.107000
23,7,3,2.687800,5.136000,3.424000,1.767000,1.542000,1.570000
23,8,3,2.163200,4.210000,1.167000,1.661000,1.338000,2.440000
23,9,3,2.495000,1.883000,3.459000,2.983000,2.660000,1.490000
23,10,3,2.768400,4.276000,1.752000,1.809000,2.614000,3.391000
23,11,3,2.280000,3.983000,1.733000,2.933000,1.489000,1.262000
23,12,1,2.646800,2.881000,1.147000,2.182000,4.219000,2.805000
23,13,3,2.294200,2.264000,1.765000,2.045000,1.304000,4.093000
23,14,3,2.400000,4.407000,2.084000,1.697000,1.245000,2.567000
23,15,3,1.632600,1.374000,1.343000,1.850000,2.183000,1.413000
23,16,3,3.159600,3.954000,1.441000,2.439000,3.319000,4.645000
23,17,3,2.245600,2.678000,1.571000,1.751000,1.205000,4.023000
23,18,1,2.510000,3.363000,0.885000,2.049000,4.418000,1.835000
23,19,3,2.883800,2.379000,2.078000,3.176000,1.978000,4.808000
24,0,3,2.307600,1.689000,1.597000,2.993000,3.734000,1.525000
24,1,3,2.905800,4.159000,3.813000,1.834000,2.415000,2.308000
24,2,3,3.145600,2.366000,2.755000,2.534000,3.187000,4.886000
24,3,3,2.860600,3.922000,2.891000,1.291000,3.689000,2.510000
24,4,3,2.196800,2.101000,3.187000,2.512000,1.358000,1.826000
24,5,3,1.618800,2.450000,1.321000,1.394000,1.272000,1.657000
24,6,1,1.970200,2.602000,1.821000,1.581000,2.104000,1.743000
24,7,3,2.992400,2.141000,1.767000,3.246000,3.833000,3.975000
24,8,3,3.303200,3.635000,4.804000,3.230000,2.734000,2.113000
24,9,3,2.781400,1.573000,2.621000,3.084000,1.458000,5.171000
24,10,3,2.188600,2.510000,1.973000,3.164000,1.435000,1.861000
24,11,3,1.792400,2.609000,1.099000,2.384000,1.160000,1.710000
24,12,3,3.240800,3.014000,1.404000,4.566000,3.158000,4.062000
24,13,1,2.000200,2.054000,1.037000,1.152000,1.724000,4.034000
24,14,3,2.916800,3.313000,1.840000,3.503000,2.947000,2.981000
24,15,3,3.551200,1.298000,4.871000,3.999000,3.497000,4.091000
24,16,3,2.752600,2.259000,4.132000,3.078000,2.522000,1.772000
24,17,1,1.886000,1.617000,2.543000,1.187000,1.095000,2.988000
24,18,1,1.811600,2.420000,1.308000,0.971000,1.437000,2.922000
24,19,1,1.919400,1.738000,2.651000,1.426000,1.803000,1.979000
25,0,3,2.866200,4.251000,3.516000,1.441000,2.569000,2.554000
25,1,3,2.744000,3.332000,3.915000,1.785000,2.257000,2.431000
25,2,3,2.744000,4.818000,2.467000,1.957000,1.786000,2.692000
25,3,3,3.023800,3.438000,2.890000,1.317000,2.658000,4.816000
25,4,3,2.530600,2.345000,2.024000,2.938000,1.739000,3.607000
25,5,3,2.260400,3.998000,1.579000,1.130000,3.083000,1.512000
25,6,3,2.699600,4.057000,2.447000,0.996000,3.952000,2.046000
25,7,3,2.370400,2.287000,1.413000,1.534000,2.982000,3.636000
25,8,3,2.003000,1.241000,1.262000,1.593000,3.512000,2.407000
25,9,3,2.600000,3.458000,2.727000,1.424000,2.682000,2.709000
25,10,3,3.597200,5.044000,4.065000,1.656000,4.535000,2.686000
25,11,3,2.585000,3.124000,2.014000,1.318000,2.007000,4.462000
25,12,3,2.623200,1.384000,3.244000,1.063000,4.590000,2.835000
25,13,3,2.530200,2.873000,3.367000,1.480000,3.066000,1.865000
25,14,3,2.351400,3.215000,3.345000,1.539000,1.254000,2.404000
25,15,3,2.698800,4.085000,4.099000,1.128000,1.713000,2.469000
25,16,3,2.478600,2.886000,2.253000,1.791000,1.892000,3.571000
25,17,3,2.764000,2.382000,2.578000,2.005000,3.028000,3.827000
25,18,3,3.196600,4.110000,1.887000,1.242000,4.274000,4.470000
25,19,3,3.187800,3.138000,2.744000,2.802000,3.578000,3.677000
26,0,3,2.940200,1.929000,3.986000,2.310000,2.085000,4.391000
26,1,3,3.281000,3.195000,3.473000,4.455000,2.186000,3.096000
26,2,3,2.836600,1.647000,3.976000,2.638000,2.540000,3.382000
26,3,3,3.029800,2.505000,3.284000,3.147000,2.500000,3.713000
26,4,3,2.919200,2.018000,4.684000,1.387000,4.094000,2.413000
26,5,3,2.405000,0.868000,3.597000,2.773000,3.068000,1.719000
26,6,3,2.579000,3.433000,2.216000,2.602000,2.907000,1.737000
26,7,3,2.982000,2.321000,4.489000,2.070000,4.657000,1.373000
26,8,3,3.045000,1.365000,2.906000,4.440000,3.535000,2.979000
26,9,3,3.130400,2.008000,3.749000,1.216000,4.858000,3.821000
26,10,3,2.652400,2.072000,2.781000,3.121000,2.341000,2.947000
26,11,3,2.104800,1.887000,2.702000,2.091000,2.142000,1.702000
26,12,3,2.973600,2.217000,2.503000,1.164000,4.818000,4.166000
26,13,3,2.486000,2.556000,2.230000,2.424000,3.747000,1.473000
26,14,3,3.590200,2.481000,4.553000,2.925000,3.666000,4.326000
26,15,3,2.150400,1.958000,2.271000,1.431000,2.663000,2.429000
26,16,3,3.096400,1.618000,4.545000,2.460000,2.671000,4.188000
26,17,3,3.335000,2.112000,4.711000,2.293000,3.546000,4.013000
26,18,3,2.453200,2.163000,4.447000,1.531000,2.492000,1.633000
26,19,3,2.587000,1.343000,3.578000,1.352000,2.552000,4.110000
27,0,3,3.583400,5.485000,4.327000,4.637000,1.533000,1.935000
27,1,3,3.004400,5.168000,2.530000,2.604000,2.174000,2.546000
27,2,3,3.315400,2.578000,2.711000,2.303000,5.306000,3.679000
27,3,3,2.872600,4.916000,1.536000,1.800000,3.860000,2.251000
27,4,3,3.644800,2.677000,3.997000,4.742000,4.303000,2.505000
27,5,3,4.063000,4.406000,2.852000,4.221000,4.729000,4.107000
27,6,3,3.150600,1.907000,3.348000,2.819000,3.804000,3.875000
27,7,3,3.523600,3.129000,2.395000,2.961000,4.770000,4.363000
27,8,3,3.472200,1.971000,3.853000,3.745000,4.313000,3.479000
27,9,3,2.864600,3.053000,2.393000,3.444000,1.534000,3.899000
27,10,3,3.090000,5.154000,3.058000,1.986000,3.246000,2.006000
27,11,3,4.196600,4.295000,3.051000,4.371000,4.673000,4.593000
27,12,3,3.600400,5.379000,2.480000,3.719000,1.835000,4.589000
27,13,2,2.193000,3.688000,1.369000,2.293000,2.346000,1.269000
27,14,3,3.166600,5.129000,3.262000,3.030000,2.059000,2.353000
27,15,3,3.542000,5.403000,2.432000,3.651000,4.253000,1.971000
27,16,3,3.528000,3.911000,4.279000,4.062000,1.689000,3.699000
27,17,3,2.701000,1.786000,3.633000,4.308000,1.625000,2.153000
27,18,3,3.058400,2.505000,2.051000,4.702000,3.198000,2.836000
27,19,2,2.337600,2.208000,3.290000,2.355000,2.688000,1.147000
28,0,3,3.179600,1.550000,4.081000,2.053000,4.118000,4.096000
28,1,3,2.765000,1.810000,4.553000,1.387000,2.448000,3.627000
28,2,3,2.951200,1.352000,4.121000,3.660000,2.944000,2.679000
28,3,3,2.622200,1.651000,2.253000,3.348000,1.967000,3.892000
28,4,3,2.180400,1.625000,2.570000,2.144000,2.556000,2.007000
28,5,3,3.512000,3.769000,3.907000,3.827000,3.019000,3.038000
28,6,3,2.958000,2.048000,4.351000,2.762000,3.776000,1.853000
28,7,3,2.601600,1.594000,4.274000,2.037000,2.880000,2.223000
28,8,3,2.697000,1.810000,2.504000,1.920000,3.747000,3.504000
28,9,3,2.119600,2.457000,3.075000,1.446000,2.103000,1.517000
28,10,3,3.452600,2.825000,4.735000,3.596000,2.191000,3.916000
28,11,3,3.127000,2.255000,4.400000,2.046000,3.077000,3.857000
28,12,3,3.276000,1.737000,5.140000,3.507000,3.886000,2.110000
28,13,3,2.650800,1.755000,4.047000,2.442000,2.704000,2.306000
28,14,3,3.188200,2.594000,4.731000,2.196000,4.641000,1.779000
28,15,3,3.389000,2.535000,4.337000,3.295000,2.478000,4.300000
28,16,3,3.139000,1.635000,3.381000,3.463000,3.131000,4.085000
28,17,3,2.829200,1.093000,4.677000,2.429000,1.561000,4.386000
28,18,3,3.095000,2.253000,5.141000,2.580000,1.557000,3.944000
28,19,3,3.018000,2.019000,3.794000,3.999000,2.074000,3.204000
29,0,3,2.342800,1.398000,1.507000,1.725000,3.205000,3.879000
29,1,3,2.791000,1.365000,4.585000,4.166000,1.559000,2.280000
29,2,3,2.582000,3.147000,3.028000,2.823000,1.723000,2.189000
29,3,3,2.809800,3.688000,4.504000,1.364000,2.238000,2.255000
29,4,3,2.505800,1.570000,3.933000,3.108000,1.695000,2.223000
29,5,3,2.444000,1.602000,3.607000,1.877000,2.809000,2.325000
29,6,3,2.583800,2.105000,4.586000,1.301000,3.025000,1.902000
29,7,3,2.662400,1.977000,3.109000,3.949000,2.646000,1.631000
29,8,3,3.102000,2.268000,3.404000,4.681000,2.959000,2.198000
29,9,3,3.357800,1.449000,3.451000,3.583000,3.866000,4.440000
29,10,3,3.014000,2.155000,5.198000,1.929000,2.131000,3.657000
29,11,3,2.073000,1.957000,1.628000,3.333000,1.844000,1.603000
29,12,3,2.149000,2.290000,1.645000,1.560000,3.611000,1.639000
29,13,3,3.065400,1.279000,4.092000,4.845000,1.805000,3.306000
29,14,3,2.822400,3.512000,2.517000,2.405000,2.286000,3.392000
29,15,3,2.742400,1.994000,3.450000,1.643000,4.361000,2.264000
29,16,3,3.019800,2.281000,4.264000,3.132000,1.740000,3.682000
29,17,3,2.352000,1.215000,3.149000,2.756000,2.354000,2.286000
29,18,3,3.503600,3.527000,4.461000,3.471000,2.310000,3.749000
29,19,3,2.986000,1.817000,4.276000,2.902000,2.052000,3.883000
30,0,0,2.106400,3.489000,1.435000,1.822000,1.302000,2.484000
30,1,0,2.544000,1.857000,1.737000,3.624000,2.010000,3.492000
30,2,0,2.214200,2.884000,1.082000,2.650000,2.115000,2.340000
30,3,0,1.663000,1.945000,1.422000,1.483000,1.304000,2.161000
30,4,0,2.296400,1.883000,1.516000,3.020000,2.077000,2.986000
30,5,0,1.645800,1.919000,1.249000,1.268000,1.848000,1.945000
30,6,0,2.049800,2.605000,1.067000,2.062000,2.174000,2.341000
30,7,0,1.776800,2.514000,1.283000,1.299000,1.286000,2.502000
30,8,0,2.364600,1.881000,1.315000,3.579000,2.376000,2.672000
30,9,0,1.842000,1.755000,1.460000,1.713000,1.305000,2.977000
30,10,0,2.110800,1.180000,1.389000,2.956000,2.114000,2.915000
30,11,0,2.117600,2.088000,1.170000,2.956000,2.311000,2.063000
30,12,0,1.972600,1.346000,1.544000,2.117000,2.137000,2.719000
30,13,0,2.321600,2.274000,1.153000,3.480000,1.972000,2.729000
30,14,0,1.781000,2.548000,1.595000,1.490000,1.474000,1.798000
30,15,0,2.073400,1.196000,1.973000,2.633000,2.356000,2.209000
30,16,0,1.941000,1.395000,1.092000,1.768000,2.654000,2.796000
30,17,0,2.057000,1.794000,1.761000,2.522000,1.608000,2.600000
30,18,0,2.444800,2.796000,1.515000,3.125000,2.930000,1.858000
30,19,0,1.759400,1.435000,1.418000,1.614000,1.415000,2.915000
30,20,1,2.696200,1.946000,1.951000,2.931000,2.634000,4.019000
30,21,1,2.183800,2.548000,1.731000,1.463000,2.205000,2.972000
30,22,1,1.965800,1.664000,1.415000,2.035000,2.199000,2.516000
30,23,1,2.037800,1.979000,1.862000,2.567000,1.365000,2.416000
30,24,1,1.768800,1.666000,1.454000,1.664000,1.135000,2.925000
30,25,1,2.085200,2.218000,1.592000,1.621000,2.705000,2.290000
30,26,1,1.941600,2.703000,1.566000,1.524000,2.005000,1.910000
30,27,1,2.362800,2.535000,0.976000,3.241000,2.566000,2.496000
30,28,1,1.980000,1.485000,1.581000,2.364000,2.039000,2.431000
30,29,1,2.345800,3.142000,1.450000,3.077000,1.387000,2.673000
30,30,1,2.038200,1.535000,1.145000,2.136000,3.263000,2.112000
30,31,1,1.842800,2.371000,1.306000,2.619000,1.170000,1.748000
30,32,1,1.967400,2.221000,1.707000,1.619000,1.707000,2.583000
30,33,1,2.156200,1.979000,1.309000,3.162000,1.975000,2.356000
30,34,1,1.956400,1.574000,1.977000,2.080000,2.697000,1.454000
30,35,1,1.904800,2.359000,1.502000,1.774000,1.493000,2.396000
30,36,1,2.130400,1.955000,1.882000,2.557000,1.381000,2.877000
30,37,1,2.444000,2.832000,1.568000,2.560000,1.557000,3.703000
30,38,1,2.262400,2.253000,0.925000,2.844000,2.273000,3.017000
30,39,1,2.185800,2.139000,2.554000,1.603000,2.371000,2.262000
30,40,2,2.058400,3.267000,1.313000,2.386000,1.514000,1.812000
30,41,2,2.005000,1.790000,1.694000,2.302000,1.817000,2.422000
30,42,2,2.037200,1.570000,2.320000,3.141000,1.121000,2.034000
30,43,2,1.985400,1.293000,1.772000,3.084000,1.954000,1.824000
30,44,2,1.759400,1.538000,1.208000,1.620000,2.680000,1.751000
30,45,2,1.704800,1.664000,1.276000,1.370000,2.091000,2.123000
30,46,2,2.400000,1.462000,1.959000,5.444000,1.583000,1.552000
30,47,2,1.759600,1.610000,1.788000,1.661000,2.129000,1.610000
30,48,2,1.717400,2.292000,1.152000,2.025000,1.184000,1.934000
30,49,2,1.546000,1.516000,1.306000,1.860000,1.374000,1.674000
30,50,2,1.816800,2.344000,1.290000,2.375000,1.244000,1.831000
30,51,2,2.663000,4.386000,1.308000,2.987000,2.117000,2.517000
30,52,2,1.993200,2.363000,1.570000,1.591000,1.980000,2.462000
30,53,2,1.936400,1.754000,1.463000,2.399000,2.171000,1.895000
30,54,2,2.250600,2.167000,1.703000,2.479000,1.956000,2.948000
30,55,2,1.917800,1.824000,1.491000,2.677000,1.849000,1.748000
30,56,2,2.127000,3.550000,1.402000,2.570000,1.217000,1.896000
30,57,2,2.408800,3.437000,1.396000,3.090000,2.056000,2.065000
30,58,2,1.697400,1.508000,1.316000,1.545000,1.200000,2.918000
30,59,2,2.280800,1.609000,1.007000,2.488000,2.926000,3.374000
30,60,3,3.156200,2.454000,3.342000,2.600000,3.880000,3.505000
30,61,3,3.614600,4.632000,3.390000,3.713000,2.636000,3.702000
30,62,3,3.135600,4.434000,3.515000,4.077000,1.631000,2.021000
30,63,3,3.118000,3.964000,3.300000,1.753000,3.313000,3.260000
30,64,3,3.392600,3.659000,2.888000,4.952000,3.218000,2.246000
30,65,3,2.179600,1.774000,2.306000,2.523000,2.198000,2.097000
30,66,3,3.120400,3.936000,3.035000,2.541000,3.980000,2.110000
30,67,3,2.205400,3.778000,1.346000,2.738000,1.265000,1.900000
30,68,3,2.831600,2.966000,3.784000,1.271000,2.297000,3.840000
30,69,3,2.251800,4.073000,1.534000,1.724000,1.619000,2.309000
30,70,3,3.042400,2.126000,3.314000,3.702000,3.640000,2.430000
30,71,3,3.617200,4.968000,2.050000,4.918000,2.171000,3.979000
30,72,3,2.853400,2.055000,4.215000,1.550000,1.300000,5.147000
30,73,3,2.889200,2.941000,2.758000,2.767000,2.201000,3.779000
30,74,3,2.449200,2.171000,3.556000,2.485000,1.395000,2.639000
30,75,3,3.419400,5.301000,3.375000,2.768000,3.480000,2.173000
30,76,3,2.415600,3.300000,2.367000,2.118000,1.549000,2.744000
30,77,3,2.663200,1.220000,2.364000,3.096000,4.630000,2.006000
30,78,3,3.407800,3.428000,4.016000,2.658000,3.042000,3.895000
30,79,3,3.546800,4.625000,3.649000,3.203000,2.215000,4.042000
30,80,4,1.881400,1.351000,1.340000,1.618000,2.103000,2.995000
30,81,4,2.154600,2.145000,1.522000,2.695000,1.976000,2.435000
30,82,4,2.249600,2.724000,1.566000,2.199000,1.715000,3.044000
30,83,4,2.022600,2.027000,2.506000,1.737000,1.972000,1.871000
30,84,4,2.074600,2.750000,1.912000,1.658000,2.343000,1.710000
30,85,4,2.651800,4.812000,1.001000,2.621000,2.111000,2.714000
30,86,4,1.904400,2.129000,1.508000,1.693000,1.870000,2.322000
30,87,4,2.800600,3.801000,1.619000,1.475000,3.261000,3.847000
30,88,4,1.846000,2.260000,1.461000,1.685000,1.173000,2.651000
30,89,4,1.726400,1.907000,1.230000,1.545000,1.423000,2.527000
30,90,4,2.317000,2.396000,1.681000,3.522000,1.403000,2.583000
30,91,4,1.803200,2.032000,1.099000,1.481000,2.387000,2.017000
30,92,4,2.784800,2.247000,1.280000,3.320000,3.312000,3.765000
30,93,4,2.471000,1.964000,2.533000,2.728000,2.710000,2.420000
30,94,4,2.009600,1.414000,1.375000,3.190000,1.676000,2.393000
30,95,4,2.039000,2.236000,1.729000,1.888000,1.302000,3.040000
30,96,4,1.835200,2.045000,1.172000,1.724000,1.371000,2.864000
30,97,4,2.589800,1.797000,1.595000,2.441000,4.579000,2.537000
30,98,4,2.038000,2.352000,1.815000,1.503000,2.054000,2.466000
30,99,4,2.402600,1.608000,1.179000,1.706000,3.242000,4.278000
31,0,3,3.938800,4.324000,2.957000,3.763000,4.656000,3.994000
31,1,3,3.061800,2.354000,1.627000,4.457000,2.827000,4.044000
31,2,3,1.619600,1.963000,1.395000,1.499000,1.938000,1.303000
31,3,3,2.081400,1.459000,2.462000,3.429000,1.749000,1.308000
31,4,3,2.060200,1.422000,1.172000,2.174000,4.063000,1.470000
31,5,3,2.644600,1.664000,1.770000,3.912000,4.812000,1.065000
31,6,3,3.145000,4.358000,1.220000,4.315000,3.878000,1.954000
31,7,3,2.468800,1.460000,1.252000,3.773000,3.636000,2.223000
31,8,3,2.826800,1.619000,2.342000,3.997000,3.503000,2.673000
31,9,3,2.727400,1.582000,3.622000,3.793000,2.417000,2.223000
31,10,3,3.012400,4.134000,1.511000,5.147000,2.903000,1.367000
31,11,3,2.793400,3.153000,1.206000,3.764000,4.119000,1.725000
31,12,3,2.658800,1.867000,0.935000,3.094000,3.760000,3.638000
31,13,3,2.495000,1.602000,1.498000,3.581000,4.614000,1.180000
31,14,3,2.669000,2.022000,2.396000,3.026000,4.185000,1.716000
31,15,3,3.300800,1.683000,3.270000,3.836000,4.447000,3.268000
31,16,3,2.866000,1.734000,1.953000,3.681000,3.969000,2.993000
31,17,3,2.423800,2.369000,1.317000,4.186000,3.054000,1.193000
31,18,3,2.547000,2.369000,1.343000,4.327000,2.392000,2.304000
31,19,3,2.579400,1.581000,1.212000,3.631000,4.194000,2.279000
32,0,3,3.068800,2.076000,4.323000,2.331000,2.636000,3.978000
32,1,3,3.995800,4.015000,4.630000,3.155000,4.745000,3.434000
32,2,3,3.252600,2.685000,4.576000,3.478000,3.461000,2.063000
32,3,3,2.693800,1.846000,2.656000,1.392000,3.809000,3.766000
32,4,3,3.755200,4.141000,3.653000,3.327000,3.714000,3.941000
32,5,3,2.417400,1.687000,4.397000,1.521000,2.428000,2.054000
32,6,3,2.803200,2.489000,4.135000,2.151000,3.015000,2.226000
32,7,3,2.875200,2.988000,4.079000,2.022000,1.179000,4.108000
32,8,3,2.784000,3.704000,3.318000,2.222000,1.966000,2.710000
32,9,3,3.930800,3.206000,4.296000,4.702000,4.077000,3.373000
32,10,3,3.331200,2.822000,4.263000,2.862000,2.941000,3.768000
32,11,3,3.235000,2.322000,3.891000,3.782000,2.177000,4.003000
32,12,3,3.169400,2.561000,5.455000,3.385000,2.773000,1.673000
32,13,3,3.130200,5.074000,3.267000,2.024000,1.674000,3.612000
32,14,3,2.122800,3.092000,3.083000,1.859000,1.297000,1.283000
32,15,3,2.855600,2.838000,3.260000,2.202000,3.695000,2.283000
32,16,3,2.882600,2.078000,4.083000,1.796000,2.522000,3.934000
32,17,3,2.653200,2.446000,2.278000,1.334000,2.759000,4.449000
32,18,3,2.884000,2.598000,2.132000,2.226000,4.155000,3.309000
32,19,3,3.255200,1.783000,4.607000,3.038000,2.857000,3.991000
33,0,3,2.386600,1.990000,1.422000,3.796000,2.712000,2.013000
33,1,3,2.022800,1.487000,3.166000,1.355000,1.559000,2.547000
33,2,3,2.305800,2.686000,2.278000,1.577000,1.531000,3.457000
33,3,3,2.620000,2.513000,4.481000,2.206000,1.689000,2.211000
33,4,3,3.387200,3.754000,4.423000,2.083000,2.599000,4.077000
33,5,3,3.078000,1.985000,4.498000,3.657000,2.399000,2.851000
33,6,3,3.021400,2.430000,2.922000,3.781000,2.201000,3.773000
33,7,3,3.191600,3.370000,3.639000,3.405000,1.903000,3.641000
33,8,3,3.285600,4.277000,2.526000,3.055000,2.898000,3.672000
33,9,3,2.573400,3.382000,1.535000,4.591000,1.486000,1.873000
33,10,3,2.188400,2.122000,3.182000,1.599000,1.701000,2.338000
33,11,3,2.796600,4.053000,1.510000,2.644000,3.585000,2.191000
33,12,3,2.715600,4.266000,1.987000,3.482000,1.600000,2.243000
33,13,3,3.384000,4.215000,3.651000,2.737000,3.728000,2.589000
33,14,3,1.711400,1.742000,1.265000,1.893000,1.887000,1.770000
33,15,3,2.776800,2.873000,2.675000,4.161000,1.832000,2.343000
33,16,3,1.897400,1.328000,1.027000,2.902000,1.926000,2.304000
33,17,3,3.279600,4.001000,4.491000,2.582000,1.625000,3.699000
33,18,3,2.476200,1.566000,2.480000,4.007000,2.160000,2.168000
33,19,3,2.925800,3.094000,1.110000,2.652000,4.188000,3.585000
34,0,3,3.772600,2.403000,4.261000,3.545000,4.017000,4.637000
34,1,3,2.707200,1.131000,2.690000,3.463000,4.004000,2.248000
34,2,3,2.038200,1.988000,3.238000,2.379000,1.489000,1.097000
34,3,3,2.676000,1.311000,1.471000,3.875000,5.048000,1.675000
34,4,3,2.297200,1.223000,3.586000,2.026000,2.511000,2.140000
34,5,3,2.832600,3.159000,2.852000,3.626000,2.895000,1.631000
34,6,3,2.773000,3.328000,2.785000,2.122000,4.192000,1.438000
34,7,3,2.167200,1.552000,1.963000,3.086000,2.541000,1.694000
34,8,3,2.431400,1.880000,4.285000,2.489000,1.974000,1.529000
34,9,3,3.227200,3.344000,3.055000,2.379000,3.509000,3.849000
34,10,3,2.552800,2.528000,1.171000,3.156000,4.771000,1.138000
34,11,3,2.553200,1.847000,2.880000,2.463000,3.337000,2.239000
34,12,3,2.712000,3.779000,1.683000,3.275000,3.823000,1.000000
34,13,3,2.724400,3.726000,2.143000,3.427000,2.282000,2.044000
34,14,3,3.073600,3.424000,1.666000,1.893000,5.083000,3.302000
34,15,3,2.214200,2.363000,1.987000,1.720000,2.339000,2.662000
34,16,3,2.822200,3.003000,2.480000,1.919000,3.669000,3.040000
34,17,3,2.636200,1.710000,1.996000,4.111000,2.003000,3.361000
34,18,3,2.173200,1.469000,2.470000,2.374000,3.309000,1.244000
34,19,3,3.281200,3.035000,3.592000,2.357000,4.878000,2.544000
35,0,3,1.818600,3.037000,1.365000,1.065000,1.407000,2.219000
35,1,3,3.034800,4.597000,2.727000,2.461000,1.683000,3.706000
35,2,3,3.291200,3.509000,2.232000,4.947000,2.325000,3.443000
35,3,3,3.155200,4.372000,1.920000,3.682000,3.149000,2.653000
35,4,3,2.786000,1.655000,4.776000,2.392000,1.496000,3.611000
35,5,3,3.668200,3.546000,4.274000,5.074000,1.809000,3.638000
35,6,3,2.723000,1.148000,2.271000,4.515000,1.394000,4.287000
35,7,3,3.244800,4.203000,3.923000,1.629000,2.599000,3.870000
35,8,3,2.816600,3.883000,3.015000,2.020000,3.157000,2.008000
35,9,3,3.717800,4.567000,3.668000,4.549000,2.327000,3.478000
35,10,4,1.516400,2.507000,1.301000,1.297000,1.155000,1.322000
35,11,3,2.426000,3.981000,1.176000,3.965000,1.152000,1.856000
35,12,3,2.195600,3.830000,3.108000,1.184000,1.034000,1.822000
35,13,3,3.197600,2.569000,3.020000,2.103000,4.343000,3.953000
35,14,4,1.750800,2.352000,1.001000,2.341000,1.264000,1.796000
35,15,3,2.658400,3.451000,3.205000,3.694000,1.709000,1.233000
35,16,3,2.590400,2.542000,2.265000,2.378000,1.683000,4.084000
35,17,4,2.209000,2.160000,2.054000,1.455000,2.874000,2.502000
35,18,4,2.199200,2.401000,2.720000,2.703000,1.787000,1.385000
35,19,4,1.683600,1.568000,1.461000,1.903000,1.295000,2.191000
36,0,3,2.761600,2.823000,3.379000,1.298000,3.491000,2.817000
36,1,3,2.940200,3.580000,1.136000,4.185000,3.114000,2.686000
36,2,3,2.685200,4.408000,3.667000,1.116000,1.462000,2.773000
36,3,3,3.658600,3.763000,3.845000,3.688000,3.802000,3.195000
36,4,3,2.039000,2.618000,0.800000,3.313000,1.846000,1.618000
36,5,3,3.295600,3.663000,4.611000,3.663000,3.412000,1.129000
36,6,3,2.840800,2.524000,3.515000,2.177000,3.021000,2.967000
36,7,3,2.951000,3.542000,4.308000,1.377000,3.818000,1.710000
36,8,3,1.911200,1.166000,1.969000,1.900000,2.793000,1.728000
36,9,3,2.513000,1.037000,3.849000,1.363000,3.744000,2.572000
36,10,3,2.636600,2.463000,2.471000,2.982000,3.588000,1.679000
36,11,3,3.154200,2.603000,3.067000,4.528000,2.236000,3.337000
36,12,3,3.513400,4.701000,2.801000,3.160000,3.199000,3.706000
36,13,3,1.964400,1.305000,2.165000,2.085000,1.221000,3.046000
36,14,3,3.362800,4.431000,4.300000,1.319000,3.298000,3.466000
36,15,3,2.889000,2.718000,4.414000,1.193000,3.307000,2.813000
36,16,3,2.824600,2.121000,3.406000,2.788000,3.250000,2.558000
36,17,3,2.664800,1.670000,3.837000,2.891000,3.507000,1.419000
36,18,3,2.193400,2.392000,4.179000,1.797000,1.145000,1.454000
36,19,3,2.204200,1.362000,4.109000,1.527000,1.501000,2.522000
37,0,3,2.929800,4.992000,3.715000,1.396000,2.535000,2.011000
37,1,3,3.010400,2.926000,1.917000,3.845000,1.861000,4.503000
37,2,3,3.994600,5.124000,2.925000,4.276000,2.454000,5.194000
37,3,3,3.502600,4.450000,2.856000,3.254000,3.445000,3.508000
37,4,3,3.673400,3.904000,2.441000,4.411000,4.177000,3.434000
37,5,3,3.558000,4.528000,3.789000,3.812000,4.487000,1.174000
37,6,3,2.374400,1.326000,3.748000,1.182000,4.372000,1.244000
37,7,3,1.623200,2.536000,2.188000,1.030000,1.414000,0.948000
37,8,3,2.569000,2.421000,2.315000,2.056000,2.530000,3.523000
37,9,3,3.359600,4.841000,2.419000,2.164000,2.740000,4.634000
37,10,3,3.122200,2.941000,1.673000,2.700000,3.671000,4.626000
37,11,3,3.051400,2.905000,2.326000,2.122000,3.292000,4.612000
37,12,3,2.268200,3.666000,2.068000,0.941000,2.819000,1.847000
37,13,3,3.675400,4.387000,2.323000,4.299000,3.011000,4.357000
37,14,3,3.805400,4.811000,4.795000,3.363000,1.638000,4.420000
37,15,3,2.979800,1.306000,2.720000,4.065000,3.177000,3.631000
37,16,3,1.693400,1.563000,2.185000,1.241000,2.469000,1.009000
37,17,3,3.037000,4.264000,2.366000,3.817000,2.485000,2.253000
37,18,3,3.031600,4.275000,2.196000,3.607000,1.941000,3.139000
37,19,3,3.211800,5.094000,3.085000,1.977000,1.446000,4.457000
38,0,3,4.187600,4.870000,3.945000,4.282000,3.646000,4.195000
38,1,3,2.683800,2.426000,2.750000,2.433000,2.348000,3.462000
38,2,3,2.643000,3.878000,1.955000,2.575000,1.813000,2.994000
38,3,3,3.403800,3.985000,4.072000,4.253000,1.405000,3.304000
38,4,3,3.154200,1.763000,3.839000,3.901000,2.191000,4.077000
38,5,3,3.680600,3.595000,4.617000,2.502000,4.247000,3.442000
38,6,3,3.340400,4.688000,4.332000,2.304000,2.906000,2.472000
38,7,3,4.083800,4.553000,4.675000,4.014000,4.389000,2.788000
38,8,3,3.126200,2.244000,2.996000,2.798000,3.913000,3.680000
38,9,3,3.172800,3.373000,2.030000,3.227000,4.451000,2.783000
38,10,3,3.126400,3.212000,3.516000,2.596000,3.903000,2.405000
38,11,3,3.029400,1.618000,3.727000,3.573000,2.127000,4.102000
38,12,3,3.746200,5.096000,3.088000,3.538000,4.059000,2.950000
38,13,3,3.551800,4.292000,3.637000,3.789000,4.161000,1.880000
38,14,3,3.489000,2.018000,4.091000,3.413000,5.090000,2.833000
38,15,3,3.701800,3.282000,3.716000,4.110000,5.000000,2.401000
38,16,3,3.597400,1.423000,2.946000,4.804000,5.310000,3.504000
38,17,3,3.698000,3.122000,2.046000,4.024000,4.386000,4.912000
38,18,3,3.856800,3.247000,4.734000,4.065000,4.393000,2.845000
38,19,3,2.291000,2.655000,1.707000,3.349000,1.302000,2.442000
39,0,3,3.864600,5.290000,2.806000,5.351000,3.980000,1.896000
39,1,3,3.350600,2.802000,4.197000,4.562000,2.744000,2.448000
39,2,3,3.343000,3.993000,2.946000,3.408000,4.092000,2.276000
39,3,3,3.313200,3.792000,3.666000,3.943000,3.656000,1.509000
39,4,3,2.990200,1.927000,4.960000,4.651000,1.079000,2.334000
39,5,3,2.837600,3.838000,1.892000,3.987000,3.048000,1.423000
39,6,3,3.604200,5.333000,3.286000,3.463000,4.211000,1.728000
39,7,3,3.438400,4.350000,2.256000,4.220000,4.302000,2.064000
39,8,3,3.215600,5.228000,2.813000,1.863000,4.329000,1.845000
39,9,3,3.329800,4.923000,2.189000,4.789000,1.322000,3.426000
39,10,3,3.261600,4.432000,4.495000,2.853000,2.664000,1.864000
39,11,3,2.438600,1.986000,3.015000,3.821000,1.514000,1.857000
39,12,3,3.838800,4.983000,5.022000,3.980000,3.591000,1.618000
39,13,3,3.255000,4.500000,4.132000,2.709000,2.578000,2.356000
39,14,3,3.541400,3.986000,5.154000,2.650000,4.330000,1.587000
39,15,3,4.187800,3.910000,4.242000,3.329000,4.285000,5.173000
39,16,3,3.264000,4.228000,4.062000,2.982000,3.338000,1.710000
39,17,3,3.454000,5.242000,4.323000,3.324000,2.543000,1.838000
39,18,3,3.941200,4.689000,4.530000,3.915000,3.552000,3.020000
39,19,3,2.872800,3.110000,3.975000,2.884000,2.844000,1.551000
40,0,0,2.183400,2.719000,1.737000,3.198000,1.489000,1.774000
40,1,0,3.101600,4.702000,2.784000,2.508000,1.970000,3.544000
40,2,0,2.015400,1.998000,1.160000,1.243000,3.689000,1.987000
40,3,0,1.706000,2.329000,1.189000,2.366000,1.295000,1.351000
40,4,0,1.681800,1.690000,1.670000,2.047000,1.279000,1.723000
40,5,0,1.923800,1.534000,1.302000,1.924000,1.381000,3.478000
40,6,0,2.088200,2.966000,1.821000,1.751000,1.349000,2.554000
40,7,0,1.886400,1.310000,1.790000,1.790000,1.165000,3.377000
40,8,0,1.893400,2.732000,1.319000,2.418000,1.424000,1.574000
40,9,0,1.929600,1.983000,1.983000,1.395000,1.500000,2.787000
40,10,0,1.547600,1.499000,1.280000,2.183000,1.199000,1.577000
40,11,0,2.630800,1.683000,3.570000,2.464000,2.114000,3.323000
40,12,0,1.698000,1.698000,1.122000,2.052000,1.898000,1.720000
40,13,0,2.159000,2.712000,2.662000,1.989000,1.460000,1.972000
40,14,0,2.765600,2.867000,2.146000,2.336000,3.901000,2.578000
40,15,0,1.624000,2.508000,1.263000,1.449000,1.331000,1.569000
40,16,0,2.062000,3.001000,1.268000,1.346000,1.809000,2.886000
40,17,0,1.920000,1.897000,1.650000,1.545000,1.466000,3.042000
40,18,0,1.973200,2.398000,1.301000,2.574000,1.491000,2.102000
40,19,0,2.101200,1.530000,2.027000,1.395000,2.817000,2.737000
40,20,1,2.132200,2.260000,1.834000,2.045000,1.649000,2.873000
40,21,1,1.986600,2.630000,2.438000,1.329000,1.447000,2.089000
40,22,1,2.108000,2.181000,2.532000,2.257000,1.532000,2.038000
40,23,1,1.971600,1.762000,2.393000,2.638000,1.658000,1.407000
40,24,1,2.150400,2.840000,1.632000,2.149000,1.427000,2.704000
40,25,1,2.248200,2.459000,1.810000,2.763000,2.018000,2.191000
40,26,1,2.376200,3.952000,2.447000,2.088000,1.969000,1.425000
40,27,1,2.140800,2.100000,2.148000,1.544000,1.378000,3.534000
40,28,1,1.862600,2.076000,2.166000,1.838000,1.588000,1.645000
40,29,1,1.841200,2.378000,1.921000,1.742000,1.978000,1.187000
40,30,1,1.871200,1.899000,1.954000,2.689000,1.428000,1.386000
40,31,1,2.186400,1.593000,2.389000,1.850000,2.825000,2.275000
40,32,1,1.857800,2.383000,1.600000,1.627000,1.902000,1.777000
40,33,1,1.693000,1.534000,1.742000,1.811000,1.855000,1.523000
40,34,1,2.118400,2.685000,2.257000,1.318000,2.823000,1.509000
40,35,1,3.112200,4.611000,2.635000,2.600000,3.520000,2.195000
40,36,1,2.099000,2.834000,2.724000,1.883000,1.415000,1.639000
40,37,1,2.467800,2.127000,2.515000,2.317000,2.982000,2.398000
40,38,1,2.202000,2.293000,1.808000,1.584000,2.657000,2.668000
40,39,1,2.557400,2.625000,2.391000,3.372000,2.057000,2.342000
40,40,2,1.908400,1.460000,1.416000,3.729000,1.592000,1.345000
40,41,2,1.889000,2.051000,1.093000,2.433000,1.414000,2.454000
40,42,2,2.263800,1.920000,1.463000,4.599000,1.585000,1.752000
40,43,2,2.259400,3.057000,2.138000,3.327000,1.274000,1.501000
40,44,2,2.298400,3.381000,1.359000,3.070000,1.367000,2.315000
40,45,2,1.959800,2.018000,1.542000,1.676000,1.700000,2.863000
40,46,2,2.400200,4.292000,1.774000,2.366000,2.212000,1.357000
40,47,2,1.844600,2.272000,1.262000,2.288000,1.759000,1.642000
40,48,2,2.105400,1.112000,2.766000,1.914000,2.193000,2.542000
40,49,2,1.807200,2.029000,3.066000,1.452000,1.200000,1.289000
40,50,2,1.541400,1.995000,1.439000,1.682000,0.976000,1.615000
40,51,2,1.575800,2.037000,1.638000,1.699000,1.298000,1.207000
40,52,2,2.078000,3.977000,1.582000,2.063000,1.317000,1.451000
40,53,2,1.789800,1.595000,1.457000,2.106000,1.418000,2.373000
40,54,2,1.727000,1.875000,1.676000,2.633000,1.149000,1.302000
40,55,2,2.058200,1.500000,1.614000,3.482000,2.300000,1.395000
40,56,2,2.108200,2.170000,1.513000,2.995000,1.375000,2.488000
40,57,2,1.655800,1.998000,1.719000,1.665000,1.470000,1.427000
40,58,2,1.582400,2.158000,1.544000,1.724000,1.082000,1.404000
40,59,2,1.797400,2.529000,1.656000,1.869000,1.163000,1.770000
40,60,3,4.015400,4.439000,4.097000,4.773000,4.002000,2.766000
40,61,3,3.451400,4.116000,3.020000,2.863000,3.076000,4.182000
40,62,3,2.710600,4.690000,2.146000,3.282000,1.515000,1.920000
40,63,3,3.505400,4.107000,2.318000,3.753000,4.422000,2.927000
40,64,3,3.996400,4.588000,3.840000,4.995000,3.875000,2.684000
40,65,3,2.951200,4.040000,1.686000,2.719000,4.536000,1.775000
40,66,3,3.765800,3.950000,2.173000,4.478000,4.346000,3.882000
40,67,3,3.255800,3.685000,1.512000,4.617000,2.672000,3.793000
40,68,3,3.506800,4.090000,2.914000,3.376000,3.652000,3.502000
40,69,3,2.637800,2.756000,2.368000,4.116000,1.323000,2.626000
40,70,3,3.405400,3.502000,2.513000,4.864000,4.568000,1.580000
40,71,3,2.712200,2.412000,1.974000,4.193000,2.717000,2.265000
40,72,3,2.798600,2.939000,1.904000,4.302000,2.672000,2.176000
40,73,3,2.979200,3.640000,1.428000,2.735000,2.096000,4.997000
40,74,3,3.270200,4.474000,1.901000,4.923000,2.809000,2.244000
40,75,3,2.783800,1.988000,3.079000,4.588000,2.468000,1.796000
40,76,3,2.302600,2.384000,2.632000,2.973000,1.419000,2.105000
40,77,3,3.753200,4.251000,4.830000,2.677000,4.672000,2.336000
40,78,3,3.146800,3.303000,2.799000,2.526000,3.764000,3.342000
40,79,3,3.278400,1.963000,3.598000,3.154000,4.621000,3.056000
40,80,4,2.872600,3.055000,4.051000,1.297000,1.626000,4.334000
40,81,4,2.425200,2.508000,3.850000,2.941000,1.351000,1.476000
40,82,4,2.101000,2.701000,1.992000,2.430000,1.451000,1.931000
40,83,4,2.827200,2.683000,4.267000,2.245000,3.057000,1.884000
40,84,4,3.193600,3.013000,5.010000,2.739000,4.055000,1.151000
40,85,4,2.606000,3.466000,3.580000,2.509000,1.108000,2.367000
40,86,4,1.874000,1.711000,1.394000,1.490000,3.351000,1.424000
40,87,4,2.810600,2.558000,3.106000,1.547000,2.621000,4.221000
40,88,4,1.896000,2.331000,1.326000,1.429000,2.128000,2.266000
40,89,4,2.654400,2.956000,1.696000,4.194000,1.540000,2.886000
40,90,4,2.911200,3.878000,3.282000,2.574000,1.923000,2.899000
40,91,4,2.873800,4.049000,2.820000,4.123000,1.896000,1.481000
40,92,4,3.172800,3.851000,3.288000,1.869000,2.277000,4.579000
40,93,4,3.016400,1.656000,4.311000,3.208000,3.687000,2.220000
40,94,4,2.641800,1.635000,2.197000,5.198000,2.726000,1.453000
40,95,4,2.120200,1.531000,2.536000,2.801000,1.283000,2.450000
40,96,4,2.438000,2.971000,2.514000,2.434000,2.666000,1.605000
40,97,4,2.004200,1.293000,2.414000,2.840000,1.144000,2.330000
40,98,4,2.084000,2.315000,3.006000,2.283000,1.627000,1.189000
40,99,4,2.692200,3.186000,3.578000,2.534000,1.796000,2.367000
41,0,3,4.160200,3.622000,4.444000,3.625000,4.295000,4.815000
41,1,3,3.720600,4.362000,3.980000,2.127000,3.706000,4.428000
41,2,3,3.811200,3.195000,4.571000,2.245000,4.282000,4.763000
41,3,3,3.916800,5.052000,4.263000,1.852000,4.564000,3.853000
41,4,3,3.708400,3.971000,1.869000,4.009000,4.372000,4.321000
41,5,3,3.064400,3.196000,3.421000,2.254000,2.835000,3.616000
41,6,3,3.583000,4.248000,4.611000,4.034000,3.636000,1.386000
41,7,3,3.881200,4.268000,3.958000,2.563000,3.758000,4.859000
41,8,3,4.171600,4.504000,4.600000,2.919000,4.533000,4.302000
41,9,3,4.032800,4.984000,3.928000,2.295000,4.581000,4.376000
41,10,3,4.047600,4.484000,2.492000,4.572000,4.415000,4.275000
41,11,3,3.360000,3.432000,3.267000,3.922000,1.956000,4.223000
41,12,3,3.540000,3.557000,3.607000,1.965000,4.617000,3.954000
41,13,3,3.694000,4.295000,3.392000,2.768000,4.415000,3.600000
41,14,3,3.527000,4.721000,3.781000,2.648000,4.672000,1.813000
41,15,3,2.601200,1.234000,3.113000,1.612000,4.517000,2.530000
41,16,3,2.262200,1.437000,4.294000,2.973000,1.031000,1.576000
41,17,3,4.104400,3.896000,4.328000,4.445000,4.045000,3.808000
41,18,3,2.900200,2.504000,4.480000,2.280000,3.329000,1.908000
41,19,3,3.566400,3.820000,2.352000,3.092000,4.244000,4.324000
42,0,3,3.427600,2.915000,4.203000,3.705000,2.827000,3.488000
42,1,3,3.708000,4.203000,3.958000,3.300000,3.620000,3.459000
42,2,3,3.595200,4.096000,4.183000,4.067000,2.874000,2.756000
42,3,3,3.605000,3.791000,4.206000,3.860000,3.364000,2.804000
42,4,3,3.207000,4.491000,3.257000,2.167000,2.822000,3.298000
42,5,3,3.953800,4.103000,4.401000,3.308000,2.626000,5.331000
42,6,3,3.618200,4.042000,1.844000,3.502000,4.316000,4.387000
42,7,3,2.699200,4.096000,3.710000,1.341000,2.221000,2.128000
42,8,3,2.978800,1.582000,4.349000,4.040000,3.032000,1.891000
42,9,3,3.605000,4.294000,2.683000,3.917000,4.595000,2.536000
42,10,3,3.128000,2.563000,2.690000,3.570000,3.901000,2.916000
42,11,3,4.088600,4.605000,3.824000,4.485000,4.136000,3.393000
42,12,3,3.219000,4.522000,3.113000,1.941000,4.350000,2.169000
42,13,3,3.394200,2.432000,1.759000,4.658000,4.105000,4.017000
42,14,3,3.718000,4.014000,2.578000,3.676000,4.459000,3.863000
42,15,3,3.193600,4.267000,2.496000,2.430000,3.815000,2.960000
42,16,3,3.480800,3.868000,3.838000,2.831000,3.373000,3.494000
42,17,3,3.489800,3.820000,3.315000,2.166000,4.055000,4.093000
42,18,3,3.515200,2.018000,4.458000,3.721000,4.548000,2.831000
42,19,3,2.567200,3.511000,2.468000,1.964000,2.422000,2.471000
43,0,3,2.606200,1.385000,1.692000,2.298000,3.382000,4.274000
43,1,3,3.505600,3.939000,3.829000,2.349000,3.463000,3.948000
43,2,3,3.667400,3.913000,4.732000,2.126000,3.094000,4.472000
43,3,3,2.760400,1.389000,2.117000,2.938000,4.053000,3.305000
43,4,3,3.568600,3.775000,3.021000,3.691000,2.943000,4.413000
43,5,3,4.422200,4.434000,4.777000,4.496000,4.711000,3.693000
43,6,3,2.666200,1.705000,2.842000,2.834000,3.121000,2.829000
43,7,3,3.062000,3.305000,3.911000,2.064000,1.460000,4.570000
43,8,3,3.241600,3.888000,1.978000,2.018000,4.238000,4.086000
43,9,3,2.126400,1.563000,4.446000,1.606000,1.469000,1.548000
43,10,3,3.272600,3.636000,4.777000,3.870000,2.282000,1.798000
43,11,3,3.255200,3.089000,3.496000,3.238000,2.304000,4.149000
43,12,3,2.983200,2.934000,3.418000,3.165000,3.971000,1.428000
43,13,3,4.313400,4.831000,3.734000,4.304000,3.958000,4.740000
43,14,3,2.540200,1.954000,1.655000,3.357000,1.650000,4.085000
43,15,3,3.837200,5.327000,2.954000,4.118000,1.967000,4.820000
43,16,3,4.320200,4.422000,4.759000,3.602000,4.211000,4.607000
43,17,3,3.285600,2.357000,4.622000,2.207000,2.687000,4.555000
43,18,3,3.068200,3.258000,2.418000,2.998000,2.730000,3.937000
43,19,3,3.237000,4.341000,4.957000,1.342000,1.978000,3.567000
44,0,3,2.949800,3.655000,1.940000,2.429000,3.749000,2.976000
44,1,3,3.214000,4.130000,2.952000,1.845000,2.693000,4.450000
44,2,3,2.643400,2.222000,2.103000,2.344000,2.458000,4.090000
44,3,3,2.461000,4.177000,2.004000,1.344000,3.295000,1.485000
44,4,3,2.753400,3.503000,4.269000,1.656000,1.595000,2.744000
44,5,3,3.242400,4.804000,1.787000,2.128000,3.757000,3.736000
44,6,3,2.362800,2.123000,2.207000,2.502000,1.632000,3.350000
44,7,3,2.442400,3.128000,1.660000,1.825000,3.323000,2.276000
44,8,3,3.184200,4.285000,1.354000,3.716000,3.977000,2.589000
44,9,3,2.792000,3.164000,1.588000,1.971000,4.316000,2.921000
44,10,3,2.952000,4.445000,3.983000,1.675000,2.398000,2.259000
44,11,3,2.682400,3.145000,2.403000,1.659000,2.352000,3.853000
44,12,3,2.019200,3.242000,1.976000,0.957000,2.023000,1.898000
44,13,3,2.841400,2.011000,4.276000,1.333000,2.670000,3.917000
44,14,3,3.224000,4.898000,2.883000,2.889000,3.489000,1.961000
44,15,3,2.691400,4.168000,1.279000,3.777000,1.928000,2.305000
44,16,3,2.461200,1.491000,3.734000,1.466000,1.460000,4.155000
44,17,3,3.342000,3.337000,4.598000,2.194000,4.160000,2.421000
44,18,3,3.440600,4.065000,4.311000,1.676000,4.594000,2.557000
44,19,3,2.976200,4.287000,1.857000,2.562000,3.708000,2.467000
45,0,3,2.617200,1.638000,2.686000,1.980000,4.521000,2.261000
45,1,3,3.671800,3.095000,4.716000,2.618000,3.711000,4.219000
45,2,3,3.471600,3.737000,3.301000,2.175000,3.820000,4.325000
45,3,3,2.527200,4.334000,1.992000,2.180000,1.591000,2.539000
45,4,3,2.893000,1.435000,4.042000,2.615000,3.228000,3.145000
45,5,3,3.175800,1.984000,2.558000,3.584000,4.099000,3.654000
45,6,3,2.653400,1.311000,3.062000,2.540000,4.152000,2.202000
45,7,3,3.088000,3.807000,3.432000,1.903000,2.262000,4.036000
45,8,3,4.417000,4.405000,4.687000,3.853000,4.945000,4.195000
45,9,3,3.409200,2.124000,3.882000,2.270000,3.961000,4.809000
45,10,3,2.605400,1.618000,4.032000,2.572000,1.956000,2.849000
45,11,3,2.645000,1.438000,2.826000,2.292000,2.722000,3.947000
45,12,3,3.489400,4.640000,4.320000,2.039000,1.752000,4.696000
45,13,3,4.045000,4.891000,4.154000,2.815000,3.836000,4.529000
45,14,3,3.508000,4.399000,3.829000,1.755000,4.004000,3.553000
45,15,3,2.868000,2.509000,2.415000,2.003000,4.352000,3.061000
45,16,3,3.165800,1.888000,3.470000,2.205000,3.592000,4.674000
45,17,3,3.843000,3.964000,5.256000,2.061000,3.841000,4.093000
45,18,3,3.752000,4.034000,3.523000,3.261000,4.024000,3.918000
45,19,3,3.707000,4.954000,2.056000,2.231000,4.972000,4.322000
46,0,3,3.107400,2.898000,2.088000,2.823000,4.393000,3.335000
46,1,3,2.591600,3.603000,2.112000,3.327000,2.717000,1.199000
46,2,3,3.121800,2.911000,4.358000,1.389000,2.997000,3.954000
46,3,3,3.363600,3.517000,4.229000,3.030000,3.605000,2.437000
46,4,3,3.570400,4.273000,1.716000,2.362000,4.836000,4.665000
46,5,3,4.231800,3.734000,4.782000,4.959000,3.035000,4.649000
46,6,3,3.873400,4.192000,4.561000,2.989000,2.159000,5.466000
46,7,3,3.202800,3.928000,3.961000,3.457000,1.904000,2.764000
46,8,3,2.649000,4.499000,1.532000,3.797000,1.897000,1.520000
46,9,3,2.608400,3.056000,1.511000,1.508000,2.597000,4.370000
46,10,3,3.418800,3.958000,3.336000,0.953000,4.208000,4.639000
46,11,3,3.574200,3.999000,2.785000,4.369000,3.809000,2.909000
46,12,3,3.263200,4.199000,3.298000,3.607000,2.051000,3.161000
46,13,3,3.515800,3.932000,2.109000,4.488000,2.469000,4.581000
46,14,3,2.044600,1.480000,1.734000,1.869000,2.072000,3.068000
46,15,3,3.480600,4.015000,3.134000,4.028000,1.520000,4.706000
46,16,3,4.068600,3.580000,3.077000,4.919000,4.724000,4.043000
46,17,3,2.831600,3.182000,3.759000,2.583000,2.160000,2.474000
46,18,3,3.044400,2.431000,3.984000,1.523000,3.390000,3.894000
46,19,3,3.326200,2.019000,3.232000,4.659000,2.808000,3.913000
47,0,3,2.457200,3.123000,2.054000,1.728000,3.449000,1.932000
47,1,3,3.618200,2.070000,4.215000,3.730000,4.113000,3.963000
47,2,3,4.011800,3.199000,4.102000,4.751000,4.433000,3.574000
47,3,3,4.355600,3.951000,4.544000,4.207000,4.470000,4.606000
47,4,3,2.569000,2.210000,3.096000,3.056000,1.081000,3.402000
47,5,3,4.044800,4.084000,3.971000,4.370000,4.161000,3.638000
47,6,3,3.388800,4.311000,4.428000,3.772000,1.638000,2.795000
47,7,3,3.868000,3.761000,4.232000,3.474000,4.086000,3.787000
47,8,3,2.090800,3.291000,0.946000,1.537000,2.240000,2.440000
47,9,3,3.489400,4.002000,3.475000,3.503000,1.742000,4.725000
47,10,3,4.049600,4.333000,4.233000,4.227000,4.563000,2.892000
47,11,3,4.206000,4.133000,4.109000,5.026000,4.779000,2.983000
47,12,3,3.133600,4.243000,4.198000,2.087000,1.154000,3.986000
47,13,3,3.372800,4.341000,3.433000,3.761000,2.123000,3.206000
47,14,3,3.626800,3.763000,2.667000,4.532000,3.304000,3.868000
47,15,3,3.480400,1.554000,4.185000,4.429000,4.806000,2.428000
47,16,3,2.850400,4.355000,4.106000,1.634000,2.489000,1.668000
47,17,3,3.833400,3.939000,4.239000,5.158000,3.964000,1.867000
47,18,3,3.446800,1.829000,3.819000,5.010000,1.828000,4.748000
47,19,3,3.610800,3.942000,3.723000,4.889000,3.295000,2.205000
48,0,3,2.928400,2.682000,4.716000,2.443000,2.255000,2.546000
48,1,3,2.847000,1.853000,4.562000,1.664000,4.043000,2.113000
48,2,3,2.297000,1.800000,2.951000,1.793000,1.702000,3.239000
48,3,3,3.558800,1.949000,4.536000,1.943000,4.982000,4.384000
48,4,3,2.481200,1.763000,1.873000,3.431000,2.217000,3.122000
48,5,3,2.451000,1.893000,3.868000,2.594000,1.801000,2.099000
48,6,3,3.186400,1.864000,3.936000,4.341000,1.214000,4.577000
48,7,3,3.203600,3.469000,4.097000,4.378000,1.509000,2.565000
48,8,3,2.526400,4.543000,1.837000,1.093000,1.384000,3.775000
48,9,3,2.887200,2.403000,4.446000,1.847000,1.369000,4.371000
48,10,3,3.514000,4.570000,2.356000,2.715000,4.895000,3.034000
48,11,3,3.009000,3.461000,2.924000,4.170000,1.243000,3.247000
48,12,3,3.193000,3.464000,4.057000,1.984000,2.478000,3.982000
48,13,3,2.304400,1.866000,4.331000,1.443000,1.456000,2.426000
48,14,3,3.826600,3.629000,4.131000,3.738000,3.122000,4.513000
48,15,3,3.082800,3.536000,4.233000,2.765000,2.441000,2.439000
48,16,3,3.972400,4.781000,4.419000,4.123000,2.509000,4.030000
48,17,3,3.222800,2.209000,4.062000,3.899000,1.976000,3.968000
48,18,3,2.930200,2.910000,2.307000,2.566000,2.859000,4.009000
48,19,3,3.253000,2.719000,4.844000,4.380000,1.966000,2.356000
49,0,3,3.163800,5.397000,1.891000,1.509000,2.691000,4.331000
49,1,3,3.482000,2.491000,4.413000,4.395000,2.161000,3.950000
49,2,3,3.374400,3.045000,4.159000,2.240000,4.113000,3.315000
49,3,3,3.259000,4.487000,2.862000,1.419000,2.858000,4.669000
49,4,3,2.796400,3.457000,2.422000,1.728000,2.141000,4.234000
49,5,3,3.035800,5.071000,1.996000,1.196000,2.188000,4.728000
49,6,3,2.658800,1.843000,3.441000,2.159000,2.106000,3.745000
49,7,3,2.737600,2.935000,3.835000,1.741000,2.787000,2.390000
49,8,3,3.188400,4.740000,1.535000,2.138000,3.202000,4.327000
49,9,3,3.273800,4.015000,4.387000,1.832000,1.977000,4.158000
49,10,3,4.101800,4.465000,3.407000,2.822000,4.656000,5.159000
49,11,3,4.381400,4.772000,4.218000,3.726000,4.936000,4.255000
49,12,3,2.729400,3.089000,2.245000,2.553000,2.225000,3.535000
49,13,3,3.454400,5.077000,3.277000,2.327000,2.694000,3.897000
49,14,3,3.200800,2.544000,3.532000,2.057000,5.406000,2.465000
49,15,3,3.576600,4.922000,4.000000,2.591000,2.098000,4.272000
49,16,3,3.222400,3.584000,2.952000,2.432000,2.673000,4.471000
49,17,3,2.134800,1.793000,2.480000,2.151000,1.899000,2.351000
49,18,3,3.332400,1.537000,4.567000,2.481000,3.937000,4.140000
49,19,3,2.745400,2.562000,1.465000,4.418000,2.236000,3.046000
50,0,0,1.732600,1.432000,2.413000,1.746000,1.035000,2.037000
50,1,0,1.783200,1.526000,2.260000,2.228000,1.758000,1.144000
50,2,0,1.875000,2.399000,1.772000,2.166000,1.703000,1.335000
50,3,0,2.217000,1.447000,1.823000,2.228000,3.980000,1.607000
50,4,0,1.947400,1.392000,2.027000,1.809000,2.185000,2.324000
50,5,0,2.593600,1.937000,2.199000,4.245000,2.161000,2.426000
50,6,0,1.814200,1.636000,2.424000,2.045000,1.134000,1.832000
50,7,0,1.879400,1.542000,2.183000,2.249000,2.119000,1.304000
50,8,0,1.725200,1.474000,1.590000,2.833000,1.430000,1.299000
50,9,0,1.906800,1.213000,1.636000,2.752000,2.084000,1.849000
50,10,0,2.226600,1.326000,2.993000,1.835000,1.298000,3.681000
50,11,0,1.830000,1.524000,2.020000,2.152000,2.179000,1.275000
50,12,0,2.258800,1.631000,1.660000,3.624000,1.353000,3.026000
50,13,0,2.435000,1.471000,2.417000,2.570000,3.268000,2.449000
50,14,0,1.636200,1.474000,2.018000,1.026000,1.783000,1.880000
50,15,0,2.115400,1.467000,1.620000,1.882000,3.142000,2.466000
50,16,0,1.853400,1.375000,1.980000,1.821000,1.584000,2.507000
50,17,0,1.468000,1.456000,1.946000,1.331000,1.491000,1.116000
50,18,0,1.665200,1.696000,2.180000,1.635000,1.345000,1.470000
50,19,0,1.946600,1.446000,2.416000,2.056000,2.153000,1.662000
50,20,1,1.751400,1.523000,2.082000,2.340000,1.538000,1.274000
50,21,1,2.529600,1.535000,3.524000,2.156000,2.750000,2.683000
50,22,1,2.143000,1.453000,3.383000,1.966000,2.081000,1.832000
50,23,1,1.895400,2.580000,2.211000,2.065000,1.588000,1.033000
50,24,1,2.582000,1.534000,1.925000,2.721000,3.461000,3.269000
50,25,1,1.594200,1.521000,2.238000,1.211000,1.845000,1.156000
50,26,1,1.953800,1.963000,2.167000,1.818000,1.556000,2.265000
50,27,1,1.755200,1.850000,1.921000,1.995000,1.553000,1.457000
50,28,1,1.836000,1.371000,1.866000,1.577000,2.300000,2.066000
50,29,1,1.647800,1.544000,2.340000,1.487000,1.253000,1.615000
50,30,1,1.658200,1.765000,1.901000,2.330000,1.049000,1.246000
50,31,1,1.696600,1.526000,2.194000,2.026000,1.495000,1.242000
50,32,1,1.901200,1.658000,2.221000,1.668000,1.204000,2.755000
50,33,1,1.818600,1.747000,2.062000,1.734000,1.137000,2.413000
50,34,1,1.889600,2.056000,2.235000,1.861000,2.148000,1.148000
50,35,1,1.777000,1.379000,1.934000,2.671000,1.224000,1.677000
50,36,1,2.870200,2.284000,2.471000,3.632000,1.678000,4.286000
50,37,1,1.952600,1.486000,1.720000,1.451000,2.595000,2.511000
50,38,1,1.742000,1.432000,1.909000,1.783000,1.683000,1.903000
50,39,1,2.787200,1.500000,1.810000,4.331000,2.220000,4.075000
50,40,2,2.263000,1.135000,1.870000,2.932000,2.390000,2.988000
50,41,2,2.223800,1.742000,1.877000,2.241000,1.703000,3.556000
50,42,2,2.161400,1.248000,1.652000,2.768000,2.559000,2.580000
50,43,2,1.812600,2.192000,1.940000,2.014000,1.752000,1.165000
50,44,2,2.215600,1.371000,1.756000,2.725000,2.044000,3.182000
50,45,2,1.771200,1.739000,1.664000,1.554000,1.864000,2.035000
50,46,2,2.411400,2.413000,2.122000,2.441000,2.040000,3.041000
50,47,2,2.320000,2.117000,1.732000,1.728000,3.411000,2.612000
50,48,2,1.862000,1.337000,1.903000,1.665000,3.434000,0.971000
50,49,2,2.122600,1.673000,1.661000,2.033000,2.225000,3.021000
50,50,2,2.431800,2.880000,2.270000,2.244000,1.310000,3.455000
50,51,2,2.009200,1.892000,1.843000,2.657000,2.431000,1.223000
50,52,2,2.024000,2.629000,1.676000,1.906000,1.913000,1.996000
50,53,2,1.490800,1.753000,1.766000,1.762000,1.099000,1.074000
50,54,2,1.833200,2.249000,1.832000,1.866000,1.369000,1.850000
50,55,2,1.896600,1.224000,1.750000,2.177000,1.915000,2.417000
50,56,2,1.994200,2.059000,2.102000,1.401000,2.921000,1.488000
50,57,2,1.942600,2.005000,1.848000,2.189000,1.739000,1.932000
50,58,2,1.659400,1.347000,1.886000,2.593000,1.263000,1.208000
50,59,2,2.058400,1.470000,1.820000,2.522000,2.019000,2.461000
50,60,3,3.799000,3.816000,2.089000,4.174000,4.152000,4.764000
50,61,3,2.918400,2.615000,4.336000,2.212000,2.779000,2.650000
50,62,3,3.515400,4.299000,2.159000,4.675000,4.839000,1.605000
50,63,3,3.036200,1.933000,3.159000,4.084000,1.485000,4.520000
50,64,3,3.226400,3.029000,4.785000,3.614000,1.818000,2.886000
50,65,3,2.940400,1.081000,4.790000,3.380000,2.525000,2.926000
50,66,3,3.116600,1.424000,2.815000,5.742000,3.853000,1.749000
50,67,3,3.933400,2.848000,3.285000,3.745000,4.552000,5.237000
50,68,3,3.290800,3.912000,2.064000,4.704000,2.907000,2.867000
50,69,3,3.617200,5.039000,2.196000,4.459000,2.428000,3.964000
50,70,3,2.279600,2.004000,2.781000,2.127000,2.557000,1.929000
50,71,3,3.513800,4.549000,2.022000,3.399000,3.411000,4.188000
50,72,3,3.493600,2.597000,4.760000,2.996000,2.937000,4.178000
50,73,3,2.893800,1.689000,3.598000,2.425000,2.831000,3.926000
50,74,3,2.979600,3.049000,3.101000,2.450000,2.277000,4.021000
50,75,3,2.561600,1.455000,2.262000,2.696000,5.121000,1.274000
50,76,3,3.290600,3.183000,1.922000,3.778000,5.315000,2.255000
50,77,3,3.460600,4.874000,2.069000,3.618000,3.937000,2.805000
50,78,3,2.910000,2.356000,1.983000,3.896000,2.827000,3.488000
50,79,3,3.671600,2.901000,3.928000,4.085000,4.152000,3.292000
50,80,4,2.474600,1.473000,2.152000,2.906000,2.291000,3.551000
50,81,4,1.881400,1.856000,1.833000,2.123000,2.289000,1.306000
50,82,4,1.824000,1.576000,1.974000,2.305000,1.984000,1.281000
50,83,4,2.685200,2.324000,1.930000,4.209000,1.488000,3.475000
50,84,4,2.841400,1.814000,2.508000,3.415000,2.633000,3.837000
50,85,4,2.321000,1.480000,1.849000,2.561000,1.757000,3.958000
50,86,4,2.042600,1.207000,2.342000,4.147000,1.233000,1.284000
50,87,4,2.670200,2.771000,2.083000,3.746000,1.621000,3.130000
50,88,4,2.751600,2.439000,2.584000,1.767000,2.325000,4.643000
50,89,4,2.075600,1.343000,1.964000,1.587000,1.275000,4.209000
50,90,4,1.811400,1.298000,2.114000,2.056000,2.330000,1.259000
50,91,4,2.488600,1.656000,2.537000,4.054000,2.801000,1.395000
50,92,4,1.929000,1.666000,1.826000,2.585000,1.469000,2.099000
50,93,4,2.002400,1.361000,1.998000,3.574000,1.808000,1.271000
50,94,4,1.988800,1.846000,1.780000,3.425000,1.571000,1.322000
50,95,4,2.095000,1.367000,2.041000,2.100000,1.973000,2.994000
50,96,4,1.918000,1.359000,1.789000,1.931000,2.858000,1.653000
50,97,4,2.201200,2.115000,1.773000,3.955000,1.927000,1.236000
50,98,4,2.190800,1.981000,2.034000,3.728000,1.894000,1.317000
50,99,4,1.883800,1.646000,2.147000,1.470000,1.347000,2.809000
51,0,3,3.777800,2.334000,3.258000,4.950000,4.323000,4.024000
51,1,3,4.147200,3.567000,4.806000,4.862000,2.885000,4.616000
51,2,3,3.137200,1.545000,3.063000,2.012000,4.472000,4.594000
51,3,3,3.332000,2.024000,3.565000,3.007000,4.153000,3.911000
51,4,3,4.700600,4.395000,5.278000,4.739000,4.518000,4.573000
51,5,3,4.015200,2.064000,6.057000,4.296000,3.724000,3.935000
51,6,3,4.170800,2.244000,5.525000,4.597000,4.205000,4.283000
51,7,3,3.859200,1.463000,3.666000,5.218000,4.612000,4.337000
51,8,3,3.325600,2.291000,1.578000,4.594000,4.393000,3.772000
51,9,3,3.591400,3.879000,2.030000,4.366000,3.900000,3.782000
51,10,3,3.009400,3.364000,2.187000,3.616000,2.639000,3.241000
51,11,3,3.517800,2.867000,2.161000,4.856000,3.855000,3.850000
51,12,3,2.970800,2.176000,2.138000,4.185000,3.020000,3.335000
51,13,3,3.976600,4.388000,2.683000,4.787000,4.002000,4.023000
51,14,3,3.640000,3.228000,3.265000,4.447000,4.605000,2.655000
51,15,3,3.104600,3.159000,2.115000,3.458000,2.659000,4.132000
51,16,3,3.258800,3.080000,1.791000,4.849000,3.329000,3.245000
51,17,3,3.450400,1.748000,2.694000,4.912000,4.389000,3.509000
51,18,3,2.474000,1.534000,2.295000,2.374000,3.929000,2.238000
51,19,3,3.863800,3.807000,4.097000,4.840000,4.205000,2.370000
52,0,3,3.250000,2.966000,2.417000,3.228000,3.903000,3.736000
52,1,3,3.039200,1.655000,4.633000,3.108000,3.308000,2.492000
52,2,3,3.341400,3.916000,3.572000,3.566000,2.059000,3.594000
52,3,3,3.705600,3.971000,4.362000,3.440000,2.931000,3.824000
52,4,3,2.824600,3.009000,1.599000,4.852000,1.972000,2.691000
52,5,3,3.679000,2.019000,4.342000,4.581000,3.045000,4.408000
52,6,3,2.905400,3.078000,3.576000,4.091000,2.048000,1.734000
52,7,3,3.690200,2.999000,4.275000,5.088000,2.713000,3.376000
52,8,3,3.425400,2.805000,3.903000,3.475000,2.578000,4.366000
52,9,3,2.995200,4.271000,0.945000,2.961000,3.008000,3.791000
52,10,3,3.592800,1.526000,4.051000,4.767000,4.017000,3.603000
52,11,3,2.683400,1.859000,3.509000,2.774000,3.948000,1.327000
52,12,3,3.331600,0.969000,3.696000,3.939000,4.668000,3.386000
52,13,3,2.192200,1.496000,1.465000,4.979000,1.689000,1.332000
52,14,3,3.748400,3.990000,3.025000,4.634000,3.608000,3.485000
52,15,3,3.768200,3.498000,3.354000,4.587000,4.041000,3.361000
52,16,3,2.284800,1.507000,2.321000,2.943000,2.378000,2.275000
52,17,3,2.567000,2.067000,2.999000,1.708000,2.306000,3.755000
52,18,3,2.746200,1.418000,4.681000,2.023000,3.343000,2.266000
52,19,3,2.669000,2.712000,1.510000,4.361000,1.697000,3.065000
53,0,3,3.056400,2.556000,2.607000,4.674000,1.866000,3.579000
53,1,3,3.023800,3.382000,2.692000,2.162000,2.544000,4.339000
53,2,3,3.703000,2.707000,3.559000,4.751000,4.506000,2.992000
53,3,3,3.319600,1.866000,3.261000,4.663000,1.772000,5.036000
53,4,3,4.067600,4.346000,3.967000,4.903000,1.817000,5.305000
53,5,3,3.107600,2.621000,3.316000,5.315000,2.682000,1.604000
53,6,3,4.158200,4.882000,4.130000,3.551000,3.948000,4.280000
53,7,3,3.099800,2.459000,3.863000,3.308000,1.803000,4.066000
53,8,3,4.041200,4.609000,4.774000,5.044000,2.983000,2.796000
53,9,3,3.102200,2.336000,3.586000,3.412000,2.789000,3.388000
53,10,3,4.327800,3.703000,4.051000,5.177000,3.317000,5.391000
53,11,3,3.446400,3.762000,2.997000,3.924000,2.078000,4.471000
53,12,3,3.449000,4.417000,2.568000,3.848000,2.328000,4.084000
53,13,3,4.167200,3.577000,4.119000,3.541000,3.973000,5.626000
53,14,3,3.444400,4.305000,4.041000,2.664000,1.153000,5.059000
53,15,3,4.348400,4.073000,4.649000,4.551000,3.533000,4.936000
53,16,3,2.561400,4.318000,1.289000,1.833000,1.825000,3.542000
53,17,3,2.893800,5.141000,1.628000,4.462000,1.364000,1.874000
53,18,3,3.928200,2.624000,3.651000,5.061000,3.303000,5.002000
53,19,3,3.271400,2.315000,4.169000,4.679000,1.423000,3.771000
54,0,3,3.920800,1.314000,3.211000,5.322000,5.211000,4.546000
54,1,3,3.400600,1.341000,3.907000,4.578000,4.172000,3.005000
54,2,3,2.504000,1.686000,1.726000,3.514000,3.637000,1.957000
54,3,3,3.012000,1.645000,3.540000,3.757000,4.522000,1.596000
54,4,3,3.840400,2.247000,3.140000,4.981000,4.907000,3.927000
54,5,3,3.351800,2.378000,3.048000,3.244000,4.033000,4.056000
54,6,3,3.672600,1.483000,3.202000,4.784000,5.153000,3.741000
54,7,3,3.331600,1.854000,3.748000,3.048000,2.681000,5.327000
54,8,3,3.747000,1.683000,2.504000,4.656000,5.395000,4.497000
54,9,3,3.160800,1.508000,2.453000,4.580000,3.471000,3.792000
54,10,3,3.866400,1.681000,4.105000,4.988000,4.307000,4.251000
54,11,3,3.622600,1.855000,2.842000,4.667000,4.493000,4.256000
54,12,3,4.294200,2.977000,5.958000,4.896000,4.551000,3.089000
54,13,3,3.765200,3.184000,4.469000,3.937000,5.298000,1.938000
54,14,3,4.203200,2.866000,3.665000,4.622000,5.450000,4.413000
54,15,3,3.334600,2.413000,2.234000,5.041000,3.621000,3.364000
54,16,3,3.605800,3.768000,5.716000,2.876000,2.013000,3.656000
54,17,3,2.741600,1.701000,2.018000,1.051000,4.581000,4.357000
54,18,3,3.691000,1.742000,5.209000,4.148000,4.537000,2.819000
54,19,3,2.693200,1.238000,2.078000,4.469000,4.369000,1.312000
55,0,3,2.578000,2.337000,2.941000,1.982000,2.705000,2.925000
55,1,3,3.696400,3.666000,4.377000,4.599000,3.034000,2.806000
55,2,3,2.660800,2.824000,3.541000,2.924000,1.244000,2.771000
55,3,3,3.017200,3.626000,2.351000,2.531000,3.631000,2.947000
55,4,3,3.124000,3.380000,1.706000,4.112000,2.738000,3.684000
55,5,3,2.829400,3.070000,2.549000,2.183000,3.042000,3.303000
55,6,3,2.905600,2.944000,3.249000,4.943000,1.346000,2.046000
55,7,3,3.424600,3.479000,3.645000,3.689000,3.786000,2.524000
55,8,3,3.415000,2.227000,1.988000,4.286000,4.294000,4.280000
55,9,3,3.453400,2.168000,3.237000,4.684000,3.486000,3.692000
55,10,3,3.184600,3.342000,2.947000,2.226000,3.246000,4.162000
55,11,3,3.216800,3.969000,4.191000,3.425000,2.852000,1.647000
55,12,3,3.159200,3.752000,1.185000,4.638000,3.265000,2.956000
55,13,3,3.413000,3.487000,3.113000,2.008000,3.397000,5.060000
55,14,3,2.640000,1.910000,1.678000,5.124000,3.105000,1.383000
55,15,3,3.246000,3.242000,1.435000,4.196000,4.592000,2.765000
55,16,3,3.244400,3.732000,3.248000,4.400000,2.280000,2.562000
55,17,3,2.954400,3.659000,1.233000,4.385000,2.481000,3.014000
55,18,3,3.337000,2.825000,2.766000,4.417000,3.042000,3.635000
55,19,3,2.839800,3.473000,1.670000,3.607000,3.597000,1.852000
56,0,3,3.202400,3.488000,2.135000,4.658000,3.347000,2.384000
56,1,3,3.229000,4.504000,1.948000,5.448000,2.048000,2.197000
56,2,3,2.719600,3.536000,2.745000,1.766000,3.538000,2.013000
56,3,3,3.564600,3.208000,4.871000,2.472000,4.698000,2.574000
56,4,3,3.911000,3.050000,4.588000,3.726000,5.598000,2.593000
56,5,3,2.512200,3.743000,2.145000,2.338000,2.275000,2.060000
56,6,3,3.712800,3.334000,4.475000,3.937000,3.627000,3.191000
56,7,3,3.596200,3.753000,3.217000,2.448000,4.708000,3.855000
56,8,3,3.083200,4.387000,1.846000,1.726000,3.766000,3.691000
56,9,3,2.476400,1.996000,2.077000,3.196000,3.134000,1.979000
56,10,3,2.828400,3.319000,2.188000,2.264000,2.679000,3.692000
56,11,3,3.081200,1.200000,2.467000,3.213000,4.830000,3.696000
56,12,3,2.979800,4.099000,4.021000,3.045000,2.174000,1.560000
56,13,3,2.751000,1.245000,4.283000,1.560000,3.449000,3.218000
56,14,3,3.257200,2.597000,4.036000,1.744000,4.563000,3.346000
56,15,3,2.783600,4.513000,1.809000,2.008000,3.627000,1.961000
56,16,3,3.555400,4.126000,4.193000,2.187000,2.418000,4.853000
56,17,3,2.663200,1.882000,2.900000,2.030000,4.410000,2.094000
56,18,3,3.829000,4.232000,3.922000,4.415000,4.638000,1.938000
56,19,3,4.033200,4.115000,3.463000,4.264000,3.695000,4.629000
57,0,3,3.183000,3.162000,1.816000,3.313000,3.501000,4.123000
57,1,3,2.762600,2.782000,3.734000,2.700000,2.513000,2.084000
57,2,3,3.460600,2.374000,3.875000,4.138000,5.056000,1.860000
57,3,3,3.349000,2.707000,4.406000,4.105000,2.742000,2.785000
57,4,3,2.852200,2.353000,3.786000,2.113000,3.417000,2.592000
57,5,3,3.143000,3.304000,3.996000,2.057000,2.733000,3.625000
57,6,3,2.773400,2.079000,2.314000,3.311000,3.859000,2.304000
57,7,3,2.700400,2.408000,2.202000,2.163000,4.293000,2.436000
57,8,3,3.013200,1.734000,4.372000,1.959000,3.750000,3.251000
57,9,3,3.056800,3.490000,1.872000,4.509000,1.659000,3.754000
57,10,3,3.174600,2.729000,3.802000,5.335000,1.523000,2.484000
57,11,3,3.114000,2.517000,3.981000,2.981000,4.227000,1.864000
57,12,3,2.618400,2.158000,2.075000,3.609000,1.913000,3.337000
57,13,3,3.242000,1.448000,4.163000,3.240000,3.506000,3.853000
57,14,3,2.749400,1.404000,3.589000,3.056000,3.971000,1.727000
57,15,3,3.076600,2.299000,4.627000,2.836000,2.686000,2.935000
57,16,3,3.256800,3.501000,3.260000,3.003000,2.821000,3.699000
57,17,3,2.561600,3.660000,1.633000,3.925000,1.535000,2.055000
57,18,3,2.236200,2.487000,2.022000,2.083000,2.809000,1.780000
57,19,3,3.024600,2.376000,3.974000,2.355000,2.860000,3.558000
58,0,3,3.296600,2.187000,3.511000,4.624000,2.987000,3.174000
58,1,3,2.865200,2.629000,1.698000,4.563000,1.705000,3.731000
58,2,3,3.887400,2.671000,3.202000,4.404000,5.079000,4.081000
58,3,3,3.670000,3.805000,2.724000,4.573000,4.521000,2.727000
58,4,3,3.835400,4.610000,3.221000,3.180000,5.806000,2.360000
58,5,3,3.499200,2.536000,2.672000,3.516000,4.829000,3.943000
58,6,3,3.044200,2.975000,4.244000,3.721000,2.164000,2.117000
58,7,3,3.803000,4.321000,3.180000,4.423000,2.826000,4.265000
58,8,3,4.289200,5.361000,2.640000,5.023000,3.863000,4.559000
58,9,3,3.106000,2.517000,3.691000,1.175000,4.821000,3.326000
58,10,3,4.039600,3.644000,3.921000,4.670000,3.982000,3.981000
58,11,3,3.876800,3.163000,3.232000,4.740000,4.128000,4.121000
58,12,3,3.194000,2.906000,2.128000,2.675000,4.475000,3.786000
58,13,3,3.618600,5.078000,3.160000,3.816000,4.483000,1.556000
58,14,3,3.427600,2.575000,0.862000,5.026000,4.601000,4.074000
58,15,3,2.856800,2.027000,1.242000,4.370000,4.475000,2.170000
58,16,3,2.985000,1.835000,2.166000,4.103000,2.574000,4.247000
58,17,3,4.106400,3.717000,4.650000,4.438000,5.053000,2.674000
58,18,3,3.531600,3.755000,3.452000,4.483000,3.109000,2.859000
58,19,3,3.538600,2.354000,4.167000,4.392000,2.618000,4.162000
59,0,3,3.240600,5.581000,2.770000,1.392000,4.739000,1.721000
59,1,3,3.556800,4.589000,4.056000,4.425000,3.031000,1.683000
59,2,3,3.421400,2.289000,5.256000,4.391000,2.986000,2.185000
59,3,3,3.961000,4.440000,4.253000,2.465000,4.855000,3.792000
59,4,3,4.471800,5.120000,4.951000,4.642000,3.929000,3.717000
59,5,3,3.075000,2.743000,2.201000,3.767000,2.778000,3.886000
59,6,3,3.479800,4.897000,4.486000,3.278000,3.649000,1.089000
59,7,3,4.274400,5.841000,4.909000,5.211000,4.114000,1.297000
59,8,3,3.501600,5.463000,2.334000,4.684000,2.405000,2.622000
59,9,3,3.621600,4.102000,2.518000,4.399000,4.202000,2.887000
59,10,3,4.322200,5.216000,4.750000,4.211000,2.612000,4.822000
59,11,3,3.533600,2.835000,2.791000,4.193000,3.391000,4.458000
59,12,3,4.244400,4.173000,4.657000,4.761000,3.625000,4.006000
59,13,3,3.395600,4.415000,3.028000,4.121000,4.272000,1.142000
59,14,3,3.565600,2.191000,4.374000,4.775000,4.740000,1.748000
59,15,3,2.694400,0.997000,1.976000,4.601000,4.570000,1.328000
59,16,3,3.469200,5.003000,4.809000,3.763000,2.515000,1.256000
59,17,3,3.328400,2.009000,4.656000,3.196000,2.928000,3.853000
59,18,3,2.459200,2.431000,1.944000,1.670000,4.553000,1.698000
59,19,3,3.468000,1.765000,3.719000,4.048000,4.194000,3.614000
60,0,0,1.705600,1.613000,1.802000,1.620000,1.904000,1.589000
60,1,0,1.942000,1.375000,2.833000,2.267000,1.587000,1.648000
60,2,0,1.976600,1.715000,1.832000,1.724000,1.768000,2.844000
60,3,0,2.063400,2.404000,1.746000,1.543000,2.736000,1.888000
60,4,0,2.328600,1.598000,2.650000,1.699000,1.843000,3.853000
60,5,0,2.468600,2.048000,3.249000,2.715000,1.883000,2.448000
60,6,0,2.204000,1.939000,2.706000,2.313000,2.236000,1.826000
60,7,0,1.908200,1.371000,1.387000,2.147000,2.665000,1.971000
60,8,0,2.729600,1.985000,2.496000,3.424000,2.309000,3.434000
60,9,0,2.679600,3.120000,2.390000,2.200000,2.179000,3.509000
60,10,0,2.310600,1.536000,1.836000,4.276000,1.819000,2.086000
60,11,0,2.312800,1.429000,2.528000,2.433000,1.425000,3.749000
60,12,0,1.693400,1.227000,2.667000,1.666000,1.708000,1.199000
60,13,0,1.904400,1.945000,2.214000,1.194000,2.296000,1.873000
60,14,0,2.237400,1.815000,3.397000,1.538000,2.055000,2.382000
60,15,0,2.882000,2.332000,4.148000,2.391000,2.196000,3.343000
60,16,0,1.763600,1.763000,2.185000,1.407000,1.634000,1.829000
60,17,0,1.740000,2.466000,2.033000,0.886000,1.675000,1.640000
60,18,0,2.258000,2.026000,3.385000,1.588000,1.853000,2.438000
60,19,0,1.976200,2.395000,2.378000,1.783000,1.988000,1.337000
60,20,1,2.148000,2.146000,2.745000,2.817000,1.581000,1.451000
60,21,1,2.368800,3.560000,1.923000,2.434000,2.034000,1.893000
60,22,1,2.506000,2.040000,3.201000,1.740000,3.543000,2.006000
60,23,1,2.175800,1.396000,2.026000,2.121000,2.533000,2.803000
60,24,1,2.842800,1.383000,4.074000,2.338000,3.861000,2.558000
60,25,1,2.361400,1.125000,3.339000,3.168000,2.870000,1.305000
60,26,1,1.656200,0.779000,1.717000,2.361000,1.779000,1.645000
60,27,1,2.093200,1.471000,3.120000,2.195000,1.923000,1.757000
60,28,1,1.987800,0.811000,3.043000,2.759000,1.495000,1.831000
60,29,1,2.632600,2.607000,4.331000,1.722000,1.612000,2.891000
60,30,1,2.086000,1.324000,2.403000,2.313000,1.927000,2.463000
60,31,1,2.169800,0.816000,1.754000,2.086000,3.533000,2.660000
60,32,1,1.877400,1.503000,1.944000,1.750000,1.371000,2.819000
60,33,1,1.842400,1.252000,2.485000,1.953000,1.524000,1.998000
60,34,1,2.236200,1.699000,1.978000,3.905000,1.823000,1.776000
60,35,1,2.579600,1.732000,3.063000,1.248000,3.906000,2.949000
60,36,1,1.751400,1.516000,2.448000,1.678000,1.525000,1.590000
60,37,1,1.920600,1.840000,1.952000,1.679000,2.959000,1.173000
60,38,1,2.496400,1.757000,2.855000,3.258000,2.050000,2.562000
60,39,1,2.465400,2.903000,2.098000,2.113000,3.310000,1.903000
60,40,2,1.870400,2.051000,2.824000,1.089000,1.478000,1.910000
60,41,2,2.088600,2.635000,2.799000,1.439000,1.841000,1.729000
60,42,2,2.208800,2.592000,2.312000,1.778000,1.987000,2.375000
60,43,2,2.315600,2.613000,2.708000,3.140000,2.024000,1.093000
60,44,2,2.051800,1.121000,3.440000,1.835000,1.643000,2.220000
60,45,2,2.237600,2.264000,2.783000,2.118000,1.972000,2.051000
60,46,2,1.991200,1.429000,2.308000,1.306000,3.511000,1.402000
60,47,2,1.834800,1.680000,2.079000,1.360000,2.203000,1.852000
60,48,2,2.131000,1.926000,1.954000,2.268000,2.546000,1.961000
60,49,2,1.864600,1.547000,1.654000,1.769000,2.857000,1.496000
60,50,2,2.035800,2.978000,1.842000,1.787000,1.895000,1.677000
60,51,2,1.716200,1.126000,2.840000,2.004000,1.471000,1.140000
60,52,2,2.061400,3.483000,1.907000,1.311000,2.272000,1.334000
60,53,2,1.923200,2.320000,1.980000,1.903000,1.825000,1.588000
60,54,2,2.307400,2.702000,3.316000,2.124000,1.700000,1.695000
60,55,2,2.102400,1.446000,3.572000,1.687000,1.547000,2.260000
60,56,2,1.753400,1.612000,2.205000,1.518000,1.792000,1.640000
60,57,2,1.726800,1.533000,2.539000,1.396000,1.655000,1.511000
60,58,2,2.018000,1.513000,3.626000,1.784000,1.720000,1.447000
60,59,2,1.757200,1.110000,3.082000,1.379000,1.744000,1.471000
60,60,3,3.423600,3.055000,4.826000,1.285000,4.019000,3.933000
60,61,3,4.840800,5.679000,4.398000,4.278000,4.962000,4.887000
60,62,3,3.475000,2.845000,5.898000,2.310000,1.983000,4.339000
60,63,3,3.216400,3.906000,3.384000,1.304000,3.608000,3.880000
60,64,3,3.705200,3.619000,4.850000,2.719000,3.507000,3.831000
60,65,3,4.065000,3.261000,4.857000,3.656000,4.244000,4.307000
60,66,3,2.831600,1.282000,4.970000,3.295000,1.690000,2.921000
60,67,3,4.130800,1.942000,5.239000,4.334000,5.186000,3.953000
60,68,3,3.497000,2.240000,4.859000,2.900000,3.137000,4.349000
60,69,3,2.855000,2.478000,4.733000,2.728000,2.987000,1.349000
60,70,3,3.013600,2.062000,3.404000,3.137000,2.776000,3.689000
60,71,3,3.756800,2.082000,4.315000,4.917000,2.306000,5.164000
60,72,3,4.079000,4.861000,2.975000,5.203000,2.865000,4.491000
60,73,3,3.723600,3.375000,5.198000,3.039000,2.671000,4.335000
60,74,3,3.234800,2.619000,4.186000,2.697000,1.960000,4.712000
60,75,3,4.090000,2.962000,4.239000,4.381000,3.839000,5.029000
60,76,3,4.191400,4.993000,4.334000,4.673000,2.213000,4.744000
60,77,3,3.246200,4.080000,4.787000,2.051000,3.731000,1.582000
60,78,3,3.517800,1.438000,4.957000,3.947000,3.988000,3.259000
60,79,3,3.613400,4.188000,4.263000,3.689000,2.131000,3.796000
60,80,4,2.140400,2.403000,2.666000,1.734000,2.040000,1.859000
60,81,4,1.836000,1.791000,2.270000,1.463000,1.646000,2.010000
60,82,4,2.187400,2.019000,3.110000,1.498000,1.546000,2.764000
60,83,4,1.742600,1.660000,1.519000,2.116000,2.066000,1.352000
60,84,4,2.852400,2.754000,2.255000,3.483000,2.941000,2.829000
60,85,4,1.828000,1.208000,2.279000,1.983000,1.528000,2.142000
60,86,4,2.291600,1.311000,2.812000,2.448000,2.571000,2.316000
60,87,4,2.200000,2.623000,2.252000,2.568000,1.763000,1.794000
60,88,4,2.169400,2.117000,3.137000,1.945000,2.326000,1.322000
60,89,4,2.210000,1.980000,2.766000,2.007000,2.026000,2.271000
60,90,4,2.598400,2.894000,1.836000,3.696000,1.503000,3.063000
60,91,4,2.601600,2.854000,2.373000,2.595000,2.337000,2.849000
60,92,4,2.406000,1.717000,2.213000,2.990000,1.807000,3.303000
60,93,4,2.430400,3.138000,2.696000,1.831000,1.678000,2.809000
60,94,4,2.099800,1.139000,2.124000,2.454000,2.502000,2.280000
60,95,4,2.481000,2.278000,3.702000,2.185000,2.431000,1.809000
60,96,4,1.996600,2.023000,1.642000,3.391000,1.337000,1.590000
60,97,4,2.314400,1.334000,2.183000,1.832000,3.894000,2.329000
60,98,4,2.249000,1.422000,3.164000,2.607000,2.523000,1.529000
60,99,4,2.064000,1.574000,3.629000,2.005000,1.564000,1.548000
61,0,3,2.439400,3.455000,1.455000,2.449000,1.933000,2.905000
61,1,3,2.959200,1.886000,3.302000,2.701000,4.081000,2.826000
61,2,3,3.895000,3.439000,3.875000,4.239000,4.425000,3.497000
61,3,3,3.485800,1.787000,3.306000,5.019000,3.675000,3.642000
61,4,3,2.734000,1.601000,2.013000,2.926000,3.792000,3.338000
61,5,3,4.207200,3.942000,4.644000,4.884000,3.563000,4.003000
61,6,3,3.839200,3.891000,5.162000,3.462000,2.451000,4.230000
61,7,3,3.289000,3.313000,4.204000,3.490000,3.687000,1.751000
61,8,3,3.512800,3.837000,4.726000,4.274000,2.696000,2.031000
61,9,3,3.375600,2.067000,3.731000,5.073000,3.833000,2.174000
61,10,3,4.150000,3.856000,4.475000,3.900000,3.854000,4.665000
61,11,3,3.858400,2.680000,4.654000,4.921000,3.401000,3.636000
61,12,3,3.647600,3.289000,2.144000,4.540000,3.218000,5.047000
61,13,3,2.783800,2.892000,1.997000,3.508000,3.493000,2.029000
61,14,3,3.641600,4.316000,4.601000,4.063000,1.897000,3.331000
61,15,3,3.467800,3.179000,4.889000,3.068000,1.593000,4.610000
61,16,3,3.057400,2.608000,3.445000,2.873000,2.254000,4.107000
61,17,3,3.358400,2.383000,3.588000,3.029000,3.626000,4.166000
61,18,3,4.347800,3.296000,4.660000,5.053000,4.888000,3.842000
61,19,3,3.761600,4.341000,4.384000,4.131000,1.604000,4.348000
62,0,3,4.363400,5.866000,5.020000,3.505000,4.269000,3.157000
62,1,3,3.070800,1.452000,4.007000,2.549000,3.525000,3.821000
62,2,3,3.446400,2.802000,4.433000,4.207000,3.851000,1.939000
62,3,3,3.803600,4.950000,3.777000,3.731000,4.481000,2.079000
62,4,3,2.867000,1.729000,2.994000,3.482000,4.066000,2.064000
62,5,3,4.010400,3.756000,4.488000,2.274000,5.561000,3.973000
62,6,3,2.937200,3.479000,3.734000,2.408000,2.024000,3.041000
62,7,3,3.135200,4.529000,2.545000,2.266000,3.001000,3.335000
62,8,3,3.859000,3.879000,4.090000,4.623000,2.814000,3.889000
62,9,3,3.733000,4.801000,4.089000,2.613000,3.584000,3.578000
62,10,3,3.624000,2.352000,3.953000,2.794000,5.517000,3.504000
62,11,3,3.181000,2.854000,4.442000,3.654000,2.579000,2.376000
62,12,3,3.707200,3.364000,3.795000,3.778000,3.192000,4.407000
62,13,3,3.268200,2.430000,3.693000,3.751000,3.212000,3.255000
62,14,3,4.234200,4.505000,4.400000,3.588000,4.107000,4.571000
62,15,3,3.540600,2.831000,4.405000,4.630000,2.188000,3.649000
62,16,3,3.035800,2.186000,4.334000,4.334000,2.136000,2.189000
62,17,3,3.132800,4.580000,4.510000,2.045000,2.808000,1.721000
62,18,3,3.605800,4.331000,3.654000,3.680000,2.429000,3.935000
62,19,3,3.574600,4.820000,3.132000,2.145000,4.686000,3.090000
63,0,3,4.008400,3.189000,4.194000,3.291000,3.923000,5.445000
63,1,3,4.119600,5.457000,4.661000,1.663000,4.247000,4.570000
63,2,3,3.063200,3.348000,3.226000,2.286000,3.322000,3.134000
63,3,3,3.329600,4.465000,3.257000,2.722000,3.170000,3.034000
63,4,3,3.508400,2.949000,5.008000,3.930000,1.912000,3.743000
63,5,3,3.477600,2.570000,2.771000,4.829000,5.697000,1.521000
63,6,3,3.742800,4.669000,1.717000,4.808000,3.705000,3.815000
63,7,3,2.739600,4.544000,3.749000,2.362000,1.715000,1.328000
63,8,3,4.120400,3.986000,5.375000,4.228000,4.414000,2.599000
63,9,3,3.604000,2.186000,4.093000,4.700000,4.933000,2.108000
63,10,3,2.946000,5.219000,2.397000,1.344000,2.063000,3.707000
63,11,3,2.529200,4.343000,3.384000,1.961000,1.355000,1.603000
63,12,3,3.402400,4.911000,2.920000,2.310000,2.686000,4.185000
63,13,3,4.006200,3.410000,4.392000,4.500000,4.153000,3.576000
63,14,3,4.200800,4.803000,4.741000,3.170000,3.771000,4.519000
63,15,3,3.750400,5.008000,4.634000,4.789000,2.286000,2.035000
63,16,3,3.212200,4.901000,3.113000,4.343000,1.611000,2.093000
63,17,3,4.629400,4.531000,5.367000,4.724000,5.065000,3.460000
63,18,3,4.118800,5.045000,4.166000,4.034000,4.898000,2.451000
63,19,3,3.807600,2.860000,4.796000,4.402000,4.157000,2.823000
64,0,3,4.014400,4.495000,4.289000,3.935000,3.671000,3.682000
64,1,3,2.885600,2.564000,3.489000,4.257000,1.653000,2.465000
64,2,3,2.687000,2.036000,3.327000,4.302000,1.879000,1.891000
64,3,3,2.540200,1.646000,3.775000,4.578000,1.232000,1.470000
64,4,3,3.471200,4.183000,3.725000,4.279000,1.529000,3.640000
64,5,3,3.102400,4.472000,2.509000,3.866000,1.842000,2.823000
64,6,3,2.788000,1.578000,3.140000,1.972000,3.753000,3.497000
64,7,3,2.860800,1.857000,2.599000,3.947000,2.333000,3.568000
64,8,3,3.863200,5.806000,3.837000,2.558000,3.086000,4.029000
64,9,3,2.677000,3.597000,3.619000,3.291000,1.565000,1.313000
64,10,3,3.282000,2.448000,3.338000,4.699000,1.972000,3.953000
64,11,3,3.729200,4.885000,3.207000,4.010000,2.599000,3.945000
64,12,3,1.380200,1.291000,1.253000,1.626000,1.294000,1.437000
64,13,3,3.244000,1.853000,3.270000,4.556000,1.786000,4.755000
64,14,3,3.245200,1.269000,5.182000,1.882000,3.191000,4.702000
64,15,3,2.780800,3.690000,1.605000,4.159000,2.534000,1.916000
64,16,3,3.191800,5.152000,2.533000,1.975000,1.548000,4.751000
64,17,3,2.945600,2.063000,3.872000,2.960000,1.684000,4.149000
64,18,3,2.648400,1.483000,2.916000,2.562000,2.975000,3.306000
64,19,3,2.596400,1.087000,2.085000,3.618000,2.385000,3.807000
65,0,3,3.891000,2.315000,3.690000,4.413000,4.138000,4.899000
65,1,3,3.753400,3.186000,3.494000,4.527000,3.778000,3.782000
65,2,3,2.918800,4.143000,4.160000,1.315000,1.534000,3.442000
65,3,3,3.451200,4.503000,3.204000,2.744000,3.549000,3.256000
65,4,3,2.352600,1.658000,3.028000,2.747000,1.543000,2.787000
65,5,3,3.160200,4.347000,2.238000,2.440000,4.050000,2.726000
65,6,3,3.270600,5.211000,2.123000,2.140000,4.356000,2.523000
65,7,3,3.505000,4.603000,3.032000,4.104000,2.365000,3.421000
65,8,3,3.123200,2.624000,4.796000,2.332000,1.844000,4.020000
65,9,3,3.402200,4.605000,2.246000,2.039000,4.975000,3.146000
65,10,3,4.327800,5.117000,3.446000,2.644000,5.010000,5.422000
65,11,3,3.502800,3.596000,4.295000,4.081000,1.401000,4.141000
65,12,3,4.722200,3.230000,5.540000,3.896000,5.473000,5.472000
65,13,3,4.060600,2.766000,4.082000,4.821000,3.527000,5.107000
65,14,3,3.472200,4.553000,3.154000,3.076000,3.825000,2.753000
65,15,3,3.998400,4.591000,3.628000,4.074000,5.165000,2.534000
65,16,3,3.406800,5.443000,3.058000,1.667000,4.280000,2.586000
65,17,3,3.452800,4.515000,4.783000,1.436000,3.036000,3.494000
65,18,3,2.960800,4.302000,2.859000,3.293000,1.730000,2.620000
65,19,3,4.159200,5.158000,5.387000,3.116000,4.307000,2.828000
66,0,3,3.164600,1.787000,3.429000,1.993000,4.954000,3.660000
66,1,3,2.859400,2.775000,1.645000,1.445000,4.423000,4.009000
66,2,3,2.886400,2.676000,1.293000,3.141000,4.348000,2.974000
66,3,3,3.188800,1.702000,1.149000,3.452000,4.929000,4.712000
66,4,3,2.322600,2.133000,1.611000,3.503000,2.122000,2.244000
66,5,3,2.679000,2.102000,1.300000,1.798000,5.188000,3.007000
66,6,3,2.477800,1.786000,1.637000,3.562000,2.959000,2.445000
66,7,3,3.371200,2.015000,3.395000,4.013000,3.175000,4.258000
66,8,3,3.461800,1.546000,3.057000,5.260000,3.114000,4.332000
66,9,3,3.085000,1.892000,2.189000,4.621000,3.583000,3.140000
66,10,3,2.420400,2.106000,1.329000,2.314000,3.579000,2.774000
66,11,3,3.241200,3.098000,2.953000,2.668000,3.099000,4.388000
66,12,3,2.687800,1.647000,3.322000,1.872000,4.544000,2.054000
66,13,3,3.094000,1.966000,1.237000,4.476000,4.601000,3.190000
66,14,3,2.928400,1.935000,1.814000,3.998000,3.628000,3.267000
66,15,3,3.539000,3.734000,1.483000,2.906000,3.613000,5.959000
66,16,3,2.666600,4.525000,1.341000,2.616000,2.834000,2.017000
66,17,3,3.356000,3.973000,3.365000,3.127000,2.179000,4.136000
66,18,3,3.616200,4.079000,3.246000,4.696000,2.422000,3.638000
66,19,3,2.988000,2.302000,1.325000,5.157000,4.709000,1.447000
67,0,3,3.288000,3.641000,3.917000,2.857000,4.197000,1.828000
67,1,3,3.739800,5.060000,4.346000,3.887000,3.778000,1.628000
67,2,3,3.868600,4.785000,3.198000,3.160000,4.482000,3.718000
67,3,3,2.911400,3.928000,1.548000,4.702000,1.801000,2.578000
67,4,3,2.298400,3.954000,1.618000,2.395000,2.418000,1.107000
67,5,3,4.047200,4.517000,3.815000,3.597000,4.187000,4.120000
67,6,3,3.337200,3.967000,4.279000,2.989000,4.009000,1.442000
67,7,3,3.256800,3.529000,2.495000,4.292000,4.465000,1.503000
67,8,3,4.289200,4.830000,4.324000,3.115000,4.752000,4.425000
67,9,3,4.097600,3.659000,5.164000,4.535000,3.411000,3.719000
67,10,3,4.451600,4.551000,4.942000,4.899000,4.514000,3.352000
67,11,3,3.370600,3.689000,3.837000,4.920000,2.113000,2.294000
67,12,3,3.791000,3.021000,3.739000,4.344000,3.430000,4.421000
67,13,3,3.264600,3.478000,3.952000,1.963000,2.882000,4.048000
67,14,3,2.287400,3.742000,1.526000,2.322000,2.443000,1.404000
67,15,3,3.946000,4.557000,1.800000,5.188000,4.172000,4.013000
67,16,3,4.210600,4.863000,4.437000,2.183000,4.630000,4.940000
67,17,3,4.404800,4.621000,6.204000,4.195000,4.084000,2.920000
67,18,3,3.292400,2.784000,2.121000,5.297000,5.114000,1.146000
67,19,3,3.437600,5.090000,2.583000,4.413000,1.555000,3.547000
68,0,3,2.744200,3.248000,3.507000,3.988000,1.370000,1.608000
68,1,3,3.752000,2.512000,3.401000,4.088000,4.375000,4.384000
68,2,3,3.689600,4.088000,4.371000,4.895000,1.210000,3.884000
68,3,3,3.464800,2.328000,2.893000,3.876000,4.058000,4.169000
68,4,3,3.459400,4.189000,4.776000,4.921000,1.937000,1.474000
68,5,3,3.371400,3.890000,5.119000,1.323000,2.921000,3.604000
68,6,3,2.675400,2.516000,2.293000,4.398000,2.043000,2.127000
68,7,3,3.376400,4.219000,3.881000,3.358000,4.037000,1.387000
68,8,3,4.469000,4.991000,4.247000,3.659000,4.796000,4.652000
68,9,3,2.496200,1.931000,4.470000,2.572000,1.882000,1.626000
68,10,3,2.690000,3.378000,2.989000,2.209000,1.401000,3.473000
68,11,3,2.224400,1.310000,3.170000,2.537000,2.276000,1.829000
68,12,3,3.671400,4.834000,4.717000,3.004000,4.178000,1.624000
68,13,3,3.485800,3.776000,4.321000,3.484000,4.051000,1.797000
68,14,3,4.358600,1.914000,5.333000,5.465000,4.090000,4.991000
68,15,3,3.205000,4.724000,3.958000,2.828000,1.735000,2.780000
68,16,3,3.403400,5.347000,3.183000,4.988000,1.567000,1.932000
68,17,3,3.830400,4.795000,3.451000,2.819000,5.088000,2.999000
68,18,3,3.401200,4.199000,2.578000,3.506000,3.403000,3.320000
68,19,3,3.273000,5.056000,2.771000,4.046000,2.529000,1.963000
69,0,3,4.192400,3.762000,4.520000,2.706000,4.987000,4.987000
69,1,3,4.009600,3.842000,4.942000,2.751000,3.850000,4.663000
69,2,3,4.193800,4.288000,4.009000,4.358000,3.953000,4.361000
69,3,3,3.495400,3.320000,4.331000,4.181000,4.283000,1.362000
69,4,3,3.724200,2.532000,4.195000,2.529000,5.041000,4.324000
69,5,3,3.225400,3.036000,4.516000,2.874000,4.334000,1.367000
69,6,3,3.940200,4.167000,4.511000,3.348000,2.589000,5.086000
69,7,3,3.735400,3.109000,4.780000,3.626000,5.035000,2.127000
69,8,3,3.871400,4.273000,4.547000,3.946000,3.816000,2.775000
69,9,3,3.028800,3.032000,1.190000,3.386000,3.221000,4.315000
69,10,3,4.389400,3.037000,4.618000,4.357000,5.198000,4.737000
69,11,3,3.475000,2.677000,3.208000,3.541000,4.825000,3.124000
69,12,3,4.095600,4.349000,3.994000,2.456000,5.016000,4.663000
69,13,3,3.638800,4.502000,1.939000,3.694000,4.815000,3.244000
69,14,3,3.229200,4.707000,1.313000,4.116000,3.631000,2.379000
69,15,3,2.919400,2.719000,2.791000,2.195000,5.209000,1.683000
69,16,3,3.085400,2.771000,2.139000,2.488000,4.135000,3.894000
69,17,3,3.276000,4.445000,2.179000,2.863000,4.373000,2.520000
69,18,3,4.053600,3.755000,4.398000,4.020000,4.486000,3.609000
69,19,3,3.580400,3.193000,3.964000,2.634000,4.147000,3.964000
70,0,0,2.062000,1.314000,2.816000,1.877000,2.818000,1.485000
70,1,0,2.494600,2.890000,2.631000,2.584000,2.205000,2.163000
70,2,0,2.773000,3.371000,2.264000,3.341000,2.930000,1.959000
70,3,0,2.327800,1.528000,2.629000,3.295000,2.043000,2.144000
70,4,0,2.250200,1.440000,3.305000,1.400000,2.665000,2.441000
70,5,0,1.742200,1.434000,1.966000,1.102000,2.511000,1.698000
70,6,0,1.878600,1.473000,2.120000,1.707000,2.633000,1.460000
70,7,0,2.161400,1.855000,1.773000,1.511000,3.380000,2.288000
70,8,0,2.916200,2.286000,4.957000,3.466000,2.564000,1.308000
70,9,0,2.600200,1.871000,2.892000,2.441000,4.015000,1.782000
70,10,0,2.119600,2.273000,1.754000,2.207000,2.808000,1.556000
70,11,0,1.512600,1.221000,1.916000,1.693000,1.523000,1.210000
70,12,0,1.709000,1.634000,1.652000,1.566000,1.848000,1.845000
70,13,0,1.609600,1.125000,1.895000,1.483000,2.233000,1.312000
70,14,0,1.992200,1.540000,2.141000,2.422000,2.418000,1.440000
70,15,0,2.135200,2.027000,2.138000,1.932000,2.693000,1.886000
70,16,0,1.969800,1.808000,1.583000,2.491000,2.072000,1.895000
70,17,0,1.837600,1.295000,1.825000,1.902000,2.534000,1.632000
70,18,0,1.773400,1.120000,2.111000,1.716000,2.751000,1.169000
70,19,0,1.825400,1.535000,2.430000,1.875000,2.016000,1.271000
70,20,1,1.837400,2.532000,1.091000,1.839000,1.671000,2.054000
70,21,1,2.068000,2.506000,2.230000,1.763000,2.650000,1.191000
70,22,1,2.480600,2.045000,4.751000,1.314000,3.005000,1.288000
70,23,1,2.237200,1.537000,2.309000,2.166000,3.336000,1.838000
70,24,1,2.273400,2.214000,2.644000,1.210000,1.964000,3.335000
70,25,1,2.925800,2.323000,3.278000,2.134000,4.858000,2.036000
70,26,1,2.146800,2.020000,2.344000,1.901000,3.407000,1.062000
70,27,1,1.869400,2.069000,2.606000,1.304000,2.062000,1.306000
70,28,1,2.316400,1.596000,3.057000,2.470000,2.440000,2.019000
70,29,1,2.010600,2.053000,3.033000,1.283000,2.529000,1.155000
70,30,1,2.502600,2.769000,3.298000,2.772000,2.648000,1.026000
70,31,1,1.872200,1.882000,2.109000,1.379000,2.312000,1.679000
70,32,1,1.831400,1.307000,2.162000,1.271000,2.323000,2.094000
70,33,1,2.450200,3.627000,2.461000,2.358000,2.532000,1.273000
70,34,1,2.114600,2.248000,3.358000,1.496000,2.400000,1.071000
70,35,1,1.933000,2.267000,2.175000,1.373000,2.319000,1.531000
70,36,1,2.051000,2.116000,2.363000,1.957000,2.286000,1.533000
70,37,1,2.172800,2.864000,2.358000,1.556000,2.906000,1.180000
70,38,1,1.705800,2.129000,1.961000,1.140000,2.268000,1.031000
70,39,1,1.550200,1.618000,1.965000,1.463000,1.710000,0.995000
70,40,2,2.139000,2.134000,2.078000,2.307000,2.425000,1.751000
70,41,2,1.904000,2.187000,2.495000,1.946000,1.133000,1.759000
70,42,2,1.627400,1.131000,1.871000,1.981000,1.863000,1.291000
70,43,2,1.528800,1.128000,1.492000,1.416000,1.934000,1.674000
70,44,2,1.743400,1.130000,1.839000,1.356000,2.499000,1.893000
70,45,2,1.596800,1.041000,1.212000,2.037000,1.537000,2.157000
70,46,2,2.037600,2.544000,2.235000,1.676000,2.048000,1.685000
70,47,2,2.174000,1.043000,2.562000,1.547000,3.369000,2.349000
70,48,2,2.189800,1.736000,1.942000,2.500000,2.758000,2.013000
70,49,2,1.457400,1.099000,1.783000,1.239000,1.650000,1.516000
70,50,2,1.865200,1.019000,2.423000,1.650000,1.581000,2.653000
70,51,2,1.962400,1.773000,2.704000,1.602000,1.256000,2.477000
70,52,2,1.621800,1.854000,1.541000,1.680000,1.232000,1.802000
70,53,2,1.628400,1.457000,1.492000,2.401000,1.614000,1.178000
70,54,2,1.624600,1.737000,1.757000,1.005000,2.254000,1.370000
70,55,2,1.769600,2.611000,2.056000,1.950000,1.018000,1.213000
70,56,2,1.862800,1.475000,1.283000,2.656000,2.144000,1.756000
70,57,2,1.911200,1.842000,2.471000,1.713000,1.326000,2.204000
70,58,2,1.533600,1.088000,1.770000,1.444000,1.518000,1.848000
70,59,2,1.582800,0.935000,2.516000,1.709000,1.173000,1.581000
70,60,3,3.712600,3.631000,4.013000,4.702000,1.701000,4.516000
70,61,3,3.301000,4.609000,3.805000,2.333000,3.693000,2.065000
70,62,3,3.922200,3.331000,3.799000,4.735000,4.925000,2.821000
70,63,3,3.489200,2.604000,3.563000,4.180000,4.510000,2.589000
70,64,3,4.392200,4.843000,5.213000,5.378000,4.297000,2.230000
70,65,3,3.786800,4.546000,5.062000,4.465000,2.018000,2.843000
70,66,3,3.174600,5.163000,3.834000,2.661000,2.227000,1.988000
70,67,3,4.527400,4.050000,4.403000,5.404000,4.887000,3.893000
70,68,3,4.389000,5.024000,5.248000,5.464000,3.739000,2.470000
70,69,3,4.194000,4.402000,4.690000,2.490000,5.170000,4.218000
70,70,3,4.330000,2.442000,4.439000,4.587000,5.110000,5.072000
70,71,3,3.806400,4.730000,4.489000,3.079000,4.683000,2.051000
70,72,3,4.158600,4.938000,4.638000,3.103000,4.109000,4.005000
70,73,3,3.448800,3.739000,3.260000,3.863000,4.162000,2.220000
70,74,3,3.892400,5.053000,4.356000,2.462000,3.149000,4.442000
70,75,3,3.919200,3.979000,4.556000,2.672000,4.632000,3.757000
70,76,3,4.056000,4.699000,4.524000,4.383000,3.746000,2.928000
70,77,3,4.027200,5.065000,5.081000,2.271000,3.727000,3.992000
70,78,3,3.426000,4.969000,4.626000,2.969000,1.753000,2.813000
70,79,3,4.336200,4.617000,4.016000,4.247000,4.672000,4.129000
70,80,4,2.052400,1.030000,3.697000,1.809000,1.937000,1.789000
70,81,4,2.159400,1.531000,2.333000,2.249000,1.987000,2.697000
70,82,4,2.204000,1.861000,2.236000,2.127000,2.789000,2.007000
70,83,4,2.203200,0.969000,2.251000,2.571000,3.823000,1.402000
70,84,4,1.958600,1.170000,2.508000,1.716000,1.977000,2.422000
70,85,4,2.146400,1.592000,2.320000,2.223000,2.144000,2.453000
70,86,4,2.256800,1.316000,3.776000,2.676000,1.616000,1.900000
70,87,4,1.807600,2.634000,2.463000,1.513000,1.064000,1.364000
70,88,4,1.798800,1.549000,2.877000,1.516000,1.223000,1.829000
70,89,4,2.773400,2.428000,2.117000,2.665000,4.586000,2.071000
70,90,4,2.576800,2.297000,3.597000,1.477000,2.884000,2.629000
70,91,4,2.224400,1.727000,2.156000,1.311000,2.949000,2.979000
70,92,4,2.122000,2.877000,2.402000,1.777000,1.979000,1.575000
70,93,4,1.526200,1.403000,1.922000,1.216000,1.014000,2.076000
70,94,4,2.132800,2.203000,2.142000,1.853000,1.938000,2.528000
70,95,4,1.891400,1.157000,2.456000,1.446000,1.867000,2.531000
70,96,4,2.377200,3.064000,2.331000,1.947000,1.829000,2.715000
70,97,4,2.115600,1.466000,2.044000,2.148000,2.289000,2.631000
70,98,4,1.992000,2.639000,2.689000,1.643000,1.757000,1.232000
70,99,4,2.460400,1.575000,2.387000,2.661000,2.371000,3.308000
71,0,3,4.281000,3.045000,4.842000,4.001000,5.210000,4.307000
71,1,3,3.927800,3.749000,4.168000,4.170000,4.473000,3.079000
71,2,3,3.899400,3.899000,5.042000,4.539000,1.809000,4.208000
71,3,3,3.906200,3.233000,4.043000,4.725000,2.802000,4.728000
71,4,3,3.284400,2.187000,4.738000,3.031000,1.754000,4.712000
71,5,3,3.952000,3.948000,4.427000,3.215000,3.658000,4.512000
71,6,3,3.704400,2.692000,3.977000,3.253000,3.542000,5.058000
71,7,3,3.663200,2.980000,4.730000,2.204000,4.466000,3.936000
71,8,3,3.029200,3.714000,1.616000,3.598000,1.555000,4.663000
71,9,3,3.790200,2.526000,4.715000,4.148000,3.215000,4.347000
71,10,3,3.322400,3.722000,4.599000,2.704000,3.031000,2.556000
71,11,3,3.710400,4.551000,4.248000,3.510000,1.797000,4.446000
71,12,3,3.678800,4.012000,2.742000,2.445000,5.226000,3.969000
71,13,3,3.041800,3.179000,4.620000,1.839000,4.150000,1.421000
71,14,3,3.487000,4.192000,4.375000,4.002000,3.710000,1.156000
71,15,3,2.916800,2.232000,3.407000,2.108000,2.173000,4.664000
71,16,3,3.430800,4.203000,2.317000,2.381000,4.785000,3.468000
71,17,3,2.501000,2.541000,4.280000,1.120000,1.266000,3.298000
71,18,3,3.171800,3.950000,1.982000,2.616000,3.945000,3.366000
71,19,3,3.823800,3.776000,4.886000,2.704000,4.067000,3.686000
72,0,3,4.071400,3.413000,2.776000,4.608000,4.490000,5.070000
72,1,3,3.488600,1.551000,5.172000,3.146000,4.007000,3.567000
72,2,3,3.377000,3.757000,2.976000,2.947000,4.270000,2.935000
72,3,3,3.847400,3.015000,2.226000,5.503000,4.189000,4.304000
72,4,3,3.215400,2.456000,2.422000,4.944000,4.664000,1.591000
72,5,3,3.819000,2.784000,5.508000,2.887000,3.972000,3.944000
72,6,3,3.608400,3.394000,4.099000,2.944000,2.785000,4.820000
72,7,3,3.042200,4.287000,2.535000,3.310000,1.809000,3.270000
72,8,3,3.534800,1.543000,5.418000,2.386000,4.515000,3.812000
72,9,3,4.599600,3.851000,5.850000,4.144000,4.942000,4.211000
72,10,3,3.396000,5.136000,2.212000,2.245000,3.248000,4.139000
72,11,3,3.825600,3.819000,2.572000,2.480000,5.755000,4.502000
72,12,3,3.039800,1.827000,2.885000,1.514000,4.514000,4.459000
72,13,3,4.511800,5.571000,4.951000,3.285000,4.409000,4.343000
72,14,3,2.512000,4.423000,2.560000,2.348000,1.242000,1.987000
72,15,3,4.648200,4.667000,4.249000,5.058000,4.911000,4.356000
72,16,3,2.566000,2.741000,1.633000,3.760000,3.085000,1.611000
72,17,3,4.249200,5.650000,2.931000,4.906000,3.677000,4.082000
72,18,3,3.524600,4.214000,3.179000,3.292000,1.848000,5.090000
72,19,3,4.329400,4.457000,4.675000,2.580000,4.638000,5.297000
73,0,3,3.756400,2.009000,4.888000,2.657000,4.333000,4.895000
73,1,3,4.683400,3.023000,5.840000,5.343000,4.029000,5.182000
73,2,3,4.212400,4.010000,5.569000,4.556000,3.540000,3.387000
73,3,3,4.110800,4.685000,4.678000,3.231000,4.781000,3.179000
73,4,3,4.252200,2.421000,4.717000,5.270000,3.952000,4.901000
73,5,3,3.541200,3.002000,5.423000,5.140000,2.477000,1.664000
73,6,3,3.805000,5.314000,2.811000,4.500000,1.604000,4.796000
73,7,3,3.846600,3.512000,2.209000,4.599000,4.357000,4.556000
73,8,3,3.934200,6.044000,4.568000,5.768000,1.459000,1.832000
73,9,3,3.725200,3.465000,5.221000,5.313000,2.357000,2.270000
73,10,3,4.229600,4.146000,2.381000,4.370000,5.125000,5.126000
73,11,3,4.038800,4.904000,3.829000,5.219000,1.556000,4.686000
73,12,3,3.631400,3.329000,4.837000,3.973000,2.791000,3.227000
73,13,3,5.225400,5.860000,5.606000,5.209000,4.898000,4.554000
73,14,3,4.237600,5.359000,4.915000,2.540000,3.847000,4.527000
73,15,3,3.778600,4.885000,4.671000,2.419000,5.019000,1.899000
73,16,3,3.540400,3.431000,4.440000,2.150000,2.698000,4.983000
73,17,3,4.289600,5.496000,4.917000,4.290000,2.184000,4.561000
73,18,3,4.397000,4.567000,5.718000,4.344000,5.683000,1.673000
73,19,3,3.737800,3.223000,3.841000,2.047000,4.807000,4.771000
74,0,3,4.652800,3.698000,5.509000,4.892000,5.182000,3.983000
74,1,3,4.245800,4.966000,2.933000,5.104000,4.569000,3.657000
74,2,3,3.089800,2.803000,3.208000,2.638000,1.304000,5.496000
74,3,3,3.395400,4.100000,2.053000,4.659000,3.454000,2.711000
74,4,3,4.101800,4.672000,4.529000,2.200000,4.906000,4.202000
74,5,3,3.557600,3.305000,3.887000,4.424000,1.742000,4.430000
74,6,3,4.647400,4.281000,4.788000,3.190000,5.562000,5.416000
74,7,3,3.240400,3.918000,4.008000,1.796000,3.024000,3.456000
74,8,3,2.964800,3.206000,3.119000,4.396000,1.822000,2.281000
74,9,3,4.190000,5.020000,3.607000,3.120000,4.517000,4.686000
74,10,3,4.988600,5.368000,4.773000,4.791000,4.765000,5.246000
74,11,3,4.193800,5.090000,4.432000,4.315000,1.675000,5.457000
74,12,3,3.255800,4.103000,4.699000,1.688000,1.205000,4.584000
74,13,3,3.934200,5.352000,5.044000,4.025000,2.797000,2.453000
74,14,3,4.769600,4.826000,5.837000,4.717000,4.142000,4.326000
74,15,3,2.809400,4.553000,2.672000,2.658000,1.196000,2.968000
74,16,3,4.442400,5.353000,3.376000,4.489000,5.364000,3.630000
74,17,3,3.859400,4.640000,3.401000,3.649000,4.250000,3.357000
74,18,3,3.395200,4.629000,3.627000,4.726000,1.261000,2.733000
74,19,3,3.260000,4.064000,4.091000,2.286000,2.965000,2.894000
75,0,3,4.299600,1.631000,5.602000,3.968000,5.803000,4.494000
75,1,3,3.702800,2.903000,4.074000,5.005000,3.794000,2.738000
75,2,3,3.837600,4.227000,1.811000,5.630000,4.844000,2.676000
75,3,3,3.343800,4.953000,1.605000,1.301000,5.703000,3.157000
75,4,3,3.125000,1.642000,3.569000,2.510000,3.820000,4.084000
75,5,3,2.845600,1.320000,4.726000,2.840000,1.160000,4.182000
75,6,3,2.897400,2.397000,2.686000,2.153000,3.627000,3.624000
75,7,3,3.559200,4.913000,1.291000,4.788000,4.444000,2.360000
75,8,3,4.467800,5.839000,5.212000,2.210000,4.961000,4.117000
75,9,3,4.338600,4.373000,3.240000,5.324000,4.929000,3.827000
75,10,3,3.783400,4.548000,1.949000,4.377000,3.623000,4.420000
75,11,3,3.592800,5.261000,1.783000,3.283000,5.471000,2.166000
75,12,3,3.564400,1.231000,4.349000,1.504000,6.012000,4.726000
75,13,3,2.774200,2.573000,1.785000,1.086000,4.793000,3.634000
75,14,3,3.369400,3.152000,1.487000,4.757000,5.541000,1.910000
75,15,3,4.750800,4.744000,4.223000,3.846000,5.255000,5.686000
75,16,3,3.692800,5.316000,2.227000,2.572000,5.084000,3.265000
75,17,3,3.732200,4.861000,4.138000,2.289000,5.001000,2.372000
75,18,3,3.981600,5.102000,2.565000,4.634000,3.112000,4.495000
75,19,3,3.624200,1.838000,5.288000,2.459000,5.215000,3.321000
76,0,3,3.257600,3.442000,4.847000,3.849000,2.488000,1.662000
76,1,3,2.809800,3.220000,4.742000,3.487000,1.191000,1.409000
76,2,3,2.629000,1.648000,4.855000,3.439000,1.379000,1.824000
76,3,3,2.606200,2.783000,4.473000,2.437000,2.282000,1.056000
76,4,3,2.123800,0.950000,4.145000,2.083000,1.608000,1.833000
76,5,3,2.621200,3.646000,4.500000,1.795000,2.045000,1.120000
76,6,3,3.161000,3.855000,4.473000,4.308000,1.631000,1.538000
76,7,3,2.560400,2.772000,4.992000,1.697000,2.241000,1.100000
76,8,3,3.355600,3.017000,5.114000,4.104000,3.152000,1.391000
76,9,3,3.371800,3.659000,4.257000,4.896000,1.619000,2.428000
76,10,3,3.115000,5.064000,3.519000,3.541000,1.696000,1.755000
76,11,3,2.372000,1.796000,3.316000,4.273000,1.268000,1.207000
76,12,3,3.019200,1.663000,4.541000,4.662000,2.400000,1.830000
76,13,3,2.350600,2.903000,3.698000,2.177000,1.662000,1.313000
76,14,3,2.313600,1.878000,3.348000,3.243000,1.516000,1.583000
76,15,3,3.157400,4.172000,4.405000,4.159000,1.821000,1.230000
76,16,3,2.779200,1.618000,4.567000,4.967000,1.423000,1.321000
76,17,3,2.953000,2.853000,4.461000,3.470000,2.389000,1.592000
76,18,3,3.446400,5.597000,5.511000,3.242000,1.356000,1.526000
76,19,3,3.517200,5.062000,4.318000,4.139000,1.423000,2.644000
77,0,3,3.069400,2.170000,1.428000,2.073000,4.182000,5.494000
77,1,3,2.935400,1.997000,1.775000,3.559000,4.241000,3.105000
77,2,3,2.571800,2.647000,1.178000,1.627000,1.846000,5.561000
77,3,3,4.161800,3.080000,1.757000,5.359000,5.284000,5.329000
77,4,3,3.580600,3.206000,1.607000,5.333000,2.772000,4.985000
77,5,3,2.384800,1.994000,1.475000,1.902000,4.557000,1.996000
77,6,3,3.727200,4.269000,1.487000,4.329000,3.917000,4.634000
77,7,3,3.295800,4.012000,1.735000,3.613000,1.996000,5.123000
77,8,3,3.107600,2.381000,1.380000,4.722000,1.911000,5.144000
77,9,3,2.756800,2.366000,1.103000,1.689000,3.971000,4.655000
77,10,3,2.524400,2.405000,1.254000,1.476000,3.081000,4.406000
77,11,3,3.319600,3.746000,1.666000,3.221000,3.256000,4.709000
77,12,3,3.185000,3.271000,1.498000,3.763000,4.441000,2.952000
77,13,3,4.168400,4.606000,1.542000,4.922000,3.977000,5.795000
77,14,3,2.036200,2.013000,1.421000,2.096000,2.270000,2.381000
77,15,3,2.753000,4.916000,1.736000,2.207000,2.696000,2.210000
77,16,3,3.485000,4.786000,1.237000,5.109000,2.880000,3.413000
77,17,3,2.961000,3.721000,1.744000,1.787000,2.705000,4.848000
77,18,3,3.056000,1.942000,1.107000,2.819000,3.775000,5.637000
77,19,3,3.176200,2.868000,1.210000,3.472000,2.526000,5.805000
78,0,3,3.921000,3.320000,1.790000,5.127000,5.341000,4.027000
78,1,3,3.012800,4.220000,2.326000,4.821000,1.594000,2.103000
78,2,3,3.481000,4.184000,4.328000,3.295000,3.031000,2.567000
78,3,3,3.522600,4.598000,2.617000,4.363000,2.879000,3.156000
78,4,3,3.844400,4.315000,3.675000,3.443000,5.035000,2.754000
78,5,3,4.091600,3.812000,3.506000,5.377000,5.437000,2.326000
78,6,3,3.400400,2.898000,5.080000,3.577000,3.629000,1.818000
78,7,3,3.687200,4.484000,3.732000,3.155000,1.879000,5.186000
78,8,3,3.925400,4.583000,1.711000,4.484000,5.046000,3.803000
78,9,3,3.901200,3.526000,3.948000,5.078000,2.975000,3.979000
78,10,3,4.232800,4.437000,2.921000,3.047000,5.103000,5.656000
78,11,3,4.021600,5.301000,4.453000,2.837000,3.996000,3.521000
78,12,3,3.256600,5.354000,1.998000,2.981000,2.645000,3.305000
78,13,3,3.312800,1.463000,3.120000,4.292000,3.224000,4.465000
78,14,3,4.228200,5.197000,3.038000,4.890000,4.748000,3.268000
78,15,3,4.441000,3.745000,3.807000,5.284000,5.015000,4.354000
78,16,3,3.377200,2.850000,4.583000,4.472000,2.322000,2.659000
78,17,3,4.174000,3.570000,4.980000,5.113000,4.242000,2.965000
78,18,3,3.305800,4.015000,1.848000,5.091000,2.626000,2.949000
78,19,3,4.488400,5.289000,3.953000,4.755000,4.478000,3.967000
79,0,3,2.459800,3.366000,1.771000,1.462000,2.286000,3.414000
79,1,3,3.852400,3.997000,5.234000,3.165000,4.413000,2.453000
79,2,3,3.396200,3.374000,4.968000,1.955000,2.823000,3.861000
79,3,3,3.370800,3.693000,2.119000,2.453000,3.575000,5.014000
79,4,3,3.081200,3.510000,1.344000,2.429000,3.270000,4.853000
79,5,3,4.190000,3.157000,4.849000,2.682000,5.249000,5.013000
79,6,3,3.683400,4.818000,3.875000,4.118000,2.642000,2.964000
79,7,3,3.530400,3.356000,5.365000,3.614000,3.190000,2.127000
79,8,3,4.248800,4.470000,4.940000,4.156000,3.083000,4.595000
79,9,3,2.966600,3.291000,2.098000,3.250000,2.747000,3.447000
79,10,3,3.300800,4.383000,2.017000,2.518000,3.333000,4.253000
79,11,3,3.373000,2.875000,2.276000,4.411000,2.553000,4.750000
79,12,3,3.335200,3.153000,3.814000,2.975000,3.405000,3.329000
79,13,3,3.113800,3.146000,1.605000,3.229000,4.761000,2.828000
79,14,3,4.028800,4.695000,4.636000,3.871000,3.877000,3.065000
79,15,3,3.787800,5.035000,2.858000,4.065000,2.748000,4.233000
79,16,3,3.683000,3.751000,4.871000,2.662000,2.905000,4.226000
79,17,3,4.006600,5.097000,5.193000,2.326000,5.393000,2.024000
79,18,3,4.316600,4.481000,5.064000,4.351000,2.791000,4.896000
79,19,3,3.709400,5.039000,2.699000,3.961000,3.877000,2.971000
80,0,0,2.017800,1.954000,1.069000,1.361000,3.884000,1.821000
80,1,0,2.580800,1.889000,1.296000,4.785000,1.348000,3.586000
80,2,0,2.269800,2.387000,3.189000,2.454000,2.227000,1.092000
80,3,0,1.837400,2.133000,1.191000,1.394000,2.845000,1.624000
80,4,0,2.784800,1.402000,2.483000,3.609000,3.539000,2.891000
80,5,0,2.651600,1.902000,2.904000,2.929000,1.532000,3.991000
80,6,0,1.701200,1.308000,1.096000,2.983000,1.646000,1.473000
80,7,0,1.617600,1.576000,1.090000,1.395000,2.944000,1.083000
80,8,0,1.963400,1.772000,3.000000,1.432000,1.840000,1.773000
80,9,0,1.846600,1.977000,1.600000,1.394000,1.629000,2.633000
80,10,0,1.947800,1.786000,1.160000,1.307000,3.637000,1.849000
80,11,0,2.294000,2.875000,1.100000,3.177000,2.061000,2.257000
80,12,0,1.967800,1.931000,2.070000,2.774000,1.984000,1.080000
80,13,0,2.315400,2.399000,1.348000,2.254000,2.198000,3.378000
80,14,0,1.987200,3.082000,2.453000,1.255000,1.300000,1.846000
80,15,0,1.969200,1.561000,2.439000,1.498000,3.156000,1.192000
80,16,0,1.757000,1.756000,1.339000,1.062000,2.772000,1.856000
80,17,0,2.615000,2.117000,1.577000,4.641000,3.447000,1.293000
80,18,0,2.097200,1.491000,1.854000,2.284000,3.016000,1.841000
80,19,0,1.878400,1.916000,1.147000,2.083000,3.157000,1.089000
80,20,1,2.278200,2.147000,1.846000,1.531000,1.852000,4.015000
80,21,1,2.387200,2.645000,1.022000,3.105000,3.320000,1.844000
80,22,1,2.484200,1.898000,2.616000,1.095000,3.344000,3.468000
80,23,1,2.288600,1.767000,2.340000,1.932000,2.900000,2.504000
80,24,1,2.251200,2.001000,1.778000,1.891000,2.072000,3.514000
80,25,1,2.233600,1.615000,1.510000,1.872000,3.586000,2.585000
80,26,1,2.575800,2.419000,2.845000,1.282000,2.404000,3.929000
80,27,1,2.040200,1.967000,1.200000,1.894000,2.875000,2.265000
80,28,1,2.016400,2.266000,2.166000,1.476000,2.976000,1.198000
80,29,1,1.885600,1.726000,1.971000,1.158000,2.778000,1.795000
80,30,1,1.696400,1.469000,1.130000,1.319000,1.558000,3.006000
80,31,1,1.608400,1.719000,2.723000,1.052000,1.378000,1.170000
80,32,1,2.778600,1.904000,1.232000,3.487000,3.536000,3.734000
80,33,1,2.175200,3.512000,1.105000,1.176000,3.291000,1.792000
80,34,1,2.090200,2.244000,1.721000,1.282000,2.170000,3.034000
80,35,1,2.397200,1.565000,2.423000,1.493000,3.910000,2.595000
80,36,1,2.347800,1.799000,1.661000,1.742000,2.961000,3.576000
80,37,1,1.906800,2.031000,3.289000,1.314000,1.392000,1.508000
80,38,1,2.498600,1.431000,2.667000,2.358000,3.742000,2.295000
80,39,1,2.362800,2.422000,2.422000,1.952000,3.580000,1.438000
80,40,2,1.758000,1.610000,2.579000,1.332000,1.576000,1.693000
80,41,2,1.506600,1.217000,1.297000,1.384000,1.891000,1.744000
80,42,2,1.578800,2.134000,1.175000,1.298000,1.529000,1.758000
80,43,2,1.824400,1.913000,2.413000,1.298000,1.707000,1.791000
80,44,2,1.453600,1.431000,1.110000,2.064000,1.394000,1.269000
80,45,2,2.044600,1.659000,3.119000,1.532000,2.377000,1.536000
80,46,2,1.678000,1.470000,2.829000,1.703000,1.502000,0.886000
80,47,2,1.922000,1.592000,2.609000,1.307000,2.511000,1.591000
80,48,2,1.906400,1.510000,2.361000,1.278000,2.216000,2.167000
80,49,2,1.757400,1.615000,2.285000,1.301000,2.173000,1.413000
80,50,2,1.901000,2.142000,1.570000,0.879000,2.935000,1.979000
80,51,2,1.589200,1.389000,1.335000,1.521000,2.492000,1.209000
80,52,2,1.667800,1.476000,2.402000,1.194000,2.297000,0.970000
80,53,2,1.244200,1.275000,1.039000,1.181000,1.383000,1.343000
80,54,2,1.534800,1.368000,2.544000,1.065000,1.462000,1.235000
80,55,2,1.874000,1.491000,1.612000,1.906000,2.615000,1.746000
80,56,2,1.248400,1.610000,1.002000,0.955000,1.312000,1.363000
80,57,2,1.527000,1.596000,1.912000,1.157000,1.480000,1.490000
80,58,2,1.881600,1.375000,1.271000,2.464000,2.661000,1.637000
80,59,2,1.472400,1.224000,1.225000,1.187000,2.460000,1.266000
80,60,3,4.012000,3.307000,5.019000,5.050000,1.557000,5.127000
80,61,3,4.071800,3.647000,2.356000,5.055000,4.270000,5.031000
80,62,3,3.524000,3.724000,2.556000,4.454000,4.579000,2.307000
80,63,3,3.785200,2.253000,4.680000,4.531000,2.956000,4.506000
80,64,3,4.134800,3.578000,4.256000,4.989000,3.353000,4.498000
80,65,3,5.140600,5.328000,4.252000,5.627000,5.413000,5.083000
80,66,3,3.540200,2.781000,4.594000,2.236000,4.932000,3.158000
80,67,3,2.793200,2.937000,1.178000,4.428000,2.085000,3.338000
80,68,3,4.684000,3.806000,4.103000,5.082000,5.352000,5.077000
80,69,3,3.789400,3.632000,1.063000,4.789000,4.430000,5.033000
80,70,3,3.560600,3.371000,3.076000,3.079000,3.207000,5.070000
80,71,3,4.204600,3.931000,2.761000,5.108000,5.616000,3.607000
80,72,3,4.225000,2.526000,4.406000,4.500000,4.441000,5.252000
80,73,3,4.267400,3.509000,4.192000,4.833000,3.816000,4.987000
80,74,3,3.735600,3.545000,1.470000,5.371000,4.136000,4.156000
80,75,3,3.849200,3.433000,3.517000,4.152000,3.155000,4.989000
80,76,3,3.017800,3.238000,3.874000,2.022000,1.827000,4.128000
80,77,3,3.911800,4.239000,2.634000,5.418000,3.184000,4.084000
80,78,3,3.608600,4.174000,1.221000,4.860000,3.301000,4.487000
80,79,3,3.737000,2.244000,3.829000,4.451000,4.048000,4.113000
80,80,4,1.680000,1.477000,1.441000,1.540000,1.731000,2.211000
80,81,4,1.463000,1.373000,1.393000,1.617000,1.857000,1.075000
80,82,4,2.386000,1.786000,1.216000,2.115000,3.674000,3.139000
80,83,4,2.150200,1.713000,1.640000,2.142000,4.129000,1.127000
80,84,4,1.907400,2.448000,0.883000,2.383000,2.492000,1.331000
80,85,4,1.678600,1.868000,1.088000,2.197000,1.565000,1.675000
80,86,4,1.552400,1.542000,1.387000,1.641000,1.969000,1.223000
80,87,4,2.344800,2.531000,2.545000,1.095000,2.855000,2.698000
80,88,4,2.037200,1.352000,1.085000,2.150000,2.644000,2.955000
80,89,4,2.452000,1.891000,1.823000,3.646000,3.580000,1.320000
80,90,4,1.709800,1.602000,1.420000,1.164000,1.531000,2.832000
80,91,4,1.900000,2.310000,2.095000,1.487000,2.107000,1.501000
80,92,4,1.549800,1.433000,1.640000,1.505000,1.811000,1.360000
80,93,4,1.835200,2.795000,2.201000,1.550000,1.571000,1.059000
80,94,4,2.091800,1.339000,2.070000,4.257000,1.350000,1.443000
80,95,4,2.064000,1.588000,1.175000,2.231000,3.436000,1.890000
80,96,4,2.048000,2.410000,1.389000,1.861000,1.895000,2.685000
80,97,4,1.876000,1.969000,2.437000,1.170000,1.942000,1.862000
80,98,4,1.902600,1.432000,1.016000,0.997000,2.971000,3.097000
80,99,4,2.152600,2.099000,2.067000,1.917000,2.419000,2.261000
81,0,3,3.173400,1.777000,4.549000,1.794000,4.483000,3.264000
81,1,3,3.441000,6.159000,4.457000,3.577000,1.189000,1.823000
81,2,3,3.128200,4.496000,3.144000,2.740000,1.427000,3.834000
81,3,3,3.603400,2.883000,5.287000,2.918000,4.373000,2.556000
81,4,3,3.045600,2.685000,5.364000,1.413000,2.189000,3.577000
81,5,3,4.007200,5.266000,4.141000,5.207000,3.394000,2.028000
81,6,3,3.291600,4.429000,4.280000,2.453000,2.167000,3.129000
81,7,3,3.136600,2.038000,4.548000,3.991000,1.475000,3.631000
81,8,3,3.732400,4.797000,3.797000,2.342000,4.786000,2.940000
81,9,3,3.615600,3.990000,3.639000,3.592000,4.748000,2.109000
81,10,3,3.150000,1.600000,3.956000,3.201000,4.164000,2.829000
81,11,3,3.850000,4.229000,4.207000,1.879000,4.697000,4.238000
81,12,3,3.674200,4.267000,2.851000,3.490000,5.269000,2.494000
81,13,3,3.355600,4.443000,3.983000,3.118000,3.241000,1.993000
81,14,3,2.441400,2.987000,3.747000,2.146000,1.507000,1.820000
81,15,3,4.026200,5.158000,4.783000,3.032000,5.060000,2.098000
81,16,3,3.547400,5.632000,2.939000,2.895000,1.497000,4.774000
81,17,3,3.065000,2.981000,3.514000,2.745000,2.999000,3.086000
81,18,3,3.312600,6.108000,3.380000,2.037000,1.605000,3.433000
81,19,3,4.308800,5.545000,4.406000,2.347000,5.594000,3.652000
82,0,3,3.215600,5.569000,2.750000,4.060000,2.513000,1.186000
82,1,3,3.007800,3.162000,2.461000,4.181000,3.119000,2.116000
82,2,3,2.797400,1.694000,1.778000,5.080000,2.997000,2.438000
82,3,3,2.395800,1.759000,2.117000,4.468000,2.343000,1.292000
82,4,3,3.479000,4.380000,2.518000,4.279000,3.891000,2.327000
82,5,3,3.604400,4.492000,5.572000,1.941000,3.636000,2.381000
82,6,3,3.748600,4.242000,3.382000,4.969000,3.630000,2.520000
82,7,3,2.962600,2.738000,2.265000,4.693000,3.308000,1.809000
82,8,3,2.762800,2.290000,2.282000,4.126000,3.604000,1.512000
82,9,3,3.017000,1.623000,2.651000,3.036000,4.564000,3.211000
82,10,3,3.292000,4.038000,3.147000,1.848000,5.383000,2.044000
82,11,3,4.173200,4.072000,4.709000,4.287000,2.485000,5.313000
82,12,3,2.446200,2.594000,1.374000,4.556000,2.310000,1.397000
82,13,3,2.677200,2.051000,2.720000,3.788000,2.486000,2.341000
82,14,3,3.038600,5.824000,3.070000,2.824000,1.882000,1.593000
82,15,3,3.283800,4.375000,2.529000,4.880000,2.999000,1.636000
82,16,3,4.138800,5.533000,3.632000,4.500000,4.621000,2.408000
82,17,3,3.259600,1.706000,3.950000,4.200000,3.725000,2.717000
82,18,3,3.546400,3.700000,4.026000,3.580000,1.994000,4.432000
82,19,3,3.808800,4.175000,3.178000,3.253000,3.575000,4.863000
83,0,3,3.113200,3.254000,4.534000,3.333000,1.561000,2.884000
83,1,3,3.873800,4.746000,4.497000,2.417000,3.564000,4.145000
83,2,3,3.854400,2.619000,4.833000,4.708000,4.677000,2.435000
83,3,3,3.434400,5.035000,3.854000,3.304000,0.873000,4.106000
83,4,3,3.143800,2.330000,3.080000,2.589000,3.420000,4.300000
83,5,3,3.444200,2.604000,4.572000,3.563000,2.573000,3.909000
83,6,3,3.227800,2.054000,3.247000,3.341000,3.079000,4.418000
83,7,3,3.458800,2.617000,4.860000,3.918000,2.655000,3.244000
83,8,3,3.561000,2.921000,4.602000,2.459000,4.318000,3.505000
83,9,3,1.821800,2.222000,1.726000,2.306000,0.977000,1.878000
83,10,3,2.546400,1.753000,2.955000,1.958000,3.304000,2.762000
83,11,3,3.810400,4.525000,5.900000,2.445000,2.868000,3.314000
83,12,3,2.673800,1.971000,1.760000,4.458000,2.351000,2.829000
83,13,3,3.493800,3.468000,3.851000,2.762000,2.859000,4.529000
83,14,3,3.128800,3.121000,3.753000,2.049000,3.787000,2.934000
83,15,3,3.013600,2.963000,1.849000,3.586000,1.514000,5.156000
83,16,3,3.962600,4.920000,3.712000,4.907000,3.499000,2.775000
83,17,3,3.231400,1.457000,3.140000,4.420000,3.417000,3.723000
83,18,3,4.073400,4.801000,5.149000,4.287000,4.131000,1.999000
83,19,3,3.384200,1.944000,4.052000,3.609000,3.756000,3.560000
84,0,3,3.773400,4.625000,3.427000,4.710000,3.828000,2.277000
84,1,3,4.253800,3.330000,4.103000,4.569000,4.829000,4.438000
84,2,3,3.429800,4.003000,5.484000,1.274000,1.229000,5.159000
84,3,3,3.128200,2.806000,3.512000,2.382000,3.961000,2.980000
84,4,3,4.371200,3.623000,4.957000,5.777000,3.649000,3.850000
84,5,3,4.472800,3.115000,5.205000,4.881000,4.673000,4.490000
84,6,3,3.895000,1.467000,5.560000,3.171000,4.917000,4.360000
84,7,3,4.202200,4.536000,5.118000,2.952000,5.284000,3.121000
84,8,3,2.444200,1.797000,2.607000,2.701000,2.289000,2.827000
84,9,3,3.208600,2.362000,5.388000,1.516000,3.217000,3.560000
84,10,3,3.928600,1.123000,4.359000,5.031000,4.456000,4.674000
84,11,3,3.310400,2.463000,3.771000,3.237000,3.412000,3.669000
84,12,3,3.579800,3.690000,2.750000,4.021000,2.229000,5.209000
84,13,3,4.355200,4.830000,4.800000,3.725000,4.441000,3.980000
84,14,3,3.395000,3.176000,2.959000,3.140000,4.114000,3.586000
84,15,3,4.605000,3.542000,5.120000,5.694000,4.957000,3.712000
84,16,3,3.103400,2.411000,3.166000,2.598000,3.099000,4.243000
84,17,3,3.609200,3.385000,4.149000,4.841000,1.187000,4.484000
84,18,3,4.273400,4.124000,3.271000,4.618000,4.292000,5.062000
84,19,3,4.144800,2.162000,4.140000,5.033000,4.627000,4.762000
85,0,3,3.235200,2.330000,3.471000,1.463000,3.963000,4.949000
85,1,3,3.152400,2.451000,4.043000,1.691000,4.275000,3.302000
85,2,3,3.039000,2.613000,3.706000,1.931000,3.596000,3.349000
85,3,3,3.055800,2.798000,1.950000,3.912000,2.488000,4.131000
85,4,3,3.045000,3.486000,2.757000,2.375000,2.402000,4.205000
85,5,3,2.517200,2.800000,1.908000,1.193000,4.199000,2.486000
85,6,3,3.027800,2.127000,3.779000,2.426000,2.695000,4.112000
85,7,3,2.464800,1.392000,1.287000,2.386000,2.733000,4.526000
85,8,3,3.080600,2.671000,3.785000,3.025000,3.431000,2.491000
85,9,3,2.894200,2.604000,3.143000,2.098000,1.951000,4.675000
85,10,3,2.509200,2.884000,2.203000,2.035000,2.297000,3.127000
85,11,3,3.358200,3.720000,3.779000,1.170000,4.107000,4.015000
85,12,3,3.646600,3.641000,3.367000,3.024000,3.908000,4.293000
85,13,3,3.313200,2.998000,3.268000,1.685000,3.961000,4.654000
85,14,3,2.750200,1.889000,1.595000,3.158000,2.768000,4.341000
85,15,3,2.900600,2.475000,3.528000,2.842000,3.557000,2.101000
85,16,3,3.513800,3.454000,3.485000,1.729000,4.101000,4.800000
85,17,3,2.906800,2.431000,1.768000,4.429000,2.425000,3.481000
85,18,3,2.894200,2.563000,1.469000,4.022000,4.329000,2.088000
85,19,3,2.891800,2.393000,1.991000,2.337000,4.235000,3.503000
86,0,3,3.381400,4.947000,1.923000,2.241000,5.651000,2.145000
86,1,3,4.118200,3.634000,3.325000,3.445000,4.845000,5.342000
86,2,3,3.425600,4.666000,2.880000,1.518000,4.338000,3.726000
86,3,3,3.189600,4.043000,2.782000,3.042000,4.003000,2.078000
86,4,3,3.502000,4.180000,3.342000,2.661000,3.527000,3.800000
86,5,3,3.437000,2.810000,5.397000,2.333000,4.416000,2.229000
86,6,3,3.289800,5.660000,2.160000,1.665000,4.499000,2.465000
86,7,3,4.445000,4.634000,4.974000,4.485000,4.514000,3.618000
86,8,3,4.498400,5.971000,3.798000,5.330000,4.675000,2.718000
86,9,3,3.505800,2.561000,4.617000,1.698000,4.311000,4.342000
86,10,3,3.691600,4.843000,3.750000,3.679000,4.378000,1.808000
86,11,3,3.309200,1.573000,4.786000,1.676000,4.746000,3.765000
86,12,3,4.346200,3.559000,5.092000,2.908000,4.230000,5.942000
86,13,3,2.877800,4.836000,1.969000,2.564000,2.593000,2.427000
86,14,3,4.536800,4.460000,4.604000,3.654000,4.709000,5.257000
86,15,3,3.250000,3.896000,5.073000,1.202000,3.540000,2.539000
86,16,3,4.153400,3.417000,4.075000,3.906000,4.442000,4.927000
86,17,3,4.381400,4.651000,4.724000,2.618000,5.405000,4.509000
86,18,3,3.488800,4.542000,2.726000,3.917000,4.029000,2.230000
86,19,3,3.330000,4.169000,2.534000,4.221000,4.286000,1.440000
87,0,3,3.964600,5.858000,3.366000,4.607000,2.691000,3.301000
87,1,3,3.683200,2.668000,3.634000,4.618000,5.299000,2.197000
87,2,3,3.659600,5.205000,1.373000,1.844000,6.435000,3.441000
87,3,3,3.661000,3.281000,3.902000,4.376000,2.933000,3.813000
87,4,3,3.665200,4.735000,3.091000,2.464000,4.216000,3.820000
87,5,3,4.347000,4.360000,4.868000,4.311000,2.457000,5.739000
87,6,3,3.350600,4.143000,3.294000,1.667000,2.862000,4.787000
87,7,3,3.795400,3.726000,3.146000,3.768000,3.795000,4.542000
87,8,3,4.464000,5.554000,4.006000,3.736000,4.849000,4.175000
87,9,3,3.260600,3.129000,3.757000,3.575000,1.695000,4.147000
87,10,3,4.340600,4.865000,2.658000,5.152000,5.340000,3.688000
87,11,3,4.179000,5.432000,3.773000,5.213000,3.803000,2.674000
87,12,3,3.405600,2.390000,2.544000,3.424000,4.484000,4.186000
87,13,3,3.701400,4.688000,3.035000,3.628000,4.456000,2.700000
87,14,3,3.788600,4.130000,4.757000,4.080000,2.312000,3.664000
87,15,3,4.185000,4.137000,4.360000,4.402000,4.455000,3.571000
87,16,3,4.763600,5.324000,4.097000,5.277000,5.052000,4.068000
87,17,3,3.313800,4.144000,3.046000,2.213000,3.986000,3.180000
87,18,3,4.091000,3.717000,4.420000,3.001000,4.027000,5.290000
87,19,3,1.683600,1.471000,1.294000,1.490000,2.237000,1.926000
88,0,3,2.737400,3.045000,4.042000,1.955000,1.101000,3.544000
88,1,3,3.246600,4.779000,3.496000,2.962000,1.632000,3.364000
88,2,3,3.412200,4.155000,3.125000,4.069000,1.601000,4.111000
88,3,3,3.393400,3.469000,4.409000,3.992000,1.521000,3.576000
88,4,3,3.304200,3.916000,2.567000,3.997000,1.377000,4.664000
88,5,3,3.904600,5.254000,1.964000,5.616000,1.728000,4.961000
88,6,3,3.742000,4.239000,4.598000,3.164000,1.811000,4.898000
88,7,3,3.894600,4.100000,2.320000,3.681000,4.208000,5.164000
88,8,3,4.089800,3.921000,4.827000,5.690000,3.024000,2.987000
88,9,3,3.925000,4.784000,4.369000,4.452000,1.631000,4.389000
88,10,3,3.265200,4.836000,4.549000,2.533000,1.793000,2.615000
88,11,3,3.235600,4.050000,1.998000,4.158000,1.379000,4.593000
88,12,3,2.948000,1.997000,5.248000,3.220000,1.331000,2.944000
88,13,3,3.481000,4.528000,4.146000,3.819000,1.942000,2.970000
88,14,3,3.705800,4.581000,3.289000,3.403000,4.962000,2.294000
88,15,3,4.366800,4.511000,4.378000,5.791000,1.880000,5.274000
88,16,3,3.493000,3.937000,5.811000,2.625000,1.221000,3.871000
88,17,3,3.300000,3.345000,4.744000,4.525000,1.628000,2.258000
88,18,3,3.998600,4.793000,2.935000,1.898000,5.181000,5.186000
88,19,3,2.912400,3.076000,1.514000,2.816000,3.312000,3.844000
89,0,3,2.923600,3.039000,3.032000,3.810000,3.263000,1.474000
89,1,3,3.427400,4.032000,3.624000,2.738000,3.661000,3.082000
89,2,3,2.397200,1.656000,2.447000,2.925000,1.525000,3.433000
89,3,3,2.344400,1.421000,1.430000,4.312000,1.797000,2.762000
89,4,3,2.703200,1.661000,3.657000,4.005000,2.148000,2.045000
89,5,3,4.001200,5.153000,3.389000,4.025000,4.471000,2.968000
89,6,3,4.100400,5.185000,3.013000,3.254000,4.343000,4.707000
89,7,3,2.799400,3.910000,3.703000,2.193000,2.743000,1.448000
89,8,3,2.967000,3.030000,4.633000,4.493000,1.459000,1.220000
89,9,3,3.299200,4.591000,3.802000,3.337000,3.449000,1.317000
89,10,3,3.374000,4.277000,4.141000,3.631000,3.065000,1.756000
89,11,3,2.779800,3.264000,1.819000,3.852000,1.570000,3.394000
89,12,3,3.524800,3.708000,4.577000,4.429000,3.187000,1.723000
89,13,3,3.685400,4.358000,3.520000,5.783000,2.138000,2.628000
89,14,3,3.300000,4.927000,3.035000,5.336000,1.657000,1.545000
89,15,3,2.331000,1.701000,4.372000,2.321000,1.532000,1.729000
89,16,3,3.450800,3.753000,4.601000,3.868000,1.975000,3.057000
89,17,3,2.933800,3.282000,2.041000,4.245000,1.960000,3.141000
89,18,3,3.553400,1.665000,2.704000,5.209000,4.919000,3.270000
89,19,3,3.851600,5.544000,4.290000,2.492000,2.978000,3.954000
90,0,0,1.922000,3.116000,2.636000,1.087000,1.505000,1.266000
90,1,0,2.096600,2.030000,1.951000,1.543000,1.977000,2.982000
90,2,0,1.608600,2.032000,1.760000,1.224000,1.789000,1.238000
90,3,0,1.977800,2.480000,2.195000,1.585000,1.931000,1.698000
90,4,0,2.164400,3.132000,2.397000,1.334000,1.824000,2.135000
90,5,0,2.265800,2.481000,2.936000,1.627000,3.017000,1.268000
90,6,0,1.764000,1.957000,2.157000,1.448000,1.421000,1.837000
90,7,0,1.771800,2.055000,2.166000,1.288000,1.295000,2.055000
90,8,0,1.995600,2.370000,2.075000,2.656000,1.512000,1.365000
90,9,0,1.920400,3.000000,2.133000,1.387000,1.666000,1.416000
90,10,0,1.793000,1.948000,3.047000,1.235000,1.156000,1.579000
90,11,0,1.746200,2.091000,1.702000,1.314000,2.183000,1.441000
90,12,0,1.571400,1.737000,2.184000,1.520000,1.359000,1.057000
90,13,0,1.811000,1.817000,2.354000,1.121000,2.070000,1.693000
90,14,0,2.077800,2.405000,2.342000,1.779000,1.729000,2.134000
90,15,0,1.680600,2.245000,1.331000,1.568000,2.122000,1.137000
90,16,0,2.247000,2.596000,2.930000,1.697000,1.455000,2.557000
90,17,0,1.924000,3.118000,2.495000,1.524000,1.281000,1.202000
90,18,0,2.195200,2.066000,2.199000,2.210000,3.314000,1.187000
90,19,0,2.053200,2.625000,2.997000,1.667000,1.770000,1.207000
90,20,1,2.133200,2.027000,2.739000,1.617000,2.453000,1.830000
90,21,1,2.164400,2.169000,2.366000,1.457000,2.236000,2.594000
90,22,1,2.189200,1.634000,2.850000,1.986000,2.447000,2.029000
90,23,1,2.341400,1.890000,3.461000,2.828000,2.315000,1.213000
90,24,1,2.497400,2.405000,2.859000,2.349000,3.243000,1.631000
90,25,1,1.951200,2.880000,1.865000,1.247000,2.220000,1.544000
90,26,1,2.623800,1.692000,3.625000,3.309000,1.646000,2.847000
90,27,1,2.302400,2.954000,2.950000,2.513000,1.959000,1.136000
90,28,1,2.092800,2.690000,2.447000,1.501000,2.123000,1.703000
90,29,1,1.830400,2.231000,1.786000,2.044000,1.892000,1.199000
90,30,1,2.287000,2.875000,2.765000,2.613000,2.091000,1.091000
90,31,1,1.935000,2.143000,2.750000,1.584000,1.711000,1.487000
90,32,1,2.072400,3.060000,1.859000,1.879000,1.695000,1.869000
90,33,1,2.748200,2.620000,2.619000,3.789000,2.452000,2.261000
90,34,1,2.154600,1.915000,2.440000,1.740000,2.523000,2.155000
90,35,1,1.997000,2.613000,2.300000,2.443000,1.492000,1.137000
90,36,1,2.557200,1.734000,4.064000,2.293000,1.747000,2.948000
90,37,1,2.732600,1.911000,3.689000,1.574000,2.953000,3.536000
90,38,1,2.615400,2.744000,1.341000,4.131000,3.190000,1.671000
90,39,1,2.581600,2.095000,1.729000,4.099000,2.787000,2.198000
90,40,2,1.436200,1.899000,1.666000,1.195000,1.188000,1.233000
90,41,2,1.527400,2.074000,1.868000,1.423000,1.304000,0.968000
90,42,2,1.546800,1.703000,2.124000,1.190000,1.617000,1.100000
90,43,2,2.106600,3.477000,1.796000,1.282000,2.819000,1.159000
90,44,2,1.385000,1.611000,1.499000,1.514000,1.130000,1.171000
90,45,2,2.389800,2.657000,2.228000,2.314000,3.688000,1.062000
90,46,2,2.034000,3.055000,2.571000,1.366000,1.826000,1.352000
90,47,2,1.504800,2.243000,1.498000,1.399000,1.271000,1.113000
90,48,2,2.125400,4.194000,1.492000,2.090000,1.478000,1.373000
90,49,2,1.588800,2.012000,2.237000,1.252000,1.432000,1.011000
90,50,2,1.945600,2.355000,2.023000,2.737000,1.264000,1.349000
90,51,2,1.638400,2.267000,2.023000,1.256000,1.481000,1.165000
90,52,2,1.892600,2.346000,1.669000,1.861000,2.355000,1.232000
90,53,2,1.618400,2.035000,2.137000,1.568000,1.257000,1.095000
90,54,2,1.640600,2.778000,1.468000,1.341000,1.185000,1.431000
90,55,2,1.873000,1.906000,2.992000,1.168000,1.993000,1.306000
90,56,2,2.048600,2.323000,1.861000,2.213000,1.976000,1.870000
90,57,2,1.723200,2.203000,2.085000,1.718000,1.359000,1.251000
90,58,2,1.674600,2.324000,1.562000,1.857000,1.517000,1.113000
90,59,2,1.839400,3.711000,1.493000,1.484000,1.485000,1.024000
90,60,3,4.637200,5.022000,4.670000,4.609000,3.820000,5.065000
90,61,3,3.043000,2.974000,2.808000,4.971000,3.149000,1.313000
90,62,3,3.524200,3.491000,4.124000,4.967000,3.821000,1.218000
90,63,3,2.785800,3.416000,4.027000,2.688000,2.401000,1.397000
90,64,3,3.531400,2.414000,3.496000,4.236000,3.237000,4.274000
90,65,3,3.095400,2.273000,2.332000,4.387000,3.962000,2.523000
90,66,3,3.218600,3.579000,2.711000,4.667000,3.550000,1.586000
90,67,3,2.613600,2.413000,3.026000,3.811000,2.713000,1.105000
90,68,3,2.751600,2.531000,1.930000,3.582000,4.399000,1.316000
90,69,3,3.453800,3.091000,3.777000,4.521000,4.795000,1.085000
90,70,3,3.097600,3.247000,3.456000,3.967000,3.444000,1.374000
90,71,3,3.001400,4.775000,4.102000,2.819000,1.962000,1.349000
90,72,3,2.985600,2.486000,4.333000,3.584000,2.917000,1.608000
90,73,3,2.500200,3.512000,2.150000,3.726000,1.941000,1.172000
90,74,3,2.863000,3.892000,3.131000,4.011000,2.192000,1.089000
90,75,3,2.909800,2.293000,4.287000,3.871000,2.549000,1.549000
90,76,3,3.955600,4.943000,4.265000,4.292000,5.132000,1.146000
90,77,3,2.572400,1.902000,2.650000,4.426000,2.501000,1.383000
90,78,3,3.088400,4.558000,2.491000,4.962000,2.162000,1.269000
90,79,3,3.534200,3.633000,3.679000,4.054000,4.396000,1.909000
90,80,4,2.156800,2.075000,2.231000,2.044000,2.884000,1.550000
90,81,4,1.742200,2.151000,1.630000,1.889000,1.813000,1.228000
90,82,4,1.955800,1.806000,1.672000,2.058000,2.850000,1.393000
90,83,4,1.934800,2.865000,1.566000,1.932000,1.756000,1.555000
90,84,4,1.758600,2.540000,2.357000,1.059000,1.267000,1.570000
90,85,4,2.422600,2.088000,2.665000,1.276000,4.276000,1.808000
90,86,4,2.676600,2.271000,3.152000,3.577000,2.544000,1.839000
90,87,4,1.619200,1.825000,1.982000,1.237000,1.161000,1.891000
90,88,4,1.549200,2.659000,1.581000,1.169000,1.181000,1.156000
90,89,4,1.671200,2.106000,1.400000,1.792000,1.721000,1.337000
90,90,4,2.057800,2.834000,1.911000,1.950000,1.580000,2.014000
90,91,4,1.900800,2.644000,2.211000,1.251000,2.335000,1.063000
90,92,4,2.176200,3.396000,1.697000,2.470000,1.905000,1.413000
90,93,4,2.303800,2.609000,2.579000,3.803000,1.218000,1.310000
90,94,4,1.840400,1.667000,1.981000,1.970000,2.278000,1.306000
90,95,4,1.630600,2.432000,1.567000,1.319000,1.558000,1.277000
90,96,4,1.890800,2.132000,1.962000,2.055000,1.611000,1.694000
90,97,4,1.491000,1.597000,1.411000,1.157000,1.776000,1.514000
90,98,4,1.792600,2.367000,1.453000,2.104000,1.626000,1.413000
90,99,4,1.794000,2.139000,2.062000,1.542000,2.043000,1.184000
91,0,3,3.401200,4.057000,1.355000,5.021000,4.678000,1.895000
91,1,3,3.971000,4.001000,3.687000,4.129000,4.557000,3.481000
91,2,3,2.701400,1.546000,4.509000,2.994000,1.668000,2.790000
91,3,3,3.006600,1.905000,1.771000,4.868000,3.744000,2.745000
91,4,3,3.416000,4.039000,4.263000,3.150000,3.896000,1.732000
91,5,3,3.664600,4.580000,3.170000,2.055000,4.264000,4.254000
91,6,3,4.021000,3.240000,4.442000,3.330000,4.003000,5.090000
91,7,3,3.428800,4.255000,3.311000,2.148000,3.829000,3.601000
91,8,3,3.007800,2.695000,3.485000,2.318000,4.243000,2.298000
91,9,3,3.195800,1.226000,4.253000,3.690000,4.125000,2.685000
91,10,3,2.861600,2.131000,2.421000,3.919000,2.330000,3.507000
91,11,3,4.381400,4.833000,4.451000,4.936000,3.343000,4.344000
91,12,3,3.370000,5.155000,3.376000,3.221000,3.020000,2.078000
91,13,3,3.826200,4.846000,2.738000,3.026000,4.688000,3.833000
91,14,3,3.452000,2.822000,2.644000,2.783000,3.485000,5.526000
91,15,3,4.443800,5.408000,2.804000,5.205000,4.744000,4.058000
91,16,3,3.862600,4.904000,5.179000,2.458000,2.214000,4.558000
91,17,3,3.133400,2.571000,4.231000,1.764000,3.813000,3.288000
91,18,3,3.772400,5.149000,2.291000,2.682000,3.505000,5.235000
91,19,3,3.363400,5.063000,1.311000,1.802000,3.864000,4.777000
92,0,3,4.504400,5.660000,5.148000,2.415000,4.996000,4.303000
92,1,3,4.034600,3.603000,4.472000,5.467000,2.060000,4.571000
92,2,3,4.247200,5.556000,3.811000,4.360000,2.986000,4.523000
92,3,3,4.118800,4.821000,2.876000,3.693000,4.340000,4.864000
92,4,3,4.039000,3.915000,3.400000,5.024000,5.129000,2.727000
92,5,3,3.241600,4.627000,2.023000,3.585000,3.965000,2.008000
92,6,3,3.415600,3.136000,4.848000,4.957000,1.525000,2.612000
92,7,3,3.674200,2.950000,4.924000,3.086000,3.629000,3.782000
92,8,3,3.538200,3.277000,4.342000,1.805000,3.682000,4.585000
92,9,3,4.372200,4.215000,3.906000,5.006000,4.390000,4.344000
92,10,3,4.237200,5.334000,3.455000,4.721000,4.287000,3.389000
92,11,3,3.692000,2.714000,4.705000,5.444000,1.698000,3.899000
92,12,3,3.353800,1.944000,3.656000,4.470000,2.498000,4.201000
92,13,3,3.556800,4.247000,2.908000,2.754000,3.895000,3.980000
92,14,3,3.017400,3.506000,3.652000,3.139000,1.441000,3.349000
92,15,3,4.346800,4.365000,5.070000,4.514000,3.330000,4.455000
92,16,3,4.340800,4.707000,3.214000,4.809000,3.998000,4.976000
92,17,3,3.748200,2.123000,4.453000,5.287000,1.921000,4.957000
92,18,3,4.336800,4.468000,4.079000,3.600000,5.052000,4.485000
92,19,3,3.711600,5.342000,2.027000,2.670000,4.795000,3.724000
93,0,3,2.359200,1.119000,1.728000,3.845000,3.198000,1.906000
93,1,3,3.463600,1.480000,4.026000,4.561000,3.533000,3.718000
93,2,3,3.767000,3.272000,3.712000,4.315000,2.931000,4.605000
93,3,3,3.580000,1.762000,3.983000,5.033000,3.280000,3.842000
93,4,3,3.186600,1.208000,4.057000,4.039000,2.087000,4.542000
93,5,3,2.639800,1.863000,4.137000,3.491000,1.232000,2.476000
93,6,3,3.705200,1.923000,3.821000,3.802000,4.228000,4.752000
93,7,3,3.263200,1.384000,3.717000,2.185000,4.954000,4.076000
93,8,3,3.397600,1.832000,3.806000,4.645000,2.493000,4.212000
93,9,3,3.044200,1.544000,3.030000,4.264000,1.760000,4.623000
93,10,3,3.662400,3.690000,4.003000,5.897000,2.353000,2.369000
93,11,3,3.921200,4.869000,4.000000,4.583000,1.434000,4.720000
93,12,3,2.009200,1.480000,2.269000,2.116000,2.665000,1.516000
93,13,3,2.587000,1.673000,3.326000,2.451000,4.299000,1.186000
93,14,3,3.065600,2.234000,4.464000,3.441000,1.130000,4.059000
93,15,3,2.753200,1.785000,2.907000,2.857000,1.458000,4.759000
93,16,3,3.630200,1.796000,3.704000,4.223000,4.033000,4.395000
93,17,3,1.961800,2.482000,1.733000,2.917000,1.218000,1.459000
93,18,3,2.961600,1.616000,1.544000,4.069000,4.348000,3.231000
93,19,3,1.923400,1.536000,1.547000,1.966000,1.788000,2.780000
94,0,3,3.148400,4.693000,2.505000,1.710000,1.937000,4.897000
94,1,3,3.810000,1.605000,4.909000,4.399000,3.338000,4.799000
94,2,3,4.444600,2.775000,6.630000,4.851000,1.883000,6.084000
94,3,3,3.438800,4.495000,1.539000,2.119000,4.701000,4.340000
94,4,3,2.616200,3.515000,1.873000,2.478000,1.671000,3.544000
94,5,3,3.788400,4.210000,3.950000,3.922000,1.921000,4.939000
94,6,3,3.801800,4.543000,6.294000,2.740000,1.857000,3.575000
94,7,3,3.986600,4.204000,4.294000,4.451000,2.424000,4.560000
94,8,3,3.376000,4.762000,3.108000,2.937000,3.917000,2.156000
94,9,3,2.950200,2.369000,3.359000,2.150000,3.181000,3.692000
94,10,3,4.085200,4.494000,4.143000,3.616000,2.113000,6.060000
94,11,3,3.266800,2.140000,2.416000,3.145000,3.140000,5.493000
94,12,3,2.048400,1.995000,1.660000,2.511000,1.743000,2.333000
94,13,3,3.181400,4.467000,1.574000,3.127000,1.412000,5.327000
94,14,3,3.081200,1.453000,3.145000,3.490000,2.065000,5.253000
94,15,3,2.606600,2.276000,2.410000,3.059000,1.293000,3.995000
94,16,3,3.599600,3.583000,5.245000,3.901000,1.419000,3.850000
94,17,3,3.719400,4.607000,2.927000,3.636000,4.185000,3.242000
94,18,3,2.599400,4.257000,2.112000,2.227000,1.801000,2.600000
94,19,3,3.524800,4.093000,2.593000,3.441000,1.999000,5.498000
95,0,3,3.480000,5.031000,1.976000,4.242000,3.530000,2.621000
95,1,3,3.696600,2.601000,4.438000,2.655000,4.783000,4.006000
95,2,3,3.315800,3.883000,4.640000,1.728000,4.048000,2.280000
95,3,3,3.700600,3.116000,3.542000,3.976000,4.122000,3.747000
95,4,3,3.828400,3.657000,2.772000,4.845000,4.743000,3.125000
95,5,3,2.411000,1.773000,2.063000,2.620000,3.738000,1.861000
95,6,3,3.967200,4.140000,3.764000,4.884000,4.155000,2.893000
95,7,3,3.565800,1.929000,4.510000,4.308000,3.849000,3.233000
95,8,3,4.069000,3.834000,4.410000,4.546000,4.024000,3.531000
95,9,3,2.021200,3.800000,1.718000,1.533000,1.318000,1.737000
95,10,3,4.100800,2.929000,4.580000,4.353000,4.482000,4.160000
95,11,3,3.435600,2.441000,3.992000,3.734000,3.960000,3.051000
95,12,3,3.402400,2.423000,4.375000,3.715000,2.547000,3.952000
95,13,3,3.413200,1.561000,4.675000,3.735000,4.111000,2.984000
95,14,3,3.971600,2.005000,4.605000,4.699000,4.852000,3.697000
95,15,3,2.691000,3.510000,1.586000,3.041000,3.199000,2.119000
95,16,3,3.742400,4.105000,3.255000,2.768000,4.571000,4.013000
95,17,3,2.683800,2.018000,2.182000,2.230000,3.750000,3.239000
95,18,3,3.303000,2.311000,2.644000,4.337000,4.370000,2.853000
95,19,3,3.361800,1.525000,4.516000,5.104000,3.879000,1.785000
96,0,3,3.695200,3.966000,3.783000,1.636000,4.519000,4.572000
96,1,3,3.360800,3.440000,5.413000,1.341000,3.254000,3.356000
96,2,3,2.877400,3.384000,1.542000,2.547000,5.216000,1.698000
96,3,3,2.805200,4.575000,1.327000,2.729000,2.545000,2.850000
96,4,3,2.878200,3.024000,2.101000,3.260000,2.901000,3.105000
96,5,3,3.161200,2.082000,4.869000,2.983000,3.011000,2.861000
96,6,3,3.293800,4.681000,3.418000,1.667000,4.265000,2.438000
96,7,3,3.401200,4.404000,2.976000,1.869000,4.074000,3.683000
96,8,3,2.863200,4.916000,2.228000,1.965000,3.818000,1.389000
96,9,3,2.417200,2.263000,3.241000,1.421000,2.414000,2.747000
96,10,3,3.929400,3.855000,4.950000,2.999000,4.848000,2.995000
96,11,3,3.053400,4.936000,3.062000,1.194000,3.859000,2.216000
96,12,3,3.315400,2.288000,5.067000,2.133000,4.437000,2.652000
96,13,3,3.498200,4.278000,4.866000,2.806000,2.724000,2.817000
96,14,3,2.765000,1.313000,3.218000,2.885000,2.293000,4.116000
96,15,3,3.626400,3.002000,4.916000,1.622000,5.115000,3.477000
96,16,3,2.645400,3.512000,2.710000,1.362000,3.757000,1.886000
96,17,3,2.976800,3.452000,3.245000,2.702000,2.683000,2.802000
96,18,3,3.449600,4.499000,2.223000,2.370000,3.681000,4.475000
96,19,3,2.380400,4.299000,1.948000,1.964000,1.776000,1.915000
97,0,3,3.286400,5.081000,4.194000,3.670000,2.494000,0.993000
97,1,3,3.476000,3.144000,5.921000,3.053000,2.829000,2.433000
97,2,3,2.947800,3.746000,2.488000,3.611000,3.148000,1.746000
97,3,3,3.105600,3.097000,3.301000,3.146000,3.371000,2.613000
97,4,3,2.674600,3.782000,1.439000,3.637000,2.950000,1.565000
97,5,3,3.237000,2.653000,4.805000,2.542000,2.859000,3.326000
97,6,3,3.814000,4.016000,4.926000,3.117000,4.604000,2.407000
97,7,3,3.471600,3.828000,2.253000,4.914000,4.443000,1.920000
97,8,3,2.535800,2.469000,2.306000,3.701000,2.855000,1.348000
97,9,3,2.911200,4.208000,1.641000,4.841000,2.474000,1.392000
97,10,3,3.178200,4.327000,2.966000,4.111000,2.039000,2.448000
97,11,3,2.981600,2.900000,4.370000,2.052000,3.988000,1.598000
97,12,3,3.211600,3.284000,1.230000,5.419000,3.795000,2.330000
97,13,3,2.634600,2.305000,1.912000,3.557000,3.196000,2.203000
97,14,3,2.860800,1.693000,2.013000,2.971000,4.280000,3.347000
97,15,3,3.515200,5.668000,2.190000,4.431000,2.837000,2.450000
97,16,3,2.743400,2.407000,2.276000,2.573000,5.001000,1.460000
97,17,3,3.774800,3.406000,5.026000,4.781000,4.261000,1.400000
97,18,3,3.546000,4.549000,3.939000,4.524000,3.627000,1.091000
97,19,3,3.129200,3.297000,3.452000,3.426000,3.758000,1.713000
98,0,3,3.203600,2.101000,4.436000,3.895000,3.657000,1.929000
98,1,3,2.769400,2.631000,3.949000,1.870000,3.339000,2.058000
98,2,3,2.601600,3.042000,2.791000,1.970000,1.606000,3.599000
98,3,3,3.295200,1.625000,3.730000,5.688000,3.141000,2.292000
98,4,3,3.607200,2.830000,5.465000,3.868000,2.826000,3.047000
98,5,3,2.927200,4.627000,4.499000,1.520000,1.595000,2.395000
98,6,3,3.826400,5.357000,2.359000,5.009000,4.274000,2.133000
98,7,3,3.745400,4.502000,3.542000,5.353000,3.810000,1.520000
98,8,3,4.039800,4.868000,4.511000,4.224000,4.023000,2.573000
98,9,3,3.447200,3.657000,4.568000,1.740000,3.590000,3.681000
98,10,3,2.531000,2.912000,2.648000,2.532000,2.646000,1.917000
98,11,3,3.696400,5.816000,3.346000,2.430000,4.280000,2.610000
98,12,3,3.706000,4.191000,2.898000,4.582000,3.834000,3.025000
98,13,3,3.118000,2.615000,1.897000,4.751000,4.220000,2.107000
98,14,3,4.211400,4.706000,1.912000,5.041000,4.390000,5.008000
98,15,3,3.003800,3.267000,3.778000,3.868000,2.364000,1.742000
98,16,3,3.095600,1.852000,1.847000,5.751000,4.381000,1.647000
98,17,4,1.788000,1.553000,1.400000,1.528000,0.992000,3.467000
98,18,3,3.053600,2.907000,2.116000,2.329000,3.047000,4.869000
98,19,3,2.852200,1.424000,2.650000,4.466000,3.019000,2.702000
99,0,3,3.022400,3.217000,3.039000,2.695000,2.829000,3.332000
99,1,3,4.364600,4.018000,3.589000,5.852000,2.919000,5.445000
99,2,3,4.583800,4.776000,5.176000,3.963000,4.421000,4.583000
99,3,3,3.909400,5.406000,4.373000,1.712000,2.740000,5.316000
99,4,3,3.687800,3.000000,2.171000,5.289000,4.314000,3.665000
99,5,3,3.924600,4.171000,3.687000,4.113000,3.358000,4.294000
99,6,3,3.060000,3.192000,2.063000,4.125000,1.712000,4.208000
99,7,3,2.729600,3.226000,1.921000,1.906000,2.882000,3.713000
99,8,3,2.794800,3.839000,3.817000,2.062000,1.782000,2.474000
99,9,3,3.507000,3.352000,1.905000,4.473000,4.421000,3.384000
99,10,3,3.428600,4.943000,2.516000,2.128000,3.112000,4.444000
99,11,3,4.102000,4.418000,5.026000,2.328000,2.638000,6.100000
99,12,3,4.266800,5.093000,3.927000,4.060000,3.205000,5.049000
99,13,3,4.549000,5.545000,5.535000,3.923000,3.682000,4.060000
99,14,3,2.374600,2.228000,2.384000,2.216000,2.154000,2.891000
99,15,3,3.546800,4.036000,2.970000,2.978000,3.031000,4.719000
99,16,3,3.422800,2.474000,3.328000,5.102000,2.701000,3.509000
99,17,3,3.622800,5.295000,2.134000,4.270000,2.733000,3.682000
99,18,3,2.424800,2.101000,2.519000,3.423000,2.430000,1.651000
99,19,3,4.008000,2.580000,4.409000,4.291000,3.242000,5.518000
100,0,0,1.741800,1.481000,1.332000,2.207000,1.605000,2.084000
100,1,0,1.918200,2.963000,1.620000,1.651000,1.465000,1.892000
100,2,0,1.736200,2.254000,1.233000,1.779000,1.541000,1.874000
100,3,0,1.918200,2.114000,1.038000,2.009000,2.584000,1.846000
100,4,0,1.727200,1.888000,1.430000,1.932000,1.904000,1.482000
100,5,0,1.896600,2.403000,1.174000,1.880000,2.243000,1.783000
100,6,0,2.061200,4.059000,1.072000,1.686000,1.590000,1.899000
100,7,0,2.373000,2.967000,1.217000,2.469000,1.863000,3.349000
100,8,0,1.599000,1.704000,1.028000,1.769000,1.468000,2.026000
100,9,0,2.202800,3.244000,1.287000,1.934000,1.930000,2.619000
100,10,0,1.803600,2.148000,1.361000,1.758000,1.816000,1.935000
100,11,0,1.674200,1.435000,1.158000,1.988000,2.095000,1.695000
100,12,0,2.111800,2.445000,1.370000,2.168000,2.406000,2.170000
100,13,0,1.752000,2.128000,1.114000,1.790000,1.692000,2.036000
100,14,0,1.885600,2.146000,1.254000,1.684000,1.881000,2.463000
100,15,0,1.819800,2.179000,1.200000,1.845000,1.972000,1.903000
100,16,0,1.880000,2.281000,1.450000,2.170000,1.627000,1.872000
100,17,0,1.884000,1.987000,1.272000,1.853000,2.172000,2.136000
100,18,0,1.726800,1.537000,1.172000,1.700000,2.949000,1.276000
100,19,0,1.807600,1.688000,0.879000,1.901000,1.985000,2.585000
100,20,1,2.193000,2.027000,1.708000,2.163000,2.576000,2.491000
100,21,1,1.780200,1.954000,2.087000,1.616000,1.757000,1.487000
100,22,1,1.916200,2.732000,1.010000,2.104000,2.308000,1.427000
100,23,1,2.153400,2.602000,1.647000,1.957000,1.753000,2.808000
100,24,1,2.521000,1.526000,3.006000,2.375000,2.118000,3.580000
100,25,1,1.868400,1.956000,1.244000,1.604000,2.112000,2.426000
100,26,1,2.131400,3.241000,1.726000,1.339000,2.116000,2.235000
100,27,1,2.107400,2.897000,1.125000,2.014000,2.928000,1.573000
100,28,1,1.754000,1.903000,1.418000,1.623000,1.522000,2.304000
100,29,1,1.747800,1.619000,1.769000,1.829000,2.203000,1.319000
100,30,1,2.763000,3.236000,1.312000,4.564000,2.710000,1.993000
100,31,1,2.036600,2.060000,1.568000,2.177000,2.292000,2.086000
100,32,1,2.384400,2.186000,1.274000,3.276000,2.888000,2.298000
100,33,1,2.266000,2.263000,1.954000,3.185000,1.835000,2.093000
100,34,1,1.852400,1.685000,1.920000,1.650000,1.620000,2.387000
100,35,1,2.641800,2.134000,1.664000,3.415000,1.944000,4.052000
100,36,1,2.610200,1.958000,1.906000,1.798000,2.941000,4.448000
100,37,1,2.254000,1.866000,2.261000,1.832000,2.921000,2.390000
100,38,1,2.474400,3.311000,2.412000,3.313000,1.712000,1.624000
100,39,1,1.662800,1.843000,1.014000,1.715000,1.992000,1.750000
100,40,2,1.796800,1.827000,1.312000,2.388000,2.006000,1.451000
100,41,2,1.919600,1.809000,1.366000,2.378000,2.747000,1.298000
100,42,2,2.511000,2.001000,1.251000,2.125000,1.831000,5.347000
100,43,2,1.869000,1.881000,1.245000,2.142000,2.316000,1.761000
100,44,2,1.803600,1.607000,1.257000,3.047000,1.913000,1.194000
100,45,2,1.714600,1.859000,1.244000,1.886000,2.017000,1.567000
100,46,2,1.825800,2.617000,1.305000,1.867000,1.899000,1.441000
100,47,2,1.706600,1.897000,1.356000,1.706000,1.965000,1.609000
100,48,2,1.909800,2.002000,1.245000,2.025000,2.480000,1.797000
100,49,2,1.833800,2.744000,1.782000,1.720000,1.687000,1.236000
100,50,2,1.695000,1.374000,1.264000,1.880000,2.691000,1.266000
100,51,2,1.958000,2.860000,1.475000,1.647000,2.330000,1.478000
100,52,2,2.029800,3.564000,1.021000,2.092000,1.955000,1.517000
100,53,2,1.871800,2.680000,1.272000,2.263000,1.477000,1.667000
100,54,2,2.013000,1.737000,1.340000,2.575000,2.076000,2.337000
100,55,2,1.894600,1.389000,1.373000,1.813000,3.481000,1.417000
100,56,2,1.692200,1.913000,1.379000,1.911000,1.814000,1.444000
100,57,2,1.725800,2.247000,1.342000,1.631000,2.020000,1.389000
100,58,2,1.983600,2.065000,1.270000,1.990000,3.186000,1.407000
100,59,2,2.008600,2.954000,1.389000,2.041000,2.286000,1.373000
100,60,3,3.030800,2.106000,1.761000,3.915000,2.110000,5.262000
100,61,3,3.126600,2.469000,2.545000,4.884000,4.164000,1.571000
100,62,3,3.439200,2.822000,2.276000,2.776000,4.686000,4.636000
100,63,3,3.804200,3.926000,2.680000,5.096000,4.558000,2.761000
100,64,3,3.305200,3.279000,3.472000,3.782000,4.268000,1.725000
100,65,3,3.162200,4.325000,3.579000,2.356000,1.591000,3.960000
100,66,3,3.293600,1.488000,3.185000,4.418000,3.649000,3.728000
100,67,3,4.143800,3.577000,4.256000,4.895000,4.422000,3.569000
100,68,3,3.898000,3.207000,3.515000,4.077000,4.695000,3.996000
100,69,3,3.116000,1.416000,1.917000,4.596000,5.066000,2.585000
100,70,3,3.555200,3.164000,2.911000,4.556000,4.107000,3.038000
100,71,3,3.803000,1.826000,3.110000,4.837000,4.499000,4.743000
100,72,3,3.536400,4.096000,2.185000,2.486000,4.531000,4.384000
100,73,3,3.460400,2.468000,1.734000,4.586000,4.343000,4.171000
100,74,3,4.409200,4.954000,3.539000,5.231000,5.883000,2.439000
100,75,3,2.404800,2.993000,1.313000,1.601000,3.495000,2.622000
100,76,3,3.254800,2.354000,1.903000,3.417000,4.851000,3.749000
100,77,3,3.088800,1.810000,2.409000,5.481000,2.376000,3.368000
100,78,3,3.635000,2.593000,3.531000,3.966000,4.315000,3.770000
100,79,3,2.753200,3.160000,1.454000,3.112000,4.443000,1.597000
100,80,4,2.221600,4.285000,1.162000,2.522000,1.744000,1.395000
100,81,4,2.578400,3.678000,1.452000,3.856000,1.944000,1.962000
100,82,4,1.829200,2.127000,1.264000,2.104000,2.226000,1.425000
100,83,4,2.269000,1.858000,1.676000,3.948000,2.474000,1.389000
100,84,4,3.125400,3.006000,2.124000,4.775000,2.561000,3.161000
100,85,4,1.660000,2.825000,1.033000,1.857000,1.269000,1.316000
100,86,4,2.525400,2.635000,1.429000,4.245000,2.250000,2.068000
100,87,4,1.875800,2.339000,1.481000,1.981000,2.219000,1.359000
100,88,4,2.266400,2.674000,1.504000,3.860000,1.787000,1.507000
100,89,4,1.888400,2.335000,1.260000,2.410000,2.005000,1.432000
100,90,4,1.892800,2.355000,1.157000,2.510000,2.042000,1.400000
100,91,4,1.753600,1.984000,1.476000,2.751000,1.387000,1.170000
100,92,4,1.944400,2.074000,1.553000,2.931000,1.437000,1.727000
100,93,4,2.001600,2.057000,1.363000,2.607000,1.436000,2.545000
100,94,4,1.933000,1.501000,1.840000,3.005000,1.810000,1.509000
100,95,4,1.756000,1.513000,1.541000,2.122000,2.184000,1.420000
100,96,4,1.961000,2.035000,1.811000,1.856000,2.619000,1.484000
100,97,4,2.133400,1.553000,1.167000,2.069000,2.400000,3.478000
100,98,4,2.193000,1.691000,2.409000,2.368000,2.486000,2.011000
100,99,4,1.955800,1.626000,1.367000,3.795000,1.332000,1.659000
101,0,3,3.143600,2.863000,2.435000,2.316000,3.062000,5.042000
101,1,3,3.295000,4.714000,2.095000,3.749000,3.049000,2.868000
101,2,3,4.293800,5.398000,4.498000,4.346000,3.897000,3.330000
101,3,3,3.312600,5.322000,3.860000,2.778000,2.694000,1.909000
101,4,3,3.489400,3.668000,4.835000,4.290000,2.701000,1.953000
101,5,3,3.976800,4.917000,3.153000,3.769000,4.780000,3.265000
101,6,3,2.521600,1.442000,1.408000,1.906000,5.021000,2.831000
101,7,3,4.070800,2.828000,3.785000,5.413000,3.759000,4.569000
101,8,3,4.767600,5.639000,5.434000,4.548000,4.684000,3.533000
101,9,3,4.077800,5.784000,1.818000,4.775000,3.865000,4.147000
101,10,3,2.708400,3.893000,1.299000,1.536000,1.677000,5.137000
101,11,3,3.426800,3.251000,3.157000,4.285000,2.804000,3.637000
101,12,3,3.770400,4.743000,4.192000,3.289000,3.949000,2.679000
101,13,3,4.294200,3.888000,4.845000,4.511000,3.503000,4.724000
101,14,3,3.627400,2.708000,4.085000,4.344000,4.006000,2.994000
101,15,3,3.175400,2.553000,1.998000,3.984000,3.990000,3.352000
101,16,3,3.904600,4.779000,3.627000,5.043000,1.654000,4.420000
101,17,3,3.387400,2.905000,2.722000,4.403000,2.381000,4.526000
101,18,3,2.734800,1.378000,2.869000,4.497000,2.695000,2.235000
101,19,3,3.743000,2.950000,3.981000,4.654000,4.737000,2.393000
102,0,3,3.181800,2.945000,3.141000,3.795000,4.244000,1.784000
102,1,3,3.228000,3.429000,3.321000,1.531000,3.649000,4.210000
102,2,3,3.506400,3.716000,2.484000,3.879000,4.962000,2.491000
102,3,3,3.758600,3.750000,1.294000,3.400000,4.793000,5.556000
102,4,3,4.048000,4.873000,3.035000,3.881000,4.218000,4.233000
102,5,3,2.902800,1.842000,4.000000,1.794000,2.513000,4.365000
102,6,3,2.256400,1.823000,2.417000,1.622000,2.998000,2.422000
102,7,3,2.655800,1.646000,4.054000,2.830000,2.244000,2.505000
102,8,3,3.114800,1.842000,5.361000,3.406000,2.624000,2.341000
102,9,3,3.727800,2.355000,5.121000,3.158000,3.588000,4.417000
102,10,3,3.056400,1.906000,1.392000,2.949000,3.234000,5.801000
102,11,3,2.949600,3.169000,3.215000,1.908000,3.500000,2.956000
102,12,3,3.811400,2.837000,4.251000,4.692000,4.269000,3.008000
102,13,3,3.319800,2.390000,1.460000,3.508000,5.174000,4.067000
102,14,3,3.013600,1.977000,2.511000,3.869000,3.275000,3.436000
102,15,3,2.724800,2.103000,2.879000,4.490000,2.065000,2.087000
102,16,3,4.752600,3.460000,5.631000,4.753000,3.850000,6.069000
102,17,3,3.048200,3.460000,2.544000,3.009000,3.874000,2.354000
102,18,3,3.460200,3.156000,2.820000,4.307000,3.103000,3.915000
102,19,3,3.393600,1.952000,3.008000,2.852000,3.803000,5.353000
103,0,3,4.075400,4.270000,3.815000,4.609000,3.784000,3.899000
103,1,3,3.064200,2.318000,2.627000,2.776000,3.073000,4.527000
103,2,3,3.843000,2.174000,3.734000,4.421000,5.682000,3.204000
103,3,3,4.114200,4.121000,3.872000,5.117000,2.705000,4.756000
103,4,3,3.402000,3.614000,4.292000,1.881000,2.478000,4.745000
103,5,3,2.937400,3.259000,3.230000,2.751000,1.607000,3.840000
103,6,3,3.376800,4.566000,2.833000,4.742000,2.911000,1.832000
103,7,3,4.640400,5.774000,5.862000,2.490000,4.760000,4.316000
103,8,3,2.913000,3.611000,2.508000,2.727000,3.578000,2.141000
103,9,3,3.143000,2.418000,4.087000,3.349000,3.975000,1.886000
103,10,3,4.632600,5.696000,4.386000,1.983000,6.296000,4.802000
103,11,3,3.392800,4.039000,2.574000,4.425000,3.035000,2.891000
103,12,3,2.780200,2.310000,4.578000,2.049000,3.332000,1.632000
103,13,3,2.535200,1.731000,2.051000,1.867000,2.668000,4.359000
103,14,3,3.770200,2.168000,3.892000,3.941000,4.632000,4.218000
103,15,3,3.634000,5.709000,2.293000,3.006000,2.874000,4.288000
103,16,3,3.218000,2.200000,3.981000,2.129000,3.799000,3.981000
103,17,3,2.396200,1.456000,3.590000,2.315000,2.959000,1.661000
103,18,3,4.044600,2.278000,5.492000,5.562000,4.593000,2.298000
103,19,3,4.069400,4.145000,3.371000,4.762000,4.558000,3.511000
104,0,3,3.887400,4.762000,2.457000,5.675000,3.380000,3.163000
104,1,3,3.061400,3.905000,1.809000,4.264000,3.199000,2.130000
104,2,3,3.808200,3.407000,5.131000,2.120000,3.834000,4.549000
104,3,3,3.786200,2.507000,4.787000,4.611000,3.230000,3.796000
104,4,3,4.760200,3.149000,5.128000,4.460000,5.865000,5.199000
104,5,3,3.612600,3.064000,4.860000,4.453000,2.550000,3.136000
104,6,3,4.551400,4.093000,5.027000,5.239000,3.715000,4.683000
104,7,3,3.166200,2.008000,2.465000,4.384000,4.452000,2.522000
104,8,3,2.544600,2.487000,2.648000,3.533000,2.711000,1.344000
104,9,3,4.349800,3.270000,4.939000,3.744000,4.610000,5.186000
104,10,3,3.726400,2.879000,4.353000,3.575000,3.810000,4.015000
104,11,3,3.210600,1.788000,3.949000,4.991000,4.006000,1.319000
104,12,3,3.265000,2.191000,2.540000,5.191000,2.335000,4.068000
104,13,3,2.591800,3.448000,1.826000,2.085000,4.335000,1.265000
104,14,3,2.436000,2.183000,2.330000,3.242000,3.257000,1.168000
104,15,3,4.056200,2.883000,4.680000,3.535000,4.788000,4.395000
104,16,3,4.484200,5.556000,2.767000,4.448000,6.096000,3.554000
104,17,3,2.804600,3.934000,1.279000,4.057000,3.404000,1.349000
104,18,3,3.794200,3.124000,4.593000,5.081000,3.100000,3.073000
104,19,3,3.865000,3.594000,3.766000,3.214000,4.991000,3.760000
105,0,3,4.314000,5.192000,4.828000,3.181000,5.456000,2.913000
105,1,3,4.017000,4.246000,4.693000,2.587000,4.706000,3.853000
105,2,3,3.884200,4.034000,3.214000,4.967000,3.167000,4.039000
105,3,3,3.994000,1.856000,4.472000,4.015000,4.842000,4.785000
105,4,3,3.283000,2.557000,3.321000,2.838000,5.009000,2.690000
105,5,3,3.897400,2.898000,3.727000,3.399000,5.511000,3.952000
105,6,3,4.224000,2.631000,4.130000,4.665000,4.609000,5.085000
105,7,3,4.468800,5.469000,4.832000,3.445000,4.014000,4.584000
105,8,3,4.911800,5.938000,5.372000,3.700000,4.674000,4.875000
105,9,3,4.064200,3.834000,4.755000,2.552000,5.666000,3.514000
105,10,3,3.687800,2.474000,5.249000,3.288000,2.967000,4.461000
105,11,3,3.147800,2.134000,4.463000,3.700000,2.660000,2.782000
105,12,3,3.640800,1.831000,4.798000,3.128000,3.775000,4.672000
105,13,3,4.199000,4.812000,4.355000,3.720000,3.606000,4.502000
105,14,3,4.124400,2.817000,4.216000,4.731000,5.051000,3.807000
105,15,3,3.993000,2.584000,5.519000,3.300000,4.210000,4.352000
105,16,3,2.999400,2.954000,3.319000,1.556000,2.964000,4.204000
105,17,3,3.918400,2.181000,3.875000,4.228000,4.653000,4.655000
105,18,3,4.143400,4.072000,3.529000,3.844000,4.988000,4.284000
105,19,3,4.805600,4.564000,5.379000,4.637000,4.852000,4.596000
106,0,3,4.152200,5.760000,3.899000,4.752000,3.565000,2.785000
106,1,3,3.793600,1.595000,5.400000,3.713000,2.490000,5.770000
106,2,3,3.965400,4.898000,2.795000,4.126000,3.552000,4.456000
106,3,3,3.888600,3.789000,5.011000,4.610000,2.174000,3.859000
106,4,3,4.230200,2.086000,5.108000,4.654000,3.856000,5.447000
106,5,3,2.938000,2.121000,3.059000,5.053000,1.994000,2.463000
106,6,3,3.504400,2.930000,3.072000,3.958000,2.953000,4.609000
106,7,3,2.759000,4.029000,2.902000,1.891000,2.535000,2.438000
106,8,3,4.023000,2.966000,5.337000,3.797000,3.290000,4.725000
106,9,3,4.182600,5.837000,5.259000,2.461000,1.974000,5.382000
106,10,3,2.740400,2.482000,3.630000,3.420000,1.589000,2.581000
106,11,3,3.024800,1.648000,3.986000,2.787000,2.081000,4.622000
106,12,3,4.358600,3.751000,4.926000,4.229000,3.742000,5.145000
106,13,3,4.038800,4.022000,4.355000,3.160000,5.218000,3.439000
106,14,3,3.035600,2.145000,3.467000,3.076000,2.665000,3.825000
106,15,3,3.628600,2.641000,2.802000,4.444000,4.068000,4.188000
106,16,3,3.728600,1.661000,4.797000,3.103000,4.171000,4.911000
106,17,3,3.939400,2.203000,4.563000,3.560000,4.249000,5.122000
106,18,3,3.924600,5.417000,4.187000,3.970000,2.095000,3.954000
106,19,3,4.353000,3.776000,4.897000,4.697000,2.870000,5.525000
107,0,3,4.086800,5.278000,4.588000,2.325000,3.764000,4.479000
107,1,3,2.900200,3.859000,2.041000,2.809000,1.238000,4.554000
107,2,3,4.311600,4.574000,3.664000,4.317000,4.725000,4.278000
107,3,3,3.345000,4.666000,2.728000,4.458000,3.037000,1.836000
107,4,3,3.756000,1.174000,4.852000,4.398000,3.075000,5.281000
107,5,3,4.832800,4.536000,5.490000,4.884000,3.962000,5.292000
107,6,3,3.890800,5.199000,2.893000,4.937000,4.589000,1.836000
107,7,3,3.761200,4.346000,3.608000,4.294000,2.230000,4.328000
107,8,3,4.423800,5.229000,4.731000,4.271000,2.993000,4.895000
107,9,3,4.841200,5.742000,3.347000,5.088000,4.871000,5.158000
107,10,3,3.376400,1.549000,4.871000,2.427000,3.102000,4.933000
107,11,3,4.151800,5.442000,3.378000,5.404000,3.950000,2.585000
107,12,3,4.399600,5.735000,3.219000,4.117000,4.009000,4.918000
107,13,3,4.016800,3.517000,3.816000,4.985000,3.003000,4.763000
107,14,3,2.995800,2.720000,2.442000,3.302000,3.177000,3.338000
107,15,3,4.067600,4.428000,3.039000,4.526000,3.621000,4.724000
107,16,3,3.726800,1.659000,4.561000,4.111000,4.197000,4.106000
107,17,3,4.023200,2.139000,4.396000,4.445000,4.767000,4.369000
107,18,3,4.186200,3.784000,5.408000,5.716000,2.898000,3.125000
107,19,3,4.460000,3.217000,5.569000,4.864000,3.965000,4.685000
108,0,3,2.341200,3.614000,1.580000,4.219000,1.030000,1.263000
108,1,3,3.524800,4.592000,1.616000,5.151000,1.379000,4.886000
108,2,3,3.183600,3.621000,3.643000,3.097000,3.370000,2.187000
108,3,3,3.171600,4.055000,3.043000,3.500000,3.109000,2.151000
108,4,3,3.995800,3.957000,1.351000,5.751000,4.520000,4.400000
108,5,3,2.470600,3.371000,1.633000,2.076000,2.572000,2.701000
108,6,3,3.261400,3.277000,1.487000,5.080000,3.108000,3.355000
108,7,3,2.979600,2.055000,2.570000,3.981000,1.512000,4.780000
108,8,3,2.992000,3.692000,1.922000,5.236000,1.703000,2.407000
108,9,3,2.808400,2.104000,4.816000,3.581000,1.152000,2.389000
108,10,3,3.121800,1.780000,4.144000,4.664000,1.435000,3.586000
108,11,3,3.191400,2.676000,4.555000,4.897000,1.214000,2.615000
108,12,3,3.486600,3.010000,3.572000,3.823000,1.456000,5.572000
108,13,3,3.785000,4.278000,3.820000,5.072000,1.531000,4.224000
108,14,3,4.445800,3.905000,5.140000,3.809000,4.726000,4.649000
108,15,3,3.828600,2.951000,4.571000,5.057000,1.266000,5.298000
108,16,3,3.222600,2.365000,4.244000,4.081000,1.747000,3.676000
108,17,3,3.208400,4.121000,1.584000,4.280000,1.476000,4.581000
108,18,3,3.181600,1.976000,3.850000,2.728000,5.208000,2.146000
108,19,3,4.109600,4.838000,2.403000,5.437000,3.028000,4.842000
109,0,3,3.701200,4.760000,3.077000,1.346000,4.815000,4.508000
109,1,3,3.448600,4.425000,3.456000,3.247000,1.415000,4.700000
109,2,3,3.221600,3.766000,2.236000,1.319000,4.584000,4.203000
109,3,3,3.290200,4.056000,3.250000,1.246000,3.865000,4.034000
109,4,3,4.196800,4.887000,4.583000,2.398000,4.069000,5.047000
109,5,3,3.880200,5.350000,4.562000,1.332000,3.859000,4.298000
109,6,3,3.684200,5.617000,3.862000,1.301000,3.760000,3.881000
109,7,3,2.764400,3.430000,1.731000,1.145000,4.931000,2.585000
109,8,3,4.310800,4.962000,2.810000,5.119000,4.211000,4.452000
109,9,3,2.712800,4.561000,1.855000,1.581000,2.023000,3.544000
109,10,3,3.590600,2.877000,2.597000,3.467000,4.272000,4.740000
109,11,3,3.449600,4.266000,3.186000,1.454000,4.672000,3.670000
109,12,3,3.858800,4.497000,4.747000,2.859000,3.231000,3.960000
109,13,3,3.151600,2.207000,4.240000,1.038000,3.603000,4.670000
109,14,3,3.754600,4.439000,4.826000,2.305000,2.789000,4.414000
109,15,3,3.353600,4.645000,3.208000,1.545000,3.505000,3.865000
109,16,3,3.875200,3.266000,4.032000,2.662000,3.753000,5.663000
109,17,3,3.034800,3.959000,2.505000,2.614000,1.215000,4.881000
109,18,3,3.973200,3.996000,4.177000,2.593000,4.677000,4.423000
109,19,3,3.853800,4.665000,4.410000,2.096000,3.856000,4.242000
110,0,0,1.396200,1.758000,1.236000,1.517000,1.108000,1.362000
110,1,0,2.030600,2.422000,2.681000,1.322000,1.944000,1.784000
110,2,0,2.106200,1.944000,3.559000,1.763000,1.413000,1.852000
110,3,0,1.726400,2.047000,1.485000,1.595000,1.779000,1.726000
110,4,0,2.361800,3.047000,1.590000,1.226000,3.270000,2.676000
110,5,0,1.907800,1.941000,1.412000,1.419000,1.997000,2.770000
110,6,0,1.579800,1.785000,1.293000,0.795000,1.661000,2.365000
110,7,0,1.601400,1.980000,1.634000,1.207000,1.202000,1.984000
110,8,0,1.632200,1.417000,1.351000,1.577000,1.790000,2.026000
110,9,0,1.590600,1.421000,1.334000,1.348000,1.802000,2.048000
110,10,0,1.864600,2.543000,1.658000,1.692000,1.202000,2.228000
110,11,0,2.367000,2.376000,3.547000,1.840000,1.667000,2.405000
110,12,0,2.005800,2.193000,2.953000,1.462000,2.303000,1.118000
110,13,0,1.963000,2.442000,2.688000,1.341000,1.816000,1.528000
110,14,0,2.040800,2.133000,3.823000,1.104000,1.969000,1.175000
110,15,0,1.783200,2.450000,1.582000,0.972000,2.088000,1.824000
110,16,0,2.577400,2.113000,3.064000,1.719000,1.935000,4.056000
110,17,0,2.055200,1.853000,3.349000,1.742000,1.500000,1.832000
110,18,0,2.054800,1.709000,3.394000,1.225000,1.768000,2.178000
110,19,0,1.900800,2.239000,2.374000,1.225000,1.935000,1.731000
110,20,1,1.638600,1.888000,1.244000,1.631000,2.412000,1.018000
110,21,1,1.784200,2.292000,1.013000,1.435000,2.454000,1.727000
110,22,1,2.050400,1.983000,1.965000,1.435000,3.707000,1.162000
110,23,1,1.830000,2.891000,1.364000,1.465000,1.626000,1.804000
110,24,1,1.592600,1.738000,1.331000,1.417000,1.564000,1.913000
110,25,1,1.852400,1.538000,1.851000,1.996000,2.398000,1.479000
110,26,1,1.889400,2.080000,0.912000,1.509000,3.315000,1.631000
110,27,1,1.696400,2.155000,0.983000,1.195000,2.049000,2.100000
110,28,1,2.225200,4.951000,1.463000,0.927000,2.628000,1.157000
110,29,1,2.839400,6.485000,1.246000,1.703000,2.437000,2.326000
110,30,1,1.471000,2.232000,1.269000,1.490000,1.253000,1.111000
110,31,1,1.413000,1.814000,1.271000,1.549000,1.295000,1.136000
110,32,1,2.146400,2.298000,1.944000,2.679000,2.619000,1.192000
110,33,1,1.568000,2.237000,1.092000,0.972000,2.214000,1.325000
110,34,1,1.403600,2.165000,0.875000,1.296000,1.232000,1.450000
110,35,1,1.254000,1.601000,1.283000,1.097000,1.158000,1.131000
110,36,1,2.105400,2.744000,1.058000,1.233000,3.209000,2.283000
110,37,1,2.219800,1.978000,2.729000,1.177000,3.019000,2.196000
110,38,1,1.775400,1.761000,1.070000,0.993000,3.107000,1.946000
110,39,1,1.566200,1.694000,1.005000,2.125000,1.735000,1.272000
110,40,2,1.979800,2.264000,3.364000,1.664000,1.334000,1.273000
110,41,2,2.145600,2.685000,2.392000,1.760000,1.491000,2.400000
110,42,2,1.984800,1.892000,2.180000,1.469000,1.971000,2.412000
110,43,2,1.786600,2.320000,2.480000,1.776000,1.115000,1.242000
110,44,2,1.665400,1.880000,1.416000,2.147000,1.271000,1.613000
110,45,2,1.941400,1.818000,2.573000,1.492000,1.530000,2.294000
110,46,2,2.028000,2.216000,2.730000,1.344000,1.512000,2.338000
110,47,2,1.971000,1.778000,2.714000,1.862000,1.906000,1.595000
110,48,2,2.145800,2.047000,2.998000,1.760000,1.771000,2.153000
110,49,2,1.913200,2.034000,2.704000,1.274000,1.250000,2.304000
110,50,2,2.433400,1.834000,4.815000,1.360000,2.922000,1.236000
110,51,2,1.698000,2.178000,1.461000,1.807000,1.253000,1.791000
110,52,2,2.557400,2.314000,3.515000,2.277000,1.793000,2.888000
110,53,2,2.093000,2.186000,3.180000,1.685000,1.314000,2.100000
110,54,2,1.889800,1.851000,2.215000,1.709000,2.312000,1.362000
110,55,2,1.981000,1.415000,3.302000,1.510000,1.980000,1.698000
110,56,2,1.627200,1.781000,2.011000,2.206000,0.993000,1.145000
110,57,2,1.515000,1.857000,1.159000,1.343000,1.751000,1.465000
110,58,2,1.830200,2.953000,1.621000,1.196000,1.691000,1.690000
110,59,2,1.894200,2.146000,2.638000,1.947000,1.166000,1.574000
110,60,3,3.084200,3.440000,4.324000,2.999000,1.638000,3.020000
110,61,3,2.477800,2.628000,2.592000,1.545000,1.476000,4.148000
110,62,3,3.917600,2.763000,4.445000,3.503000,4.250000,4.627000
110,63,3,4.129800,4.858000,4.362000,3.000000,3.661000,4.768000
110,64,3,2.714600,2.189000,3.959000,1.690000,1.971000,3.764000
110,65,3,3.262000,2.542000,4.285000,1.423000,4.342000,3.718000
110,66,3,2.537200,2.982000,1.574000,2.443000,1.634000,4.053000
110,67,3,2.480000,3.154000,1.515000,1.631000,2.144000,3.956000
110,68,3,4.067000,3.980000,4.085000,3.905000,5.223000,3.142000
110,69,3,3.185000,4.753000,1.430000,3.162000,1.995000,4.585000
110,70,3,3.355000,3.465000,4.275000,3.413000,1.079000,4.543000
110,71,3,3.107200,2.548000,5.374000,4.109000,1.091000,2.414000
110,72,3,2.886600,2.322000,3.965000,2.269000,1.184000,4.693000
110,73,3,3.191000,3.508000,2.950000,3.032000,1.381000,5.084000
110,74,3,2.710600,5.014000,1.635000,3.613000,1.996000,1.295000
110,75,3,2.655800,2.612000,3.937000,2.655000,1.282000,2.793000
110,76,3,2.539400,1.813000,1.937000,2.755000,3.520000,2.672000
110,77,3,2.790800,2.766000,1.791000,4.106000,1.078000,4.213000
110,78,3,3.199600,3.654000,3.584000,1.687000,3.095000,3.978000
110,79,3,2.652600,2.558000,1.493000,2.359000,2.087000,4.766000
110,80,4,1.952200,1.577000,1.752000,1.312000,2.399000,2.721000
110,81,4,1.767000,1.939000,1.119000,1.638000,2.233000,1.906000
110,82,4,2.204200,2.594000,1.277000,1.779000,3.311000,2.060000
110,83,4,2.142800,2.596000,1.150000,2.636000,2.731000,1.601000
110,84,4,1.582800,2.079000,1.167000,2.001000,1.114000,1.553000
110,85,4,2.637800,3.109000,1.449000,2.360000,3.257000,3.014000
110,86,4,2.378200,1.870000,3.375000,1.640000,3.693000,1.313000
110,87,4,1.808000,1.665000,1.976000,1.591000,1.954000,1.854000
110,88,4,2.068200,2.200000,2.898000,1.811000,2.334000,1.098000
110,89,4,1.418400,1.772000,1.160000,1.437000,1.533000,1.190000
110,90,4,1.810800,2.002000,1.203000,1.508000,2.640000,1.701000
110,91,4,1.875200,2.459000,2.235000,1.315000,1.945000,1.422000
110,92,4,1.832400,1.364000,1.078000,1.735000,1.573000,3.412000
110,93,4,2.477400,3.707000,2.194000,2.088000,1.444000,2.954000
110,94,4,2.075200,1.828000,1.184000,3.047000,2.021000,2.296000
110,95,4,1.616000,2.236000,1.040000,1.848000,1.372000,1.584000
110,96,4,2.480800,1.614000,1.876000,1.533000,2.956000,4.425000
110,97,4,2.336200,2.571000,3.818000,1.670000,2.385000,1.237000
110,98,4,2.217600,2.280000,2.837000,2.426000,2.017000,1.528000
110,99,4,2.644400,3.750000,1.670000,3.017000,2.977000,1.808000
111,0,3,3.916800,4.108000,4.216000,5.105000,2.880000,3.275000
111,1,3,3.711200,3.823000,3.732000,2.973000,3.968000,4.060000
111,2,3,3.943600,3.945000,4.392000,4.406000,3.068000,3.907000
111,3,3,4.020400,4.008000,3.869000,5.301000,2.140000,4.784000
111,4,3,4.618400,4.776000,4.484000,5.050000,4.206000,4.576000
111,5,3,3.988400,4.808000,5.054000,4.686000,2.427000,2.967000
111,6,3,3.906800,3.030000,3.870000,3.637000,5.372000,3.625000
111,7,3,3.240600,1.716000,4.222000,3.933000,4.031000,2.301000
111,8,3,3.646000,3.281000,4.285000,5.197000,3.345000,2.122000
111,9,3,2.913000,2.363000,3.664000,2.238000,3.154000,3.146000
111,10,3,4.843800,4.551000,5.988000,5.037000,4.469000,4.174000
111,11,3,3.887800,4.404000,4.050000,2.869000,3.864000,4.252000
111,12,3,4.146800,4.925000,5.206000,3.168000,3.649000,3.786000
111,13,3,3.946400,3.716000,3.995000,2.090000,4.500000,5.431000
111,14,3,3.003000,3.284000,2.662000,2.773000,2.430000,3.866000
111,15,3,3.766400,4.091000,4.724000,2.100000,2.941000,4.976000
111,16,3,2.340400,1.789000,3.193000,1.529000,1.995000,3.196000
111,17,3,3.496400,5.190000,3.479000,2.319000,2.555000,3.939000
111,18,3,3.740200,2.360000,4.694000,4.596000,4.365000,2.686000
111,19,3,4.262200,3.691000,4.596000,4.383000,4.307000,4.334000
112,0,3,3.443000,3.641000,2.179000,2.501000,4.642000,4.252000
112,1,3,4.226600,4.439000,4.549000,2.489000,4.812000,4.844000
112,2,3,4.028000,2.456000,4.200000,5.292000,4.421000,3.771000
112,3,3,4.843400,5.358000,2.976000,4.940000,6.073000,4.870000
112,4,3,3.368000,3.453000,2.150000,3.006000,3.955000,4.276000
112,5,3,3.767600,1.966000,4.404000,5.239000,5.504000,1.725000
112,6,3,3.018600,3.804000,2.839000,2.945000,2.309000,3.196000
112,7,3,3.370600,2.184000,2.711000,4.280000,1.987000,5.691000
112,8,3,3.433200,3.411000,2.617000,4.850000,2.183000,4.105000
112,9,3,3.686000,3.032000,2.580000,4.622000,4.680000,3.516000
112,10,3,3.238800,2.526000,3.829000,4.506000,1.303000,4.030000
112,11,3,4.560800,5.432000,4.017000,4.286000,3.757000,5.312000
112,12,3,3.451200,2.040000,2.560000,3.964000,4.282000,4.410000
112,13,3,4.112200,3.884000,4.386000,3.872000,4.666000,3.753000
112,14,3,3.382400,4.319000,3.197000,4.419000,1.306000,3.671000
112,15,3,2.890400,3.275000,2.937000,1.684000,2.323000,4.233000
112,16,3,4.057200,4.980000,4.084000,2.874000,4.204000,4.144000
112,17,3,3.201800,5.298000,1.911000,3.730000,3.310000,1.760000
112,18,3,2.380600,2.998000,3.050000,1.951000,2.436000,1.468000
112,19,3,2.957200,2.699000,2.265000,2.807000,2.556000,4.459000
113,0,3,3.398400,4.972000,4.144000,1.549000,3.215000,3.112000
113,1,3,3.368600,2.781000,4.443000,1.890000,4.492000,3.237000
113,2,3,2.689400,2.385000,2.266000,2.295000,3.981000,2.520000
113,3,3,3.678200,5.297000,3.609000,3.465000,3.237000,2.783000
113,4,3,2.926600,3.221000,3.728000,2.623000,3.664000,1.397000
113,5,3,2.498600,3.775000,3.467000,1.382000,2.267000,1.602000
113,6,3,2.650600,2.972000,2.923000,2.084000,2.741000,2.533000
113,7,3,3.144600,3.102000,3.047000,3.039000,2.924000,3.611000
113,8,3,3.081400,1.815000,3.554000,3.348000,4.392000,2.298000
113,9,3,2.704800,4.371000,2.603000,1.491000,2.369000,2.690000
113,10,3,4.224200,4.085000,4.439000,4.016000,4.311000,4.270000
113,11,3,4.278400,5.207000,4.647000,2.968000,3.712000,4.858000
113,12,3,2.941200,2.566000,4.066000,2.340000,3.012000,2.722000
113,13,3,4.043800,5.003000,5.399000,3.273000,2.613000,3.931000
113,14,3,4.098600,5.286000,4.516000,2.528000,4.629000,3.534000
113,15,3,2.773400,1.948000,3.927000,1.999000,3.449000,2.544000
113,16,3,4.231200,3.421000,4.997000,4.945000,4.058000,3.735000
113,17,3,2.417000,2.062000,4.903000,2.076000,1.217000,1.827000
113,18,3,3.752200,2.593000,4.979000,3.659000,3.287000,4.243000
113,19,3,4.238000,3.716000,4.595000,4.284000,4.345000,4.250000
114,0,3,4.466800,3.843000,5.193000,4.853000,4.649000,3.796000
114,1,3,3.415600,3.499000,2.264000,4.384000,5.261000,1.670000
114,2,3,3.604400,2.534000,3.454000,4.637000,3.802000,3.595000
114,3,3,4.906200,4.846000,5.049000,4.639000,5.015000,4.982000
114,4,3,3.380600,4.238000,3.394000,1.277000,4.329000,3.665000
114,5,3,4.340200,3.150000,4.386000,4.400000,4.917000,4.848000
114,6,3,4.630200,3.961000,5.026000,4.270000,4.930000,4.964000
114,7,3,4.042400,3.560000,4.224000,3.857000,3.840000,4.731000
114,8,3,3.049800,1.989000,3.769000,2.611000,3.059000,3.821000
114,9,3,2.429200,1.680000,2.974000,2.493000,2.710000,2.289000
114,10,3,4.468000,5.269000,4.549000,4.941000,3.865000,3.716000
114,11,3,3.004400,1.891000,4.036000,1.430000,3.603000,4.062000
114,12,3,3.278600,2.689000,2.700000,3.656000,3.426000,3.922000
114,13,3,3.609600,3.480000,3.868000,3.953000,3.690000,3.057000
114,14,3,4.340400,4.213000,4.724000,4.416000,4.417000,3.932000
114,15,3,3.763200,5.782000,3.477000,2.706000,3.140000,3.711000
114,16,3,4.801800,4.424000,5.409000,4.580000,5.204000,4.392000
114,17,3,3.975400,5.032000,2.486000,3.371000,4.321000,4.667000
114,18,3,4.600400,3.984000,4.993000,4.795000,5.478000,3.752000
114,19,3,3.720000,3.870000,4.081000,2.813000,3.900000,3.936000
115,0,3,3.775400,4.185000,4.148000,4.040000,2.128000,4.376000
115,1,3,2.931000,1.669000,3.083000,3.013000,2.053000,4.837000
115,2,3,3.673200,4.611000,4.628000,4.191000,2.388000,2.548000
115,3,3,3.561400,3.824000,2.626000,4.821000,3.312000,3.224000
115,4,3,3.632600,4.327000,4.155000,5.280000,2.989000,1.412000
115,5,3,3.736200,4.429000,4.934000,3.638000,2.253000,3.427000
115,6,3,3.601000,4.513000,4.162000,4.422000,2.411000,2.497000
115,7,3,3.272400,4.710000,4.459000,2.313000,1.687000,3.193000
115,8,3,3.238600,4.479000,4.646000,2.226000,2.872000,1.970000
115,9,3,3.878000,3.555000,3.583000,4.565000,3.282000,4.405000
115,10,3,3.859800,4.366000,4.606000,3.766000,3.009000,3.552000
115,11,3,4.030600,4.479000,4.221000,5.118000,3.646000,2.689000
115,12,3,3.733600,4.593000,4.504000,4.579000,2.291000,2.701000
115,13,3,4.471200,4.696000,4.143000,5.656000,3.459000,4.402000
115,14,3,3.443200,3.816000,4.689000,3.221000,2.855000,2.635000
115,15,3,3.463600,3.308000,4.034000,3.656000,2.326000,3.994000
115,16,3,2.854200,2.394000,2.042000,3.126000,2.677000,4.032000
115,17,3,2.650200,2.399000,2.068000,2.256000,3.626000,2.902000
115,18,3,3.361000,3.060000,4.018000,3.497000,1.811000,4.419000
115,19,3,3.824800,4.547000,3.803000,3.975000,2.069000,4.730000
116,0,3,3.028800,4.029000,4.680000,2.544000,1.248000,2.643000
116,1,3,3.159000,2.377000,4.650000,4.717000,1.841000,2.210000
116,2,3,3.345800,4.311000,4.678000,3.723000,2.227000,1.790000
116,3,3,2.954400,2.182000,2.347000,3.757000,2.883000,3.603000
116,4,3,2.020600,2.215000,1.754000,2.972000,1.724000,1.438000
116,5,3,3.076400,2.535000,3.688000,3.521000,2.251000,3.387000
116,6,3,3.503200,3.608000,2.390000,5.223000,3.078000,3.217000
116,7,3,2.720200,1.142000,3.286000,3.942000,1.891000,3.340000
116,8,3,3.217200,3.420000,4.025000,2.820000,2.311000,3.510000
116,9,3,4.145200,4.961000,4.814000,2.186000,4.825000,3.940000
116,10,3,3.436600,3.727000,3.923000,3.142000,2.721000,3.670000
116,11,3,3.837200,4.205000,4.639000,5.303000,1.990000,3.049000
116,12,3,3.732400,2.279000,4.639000,4.282000,3.883000,3.579000
116,13,3,2.033600,1.156000,2.282000,2.983000,1.928000,1.819000
116,14,3,3.765600,4.726000,3.268000,3.652000,2.079000,5.103000
116,15,3,2.750200,3.072000,3.193000,3.372000,2.092000,2.022000
116,16,3,3.118800,2.640000,3.111000,5.296000,3.028000,1.519000
116,17,3,3.573400,4.659000,3.525000,4.904000,2.807000,1.972000
116,18,3,3.427200,4.291000,3.043000,4.331000,3.399000,2.072000
116,19,3,3.699400,4.883000,2.848000,3.728000,2.523000,4.515000
117,0,3,3.589400,1.915000,4.294000,3.904000,3.651000,4.183000
117,1,3,2.736600,1.028000,3.533000,1.403000,3.257000,4.462000
117,2,3,3.401600,4.198000,3.830000,2.100000,4.314000,2.566000
117,3,3,4.007000,3.305000,4.925000,4.610000,3.096000,4.099000
117,4,3,2.298600,1.204000,3.737000,2.327000,1.568000,2.657000
117,5,3,3.502200,2.369000,3.282000,4.116000,3.454000,4.290000
117,6,3,3.441400,3.755000,2.893000,4.897000,2.663000,2.999000
117,7,3,4.016600,1.392000,4.852000,5.510000,4.045000,4.284000
117,8,3,3.826600,3.479000,3.440000,5.494000,2.745000,3.975000
117,9,3,4.045000,3.332000,4.047000,3.950000,5.592000,3.304000
117,10,3,3.910800,3.276000,3.522000,4.504000,4.148000,4.104000
117,11,3,3.028600,3.391000,2.812000,4.154000,2.398000,2.388000
117,12,3,3.037600,2.260000,3.516000,3.237000,1.973000,4.202000
117,13,3,4.319200,5.417000,4.126000,4.584000,3.797000,3.672000
117,14,3,3.904400,3.874000,4.044000,2.341000,4.907000,4.356000
117,15,3,3.983000,2.922000,4.121000,4.811000,4.917000,3.144000
117,16,3,4.301800,4.196000,4.967000,4.063000,4.944000,3.339000
117,17,3,3.200800,3.134000,3.122000,4.019000,2.591000,3.138000
117,18,3,4.161200,5.142000,5.259000,4.979000,2.425000,3.001000
117,19,3,3.984600,2.773000,4.117000,4.320000,4.690000,4.023000
118,0,3,2.810200,3.096000,1.689000,3.655000,4.318000,1.293000
118,1,3,2.489000,2.512000,2.908000,3.158000,2.158000,1.709000
118,2,3,2.518400,4.407000,1.111000,1.297000,1.773000,4.004000
118,3,3,2.132800,2.709000,1.861000,1.948000,1.617000,2.529000
118,4,3,3.119800,3.752000,2.585000,3.657000,1.499000,4.106000
118,5,3,3.476200,4.323000,1.852000,1.645000,4.062000,5.499000
118,6,3,4.451600,4.417000,4.212000,4.088000,4.341000,5.200000
118,7,3,3.704400,3.995000,3.863000,2.040000,4.234000,4.390000
118,8,3,4.065200,5.209000,4.149000,2.410000,4.813000,3.745000
118,9,3,2.758000,2.353000,1.334000,1.637000,4.399000,4.067000
118,10,3,3.006200,4.073000,1.156000,2.944000,2.454000,4.404000
118,11,3,2.401200,3.659000,1.077000,1.679000,1.969000,3.622000
118,12,3,3.594200,4.144000,1.672000,4.740000,3.138000,4.277000
118,13,3,3.596800,5.296000,3.060000,3.553000,3.283000,2.792000
118,14,3,3.307600,4.968000,1.405000,3.109000,5.148000,1.908000
118,15,3,2.155200,2.883000,1.132000,3.664000,1.371000,1.726000
118,16,3,3.656000,1.911000,4.214000,3.175000,4.554000,4.426000
118,17,3,2.901200,2.896000,1.738000,2.630000,2.947000,4.295000
118,18,3,2.653200,2.507000,1.111000,3.927000,2.149000,3.572000
118,19,3,3.606800,4.686000,1.714000,3.497000,3.942000,4.195000
119,0,4,2.447400,1.747000,1.873000,4.011000,1.949000,2.657000
119,1,4,2.622400,1.956000,2.502000,2.166000,3.991000,2.497000
119,2,3,3.746400,4.962000,4.420000,2.055000,2.672000,4.623000
119,3,3,3.362400,4.110000,4.456000,1.589000,4.910000,1.747000
119,4,4,2.257600,1.684000,2.616000,2.293000,1.726000,2.969000
119,5,3,3.268200,2.180000,3.499000,2.460000,4.422000,3.780000
119,6,4,2.240400,1.902000,2.118000,1.660000,2.857000,2.665000
119,7,3,3.603000,4.193000,1.492000,4.548000,4.825000,2.957000
119,8,3,3.305400,2.475000,4.280000,1.981000,2.719000,5.072000
119,9,4,2.626200,1.202000,1.667000,2.793000,3.788000,3.681000
119,10,4,2.449400,1.600000,2.487000,2.391000,2.841000,2.928000
119,11,4,2.039200,2.092000,2.326000,2.281000,2.168000,1.329000
119,12,4,1.779000,1.029000,1.334000,2.127000,2.998000,1.407000
119,13,4,1.777200,1.769000,2.174000,1.809000,1.488000,1.646000
119,14,4,2.093800,2.047000,2.444000,2.053000,2.841000,1.084000
119,15,4,2.645000,5.346000,2.808000,1.755000,1.811000,1.505000
119,16,3,3.108000,2.057000,3.886000,3.294000,4.365000,1.938000
119,17,3,3.463000,2.417000,4.667000,2.315000,5.123000,2.793000
119,18,3,3.855000,3.555000,4.185000,4.401000,4.329000,2.805000
119,19,3,3.815800,5.408000,3.785000,3.424000,4.118000,2.344000
120,0,0,1.992600,1.994000,2.151000,1.471000,0.918000,3.429000
120,1,0,2.353200,1.863000,1.804000,2.710000,2.433000,2.956000
120,2,0,1.814800,1.897000,1.598000,1.432000,1.312000,2.835000
120,3,0,1.729400,1.332000,2.497000,2.106000,1.070000,1.642000
120,4,0,2.239600,1.745000,2.103000,2.263000,3.050000,2.037000
120,5,0,1.687600,2.016000,1.904000,1.425000,1.135000,1.958000
120,6,0,2.376600,2.479000,2.331000,2.627000,1.275000,3.171000
120,7,0,1.815800,2.402000,1.387000,1.990000,1.363000,1.937000
120,8,0,1.842000,1.928000,1.645000,2.139000,1.821000,1.677000
120,9,0,2.447400,2.287000,1.608000,4.709000,1.905000,1.728000
120,10,0,1.913800,1.879000,1.098000,2.957000,1.309000,2.326000
120,11,0,1.790800,2.176000,1.513000,2.110000,1.167000,1.988000
120,12,0,1.966400,2.203000,1.272000,1.638000,2.095000,2.624000
120,13,0,2.066000,1.754000,1.908000,2.264000,1.891000,2.513000
120,14,0,1.848400,1.994000,2.070000,2.240000,1.219000,1.719000
120,15,0,1.709800,2.164000,1.599000,1.262000,1.802000,1.722000
120,16,0,2.016400,2.022000,1.014000,2.813000,1.262000,2.971000
120,17,0,2.121600,1.488000,2.297000,2.373000,2.034000,2.416000
120,18,0,2.100800,3.011000,1.105000,1.810000,1.986000,2.592000
120,19,0,1.712600,2.039000,2.150000,1.695000,0.919000,1.760000
120,20,1,2.395600,2.715000,2.171000,1.157000,3.678000,2.257000
120,21,1,1.701800,1.699000,1.335000,1.169000,1.602000,2.704000
120,22,1,1.536400,2.499000,1.053000,1.550000,1.053000,1.527000
120,23,1,1.749400,1.877000,1.588000,1.464000,2.055000,1.763000
120,24,1,2.113200,2.365000,1.161000,1.950000,2.495000,2.595000
120,25,1,1.659200,2.292000,1.046000,1.636000,1.502000,1.820000
120,26,1,2.031800,1.964000,2.108000,1.448000,0.886000,3.753000
120,27,1,1.934600,3.541000,1.199000,1.585000,1.302000,2.046000
120,28,1,1.943000,1.202000,1.629000,2.522000,2.735000,1.627000
120,29,1,1.990000,2.544000,1.557000,2.282000,1.780000,1.787000
120,30,1,1.749200,1.272000,2.280000,1.574000,1.037000,2.583000
120,31,1,1.681600,1.853000,1.480000,2.090000,1.223000,1.762000
120,32,1,2.065200,3.225000,2.110000,1.661000,1.788000,1.542000
120,33,1,2.059000,2.752000,1.219000,1.250000,2.074000,3.000000
120,34,1,1.944400,1.964000,0.971000,2.414000,1.947000,2.426000
120,35,1,2.257600,2.007000,3.526000,1.158000,1.086000,3.511000
120,36,1,2.093000,2.382000,2.283000,2.403000,1.777000,1.620000
120,37,1,1.938400,1.949000,1.365000,2.356000,2.265000,1.757000
120,38,1,1.762000,1.448000,0.981000,1.609000,1.214000,3.558000
120,39,1,2.365200,2.283000,3.134000,2.447000,2.004000,1.958000
120,40,2,1.752000,1.905000,1.082000,3.232000,0.964000,1.577000
120,41,2,1.922600,2.180000,1.736000,2.192000,1.367000,2.138000
120,42,2,1.793200,1.888000,1.608000,2.060000,1.241000,2.169000
120,43,2,1.766800,2.259000,1.461000,2.219000,1.297000,1.598000
120,44,2,1.920600,2.719000,1.143000,2.106000,2.108000,1.527000
120,45,2,2.006000,2.292000,1.681000,2.547000,1.590000,1.920000
120,46,2,1.896400,2.809000,1.126000,1.509000,2.578000,1.460000
120,47,2,1.783000,2.516000,1.440000,2.046000,1.284000,1.629000
120,48,2,1.692000,2.427000,1.422000,1.461000,1.499000,1.651000
120,49,2,2.095400,2.218000,1.025000,3.397000,1.817000,2.020000
120,50,2,1.560600,1.606000,1.282000,1.688000,1.382000,1.845000
120,51,2,1.618800,2.018000,1.009000,1.881000,1.491000,1.695000
120,52,2,1.673400,1.747000,0.951000,2.165000,2.014000,1.490000
120,53,2,1.591400,1.530000,1.576000,1.588000,1.706000,1.557000
120,54,2,1.875600,1.980000,1.350000,2.138000,1.432000,2.478000
120,55,2,1.857000,2.916000,1.290000,1.611000,1.936000,1.532000
120,56,2,2.007200,2.568000,1.248000,2.034000,1.403000,2.783000
120,57,2,1.577200,1.884000,0.960000,1.358000,1.729000,1.955000
120,58,2,1.763400,2.215000,1.343000,1.435000,1.379000,2.445000
120,59,2,1.565400,2.397000,1.326000,1.383000,1.234000,1.487000
120,60,3,3.352600,2.787000,4.743000,2.959000,3.376000,2.898000
120,61,3,2.730600,3.736000,2.266000,2.889000,2.542000,2.220000
120,62,3,2.963600,3.738000,4.142000,2.594000,2.171000,2.173000
120,63,3,4.126600,3.868000,4.558000,4.442000,4.610000,3.155000
120,64,3,4.231600,2.351000,5.355000,4.113000,4.691000,4.648000
120,65,3,3.525400,5.307000,1.813000,4.771000,3.976000,1.760000
120,66,3,3.209400,3.258000,2.243000,3.825000,2.404000,4.317000
120,67,3,2.391600,2.091000,1.347000,2.518000,4.010000,1.992000
120,68,3,2.376600,4.587000,1.152000,1.727000,2.574000,1.843000
120,69,3,2.703200,2.967000,2.269000,3.539000,2.321000,2.420000
120,70,3,4.233400,2.109000,4.936000,3.458000,4.842000,5.822000
120,71,3,3.578400,4.462000,5.232000,2.459000,1.518000,4.221000
120,72,3,2.562400,3.839000,2.338000,1.969000,1.706000,2.960000
120,73,3,2.117800,1.875000,1.868000,1.816000,2.980000,2.050000
120,74,3,3.838000,3.523000,5.229000,1.820000,3.754000,4.864000
120,75,3,2.982200,2.355000,2.412000,3.175000,4.326000,2.643000
120,76,3,3.830600,3.645000,3.609000,4.345000,3.793000,3.761000
120,77,3,3.687800,4.970000,3.165000,3.358000,3.821000,3.125000
120,78,3,2.796200,3.508000,2.349000,2.452000,2.709000,2.963000
120,79,3,4.106200,4.368000,4.703000,4.958000,4.497000,2.005000
120,80,4,1.567200,1.770000,1.224000,1.413000,1.581000,1.848000
120,81,4,2.435800,3.049000,1.112000,2.445000,2.211000,3.362000
120,82,4,2.358000,2.673000,1.730000,1.883000,1.535000,3.969000
120,83,4,2.183400,2.185000,1.386000,2.430000,1.745000,3.171000
120,84,4,1.864600,2.186000,1.269000,2.298000,1.464000,2.106000
120,85,4,1.625400,1.575000,1.922000,1.415000,1.710000,1.505000
120,86,4,2.292000,2.430000,1.958000,2.487000,1.728000,2.857000
120,87,4,1.863600,2.640000,1.663000,1.505000,1.794000,1.716000
120,88,4,1.661800,2.166000,1.527000,1.609000,1.098000,1.909000
120,89,4,2.220600,3.800000,1.361000,2.445000,1.686000,1.811000
120,90,4,2.560400,2.988000,2.653000,2.511000,1.860000,2.790000
120,91,4,2.087000,2.442000,1.591000,2.424000,1.833000,2.145000
120,92,4,1.625600,2.046000,1.268000,1.636000,1.079000,2.099000
120,93,4,2.691400,4.367000,1.481000,2.765000,2.292000,2.552000
120,94,4,1.950000,1.893000,0.956000,1.652000,2.063000,3.186000
120,95,4,2.071000,2.318000,1.389000,2.436000,2.427000,1.785000
120,96,4,1.750200,1.865000,0.998000,3.109000,1.262000,1.517000
120,97,4,2.281200,2.250000,2.238000,2.299000,2.554000,2.065000
120,98,4,1.690200,1.946000,1.227000,1.997000,1.495000,1.786000
120,99,4,1.548200,1.767000,1.037000,1.965000,1.508000,1.464000
121,0,3,3.109800,3.773000,3.996000,2.640000,1.320000,3.820000
121,1,3,3.574000,3.007000,4.851000,2.768000,3.380000,3.864000
121,2,3,3.958000,3.601000,5.518000,2.732000,4.078000,3.861000
121,3,3,2.945400,3.019000,2.291000,3.374000,2.034000,4.009000
121,4,3,3.976000,5.718000,4.635000,2.884000,3.506000,3.137000
121,5,3,3.794000,5.209000,4.716000,2.523000,3.793000,2.729000
121,6,3,3.249400,3.568000,2.375000,3.472000,3.596000,3.236000
121,7,3,3.234000,2.551000,4.371000,2.370000,3.913000,2.965000
121,8,3,2.886800,2.067000,4.918000,1.670000,3.358000,2.421000
121,9,3,3.225400,4.911000,3.281000,2.170000,2.886000,2.879000
121,10,3,3.702800,4.584000,4.792000,2.347000,4.374000,2.417000
121,11,3,3.663000,4.260000,4.462000,2.571000,4.310000,2.712000
121,12,3,3.076800,3.099000,3.199000,2.337000,2.383000,4.366000
121,13,3,4.231800,3.506000,5.404000,4.200000,4.141000,3.908000
121,14,3,4.017600,2.240000,4.021000,4.724000,3.658000,5.445000
121,15,3,3.907800,3.957000,5.490000,1.826000,4.524000,3.742000
121,16,3,3.728800,4.506000,5.171000,2.205000,4.885000,1.877000
121,17,3,3.800400,4.851000,3.280000,3.100000,3.737000,4.034000
121,18,3,3.105000,5.635000,1.918000,2.222000,3.151000,2.599000
121,19,3,3.943800,3.639000,3.875000,3.864000,3.480000,4.861000
122,0,3,3.917200,4.035000,3.322000,3.093000,4.045000,5.091000
122,1,3,3.688000,2.986000,2.597000,4.542000,2.747000,5.568000
122,2,3,3.510200,4.275000,3.752000,3.133000,3.121000,3.270000
122,3,3,3.357000,4.702000,2.281000,4.591000,3.035000,2.176000
122,4,3,3.142000,2.257000,2.420000,4.438000,2.632000,3.963000
122,5,3,4.223000,4.099000,2.680000,4.766000,3.913000,5.657000
122,6,3,3.730000,3.801000,4.202000,4.116000,3.722000,2.809000
122,7,3,3.490000,2.937000,3.409000,3.820000,4.371000,2.913000
122,8,3,3.824600,3.170000,4.217000,3.245000,4.904000,3.587000
122,9,3,2.487600,2.100000,1.804000,2.262000,2.352000,3.920000
122,10,3,3.711400,1.914000,3.846000,4.955000,4.284000,3.558000
122,11,3,4.016000,4.580000,2.071000,3.687000,4.502000,5.240000
122,12,3,3.295600,2.721000,1.692000,4.197000,3.980000,3.888000
122,13,3,4.328400,4.523000,4.529000,3.469000,4.307000,4.814000
122,14,3,4.147200,4.504000,3.429000,4.331000,4.109000,4.363000
122,15,3,3.452000,1.954000,1.775000,4.729000,3.749000,5.053000
122,16,3,3.357000,2.285000,3.167000,3.119000,4.237000,3.977000
122,17,3,2.912800,3.528000,2.860000,4.621000,1.364000,2.191000
122,18,3,2.293200,2.699000,2.133000,1.925000,1.318000,3.391000
122,19,3,3.721400,4.179000,4.552000,2.269000,2.715000,4.892000
123,0,3,2.955400,2.188000,1.601000,4.110000,4.042000,2.836000
123,1,3,3.401600,4.318000,3.789000,1.726000,2.582000,4.593000
123,2,3,2.842200,1.335000,3.206000,3.839000,1.906000,3.925000
123,3,3,3.585800,1.590000,3.962000,2.297000,4.604000,5.476000
123,4,3,4.350400,5.347000,3.462000,5.381000,3.667000,3.895000
123,5,3,3.967200,4.425000,2.520000,4.509000,3.521000,4.861000
123,6,3,2.736200,1.316000,1.531000,2.710000,2.492000,5.632000
123,7,3,2.950600,1.548000,2.131000,2.508000,3.671000,4.895000
123,8,3,3.352000,1.182000,3.652000,4.547000,4.015000,3.364000
123,9,3,3.358400,4.124000,2.377000,4.526000,1.643000,4.122000
123,10,3,2.916000,1.340000,3.296000,3.296000,4.768000,1.880000
123,11,3,3.707600,1.427000,3.142000,4.493000,5.076000,4.400000
123,12,3,3.536400,5.107000,2.216000,1.863000,3.400000,5.096000
123,13,3,3.690400,4.308000,3.018000,2.807000,3.145000,5.174000
123,14,3,3.113800,1.890000,3.597000,5.469000,1.004000,3.609000
123,15,3,4.179400,2.304000,4.278000,5.424000,3.360000,5.531000
123,16,3,3.255000,1.718000,4.167000,2.373000,4.353000,3.664000
123,17,3,4.135000,5.234000,2.700000,4.519000,4.198000,4.024000
123,18,3,3.615000,1.834000,3.928000,5.610000,4.074000,2.629000
123,19,3,3.983800,4.228000,3.940000,2.735000,4.230000,4.786000
124,0,3,3.361000,3.394000,3.176000,3.860000,1.657000,4.718000
124,1,3,2.434800,2.579000,2.266000,3.613000,1.934000,1.782000
124,2,3,3.663600,4.371000,2.676000,3.489000,3.507000,4.275000
124,3,3,3.916800,3.488000,3.982000,3.842000,3.978000,4.294000
124,4,3,3.762000,3.567000,2.615000,3.819000,4.681000,4.128000
124,5,3,3.581600,2.526000,2.969000,3.324000,3.856000,5.233000
124,6,3,3.065200,4.126000,2.233000,5.314000,1.559000,2.094000
124,7,3,3.207200,4.681000,2.590000,3.333000,1.237000,4.195000
124,8,3,2.785200,1.962000,3.833000,2.200000,3.184000,2.747000
124,9,3,3.217400,1.540000,3.479000,4.318000,2.941000,3.809000
124,10,3,3.926600,3.220000,5.052000,3.803000,3.823000,3.735000
124,11,3,4.770400,3.795000,4.823000,5.057000,4.935000,5.242000
124,12,3,3.114600,2.238000,3.764000,4.019000,1.139000,4.413000
124,13,3,3.667400,3.967000,3.057000,3.810000,2.711000,4.792000
124,14,3,3.458200,3.653000,4.715000,3.156000,2.765000,3.002000
124,15,3,2.813600,2.829000,2.940000,3.777000,2.514000,2.008000
124,16,3,3.392800,3.427000,3.404000,2.137000,4.787000,3.209000
124,17,3,2.456800,3.049000,2.529000,1.463000,1.527000,3.716000
124,18,3,3.965600,3.522000,3.902000,4.402000,4.705000,3.297000
124,19,3,2.965000,2.459000,4.346000,3.315000,2.513000,2.192000
125,0,3,3.337200,2.357000,3.842000,4.294000,1.367000,4.826000
125,1,3,3.299200,2.652000,1.854000,3.175000,3.914000,4.901000
125,2,3,3.364800,3.621000,2.537000,2.310000,3.870000,4.486000
125,3,3,3.423000,3.171000,3.994000,1.837000,2.573000,5.540000
125,4,3,3.383800,4.336000,4.486000,1.502000,2.131000,4.464000
125,5,3,2.949600,3.358000,2.979000,3.415000,3.663000,1.333000
125,6,3,2.998600,4.451000,2.255000,1.928000,3.031000,3.328000
125,7,3,3.129200,4.052000,1.651000,3.334000,1.828000,4.781000
125,8,3,3.126600,3.912000,2.128000,3.063000,1.978000,4.552000
125,9,3,3.719000,4.445000,3.789000,3.997000,2.106000,4.258000
125,10,3,4.336000,4.423000,4.375000,4.512000,2.447000,5.923000
125,11,3,3.226600,1.878000,4.654000,4.072000,1.120000,4.409000
125,12,3,2.857000,1.989000,4.669000,1.281000,3.386000,2.960000
125,13,3,2.945200,4.006000,1.979000,2.375000,2.138000,4.228000
125,14,3,3.938400,4.087000,3.945000,3.847000,1.727000,6.086000
125,15,3,3.419200,4.162000,2.538000,4.958000,1.502000,3.936000
125,16,3,3.546400,3.046000,4.906000,3.135000,2.418000,4.227000
125,17,3,3.650400,3.685000,4.402000,2.870000,2.358000,4.937000
125,18,3,3.886600,4.171000,4.722000,2.954000,3.504000,4.082000
125,19,3,3.344000,1.499000,5.108000,4.275000,2.761000,3.077000
126,0,3,3.718600,4.321000,3.115000,4.465000,3.505000,3.187000
126,1,3,3.635200,3.985000,4.138000,4.281000,3.035000,2.737000
126,2,3,3.734200,3.039000,1.882000,4.854000,4.264000,4.632000
126,3,3,3.062200,3.686000,2.106000,4.355000,2.047000,3.117000
126,4,3,4.638000,4.672000,4.830000,4.698000,3.942000,5.048000
126,5,3,3.378600,2.595000,4.071000,2.656000,2.425000,5.146000
126,6,3,3.409800,3.918000,2.095000,4.294000,1.949000,4.793000
126,7,3,4.191400,3.932000,3.793000,3.738000,4.010000,5.484000
126,8,3,3.298600,2.523000,2.400000,4.207000,2.301000,5.062000
126,9,3,3.691400,3.938000,2.109000,4.576000,2.438000,5.396000
126,10,3,3.367600,1.481000,3.711000,4.629000,2.997000,4.020000
126,11,3,3.192800,1.886000,4.599000,3.976000,1.974000,3.529000
126,12,3,3.549600,2.696000,3.473000,3.449000,3.815000,4.315000
126,13,3,3.775000,5.305000,2.935000,4.179000,2.756000,3.700000
126,14,3,3.634000,4.065000,4.356000,2.437000,2.929000,4.383000
126,15,3,4.144800,4.291000,4.468000,4.394000,4.526000,3.045000
126,16,3,3.922200,4.305000,3.039000,3.408000,4.251000,4.608000
126,17,3,3.773600,2.560000,3.562000,4.308000,4.432000,4.006000
126,18,3,3.521200,2.076000,2.667000,4.276000,4.216000,4.371000
126,19,3,4.172000,4.330000,2.522000,4.112000,4.373000,5.523000
127,0,3,4.741400,4.747000,4.057000,5.113000,5.255000,4.535000
127,1,3,3.524600,4.527000,3.934000,2.848000,4.042000,2.272000
127,2,3,3.416000,4.640000,3.920000,4.786000,1.520000,2.214000
127,3,3,3.359400,4.169000,1.960000,4.463000,2.854000,3.351000
127,4,3,3.834000,3.147000,2.889000,2.612000,5.295000,5.227000
127,5,3,4.422800,5.468000,4.297000,3.705000,3.815000,4.829000
127,6,3,3.895200,4.459000,4.286000,4.270000,3.611000,2.850000
127,7,3,3.762800,4.902000,4.297000,3.657000,1.776000,4.182000
127,8,3,3.269600,4.762000,1.479000,4.879000,3.076000,2.152000
127,9,3,3.922800,3.846000,3.815000,3.193000,4.156000,4.604000
127,10,3,3.461000,2.765000,4.464000,3.248000,1.699000,5.129000
127,11,3,3.263000,2.460000,3.347000,3.070000,3.077000,4.361000
127,12,3,3.446000,3.574000,1.795000,4.624000,2.410000,4.827000
127,13,3,3.374600,2.867000,3.777000,4.228000,3.548000,2.453000
127,14,3,3.870000,4.483000,4.170000,2.893000,4.230000,3.574000
127,15,3,3.621000,4.281000,2.554000,3.906000,4.525000,2.839000
127,16,3,4.011400,3.116000,4.410000,4.383000,3.576000,4.572000
127,17,3,4.218000,3.918000,4.087000,4.315000,4.348000,4.422000
127,18,3,4.217000,4.867000,4.805000,2.683000,4.422000,4.308000
127,19,3,3.797200,2.205000,3.823000,4.431000,4.006000,4.521000
128,0,3,2.610000,1.510000,3.976000,2.774000,2.069000,2.721000
128,1,3,3.024400,3.752000,4.305000,1.192000,1.885000,3.988000
128,2,3,3.673600,4.322000,4.553000,2.215000,2.514000,4.764000
128,3,3,2.641800,1.259000,3.815000,3.939000,1.903000,2.293000
128,4,3,3.958600,3.660000,3.866000,4.585000,3.052000,4.630000
128,5,3,2.900800,1.536000,3.820000,2.912000,2.753000,3.483000
128,6,3,3.689000,2.989000,3.869000,5.066000,2.090000,4.431000
128,7,3,4.383000,4.385000,4.241000,5.532000,2.829000,4.928000
128,8,3,3.093600,1.298000,3.417000,4.790000,2.573000,3.390000
128,9,3,3.661200,3.414000,3.405000,4.457000,3.441000,3.589000
128,10,3,4.335400,3.361000,3.825000,4.946000,4.629000,4.916000
128,11,3,3.998600,4.472000,4.097000,4.389000,2.291000,4.744000
128,12,3,3.868000,2.120000,3.974000,4.834000,3.428000,4.984000
128,13,3,3.673000,4.840000,4.036000,3.429000,2.235000,3.825000
128,14,3,3.252200,1.183000,3.691000,2.400000,4.492000,4.495000
128,15,3,2.455200,1.243000,2.961000,4.613000,2.225000,1.234000
128,16,3,3.369400,2.950000,3.278000,4.009000,1.767000,4.843000
128,17,3,4.385800,5.195000,5.144000,3.998000,2.687000,4.905000
128,18,3,3.773000,3.749000,4.123000,4.503000,2.639000,3.851000
128,19,3,3.476800,1.236000,4.382000,1.303000,5.843000,4.620000
129,0,3,3.841400,2.468000,3.969000,4.850000,4.041000,3.879000
129,1,3,3.532800,3.954000,4.830000,3.712000,3.688000,1.480000
129,2,3,3.614800,3.533000,4.859000,2.241000,4.874000,2.567000
129,3,3,3.656200,4.646000,4.239000,1.677000,2.982000,4.737000
129,4,3,3.915000,4.918000,4.914000,3.971000,3.621000,2.151000
129,5,3,3.791400,4.434000,4.625000,3.401000,3.393000,3.104000
129,6,3,4.071000,4.982000,4.426000,2.897000,4.235000,3.815000
129,7,3,3.319400,4.107000,4.241000,1.111000,3.290000,3.848000
129,8,3,3.187200,5.081000,3.813000,1.206000,3.362000,2.474000
129,9,3,3.651800,2.714000,3.932000,4.314000,4.181000,3.118000
129,10,3,2.734400,4.126000,4.544000,1.617000,1.433000,1.952000
129,11,3,3.302000,5.077000,3.157000,2.072000,3.651000,2.553000
129,12,3,4.228600,4.354000,4.545000,5.230000,4.752000,2.262000
129,13,3,3.775200,4.044000,4.461000,3.730000,3.777000,2.864000
129,14,3,3.438200,3.039000,4.677000,2.949000,3.522000,3.004000
129,15,3,3.089000,3.692000,3.391000,1.202000,3.630000,3.530000
129,16,3,4.107400,2.410000,4.620000,4.247000,4.494000,4.766000
129,17,3,3.957600,4.159000,4.825000,2.309000,3.323000,5.172000
129,18,3,3.208400,4.232000,4.568000,1.247000,2.157000,3.838000
129,19,3,3.550600,4.577000,4.436000,1.619000,3.896000,3.225000
130,0,0,1.964200,1.922000,1.421000,1.418000,3.246000,1.814000
130,1,0,1.967200,1.888000,1.856000,2.910000,1.992000,1.190000
130,2,0,1.441000,1.542000,1.129000,1.685000,1.565000,1.284000
130,3,0,1.348400,1.662000,1.022000,1.295000,1.626000,1.137000
130,4,0,1.451000,1.716000,1.004000,1.606000,1.796000,1.133000
130,5,0,1.949600,1.624000,1.011000,1.667000,3.640000,1.806000
130,6,0,1.776600,1.787000,1.618000,2.350000,1.752000,1.376000
130,7,0,2.004800,1.298000,0.957000,3.105000,3.127000,1.537000
130,8,0,1.639600,1.780000,0.860000,1.931000,2.455000,1.172000
130,9,0,1.615600,1.779000,1.308000,1.793000,2.019000,1.179000
130,10,0,1.472400,1.661000,0.909000,1.607000,1.909000,1.276000
130,11,0,1.516200,1.690000,1.166000,1.604000,1.994000,1.127000
130,12,0,1.581800,1.697000,1.034000,1.404000,1.888000,1.886000
130,13,0,1.964000,1.563000,1.267000,2.045000,3.458000,1.487000
130,14,0,1.697400,1.642000,1.537000,1.536000,2.557000,1.215000
130,15,0,1.694200,1.999000,0.911000,1.435000,2.558000,1.568000
130,16,0,1.355200,1.561000,1.047000,1.195000,1.908000,1.065000
130,17,0,1.907600,3.402000,1.058000,1.591000,2.327000,1.160000
130,18,0,1.720000,1.649000,1.067000,2.982000,1.701000,1.201000
130,19,0,1.921200,2.090000,1.175000,2.524000,1.863000,1.954000
130,20,1,2.240400,3.585000,1.147000,1.599000,2.981000,1.890000
130,21,1,2.315600,3.452000,1.639000,2.126000,2.032000,2.329000
130,22,1,1.885400,1.099000,1.477000,3.019000,2.815000,1.017000
130,23,1,1.616400,1.281000,0.975000,1.365000,2.600000,1.861000
130,24,1,1.986800,2.653000,1.403000,1.152000,2.547000,2.179000
130,25,1,1.919200,1.103000,2.019000,1.476000,2.101000,2.897000
130,26,1,2.017000,1.232000,1.356000,1.703000,2.665000,3.129000
130,27,1,2.388400,2.907000,1.177000,3.497000,2.764000,1.597000
130,28,1,1.736600,1.040000,0.783000,2.486000,2.516000,1.858000
130,29,1,1.895200,1.728000,1.155000,1.377000,3.066000,2.150000
130,30,1,2.598600,4.770000,1.384000,2.284000,1.731000,2.824000
130,31,1,2.144000,2.262000,1.268000,1.993000,2.355000,2.842000
130,32,1,2.867800,5.726000,1.333000,2.814000,2.848000,1.618000
130,33,1,1.806600,1.243000,1.299000,1.598000,2.973000,1.920000
130,34,1,1.486400,1.165000,1.931000,1.540000,1.689000,1.107000
130,35,1,2.061400,2.752000,0.997000,1.498000,3.563000,1.497000
130,36,1,1.760800,2.150000,1.478000,1.599000,1.646000,1.931000
130,37,1,1.720400,1.240000,1.134000,3.140000,1.801000,1.287000
130,38,1,2.602800,3.443000,1.856000,2.273000,2.263000,3.179000
130,39,1,1.742400,1.035000,1.192000,1.686000,2.617000,2.182000
130,40,2,2.236400,1.848000,1.298000,3.611000,3.376000,1.049000
130,41,2,2.135400,2.796000,1.646000,2.289000,1.860000,2.086000
130,42,2,2.328800,1.940000,2.918000,3.300000,1.798000,1.688000
130,43,2,1.920000,2.026000,1.091000,2.221000,1.567000,2.695000
130,44,2,1.851600,2.463000,1.904000,1.113000,1.871000,1.907000
130,45,2,1.823200,2.001000,1.157000,1.757000,1.791000,2.410000
130,46,2,2.609200,4.367000,1.900000,2.188000,2.206000,2.385000
130,47,2,2.194600,2.712000,2.065000,1.944000,2.474000,1.778000
130,48,2,2.065200,1.911000,1.381000,3.481000,1.535000,2.018000
130,49,2,1.905400,2.129000,1.790000,2.076000,1.924000,1.608000
130,50,2,1.905000,1.448000,0.969000,3.233000,2.448000,1.427000
130,51,2,1.722600,2.451000,1.345000,1.210000,2.417000,1.190000
130,52,2,2.065600,1.967000,1.656000,3.811000,1.817000,1.077000
130,53,2,2.168400,4.017000,1.733000,2.104000,1.804000,1.184000
130,54,2,2.352600,2.502000,1.962000,3.294000,1.761000,2.244000
130,55,2,1.922000,1.671000,1.555000,3.056000,2.229000,1.099000
130,56,2,2.115400,3.128000,1.279000,1.385000,2.074000,2.711000
130,57,2,2.459400,4.141000,1.460000,2.249000,2.059000,2.388000
130,58,2,2.289800,2.734000,2.528000,1.666000,2.194000,2.327000
130,59,2,1.946800,1.765000,1.324000,2.662000,2.018000,1.965000
130,60,3,3.675400,3.946000,3.924000,5.415000,3.762000,1.330000
130,61,3,3.321600,4.852000,2.834000,1.673000,3.160000,4.089000
130,62,3,3.501200,4.306000,3.142000,3.103000,4.517000,2.438000
130,63,3,2.618200,2.354000,2.942000,3.491000,1.795000,2.509000
130,64,3,3.905200,5.113000,4.250000,5.234000,3.152000,1.777000
130,65,3,2.867000,3.319000,3.371000,2.840000,2.454000,2.351000
130,66,3,4.109200,2.864000,4.546000,4.781000,4.670000,3.685000
130,67,3,3.242600,3.545000,1.699000,2.903000,4.698000,3.368000
130,68,3,4.049400,4.470000,4.005000,3.327000,4.035000,4.410000
130,69,3,3.147400,3.006000,4.179000,3.888000,3.478000,1.186000
130,70,3,4.452200,5.511000,2.591000,5.656000,4.413000,4.090000
130,71,3,4.409200,3.868000,4.221000,4.331000,4.278000,5.348000
130,72,3,2.885800,2.823000,1.353000,3.118000,4.470000,2.665000
130,73,3,2.743200,3.601000,1.752000,1.761000,4.370000,2.232000
130,74,3,2.488200,1.882000,0.829000,3.991000,4.172000,1.567000
130,75,3,4.300800,4.746000,1.748000,5.368000,4.457000,5.185000
130,76,3,4.086400,3.818000,3.286000,3.312000,4.465000,5.551000
130,77,3,4.113400,4.884000,4.135000,3.451000,4.566000,3.531000
130,78,3,3.068600,2.576000,3.981000,4.410000,2.339000,2.037000
130,79,3,4.011400,3.689000,3.802000,3.325000,4.705000,4.536000
130,80,4,1.823800,1.313000,1.156000,1.155000,2.004000,3.491000
130,81,4,2.046200,3.024000,1.152000,1.976000,1.988000,2.091000
130,82,4,1.410600,1.331000,1.049000,1.808000,1.686000,1.179000
130,83,4,2.368600,4.176000,2.318000,2.151000,2.173000,1.025000
130,84,4,1.556200,1.723000,1.548000,1.545000,1.895000,1.070000
130,85,4,1.579800,1.668000,1.324000,1.154000,2.354000,1.399000
130,86,4,1.591800,1.165000,1.046000,2.253000,1.986000,1.509000
130,87,4,1.577200,1.501000,1.049000,2.110000,2.060000,1.166000
130,88,4,1.574200,1.104000,1.584000,1.856000,2.124000,1.203000
130,89,4,1.828600,1.536000,1.851000,1.737000,1.528000,2.491000
130,90,4,2.063200,3.368000,1.758000,1.626000,2.191000,1.373000
130,91,4,2.100400,2.951000,1.882000,2.155000,2.322000,1.192000
130,92,4,1.731600,1.529000,2.259000,1.627000,2.077000,1.166000
130,93,4,1.936000,1.836000,0.890000,3.464000,1.884000,1.606000
130,94,4,1.743400,3.160000,1.123000,1.305000,1.509000,1.620000
130,95,4,1.738600,1.976000,0.848000,1.654000,2.232000,1.983000
130,96,4,1.710600,1.940000,1.065000,1.831000,2.374000,1.343000
130,97,4,2.050200,1.143000,1.133000,2.788000,3.059000,2.128000
130,98,4,1.739400,1.416000,1.176000,2.659000,2.288000,1.158000
130,99,4,1.801000,1.671000,1.327000,1.540000,3.148000,1.319000
131,0,3,2.646800,1.323000,3.105000,2.536000,4.356000,1.914000
131,1,3,3.097400,1.354000,1.455000,4.781000,4.157000,3.740000
131,2,3,3.026800,1.641000,3.466000,2.311000,5.325000,2.391000
131,3,3,3.153400,5.304000,3.017000,2.606000,2.574000,2.266000
131,4,3,2.781200,1.937000,3.333000,4.513000,2.552000,1.571000
131,5,3,2.760000,1.457000,3.997000,3.026000,3.627000,1.693000
131,6,3,3.282600,2.115000,3.709000,3.811000,4.601000,2.177000
131,7,3,2.416600,1.956000,2.078000,2.820000,3.806000,1.423000
131,8,3,3.417800,3.888000,3.815000,4.908000,2.703000,1.775000
131,9,3,3.502400,2.349000,4.384000,4.630000,4.556000,1.593000
131,10,3,3.021000,2.080000,3.680000,4.243000,3.254000,1.848000
131,11,3,2.427000,1.648000,2.012000,2.752000,2.789000,2.934000
131,12,3,2.563400,2.284000,2.709000,2.611000,4.259000,0.954000
131,13,3,2.829800,1.912000,3.610000,4.865000,2.717000,1.045000
131,14,3,1.984400,1.673000,2.128000,1.657000,3.280000,1.184000
131,15,3,2.522600,3.475000,1.539000,1.279000,4.440000,1.880000
131,16,3,3.351400,2.372000,3.787000,4.509000,4.479000,1.610000
131,17,3,3.445000,4.942000,3.990000,2.404000,4.247000,1.642000
131,18,3,3.485800,1.409000,3.424000,2.645000,4.555000,5.396000
131,19,3,2.370200,1.226000,2.685000,3.878000,2.550000,1.512000
132,0,3,2.711200,2.329000,2.514000,1.360000,5.291000,2.062000
132,1,3,3.442200,3.541000,4.173000,3.148000,4.142000,2.207000
132,2,3,3.711200,3.030000,4.028000,4.396000,4.430000,2.672000
132,3,3,4.082000,4.655000,5.234000,3.829000,4.435000,2.257000
132,4,3,3.293000,4.806000,4.662000,1.279000,3.701000,2.017000
132,5,3,3.124600,2.530000,4.924000,4.653000,1.719000,1.797000
132,6,3,3.238400,4.839000,3.219000,2.648000,3.284000,2.202000
132,7,3,2.473600,3.091000,4.095000,1.509000,1.753000,1.920000
132,8,3,3.057200,2.664000,3.458000,2.214000,4.311000,2.639000
132,9,3,3.296000,4.395000,2.405000,4.468000,3.147000,2.065000
132,10,3,4.113600,4.390000,4.912000,5.235000,3.506000,2.525000
132,11,3,3.613400,3.632000,4.680000,3.093000,4.324000,2.338000
132,12,3,3.152200,2.926000,4.585000,4.569000,1.966000,1.715000
132,13,3,3.175000,4.137000,2.107000,2.150000,5.006000,2.475000
132,14,3,3.115400,3.838000,4.716000,2.949000,1.662000,2.412000
132,15,3,2.375800,2.237000,2.811000,1.293000,2.925000,2.613000
132,16,3,3.499200,3.644000,5.176000,3.239000,3.413000,2.024000
132,17,3,3.756200,3.777000,4.691000,3.560000,4.453000,2.300000
132,18,3,3.297000,4.685000,3.088000,3.179000,3.701000,1.832000
132,19,3,3.252000,2.371000,4.924000,5.299000,1.416000,2.250000
133,0,3,3.351200,2.008000,3.851000,4.007000,2.080000,4.810000
133,1,3,3.450400,2.341000,3.296000,5.275000,1.869000,4.471000
133,2,3,4.176000,3.482000,3.154000,4.985000,4.657000,4.602000
133,3,3,3.425800,3.796000,4.191000,2.502000,2.466000,4.174000
133,4,3,3.120800,3.325000,2.517000,3.717000,1.356000,4.689000
133,5,3,3.346200,1.672000,3.102000,4.519000,3.719000,3.719000
133,6,3,3.304200,3.177000,3.420000,4.104000,1.423000,4.397000
133,7,3,4.150600,4.597000,4.665000,4.983000,2.110000,4.398000
133,8,3,3.234400,3.812000,3.314000,2.765000,1.636000,4.645000
133,9,3,2.792000,1.996000,3.629000,2.149000,1.770000,4.416000
133,10,3,3.327400,3.966000,3.571000,2.831000,2.682000,3.587000
133,11,3,3.679400,4.421000,3.724000,4.074000,1.845000,4.333000
133,12,3,2.972800,1.855000,3.071000,4.155000,1.418000,4.365000
133,13,3,2.595000,2.287000,3.118000,1.804000,1.324000,4.442000
133,14,3,3.073400,3.421000,2.572000,3.749000,1.845000,3.780000
133,15,3,2.932400,3.131000,3.822000,2.827000,1.905000,2.977000
133,16,3,3.398200,2.119000,3.494000,4.685000,2.793000,3.900000
133,17,3,3.017600,2.143000,2.907000,5.333000,1.511000,3.194000
133,18,3,2.955200,1.472000,3.865000,3.697000,1.514000,4.228000
133,19,3,2.900200,1.685000,3.124000,3.580000,3.128000,2.984000
134,0,3,4.543600,5.726000,4.549000,3.087000,4.511000,4.845000
134,1,3,3.237600,3.914000,2.449000,3.416000,3.455000,2.954000
134,2,3,4.097200,4.954000,4.379000,2.609000,5.133000,3.411000
134,3,3,4.598800,4.627000,4.330000,4.476000,4.927000,4.634000
134,4,3,3.287000,2.869000,4.025000,1.453000,5.492000,2.596000
134,5,3,3.915400,4.631000,4.527000,3.680000,4.524000,2.215000
134,6,3,3.828800,5.477000,3.991000,2.254000,4.920000,2.502000
134,7,3,3.733400,3.635000,4.531000,3.805000,4.298000,2.398000
134,8,3,4.207600,3.839000,4.168000,3.725000,4.401000,4.905000
134,9,3,3.859800,4.905000,4.342000,3.412000,4.436000,2.204000
134,10,3,3.863600,5.057000,4.066000,1.387000,4.548000,4.260000
134,11,3,4.054200,4.743000,3.201000,3.236000,3.993000,5.098000
134,12,3,4.046000,5.164000,3.441000,3.602000,3.610000,4.413000
134,13,3,3.601000,2.814000,4.370000,4.429000,3.976000,2.416000
134,14,3,4.089400,3.017000,4.673000,4.464000,3.874000,4.419000
134,15,3,3.855800,4.713000,4.510000,2.837000,5.275000,1.944000
134,16,3,3.459000,2.790000,3.840000,3.454000,4.895000,2.316000
134,17,3,3.314600,1.550000,3.641000,4.961000,4.107000,2.314000
134,18,3,4.090000,4.611000,4.762000,3.050000,5.314000,2.713000
134,19,3,3.454800,3.153000,4.502000,2.460000,5.395000,1.764000
135,0,3,3.592400,3.986000,4.104000,2.788000,2.458000,4.626000
135,1,3,4.189800,3.714000,4.103000,4.063000,4.780000,4.289000
135,2,3,4.710400,4.545000,4.523000,4.885000,5.198000,4.401000
135,3,3,3.738000,3.581000,3.215000,3.621000,4.490000,3.783000
135,4,3,4.413600,3.927000,4.669000,5.727000,3.875000,3.870000
135,5,3,4.185600,3.353000,4.198000,3.761000,4.419000,5.197000
135,6,3,4.025200,3.775000,4.901000,5.022000,1.858000,4.570000
135,7,3,4.537200,3.547000,4.286000,5.337000,5.500000,4.016000
135,8,3,4.141000,2.847000,4.688000,3.544000,4.883000,4.743000
135,9,3,4.006200,4.551000,4.029000,3.421000,5.223000,2.807000
135,10,3,3.619000,4.380000,4.560000,4.920000,1.353000,2.882000
135,11,3,3.371600,1.641000,3.712000,3.108000,4.001000,4.396000
135,12,3,3.806000,3.623000,3.675000,4.291000,3.615000,3.826000
135,13,3,3.300600,2.612000,3.112000,2.268000,4.440000,4.071000
135,14,3,3.691600,2.934000,4.370000,4.813000,2.282000,4.059000
135,15,3,3.637200,3.808000,3.850000,3.241000,2.936000,4.351000
135,16,3,4.010600,4.702000,4.011000,3.785000,3.985000,3.570000
135,17,3,4.210200,4.290000,3.384000,4.397000,4.794000,4.186000
135,18,3,3.233200,3.631000,2.115000,2.820000,4.135000,3.465000
135,19,3,4.109000,3.383000,4.165000,4.627000,4.394000,3.976000
136,0,3,3.283400,3.421000,1.320000,3.961000,2.739000,4.976000
136,1,3,4.024600,5.053000,4.008000,4.490000,4.864000,1.708000
136,2,3,4.416400,4.691000,4.034000,4.331000,4.902000,4.124000
136,3,3,3.769200,3.636000,1.915000,4.550000,4.918000,3.827000
136,4,3,2.250200,1.966000,1.620000,1.736000,1.885000,4.044000
136,5,3,2.995800,3.955000,2.470000,3.887000,1.491000,3.176000
136,6,3,3.112800,1.460000,1.776000,4.380000,4.621000,3.327000
136,7,3,3.760600,2.234000,2.284000,4.941000,5.476000,3.868000
136,8,3,3.282400,5.095000,2.459000,3.683000,2.631000,2.544000
136,9,3,3.548200,3.995000,3.034000,4.680000,4.286000,1.746000
136,10,3,3.536000,3.455000,2.019000,4.715000,3.414000,4.077000
136,11,3,3.308400,1.534000,1.628000,5.288000,4.037000,4.055000
136,12,3,3.487600,4.266000,3.707000,3.848000,3.187000,2.430000
136,13,3,3.161400,4.978000,1.252000,1.555000,3.614000,4.408000
136,14,3,3.085800,4.922000,1.315000,2.494000,4.151000,2.547000
136,15,3,3.318600,2.262000,1.893000,2.758000,5.094000,4.586000
136,16,3,3.244400,3.983000,1.827000,2.754000,4.678000,2.980000
136,17,3,2.543600,1.789000,3.162000,2.602000,1.898000,3.267000
136,18,3,3.680400,4.255000,2.640000,2.395000,4.549000,4.563000
136,19,3,3.375200,3.425000,3.950000,3.427000,3.839000,2.235000
137,0,3,4.348000,3.798000,4.449000,5.479000,4.414000,3.600000
137,1,3,4.274600,4.262000,5.439000,4.922000,4.664000,2.086000
137,2,3,3.706400,3.896000,3.521000,4.939000,2.789000,3.387000
137,3,3,3.661400,3.043000,3.500000,3.699000,4.258000,3.807000
137,4,3,3.653600,3.267000,4.636000,4.243000,4.219000,1.903000
137,5,3,3.670200,4.519000,3.944000,3.436000,1.835000,4.617000
137,6,3,4.517000,3.520000,4.445000,5.500000,4.866000,4.254000
137,7,3,3.780800,2.800000,4.515000,4.538000,2.897000,4.154000
137,8,3,3.017000,3.813000,2.955000,4.965000,1.063000,2.289000
137,9,3,3.555600,2.402000,4.552000,2.372000,4.111000,4.341000
137,10,3,3.377000,3.261000,4.283000,2.905000,3.346000,3.090000
137,11,3,4.254200,5.394000,4.729000,2.484000,5.236000,3.428000
137,12,3,3.926000,3.104000,5.343000,4.722000,2.538000,3.923000
137,13,3,3.142400,1.228000,3.154000,4.753000,2.882000,3.695000
137,14,3,3.301800,3.475000,3.422000,3.996000,2.397000,3.219000
137,15,3,3.785400,3.412000,3.329000,4.039000,4.385000,3.762000
137,16,3,2.406200,2.475000,3.464000,1.611000,2.672000,1.809000
137,17,3,3.834400,3.688000,2.632000,5.060000,4.463000,3.329000
137,18,3,3.865400,2.854000,3.567000,5.073000,4.712000,3.121000
137,19,3,3.545600,4.298000,4.861000,4.935000,2.161000,1.473000
138,0,3,3.676400,2.452000,4.300000,1.510000,5.596000,4.524000
138,1,3,3.997200,2.230000,3.806000,4.297000,5.098000,4.555000
138,2,2,2.742400,3.649000,3.924000,2.660000,1.378000,2.101000
138,3,3,3.553200,4.560000,3.688000,3.091000,1.891000,4.536000
138,4,3,4.455400,5.048000,5.478000,3.378000,4.310000,4.063000
138,5,3,3.488000,3.549000,3.467000,3.632000,3.358000,3.434000
138,6,3,4.326600,5.165000,3.468000,3.587000,5.387000,4.026000
138,7,3,3.523800,2.260000,4.130000,3.697000,3.563000,3.969000
138,8,3,3.710000,4.308000,5.214000,2.567000,2.527000,3.934000
138,9,3,4.866600,5.752000,5.761000,3.050000,5.545000,4.225000
138,10,3,4.230000,5.420000,2.816000,4.215000,4.968000,3.731000
138,11,3,4.134400,4.865000,3.952000,2.823000,4.245000,4.787000
138,12,3,4.335000,4.248000,3.338000,4.876000,5.025000,4.188000
138,13,3,3.008800,3.658000,2.958000,1.701000,4.842000,1.885000
138,14,3,3.444200,4.400000,3.432000,2.159000,2.595000,4.635000
138,15,3,4.168600,4.218000,4.585000,3.199000,4.855000,3.986000
138,16,3,3.590800,4.943000,4.948000,2.347000,1.799000,3.917000
138,17,3,3.561600,3.857000,2.147000,2.268000,5.456000,4.080000
138,18,3,4.376000,4.335000,5.734000,3.608000,4.954000,3.249000
138,19,3,3.682600,4.501000,4.535000,2.840000,2.768000,3.769000
139,0,3,3.736600,3.736000,4.947000,3.683000,3.845000,2.472000
139,1,3,2.976600,3.059000,3.195000,5.076000,1.979000,1.574000
139,2,3,4.492400,5.403000,4.469000,3.185000,4.594000,4.811000
139,3,3,3.778800,2.804000,3.667000,4.981000,3.972000,3.470000
139,4,3,3.685000,5.234000,3.612000,3.861000,3.610000,2.108000
139,5,3,3.745600,3.587000,4.396000,3.634000,3.120000,3.991000
139,6,3,3.828800,4.148000,4.895000,2.270000,4.179000,3.652000
139,7,3,3.973800,4.046000,4.846000,3.420000,3.547000,4.010000
139,8,3,3.602400,2.402000,3.666000,4.480000,4.475000,2.989000
139,9,3,4.659600,3.659000,5.139000,4.291000,4.891000,5.318000
139,10,3,3.481400,3.656000,5.290000,1.903000,1.855000,4.703000
139,11,3,2.776800,2.285000,3.988000,1.591000,2.990000,3.030000
139,12,3,4.269000,5.311000,4.494000,4.604000,4.443000,2.493000
139,13,3,2.807200,3.626000,4.682000,2.563000,1.842000,1.323000
139,14,3,3.556600,2.006000,3.242000,5.059000,3.972000,3.504000
139,15,3,3.061200,4.227000,4.055000,3.672000,1.688000,1.664000
139,16,3,4.118000,6.087000,4.627000,3.226000,5.028000,1.622000
139,17,3,4.097000,2.626000,4.456000,3.766000,4.485000,5.152000
139,18,3,2.841200,2.158000,4.023000,2.527000,4.037000,1.461000
139,19,3,3.618600,4.139000,5.311000,4.459000,1.891000,2.293000
140,0,0,1.650000,1.340000,1.987000,1.421000,2.500000,1.002000
140,1,0,1.734800,1.730000,1.454000,1.520000,2.307000,1.663000
140,2,0,1.918400,1.347000,1.852000,3.253000,1.614000,1.526000
140,3,0,1.828600,1.541000,1.797000,1.688000,2.647000,1.470000
140,4,0,1.821200,1.561000,2.466000,1.489000,2.562000,1.028000
140,5,0,1.879000,1.494000,1.652000,1.868000,2.933000,1.448000
140,6,0,1.928000,2.182000,1.668000,1.630000,2.116000,2.044000
140,7,0,1.967200,1.385000,1.312000,1.476000,2.271000,3.392000
140,8,0,2.399800,1.533000,1.705000,3.505000,2.546000,2.710000
140,9,0,1.858000,1.917000,2.298000,1.457000,2.461000,1.157000
140,10,0,2.345200,2.084000,1.726000,3.955000,2.116000,1.845000
140,11,0,1.687000,1.444000,1.950000,1.348000,1.971000,1.722000
140,12,0,2.148000,1.643000,1.859000,3.204000,1.687000,2.347000
140,13,0,2.109400,1.916000,1.889000,2.500000,1.982000,2.260000
140,14,0,2.117400,1.953000,1.588000,3.175000,2.423000,1.448000
140,15,0,1.923400,1.576000,1.810000,2.175000,2.358000,1.698000
140,16,0,1.823200,2.222000,1.631000,1.556000,2.071000,1.636000
140,17,0,1.689600,2.083000,1.629000,1.614000,1.916000,1.206000
140,18,0,2.065600,2.326000,1.760000,1.472000,2.521000,2.249000
140,19,0,1.858800,1.677000,1.542000,2.885000,1.972000,1.218000
140,20,1,2.655200,2.766000,1.904000,1.746000,4.142000,2.718000
140,21,1,2.297200,1.842000,1.670000,1.587000,3.369000,3.018000
140,22,1,2.419600,3.122000,3.027000,2.006000,2.299000,1.644000
140,23,1,1.853400,2.440000,1.553000,1.479000,1.842000,1.953000
140,24,1,2.131000,2.519000,2.843000,2.467000,1.751000,1.075000
140,25,1,2.417800,2.326000,1.830000,3.558000,3.221000,1.154000
140,26,1,2.233200,2.006000,2.757000,2.913000,1.968000,1.522000
140,27,1,1.796800,1.388000,1.948000,1.310000,2.882000,1.456000
140,28,1,1.813200,2.003000,1.402000,1.719000,2.938000,1.004000
140,29,1,1.946000,1.361000,1.763000,1.493000,2.670000,2.443000
140,30,1,1.966200,2.118000,1.548000,1.129000,1.523000,3.513000
140,31,1,2.075600,1.925000,2.129000,2.775000,2.055000,1.494000
140,32,1,2.341000,2.246000,1.661000,3.531000,2.656000,1.611000
140,33,1,2.226000,2.390000,1.858000,1.712000,2.138000,3.032000
140,34,1,2.092000,2.610000,1.740000,2.168000,1.813000,2.129000
140,35,1,2.487200,2.980000,2.501000,3.461000,2.209000,1.285000
140,36,1,2.053600,2.914000,1.562000,2.379000,2.327000,1.086000
140,37,1,2.644800,3.558000,2.931000,2.437000,1.976000,2.322000
140,38,1,2.139800,3.074000,1.567000,1.451000,2.691000,1.916000
140,39,1,2.540800,2.522000,2.508000,2.862000,2.617000,2.195000
140,40,2,1.943400,2.103000,1.831000,2.243000,2.118000,1.422000
140,41,2,1.982400,2.143000,1.628000,2.096000,2.457000,1.588000
140,42,2,2.200000,2.472000,2.140000,2.734000,2.108000,1.546000
140,43,2,1.771200,1.332000,2.215000,1.858000,1.955000,1.496000
140,44,2,1.736400,2.112000,1.625000,1.328000,2.015000,1.602000
140,45,2,1.924000,2.482000,2.342000,1.508000,1.975000,1.313000
140,46,2,1.749000,1.438000,1.625000,1.706000,1.949000,2.027000
140,47,2,2.015600,1.847000,2.907000,1.621000,2.210000,1.493000
140,48,2,1.990600,1.927000,2.220000,1.994000,2.349000,1.463000
140,49,2,1.876400,1.582000,1.683000,1.818000,2.949000,1.350000
140,50,2,2.041800,2.256000,2.045000,1.455000,3.157000,1.296000
140,51,2,1.943800,1.346000,3.334000,1.413000,2.448000,1.178000
140,52,2,1.923000,1.446000,2.393000,1.912000,2.812000,1.052000
140,53,2,1.722200,1.718000,1.626000,1.409000,2.131000,1.727000
140,54,2,1.902800,2.996000,1.677000,1.236000,2.411000,1.194000
140,55,2,1.848200,1.609000,2.033000,1.494000,2.293000,1.812000
140,56,2,1.769400,1.737000,1.959000,1.608000,2.219000,1.324000
140,57,2,1.932000,1.671000,2.277000,1.803000,2.630000,1.279000
140,58,2,2.597600,3.183000,1.801000,2.551000,2.160000,3.293000
140,59,2,2.233800,2.325000,1.688000,3.346000,2.235000,1.575000
140,60,3,2.614000,2.608000,2.909000,1.818000,2.344000,3.391000
140,61,3,3.432400,4.951000,2.895000,1.490000,3.539000,4.287000
140,62,3,3.238800,2.251000,3.581000,3.155000,3.002000,4.205000
140,63,3,2.830600,4.118000,2.185000,2.381000,3.262000,2.207000
140,64,3,3.553400,4.406000,3.598000,2.562000,3.147000,4.054000
140,65,3,3.652800,4.060000,2.806000,4.483000,2.998000,3.917000
140,66,3,2.794400,2.063000,4.943000,1.266000,2.096000,3.604000
140,67,3,3.193200,4.418000,2.611000,3.408000,2.698000,2.831000
140,68,3,3.558400,3.674000,4.979000,2.446000,3.493000,3.200000
140,69,3,3.407200,4.276000,2.369000,4.430000,1.949000,4.012000
140,70,3,2.858000,3.817000,2.993000,2.034000,2.213000,3.233000
140,71,3,3.085600,2.268000,4.893000,3.441000,2.638000,2.188000
140,72,3,3.775800,4.194000,3.193000,5.120000,2.905000,3.467000
140,73,3,2.452200,1.283000,2.480000,2.418000,2.977000,3.103000
140,74,3,3.621200,4.157000,4.174000,2.906000,3.538000,3.331000
140,75,3,3.441600,4.197000,3.422000,3.213000,3.079000,3.297000
140,76,3,2.911200,4.559000,3.064000,1.721000,2.585000,2.627000
140,77,3,3.580200,4.582000,3.879000,2.204000,3.791000,3.445000
140,78,3,2.952400,3.843000,3.649000,1.929000,2.182000,3.159000
140,79,3,3.645000,4.666000,3.439000,2.680000,2.370000,5.070000
140,80,4,1.807200,2.774000,1.812000,1.564000,1.719000,1.167000
140,81,4,2.276000,3.402000,2.158000,1.475000,2.538000,1.807000
140,82,4,2.190400,3.378000,2.599000,1.590000,1.861000,1.524000
140,83,4,2.359600,3.080000,2.086000,1.738000,3.163000,1.731000
140,84,4,2.510200,3.790000,2.780000,1.374000,3.317000,1.290000
140,85,4,1.960000,2.695000,1.706000,1.474000,2.301000,1.624000
140,86,4,2.270400,3.829000,1.940000,1.982000,2.132000,1.469000
140,87,4,2.707400,3.788000,2.145000,1.746000,3.681000,2.177000
140,88,4,2.147000,2.298000,3.449000,1.734000,1.780000,1.474000
140,89,4,2.140000,3.286000,1.504000,2.042000,2.296000,1.572000
140,90,4,2.152800,2.461000,1.567000,2.371000,3.002000,1.363000
140,91,4,1.958200,3.339000,1.460000,1.654000,1.791000,1.547000
140,92,4,1.993000,2.103000,2.559000,1.415000,1.758000,2.130000
140,93,4,1.966600,1.652000,2.613000,1.513000,2.399000,1.656000
140,94,4,2.329400,3.154000,2.050000,2.411000,2.743000,1.289000
140,95,4,2.490800,3.911000,1.644000,1.659000,3.239000,2.001000
140,96,4,2.351200,3.326000,1.838000,2.199000,2.761000,1.632000
140,97,4,1.953600,3.643000,1.733000,1.097000,2.081000,1.214000
140,98,4,2.030400,1.713000,2.007000,1.838000,2.569000,2.025000
140,99,4,2.355000,3.422000,1.578000,1.486000,4.009000,1.280000
141,0,3,2.881800,4.077000,3.829000,1.521000,1.813000,3.169000
141,1,3,4.007400,3.761000,3.723000,3.919000,5.505000,3.129000
141,2,3,4.302200,4.056000,4.371000,4.044000,3.900000,5.140000
141,3,3,4.502800,3.719000,5.546000,4.892000,4.471000,3.886000
141,4,3,4.081000,2.123000,5.187000,3.340000,5.102000,4.653000
141,5,3,3.908800,4.700000,3.640000,2.287000,5.311000,3.606000
141,6,3,3.506600,3.886000,2.846000,2.250000,4.728000,3.823000
141,7,3,2.805600,3.021000,4.981000,1.965000,1.595000,2.466000
141,8,3,4.335600,4.813000,5.087000,2.661000,5.496000,3.621000
141,9,3,3.595400,3.755000,4.683000,3.013000,4.471000,2.055000
141,10,3,2.930600,2.720000,3.058000,2.521000,1.796000,4.558000
141,11,3,3.957400,3.384000,4.847000,4.010000,3.658000,3.888000
141,12,3,4.061800,3.574000,4.761000,3.702000,5.013000,3.259000
141,13,3,3.348000,3.670000,4.440000,1.513000,3.569000,3.548000
141,14,3,3.615800,3.465000,4.860000,2.168000,3.249000,4.337000
141,15,3,4.162000,4.036000,5.365000,4.600000,2.955000,3.854000
141,16,3,3.558200,4.620000,3.915000,1.432000,3.557000,4.267000
141,17,3,4.232600,4.396000,4.824000,2.899000,3.688000,5.356000
141,18,3,3.530400,0.901000,5.274000,1.214000,4.837000,5.426000
141,19,3,4.086000,4.661000,4.706000,2.741000,3.267000,5.055000
142,0,3,3.331600,1.606000,2.449000,3.850000,4.163000,4.590000
142,1,3,3.792000,3.721000,3.002000,3.914000,4.992000,3.331000
142,2,3,3.070000,2.158000,1.507000,4.296000,3.296000,4.093000
142,3,3,3.298000,2.892000,1.512000,4.982000,2.589000,4.515000
142,4,3,3.409400,2.652000,4.494000,4.724000,3.041000,2.136000
142,5,3,3.333000,3.832000,1.729000,2.273000,3.774000,5.057000
142,6,3,3.246200,2.288000,2.270000,3.437000,4.930000,3.306000
142,7,3,3.525400,4.499000,3.291000,4.753000,2.498000,2.586000
142,8,3,3.924800,4.486000,2.496000,4.779000,3.283000,4.580000
142,9,3,3.962800,4.763000,3.108000,3.936000,3.394000,4.613000
142,10,3,3.790800,4.790000,4.574000,3.636000,2.039000,3.915000
142,11,3,3.919600,3.792000,3.605000,3.514000,4.393000,4.294000
142,12,3,4.253600,4.009000,4.129000,4.138000,4.128000,4.864000
142,13,3,4.217000,3.344000,3.212000,5.083000,4.759000,4.687000
142,14,3,3.598200,1.314000,3.910000,4.287000,3.970000,4.510000
142,15,3,3.362400,2.751000,3.481000,4.386000,3.332000,2.862000
142,16,3,3.448200,1.623000,4.613000,4.548000,1.332000,5.125000
142,17,3,3.546200,2.061000,3.400000,4.992000,2.981000,4.297000
142,18,3,3.937600,4.535000,1.583000,4.985000,4.116000,4.469000
142,19,3,3.747000,1.332000,4.854000,3.133000,4.660000,4.756000
143,0,3,3.014000,3.890000,2.925000,2.003000,3.373000,2.879000
143,1,3,3.700200,3.053000,4.874000,2.237000,3.174000,5.163000
143,2,3,3.831200,4.245000,2.692000,4.073000,3.747000,4.399000
143,3,3,3.509800,1.614000,4.981000,3.720000,4.451000,2.783000
143,4,3,3.897000,4.385000,4.656000,4.330000,4.935000,1.179000
143,5,3,4.451000,4.249000,4.412000,4.432000,4.021000,5.141000
143,6,3,3.110000,1.381000,4.679000,1.442000,4.740000,3.308000
143,7,3,4.807800,5.277000,5.138000,5.290000,4.167000,4.167000
143,8,3,4.377000,4.677000,4.655000,3.730000,4.183000,4.640000
143,9,3,4.181400,5.430000,4.705000,4.349000,3.025000,3.398000
143,10,3,3.946000,2.594000,4.567000,5.224000,2.727000,4.618000
143,11,3,3.875200,2.578000,3.967000,5.567000,4.511000,2.753000
143,12,3,3.196800,3.393000,3.275000,2.191000,4.627000,2.498000
143,13,3,3.727600,1.801000,5.715000,3.799000,3.786000,3.537000
143,14,3,3.829000,5.092000,4.286000,1.848000,3.139000,4.780000
143,15,3,3.487200,3.930000,2.813000,4.743000,2.895000,3.055000
143,16,3,4.293000,4.358000,3.599000,5.403000,2.931000,5.174000
143,17,3,3.516800,1.443000,2.235000,4.771000,4.128000,5.007000
143,18,3,3.067800,1.881000,2.723000,3.548000,2.672000,4.515000
143,19,3,3.780000,3.000000,4.464000,4.038000,4.795000,2.603000
144,0,3,3.790400,3.917000,4.296000,2.400000,4.243000,4.096000
144,1,3,2.678400,2.348000,4.109000,2.548000,0.999000,3.388000
144,2,3,3.916000,3.561000,4.581000,3.997000,2.558000,4.883000
144,3,3,3.573600,5.196000,4.715000,3.677000,1.151000,3.129000
144,4,3,3.450800,2.260000,2.957000,3.390000,3.874000,4.773000
144,5,3,2.498600,2.353000,3.014000,1.273000,1.165000,4.688000
144,6,3,2.865200,3.539000,2.966000,1.738000,2.588000,3.495000
144,7,3,3.565600,3.357000,1.670000,3.698000,3.885000,5.218000
144,8,3,3.289000,3.043000,2.252000,4.002000,3.663000,3.485000
144,9,3,3.939600,5.014000,4.065000,2.046000,4.228000,4.345000
144,10,3,3.878600,3.858000,4.855000,4.327000,2.048000,4.305000
144,11,3,2.814400,4.712000,2.126000,3.748000,1.351000,2.135000
144,12,3,3.731200,3.425000,2.713000,4.271000,4.437000,3.810000
144,13,3,2.803600,3.710000,1.541000,3.731000,2.687000,2.349000
144,14,3,3.153200,3.274000,5.255000,2.244000,2.462000,2.531000
144,15,3,4.073800,4.210000,3.097000,3.927000,5.554000,3.581000
144,16,3,3.586200,5.256000,3.005000,4.021000,1.120000,4.529000
144,17,3,3.595400,4.069000,4.331000,3.461000,2.940000,3.176000
144,18,3,3.413000,3.097000,3.366000,4.716000,2.361000,3.525000
144,19,3,3.664200,4.062000,5.075000,3.660000,1.366000,4.158000
145,0,3,3.349000,4.950000,5.283000,1.389000,1.974000,3.149000
145,1,3,3.283800,2.242000,4.198000,4.630000,2.646000,2.703000
145,2,3,3.462800,3.773000,2.681000,3.587000,3.262000,4.011000
145,3,3,4.731400,5.230000,4.960000,4.913000,4.396000,4.158000
145,4,3,4.092600,4.529000,4.222000,4.532000,4.569000,2.611000
145,5,3,2.900600,4.233000,3.222000,2.172000,1.740000,3.136000
145,6,3,2.886200,2.979000,2.916000,4.149000,2.112000,2.275000
145,7,3,2.667600,3.303000,2.268000,2.660000,3.274000,1.833000
145,8,3,3.254400,3.868000,3.332000,2.535000,3.347000,3.190000
145,9,3,3.988200,4.735000,4.494000,2.650000,3.673000,4.389000
145,10,3,2.992600,1.858000,4.800000,4.646000,1.898000,1.761000
145,11,3,4.113200,5.164000,3.489000,5.566000,3.203000,3.144000
145,12,3,3.887000,4.621000,4.361000,1.810000,3.823000,4.820000
145,13,3,3.585200,5.042000,2.386000,1.771000,4.263000,4.464000
145,14,3,3.095200,2.021000,4.163000,1.164000,2.316000,5.812000
145,15,3,3.181400,3.847000,4.029000,3.058000,2.394000,2.579000
145,16,3,3.974400,3.979000,4.178000,5.616000,4.165000,1.934000
145,17,3,4.088000,5.310000,4.709000,2.326000,4.547000,3.548000
145,18,3,3.292200,3.697000,3.601000,4.354000,1.895000,2.914000
145,19,3,4.525000,4.953000,3.271000,4.856000,4.520000,5.025000
146,0,3,2.658000,1.508000,3.804000,3.958000,2.532000,1.488000
146,1,3,3.376000,4.546000,1.427000,3.429000,2.832000,4.646000
146,2,3,3.078400,3.634000,4.304000,3.265000,2.316000,1.873000
146,3,3,2.666000,3.809000,1.415000,2.295000,2.846000,2.965000
146,4,3,3.598200,6.010000,3.581000,1.691000,2.471000,4.238000
146,5,3,2.511600,4.692000,1.143000,2.925000,1.988000,1.810000
146,6,3,3.105800,2.468000,3.991000,4.162000,1.803000,3.105000
146,7,3,2.555800,2.795000,1.755000,1.691000,2.979000,3.559000
146,8,3,3.386400,3.643000,4.300000,4.933000,2.263000,1.793000
146,9,3,2.967600,4.365000,2.186000,3.704000,1.750000,2.833000
146,10,3,3.621600,4.704000,2.110000,3.352000,3.765000,4.177000
146,11,3,2.816600,3.744000,3.893000,2.146000,2.136000,2.164000
146,12,3,3.758800,3.561000,4.173000,4.142000,2.425000,4.493000
146,13,3,4.110800,4.639000,4.074000,5.052000,4.676000,2.113000
146,14,3,3.326000,3.075000,2.536000,4.824000,2.626000,3.569000
146,15,3,2.316800,1.754000,2.136000,3.690000,1.899000,2.105000
146,16,3,3.650400,4.019000,5.182000,4.528000,2.347000,2.176000
146,17,3,3.743000,3.777000,3.834000,4.727000,2.684000,3.693000
146,18,3,3.066600,3.365000,1.779000,3.744000,2.259000,4.186000
146,19,3,2.581000,4.350000,3.019000,1.756000,1.858000,1.922000
147,0,3,3.282000,4.140000,4.145000,1.277000,3.776000,3.072000
147,1,3,3.248200,1.707000,4.334000,3.578000,3.081000,3.541000
147,2,3,3.928200,5.732000,3.854000,1.305000,4.590000,4.160000
147,3,3,3.130400,2.394000,4.293000,1.962000,4.616000,2.387000
147,4,3,3.621800,2.372000,4.118000,3.806000,5.333000,2.480000
147,5,3,3.324000,4.467000,2.391000,2.253000,4.844000,2.665000
147,6,3,3.364400,5.145000,2.580000,4.156000,2.678000,2.263000
147,7,3,4.270200,4.015000,2.399000,5.838000,4.858000,4.241000
147,8,3,3.148200,1.775000,5.761000,2.724000,3.516000,1.965000
147,9,3,2.954000,1.840000,1.848000,1.397000,5.133000,4.552000
147,10,3,4.239600,3.086000,4.140000,4.762000,3.998000,5.212000
147,11,3,3.569600,4.111000,1.745000,4.316000,4.764000,2.912000
147,12,3,2.554200,2.997000,1.453000,2.698000,2.893000,2.730000
147,13,3,4.233600,5.642000,3.968000,4.703000,4.361000,2.494000
147,14,3,3.584000,2.574000,5.229000,1.283000,4.751000,4.083000
147,15,3,3.045200,2.419000,3.721000,1.585000,3.693000,3.808000
147,16,3,3.878200,4.577000,2.582000,4.565000,3.134000,4.533000
147,17,3,4.444200,4.939000,3.737000,4.313000,5.682000,3.550000
147,18,3,3.345200,3.694000,2.112000,1.349000,4.241000,5.330000
147,19,3,2.795000,1.579000,2.957000,5.404000,2.461000,1.574000
148,0,3,3.677400,2.735000,3.067000,4.866000,5.161000,2.558000
148,1,3,3.614200,3.458000,5.288000,2.134000,4.420000,2.771000
148,2,3,4.087600,4.544000,4.444000,4.968000,3.722000,2.760000
148,3,3,2.942000,3.157000,4.164000,1.053000,3.637000,2.699000
148,4,3,3.995200,4.973000,4.050000,2.038000,5.815000,3.100000
148,5,3,4.181400,4.708000,5.133000,4.574000,3.615000,2.877000
148,6,3,3.787200,3.099000,4.746000,4.654000,1.830000,4.607000
148,7,3,3.412200,4.181000,2.746000,3.084000,3.279000,3.771000
148,8,3,3.003200,1.754000,2.153000,1.845000,4.893000,4.371000
148,9,3,3.326600,4.794000,2.755000,1.537000,4.812000,2.735000
148,10,3,2.662200,1.892000,2.849000,3.007000,1.889000,3.674000
148,11,3,2.125400,2.320000,2.455000,2.164000,1.244000,2.444000
148,12,3,3.204600,5.638000,4.465000,1.740000,1.992000,2.188000
148,13,3,3.136600,2.781000,3.999000,2.840000,3.172000,2.891000
148,14,3,4.126600,3.301000,4.758000,4.276000,5.076000,3.222000
148,15,3,3.748800,4.470000,2.122000,4.137000,5.140000,2.875000
148,16,3,3.777200,2.944000,2.135000,4.550000,5.419000,3.838000
148,17,3,3.411400,1.709000,4.632000,3.230000,3.934000,3.552000
148,18,3,3.451800,2.800000,5.283000,1.734000,3.912000,3.530000
148,19,3,3.334600,4.307000,4.422000,4.222000,1.429000,2.293000
149,0,3,3.772200,4.729000,4.339000,4.630000,2.317000,2.846000
149,1,3,2.628400,2.821000,2.051000,3.232000,2.044000,2.994000
149,2,3,2.746800,3.254000,1.511000,2.402000,2.450000,4.117000
149,3,3,4.798200,4.950000,4.527000,4.529000,4.634000,5.351000
149,4,3,3.894800,4.382000,4.238000,3.989000,3.685000,3.180000
149,5,3,4.370800,5.167000,4.823000,4.591000,3.439000,3.834000
149,6,3,3.671200,4.826000,1.320000,3.400000,4.354000,4.456000
149,7,3,3.880200,4.269000,4.530000,2.387000,3.265000,4.950000
149,8,3,4.554400,4.781000,4.490000,4.666000,4.465000,4.370000
149,9,3,3.720600,3.689000,4.038000,4.579000,4.480000,1.817000
149,10,3,3.771000,3.841000,5.174000,4.058000,2.738000,3.044000
149,11,3,4.341000,4.388000,3.936000,3.841000,4.731000,4.809000
149,12,3,3.784400,5.133000,4.781000,2.570000,1.491000,4.947000
149,13,3,2.892400,3.226000,1.505000,4.571000,1.170000,3.990000
149,14,3,2.188800,2.188000,1.791000,3.235000,1.145000,2.585000
149,15,3,2.153000,2.160000,1.282000,2.773000,1.338000,3.212000
149,16,3,4.103400,4.987000,5.280000,2.725000,3.100000,4.425000
149,17,3,4.153000,4.620000,4.890000,2.177000,4.140000,4.938000
149,18,3,2.497200,2.777000,1.249000,1.918000,1.198000,5.344000
149,19,3,2.599800,2.161000,1.732000,2.422000,2.876000,3.808000
150,0,0,1.651000,2.347000,1.152000,1.323000,2.119000,1.314000
150,1,0,2.254000,2.231000,1.627000,2.175000,1.395000,3.842000
150,2,0,2.009800,2.396000,1.524000,2.013000,1.737000,2.379000
150,3,0,2.280800,2.404000,1.635000,1.349000,3.719000,2.297000
150,4,0,1.370600,1.135000,1.347000,1.753000,1.249000,1.369000
150,5,0,1.986800,2.714000,1.721000,1.222000,2.163000,2.114000
150,6,0,1.954400,2.837000,1.461000,2.091000,2.226000,1.157000
150,7,0,1.481000,1.825000,1.725000,1.086000,1.641000,1.128000
150,8,0,1.974400,1.977000,2.332000,0.996000,2.083000,2.484000
150,9,0,1.818400,1.810000,1.419000,1.304000,2.239000,2.320000
150,10,0,1.702400,1.565000,1.700000,1.203000,1.615000,2.429000
150,11,0,2.248000,2.269000,2.465000,2.797000,1.429000,2.280000
150,12,0,2.192200,2.142000,2.580000,1.745000,1.903000,2.591000
150,13,0,1.624800,0.988000,1.395000,1.690000,1.824000,2.227000
150,14,0,2.052800,1.307000,2.401000,2.859000,1.306000,2.391000
150,15,0,2.601800,2.743000,2.466000,1.884000,4.624000,1.292000
150,16,0,2.183200,2.418000,1.653000,1.956000,2.484000,2.405000
150,17,0,1.939200,1.975000,1.320000,1.319000,1.784000,3.298000
150,18,0,1.882800,1.663000,2.282000,2.419000,1.553000,1.497000
150,19,0,1.937400,2.423000,1.543000,1.139000,2.213000,2.369000
150,20,1,1.440400,2.194000,1.284000,1.210000,1.232000,1.282000
150,21,1,2.495000,1.897000,1.567000,3.091000,2.892000,3.028000
150,22,1,2.633000,1.806000,3.874000,2.427000,1.927000,3.131000
150,23,1,1.906800,1.198000,1.471000,2.373000,3.014000,1.478000
150,24,1,2.049000,2.807000,1.446000,2.410000,2.054000,1.528000
150,25,1,1.867800,1.709000,1.760000,1.419000,2.765000,1.686000
150,26,1,2.113000,2.373000,1.551000,2.077000,1.305000,3.259000
150,27,1,2.564200,2.806000,1.631000,4.613000,1.648000,2.123000
150,28,1,2.102000,3.015000,1.412000,1.987000,1.740000,2.356000
150,29,1,1.969400,2.714000,1.454000,2.694000,1.695000,1.290000
150,30,1,2.135600,2.286000,2.135000,1.852000,1.727000,2.678000
150,31,1,1.886800,1.199000,1.777000,2.163000,2.681000,1.614000
150,32,1,2.191200,2.479000,2.095000,2.492000,1.771000,2.119000
150,33,1,2.001000,2.386000,1.910000,1.524000,2.060000,2.125000
150,34,1,1.964400,2.406000,2.880000,1.433000,1.326000,1.777000
150,35,1,2.140000,2.181000,2.540000,2.265000,1.432000,2.282000
150,36,1,2.250800,3.884000,1.370000,1.541000,1.101000,3.358000
150,37,1,2.566200,2.008000,3.453000,1.463000,2.742000,3.165000
150,38,1,1.691000,2.670000,1.447000,1.537000,1.382000,1.419000
150,39,1,2.486600,2.770000,2.973000,2.144000,2.202000,2.344000
150,40,2,2.088000,3.029000,1.380000,2.620000,2.112000,1.299000
150,41,2,2.114400,2.569000,2.182000,1.611000,2.419000,1.791000
150,42,2,2.881400,3.730000,2.744000,2.785000,1.725000,3.423000
150,43,2,2.009800,2.226000,1.848000,2.298000,2.751000,0.926000
150,44,2,2.231400,3.213000,3.199000,1.977000,1.709000,1.059000
150,45,2,2.165800,1.957000,2.577000,1.945000,2.047000,2.303000
150,46,2,2.500400,2.704000,2.396000,2.736000,1.223000,3.443000
150,47,2,1.624000,2.673000,1.398000,1.255000,1.344000,1.450000
150,48,2,1.785800,1.259000,2.454000,1.763000,1.646000,1.807000
150,49,2,2.191400,2.392000,2.198000,2.935000,1.321000,2.111000
150,50,2,1.801000,2.223000,1.878000,2.596000,1.253000,1.055000
150,51,2,1.953000,3.463000,1.774000,1.361000,1.431000,1.736000
150,52,2,1.842800,1.350000,2.781000,1.606000,1.726000,1.751000
150,53,2,1.765000,2.154000,1.500000,2.694000,1.427000,1.050000
150,54,2,2.186400,3.564000,2.194000,1.777000,2.233000,1.164000
150,55,2,2.184200,3.664000,2.297000,1.189000,1.994000,1.777000
150,56,2,2.393000,2.453000,2.290000,2.858000,3.108000,1.256000
150,57,2,2.090000,3.440000,1.436000,1.745000,2.555000,1.274000
150,58,2,2.355000,3.301000,2.630000,2.789000,2.089000,0.966000
150,59,2,2.434400,2.341000,2.746000,2.716000,1.351000,3.018000
150,60,3,3.524800,2.235000,3.960000,3.235000,4.485000,3.709000
150,61,3,2.336800,1.307000,1.974000,1.734000,3.906000,2.763000
150,62,3,3.235200,2.512000,3.540000,3.663000,2.227000,4.234000
150,63,3,3.939400,1.678000,4.468000,4.469000,5.136000,3.946000
150,64,3,3.515000,2.946000,2.828000,4.075000,3.535000,4.191000
150,65,3,3.499000,4.698000,1.769000,1.560000,4.506000,4.962000
150,66,3,2.902400,1.687000,4.086000,2.375000,3.147000,3.217000
150,67,3,3.491400,1.354000,2.905000,4.079000,4.144000,4.975000
150,68,3,3.078200,1.958000,4.149000,3.316000,2.177000,3.791000
150,69,3,4.010400,3.872000,4.450000,2.453000,5.288000,3.989000
150,70,3,3.174600,2.392000,4.636000,2.587000,2.637000,3.621000
150,71,3,4.099200,4.020000,4.436000,4.926000,2.981000,4.133000
150,72,3,3.275200,1.655000,2.352000,3.298000,4.622000,4.449000
150,73,3,3.579000,4.247000,3.635000,3.585000,2.539000,3.889000
150,74,3,2.717200,1.033000,1.571000,3.903000,4.139000,2.940000
150,75,3,3.813600,3.870000,3.605000,3.900000,5.268000,2.425000
150,76,3,2.781200,2.103000,2.232000,2.502000,3.203000,3.866000
150,77,3,2.755200,1.020000,3.004000,2.857000,3.904000,2.991000
150,78,3,4.004400,4.709000,2.024000,5.538000,5.337000,2.414000
150,79,3,1.852000,1.473000,2.715000,1.740000,1.860000,1.472000
150,80,4,2.574200,3.500000,4.176000,1.496000,2.475000,1.224000
150,81,4,2.159600,2.530000,2.541000,1.801000,2.562000,1.364000
150,82,4,2.419400,3.816000,1.765000,1.422000,2.755000,2.339000
150,83,4,2.632200,2.992000,2.107000,1.504000,2.416000,4.142000
150,84,4,1.624400,1.499000,1.704000,1.513000,1.866000,1.540000
150,85,4,2.092600,1.915000,1.684000,1.642000,1.113000,4.109000
150,86,4,2.138800,2.207000,1.536000,1.543000,3.831000,1.577000
150,87,4,1.887800,1.829000,2.393000,1.857000,2.023000,1.337000
150,88,4,2.549400,3.958000,2.642000,2.596000,2.257000,1.294000
150,89,4,2.429400,3.162000,1.905000,1.759000,1.842000,3.479000
150,90,4,2.092600,2.016000,3.904000,1.625000,1.951000,0.967000
150,91,4,2.028400,1.381000,2.256000,1.755000,2.999000,1.751000
150,92,4,1.865000,1.244000,1.783000,1.292000,3.866000,1.140000
150,93,4,2.099600,1.204000,2.214000,1.849000,1.517000,3.714000
150,94,4,1.987000,1.258000,1.525000,2.027000,3.677000,1.448000
150,95,4,3.058000,3.915000,4.448000,1.540000,3.491000,1.896000
150,96,4,2.410000,1.700000,2.704000,2.072000,4.269000,1.305000
150,97,4,2.156200,2.315000,3.385000,2.195000,1.692000,1.194000
150,98,4,2.140800,1.294000,3.096000,1.446000,2.148000,2.720000
150,99,4,2.348400,2.511000,2.404000,1.761000,3.780000,1.286000
151,0,3,4.067000,6.175000,2.558000,2.288000,4.393000,4.921000
151,1,3,3.930800,4.613000,2.899000,3.173000,4.659000,4.310000
151,2,3,3.574400,3.863000,2.752000,2.147000,5.026000,4.084000
151,3,3,4.126800,4.660000,3.691000,5.477000,2.673000,4.133000
151,4,3,3.277000,4.889000,1.700000,2.918000,2.532000,4.346000
151,5,3,3.802600,4.702000,3.072000,2.495000,5.208000,3.536000
151,6,3,3.867600,5.242000,4.240000,2.206000,3.407000,4.243000
151,7,3,3.781800,2.847000,3.984000,4.587000,2.935000,4.556000
151,8,3,3.087800,3.627000,3.118000,2.436000,2.765000,3.493000
151,9,3,3.418400,2.808000,3.830000,4.454000,1.805000,4.195000
151,10,3,3.799200,4.122000,3.798000,3.784000,2.944000,4.348000
151,11,3,3.055000,2.769000,2.669000,2.271000,3.331000,4.235000
151,12,3,3.382200,3.674000,2.251000,4.858000,1.980000,4.148000
151,13,3,3.862200,4.699000,3.640000,4.001000,3.269000,3.702000
151,14,3,3.938000,4.633000,4.281000,2.399000,4.639000,3.738000
151,15,3,2.890200,2.945000,4.054000,4.258000,1.718000,1.476000
151,16,3,4.301600,5.178000,4.079000,4.253000,3.841000,4.157000
151,17,3,3.414600,5.694000,1.056000,4.589000,2.277000,3.457000
151,18,3,3.392200,4.185000,3.125000,3.443000,2.197000,4.011000
151,19,3,3.151800,2.721000,2.965000,3.205000,5.107000,1.761000
152,0,3,3.030400,4.411000,1.683000,3.030000,3.975000,2.053000
152,1,3,2.722000,3.484000,1.889000,2.374000,4.460000,1.403000
152,2,3,2.947800,2.252000,3.648000,4.246000,2.300000,2.293000
152,3,3,3.434000,1.985000,2.839000,4.351000,3.459000,4.536000
152,4,3,3.425800,3.306000,4.085000,2.131000,2.756000,4.851000
152,5,3,3.231400,5.044000,1.287000,2.982000,1.797000,5.047000
152,6,3,2.720600,4.939000,1.992000,2.487000,2.499000,1.686000
152,7,3,2.458200,2.318000,2.062000,2.353000,1.795000,3.763000
152,8,3,3.420800,3.868000,2.947000,4.207000,4.342000,1.740000
152,9,3,2.705400,1.704000,4.846000,4.049000,1.534000,1.394000
152,10,3,3.770200,4.665000,3.125000,5.995000,3.378000,1.688000
152,11,3,4.050800,4.365000,2.840000,4.130000,4.298000,4.621000
152,12,3,3.707000,4.320000,3.578000,2.506000,3.185000,4.946000
152,13,3,2.897000,3.436000,4.001000,2.912000,2.784000,1.352000
152,14,3,3.233000,5.132000,2.650000,3.663000,1.586000,3.134000
152,15,3,2.423400,2.198000,1.879000,2.459000,4.285000,1.296000
152,16,3,4.097600,4.875000,3.861000,4.169000,3.744000,3.839000
152,17,3,2.538600,1.998000,2.450000,2.338000,4.305000,1.602000
152,18,3,3.539200,6.017000,2.105000,3.750000,4.176000,1.648000
152,19,3,4.067400,3.883000,4.675000,4.427000,1.938000,5.414000
153,0,3,2.451800,4.243000,3.763000,1.539000,1.250000,1.464000
153,1,3,3.561400,4.000000,2.974000,2.597000,4.349000,3.887000
153,2,3,3.834400,4.888000,4.194000,2.674000,4.428000,2.988000
153,3,3,2.851400,3.749000,2.903000,4.315000,1.724000,1.566000
153,4,3,3.227800,5.290000,3.634000,2.360000,3.072000,1.783000
153,5,3,3.478000,4.904000,3.307000,2.598000,4.794000,1.787000
153,6,3,3.630200,3.884000,3.004000,4.471000,4.428000,2.364000
153,7,3,3.425200,5.463000,2.393000,2.613000,4.763000,1.894000
153,8,3,2.289000,4.704000,2.013000,1.140000,2.281000,1.307000
153,9,3,3.853000,5.135000,3.361000,3.963000,3.992000,2.814000
153,10,3,4.018000,4.206000,5.166000,2.174000,4.179000,4.365000
153,11,3,4.163400,4.212000,4.285000,4.459000,3.978000,3.883000
153,12,3,3.194800,4.414000,2.319000,3.856000,3.539000,1.846000
153,13,3,3.721000,4.120000,3.127000,2.109000,4.160000,5.089000
153,14,3,3.474200,4.462000,5.206000,2.412000,1.843000,3.448000
153,15,3,3.951400,4.888000,4.836000,1.673000,5.003000,3.357000
153,16,3,3.378200,5.499000,1.667000,2.171000,4.771000,2.783000
153,17,3,3.777800,5.354000,4.446000,2.510000,4.759000,1.820000
153,18,3,3.761800,4.090000,4.323000,2.548000,3.778000,4.070000
153,19,3,3.428200,4.688000,4.477000,2.288000,4.136000,1.552000
154,0,3,4.013800,3.172000,4.787000,3.104000,3.497000,5.509000
154,1,3,4.355600,3.947000,4.126000,4.343000,4.395000,4.967000
154,2,3,2.690800,3.617000,2.642000,2.606000,2.270000,2.319000
154,3,3,3.443200,3.285000,4.085000,1.953000,4.247000,3.646000
154,4,3,2.989600,3.623000,2.494000,2.017000,3.775000,3.039000
154,5,3,3.655800,2.995000,4.077000,3.638000,3.313000,4.256000
154,6,3,3.343800,3.249000,3.393000,3.255000,4.388000,2.434000
154,7,3,3.811800,3.430000,3.990000,3.835000,4.967000,2.837000
154,8,3,3.847400,2.822000,3.777000,4.104000,4.397000,4.137000
154,9,3,4.149000,3.634000,3.335000,4.340000,5.088000,4.348000
154,10,3,4.067000,5.448000,2.342000,3.848000,4.134000,4.563000
154,11,3,2.961000,3.181000,2.201000,1.398000,4.354000,3.671000
154,12,3,3.478000,3.583000,4.031000,2.835000,3.772000,3.169000
154,13,3,3.593400,1.617000,3.663000,5.148000,4.722000,2.817000
154,14,3,3.326000,1.890000,2.627000,2.605000,4.872000,4.636000
154,15,3,3.657800,3.351000,4.283000,2.725000,4.294000,3.636000
154,16,3,3.360200,4.236000,4.130000,2.376000,3.659000,2.400000
154,17,3,4.068200,3.868000,4.708000,4.719000,3.664000,3.382000
154,18,3,4.010600,2.891000,4.343000,4.405000,4.512000,3.902000
154,19,3,2.945000,2.934000,1.661000,2.947000,3.708000,3.475000
155,0,3,2.314000,3.126000,2.422000,1.954000,1.418000,2.650000
155,1,3,3.054200,5.027000,1.017000,3.360000,2.369000,3.498000
155,2,3,3.839000,5.404000,2.618000,2.391000,3.737000,5.045000
155,3,3,3.286000,4.061000,2.000000,2.387000,4.274000,3.708000
155,4,3,3.948800,5.186000,2.380000,4.593000,4.295000,3.290000
155,5,3,3.391000,3.858000,1.966000,4.445000,3.584000,3.102000
155,6,3,3.478000,5.421000,2.381000,3.738000,2.523000,3.327000
155,7,3,2.464000,2.582000,2.361000,2.330000,1.496000,3.551000
155,8,3,2.850400,4.543000,1.427000,4.375000,2.150000,1.757000
155,9,3,2.852800,3.078000,2.460000,2.517000,2.355000,3.854000
155,10,3,3.668600,3.917000,2.469000,5.064000,2.998000,3.895000
155,11,3,3.765200,4.022000,3.241000,4.001000,2.767000,4.795000
155,12,3,3.119800,4.695000,2.027000,2.598000,2.606000,3.673000
155,13,3,2.765600,3.103000,1.506000,4.284000,2.713000,2.222000
155,14,3,2.696400,3.685000,1.979000,2.870000,2.563000,2.385000
155,15,3,2.999000,4.216000,1.603000,3.427000,2.486000,3.263000
155,16,3,3.331000,5.484000,1.686000,4.791000,2.899000,1.795000
155,17,3,2.332800,2.725000,2.085000,1.377000,3.979000,1.498000
155,18,3,2.789200,3.977000,2.164000,2.831000,3.030000,1.944000
155,19,3,3.533600,3.633000,2.821000,2.381000,4.617000,4.216000
156,0,3,3.805200,2.625000,4.491000,3.038000,5.082000,3.790000
156,1,3,2.811600,3.407000,1.814000,2.245000,4.349000,2.243000
156,2,3,3.921600,4.115000,3.688000,3.353000,3.612000,4.840000
156,3,3,3.797800,4.113000,1.903000,3.660000,5.080000,4.233000
156,4,3,4.044000,5.128000,2.189000,4.117000,4.485000,4.301000
156,5,3,3.342200,2.508000,3.901000,1.543000,4.056000,4.703000
156,6,3,3.583600,4.674000,3.956000,2.204000,4.850000,2.234000
156,7,3,3.547600,1.880000,3.983000,3.365000,3.681000,4.829000
156,8,3,3.389600,3.249000,4.157000,1.227000,5.193000,3.122000
156,9,3,3.385800,4.532000,1.209000,1.701000,5.322000,4.165000
156,10,3,3.648600,3.123000,4.354000,1.707000,5.840000,3.219000
156,11,3,3.713600,2.465000,5.009000,3.455000,4.973000,2.666000
156,12,3,3.718400,4.555000,4.164000,1.943000,4.295000,3.635000
156,13,3,3.503200,3.897000,5.098000,2.040000,2.754000,3.727000
156,14,3,2.272400,2.154000,1.651000,1.413000,3.464000,2.680000
156,15,3,3.252800,4.686000,3.869000,1.743000,3.659000,2.307000
156,16,3,4.305400,5.380000,4.363000,4.125000,4.066000,3.593000
156,17,3,2.575400,2.247000,1.458000,1.633000,4.110000,3.429000
156,18,3,3.502600,4.387000,3.865000,2.855000,4.711000,1.695000
156,19,3,4.082400,5.125000,5.082000,3.214000,3.925000,3.066000
157,0,3,3.234000,3.495000,2.203000,3.768000,3.547000,3.157000
157,1,3,2.887200,1.981000,2.675000,2.739000,2.910000,4.131000
157,2,3,3.693200,1.993000,5.003000,2.718000,4.659000,4.093000
157,3,3,4.260600,3.389000,4.484000,4.235000,4.372000,4.823000
157,4,3,2.947600,2.800000,4.346000,2.706000,1.977000,2.909000
157,5,3,3.675000,3.871000,3.523000,1.997000,4.717000,4.267000
157,6,3,4.475400,5.299000,2.600000,4.889000,5.372000,4.217000
157,7,3,3.429000,4.239000,2.522000,3.441000,2.384000,4.559000
157,8,3,3.928800,2.764000,3.419000,4.838000,5.369000,3.254000
157,9,3,4.295200,3.297000,4.633000,3.672000,4.465000,5.409000
157,10,3,3.756800,2.526000,2.804000,4.838000,4.975000,3.641000
157,11,3,3.799200,3.449000,3.314000,2.796000,4.846000,4.591000
157,12,3,3.296800,3.447000,3.160000,1.987000,3.585000,4.305000
157,13,3,3.707400,3.208000,2.761000,4.688000,5.105000,2.775000
157,14,3,3.281800,3.927000,1.418000,3.397000,3.687000,3.980000
157,15,3,4.058400,2.569000,4.271000,4.395000,4.117000,4.940000
157,16,3,4.467000,4.689000,4.048000,3.623000,4.692000,5.283000
157,17,3,3.860200,4.846000,2.726000,3.560000,3.871000,4.298000
157,18,3,3.719600,3.304000,2.339000,4.707000,3.931000,4.317000
157,19,3,3.586400,3.885000,2.873000,3.826000,4.365000,2.983000
158,0,3,4.264200,5.288000,4.686000,3.994000,4.105000,3.248000
158,1,3,3.423000,3.491000,2.879000,3.366000,4.782000,2.597000
158,2,3,3.606800,2.177000,3.117000,4.750000,4.669000,3.321000
158,3,3,4.181200,2.783000,5.218000,5.740000,5.167000,1.998000
158,4,3,3.749200,3.054000,2.646000,4.414000,5.782000,2.850000
158,5,3,2.878600,1.669000,2.577000,2.792000,4.497000,2.858000
158,6,3,4.971600,4.397000,5.936000,5.010000,5.354000,4.161000
158,7,3,4.383000,5.841000,3.158000,4.012000,5.789000,3.115000
158,8,3,3.642400,2.433000,5.225000,4.011000,3.751000,2.792000
158,9,3,4.327200,4.286000,5.212000,3.545000,6.429000,2.164000
158,10,3,3.624400,3.411000,4.606000,4.751000,3.112000,2.242000
158,11,3,3.502800,1.873000,5.687000,5.361000,1.668000,2.925000
158,12,3,3.893800,4.155000,3.905000,3.187000,5.909000,2.313000
158,13,3,4.008400,4.412000,5.462000,2.582000,3.497000,4.089000
158,14,3,4.020400,3.848000,5.202000,4.062000,4.511000,2.479000
158,15,3,3.722000,2.518000,4.448000,4.574000,3.021000,4.049000
158,16,3,3.264000,1.670000,5.186000,2.384000,4.400000,2.680000
158,17,3,3.684800,5.396000,4.896000,1.666000,2.270000,4.196000
158,18,3,2.808800,3.838000,4.232000,2.145000,1.697000,2.132000
158,19,3,3.148800,1.535000,3.592000,4.802000,3.073000,2.742000
159,0,3,3.737800,2.893000,4.549000,3.811000,3.142000,4.294000
159,1,3,3.542000,3.816000,3.167000,3.386000,3.817000,3.524000
159,2,3,3.682000,3.953000,3.905000,2.361000,4.441000,3.750000
159,3,3,3.206200,3.809000,1.574000,5.088000,2.221000,3.339000
159,4,3,2.720400,3.620000,3.560000,2.210000,2.650000,1.562000
159,5,3,4.039000,3.563000,5.344000,3.362000,4.431000,3.495000
159,6,3,4.378200,5.284000,5.806000,3.894000,4.354000,2.553000
159,7,3,4.613600,5.137000,4.491000,5.030000,3.749000,4.661000
159,8,3,3.652600,4.564000,1.783000,2.829000,4.084000,5.003000
159,9,3,3.652000,4.897000,2.278000,3.542000,3.332000,4.211000
159,10,3,3.372200,4.394000,3.934000,3.266000,1.649000,3.618000
159,11,3,3.852400,5.150000,4.377000,2.036000,2.754000,4.945000
159,12,3,2.291600,3.083000,1.595000,2.595000,1.353000,2.832000
159,13,3,3.302800,4.294000,3.943000,2.564000,1.900000,3.813000
159,14,3,2.693400,4.298000,3.232000,1.541000,3.186000,1.210000
159,15,3,3.928600,4.798000,3.127000,2.783000,3.498000,5.437000
159,16,3,3.599800,4.564000,2.079000,4.239000,3.202000,3.915000
159,17,3,2.916000,4.057000,2.284000,1.861000,2.354000,4.024000
159,18,3,3.361000,3.686000,5.244000,1.969000,2.733000,3.173000
159,19,3,3.345400,4.787000,1.293000,4.590000,2.522000,3.535000
160,0,0,1.953600,2.480000,2.123000,1.045000,1.910000,2.210000
160,1,0,1.859400,1.783000,2.287000,1.777000,1.425000,2.025000
160,2,0,1.929800,2.215000,2.527000,0.863000,2.111000,1.933000
160,3,0,2.053400,1.538000,2.732000,1.204000,2.936000,1.857000
160,4,0,2.270000,3.017000,1.948000,1.766000,1.591000,3.028000
160,5,0,1.781000,1.640000,1.897000,1.529000,2.112000,1.727000
160,6,0,2.080800,2.126000,2.145000,1.406000,2.764000,1.963000
160,7,0,1.901400,1.698000,2.382000,1.490000,2.247000,1.690000
160,8,0,2.458600,4.102000,2.482000,1.791000,2.127000,1.791000
160,9,0,1.794000,1.501000,2.168000,1.533000,1.852000,1.916000
160,10,0,1.903400,2.044000,2.121000,1.758000,2.009000,1.585000
160,11,0,1.897200,2.029000,2.254000,1.083000,2.335000,1.785000
160,12,0,2.075200,3.320000,2.599000,1.072000,1.703000,1.682000
160,13,0,1.723600,1.069000,2.775000,1.835000,1.657000,1.282000
160,14,0,1.945800,1.781000,2.280000,1.604000,1.891000,2.173000
160,15,0,1.909200,2.427000,1.960000,1.536000,2.178000,1.445000
160,16,0,2.092200,1.631000,2.587000,1.330000,2.658000,2.255000
160,17,0,2.131400,3.160000,2.314000,1.372000,2.227000,1.584000
160,18,0,2.052000,2.660000,2.479000,1.631000,1.901000,1.589000
160,19,0,2.491800,3.748000,2.117000,2.324000,2.500000,1.770000
160,20,1,2.018600,1.571000,2.771000,1.059000,2.514000,2.178000
160,21,1,1.691200,1.400000,2.236000,0.976000,1.969000,1.875000
160,22,1,2.922400,5.011000,3.156000,1.491000,2.357000,2.597000
160,23,1,2.288800,2.151000,2.772000,1.199000,3.420000,1.902000
160,24,1,2.133400,1.920000,3.044000,1.109000,2.028000,2.566000
160,25,1,2.230000,2.265000,2.909000,2.562000,1.569000,1.845000
160,26,1,2.489000,5.155000,2.756000,1.085000,1.693000,1.756000
160,27,1,2.180200,3.542000,2.529000,1.379000,2.381000,1.070000
160,28,1,2.021600,1.780000,3.043000,1.781000,1.972000,1.532000
160,29,1,2.316000,2.631000,2.427000,1.178000,2.918000,2.426000
160,30,1,2.466800,2.640000,3.009000,2.996000,1.712000,1.977000
160,31,1,2.414800,1.738000,3.702000,1.440000,3.269000,1.925000
160,32,1,1.856000,1.592000,2.397000,1.375000,2.337000,1.579000
160,33,1,2.402600,1.505000,3.076000,1.857000,2.179000,3.396000
160,34,1,1.777800,1.480000,1.867000,1.859000,2.208000,1.475000
160,35,1,1.895000,2.000000,2.460000,1.507000,2.066000,1.442000
160,36,1,2.253800,2.933000,2.669000,1.382000,2.384000,1.901000
160,37,1,1.672400,1.668000,1.925000,1.383000,1.523000,1.863000
160,38,1,2.370200,3.555000,2.817000,1.580000,2.072000,1.827000
160,39,1,1.805000,1.949000,1.913000,1.218000,2.333000,1.612000
160,40,2,1.788200,1.606000,2.076000,1.144000,2.428000,1.687000
160,41,2,2.013200,1.241000,2.150000,1.969000,1.565000,3.141000
160,42,2,2.170400,3.773000,2.035000,1.307000,2.323000,1.414000
160,43,2,2.294200,2.934000,2.765000,2.479000,1.743000,1.550000
160,44,2,2.287200,2.061000,3.568000,1.842000,2.458000,1.507000
160,45,2,1.893600,2.525000,1.996000,1.671000,1.789000,1.487000
160,46,2,2.080200,2.862000,1.915000,1.223000,2.727000,1.674000
160,47,2,2.132800,1.614000,2.462000,1.166000,3.305000,2.117000
160,48,2,2.258600,2.595000,2.456000,1.792000,1.900000,2.550000
160,49,2,1.695400,1.657000,2.277000,1.106000,1.817000,1.620000
160,50,2,1.744600,1.750000,1.812000,1.381000,2.282000,1.498000
160,51,2,1.946800,1.377000,2.391000,1.593000,1.453000,2.920000
160,52,2,1.852800,1.310000,2.308000,1.785000,1.871000,1.990000
160,53,2,2.772400,4.277000,2.367000,2.412000,2.102000,2.704000
160,54,2,1.781400,1.321000,2.441000,1.729000,1.798000,1.618000
160,55,2,2.336800,3.692000,2.147000,2.681000,1.414000,1.750000
160,56,2,1.752400,1.661000,2.537000,0.916000,1.815000,1.833000
160,57,2,2.031800,1.553000,2.280000,3.042000,1.895000,1.389000
160,58,2,2.079400,2.098000,2.201000,2.483000,1.884000,1.731000
160,59,2,2.139400,2.011000,2.461000,2.868000,1.753000,1.604000
160,60,3,2.727800,1.674000,3.447000,1.658000,3.477000,3.383000
160,61,3,2.626800,1.351000,3.832000,2.959000,3.193000,1.799000
160,62,3,3.950000,3.723000,4.495000,2.846000,4.651000,4.035000
160,63,3,4.220000,3.275000,4.021000,5.315000,4.759000,3.730000
160,64,3,4.028600,2.167000,4.814000,5.192000,5.180000,2.790000
160,65,3,3.443600,4.747000,2.693000,3.119000,2.929000,3.730000
160,66,3,2.540600,1.688000,3.483000,2.444000,1.640000,3.448000
160,67,3,3.548600,5.117000,2.787000,1.679000,4.092000,4.068000
160,68,3,3.966000,6.064000,4.235000,2.183000,4.730000,2.618000
160,69,3,2.620400,1.877000,2.601000,1.513000,4.323000,2.788000
160,70,3,3.351600,1.650000,4.407000,3.152000,4.278000,3.271000
160,71,3,2.791200,1.363000,3.308000,3.109000,3.961000,2.215000
160,72,3,4.642800,4.396000,4.410000,4.821000,4.707000,4.880000
160,73,3,2.222000,1.437000,3.369000,2.641000,1.785000,1.878000
160,74,3,3.826600,4.847000,4.967000,1.303000,3.436000,4.580000
160,75,3,3.410200,1.894000,4.318000,2.332000,4.107000,4.400000
160,76,3,3.604600,4.819000,4.911000,3.418000,1.822000,3.053000
160,77,3,3.977000,4.611000,3.936000,2.318000,4.581000,4.439000
160,78,3,4.659000,5.780000,5.563000,5.283000,4.031000,2.638000
160,79,3,3.742800,4.453000,5.140000,3.194000,3.646000,2.281000
160,80,4,1.980400,2.588000,2.006000,1.254000,2.331000,1.723000
160,81,4,2.271400,1.715000,3.316000,1.162000,3.280000,1.884000
160,82,4,1.666800,1.531000,2.168000,1.779000,1.747000,1.109000
160,83,4,2.049400,1.825000,2.841000,1.871000,1.673000,2.037000
160,84,4,2.547600,2.249000,3.756000,2.173000,1.907000,2.653000
160,85,4,2.490000,2.160000,3.040000,2.178000,3.176000,1.896000
160,86,4,2.376000,3.484000,2.662000,1.538000,2.354000,1.842000
160,87,4,2.124400,1.813000,2.729000,1.229000,2.910000,1.941000
160,88,4,1.828000,1.744000,1.781000,1.210000,2.860000,1.545000
160,89,4,2.136800,3.714000,2.329000,0.953000,2.033000,1.655000
160,90,4,1.972400,1.098000,2.271000,1.105000,3.279000,2.109000
160,91,4,2.102800,2.291000,2.315000,2.651000,1.684000,1.573000
160,92,4,2.407000,3.286000,3.014000,1.784000,1.955000,1.996000
160,93,4,2.511200,2.433000,2.574000,2.631000,3.361000,1.557000
160,94,4,2.197200,1.083000,3.060000,1.556000,3.497000,1.790000
160,95,4,1.958000,1.538000,1.917000,1.688000,2.963000,1.684000
160,96,4,1.828400,1.798000,2.587000,1.367000,1.598000,1.792000
160,97,4,2.058000,2.445000,3.184000,1.355000,1.524000,1.782000
160,98,4,2.859000,1.919000,4.168000,2.023000,4.078000,2.107000
160,99,4,1.953200,1.752000,2.647000,1.553000,2.246000,1.568000
161,0,3,4.641600,4.915000,3.894000,5.435000,4.941000,4.023000
161,1,3,3.528200,2.798000,4.638000,4.385000,1.521000,4.299000
161,2,3,3.989400,3.814000,3.481000,5.297000,3.566000,3.789000
161,3,3,4.299000,4.189000,3.875000,4.879000,4.778000,3.774000
161,4,3,3.614200,2.550000,3.861000,4.811000,3.495000,3.354000
161,5,3,3.119600,1.949000,2.567000,3.426000,4.258000,3.398000
161,6,3,2.887800,3.209000,2.353000,2.646000,2.625000,3.606000
161,7,3,3.866200,3.901000,1.889000,4.675000,4.655000,4.211000
161,8,3,3.753600,4.881000,1.615000,3.737000,4.615000,3.920000
161,9,3,3.464800,3.983000,2.578000,4.831000,2.623000,3.309000
161,10,3,4.239200,4.896000,3.813000,4.212000,4.125000,4.150000
161,11,3,3.709600,2.436000,4.349000,3.938000,2.246000,5.579000
161,12,3,3.857800,5.045000,4.301000,4.181000,1.745000,4.017000
161,13,3,3.537200,3.170000,2.390000,3.123000,5.112000,3.891000
161,14,3,2.924600,2.706000,1.719000,4.361000,2.295000,3.542000
161,15,3,3.611600,3.844000,5.456000,5.204000,2.431000,1.123000
161,16,3,3.935000,4.454000,4.375000,2.792000,3.916000,4.138000
161,17,3,4.303800,3.595000,4.911000,4.721000,4.214000,4.078000
161,18,3,3.751000,5.294000,1.973000,5.131000,2.406000,3.951000
161,19,3,3.892400,5.383000,3.980000,4.975000,2.091000,3.033000
162,0,3,3.659600,2.845000,4.843000,4.747000,3.176000,2.687000
162,1,3,4.011000,4.154000,4.646000,3.829000,4.120000,3.306000
162,2,3,3.409400,3.448000,3.428000,2.392000,4.413000,3.366000
162,3,3,3.401600,2.804000,3.107000,4.313000,5.433000,1.351000
162,4,3,3.589600,1.864000,3.037000,2.951000,5.194000,4.902000
162,5,3,3.281400,3.112000,2.436000,3.962000,4.902000,1.995000
162,6,3,2.882600,1.800000,1.846000,3.563000,5.231000,1.973000
162,7,3,3.413600,2.888000,2.039000,4.033000,4.904000,3.204000
162,8,3,4.171200,4.275000,2.883000,4.366000,5.295000,4.037000
162,9,3,3.000200,1.721000,2.434000,2.921000,5.047000,2.878000
162,10,3,3.231600,1.868000,2.380000,4.118000,2.564000,5.228000
162,11,3,3.239400,2.876000,3.299000,3.551000,5.272000,1.199000
162,12,3,3.483400,3.861000,4.819000,2.938000,3.725000,2.074000
162,13,3,2.344600,3.313000,1.924000,1.799000,3.362000,1.325000
162,14,3,4.397800,3.866000,5.171000,4.696000,3.017000,5.239000
162,15,3,3.040600,4.299000,2.049000,3.040000,4.193000,1.622000
162,16,3,3.182200,2.136000,3.591000,4.106000,4.405000,1.673000
162,17,3,3.613400,4.196000,3.315000,3.788000,3.889000,2.879000
162,18,3,3.049600,1.396000,3.538000,4.796000,4.295000,1.223000
162,19,3,3.558200,3.930000,3.360000,2.339000,4.683000,3.479000
163,0,3,4.169400,5.318000,2.612000,5.077000,4.492000,3.348000
163,1,3,3.638000,3.669000,2.000000,2.646000,4.738000,5.137000
163,2,3,2.658800,4.518000,2.013000,2.201000,2.077000,2.485000
163,3,3,3.436200,5.126000,2.416000,3.103000,4.387000,2.149000
163,4,3,3.531400,4.792000,2.610000,2.997000,5.013000,2.245000
163,5,3,3.105800,4.889000,1.274000,2.672000,1.590000,5.104000
163,6,3,3.370800,5.305000,2.020000,4.823000,3.042000,1.664000
163,7,3,4.083200,3.723000,3.651000,4.720000,3.775000,4.547000
163,8,3,3.673600,4.997000,3.649000,3.568000,4.653000,1.501000
163,9,3,2.905200,5.278000,1.681000,2.700000,2.025000,2.842000
163,10,3,3.502400,5.388000,1.456000,2.375000,3.525000,4.768000
163,11,3,3.019000,3.995000,1.506000,2.737000,1.672000,5.185000
163,12,3,3.374400,5.129000,1.361000,4.793000,2.161000,3.428000
163,13,3,2.987800,4.161000,3.109000,2.590000,3.117000,1.962000
163,14,3,2.619200,3.664000,1.321000,3.553000,2.052000,2.506000
163,15,3,3.369200,5.155000,2.333000,4.563000,2.933000,1.862000
163,16,3,3.063200,4.687000,1.822000,3.021000,4.051000,1.735000
163,17,3,2.610600,3.333000,2.877000,2.668000,1.957000,2.218000
163,18,3,3.415400,4.039000,2.151000,4.233000,2.316000,4.338000
163,19,3,3.068200,3.816000,2.034000,4.072000,3.036000,2.383000
164,0,3,3.383800,1.716000,4.157000,3.929000,3.819000,3.298000
164,1,3,2.775800,0.978000,4.721000,2.938000,1.845000,3.397000
164,2,3,3.984000,3.875000,3.870000,3.974000,3.105000,5.096000
164,3,3,3.621000,3.934000,4.764000,2.878000,3.783000,2.746000
164,4,3,3.469000,3.066000,4.140000,1.472000,4.829000,3.838000
164,5,3,3.767600,4.136000,4.268000,3.813000,3.118000,3.503000
164,6,3,2.839400,1.249000,4.045000,4.672000,2.054000,2.177000
164,7,3,3.371600,2.988000,2.358000,3.095000,3.508000,4.909000
164,8,3,4.072600,5.122000,4.592000,3.170000,3.791000,3.688000
164,9,3,3.640200,4.270000,2.367000,3.549000,4.339000,3.676000
164,10,3,3.319400,3.824000,3.794000,1.600000,5.085000,2.294000
164,11,3,3.717200,4.814000,3.726000,2.633000,4.366000,3.047000
164,12,3,2.901400,3.682000,2.790000,3.527000,1.335000,3.173000
164,13,3,2.813200,0.766000,4.063000,4.014000,1.597000,3.626000
164,14,3,3.096600,1.054000,4.351000,3.383000,4.364000,2.331000
164,15,3,4.082600,4.096000,3.696000,3.980000,4.226000,4.415000
164,16,3,4.006200,4.970000,4.560000,1.898000,4.044000,4.559000
164,17,3,3.600800,3.190000,4.949000,2.760000,3.811000,3.294000
164,18,3,2.979200,3.007000,2.268000,1.926000,4.666000,3.029000
164,19,3,3.752200,3.955000,3.029000,3.410000,4.679000,3.688000
165,0,3,3.333800,2.200000,4.037000,4.100000,4.203000,2.129000
165,1,3,3.181800,2.107000,4.680000,4.480000,2.545000,2.097000
165,2,3,3.316600,3.994000,2.451000,3.211000,3.139000,3.788000
165,3,3,3.414400,1.189000,3.520000,4.625000,4.154000,3.584000
165,4,3,3.633000,3.206000,4.181000,3.940000,2.952000,3.886000
165,5,3,3.606800,1.951000,4.002000,4.154000,2.723000,5.204000
165,6,3,4.311400,5.491000,5.343000,4.005000,2.147000,4.571000
165,7,3,3.597600,3.917000,2.519000,4.503000,1.825000,5.224000
165,8,3,4.371000,4.002000,4.200000,4.648000,3.641000,5.364000
165,9,3,2.927400,1.234000,4.874000,3.171000,2.522000,2.836000
165,10,3,3.610000,2.177000,4.231000,4.657000,2.133000,4.852000
165,11,3,3.808600,4.676000,4.153000,3.374000,3.797000,3.043000
165,12,3,3.419200,2.140000,3.889000,3.642000,3.293000,4.132000
165,13,3,3.880600,3.458000,2.862000,4.907000,2.923000,5.253000
165,14,3,3.320600,1.585000,4.205000,4.452000,2.468000,3.893000
165,15,3,3.886800,5.794000,4.061000,3.462000,2.504000,3.613000
165,16,3,3.270400,3.576000,4.406000,1.840000,3.196000,3.334000
165,17,3,3.486000,2.343000,4.695000,3.798000,3.551000,3.043000
165,18,3,3.357200,3.313000,5.003000,3.434000,1.963000,3.073000
165,19,3,4.015600,3.143000,4.713000,4.249000,3.548000,4.425000
166,0,3,3.679200,3.774000,4.330000,4.012000,3.931000,2.349000
166,1,3,3.390200,1.813000,4.309000,3.795000,4.368000,2.666000
166,2,3,2.924600,4.699000,2.227000,2.045000,3.774000,1.878000
166,3,3,4.152200,4.252000,3.727000,5.292000,3.384000,4.106000
166,4,3,3.273200,1.742000,4.183000,2.949000,4.746000,2.746000
166,5,3,3.568200,3.894000,2.985000,4.406000,2.912000,3.644000
166,6,3,4.652000,5.510000,4.838000,4.978000,3.987000,3.947000
166,7,3,3.856800,3.824000,4.023000,2.902000,4.383000,4.152000
166,8,3,3.297200,2.068000,3.765000,4.051000,3.460000,3.142000
166,9,3,2.347000,3.987000,1.712000,0.998000,3.252000,1.786000
166,10,3,3.209600,5.033000,3.552000,2.972000,1.753000,2.738000
166,11,3,3.344800,3.369000,2.522000,3.504000,4.102000,3.227000
166,12,3,3.989800,4.795000,4.423000,4.476000,2.210000,4.045000
166,13,3,3.870000,2.602000,4.441000,4.714000,4.600000,2.993000
166,14,3,4.382600,4.813000,5.206000,4.724000,4.613000,2.557000
166,15,3,2.644000,3.085000,2.326000,3.432000,2.526000,1.851000
166,16,3,4.328600,4.522000,4.550000,3.848000,3.680000,5.043000
166,17,3,4.379000,4.738000,4.522000,4.170000,3.397000,5.068000
166,18,3,4.093800,4.930000,4.752000,4.734000,3.677000,2.376000
166,19,3,4.203800,5.261000,4.621000,4.890000,2.957000,3.290000
167,0,3,4.281200,4.651000,4.621000,3.350000,4.201000,4.583000
167,1,3,3.656800,3.786000,2.766000,5.088000,1.683000,4.961000
167,2,3,3.724400,4.345000,1.766000,4.747000,2.757000,5.007000
167,3,3,3.430200,4.973000,1.259000,2.564000,3.681000,4.674000
167,4,3,3.829800,2.550000,4.522000,4.618000,2.204000,5.255000
167,5,3,3.132000,4.599000,2.553000,4.119000,2.517000,1.872000
167,6,3,4.440200,2.998000,5.349000,4.918000,3.746000,5.190000
167,7,3,4.542600,3.654000,4.491000,5.882000,4.087000,4.599000
167,8,3,3.425600,2.540000,2.665000,3.513000,4.264000,4.146000
167,9,3,4.213800,4.924000,4.731000,3.334000,2.871000,5.209000
167,10,3,4.292600,4.390000,4.924000,3.214000,3.860000,5.075000
167,11,3,4.391800,4.952000,1.804000,5.312000,4.579000,5.312000
167,12,3,3.931200,4.823000,3.040000,4.307000,3.481000,4.005000
167,13,3,2.672600,0.975000,1.970000,3.079000,3.079000,4.260000
167,14,3,3.659200,3.926000,5.066000,4.577000,3.062000,1.665000
167,15,3,4.394200,4.191000,3.087000,5.193000,4.654000,4.846000
167,16,3,3.734800,3.960000,5.161000,2.957000,3.167000,3.429000
167,17,3,3.993600,4.023000,2.893000,4.144000,3.990000,4.918000
167,18,3,3.449600,2.844000,1.619000,4.821000,3.096000,4.868000
167,19,3,3.674800,3.823000,4.767000,4.854000,3.226000,1.704000
168,0,3,3.661400,3.092000,4.030000,4.123000,4.289000,2.773000
168,1,3,3.390800,2.499000,3.257000,4.073000,5.330000,1.795000
168,2,3,3.232000,3.721000,3.979000,2.407000,4.801000,1.252000
168,3,3,3.324200,4.654000,4.024000,2.897000,2.825000,2.221000
168,4,3,2.714400,3.768000,2.682000,2.313000,3.194000,1.615000
168,5,3,3.562800,2.639000,2.842000,2.954000,4.504000,4.875000
168,6,3,3.750400,2.406000,3.572000,3.694000,4.060000,5.020000
168,7,3,4.496600,3.920000,4.858000,4.050000,4.740000,4.915000
168,8,3,3.538600,2.640000,4.261000,2.028000,5.190000,3.574000
168,9,3,3.600400,4.560000,3.464000,3.864000,2.972000,3.142000
168,10,3,3.180000,3.614000,4.459000,2.511000,2.306000,3.010000
168,11,3,3.253400,3.623000,2.427000,3.877000,3.291000,3.049000
168,12,3,4.168000,4.143000,3.414000,3.234000,5.192000,4.857000
168,13,3,4.303800,4.532000,4.361000,3.007000,4.676000,4.943000
168,14,3,3.152200,3.835000,4.274000,1.428000,3.967000,2.257000
168,15,3,4.131600,4.562000,3.344000,5.671000,5.084000,1.997000
168,16,3,3.483000,2.613000,4.526000,2.595000,4.647000,3.034000
168,17,3,4.135800,2.503000,4.141000,4.124000,4.800000,5.111000
168,18,3,3.639600,4.405000,3.524000,1.997000,4.382000,3.890000
168,19,3,4.108400,3.094000,5.088000,4.737000,4.893000,2.730000
169,0,3,4.805000,5.016000,4.341000,4.584000,4.665000,5.419000
169,1,3,4.420400,4.883000,3.505000,4.943000,3.857000,4.914000
169,2,3,3.864000,2.678000,2.238000,5.462000,4.308000,4.634000
169,3,3,3.875800,4.798000,2.794000,4.698000,2.264000,4.825000
169,4,3,4.438000,4.969000,3.748000,4.443000,4.375000,4.655000
169,5,3,3.271800,5.319000,1.744000,3.871000,3.527000,1.898000
169,6,3,3.377000,2.771000,2.473000,3.004000,4.067000,4.570000
169,7,3,4.456000,5.045000,2.687000,5.393000,4.060000,5.095000
169,8,3,3.588200,2.316000,4.591000,3.891000,1.899000,5.244000
169,9,3,3.633400,5.192000,2.900000,3.799000,2.829000,3.447000
169,10,3,2.767400,2.162000,2.337000,2.249000,3.346000,3.743000
169,11,3,4.343000,2.883000,4.956000,5.266000,3.843000,4.767000
169,12,3,2.946400,4.037000,1.692000,2.839000,4.150000,2.014000
169,13,3,3.419200,2.294000,2.710000,2.924000,3.875000,5.293000
169,14,3,3.469400,2.381000,1.932000,3.092000,4.333000,5.609000
169,15,3,4.247200,4.760000,3.343000,4.490000,4.544000,4.099000
169,16,3,3.730600,4.143000,3.959000,3.913000,1.866000,4.772000
169,17,3,4.178000,5.468000,3.101000,4.026000,4.664000,3.631000
169,18,3,3.625800,4.265000,2.449000,4.063000,2.377000,4.975000
169,19,3,3.293600,4.717000,1.673000,3.508000,4.832000,1.738000
170,0,0,2.748000,2.392000,3.070000,4.043000,2.417000,1.818000
170,1,0,1.805600,1.886000,1.751000,1.405000,2.160000,1.826000
170,2,0,1.993600,1.999000,1.534000,1.860000,2.379000,2.196000
170,3,0,2.116600,1.899000,2.157000,2.289000,1.998000,2.240000
170,4,0,1.908600,1.457000,2.275000,2.049000,2.053000,1.709000
170,5,0,2.201400,2.210000,1.350000,3.741000,2.034000,1.672000
170,6,0,1.785400,1.067000,1.881000,2.157000,2.201000,1.621000
170,7,0,1.951000,2.008000,1.861000,2.437000,1.717000,1.732000
170,8,0,2.395600,1.796000,2.486000,2.499000,3.318000,1.879000
170,9,0,1.994000,1.925000,2.242000,2.092000,1.882000,1.829000
170,10,0,2.565000,2.084000,1.845000,1.923000,3.086000,3.887000
170,11,0,2.402000,1.427000,2.006000,2.922000,3.816000,1.839000
170,12,0,2.071000,1.170000,2.007000,1.933000,2.800000,2.445000
170,13,0,2.303400,1.881000,2.012000,2.204000,1.829000,3.591000
170,14,0,2.197600,1.440000,2.250000,2.998000,1.773000,2.527000
170,15,0,1.668000,1.189000,1.780000,1.637000,1.794000,1.940000
170,16,0,1.907400,2.198000,1.963000,2.080000,1.729000,1.567000
170,17,0,1.936800,1.480000,2.065000,2.094000,1.991000,2.054000
170,18,0,1.921400,1.500000,1.759000,1.918000,2.024000,2.406000
170,19,0,2.432600,2.336000,2.216000,2.555000,2.614000,2.442000
170,20,1,2.951600,2.443000,2.997000,2.783000,4.315000,2.220000
170,21,1,2.848400,2.887000,3.069000,2.888000,2.019000,3.379000
170,22,1,2.673800,1.420000,4.403000,3.259000,2.738000,1.549000
170,23,1,2.766200,1.228000,3.256000,4.718000,2.076000,2.553000
170,24,1,2.848400,2.510000,4.317000,3.716000,1.883000,1.816000
170,25,1,3.552600,4.091000,2.891000,3.011000,4.572000,3.198000
170,26,1,2.743000,1.420000,2.413000,3.811000,1.898000,4.173000
170,27,1,2.620800,2.170000,2.667000,2.181000,3.060000,3.026000
170,28,1,2.727400,1.221000,3.062000,3.020000,1.817000,4.517000
170,29,1,2.411600,2.008000,3.423000,2.234000,1.584000,2.809000
170,30,1,3.796600,3.301000,3.850000,4.689000,3.544000,3.599000
170,31,1,3.498600,1.242000,3.231000,5.203000,4.515000,3.302000
170,32,1,3.223600,2.974000,3.854000,3.592000,2.039000,3.659000
170,33,1,3.369800,4.688000,2.271000,2.662000,2.877000,4.351000
170,34,1,3.114400,2.507000,2.881000,3.743000,2.337000,4.104000
170,35,1,3.044800,3.048000,5.107000,3.096000,2.209000,1.764000
170,36,1,3.065000,1.531000,3.956000,3.637000,3.740000,2.461000
170,37,1,2.860200,4.373000,2.594000,3.109000,2.169000,2.056000
170,38,1,3.106400,4.194000,3.017000,3.972000,2.466000,1.883000
170,39,1,3.365600,2.481000,2.588000,5.437000,2.295000,4.027000
170,40,2,1.922800,1.600000,1.691000,2.269000,2.025000,2.029000
170,41,2,2.637200,1.578000,2.212000,1.935000,4.349000,3.112000
170,42,2,2.313400,2.559000,1.581000,3.456000,2.046000,1.925000
170,43,2,1.938000,1.275000,1.706000,2.475000,2.511000,1.723000
170,44,2,1.968800,1.991000,2.115000,1.763000,2.279000,1.696000
170,45,2,2.050800,1.646000,2.759000,2.045000,1.725000,2.079000
170,46,2,1.695200,0.995000,1.916000,1.786000,1.901000,1.878000
170,47,2,2.254600,2.260000,1.799000,2.461000,2.884000,1.869000
170,48,2,2.234200,1.457000,2.228000,3.299000,1.537000,2.650000
170,49,2,2.115400,1.484000,1.953000,2.567000,2.049000,2.524000
170,50,2,2.071200,1.501000,2.258000,2.884000,1.890000,1.823000
170,51,2,2.234400,1.420000,2.638000,2.360000,2.287000,2.467000
170,52,2,2.391800,2.219000,2.196000,2.231000,3.227000,2.086000
170,53,2,1.938400,1.879000,1.329000,2.301000,2.056000,2.127000
170,54,2,2.397200,2.174000,2.165000,1.762000,3.556000,2.329000
170,55,2,2.031200,1.456000,1.816000,2.002000,2.642000,2.240000
170,56,2,2.630200,2.095000,2.068000,1.792000,3.006000,4.190000
170,57,2,2.221600,1.282000,1.311000,2.469000,2.214000,3.832000
170,58,2,2.239600,2.881000,2.147000,1.778000,2.415000,1.977000
170,59,2,2.026600,1.877000,1.987000,2.168000,2.388000,1.713000
170,60,3,3.977000,4.171000,4.133000,4.211000,3.625000,3.745000
170,61,3,3.332000,2.854000,4.390000,2.586000,4.559000,2.271000
170,62,3,3.249200,4.946000,1.493000,3.896000,3.958000,1.953000
170,63,3,3.585000,1.443000,4.230000,4.715000,2.924000,4.613000
170,64,3,3.857600,3.914000,2.201000,5.268000,3.761000,4.144000
170,65,3,3.763400,3.744000,2.450000,4.578000,4.318000,3.727000
170,66,3,2.869400,3.091000,2.963000,3.239000,2.387000,2.667000
170,67,3,3.282000,1.789000,3.602000,4.541000,2.271000,4.207000
170,68,3,3.536600,4.916000,3.802000,3.692000,2.360000,2.913000
170,69,3,3.916000,4.569000,2.049000,3.448000,5.363000,4.151000
170,70,3,4.057600,5.293000,3.118000,4.371000,2.876000,4.630000
170,71,3,3.571200,3.939000,2.543000,4.531000,2.149000,4.694000
170,72,3,2.213800,1.095000,1.487000,2.945000,3.518000,2.024000
170,73,3,3.791600,4.462000,3.663000,4.269000,2.304000,4.260000
170,74,3,4.038200,4.453000,2.662000,4.678000,3.881000,4.517000
170,75,3,4.550000,5.064000,5.105000,4.018000,4.771000,3.792000
170,76,3,4.453600,4.757000,3.913000,3.138000,4.964000,5.496000
170,77,3,4.007400,3.185000,4.179000,4.546000,4.047000,4.080000
170,78,3,4.507400,4.782000,3.973000,5.206000,4.565000,4.011000
170,79,3,3.606600,2.609000,2.818000,2.456000,3.826000,6.324000
170,80,4,2.035000,1.810000,2.215000,2.328000,1.490000,2.332000
170,81,4,2.340800,1.786000,3.406000,1.484000,1.922000,3.106000
170,82,4,2.298200,1.546000,2.344000,3.201000,2.669000,1.731000
170,83,4,2.209400,1.378000,2.413000,2.111000,3.183000,1.962000
170,84,4,2.775400,1.770000,3.166000,2.799000,2.363000,3.779000
170,85,4,2.723800,1.855000,3.271000,3.840000,3.157000,1.496000
170,86,4,2.100800,2.647000,2.453000,1.890000,1.808000,1.706000
170,87,4,2.551000,2.808000,2.508000,2.928000,2.333000,2.178000
170,88,4,2.698000,1.340000,3.145000,2.830000,3.382000,2.793000
170,89,4,2.332400,1.790000,2.040000,3.042000,1.794000,2.996000
170,90,4,2.737400,1.188000,3.583000,2.441000,2.046000,4.429000
170,91,4,2.131000,1.656000,1.730000,2.575000,1.685000,3.009000
170,92,4,2.249400,2.034000,2.840000,2.062000,2.333000,1.978000
170,93,4,1.993800,1.370000,1.869000,3.100000,2.223000,1.407000
170,94,4,2.682000,4.210000,2.530000,1.955000,2.124000,2.591000
170,95,4,2.436600,0.869000,3.706000,2.307000,1.802000,3.499000
170,96,4,1.736000,1.287000,1.530000,2.182000,1.606000,2.075000
170,97,4,2.608800,1.772000,2.724000,3.390000,1.951000,3.207000
170,98,4,2.982800,1.565000,2.445000,4.608000,2.810000,3.486000
170,99,4,2.537200,1.343000,3.818000,3.743000,1.508000,2.274000
171,0,3,3.326000,4.379000,2.873000,3.764000,2.151000,3.463000
171,1,3,3.571200,5.120000,2.659000,3.703000,3.330000,3.044000
171,2,3,3.802400,4.886000,4.192000,4.355000,2.089000,3.490000
171,3,3,3.783400,4.702000,3.834000,3.696000,3.543000,3.142000
171,4,3,3.021600,3.031000,2.784000,3.165000,1.955000,4.173000
171,5,3,3.829800,5.049000,4.622000,3.037000,1.927000,4.514000
171,6,3,3.496200,5.013000,2.123000,2.856000,2.824000,4.665000
171,7,3,3.835000,5.607000,2.591000,4.527000,2.508000,3.942000
171,8,3,3.716200,3.244000,4.003000,2.818000,4.662000,3.854000
171,9,3,3.958000,4.610000,3.497000,3.242000,3.719000,4.722000
171,10,3,3.716200,3.152000,4.508000,3.714000,2.685000,4.522000
171,11,3,3.497800,4.714000,3.239000,3.464000,1.656000,4.416000
171,12,3,4.689800,4.919000,3.895000,5.507000,5.200000,3.928000
171,13,3,4.065000,4.091000,3.716000,4.013000,4.584000,3.921000
171,14,3,2.605200,4.212000,2.864000,1.676000,2.252000,2.022000
171,15,3,3.644200,4.433000,3.738000,2.159000,3.446000,4.445000
171,16,3,3.471400,3.796000,4.004000,3.390000,2.695000,3.472000
171,17,3,3.344800,4.970000,1.714000,4.178000,1.656000,4.206000
171,18,3,2.826600,1.964000,4.334000,3.918000,1.758000,2.159000
171,19,3,3.791400,4.369000,3.754000,4.205000,1.961000,4.668000
172,0,3,4.486600,4.456000,4.250000,4.474000,5.446000,3.807000
172,1,3,4.605600,4.467000,4.623000,5.287000,4.032000,4.619000
172,2,3,4.057600,3.050000,4.518000,5.017000,5.452000,2.251000
172,3,3,3.441600,2.587000,3.500000,3.550000,4.740000,2.831000
172,4,3,4.171600,3.028000,3.487000,5.420000,5.422000,3.501000
172,5,3,3.737200,4.025000,4.607000,4.003000,3.890000,2.161000
172,6,3,3.545600,2.767000,3.044000,4.524000,2.841000,4.552000
172,7,3,3.957000,2.378000,4.797000,1.976000,4.820000,5.814000
172,8,3,3.859000,3.274000,5.087000,2.019000,4.857000,4.058000
172,9,3,3.743200,3.693000,3.872000,3.188000,4.799000,3.164000
172,10,3,2.740600,2.652000,3.248000,1.492000,4.251000,2.060000
172,11,3,3.343800,3.691000,4.284000,1.901000,5.204000,1.639000
172,12,3,3.941400,1.437000,4.532000,5.103000,4.960000,3.675000
172,13,3,3.455600,3.020000,4.934000,3.770000,2.539000,3.015000
172,14,3,3.622200,3.032000,4.399000,2.078000,5.268000,3.334000
172,15,3,3.394200,1.339000,4.854000,2.774000,3.226000,4.778000
172,16,3,3.720400,2.939000,3.161000,4.489000,5.045000,2.968000
172,17,3,3.240800,1.751000,2.843000,3.035000,5.345000,3.230000
172,18,3,4.068200,3.787000,4.235000,4.080000,4.797000,3.442000
172,19,3,3.559400,3.214000,2.878000,1.999000,5.186000,4.520000
173,0,3,4.857800,4.839000,4.786000,5.343000,4.867000,4.454000
173,1,3,4.771600,4.987000,4.899000,5.634000,4.087000,4.251000
173,2,3,4.349400,4.638000,3.861000,5.808000,4.695000,2.745000
173,3,3,4.398000,4.463000,4.927000,4.635000,3.781000,4.184000
173,4,3,3.205600,2.834000,4.115000,2.558000,2.883000,3.638000
173,5,3,4.085400,3.250000,4.459000,4.677000,4.485000,3.556000
173,6,3,3.531600,4.851000,1.738000,5.366000,3.420000,2.283000
173,7,3,4.120400,2.379000,4.551000,6.168000,4.878000,2.626000
173,8,3,3.367400,3.283000,1.734000,3.252000,5.303000,3.265000
173,9,3,3.334800,4.715000,1.531000,2.406000,3.551000,4.471000
173,10,3,4.995600,4.552000,5.209000,5.491000,4.644000,5.082000
173,11,3,4.329400,5.555000,4.107000,5.053000,3.797000,3.135000
173,12,3,4.543400,5.349000,2.961000,5.817000,4.748000,3.842000
173,13,3,3.854000,4.234000,4.930000,3.120000,4.735000,2.251000
173,14,3,4.831400,4.746000,5.467000,4.954000,5.160000,3.830000
173,15,3,2.865600,3.967000,1.454000,3.798000,2.962000,2.147000
173,16,3,3.845800,4.192000,1.722000,4.293000,4.572000,4.450000
173,17,3,3.592800,2.480000,4.235000,3.171000,4.656000,3.422000
173,18,3,4.467000,3.046000,5.180000,4.169000,5.145000,4.795000
173,19,3,3.440400,4.557000,1.718000,4.187000,3.510000,3.230000
174,0,3,4.447200,5.064000,3.805000,5.471000,3.219000,4.677000
174,1,3,3.912200,4.696000,2.611000,4.676000,3.751000,3.827000
174,2,3,3.354600,3.269000,3.709000,1.833000,3.189000,4.773000
174,3,3,2.986800,4.702000,1.668000,4.161000,2.517000,1.886000
174,4,3,3.998400,4.972000,4.048000,4.555000,2.260000,4.157000
174,5,3,4.290000,4.136000,3.684000,4.097000,4.634000,4.899000
174,6,3,4.608000,6.107000,3.135000,4.577000,3.399000,5.822000
174,7,3,3.514400,3.628000,2.182000,5.106000,2.017000,4.639000
174,8,3,3.352400,3.462000,3.263000,3.858000,1.790000,4.389000
174,9,3,3.462800,3.009000,1.795000,5.571000,2.188000,4.751000
174,10,3,3.717800,4.145000,4.713000,3.823000,1.460000,4.448000
174,11,3,3.158800,5.689000,2.982000,1.452000,1.949000,3.722000
174,12,3,4.074200,3.473000,3.963000,4.977000,5.026000,2.932000
174,13,3,3.534400,5.147000,2.720000,3.607000,1.939000,4.259000
174,14,3,3.691400,4.686000,1.285000,4.425000,5.104000,2.957000
174,15,3,4.466800,4.421000,2.844000,5.383000,4.013000,5.673000
174,16,3,3.175200,2.514000,3.795000,2.722000,3.293000,3.552000
174,17,3,3.816000,2.928000,4.162000,4.891000,3.117000,3.982000
174,18,3,4.257200,3.767000,3.564000,4.050000,4.840000,5.065000
174,19,3,3.691400,4.597000,2.041000,4.104000,2.460000,5.255000
175,0,3,3.457000,1.833000,4.384000,4.406000,1.668000,4.994000
175,1,3,3.088800,1.934000,3.357000,2.590000,3.559000,4.004000
175,2,3,3.250200,3.377000,4.076000,1.641000,2.814000,4.343000
175,3,3,3.396400,2.063000,2.144000,4.776000,3.183000,4.816000
175,4,3,2.874800,2.950000,2.765000,1.801000,1.561000,5.297000
175,5,3,3.252800,2.544000,2.682000,2.948000,3.372000,4.718000
175,6,3,3.427800,1.820000,4.204000,3.043000,2.895000,5.177000
175,7,3,3.999000,3.891000,3.903000,4.407000,2.402000,5.392000
175,8,3,2.993000,1.279000,3.655000,3.117000,3.102000,3.812000
175,9,3,2.369600,3.200000,2.295000,1.886000,1.796000,2.671000
175,10,3,3.115000,3.262000,3.774000,4.157000,1.699000,2.683000
175,11,3,3.492200,1.539000,3.780000,4.869000,2.382000,4.891000
175,12,3,3.029200,1.389000,4.172000,4.704000,2.291000,2.590000
175,13,3,3.414200,1.330000,4.238000,4.374000,4.475000,2.654000
175,14,3,4.447800,4.161000,3.797000,4.664000,5.391000,4.226000
175,15,3,3.431600,1.739000,4.297000,4.397000,2.211000,4.514000
175,16,3,3.647400,5.103000,2.673000,2.839000,3.002000,4.620000
175,17,3,4.198800,3.797000,5.624000,2.911000,4.157000,4.505000
175,18,3,2.652200,1.708000,2.839000,2.612000,4.235000,1.867000
175,19,3,3.760000,1.259000,4.995000,3.669000,3.921000,4.956000
176,0,1,2.699400,1.950000,2.928000,4.671000,1.845000,2.103000
176,1,3,2.614800,2.384000,3.023000,1.573000,4.338000,1.756000
176,2,3,3.116800,3.581000,2.044000,2.500000,2.275000,5.184000
176,3,3,3.714200,2.606000,3.519000,4.762000,3.365000,4.319000
176,4,3,3.838400,3.807000,3.596000,3.815000,3.367000,4.607000
176,5,1,4.099600,4.697000,3.929000,5.269000,3.439000,3.164000
176,6,1,3.340000,2.889000,2.316000,2.962000,2.751000,5.782000
176,7,1,3.079800,2.340000,3.489000,1.821000,5.590000,2.159000
176,8,3,3.732600,2.457000,4.429000,5.025000,3.959000,2.793000
176,9,1,3.044000,2.370000,2.136000,3.526000,1.896000,5.292000
176,10,3,3.598200,2.850000,4.471000,5.075000,2.324000,3.271000
176,11,1,2.547600,2.070000,2.062000,3.375000,3.866000,1.365000
176,12,3,4.402600,3.600000,3.067000,5.611000,4.988000,4.747000
176,13,3,3.846800,1.514000,4.928000,4.111000,3.077000,5.604000
176,14,3,4.404600,4.678000,2.868000,5.175000,4.838000,4.464000
176,15,1,2.545200,1.626000,2.809000,4.519000,2.064000,1.708000
176,16,3,4.180000,4.422000,3.676000,5.095000,2.541000,5.166000
176,17,1,2.990400,1.838000,4.239000,2.736000,3.642000,2.497000
176,18,1,3.332400,4.503000,2.322000,2.419000,5.692000,1.726000
176,19,3,3.380600,2.597000,4.527000,2.538000,3.494000,3.747000
177,0,3,3.710000,4.626000,4.002000,2.389000,2.249000,5.284000
177,1,3,4.179800,2.893000,5.198000,3.228000,5.940000,3.640000
177,2,3,4.391400,5.099000,6.033000,3.505000,4.426000,2.894000
177,3,3,3.605000,3.639000,5.529000,3.772000,2.562000,2.523000
177,4,3,3.460400,3.355000,5.998000,2.122000,2.890000,2.937000
177,5,3,3.421000,4.385000,4.811000,3.472000,2.553000,1.884000
177,6,3,4.532200,5.555000,5.132000,5.324000,2.579000,4.071000
177,7,3,4.291000,3.330000,5.614000,3.599000,5.891000,3.021000
177,8,3,3.987000,5.564000,5.399000,4.018000,3.062000,1.892000
177,9,3,3.367800,4.736000,4.642000,1.587000,1.569000,4.305000
177,10,3,3.622400,2.648000,5.068000,4.974000,2.419000,3.003000
177,11,3,3.782600,4.105000,4.604000,4.334000,1.452000,4.418000
177,12,3,4.563800,4.947000,4.937000,3.470000,4.012000,5.453000
177,13,3,3.311400,4.421000,4.604000,3.225000,2.129000,2.178000
177,14,3,4.437000,5.305000,5.053000,3.247000,3.602000,4.978000
177,15,3,4.095800,2.211000,5.145000,3.827000,3.667000,5.629000
177,16,3,4.136600,4.035000,5.069000,3.806000,4.991000,2.782000
177,17,3,2.398200,3.110000,2.268000,3.033000,1.637000,1.943000
177,18,3,3.534200,4.679000,3.547000,3.443000,2.868000,3.134000
177,19,3,3.202000,3.354000,5.759000,1.688000,3.022000,2.187000
178,0,3,2.211800,2.116000,2.429000,1.228000,1.954000,3.332000
178,1,3,3.029400,4.621000,4.687000,1.622000,2.042000,2.175000
178,2,3,3.312800,3.688000,4.273000,1.351000,3.276000,3.976000
178,3,3,3.796800,5.410000,4.340000,1.685000,4.252000,3.297000
178,4,3,3.769400,4.667000,3.263000,1.430000,5.084000,4.403000
178,5,3,2.964000,3.473000,3.339000,1.130000,5.165000,1.713000
178,6,3,3.968800,4.926000,4.899000,1.972000,5.230000,2.817000
178,7,3,3.847200,4.316000,5.067000,1.191000,4.317000,4.345000
178,8,3,3.326400,5.854000,3.760000,1.332000,2.729000,2.957000
178,9,3,3.506800,4.851000,4.880000,1.159000,2.484000,4.160000
178,10,3,2.943000,2.509000,4.871000,2.276000,2.423000,2.636000
178,11,3,4.484000,4.104000,6.136000,1.420000,5.288000,5.472000
178,12,3,3.075400,2.970000,3.787000,1.662000,2.832000,4.126000
178,13,3,3.489000,2.440000,5.499000,1.096000,3.801000,4.609000
178,14,3,2.557200,2.708000,3.694000,2.445000,2.500000,1.439000
178,15,3,3.389400,2.828000,3.289000,2.400000,4.090000,4.340000
178,16,3,3.197800,4.398000,4.295000,1.258000,1.660000,4.378000
178,17,3,4.286200,5.803000,3.754000,1.452000,5.432000,4.990000
178,18,3,3.015800,2.238000,3.474000,1.101000,2.804000,5.462000
178,19,3,3.776200,2.184000,5.674000,1.359000,4.467000,5.197000
179,0,3,3.953600,4.632000,3.503000,3.839000,4.339000,3.455000
179,1,3,3.515800,5.219000,4.244000,3.975000,2.868000,1.273000
179,2,3,4.121000,5.084000,4.915000,4.329000,3.784000,2.493000
179,3,3,2.107200,2.763000,1.846000,2.040000,1.407000,2.480000
179,4,3,4.107800,4.327000,3.903000,4.506000,4.165000,3.638000
179,5,3,2.095600,3.180000,2.285000,1.639000,1.620000,1.754000
179,6,3,4.066600,4.670000,4.573000,3.741000,3.857000,3.492000
179,7,3,3.867400,4.758000,3.284000,3.200000,2.731000,5.364000
179,8,3,3.137000,2.727000,4.460000,4.955000,1.636000,1.907000
179,9,3,4.145800,5.064000,4.122000,4.502000,3.767000,3.274000
179,10,3,2.580800,1.745000,4.313000,2.949000,1.236000,2.661000
179,11,3,2.614400,3.348000,1.794000,4.407000,2.217000,1.306000
179,12,3,4.070800,5.143000,3.045000,5.107000,4.119000,2.940000
179,13,3,3.836800,5.186000,4.171000,4.381000,2.249000,3.197000
179,14,3,4.171000,5.089000,4.976000,3.776000,2.668000,4.346000
179,15,3,3.817800,4.442000,3.714000,4.297000,4.391000,2.245000
179,16,0,1.963600,1.464000,2.863000,1.652000,1.395000,2.444000
179,17,3,4.788400,4.375000,4.275000,5.321000,4.436000,5.535000
179,18,3,3.539600,5.370000,2.121000,4.383000,4.048000,1.776000
179,19,3,3.149400,3.988000,3.031000,4.895000,2.655000,1.178000
180,0,0,1.742200,1.762000,2.089000,1.473000,2.253000,1.134000
180,1,0,1.718800,1.405000,1.772000,2.571000,1.443000,1.403000
180,2,0,1.504800,1.313000,1.496000,2.156000,1.443000,1.116000
180,3,0,1.586600,1.450000,1.276000,2.114000,1.455000,1.638000
180,4,0,1.611400,1.411000,1.869000,1.514000,1.453000,1.810000
180,5,0,1.579600,1.571000,1.535000,2.051000,1.410000,1.331000
180,6,0,1.605800,1.772000,2.318000,1.389000,1.563000,0.987000
180,7,0,1.527800,1.543000,1.644000,1.957000,1.340000,1.155000
180,8,0,1.575400,1.513000,2.320000,1.464000,1.249000,1.331000
180,9,0,1.628000,1.390000,1.890000,1.767000,1.463000,1.630000
180,10,0,1.393200,1.322000,1.476000,1.488000,1.546000,1.134000
180,11,0,1.445600,1.695000,1.354000,1.806000,1.309000,1.064000
180,12,0,1.738000,1.916000,2.104000,1.318000,1.394000,1.958000
180,13,0,1.870200,2.089000,1.995000,2.051000,1.366000,1.850000
180,14,0,1.480000,1.479000,1.411000,1.854000,1.379000,1.277000
180,15,0,1.419400,1.235000,2.070000,1.477000,1.181000,1.134000
180,16,0,1.618000,1.339000,1.743000,1.810000,1.445000,1.753000
180,17,0,1.383400,1.124000,1.585000,1.801000,1.479000,0.928000
180,18,0,1.645400,2.297000,1.283000,1.481000,1.242000,1.924000
180,19,0,1.457000,1.038000,1.720000,1.410000,1.508000,1.609000
180,20,1,2.450400,1.371000,2.141000,1.707000,4.902000,2.131000
180,21,1,2.108400,1.674000,3.234000,2.391000,1.339000,1.904000
180,22,1,2.472800,2.324000,2.824000,2.979000,1.777000,2.460000
180,23,1,2.754600,2.111000,4.870000,2.448000,2.892000,1.452000
180,24,1,2.615200,3.191000,2.652000,2.802000,2.528000,1.903000
180,25,1,2.331000,2.462000,2.746000,2.429000,2.692000,1.326000
180,26,1,2.327600,3.145000,3.229000,2.453000,1.167000,1.644000
180,27,1,2.236600,1.916000,3.946000,1.551000,2.338000,1.432000
180,28,1,2.358400,2.114000,2.622000,2.473000,2.975000,1.608000
180,29,1,2.440600,2.871000,2.552000,3.255000,1.724000,1.801000
180,30,1,2.862600,3.277000,2.533000,2.373000,3.877000,2.253000
180,31,1,3.384800,3.743000,3.557000,3.306000,4.916000,1.402000
180,32,1,2.818200,2.736000,3.055000,3.628000,2.917000,1.755000
180,33,1,2.009200,1.754000,2.740000,2.571000,1.112000,1.869000
180,34,1,2.361200,2.262000,3.107000,2.047000,2.458000,1.932000
180,35,1,2.435400,3.835000,1.874000,2.093000,1.832000,2.543000
180,36,1,2.336800,3.532000,1.873000,2.904000,1.676000,1.699000
180,37,1,2.364000,3.110000,1.615000,1.986000,3.662000,1.447000
180,38,1,2.308000,3.730000,2.771000,1.639000,1.431000,1.969000
180,39,1,2.220400,1.769000,2.466000,2.704000,1.932000,2.231000
180,40,2,1.635600,1.498000,1.754000,1.332000,1.921000,1.673000
180,41,2,1.827200,1.392000,2.056000,1.326000,1.758000,2.604000
180,42,2,1.506400,1.356000,1.967000,1.339000,1.343000,1.527000
180,43,2,1.812800,1.672000,1.801000,1.724000,2.276000,1.591000
180,44,2,1.544400,1.874000,1.480000,1.341000,1.617000,1.410000
180,45,2,2.316200,1.565000,2.178000,1.326000,2.956000,3.556000
180,46,2,1.609400,1.438000,1.556000,1.233000,1.784000,2.036000
180,47,2,1.965600,2.255000,1.928000,2.141000,1.445000,2.059000
180,48,2,1.676000,1.372000,1.538000,1.604000,2.210000,1.656000
180,49,2,1.870600,1.839000,2.018000,1.661000,1.602000,2.233000
180,50,2,1.828000,1.562000,2.054000,1.460000,2.653000,1.411000
180,51,2,2.043400,1.583000,2.387000,1.599000,2.939000,1.709000
180,52,2,1.665000,1.438000,2.156000,1.223000,1.697000,1.811000
180,53,2,1.772600,1.643000,1.998000,1.860000,1.202000,2.160000
180,54,2,1.639200,1.427000,2.168000,1.353000,1.565000,1.683000
180,55,2,2.275400,1.468000,2.666000,1.734000,3.504000,2.005000
180,56,2,1.840000,1.228000,1.889000,1.605000,2.621000,1.857000
180,57,2,1.638800,1.644000,1.403000,1.679000,1.690000,1.778000
180,58,2,2.150200,1.961000,1.943000,1.262000,2.183000,3.402000
180,59,2,1.854200,1.536000,1.757000,2.258000,1.860000,1.860000
180,60,3,3.654600,4.046000,2.929000,3.412000,4.000000,3.886000
180,61,3,3.981800,3.652000,4.458000,3.479000,4.542000,3.778000
180,62,3,3.586800,4.597000,4.549000,4.840000,1.742000,2.206000
180,63,3,3.266200,3.446000,2.504000,4.321000,4.245000,1.815000
180,64,3,3.696400,3.384000,4.842000,4.029000,4.499000,1.728000
180,65,3,4.616000,4.802000,3.614000,4.359000,4.675000,5.630000
180,66,3,3.282200,3.069000,3.347000,3.818000,4.071000,2.106000
180,67,3,1.895400,1.517000,1.591000,1.523000,2.407000,2.439000
180,68,3,4.439200,4.397000,4.651000,3.669000,5.113000,4.366000
180,69,3,4.204200,4.645000,5.631000,4.116000,2.363000,4.266000
180,70,3,4.245600,4.434000,4.118000,4.636000,3.706000,4.334000
180,71,3,3.415600,5.088000,3.186000,3.369000,4.258000,1.177000
180,72,3,3.539200,4.276000,3.185000,3.614000,2.667000,3.954000
180,73,3,1.968000,1.482000,1.949000,1.982000,2.259000,2.168000
180,74,3,3.656400,2.825000,4.248000,4.684000,4.370000,2.155000
180,75,3,3.956200,4.314000,3.982000,2.681000,3.636000,5.168000
180,76,3,3.884000,5.056000,3.570000,3.679000,4.164000,2.951000
180,77,3,3.586600,3.956000,2.064000,5.075000,4.450000,2.388000
180,78,3,4.400600,4.578000,4.793000,2.513000,4.979000,5.140000
180,79,3,4.371200,4.905000,4.375000,3.100000,4.345000,5.131000
180,80,4,1.912200,2.029000,2.265000,1.894000,2.091000,1.282000
180,81,4,1.887400,1.298000,2.574000,1.702000,1.390000,2.473000
180,82,4,2.037200,1.711000,2.846000,1.822000,1.539000,2.268000
180,83,4,1.894800,1.587000,1.680000,1.556000,2.213000,2.438000
180,84,4,1.960800,1.191000,2.446000,1.751000,2.979000,1.437000
180,85,4,2.051400,2.193000,1.495000,1.957000,2.145000,2.467000
180,86,4,1.996400,1.824000,2.766000,1.685000,2.431000,1.276000
180,87,4,2.372200,1.667000,2.565000,3.010000,1.798000,2.821000
180,88,4,2.421800,2.535000,3.136000,2.676000,1.341000,2.421000
180,89,4,2.274000,2.985000,2.145000,2.545000,1.956000,1.739000
180,90,4,2.601800,1.976000,3.352000,3.054000,2.264000,2.363000
180,91,4,2.072600,1.280000,1.966000,2.070000,3.494000,1.553000
180,92,4,1.999400,2.172000,2.179000,2.064000,1.438000,2.144000
180,93,4,1.985600,1.256000,2.606000,1.867000,1.843000,2.356000
180,94,4,1.875400,1.964000,2.356000,2.005000,1.751000,1.301000
180,95,4,2.022600,2.360000,2.402000,1.663000,2.002000,1.686000
180,96,4,2.272000,1.906000,2.619000,2.589000,2.848000,1.398000
180,97,4,2.848600,1.721000,2.905000,2.169000,3.881000,3.567000
180,98,4,2.280200,3.550000,1.921000,2.046000,2.215000,1.669000
180,99,4,1.987200,1.721000,2.835000,2.023000,1.118000,2.239000
181,0,3,4.232600,4.800000,5.989000,3.085000,4.977000,2.312000
181,1,3,3.085800,4.396000,2.292000,5.120000,1.390000,2.231000
181,2,3,3.691400,4.904000,3.953000,3.276000,4.364000,1.960000
181,3,3,4.696000,4.691000,3.985000,5.370000,4.056000,5.378000
181,4,3,3.042600,1.717000,1.833000,5.161000,5.359000,1.143000
181,5,3,3.840800,4.198000,5.407000,4.763000,2.580000,2.256000
181,6,3,4.312600,4.694000,2.734000,4.471000,4.335000,5.329000
181,7,3,3.877400,5.215000,3.478000,4.739000,3.764000,2.191000
181,8,3,4.053200,4.882000,2.946000,3.577000,5.311000,3.550000
181,9,3,4.503000,5.157000,5.157000,5.449000,4.080000,2.672000
181,10,3,4.233400,3.200000,5.834000,4.289000,3.309000,4.535000
181,11,3,2.299400,1.757000,2.277000,2.249000,3.745000,1.469000
181,12,3,4.472000,4.109000,4.534000,4.783000,5.051000,3.883000
181,13,3,3.634200,3.379000,4.865000,3.616000,1.895000,4.416000
181,14,3,4.168600,5.675000,2.992000,4.648000,4.004000,3.524000
181,15,3,3.979600,4.782000,4.468000,3.753000,5.435000,1.460000
181,16,3,4.517600,4.045000,4.294000,4.380000,4.558000,5.311000
181,17,3,4.021200,5.389000,3.144000,4.345000,2.563000,4.665000
181,18,3,3.410600,5.183000,3.959000,1.910000,1.594000,4.407000
181,19,3,3.146200,2.061000,4.664000,3.766000,2.144000,3.096000
182,0,3,4.124600,5.718000,4.081000,5.021000,1.902000,3.901000
182,1,3,4.125800,5.605000,2.640000,2.598000,4.775000,5.011000
182,2,3,3.595200,2.618000,5.091000,3.477000,2.103000,4.687000
182,3,3,2.633000,2.642000,1.983000,2.150000,2.471000,3.919000
182,4,3,3.232600,3.699000,4.330000,2.786000,2.939000,2.409000
182,5,3,4.087000,4.599000,5.014000,4.045000,2.067000,4.710000
182,6,3,3.739800,5.221000,1.904000,2.213000,5.004000,4.357000
182,7,3,2.920600,2.494000,4.650000,2.220000,1.926000,3.313000
182,8,3,3.786800,5.001000,4.442000,4.887000,1.891000,2.713000
182,9,3,3.898200,2.344000,4.775000,4.761000,2.623000,4.988000
182,10,3,3.418200,2.998000,4.973000,2.288000,1.467000,5.365000
182,11,3,3.628600,5.942000,2.741000,5.081000,2.075000,2.304000
182,12,3,4.325200,4.566000,5.130000,5.001000,3.196000,3.733000
182,13,3,3.427000,3.494000,3.088000,2.779000,3.087000,4.687000
182,14,3,3.104000,1.963000,5.217000,2.702000,2.092000,3.546000
182,15,3,4.066200,2.285000,6.007000,5.536000,4.415000,2.088000
182,16,3,4.308000,4.916000,5.046000,4.779000,3.764000,3.035000
182,17,3,3.790200,4.065000,5.090000,2.237000,2.172000,5.387000
182,18,3,4.368600,3.811000,4.384000,4.125000,5.086000,4.437000
182,19,3,3.652000,5.788000,1.694000,3.832000,2.658000,4.288000
183,0,3,2.219600,1.365000,2.050000,2.331000,2.676000,2.676000
183,1,3,4.067800,4.773000,3.088000,3.908000,3.827000,4.743000
183,2,3,3.623000,4.019000,3.148000,2.393000,3.996000,4.559000
183,3,3,2.930000,1.422000,2.691000,3.221000,4.324000,2.992000
183,4,3,3.792600,2.493000,3.555000,2.863000,5.895000,4.157000
183,5,3,2.613800,3.299000,2.123000,3.527000,2.421000,1.699000
183,6,3,3.134400,2.248000,2.335000,4.079000,3.122000,3.888000
183,7,3,3.916800,1.641000,2.331000,4.820000,5.801000,4.991000
183,8,3,3.092400,3.493000,2.634000,2.895000,4.013000,2.427000
183,9,3,4.355000,4.357000,3.574000,4.635000,5.294000,3.915000
183,10,3,3.106400,3.480000,3.318000,2.717000,4.697000,1.320000
183,11,3,2.767400,2.223000,1.698000,3.814000,4.337000,1.765000
183,12,3,3.101600,2.939000,2.213000,2.899000,2.242000,5.215000
183,13,3,3.264400,5.541000,1.747000,1.449000,4.045000,3.540000
183,14,3,3.439000,3.127000,1.927000,2.445000,4.282000,5.414000
183,15,3,4.449400,4.548000,2.852000,4.038000,5.013000,5.796000
183,16,3,3.304000,1.481000,2.129000,3.389000,5.650000,3.871000
183,17,3,3.406600,1.990000,3.004000,4.930000,2.303000,4.806000
183,18,3,3.697600,3.364000,4.384000,1.967000,4.383000,4.390000
183,19,3,3.494000,2.942000,2.464000,3.275000,5.574000,3.215000
184,0,3,4.099000,4.137000,2.607000,4.845000,5.209000,3.697000
184,1,3,4.477200,3.761000,3.623000,5.636000,4.279000,5.087000
184,2,3,4.431000,4.583000,2.292000,5.120000,4.866000,5.294000
184,3,3,3.599200,3.239000,5.123000,4.699000,2.233000,2.702000
184,4,3,3.413600,3.979000,3.449000,2.801000,4.178000,2.661000
184,5,3,4.143200,3.611000,3.896000,4.807000,4.688000,3.714000
184,6,3,3.874800,3.292000,3.742000,5.357000,4.787000,2.196000
184,7,3,3.089800,2.640000,3.683000,4.513000,2.436000,2.177000
184,8,3,3.557400,1.667000,1.839000,5.194000,5.756000,3.331000
184,9,3,4.433200,4.893000,2.757000,5.162000,5.136000,4.218000
184,10,3,4.258000,4.111000,3.607000,4.416000,5.512000,3.644000
184,11,3,4.333400,5.630000,3.227000,4.245000,4.377000,4.188000
184,12,3,3.925200,3.228000,5.110000,3.994000,3.887000,3.407000
184,13,3,4.246000,4.868000,4.382000,5.289000,4.716000,1.975000
184,14,3,4.246200,4.785000,3.147000,5.343000,4.736000,3.220000
184,15,3,2.977800,1.647000,1.998000,2.849000,5.212000,3.183000
184,16,3,3.890000,2.298000,2.940000,4.693000,4.861000,4.658000
184,17,3,3.611600,4.993000,3.088000,2.770000,3.782000,3.425000
184,18,3,3.907000,1.446000,3.767000,4.317000,5.606000,4.399000
184,19,3,3.731200,2.659000,2.620000,5.061000,5.012000,3.304000
185,0,3,3.128000,2.738000,3.756000,1.351000,3.692000,4.103000
185,1,3,4.614800,4.001000,4.569000,4.543000,4.875000,5.086000
185,2,3,4.339600,4.825000,2.927000,4.412000,4.823000,4.711000
185,3,3,2.255800,1.619000,2.230000,1.470000,1.233000,4.727000
185,4,3,2.508400,2.340000,1.868000,1.354000,2.462000,4.518000
185,5,3,3.679400,3.122000,3.126000,2.040000,4.757000,5.352000
185,6,3,4.405600,3.222000,4.587000,4.060000,5.330000,4.829000
185,7,3,2.659800,2.891000,1.952000,1.627000,2.484000,4.345000
185,8,3,2.430800,2.525000,2.579000,2.642000,2.961000,1.447000
185,9,3,2.922000,1.498000,1.797000,2.445000,3.686000,5.184000
185,10,3,3.875600,4.004000,5.264000,1.555000,3.460000,5.095000
185,11,3,3.109800,3.101000,2.800000,3.935000,1.672000,4.041000
185,12,3,2.734600,2.723000,3.215000,1.376000,3.736000,2.623000
185,13,3,3.712200,2.970000,3.428000,3.807000,5.570000,2.786000
185,14,3,3.337000,3.525000,5.223000,1.284000,1.884000,4.769000
185,15,3,2.990000,2.505000,5.205000,1.218000,1.790000,4.232000
185,16,3,2.890400,3.669000,2.734000,1.347000,1.637000,5.065000
185,17,3,3.599800,4.657000,3.549000,3.981000,4.423000,1.389000
185,18,3,3.816600,1.715000,4.964000,4.837000,2.680000,4.887000
185,19,3,3.882600,2.199000,5.257000,1.183000,5.723000,5.051000
186,0,3,3.946800,2.852000,3.924000,3.087000,5.574000,4.297000
186,1,3,3.555800,3.521000,3.192000,3.819000,2.859000,4.388000
186,2,3,3.167200,1.606000,4.041000,4.073000,4.091000,2.025000
186,3,3,4.151000,2.936000,3.406000,4.521000,4.975000,4.917000
186,4,3,2.503600,1.962000,2.491000,2.071000,1.507000,4.487000
186,5,3,4.185200,3.851000,5.684000,4.431000,2.960000,4.000000
186,6,3,3.271800,3.152000,3.062000,4.190000,1.702000,4.253000
186,7,3,3.349400,4.739000,2.856000,3.354000,1.528000,4.270000
186,8,3,3.700800,2.310000,5.023000,3.930000,2.288000,4.953000
186,9,3,3.380600,2.264000,2.961000,3.892000,5.023000,2.763000
186,10,3,3.916400,4.912000,3.237000,4.064000,4.957000,2.412000
186,11,3,3.875400,3.275000,5.362000,2.948000,3.857000,3.935000
186,12,3,3.251200,4.819000,1.749000,4.065000,1.394000,4.229000
186,13,3,2.860200,4.794000,2.526000,1.113000,3.022000,2.846000
186,14,3,3.712600,3.020000,1.756000,4.290000,4.463000,5.034000
186,15,3,3.693200,2.792000,3.932000,4.746000,1.816000,5.180000
186,16,3,3.626600,3.487000,2.660000,4.669000,2.881000,4.436000
186,17,3,3.467800,1.462000,5.363000,4.369000,1.283000,4.862000
186,18,3,3.680600,4.120000,3.555000,1.950000,3.634000,5.144000
186,19,3,3.282600,2.727000,2.979000,3.684000,2.214000,4.809000
187,0,3,4.939400,5.483000,5.147000,3.807000,4.496000,5.764000
187,1,3,3.681600,3.636000,2.695000,5.299000,4.607000,2.171000
187,2,3,4.001000,5.922000,3.650000,3.925000,4.630000,1.878000
187,3,3,4.252000,4.664000,3.064000,4.302000,4.626000,4.604000
187,4,3,4.108200,5.150000,4.182000,3.743000,4.814000,2.652000
187,5,3,3.649600,3.860000,3.231000,4.983000,4.069000,2.105000
187,6,3,4.255000,4.210000,4.041000,4.567000,5.288000,3.169000
187,7,3,4.107000,4.902000,4.283000,4.203000,4.929000,2.218000
187,8,3,4.645400,5.448000,3.854000,4.251000,5.004000,4.670000
187,9,3,3.877000,3.377000,3.346000,4.888000,5.274000,2.500000
187,10,3,3.167800,4.281000,3.026000,1.750000,2.777000,4.005000
187,11,3,3.935800,4.685000,2.360000,4.642000,4.517000,3.475000
187,12,3,4.437800,5.532000,4.580000,3.796000,5.317000,2.964000
187,13,3,2.772800,2.933000,2.957000,4.169000,1.846000,1.959000
187,14,3,4.163200,4.594000,5.158000,3.987000,4.806000,2.271000
187,15,3,3.746600,2.923000,4.397000,5.203000,3.925000,2.285000
187,16,3,3.651800,3.454000,3.071000,4.198000,4.124000,3.412000
187,17,3,3.668200,2.005000,3.893000,5.259000,4.575000,2.609000
187,18,3,4.019400,4.096000,3.857000,4.558000,4.911000,2.675000
187,19,3,3.161600,3.492000,5.012000,1.740000,2.674000,2.890000
188,0,3,3.783000,5.152000,1.996000,4.317000,3.722000,3.728000
188,1,3,4.244400,5.658000,2.711000,4.665000,5.396000,2.792000
188,2,3,3.805800,5.216000,2.797000,2.100000,2.980000,5.936000
188,3,3,3.319600,4.208000,2.415000,2.518000,3.716000,3.741000
188,4,3,4.124000,5.110000,2.387000,4.107000,5.618000,3.398000
188,5,3,4.288200,4.981000,4.494000,5.065000,3.467000,3.434000
188,6,3,3.897800,4.897000,3.209000,4.159000,4.453000,2.771000
188,7,3,3.606600,3.147000,3.019000,3.273000,4.922000,3.672000
188,8,3,3.432000,5.657000,1.944000,2.719000,4.696000,2.144000
188,9,3,4.106400,2.575000,2.863000,5.380000,5.514000,4.200000
188,10,3,3.983000,5.266000,2.508000,4.710000,3.162000,4.269000
188,11,3,3.416000,5.277000,2.867000,3.812000,3.056000,2.068000
188,12,3,3.749000,5.007000,3.137000,2.809000,5.346000,2.446000
188,13,3,4.263800,5.041000,1.755000,4.527000,5.184000,4.812000
188,14,3,3.076000,5.426000,2.984000,1.690000,3.397000,1.883000
188,15,3,3.955400,2.356000,3.077000,4.092000,5.547000,4.705000
188,16,3,3.689800,5.225000,2.607000,3.222000,5.047000,2.348000
188,17,3,3.920800,4.694000,3.455000,3.893000,5.062000,2.500000
188,18,3,2.747800,4.230000,3.125000,1.600000,3.020000,1.764000
188,19,3,3.091400,1.613000,1.710000,3.734000,2.980000,5.420000
189,0,3,2.699400,4.799000,2.929000,2.670000,1.677000,1.422000
189,1,3,3.835800,4.247000,4.767000,5.043000,2.566000,2.556000
189,2,3,3.883400,4.207000,2.104000,4.040000,3.260000,5.806000
189,3,3,3.332400,2.878000,4.099000,4.858000,3.161000,1.666000
189,4,3,4.348600,4.109000,4.563000,3.866000,3.983000,5.222000
189,5,3,4.433000,4.745000,4.305000,5.116000,4.867000,3.132000
189,6,3,2.754800,2.523000,1.764000,4.186000,3.368000,1.933000
189,7,3,4.170200,3.881000,5.050000,2.352000,4.080000,5.488000
189,8,3,3.629200,3.935000,4.956000,3.513000,3.571000,2.171000
189,9,3,4.051600,3.337000,5.294000,4.832000,2.404000,4.391000
189,10,3,4.137000,4.912000,4.068000,2.691000,4.106000,4.908000
189,11,3,3.254800,1.733000,2.177000,4.238000,4.938000,3.188000
189,12,3,3.045800,4.003000,2.250000,4.031000,3.193000,1.752000
189,13,3,3.642800,2.877000,5.749000,4.534000,1.567000,3.487000
189,14,3,3.267800,2.290000,5.234000,3.992000,2.576000,2.247000
189,15,3,3.271200,2.079000,3.662000,4.614000,2.739000,3.262000
189,16,3,3.963800,4.151000,2.785000,4.439000,4.150000,4.294000
189,17,3,2.500200,1.065000,1.696000,3.369000,2.410000,3.961000
189,18,3,3.970400,3.341000,4.692000,2.864000,4.719000,4.236000
189,19,3,4.580800,4.269000,4.520000,5.099000,4.278000,4.738000
190,0,0,2.065600,1.848000,3.796000,1.853000,1.056000,1.775000
190,1,0,1.881200,1.663000,2.419000,1.810000,1.623000,1.891000
190,2,0,2.117400,2.472000,2.370000,1.979000,1.169000,2.597000
190,3,0,1.995800,2.106000,2.041000,1.790000,2.001000,2.041000
190,4,0,2.075400,2.035000,2.309000,1.912000,2.209000,1.912000
190,5,0,2.358000,2.936000,2.327000,2.002000,1.287000,3.238000
190,6,0,2.019600,1.452000,2.436000,1.723000,1.673000,2.814000
190,7,0,1.999400,2.060000,1.796000,2.043000,1.318000,2.780000
190,8,0,1.790000,1.541000,1.863000,0.934000,2.320000,2.292000
190,9,0,2.445600,4.679000,1.927000,1.250000,1.772000,2.600000
190,10,0,1.832400,1.889000,1.823000,1.906000,1.460000,2.084000
190,11,0,1.943000,2.816000,1.682000,1.401000,1.460000,2.356000
190,12,0,2.130800,1.638000,2.639000,1.788000,1.885000,2.704000
190,13,0,2.305400,4.443000,1.989000,1.420000,1.690000,1.985000
190,14,0,1.801400,1.779000,1.605000,2.264000,1.232000,2.127000
190,15,0,1.794000,2.663000,1.943000,1.196000,1.050000,2.118000
190,16,0,2.272400,1.721000,2.864000,2.088000,2.157000,2.532000
190,17,0,2.108200,2.831000,2.001000,1.337000,1.229000,3.143000
190,18,0,1.649400,1.521000,1.896000,1.422000,1.120000,2.288000
190,19,0,1.753000,1.492000,1.906000,2.145000,1.110000,2.112000
190,20,1,2.328600,2.373000,2.933000,1.625000,1.464000,3.248000
190,21,1,2.404400,2.977000,3.784000,1.824000,1.286000,2.151000
190,22,1,2.779400,1.254000,4.199000,1.973000,1.062000,5.409000
190,23,1,2.776200,2.286000,4.875000,2.518000,2.002000,2.200000
190,24,1,2.876600,4.304000,3.124000,2.697000,1.755000,2.503000
190,25,1,2.936400,2.323000,2.740000,3.911000,1.349000,4.359000
190,26,1,3.729200,3.885000,4.940000,3.817000,3.804000,2.200000
190,27,1,2.730800,2.227000,4.171000,3.166000,1.659000,2.431000
190,28,1,2.073000,2.185000,2.744000,1.632000,1.116000,2.688000
190,29,1,3.004400,3.779000,3.005000,3.506000,1.926000,2.806000
190,30,1,2.053800,1.139000,2.667000,1.912000,1.341000,3.210000
190,31,1,2.142200,1.818000,2.816000,1.816000,1.424000,2.837000
190,32,1,2.785000,3.667000,3.260000,1.964000,2.025000,3.009000
190,33,1,2.641600,2.878000,3.173000,3.062000,1.677000,2.418000
190,34,1,2.753800,4.231000,3.730000,1.030000,2.273000,2.505000
190,35,1,3.215600,4.078000,2.921000,2.714000,2.795000,3.570000
190,36,1,1.703600,1.090000,1.812000,1.426000,1.522000,2.668000
190,37,1,2.127000,3.223000,2.261000,1.445000,1.156000,2.550000
190,38,1,2.509400,2.771000,2.584000,2.696000,2.087000,2.409000
190,39,1,2.466600,3.474000,2.788000,1.482000,1.452000,3.137000
190,40,2,2.099200,2.824000,2.470000,1.363000,1.746000,2.093000
190,41,2,2.313600,3.356000,2.296000,2.451000,1.769000,1.696000
190,42,2,2.527200,2.796000,1.945000,2.637000,2.703000,2.555000
190,43,2,2.224800,1.370000,2.471000,1.549000,2.806000,2.928000
190,44,2,1.999000,2.365000,1.895000,1.866000,1.514000,2.355000
190,45,2,2.052200,2.676000,2.320000,1.870000,1.584000,1.811000
190,46,2,2.027600,1.919000,3.013000,1.506000,1.629000,2.071000
190,47,2,1.968800,2.218000,1.611000,1.800000,1.238000,2.977000
190,48,2,2.229800,2.203000,3.148000,2.220000,1.613000,1.965000
190,49,2,2.303400,1.375000,2.582000,2.143000,2.747000,2.670000
190,50,2,2.258800,1.482000,4.248000,1.479000,1.683000,2.402000
190,51,2,2.196600,2.719000,2.517000,1.646000,1.729000,2.372000
190,52,2,2.084200,1.472000,2.674000,2.053000,1.837000,2.385000
190,53,2,1.931800,1.886000,2.741000,1.372000,1.548000,2.112000
190,54,2,2.052400,2.300000,1.707000,2.544000,2.130000,1.581000
190,55,2,2.461000,1.688000,3.696000,1.752000,1.815000,3.354000
190,56,2,2.082800,2.147000,2.019000,2.465000,1.916000,1.867000
190,57,2,2.110000,3.232000,1.598000,2.329000,1.957000,1.434000
190,58,2,2.382600,1.899000,3.456000,0.966000,2.512000,3.080000
190,59,2,2.192200,2.606000,2.155000,1.582000,2.334000,2.284000
190,60,3,3.058400,1.860000,4.452000,2.520000,3.235000,3.225000
190,61,3,3.694200,4.475000,2.037000,4.524000,2.664000,4.771000
190,62,3,3.729000,2.230000,6.157000,4.151000,2.309000,3.798000
190,63,3,3.407400,4.915000,3.224000,3.914000,2.528000,2.456000
190,64,3,3.165000,2.899000,3.612000,2.477000,2.235000,4.602000
190,65,3,4.081200,4.187000,4.606000,4.677000,2.642000,4.294000
190,66,3,4.385000,4.612000,5.882000,4.819000,1.988000,4.624000
190,67,3,3.199400,3.424000,3.935000,2.533000,2.766000,3.339000
190,68,3,4.345800,5.514000,5.252000,4.467000,2.160000,4.336000
190,69,3,4.048400,4.433000,5.638000,3.037000,2.463000,4.671000
190,70,3,2.646200,2.866000,1.555000,2.204000,1.925000,4.681000
190,71,3,2.601800,4.580000,2.840000,1.502000,2.407000,1.680000
190,72,3,3.154000,4.010000,1.706000,4.264000,1.907000,3.883000
190,73,3,2.770400,1.650000,4.069000,2.551000,1.834000,3.748000
190,74,3,3.372000,3.971000,2.744000,3.640000,2.919000,3.586000
190,75,3,3.677200,4.933000,5.037000,2.417000,1.215000,4.784000
190,76,3,3.641400,4.497000,3.089000,4.315000,3.396000,2.910000
190,77,3,3.764200,4.382000,4.648000,2.838000,2.506000,4.447000
190,78,3,3.513600,4.696000,3.334000,4.315000,2.473000,2.750000
190,79,3,2.903600,4.882000,3.726000,1.625000,1.370000,2.915000
190,80,4,2.638800,1.947000,3.663000,1.916000,1.690000,3.978000
190,81,4,2.331000,1.707000,2.863000,1.471000,2.195000,3.419000
190,82,4,2.384600,3.766000,2.521000,1.604000,1.689000,2.343000
190,83,4,2.589400,2.715000,3.172000,2.797000,1.623000,2.640000
190,84,4,1.907800,2.386000,2.141000,1.415000,1.723000,1.874000
190,85,4,2.821400,3.419000,3.049000,2.434000,3.151000,2.054000
190,86,4,2.590000,3.737000,3.035000,1.033000,1.872000,3.273000
190,87,4,2.427800,2.600000,2.770000,2.053000,2.230000,2.486000
190,88,4,1.548800,1.865000,0.925000,1.532000,1.370000,2.052000
190,89,4,2.856000,3.233000,3.342000,3.816000,1.515000,2.374000
190,90,4,1.845400,2.156000,2.021000,1.720000,1.489000,1.841000
190,91,4,2.330600,3.254000,1.097000,2.228000,2.142000,2.932000
190,92,4,2.443600,2.308000,2.580000,2.457000,1.664000,3.209000
190,93,4,2.696600,3.349000,3.319000,1.242000,2.132000,3.441000
190,94,4,2.720600,4.180000,3.348000,2.599000,1.621000,1.855000
190,95,4,2.089600,2.530000,2.097000,1.166000,2.314000,2.341000
190,96,4,2.150200,1.209000,2.621000,2.471000,1.410000,3.040000
190,97,4,2.038800,2.776000,2.227000,1.755000,1.393000,2.043000
190,98,4,2.339400,2.723000,3.058000,1.959000,1.188000,2.769000
190,99,4,2.398000,2.424000,2.050000,2.541000,1.498000,3.477000
191,0,3,4.113400,6.087000,4.210000,2.511000,3.397000,4.362000
191,1,3,3.031400,5.239000,2.077000,3.817000,1.767000,2.257000
191,2,3,2.936200,2.153000,4.582000,3.375000,2.618000,1.953000
191,3,3,4.100200,3.699000,4.377000,3.655000,5.007000,3.763000
191,4,3,4.344600,4.669000,5.043000,3.696000,4.705000,3.610000
191,5,3,4.035000,4.180000,3.536000,4.281000,6.189000,1.989000
191,6,3,4.101600,5.269000,4.894000,3.565000,5.112000,1.668000
191,7,3,3.514000,3.275000,5.109000,4.385000,2.763000,2.038000
191,8,3,4.442000,5.516000,4.539000,5.500000,4.287000,2.368000
191,9,3,3.956600,5.411000,5.096000,4.970000,2.278000,2.028000
191,10,3,3.067800,3.869000,3.663000,2.837000,2.708000,2.262000
191,11,3,3.058400,3.594000,2.329000,4.611000,2.673000,2.085000
191,12,3,4.595000,5.125000,4.601000,3.885000,5.152000,4.212000
191,13,3,3.893000,4.024000,4.826000,4.240000,2.944000,3.431000
191,14,3,3.013000,2.952000,4.249000,3.673000,2.314000,1.877000
191,15,3,4.878200,4.297000,4.856000,3.733000,5.471000,6.034000
191,16,3,3.475400,3.543000,3.338000,4.192000,3.507000,2.797000
191,17,3,3.857600,5.217000,5.293000,2.682000,3.894000,2.202000
191,18,3,4.951200,4.294000,4.537000,5.301000,4.798000,5.826000
191,19,3,4.407000,6.102000,3.995000,4.365000,3.996000,3.577000
192,0,3,3.226400,4.920000,1.664000,2.798000,4.603000,2.147000
192,1,3,3.006600,1.471000,2.384000,4.099000,2.438000,4.641000
192,2,3,3.585800,4.463000,2.864000,3.667000,3.798000,3.137000
192,3,3,4.071200,4.682000,3.492000,3.795000,3.114000,5.273000
192,4,3,2.485000,1.668000,2.735000,2.228000,2.329000,3.465000
192,5,3,4.381400,5.272000,3.659000,5.195000,2.888000,4.893000
192,6,3,3.680400,4.460000,1.493000,3.396000,3.475000,5.578000
192,7,3,4.287200,4.136000,4.459000,5.296000,3.383000,4.162000
192,8,3,4.557600,5.601000,4.743000,4.861000,1.785000,5.798000
192,9,3,3.150800,5.143000,2.078000,2.121000,4.912000,1.500000
192,10,3,3.252600,1.769000,1.554000,5.496000,4.477000,2.967000
192,11,3,4.107400,4.856000,3.328000,5.076000,3.545000,3.732000
192,12,3,4.248800,5.361000,5.693000,4.731000,2.301000,3.158000
192,13,3,3.459600,4.122000,4.153000,2.335000,2.401000,4.287000
192,14,3,4.406400,3.185000,4.964000,4.846000,4.936000,4.101000
192,15,3,4.407600,5.571000,2.756000,4.392000,4.371000,4.948000
192,16,3,4.079800,4.856000,2.170000,3.544000,4.841000,4.988000
192,17,3,3.344000,4.565000,3.427000,2.614000,3.693000,2.421000
192,18,3,4.237000,4.892000,2.516000,4.888000,3.986000,4.903000
192,19,3,4.215800,4.649000,2.946000,5.361000,4.380000,3.743000
193,0,3,4.085600,1.891000,4.119000,4.721000,4.484000,5.213000
193,1,3,3.857800,3.616000,4.639000,2.919000,4.178000,3.937000
193,2,3,3.551200,2.787000,4.322000,2.970000,3.947000,3.730000
193,3,3,3.915800,3.587000,2.456000,4.258000,4.991000,4.287000
193,4,3,3.417400,2.404000,4.465000,2.834000,4.331000,3.053000
193,5,3,3.031200,2.110000,4.552000,2.875000,2.873000,2.746000
193,6,3,3.373600,1.877000,3.545000,3.560000,3.342000,4.544000
193,7,3,2.957400,3.282000,1.978000,2.637000,4.115000,2.775000
193,8,3,3.217800,3.170000,1.591000,2.614000,4.158000,4.556000
193,9,3,3.578200,3.436000,5.361000,2.321000,3.112000,3.661000
193,10,3,3.277200,5.868000,1.661000,3.940000,2.601000,2.316000
193,11,3,3.984600,5.155000,2.720000,4.336000,4.192000,3.520000
193,12,3,3.286200,2.627000,2.904000,2.893000,4.283000,3.724000
193,13,3,3.344800,2.644000,3.435000,2.062000,2.672000,5.911000
193,14,3,4.012200,3.619000,4.477000,2.338000,3.806000,5.821000
193,15,3,3.351200,2.921000,4.064000,2.343000,4.062000,3.366000
193,16,3,3.010600,2.227000,4.087000,1.666000,4.293000,2.780000
193,17,3,2.988000,2.843000,1.415000,4.262000,2.897000,3.523000
193,18,3,3.271200,2.718000,3.387000,2.429000,4.158000,3.664000
193,19,3,2.865200,2.418000,4.210000,1.754000,3.896000,2.048000
194,0,3,4.796400,4.700000,5.281000,4.313000,4.564000,5.124000
194,1,3,2.620200,3.501000,2.816000,1.758000,3.707000,1.319000
194,2,3,3.741000,5.025000,2.842000,4.008000,5.030000,1.800000
194,3,3,3.483600,3.838000,4.473000,4.113000,1.504000,3.490000
194,4,3,3.748000,4.761000,4.832000,4.709000,2.967000,1.471000
194,5,3,3.252200,3.759000,3.062000,2.012000,5.591000,1.837000
194,6,3,3.169800,1.768000,5.085000,2.291000,3.987000,2.718000
194,7,3,3.338800,5.369000,3.864000,4.106000,1.923000,1.432000
194,8,3,3.357800,4.786000,3.018000,2.793000,1.585000,4.607000
194,9,3,3.996800,4.677000,5.106000,3.473000,4.516000,2.212000
194,10,3,2.827000,3.929000,3.409000,2.615000,2.524000,1.658000
194,11,3,3.934000,4.375000,4.271000,3.870000,3.797000,3.357000
194,12,3,3.976200,4.912000,2.740000,2.504000,5.088000,4.637000
194,13,3,3.620400,5.248000,5.644000,2.500000,1.761000,2.949000
194,14,3,3.550200,6.119000,3.385000,3.058000,4.082000,1.107000
194,15,3,4.513200,4.237000,4.967000,3.041000,5.315000,5.006000
194,16,3,4.690000,4.653000,4.619000,4.250000,5.797000,4.131000
194,17,3,3.048400,2.606000,2.228000,3.451000,4.977000,1.980000
194,18,3,4.245600,4.918000,2.883000,2.801000,5.156000,5.470000
194,19,3,2.887800,3.455000,3.865000,2.434000,1.452000,3.233000
195,0,3,4.196200,2.431000,5.207000,4.534000,4.393000,4.416000
195,1,3,4.182800,3.731000,3.688000,5.624000,3.007000,4.864000
195,2,3,4.105200,3.674000,4.087000,3.882000,4.342000,4.541000
195,3,3,3.569000,4.122000,3.164000,5.060000,4.209000,1.290000
195,4,3,3.545000,4.752000,3.079000,3.922000,4.432000,1.540000
195,5,3,2.496400,2.332000,1.789000,2.034000,4.931000,1.396000
195,6,3,3.006000,3.807000,3.286000,3.346000,3.304000,1.287000
195,7,3,3.271000,4.370000,4.148000,4.338000,2.206000,1.293000
195,8,3,4.006000,3.178000,4.506000,4.674000,5.177000,2.495000
195,9,3,3.577600,3.695000,3.226000,3.448000,3.849000,3.670000
195,10,3,2.568000,2.452000,3.150000,3.478000,1.810000,1.950000
195,11,3,3.032000,2.419000,3.920000,2.736000,2.917000,3.168000
195,12,3,4.178400,4.052000,3.661000,3.510000,4.620000,5.049000
195,13,3,3.792400,3.178000,2.658000,5.061000,4.918000,3.147000
195,14,3,3.945800,3.354000,4.281000,4.393000,4.970000,2.731000
195,15,3,3.604400,1.836000,5.340000,3.792000,3.479000,3.575000
195,16,3,3.331800,3.691000,5.136000,2.018000,3.312000,2.502000
195,17,3,2.900400,2.921000,3.094000,2.941000,4.185000,1.361000
195,18,3,3.700800,4.054000,4.288000,3.301000,4.287000,2.574000
195,19,3,2.736200,2.180000,1.958000,2.723000,3.267000,3.553000
196,0,3,4.742800,5.135000,4.520000,4.504000,3.984000,5.571000
196,1,3,4.774000,3.347000,6.373000,3.903000,4.284000,5.963000
196,2,3,4.247200,4.417000,5.637000,2.679000,3.919000,4.584000
196,3,3,4.452400,5.298000,4.465000,4.162000,3.215000,5.122000
196,4,3,3.895200,2.083000,3.561000,4.185000,4.109000,5.538000
196,5,3,2.999600,1.998000,4.924000,2.679000,3.134000,2.263000
196,6,3,3.741200,2.751000,4.293000,3.095000,5.100000,3.467000
196,7,3,4.715600,5.212000,3.543000,4.812000,4.772000,5.239000
196,8,3,4.657800,5.073000,4.864000,4.151000,4.143000,5.058000
196,9,3,4.802800,4.688000,4.690000,4.846000,5.244000,4.546000
196,10,3,3.656800,1.409000,4.579000,1.926000,4.022000,6.348000
196,11,3,4.587000,5.374000,5.809000,3.874000,4.124000,3.754000
196,12,3,4.502000,4.401000,5.065000,3.517000,4.843000,4.684000
196,13,3,3.750600,4.938000,4.839000,1.933000,3.487000,3.556000
196,14,3,3.305400,3.622000,1.500000,3.572000,4.618000,3.215000
196,15,3,3.688600,2.882000,3.065000,3.832000,3.294000,5.370000
196,16,3,4.206800,4.888000,3.364000,4.311000,3.665000,4.806000
196,17,3,3.703800,2.668000,4.996000,2.296000,3.913000,4.646000
196,18,3,4.093400,4.906000,3.825000,4.783000,1.760000,5.193000
196,19,3,3.292000,1.939000,4.001000,2.995000,3.835000,3.690000
197,0,3,4.019200,4.393000,3.120000,4.572000,4.291000,3.720000
197,1,3,3.072600,2.609000,5.343000,1.379000,3.950000,2.082000
197,2,3,2.490600,1.133000,3.162000,1.998000,3.240000,2.920000
197,3,3,3.310000,4.993000,3.950000,3.212000,2.197000,2.198000
197,4,3,3.926200,4.124000,3.994000,1.583000,5.249000,4.681000
197,5,3,3.483600,4.749000,4.681000,2.396000,2.438000,3.154000
197,6,3,4.377000,3.314000,6.502000,4.386000,5.251000,2.432000
197,7,3,3.022400,3.972000,2.672000,4.447000,2.999000,1.022000
197,8,3,3.312000,3.458000,4.274000,3.976000,2.376000,2.476000
197,9,3,4.024200,3.845000,5.246000,1.428000,4.735000,4.867000
197,10,3,4.090000,3.303000,5.307000,3.978000,5.152000,2.710000
197,11,3,4.220600,3.186000,5.232000,5.850000,5.218000,1.617000
197,12,3,4.557000,4.513000,5.175000,4.380000,4.338000,4.379000
197,13,3,2.758200,2.060000,5.188000,1.504000,2.866000,2.173000
197,14,3,3.980200,4.396000,5.818000,4.133000,3.618000,1.936000
197,15,3,3.860200,1.265000,4.718000,4.540000,5.137000,3.641000
197,16,3,2.743600,1.308000,5.426000,1.333000,2.911000,2.740000
197,17,3,3.748400,3.049000,1.974000,3.841000,4.904000,4.974000
197,18,3,3.318400,4.484000,4.296000,1.579000,4.661000,1.572000
197,19,3,3.427000,4.957000,4.668000,2.009000,4.270000,1.231000
198,0,3,3.903400,4.621000,4.096000,3.729000,5.414000,1.657000
198,1,3,4.247600,4.304000,4.912000,3.427000,3.775000,4.820000
198,2,3,3.410400,4.646000,2.198000,2.387000,4.682000,3.139000
198,3,3,2.999800,3.672000,4.735000,2.204000,1.955000,2.433000
198,4,3,4.391400,4.806000,4.208000,2.860000,4.911000,5.172000
198,5,3,4.411400,4.019000,4.284000,4.808000,4.699000,4.247000
198,6,3,3.774800,3.802000,4.838000,4.100000,3.400000,2.734000
198,7,3,3.511200,1.612000,2.952000,3.231000,5.404000,4.357000
198,8,3,3.366200,2.583000,5.223000,2.412000,2.448000,4.165000
198,9,3,4.208800,4.488000,5.442000,2.496000,4.202000,4.416000
198,10,3,4.030800,4.303000,3.593000,4.802000,3.981000,3.475000
198,11,3,3.426400,5.544000,2.280000,3.744000,2.207000,3.357000
198,12,3,3.923000,4.093000,4.415000,5.037000,1.335000,4.735000
198,13,3,3.513600,3.830000,5.305000,3.580000,2.454000,2.399000
198,14,3,3.882800,4.108000,4.954000,4.268000,2.684000,3.400000
198,15,3,3.629600,3.992000,4.882000,3.465000,3.638000,2.171000
198,16,3,4.032800,2.274000,4.308000,4.856000,4.912000,3.814000
198,17,3,3.537600,4.003000,3.603000,3.217000,2.783000,4.082000
198,18,3,4.366000,3.746000,5.650000,3.144000,3.657000,5.633000
198,19,3,4.514600,5.142000,3.608000,3.929000,4.468000,5.426000
199,0,3,3.733600,5.463000,3.667000,3.717000,3.477000,2.344000
199,1,3,3.716400,1.939000,4.075000,4.589000,3.808000,4.171000
199,2,3,4.280200,3.759000,4.266000,4.666000,5.594000,3.116000
199,3,3,4.025800,4.660000,3.671000,2.993000,5.398000,3.407000
199,4,3,3.620800,4.162000,5.062000,2.742000,3.124000,3.014000
199,5,3,3.437400,4.169000,5.048000,3.261000,2.868000,1.841000
199,6,3,3.975400,4.036000,5.139000,4.559000,2.842000,3.301000
199,7,3,3.275600,3.794000,4.685000,3.583000,2.429000,1.887000
199,8,3,4.055800,5.661000,3.669000,1.927000,5.668000,3.354000
199,9,3,4.222000,4.716000,5.125000,3.383000,3.877000,4.009000
199,10,3,3.866000,3.112000,4.366000,2.529000,5.866000,3.457000
199,11,3,3.301400,4.423000,2.259000,2.765000,5.237000,1.823000
199,12,3,3.124000,5.166000,2.867000,2.079000,4.166000,1.342000
199,13,3,4.550000,4.258000,3.376000,5.026000,6.311000,3.779000
199,14,3,4.224200,5.752000,2.962000,3.651000,4.577000,4.179000
199,15,3,3.747400,3.348000,4.415000,3.303000,5.850000,1.821000
199,16,3,4.271000,4.712000,4.214000,4.924000,5.682000,1.823000
199,17,3,4.091400,4.517000,4.755000,4.109000,4.112000,2.964000
199,18,3,3.380200,2.801000,5.279000,4.594000,3.003000,1.224000
199,19,3,2.945800,4.825000,1.735000,4.068000,1.863000,2.238000
200,0,0,2.323800,2.893000,2.389000,2.463000,1.510000,2.364000
200,1,0,1.996400,1.807000,2.232000,2.227000,1.859000,1.857000
200,2,0,2.011600,2.655000,1.475000,2.437000,1.722000,1.769000
200,3,0,2.324000,2.820000,1.833000,3.422000,1.198000,2.347000
200,4,0,2.040600,3.337000,1.164000,1.693000,1.548000,2.461000
200,5,0,2.544600,2.945000,4.154000,1.627000,1.319000,2.678000
200,6,0,2.989600,2.441000,1.928000,3.663000,1.771000,5.145000
200,7,0,1.556400,1.042000,2.368000,1.550000,1.101000,1.721000
200,8,0,2.117000,1.757000,2.267000,2.736000,1.713000,2.112000
200,9,0,2.707200,2.891000,2.771000,3.057000,2.281000,2.536000
200,10,0,2.071600,1.989000,2.706000,2.481000,1.211000,1.971000
200,11,0,2.110000,1.942000,2.832000,2.580000,1.122000,2.074000
200,12,0,2.219200,1.937000,2.818000,1.735000,1.073000,3.533000
200,13,0,1.920800,1.889000,3.034000,1.955000,1.199000,1.527000
200,14,0,1.724600,1.546000,2.129000,2.610000,1.094000,1.244000
200,15,0,1.844000,1.700000,1.427000,2.857000,1.799000,1.437000
200,16,0,2.283000,2.023000,1.514000,4.323000,1.344000,2.211000
200,17,0,2.649400,2.042000,4.633000,3.383000,1.638000,1.551000
200,18,0,2.754200,2.597000,2.422000,4.137000,2.441000,2.174000
200,19,0,1.742600,2.533000,1.292000,1.862000,1.403000,1.623000
200,20,1,2.541400,2.545000,3.482000,2.698000,1.928000,2.054000
200,21,1,3.482400,4.175000,2.014000,4.445000,4.477000,2.301000
200,22,1,2.666600,4.523000,2.787000,2.206000,2.293000,1.524000
200,23,1,1.919600,1.549000,2.984000,2.136000,1.296000,1.633000
200,24,1,2.815000,3.540000,2.934000,3.119000,1.745000,2.737000
200,25,1,3.438200,2.030000,5.125000,5.460000,1.534000,3.042000
200,26,1,3.486600,3.241000,3.089000,4.739000,1.377000,4.987000
200,27,1,2.919600,2.431000,4.578000,3.991000,2.321000,1.277000
200,28,1,2.471000,2.623000,2.246000,2.789000,1.969000,2.728000
200,29,1,2.849600,3.838000,2.336000,2.988000,3.239000,1.847000
200,30,1,2.664600,2.118000,4.387000,2.298000,2.680000,1.840000
200,31,1,2.370800,1.249000,2.141000,5.072000,1.627000,1.765000
200,32,1,1.843400,2.485000,1.593000,1.941000,1.750000,1.448000
200,33,1,2.739000,1.096000,4.885000,2.049000,4.115000,1.550000
200,34,1,2.665800,2.841000,2.766000,3.699000,2.026000,1.997000
200,35,1,2.798600,2.367000,2.319000,4.860000,2.238000,2.209000
200,36,1,2.717000,2.890000,3.852000,2.315000,1.643000,2.885000
200,37,1,3.261200,1.578000,4.318000,3.987000,1.563000,4.860000
200,38,1,3.060800,1.527000,2.906000,3.615000,2.820000,4.436000
200,39,1,2.059800,1.126000,3.388000,2.265000,1.713000,1.807000
200,40,2,2.276600,1.517000,3.321000,2.168000,1.869000,2.508000
200,41,2,1.954000,2.318000,2.277000,1.969000,1.398000,1.808000
200,42,2,2.265800,2.420000,2.818000,2.334000,1.558000,2.199000
200,43,2,2.277200,1.888000,2.378000,1.987000,3.070000,2.063000
200,44,2,2.472000,3.452000,1.838000,3.508000,1.672000,1.890000
200,45,2,2.490400,2.539000,2.619000,1.958000,2.353000,2.983000
200,46,2,2.220800,1.011000,1.785000,3.468000,2.512000,2.328000
200,47,2,2.550800,2.234000,3.067000,2.805000,2.310000,2.338000
200,48,2,2.650800,2.016000,3.633000,1.900000,2.900000,2.805000
200,49,2,2.722800,1.616000,2.816000,3.420000,3.347000,2.415000
200,50,2,2.367600,2.080000,3.511000,1.894000,2.277000,2.076000
200,51,2,2.238800,2.688000,2.281000,2.802000,1.431000,1.992000
200,52,2,1.787200,2.287000,1.729000,1.659000,1.163000,2.098000
200,53,2,2.285000,3.094000,2.231000,2.308000,2.076000,1.716000
200,54,2,1.841200,1.054000,2.728000,1.696000,1.306000,2.422000
200,55,2,2.805000,1.772000,2.906000,3.720000,1.446000,4.181000
200,56,2,1.933000,1.377000,2.599000,2.172000,1.120000,2.397000
200,57,2,2.560800,1.043000,3.121000,3.336000,1.876000,3.428000
200,58,2,2.354600,1.955000,3.122000,2.777000,2.024000,1.895000
200,59,2,1.663000,0.961000,1.481000,2.215000,1.423000,2.235000
200,60,3,4.255400,4.803000,5.061000,2.623000,4.694000,4.096000
200,61,3,2.863400,2.056000,2.619000,4.331000,1.984000,3.327000
200,62,3,4.492400,5.450000,3.531000,5.501000,4.288000,3.692000
200,63,3,3.441000,4.644000,4.928000,2.289000,2.509000,2.835000
200,64,3,3.304600,2.390000,5.086000,3.058000,1.944000,4.045000
200,65,3,3.285800,4.655000,1.935000,3.463000,2.152000,4.224000
200,66,3,2.745800,3.045000,2.763000,3.745000,1.351000,2.825000
200,67,3,3.093600,4.751000,4.411000,3.049000,1.149000,2.108000
200,68,3,4.777400,4.993000,5.243000,4.704000,3.160000,5.787000
200,69,3,3.299400,4.017000,2.895000,3.647000,1.610000,4.328000
200,70,3,3.327800,3.545000,3.385000,4.519000,1.262000,3.928000
200,71,3,3.994800,4.736000,3.040000,3.336000,4.085000,4.777000
200,72,3,3.441000,4.380000,3.573000,3.586000,3.366000,2.300000
200,73,3,4.007000,3.523000,4.485000,4.574000,3.653000,3.800000
200,74,3,4.049400,4.754000,4.924000,2.530000,4.564000,3.475000
200,75,3,4.846400,5.176000,4.895000,3.680000,5.409000,5.072000
200,76,3,3.958800,4.631000,3.856000,4.926000,1.882000,4.499000
200,77,3,3.974800,2.641000,3.972000,4.368000,4.464000,4.429000
200,78,3,5.031200,5.351000,5.273000,4.511000,4.866000,5.155000
200,79,3,4.618600,5.445000,4.903000,5.428000,2.778000,4.539000
200,80,4,2.298600,1.245000,2.388000,3.095000,1.702000,3.063000
200,81,4,1.816800,1.935000,1.458000,1.981000,1.511000,2.199000
200,82,4,2.451200,0.942000,1.571000,3.082000,3.325000,3.336000
200,83,4,2.199600,1.871000,1.827000,1.634000,2.619000,3.047000
200,84,4,2.421400,0.935000,3.149000,2.192000,1.793000,4.038000
200,85,4,2.092000,2.812000,1.818000,1.652000,1.329000,2.849000
200,86,4,1.354400,0.977000,1.276000,1.560000,1.417000,1.542000
200,87,4,2.453000,3.059000,2.186000,2.311000,2.139000,2.570000
200,88,4,2.200000,1.247000,2.962000,1.832000,1.529000,3.430000
200,89,4,1.937200,1.909000,1.492000,1.921000,2.191000,2.173000
200,90,4,2.354200,1.615000,3.636000,1.854000,1.558000,3.108000
200,91,4,3.099800,3.343000,2.165000,2.518000,1.768000,5.705000
200,92,4,1.964400,1.104000,2.543000,1.812000,2.474000,1.889000
200,93,4,2.026400,1.401000,1.707000,2.710000,2.117000,2.197000
200,94,4,2.572800,2.485000,2.946000,2.387000,2.958000,2.088000
200,95,4,2.195400,1.894000,2.704000,2.237000,1.347000,2.795000
200,96,4,1.955600,1.035000,3.088000,2.131000,1.054000,2.470000
200,97,4,2.121000,1.606000,1.540000,1.778000,1.859000,3.822000
200,98,4,2.165800,1.172000,2.144000,2.788000,1.614000,3.111000
200,99,4,2.331000,1.216000,2.384000,2.670000,2.471000,2.914000
201,0,3,3.014800,1.605000,1.610000,2.428000,4.203000,5.228000
201,1,3,3.922000,2.997000,4.448000,2.373000,4.946000,4.846000
201,2,3,3.522200,4.790000,1.788000,2.053000,4.371000,4.609000
201,3,3,3.499800,4.404000,1.388000,1.529000,5.192000,4.986000
201,4,3,3.562200,4.797000,1.605000,1.520000,5.298000,4.591000
201,5,3,3.894200,4.476000,2.845000,2.456000,4.377000,5.317000
201,6,3,3.471600,5.598000,1.754000,2.069000,3.307000,4.630000
201,7,3,3.713600,3.767000,4.728000,1.550000,5.213000,3.310000
201,8,3,3.763200,4.932000,3.329000,2.682000,3.378000,4.495000
201,9,3,3.276600,1.962000,4.510000,1.273000,4.247000,4.391000
201,10,3,3.616200,5.114000,1.852000,2.893000,5.091000,3.131000
201,11,3,3.654000,3.374000,4.121000,1.316000,4.689000,4.770000
201,12,3,4.071200,5.294000,2.858000,1.799000,5.032000,5.373000
201,13,3,3.207800,4.965000,1.407000,1.227000,4.335000,4.105000
201,14,3,3.251600,2.348000,1.860000,2.631000,4.873000,4.546000
201,15,3,3.227800,2.112000,2.050000,3.174000,4.645000,4.158000
201,16,3,3.074000,2.892000,1.980000,1.356000,4.545000,4.597000
201,17,3,2.693400,2.310000,1.725000,1.721000,3.886000,3.825000
201,18,3,4.154800,6.006000,4.208000,1.797000,5.247000,3.516000
201,19,3,3.834400,2.844000,1.785000,5.028000,4.924000,4.591000
202,0,3,3.246400,3.547000,3.415000,3.424000,3.403000,2.443000
202,1,3,2.598400,2.475000,1.990000,2.854000,3.426000,2.247000
202,2,3,2.786400,2.928000,1.707000,3.130000,2.074000,4.093000
202,3,3,2.253000,1.598000,1.701000,2.552000,1.653000,3.761000
202,4,3,3.845600,3.737000,4.849000,2.946000,3.178000,4.518000
202,5,3,3.141000,3.844000,1.576000,1.735000,4.224000,4.326000
202,6,3,3.414200,4.754000,3.045000,2.814000,1.972000,4.486000
202,7,3,3.684000,4.902000,2.315000,2.684000,3.729000,4.790000
202,8,3,3.754000,4.126000,5.416000,2.107000,3.426000,3.695000
202,9,3,3.842400,2.008000,2.885000,5.339000,4.066000,4.914000
202,10,3,3.178000,1.633000,1.591000,4.283000,4.396000,3.987000
202,11,3,3.325000,2.457000,4.180000,3.016000,3.647000,3.325000
202,12,3,2.697000,2.032000,2.448000,1.708000,2.784000,4.513000
202,13,3,3.588600,2.026000,4.193000,2.494000,3.983000,5.247000
202,14,3,3.990400,4.058000,3.771000,5.037000,2.637000,4.449000
202,15,3,3.126400,2.857000,1.779000,2.774000,3.039000,5.183000
202,16,3,4.458000,4.579000,5.245000,2.667000,5.099000,4.700000
202,17,3,3.568800,4.184000,3.855000,2.483000,3.492000,3.830000
202,18,3,2.690800,1.859000,1.636000,3.209000,3.663000,3.087000
202,19,3,3.117600,3.222000,2.594000,2.645000,2.528000,4.599000
203,0,3,4.227400,3.959000,4.883000,4.601000,2.219000,5.475000
203,1,3,3.259200,2.882000,5.761000,2.075000,1.700000,3.878000
203,2,3,4.273600,3.825000,4.969000,4.599000,4.881000,3.094000
203,3,3,3.287600,3.491000,3.278000,3.660000,1.956000,4.053000
203,4,3,3.546200,3.329000,1.741000,4.295000,4.321000,4.045000
203,5,3,3.105800,3.380000,4.424000,3.340000,2.320000,2.065000
203,6,3,3.465200,3.373000,2.694000,3.303000,2.857000,5.099000
203,7,3,3.836400,4.597000,3.496000,4.475000,2.780000,3.834000
203,8,3,4.445000,4.043000,5.191000,4.174000,5.500000,3.317000
203,9,3,3.867600,4.436000,3.714000,4.201000,3.309000,3.678000
203,10,3,3.540400,2.898000,2.277000,4.979000,2.677000,4.871000
203,11,3,3.678000,2.596000,3.413000,2.304000,5.374000,4.703000
203,12,3,3.778200,3.669000,3.628000,3.855000,1.752000,5.987000
203,13,3,3.975200,4.613000,3.854000,4.054000,3.981000,3.374000
203,14,3,3.642200,4.045000,3.220000,5.512000,2.632000,2.802000
203,15,3,3.641000,3.776000,3.981000,1.722000,3.907000,4.819000
203,16,3,3.671600,3.901000,3.357000,4.366000,2.124000,4.610000
203,17,3,3.892200,4.922000,4.730000,2.670000,3.538000,3.601000
203,18,3,3.527200,1.991000,3.817000,4.544000,3.841000,3.443000
203,19,3,3.891200,4.340000,3.075000,3.800000,4.649000,3.592000
204,0,3,3.200400,1.957000,4.564000,1.829000,4.801000,2.851000
204,1,3,2.545400,2.766000,1.805000,1.556000,1.643000,4.957000
204,2,3,2.645200,3.593000,3.185000,1.406000,3.046000,1.996000
204,3,3,2.580600,4.034000,1.283000,2.803000,2.281000,2.502000
204,4,3,3.276400,3.242000,5.323000,1.922000,2.491000,3.404000
204,5,3,2.719600,3.471000,4.084000,1.523000,2.978000,1.542000
204,6,3,3.248400,3.431000,4.459000,1.386000,4.643000,2.323000
204,7,3,2.570000,1.827000,4.006000,1.520000,2.452000,3.045000
204,8,3,3.459200,2.100000,3.347000,1.280000,5.597000,4.972000
204,9,3,3.972600,3.427000,4.637000,4.670000,2.596000,4.533000
204,10,3,3.041800,1.388000,5.028000,1.325000,4.112000,3.356000
204,11,3,2.519400,1.392000,2.913000,1.558000,4.051000,2.683000
204,12,3,2.846600,1.565000,2.191000,1.432000,4.575000,4.470000
204,13,3,3.336600,5.636000,2.533000,3.715000,2.206000,2.593000
204,14,3,3.205600,2.197000,4.571000,3.503000,3.504000,2.253000
204,15,3,3.710000,1.281000,4.301000,3.726000,4.080000,5.162000
204,16,3,3.809400,5.302000,2.430000,2.647000,4.511000,4.157000
204,17,3,3.163800,1.883000,3.999000,2.628000,4.792000,2.517000
204,18,3,4.233200,1.969000,3.776000,5.761000,4.105000,5.555000
204,19,3,3.300200,3.967000,1.662000,1.456000,4.259000,5.157000
205,0,3,2.751000,3.412000,2.448000,1.224000,1.630000,5.041000
205,1,3,3.398000,1.249000,5.131000,4.100000,1.514000,4.996000
205,2,3,3.482800,2.870000,4.972000,3.431000,1.651000,4.490000
205,3,3,3.827400,3.180000,3.343000,3.299000,5.179000,4.136000
205,4,3,3.884800,3.191000,4.658000,4.521000,1.674000,5.380000
205,5,3,3.382800,3.305000,4.898000,3.859000,1.603000,3.249000
205,6,3,4.090000,3.164000,4.925000,5.251000,2.015000,5.095000
205,7,3,3.307200,3.140000,3.614000,2.828000,2.622000,4.332000
205,8,3,3.066000,1.850000,2.176000,5.241000,2.586000,3.477000
205,9,3,3.193600,1.686000,4.019000,3.253000,1.951000,5.059000
205,10,3,3.751400,2.131000,3.746000,4.201000,5.207000,3.472000
205,11,3,3.443000,3.113000,3.729000,3.773000,1.754000,4.846000
205,12,3,4.395200,3.427000,4.465000,2.172000,6.325000,5.587000
205,13,3,3.204400,1.997000,4.238000,4.265000,1.464000,4.058000
205,14,3,4.258600,3.888000,4.346000,3.855000,5.110000,4.094000
205,15,3,3.144600,3.073000,0.990000,5.194000,2.850000,3.616000
205,16,3,3.100800,2.806000,2.475000,4.791000,2.922000,2.510000
205,17,3,4.186600,3.049000,3.254000,4.961000,4.382000,5.287000
205,18,3,4.093000,3.788000,4.336000,5.065000,4.879000,2.397000
205,19,3,4.440600,3.511000,4.496000,3.790000,4.732000,5.674000
206,0,3,3.554400,4.058000,5.437000,2.031000,3.121000,3.125000
206,1,3,4.035400,5.838000,4.678000,1.982000,4.029000,3.650000
206,2,3,2.998800,2.404000,4.547000,2.187000,2.208000,3.648000
206,3,3,4.079800,3.744000,5.733000,2.548000,2.512000,5.862000
206,4,3,3.086000,2.159000,4.440000,1.660000,3.011000,4.160000
206,5,3,2.703600,1.363000,4.732000,1.761000,3.618000,2.044000
206,6,3,3.442400,2.007000,4.366000,2.789000,2.837000,5.213000
206,7,3,3.639800,3.059000,5.238000,1.414000,3.136000,5.352000
206,8,3,2.300000,1.287000,2.416000,1.592000,3.350000,2.855000
206,9,3,3.003800,1.746000,4.367000,2.623000,4.535000,1.748000
206,10,3,2.856600,1.954000,2.906000,4.466000,2.217000,2.740000
206,11,3,2.518000,3.671000,1.237000,1.283000,3.205000,3.194000
206,12,3,3.262400,3.881000,5.313000,2.096000,1.932000,3.090000
206,13,3,2.560800,1.912000,2.479000,2.320000,2.256000,3.837000
206,14,3,2.444200,1.467000,4.760000,2.495000,1.193000,2.306000
206,15,3,4.122800,6.020000,5.516000,2.208000,3.092000,3.778000
206,16,3,2.720600,1.560000,3.620000,3.330000,2.058000,3.035000
206,17,3,2.594000,1.510000,3.370000,2.539000,2.836000,2.715000
206,18,3,3.095200,1.601000,4.461000,2.711000,3.089000,3.614000
206,19,3,3.288600,1.825000,3.081000,2.844000,3.633000,5.060000
207,0,3,2.234800,2.142000,2.355000,1.964000,2.369000,2.344000
207,1,3,2.953600,1.502000,2.158000,4.542000,2.717000,3.849000
207,2,3,3.689600,5.226000,1.458000,3.973000,3.251000,4.540000
207,3,3,3.321200,2.170000,3.330000,3.517000,4.888000,2.701000
207,4,3,3.710200,4.685000,1.327000,3.156000,5.598000,3.785000
207,5,3,3.501400,2.900000,2.728000,3.877000,2.966000,5.036000
207,6,3,2.992800,4.192000,2.601000,3.638000,1.786000,2.747000
207,7,3,3.438200,2.678000,1.323000,4.466000,4.101000,4.623000
207,8,3,3.534200,4.100000,1.928000,2.231000,4.360000,5.052000
207,9,0,1.799800,2.294000,1.128000,1.820000,2.282000,1.475000
207,10,3,3.661200,4.722000,3.765000,4.487000,1.751000,3.581000
207,11,3,2.908400,2.746000,1.164000,4.914000,2.303000,3.415000
207,12,3,3.459000,4.698000,2.161000,4.758000,2.119000,3.559000
207,13,3,3.941400,5.980000,1.235000,4.923000,3.426000,4.143000
207,14,3,2.951000,3.310000,2.798000,2.332000,1.992000,4.323000
207,15,3,3.345600,3.426000,1.886000,3.943000,4.477000,2.996000
207,16,3,3.898000,5.130000,3.277000,5.489000,1.694000,3.900000
207,17,3,4.525000,4.907000,3.103000,4.492000,5.124000,4.999000
207,18,3,3.846400,3.606000,4.120000,4.207000,3.459000,3.840000
207,19,3,3.697400,4.930000,2.387000,3.810000,3.045000,4.315000
208,0,3,4.395600,4.781000,4.712000,4.037000,4.606000,3.842000
208,1,3,3.939600,5.139000,3.239000,2.014000,4.670000,4.636000
208,2,3,4.295400,3.806000,5.147000,3.958000,4.910000,3.656000
208,3,3,4.397400,5.344000,4.238000,4.494000,5.499000,2.412000
208,4,3,3.783400,5.057000,5.418000,2.406000,3.082000,2.954000
208,5,3,4.302400,5.056000,5.631000,1.421000,5.342000,4.062000
208,6,3,4.245600,3.681000,4.834000,2.526000,5.546000,4.641000
208,7,3,3.634000,4.286000,2.527000,4.664000,4.785000,1.908000
208,8,3,4.180600,4.512000,3.611000,3.710000,4.502000,4.568000
208,9,3,4.830200,5.529000,4.642000,4.542000,4.895000,4.543000
208,10,3,4.045800,3.996000,3.173000,5.940000,5.260000,1.860000
208,11,3,4.440200,4.664000,4.345000,4.637000,5.539000,3.016000
208,12,3,4.456400,5.448000,5.688000,1.721000,5.473000,3.952000
208,13,3,3.876200,4.350000,2.685000,3.200000,4.891000,4.255000
208,14,3,4.197600,3.260000,5.557000,1.482000,5.645000,5.044000
208,15,3,4.259000,4.586000,3.673000,4.609000,5.056000,3.371000
208,16,3,3.492400,3.870000,2.872000,1.617000,4.702000,4.401000
208,17,3,3.885800,4.924000,5.418000,3.207000,3.068000,2.812000
208,18,3,4.384800,4.975000,3.166000,4.250000,4.724000,4.809000
208,19,3,4.098400,4.985000,5.456000,1.993000,4.347000,3.711000
209,0,3,3.821600,4.676000,3.135000,5.640000,1.171000,4.486000
209,1,3,3.705800,4.937000,4.288000,3.936000,1.712000,3.656000
209,2,3,3.619200,3.656000,4.099000,3.395000,1.449000,5.497000
209,3,3,3.934200,2.913000,4.428000,4.720000,1.855000,5.755000
209,4,3,3.558800,4.657000,4.552000,2.005000,1.414000,5.166000
209,5,3,3.150800,2.258000,3.219000,4.239000,1.338000,4.700000
209,6,3,3.422400,3.023000,1.849000,4.885000,1.732000,5.623000
209,7,3,3.243200,4.748000,2.107000,3.434000,1.597000,4.330000
209,8,3,2.890400,4.367000,1.517000,2.599000,1.526000,4.443000
209,9,3,3.218400,3.149000,4.519000,2.491000,1.455000,4.478000
209,10,3,3.131400,3.674000,5.289000,3.773000,1.118000,1.803000
209,11,3,2.573000,4.198000,1.528000,3.099000,1.217000,2.823000
209,12,3,3.441200,2.974000,5.352000,2.530000,1.580000,4.770000
209,13,3,2.783400,3.507000,4.165000,2.387000,1.363000,2.495000
209,14,3,3.930800,4.635000,5.495000,2.716000,1.576000,5.232000
209,15,3,3.297000,2.898000,5.101000,2.236000,1.642000,4.608000
209,16,3,3.643400,4.395000,4.221000,2.920000,3.089000,3.592000
209,17,3,3.288600,3.504000,4.205000,3.321000,2.118000,3.295000
209,18,3,3.428800,4.778000,3.174000,2.612000,1.950000,4.630000
209,19,3,3.468600,4.017000,3.375000,3.098000,1.422000,5.431000
210,0,0,2.344800,1.723000,3.436000,2.581000,2.340000,1.644000
210,1,0,3.269000,1.936000,4.155000,2.630000,3.964000,3.660000
210,2,0,1.848000,1.495000,2.188000,2.521000,1.287000,1.749000
210,3,0,2.646600,2.280000,3.526000,2.386000,3.363000,1.678000
210,4,0,2.343600,2.022000,2.999000,3.213000,1.670000,1.814000
210,5,0,1.890400,1.973000,2.191000,1.816000,1.788000,1.684000
210,6,0,2.291000,1.935000,2.208000,2.061000,1.511000,3.740000
210,7,0,2.582800,2.958000,3.888000,3.218000,1.135000,1.715000
210,8,0,2.848400,2.034000,2.179000,3.563000,3.696000,2.770000
210,9,0,2.423000,2.075000,3.491000,2.771000,1.745000,2.033000
210,10,0,1.734800,1.751000,2.545000,1.960000,1.345000,1.073000
210,11,0,2.041600,1.434000,2.169000,2.897000,2.422000,1.286000
210,12,0,2.443400,1.918000,2.914000,1.817000,2.694000,2.874000
210,13,0,2.279800,1.900000,2.519000,3.281000,1.844000,1.855000
210,14,0,2.092200,1.390000,2.549000,2.814000,2.405000,1.303000
210,15,0,2.450400,2.174000,2.372000,2.229000,3.822000,1.655000
210,16,0,2.125600,2.183000,2.089000,3.159000,1.601000,1.596000
210,17,0,1.715800,2.013000,1.718000,1.910000,1.769000,1.169000
210,18,0,1.725400,2.361000,1.579000,1.970000,1.166000,1.551000
210,19,0,2.335000,1.401000,1.906000,3.625000,2.904000,1.839000
210,20,1,2.539800,2.741000,2.829000,1.803000,2.112000,3.214000
210,21,1,2.707200,2.897000,2.472000,2.987000,2.068000,3.112000
210,22,1,2.768800,2.725000,1.669000,2.416000,2.137000,4.897000
210,23,1,3.112200,2.776000,5.911000,2.499000,2.434000,1.941000
210,24,1,1.987400,2.897000,2.299000,1.798000,1.971000,0.972000
210,25,1,2.599000,2.542000,2.620000,1.260000,3.381000,3.192000
210,26,1,2.315200,1.992000,2.983000,1.478000,1.890000,3.233000
210,27,1,2.495400,1.883000,4.137000,2.588000,1.297000,2.572000
210,28,1,2.075600,1.710000,1.574000,1.545000,3.723000,1.826000
210,29,1,2.600400,3.277000,2.511000,2.988000,1.356000,2.870000
210,30,1,2.342200,3.719000,2.559000,1.521000,1.931000,1.981000
210,31,1,2.680400,2.981000,2.536000,2.105000,1.575000,4.205000
210,32,1,2.663800,2.728000,2.698000,3.508000,1.997000,2.388000
210,33,1,2.837200,2.361000,2.799000,2.147000,3.529000,3.350000
210,34,1,2.379000,2.352000,2.414000,4.318000,1.358000,1.453000
210,35,1,2.148600,2.735000,2.119000,1.894000,1.831000,2.164000
210,36,1,3.196200,4.718000,2.773000,1.923000,2.085000,4.482000
210,37,1,2.343600,1.623000,3.074000,1.593000,1.685000,3.743000
210,38,1,2.767800,3.239000,3.198000,1.465000,1.947000,3.990000
210,39,1,3.194600,2.590000,3.170000,2.263000,3.845000,4.105000
210,40,2,1.680000,2.190000,1.630000,2.201000,1.276000,1.103000
210,41,2,2.047800,1.731000,2.122000,2.640000,2.211000,1.535000
210,42,2,2.842000,4.428000,2.644000,2.730000,2.633000,1.775000
210,43,2,1.942800,2.498000,1.761000,2.654000,1.548000,1.253000
210,44,2,2.012000,1.844000,1.853000,2.474000,2.223000,1.666000
210,45,2,1.972000,2.112000,2.955000,1.714000,1.620000,1.459000
210,46,2,2.506400,2.022000,2.106000,3.629000,2.467000,2.308000
210,47,2,2.408800,3.016000,2.059000,2.862000,2.543000,1.564000
210,48,2,2.334800,2.104000,2.417000,2.790000,2.037000,2.326000
210,49,2,1.975600,2.001000,1.967000,2.420000,1.720000,1.770000
210,50,2,2.030200,2.209000,2.010000,1.821000,1.672000,2.439000
210,51,2,2.184200,2.389000,2.638000,1.762000,1.660000,2.472000
210,52,2,2.328400,2.144000,2.678000,3.354000,2.097000,1.369000
210,53,2,2.369600,2.562000,1.639000,2.626000,2.244000,2.777000
210,54,2,2.382000,2.761000,2.399000,2.672000,2.151000,1.927000
210,55,2,2.190000,2.663000,2.012000,1.578000,1.782000,2.915000
210,56,2,2.095800,3.478000,2.302000,1.876000,1.296000,1.527000
210,57,2,2.109600,2.135000,2.246000,2.391000,1.619000,2.157000
210,58,2,2.359000,1.689000,2.641000,3.014000,2.843000,1.608000
210,59,2,2.380400,3.716000,1.930000,2.618000,2.070000,1.568000
210,60,3,2.793400,4.552000,2.080000,4.051000,1.661000,1.623000
210,61,3,3.103000,4.275000,3.682000,4.027000,1.735000,1.796000
210,62,3,2.752400,3.862000,1.815000,3.287000,1.222000,3.576000
210,63,3,2.755200,3.826000,2.867000,2.480000,1.563000,3.040000
210,64,3,3.401600,4.638000,2.098000,2.571000,1.827000,5.874000
210,65,3,3.722800,4.895000,3.841000,3.825000,2.331000,3.722000
210,66,3,3.184200,5.293000,3.912000,2.526000,2.018000,2.172000
210,67,3,2.623800,3.194000,1.883000,2.384000,2.891000,2.767000
210,68,3,2.767000,2.723000,1.484000,3.519000,1.767000,4.342000
210,69,3,2.496000,3.312000,3.421000,2.469000,1.708000,1.570000
210,70,3,3.380600,2.554000,5.687000,3.464000,3.465000,1.733000
210,71,3,2.722000,3.667000,2.529000,3.587000,2.279000,1.548000
210,72,3,3.875600,4.225000,4.641000,2.839000,1.800000,5.873000
210,73,3,2.243400,3.828000,2.130000,2.073000,1.940000,1.246000
210,74,3,2.583800,3.615000,2.063000,2.135000,2.592000,2.514000
210,75,3,3.163000,4.464000,3.376000,3.024000,1.537000,3.414000
210,76,3,2.693600,2.853000,3.141000,2.071000,3.047000,2.356000
210,77,3,3.435400,3.919000,3.218000,2.599000,2.243000,5.198000
210,78,3,3.434200,2.976000,4.268000,2.583000,2.770000,4.574000
210,79,3,3.529600,4.351000,2.515000,3.836000,3.632000,3.314000
210,80,4,2.174400,1.761000,2.001000,3.484000,1.843000,1.783000
210,81,4,1.754000,1.821000,1.481000,2.531000,1.470000,1.467000
210,82,4,2.353800,2.266000,2.672000,2.190000,1.969000,2.672000
210,83,4,1.559000,1.656000,1.816000,1.569000,1.604000,1.150000
210,84,4,1.811200,1.860000,1.425000,2.867000,1.600000,1.304000
210,85,4,2.236000,1.821000,3.062000,2.843000,1.981000,1.473000
210,86,4,1.686600,1.416000,2.358000,1.765000,1.384000,1.510000
210,87,4,1.931800,2.647000,2.395000,1.642000,1.799000,1.176000
210,88,4,2.168200,1.773000,1.941000,3.344000,2.253000,1.530000
210,89,4,1.901200,3.010000,1.732000,2.024000,1.119000,1.621000
210,90,4,1.958400,1.424000,2.077000,1.252000,2.379000,2.660000
210,91,4,2.365400,2.318000,2.988000,2.217000,2.044000,2.260000
210,92,4,1.632200,1.597000,1.647000,1.510000,1.597000,1.810000
210,93,4,1.998800,3.137000,2.165000,1.989000,1.396000,1.307000
210,94,4,2.028000,2.627000,2.236000,2.550000,1.250000,1.477000
210,95,4,2.128600,2.887000,1.610000,2.809000,1.773000,1.564000
210,96,4,2.313200,3.606000,1.713000,2.668000,1.639000,1.940000
210,97,4,2.272000,2.435000,2.081000,2.369000,2.288000,2.187000
210,98,4,2.266800,2.327000,3.256000,2.439000,1.711000,1.601000
210,99,4,2.266600,3.789000,1.945000,2.236000,1.172000,2.191000
211,0,3,3.302800,2.038000,1.814000,5.400000,4.716000,2.546000
211,1,3,3.553400,4.378000,1.523000,5.284000,3.977000,2.605000
211,2,3,3.381600,5.343000,1.536000,3.229000,1.643000,5.157000
211,3,3,3.886200,4.582000,1.390000,4.843000,5.219000,3.397000
211,4,3,3.261600,3.191000,1.360000,3.446000,3.934000,4.377000
211,5,3,3.139000,2.788000,4.093000,3.492000,3.044000,2.278000
211,6,3,3.530600,2.723000,3.115000,2.578000,4.978000,4.259000
211,7,3,3.049000,4.192000,1.853000,4.013000,2.212000,2.975000
211,8,3,3.643800,4.991000,3.053000,4.693000,3.078000,2.404000
211,9,3,3.351200,3.500000,2.504000,5.393000,2.110000,3.249000
211,10,3,2.980800,2.359000,2.042000,4.453000,3.414000,2.636000
211,11,3,4.123800,3.434000,3.851000,5.469000,4.741000,3.124000
211,12,3,2.789600,2.802000,1.923000,2.526000,3.231000,3.466000
211,13,3,3.470600,3.917000,3.810000,4.512000,2.626000,2.488000
211,14,3,3.269200,4.729000,2.371000,3.250000,1.690000,4.306000
211,15,3,4.169600,3.956000,2.545000,5.321000,4.825000,4.201000
211,16,3,3.534200,4.607000,1.501000,3.319000,4.855000,3.389000
211,17,3,3.061000,3.375000,2.592000,3.130000,4.163000,2.045000
211,18,3,2.609600,1.959000,3.460000,4.033000,1.944000,1.652000
211,19,3,4.565200,3.993000,4.001000,4.059000,5.316000,5.457000
212,0,3,3.405400,1.498000,3.579000,4.325000,2.962000,4.663000
212,1,3,4.175400,4.993000,4.748000,4.144000,3.215000,3.777000
212,2,3,3.698600,3.763000,4.256000,3.569000,5.389000,1.516000
212,3,3,3.490400,3.316000,3.285000,4.243000,3.913000,2.695000
212,4,3,3.317000,3.355000,3.552000,3.415000,3.429000,2.834000
212,5,3,3.323600,4.248000,3.631000,4.206000,2.492000,2.041000
212,6,3,3.527000,3.738000,3.770000,3.134000,4.123000,2.870000
212,7,3,4.007200,2.826000,5.649000,4.951000,4.859000,1.751000
212,8,3,3.171600,4.196000,3.013000,1.989000,3.851000,2.809000
212,9,3,3.471000,5.138000,4.226000,1.564000,4.054000,2.373000
212,10,3,3.503400,4.708000,4.657000,3.334000,3.457000,1.361000
212,11,3,3.374000,3.118000,3.526000,4.580000,3.825000,1.821000
212,12,3,3.421400,3.890000,4.578000,3.366000,3.613000,1.660000
212,13,3,3.728600,4.204000,5.592000,2.451000,4.588000,1.808000
212,14,3,3.853200,3.480000,4.764000,5.074000,4.250000,1.698000
212,15,3,4.131400,3.560000,3.992000,4.523000,5.113000,3.469000
212,16,3,3.896000,3.684000,4.408000,4.837000,4.878000,1.673000
212,17,3,3.324600,3.040000,3.570000,3.977000,4.526000,1.510000
212,18,3,3.457400,3.404000,4.067000,3.901000,3.499000,2.416000
212,19,3,2.717600,1.844000,2.849000,2.773000,3.407000,2.715000
213,0,3,3.014400,3.556000,4.629000,1.402000,2.790000,2.695000
213,1,3,3.506400,1.901000,4.081000,4.479000,2.705000,4.366000
213,2,3,3.166800,2.223000,2.139000,3.971000,2.973000,4.528000
213,3,3,4.293800,5.403000,5.481000,4.445000,4.262000,1.878000
213,4,3,2.757400,2.165000,4.730000,1.971000,3.272000,1.649000
213,5,3,3.475000,3.797000,2.192000,2.949000,3.816000,4.621000
213,6,3,3.995800,3.329000,5.428000,3.349000,3.408000,4.465000
213,7,3,3.087400,3.104000,2.552000,4.182000,2.801000,2.798000
213,8,3,3.525400,1.761000,6.377000,3.554000,1.986000,3.949000
213,9,3,3.837000,1.926000,5.978000,2.069000,4.942000,4.270000
213,10,3,3.016800,3.233000,2.738000,1.319000,4.135000,3.659000
213,11,3,4.308600,3.723000,4.934000,5.150000,3.739000,3.997000
213,12,3,3.496600,1.809000,2.679000,4.705000,4.857000,3.433000
213,13,3,3.600800,2.004000,2.613000,3.779000,4.057000,5.551000
213,14,3,3.990200,3.704000,2.879000,4.650000,3.375000,5.343000
213,15,3,2.913800,2.253000,3.385000,3.161000,2.717000,3.053000
213,16,3,3.437600,1.340000,4.314000,6.098000,3.424000,2.012000
213,17,3,3.110600,3.217000,2.295000,1.609000,4.399000,4.033000
213,18,3,3.544600,4.472000,4.120000,2.474000,2.378000,4.279000
213,19,3,2.833200,3.607000,2.183000,2.769000,2.214000,3.393000
214,0,3,2.945200,2.513000,2.140000,4.573000,2.476000,3.024000
214,1,3,4.105400,4.688000,3.930000,3.958000,5.661000,2.290000
214,2,3,4.074200,5.034000,3.657000,3.397000,5.580000,2.703000
214,3,3,4.409800,4.727000,5.485000,5.617000,3.787000,2.433000
214,4,3,3.639200,3.877000,4.726000,2.960000,3.735000,2.898000
214,5,3,3.563200,4.630000,3.428000,5.237000,2.105000,2.416000
214,6,3,3.239600,4.589000,4.044000,1.951000,2.936000,2.678000
214,7,3,2.810400,3.739000,2.420000,3.609000,2.161000,2.123000
214,8,3,3.922400,4.867000,4.210000,3.565000,5.563000,1.407000
214,9,3,3.837200,3.677000,3.022000,4.567000,4.405000,3.515000
214,10,3,3.700400,2.715000,3.231000,4.244000,4.859000,3.453000
214,11,3,3.386600,5.037000,3.317000,3.140000,3.060000,2.379000
214,12,3,2.943000,3.818000,1.682000,2.762000,4.208000,2.245000
214,13,3,3.592000,4.779000,2.177000,4.726000,2.379000,3.899000
214,14,3,3.131800,2.732000,4.402000,3.606000,3.110000,1.809000
214,15,3,3.013000,3.559000,3.763000,2.766000,3.389000,1.588000
214,16,3,2.706800,3.812000,2.479000,2.518000,1.946000,2.779000
214,17,3,3.927800,4.713000,5.691000,3.307000,3.553000,2.375000
214,18,3,2.878600,2.504000,3.117000,3.143000,2.117000,3.512000
214,19,3,3.236400,3.719000,2.410000,3.138000,4.120000,2.795000
215,0,3,2.999400,3.975000,3.112000,1.547000,3.698000,2.665000
215,1,3,3.373000,2.710000,3.040000,2.264000,4.783000,4.068000
215,2,3,3.760000,3.032000,2.075000,4.543000,4.382000,4.768000
215,3,3,3.409200,4.415000,2.157000,2.310000,3.155000,5.009000
215,4,3,3.338400,2.218000,3.375000,2.861000,3.157000,5.081000
215,5,3,3.415200,3.789000,2.340000,3.044000,5.276000,2.627000
215,6,3,4.263400,3.912000,5.226000,3.592000,4.061000,4.526000
215,7,3,3.333400,2.746000,1.517000,2.429000,5.065000,4.910000
215,8,3,2.434800,2.086000,1.754000,3.321000,3.627000,1.386000
215,9,3,3.427000,4.336000,2.472000,3.542000,4.281000,2.504000
215,10,3,3.803200,2.354000,2.980000,3.674000,5.675000,4.333000
215,11,3,4.169800,4.651000,1.888000,3.701000,5.264000,5.345000
215,12,3,3.746000,4.222000,3.732000,2.893000,4.657000,3.226000
215,13,3,3.907600,2.512000,3.658000,2.962000,5.851000,4.555000
215,14,3,3.221400,4.029000,2.355000,2.537000,4.802000,2.384000
215,15,3,3.458200,3.623000,2.173000,1.536000,5.059000,4.900000
215,16,3,3.283600,3.526000,1.548000,2.687000,4.327000,4.330000
215,17,3,3.984000,2.675000,3.698000,3.731000,5.201000,4.615000
215,18,3,2.981000,3.386000,2.123000,2.851000,5.129000,1.416000
215,19,3,3.152200,3.754000,2.138000,3.509000,3.762000,2.598000
216,0,3,3.533000,2.087000,2.861000,2.197000,4.679000,5.841000
216,1,3,4.384800,3.077000,4.936000,4.417000,4.630000,4.864000
216,2,3,3.674200,3.883000,3.702000,4.824000,2.387000,3.575000
216,3,3,3.275200,3.696000,5.125000,1.697000,4.716000,1.142000
216,4,3,4.299200,3.582000,3.911000,3.730000,5.137000,5.136000
216,5,3,3.470600,1.745000,3.963000,1.905000,4.410000,5.330000
216,6,3,3.131600,2.106000,3.817000,4.296000,2.475000,2.964000
216,7,3,3.884000,2.713000,4.557000,3.905000,3.649000,4.596000
216,8,3,3.626600,2.367000,4.132000,5.281000,3.554000,2.799000
216,9,3,3.715800,3.732000,3.723000,3.194000,5.711000,2.219000
216,10,3,3.916200,1.654000,2.775000,4.880000,5.830000,4.442000
216,11,3,3.423200,2.623000,3.845000,1.424000,3.864000,5.360000
216,12,3,3.135000,2.416000,3.355000,4.540000,3.664000,1.700000
216,13,3,3.261000,2.076000,3.669000,2.434000,3.994000,4.132000
216,14,3,3.646400,1.873000,5.448000,3.043000,5.063000,2.805000
216,15,3,3.932000,3.748000,4.506000,4.678000,2.408000,4.320000
216,16,3,4.122600,4.250000,3.857000,5.215000,5.218000,2.073000
216,17,3,4.265800,3.793000,5.475000,4.703000,5.194000,2.164000
216,18,3,3.778800,2.814000,4.393000,3.291000,3.609000,4.787000
216,19,3,3.691200,3.397000,4.644000,1.428000,4.790000,4.197000
217,0,3,4.505800,3.265000,4.935000,5.287000,4.679000,4.363000
217,1,3,2.746200,1.299000,4.042000,1.888000,2.996000,3.506000
217,2,3,3.035000,2.541000,4.038000,2.464000,2.740000,3.392000
217,3,3,3.530400,4.177000,3.334000,1.560000,4.233000,4.348000
217,4,3,2.608200,3.165000,3.058000,1.657000,1.920000,3.241000
217,5,3,3.562600,3.288000,3.393000,1.638000,4.720000,4.774000
217,6,3,2.827000,1.503000,2.500000,4.123000,3.057000,2.952000
217,7,3,3.580400,1.879000,4.606000,3.919000,3.587000,3.911000
217,8,3,3.423400,3.815000,3.774000,4.831000,1.147000,3.550000
217,9,3,3.763000,2.419000,3.900000,3.575000,4.170000,4.751000
217,10,3,3.247000,4.140000,2.121000,3.477000,3.035000,3.462000
217,11,3,3.358600,1.991000,4.208000,1.113000,4.869000,4.612000
217,12,3,3.560400,3.765000,5.183000,1.256000,5.091000,2.507000
217,13,3,3.352200,2.280000,5.017000,2.454000,3.767000,3.243000
217,14,3,3.310400,3.649000,3.635000,3.626000,2.218000,3.424000
217,15,3,4.176800,2.658000,3.525000,4.827000,4.835000,5.039000
217,16,3,4.830400,4.957000,4.493000,4.589000,5.243000,4.870000
217,17,3,2.985400,2.956000,2.112000,1.625000,3.662000,4.572000
217,18,3,3.388200,4.407000,4.704000,1.980000,2.479000,3.371000
217,19,3,2.731000,4.442000,3.824000,1.349000,1.385000,2.655000
218,0,3,2.871600,2.820000,1.196000,2.616000,2.086000,5.640000
218,1,3,3.528400,4.022000,1.375000,3.617000,3.537000,5.091000
218,2,3,3.043800,3.166000,1.488000,3.586000,3.764000,3.215000
218,3,3,2.544400,2.474000,0.993000,2.693000,2.909000,3.653000
218,4,3,2.464200,2.085000,1.315000,3.318000,1.862000,3.741000
218,5,3,2.887800,1.946000,3.724000,4.602000,2.402000,1.765000
218,6,3,3.821600,2.127000,2.806000,4.708000,5.165000,4.302000
218,7,3,3.214600,2.643000,2.961000,1.713000,4.765000,3.991000
218,8,3,4.314800,4.691000,4.261000,3.439000,4.247000,4.936000
218,9,3,3.075600,3.031000,1.421000,4.277000,2.134000,4.515000
218,10,3,3.525000,2.285000,3.448000,3.854000,3.140000,4.898000
218,11,3,3.498600,3.476000,1.504000,4.575000,3.541000,4.397000
218,12,3,2.360600,2.556000,1.114000,2.394000,1.583000,4.156000
218,13,3,3.157800,3.307000,1.332000,3.131000,3.187000,4.832000
218,14,3,3.370600,2.488000,1.975000,3.489000,3.203000,5.698000
218,15,3,2.791400,2.489000,1.463000,3.185000,2.810000,4.010000
218,16,3,2.833600,2.688000,3.815000,3.500000,2.315000,1.850000
218,17,3,3.160200,4.177000,1.355000,2.581000,2.545000,5.143000
218,18,3,3.843600,3.604000,3.471000,4.454000,2.623000,5.066000
218,19,3,3.006600,1.720000,1.293000,4.055000,3.242000,4.723000
219,0,1,2.743600,1.907000,3.810000,2.780000,4.146000,1.075000
219,1,1,2.786800,2.447000,3.163000,2.597000,3.415000,2.312000
219,2,1,2.880400,3.851000,2.766000,1.538000,3.243000,3.004000
219,3,1,2.659000,4.552000,2.540000,1.997000,2.872000,1.334000
219,4,1,2.079600,3.046000,2.065000,2.258000,1.702000,1.327000
219,5,1,2.397000,1.804000,2.583000,3.923000,2.652000,1.023000
219,6,1,2.707000,2.958000,2.901000,3.698000,1.997000,1.981000
219,7,1,2.746200,3.570000,3.597000,2.014000,3.417000,1.133000
219,8,3,4.093800,4.048000,4.964000,4.466000,3.890000,3.101000
219,9,3,3.832600,3.528000,5.025000,3.690000,3.550000,3.370000
219,10,1,3.259600,5.040000,2.423000,5.010000,2.597000,1.228000
219,11,3,3.012200,3.845000,2.374000,4.596000,3.076000,1.170000
219,12,1,2.927600,4.033000,3.792000,1.728000,2.803000,2.282000
219,13,3,3.620200,5.259000,2.939000,4.487000,4.213000,1.203000
219,14,3,3.562000,3.806000,2.903000,4.902000,4.510000,1.689000
219,15,1,2.863400,2.260000,2.620000,4.224000,2.203000,3.010000
219,16,3,3.291200,3.169000,4.831000,4.283000,2.470000,1.703000
219,17,3,3.626600,3.194000,2.630000,5.144000,4.939000,2.226000
219,18,3,3.857800,5.189000,2.207000,2.937000,4.677000,4.279000
219,19,1,2.505200,2.240000,2.931000,2.731000,3.713000,0.911000
220,0,0,2.988200,3.422000,2.018000,4.218000,1.872000,3.411000
220,1,0,1.984200,1.756000,1.697000,2.564000,1.231000,2.673000
220,2,0,2.594200,2.114000,3.130000,3.526000,1.471000,2.730000
220,3,0,1.909200,1.522000,1.982000,2.269000,2.030000,1.743000
220,4,0,2.382600,2.078000,1.690000,2.654000,2.959000,2.532000
220,5,0,2.248800,1.973000,1.566000,2.969000,2.211000,2.525000
220,6,0,2.103600,1.819000,1.740000,3.032000,2.274000,1.653000
220,7,0,2.242600,2.198000,1.449000,3.089000,1.837000,2.640000
220,8,0,1.996000,1.948000,2.655000,1.712000,1.887000,1.778000
220,9,0,2.236600,1.971000,2.678000,2.479000,1.678000,2.377000
220,10,0,2.725000,2.921000,1.716000,3.726000,2.627000,2.635000
220,11,0,1.838600,1.889000,2.016000,1.552000,1.541000,2.195000
220,12,0,2.050000,2.375000,1.685000,2.560000,1.438000,2.192000
220,13,0,1.651600,1.621000,1.622000,1.395000,2.085000,1.535000
220,14,0,2.750000,3.782000,2.470000,4.001000,1.909000,1.588000
220,15,0,2.162000,2.254000,2.010000,2.988000,1.498000,2.060000
220,16,0,2.644600,1.836000,3.148000,3.537000,2.168000,2.534000
220,17,0,1.853800,1.264000,2.626000,1.450000,1.752000,2.177000
220,18,0,1.989600,1.896000,2.059000,1.686000,1.506000,2.801000
220,19,0,2.118800,1.816000,1.855000,1.427000,3.444000,2.052000
220,20,1,3.118000,2.148000,2.410000,3.253000,3.992000,3.787000
220,21,1,2.807000,2.891000,2.798000,5.315000,1.418000,1.613000
220,22,1,2.735400,2.016000,2.449000,3.215000,2.114000,3.883000
220,23,1,2.393600,1.852000,2.019000,3.773000,2.082000,2.242000
220,24,1,2.856000,1.420000,2.261000,3.778000,3.198000,3.623000
220,25,1,2.401600,2.682000,1.076000,3.101000,1.995000,3.154000
220,26,1,2.402600,2.646000,1.704000,1.555000,3.783000,2.325000
220,27,1,2.506000,1.165000,1.383000,1.695000,4.493000,3.794000
220,28,1,2.406000,1.306000,1.472000,3.804000,3.582000,1.866000
220,29,1,2.263600,1.107000,1.677000,2.771000,2.367000,3.396000
220,30,1,2.703400,3.240000,1.916000,1.327000,2.697000,4.337000
220,31,1,2.628600,2.386000,3.121000,1.795000,1.650000,4.191000
220,32,1,2.871200,1.246000,2.830000,3.022000,4.525000,2.733000
220,33,1,2.464600,1.692000,2.641000,3.944000,1.985000,2.061000
220,34,1,3.024600,2.633000,2.461000,3.777000,3.680000,2.572000
220,35,1,2.861600,1.087000,1.668000,3.881000,3.871000,3.801000
220,36,1,2.658000,1.406000,1.393000,3.487000,3.983000,3.021000
220,37,1,2.514200,2.176000,1.357000,2.690000,4.040000,2.308000
220,38,1,2.521200,3.190000,1.565000,2.420000,1.924000,3.507000
220,39,1,3.078000,1.784000,2.091000,5.296000,2.118000,4.101000
220,40,2,2.370200,2.036000,1.973000,3.032000,1.674000,3.136000
220,41,2,2.301600,1.661000,2.650000,3.087000,2.005000,2.105000
220,42,2,2.098000,2.264000,1.996000,2.380000,1.835000,2.015000
220,43,2,2.219600,2.313000,1.848000,2.502000,2.768000,1.667000
220,44,2,1.753200,1.808000,1.906000,2.306000,1.198000,1.548000
220,45,2,2.179200,2.519000,2.228000,2.937000,1.505000,1.707000
220,46,2,1.823000,1.826000,1.937000,2.208000,1.688000,1.456000
220,47,2,2.254600,3.161000,1.830000,2.151000,2.514000,1.617000
220,48,2,2.356200,2.555000,2.165000,3.415000,2.144000,1.502000
220,49,2,2.658200,2.304000,1.694000,3.987000,3.064000,2.242000
220,50,2,2.296200,1.462000,2.054000,3.714000,1.367000,2.884000
220,51,2,2.381600,2.286000,1.950000,3.744000,2.464000,1.464000
220,52,2,2.458000,1.698000,2.104000,2.714000,3.360000,2.414000
220,53,2,2.428000,2.673000,2.099000,2.553000,1.611000,3.204000
220,54,2,2.285800,1.897000,1.827000,3.506000,1.891000,2.308000
220,55,2,2.144200,2.447000,2.279000,2.952000,1.744000,1.299000
220,56,2,2.289600,1.714000,3.090000,2.470000,1.752000,2.422000
220,57,2,2.337600,2.243000,1.942000,2.965000,2.157000,2.381000
220,58,2,2.091400,1.937000,1.659000,3.605000,1.708000,1.548000
220,59,2,2.494200,2.284000,2.690000,2.489000,3.232000,1.776000
220,60,3,3.023000,4.608000,2.595000,3.622000,2.843000,1.447000
220,61,3,3.580200,1.542000,4.215000,4.651000,3.577000,3.916000
220,62,3,3.939000,4.062000,1.774000,5.746000,4.143000,3.970000
220,63,3,2.852200,3.700000,1.848000,1.767000,3.388000,3.558000
220,64,3,3.150400,4.578000,2.389000,1.501000,3.492000,3.792000
220,65,3,4.417200,4.312000,3.501000,5.430000,4.315000,4.528000
220,66,3,4.100000,4.252000,1.915000,5.554000,4.108000,4.671000
220,67,3,2.903400,2.005000,2.354000,1.933000,2.578000,5.647000
220,68,3,3.293200,4.288000,1.348000,3.003000,4.492000,3.335000
220,69,3,3.871800,4.480000,2.108000,4.374000,3.387000,5.010000
220,70,3,4.170200,4.488000,1.428000,5.673000,5.336000,3.926000
220,71,3,3.658800,3.066000,1.967000,5.238000,3.810000,4.213000
220,72,3,3.530200,5.381000,1.873000,1.689000,3.930000,4.778000
220,73,3,3.739800,5.080000,2.403000,2.216000,3.774000,5.226000
220,74,3,2.305600,1.903000,2.122000,2.438000,2.130000,2.935000
220,75,3,3.081000,3.601000,2.051000,1.789000,4.779000,3.185000
220,76,3,3.950600,5.249000,3.012000,5.875000,3.347000,2.270000
220,77,3,3.893400,2.408000,2.396000,5.080000,4.707000,4.876000
220,78,3,3.713600,4.298000,1.841000,6.199000,2.274000,3.956000
220,79,3,4.465200,4.140000,3.162000,5.477000,4.944000,4.603000
220,80,4,1.786800,1.603000,1.670000,1.438000,2.247000,1.976000
220,81,4,2.657200,1.337000,2.556000,4.541000,1.953000,2.899000
220,82,4,1.957200,1.558000,1.412000,1.791000,2.840000,2.185000
220,83,4,2.110000,1.146000,1.926000,2.064000,3.213000,2.201000
220,84,4,2.611600,1.935000,1.619000,3.997000,3.248000,2.259000
220,85,4,2.495600,3.140000,1.975000,2.587000,1.944000,2.832000
220,86,4,1.903600,2.325000,1.635000,1.682000,2.220000,1.656000
220,87,4,1.972200,2.182000,1.651000,1.646000,1.577000,2.805000
220,88,4,2.834800,3.730000,2.409000,3.676000,2.535000,1.824000
220,89,4,1.889600,1.470000,1.606000,2.297000,1.936000,2.139000
220,90,4,2.010600,1.367000,1.794000,2.033000,1.996000,2.863000
220,91,4,2.251800,1.561000,1.382000,2.954000,2.411000,2.951000
220,92,4,2.288400,1.543000,2.553000,2.796000,1.956000,2.594000
220,93,4,1.545800,1.065000,1.558000,1.925000,1.877000,1.304000
220,94,4,2.740000,1.662000,4.039000,3.768000,2.068000,2.163000
220,95,4,2.575200,1.362000,2.053000,4.441000,2.589000,2.431000
220,96,4,1.996000,1.263000,1.308000,2.505000,2.157000,2.747000
220,97,4,2.156200,1.557000,2.608000,1.353000,3.451000,1.812000
220,98,4,2.195400,2.418000,1.716000,1.946000,2.470000,2.427000
220,99,4,2.419000,3.411000,1.698000,3.007000,2.007000,1.972000
221,0,3,3.635400,4.232000,3.096000,3.399000,4.154000,3.296000
221,1,3,3.790200,4.811000,4.317000,2.653000,3.921000,3.249000
221,2,3,3.990600,4.534000,3.870000,4.341000,3.457000,3.751000
221,3,3,3.292000,3.847000,2.942000,5.475000,2.464000,1.732000
221,4,3,3.935000,4.788000,2.479000,3.995000,5.360000,3.053000
221,5,3,4.051000,4.745000,2.602000,4.574000,4.019000,4.315000
221,6,3,2.877200,2.253000,1.620000,2.624000,3.032000,4.857000
221,7,3,4.534400,4.867000,3.983000,3.499000,5.300000,5.023000
221,8,3,4.182200,4.179000,4.242000,4.307000,3.311000,4.872000
221,9,3,3.795000,4.506000,1.484000,3.937000,5.082000,3.966000
221,10,3,4.058400,4.951000,4.276000,2.271000,4.831000,3.963000
221,11,3,3.937200,3.985000,4.652000,3.281000,3.709000,4.059000
221,12,3,1.783000,1.663000,1.829000,1.481000,1.522000,2.420000
221,13,3,2.837600,2.200000,1.595000,4.534000,3.374000,2.485000
221,14,3,4.267400,5.016000,3.702000,3.668000,5.023000,3.928000
221,15,3,4.218000,4.400000,3.516000,4.825000,3.902000,4.447000
221,16,3,3.991000,5.171000,3.322000,4.007000,3.168000,4.287000
221,17,3,4.259000,3.645000,3.630000,4.956000,4.410000,4.654000
221,18,3,3.686000,5.223000,1.767000,3.861000,3.593000,3.986000
221,19,3,3.978200,5.179000,3.655000,3.997000,2.913000,4.147000
222,0,3,2.635600,1.364000,3.424000,2.507000,3.352000,2.531000
222,1,3,3.523800,5.281000,1.570000,2.845000,4.718000,3.205000
222,2,3,3.888400,5.259000,1.584000,4.838000,4.193000,3.568000
222,3,3,3.609800,4.855000,4.768000,2.039000,4.716000,1.671000
222,4,3,3.091000,2.278000,2.370000,2.796000,4.427000,3.584000
222,5,3,2.054800,1.694000,2.256000,2.216000,2.805000,1.303000
222,6,3,2.770600,5.306000,1.891000,1.220000,3.544000,1.892000
222,7,3,3.661000,4.112000,2.865000,4.837000,3.788000,2.703000
222,8,3,3.312800,5.063000,1.548000,5.806000,2.355000,1.792000
222,9,3,2.951400,4.123000,3.166000,3.777000,1.820000,1.871000
222,10,3,3.838400,5.189000,3.549000,2.324000,5.551000,2.579000
222,11,3,2.798200,3.372000,1.499000,4.553000,2.143000,2.424000
222,12,3,2.398400,2.472000,2.308000,3.749000,1.698000,1.765000
222,13,3,3.301000,1.457000,2.135000,5.750000,3.395000,3.768000
222,14,3,3.333400,3.928000,2.759000,3.919000,3.605000,2.456000
222,15,3,3.290800,3.962000,1.899000,4.478000,4.073000,2.042000
222,16,3,2.379600,2.570000,1.801000,4.045000,1.624000,1.858000
222,17,3,2.608000,1.787000,3.233000,4.384000,2.210000,1.426000
222,18,3,3.390800,4.768000,2.904000,3.317000,3.089000,2.876000
222,19,3,4.149400,5.231000,5.827000,3.115000,3.720000,2.854000
223,0,3,2.748200,2.739000,1.149000,3.964000,2.957000,2.932000
223,1,3,2.827000,3.747000,3.949000,2.240000,2.127000,2.072000
223,2,3,2.656800,2.384000,2.529000,2.197000,0.976000,5.198000
223,3,3,3.836200,4.076000,2.760000,4.423000,2.509000,5.413000
223,4,3,2.269600,3.678000,1.567000,2.770000,1.569000,1.764000
223,5,3,3.187800,2.588000,2.169000,4.610000,2.395000,4.177000
223,6,3,2.294000,1.545000,1.286000,3.538000,1.504000,3.597000
223,7,3,2.534800,2.958000,1.108000,2.955000,1.485000,4.168000
223,8,3,2.446600,1.571000,2.698000,2.593000,1.643000,3.728000
223,9,3,3.542800,4.016000,3.175000,2.488000,3.842000,4.193000
223,10,3,2.571200,1.318000,2.585000,4.464000,2.589000,1.900000
223,11,3,3.089000,2.505000,1.114000,5.738000,3.018000,3.070000
223,12,3,3.842800,4.601000,2.528000,2.729000,4.398000,4.958000
223,13,3,3.609400,2.240000,4.856000,3.622000,3.095000,4.234000
223,14,3,3.104000,3.788000,2.090000,3.380000,2.889000,3.373000
223,15,3,2.854600,3.700000,2.028000,2.318000,2.896000,3.331000
223,16,3,3.407200,3.644000,4.605000,3.343000,1.434000,4.010000
223,17,3,3.394200,3.157000,1.637000,4.834000,3.987000,3.356000
223,18,3,2.290400,1.701000,2.592000,3.854000,1.878000,1.427000
223,19,3,3.692800,3.875000,3.088000,4.919000,1.919000,4.663000
224,0,2,2.644200,2.422000,2.811000,2.649000,2.947000,2.392000
224,1,2,2.455600,2.167000,1.367000,3.114000,2.763000,2.867000
224,2,2,2.204000,2.747000,1.669000,2.731000,2.345000,1.528000
224,3,3,3.207200,2.737000,2.304000,5.116000,3.209000,2.670000
224,4,2,2.693200,2.895000,3.513000,1.205000,3.662000,2.191000
224,5,3,3.887200,4.779000,4.039000,3.912000,3.617000,3.089000
224,6,3,3.548200,2.783000,1.856000,3.414000,4.051000,5.637000
224,7,3,3.291400,2.121000,1.835000,3.667000,5.512000,3.322000
224,8,2,2.759400,2.346000,2.341000,2.711000,3.626000,2.773000
224,9,3,2.952400,5.176000,2.737000,1.529000,3.455000,1.865000
224,10,3,3.195600,4.296000,1.113000,1.576000,4.472000,4.521000
224,11,3,3.819200,4.720000,1.822000,5.139000,4.447000,2.968000
224,12,3,2.576400,2.198000,2.080000,2.308000,3.210000,3.086000
224,13,3,2.961400,4.342000,1.979000,1.469000,1.578000,5.439000
224,14,3,3.816200,3.701000,2.928000,1.727000,4.908000,5.817000
224,15,3,2.978800,4.689000,1.955000,1.877000,3.276000,3.097000
224,16,3,4.128800,4.733000,1.638000,5.358000,4.506000,4.409000
224,17,3,3.451600,4.425000,1.690000,2.813000,3.851000,4.479000
224,18,3,2.136000,2.461000,1.458000,2.618000,1.896000,2.247000
224,19,3,4.107600,3.718000,2.625000,4.256000,4.189000,5.750000
225,0,3,3.680000,2.816000,4.020000,5.411000,4.392000,1.761000
225,1,3,3.243000,3.538000,3.028000,1.462000,3.269000,4.918000
225,2,3,2.063600,2.402000,2.638000,1.804000,1.660000,1.814000
225,3,3,3.085400,1.751000,3.173000,5.232000,3.600000,1.671000
225,4,3,4.284000,4.906000,5.590000,5.130000,4.330000,1.464000
225,5,3,2.453600,1.949000,2.450000,3.478000,2.448000,1.943000
225,6,3,3.930400,3.451000,4.798000,4.046000,5.941000,1.416000
225,7,3,3.329400,2.156000,5.486000,2.820000,1.309000,4.876000
225,8,3,2.976400,2.224000,1.746000,4.609000,2.273000,4.030000
225,9,3,3.088200,2.257000,1.619000,3.834000,3.346000,4.385000
225,10,3,2.735400,2.172000,2.195000,3.584000,0.975000,4.751000
225,11,3,2.699400,1.348000,3.339000,2.328000,2.577000,3.905000
225,12,3,2.911400,2.117000,4.322000,3.233000,1.224000,3.661000
225,13,3,3.021000,1.666000,3.047000,3.901000,4.029000,2.462000
225,14,3,2.472000,4.730000,1.510000,1.641000,1.508000,2.971000
225,15,3,3.149400,4.378000,1.553000,4.359000,2.049000,3.408000
225,16,3,3.093800,2.581000,4.082000,5.306000,1.358000,2.142000
225,17,3,2.852800,4.653000,1.942000,3.923000,1.370000,2.376000
225,18,3,2.693000,1.341000,1.568000,4.587000,2.825000,3.144000
225,19,3,2.567800,2.976000,2.179000,4.594000,1.431000,1.659000
226,0,3,3.216600,2.556000,1.955000,4.684000,5.652000,1.236000
226,1,3,1.845200,2.431000,1.678000,1.777000,1.903000,1.437000
226,2,3,2.333600,1.250000,3.453000,2.605000,2.443000,1.917000
226,3,3,3.206200,1.899000,2.187000,3.747000,2.737000,5.461000
226,4,3,3.916800,4.262000,5.066000,3.060000,1.906000,5.290000
226,5,3,2.703800,3.030000,3.351000,2.399000,1.646000,3.093000
226,6,3,3.933600,2.746000,4.305000,1.361000,5.742000,5.514000
226,7,3,2.569800,1.522000,3.770000,2.330000,3.890000,1.337000
226,8,3,3.602200,1.647000,3.738000,3.705000,3.487000,5.434000
226,9,3,3.510200,3.215000,2.332000,3.844000,4.600000,3.560000
226,10,3,2.515600,1.134000,3.987000,2.167000,1.070000,4.220000
226,11,3,2.715800,1.669000,2.886000,1.660000,2.423000,4.941000
226,12,3,3.357400,4.201000,4.298000,2.013000,2.445000,3.830000
226,13,3,3.661400,3.851000,1.517000,5.023000,2.691000,5.225000
226,14,3,1.882200,2.321000,2.316000,2.247000,1.142000,1.385000
226,15,3,2.730600,2.447000,2.074000,5.211000,1.134000,2.787000
226,16,3,4.111200,4.502000,5.652000,3.001000,1.079000,6.322000
226,17,3,3.207400,1.378000,4.204000,2.256000,3.577000,4.622000
226,18,3,2.793000,2.372000,2.967000,4.821000,1.735000,2.070000
226,19,3,3.464600,3.360000,3.866000,1.289000,4.021000,4.787000
227,0,3,3.210800,3.995000,2.237000,2.852000,2.916000,4.054000
227,1,3,2.622800,1.272000,3.976000,1.896000,3.434000,2.536000
227,2,3,2.531800,2.387000,1.559000,1.852000,2.128000,4.733000
227,3,3,2.671800,1.408000,4.082000,2.046000,3.421000,2.402000
227,4,3,3.861600,3.035000,4.088000,1.624000,4.873000,5.688000
227,5,3,4.488600,4.594000,5.187000,2.195000,4.886000,5.581000
227,6,3,3.010800,1.849000,3.050000,1.590000,4.033000,4.532000
227,7,3,2.965800,1.429000,2.725000,3.078000,4.076000,3.521000
227,8,3,2.865000,1.438000,2.230000,1.481000,5.040000,4.136000
227,9,3,2.794400,1.510000,3.270000,3.837000,3.764000,1.591000
227,10,3,2.828800,1.785000,2.223000,1.540000,3.434000,5.162000
227,11,3,3.329800,2.331000,5.014000,2.669000,2.262000,4.373000
227,12,3,2.919400,1.865000,5.207000,2.764000,2.912000,1.849000
227,13,3,2.593400,2.014000,1.708000,1.669000,2.292000,5.284000
227,14,3,3.758600,3.907000,5.157000,2.074000,2.567000,5.088000
227,15,3,3.556800,2.385000,4.760000,1.226000,4.595000,4.818000
227,16,3,3.067800,1.285000,3.090000,2.042000,4.182000,4.740000
227,17,3,2.649400,2.875000,2.072000,1.442000,2.508000,4.350000
227,18,3,2.827400,1.509000,3.155000,1.851000,2.999000,4.623000
227,19,3,3.210800,3.229000,4.172000,1.088000,3.383000,4.182000
228,0,3,3.724600,5.235000,2.833000,4.857000,3.305000,2.393000
228,1,3,4.253000,5.072000,3.860000,4.271000,5.330000,2.732000
228,2,3,3.499800,4.225000,5.664000,2.570000,3.442000,1.598000
228,3,3,3.596200,1.919000,4.663000,4.431000,4.133000,2.835000
228,4,3,4.041000,4.805000,5.183000,3.234000,3.589000,3.394000
228,5,3,3.548000,4.884000,3.744000,2.582000,3.954000,2.576000
228,6,3,4.240800,4.982000,4.693000,4.368000,4.291000,2.870000
228,7,3,3.786400,2.731000,5.036000,4.789000,3.384000,2.992000
228,8,3,1.947600,1.543000,2.406000,1.305000,2.707000,1.777000
228,9,3,2.942800,3.068000,2.666000,1.854000,4.327000,2.799000
228,10,3,2.763200,3.875000,3.526000,2.136000,2.691000,1.588000
228,11,3,4.574400,4.274000,3.593000,4.974000,5.252000,4.779000
228,12,3,3.289800,1.667000,4.315000,4.332000,3.700000,2.435000
228,13,3,3.007400,2.829000,5.088000,1.899000,2.601000,2.620000
228,14,3,3.176000,4.741000,2.516000,2.868000,2.804000,2.951000
228,15,3,3.826200,5.087000,4.330000,2.713000,3.965000,3.036000
228,16,3,3.015400,3.960000,4.213000,2.898000,2.189000,1.817000
228,17,3,4.347400,4.097000,4.961000,3.830000,4.525000,4.324000
228,18,1,3.017800,2.533000,3.243000,2.231000,4.414000,2.668000
228,19,3,2.996200,2.369000,3.975000,2.661000,1.830000,4.146000
229,0,3,3.939200,4.586000,4.575000,4.966000,2.884000,2.685000
229,1,3,3.304400,2.621000,4.832000,1.863000,1.502000,5.704000
229,2,3,3.569600,4.151000,3.564000,4.358000,3.080000,2.695000
229,3,3,4.150400,4.346000,4.725000,4.510000,5.199000,1.972000
229,4,3,3.269800,2.605000,3.574000,1.597000,4.658000,3.915000
229,5,3,3.611600,3.488000,2.393000,3.837000,2.974000,5.366000
229,6,3,2.648000,1.831000,1.814000,4.682000,1.839000,3.074000
229,7,3,3.226800,2.223000,2.356000,4.081000,4.228000,3.246000
229,8,3,4.301600,4.239000,5.171000,4.809000,4.559000,2.730000
229,9,3,3.585800,4.366000,2.278000,4.335000,4.048000,2.902000
229,10,3,3.490400,3.315000,2.676000,3.728000,4.634000,3.099000
229,11,3,2.683200,2.590000,2.528000,1.944000,3.280000,3.074000
229,12,3,3.478600,1.702000,3.148000,4.735000,3.695000,4.113000
229,13,3,3.582200,4.175000,2.638000,4.063000,2.492000,4.543000
229,14,3,3.528200,3.359000,3.126000,2.912000,2.909000,5.335000
229,15,3,3.305800,3.551000,3.282000,4.557000,1.943000,3.196000
229,16,3,2.671000,3.145000,2.931000,2.212000,2.468000,2.599000
229,17,3,2.820800,2.457000,3.079000,3.094000,2.664000,2.810000
229,18,3,3.074200,3.092000,4.365000,1.623000,1.973000,4.318000
229,19,3,2.307200,1.949000,2.512000,2.690000,1.345000,3.040000
230,0,0,1.900200,1.195000,2.101000,1.291000,3.047000,1.867000
230,1,0,1.648400,1.486000,2.243000,1.290000,1.837000,1.386000
230,2,0,1.842200,1.476000,2.447000,1.616000,1.541000,2.131000
230,3,0,2.164400,1.265000,3.794000,2.338000,1.854000,1.571000
230,4,0,1.683800,0.928000,1.743000,2.186000,1.521000,2.041000
230,5,0,2.318600,1.131000,4.097000,1.943000,2.693000,1.729000
230,6,0,1.778200,1.008000,1.841000,2.472000,1.546000,2.024000
230,7,0,1.808600,0.946000,2.208000,2.241000,2.199000,1.449000
230,8,0,2.113600,1.566000,2.746000,2.703000,1.495000,2.058000
230,9,0,1.720800,1.250000,1.966000,1.525000,1.515000,2.348000
230,10,0,1.833000,1.193000,1.456000,1.881000,2.558000,2.077000
230,11,0,1.851800,1.058000,1.980000,2.079000,1.859000,2.283000
230,12,0,1.652600,1.333000,1.672000,2.079000,1.382000,1.797000
230,13,0,1.855200,1.221000,2.188000,1.767000,1.996000,2.104000
230,14,0,1.893800,1.292000,2.510000,1.987000,1.464000,2.216000
230,15,0,1.945600,1.281000,1.712000,1.823000,2.417000,2.495000
230,16,0,1.581000,1.015000,1.874000,1.577000,1.468000,1.971000
230,17,0,1.722000,1.030000,2.051000,1.656000,2.226000,1.647000
230,18,0,2.047200,1.312000,2.105000,1.985000,2.620000,2.214000
230,19,0,1.831400,1.384000,1.844000,3.087000,1.442000,1.400000
230,20,1,3.288400,3.840000,3.750000,1.792000,3.682000,3.378000
230,21,1,1.875600,1.558000,2.054000,1.658000,1.639000,2.469000
230,22,1,2.519000,1.424000,1.888000,1.231000,5.357000,2.695000
230,23,1,2.400400,1.936000,2.220000,1.057000,1.496000,5.293000
230,24,1,3.181000,2.030000,3.266000,2.049000,2.902000,5.658000
230,25,1,2.605600,2.035000,2.232000,2.796000,3.705000,2.260000
230,26,1,3.157800,1.183000,1.468000,5.263000,5.107000,2.768000
230,27,1,3.032400,2.360000,2.578000,1.649000,5.706000,2.869000
230,28,1,3.218800,2.473000,3.417000,1.885000,2.873000,5.446000
230,29,1,2.344800,0.975000,2.100000,1.561000,4.136000,2.952000
230,30,1,3.122800,2.009000,2.649000,1.886000,4.558000,4.512000
230,31,1,2.395600,1.960000,2.024000,1.602000,1.870000,4.522000
230,32,1,3.205800,1.806000,4.936000,3.215000,4.809000,1.263000
230,33,1,2.390600,1.964000,2.048000,2.127000,2.173000,3.641000
230,34,1,2.179800,1.567000,1.783000,1.294000,1.846000,4.409000
230,35,1,2.592600,2.358000,3.122000,2.363000,1.523000,3.597000
230,36,1,3.211200,2.226000,3.196000,1.886000,3.437000,5.311000
230,37,1,2.139800,1.836000,1.622000,3.818000,1.583000,1.840000
230,38,1,3.742200,1.710000,4.017000,3.781000,3.806000,5.397000
230,39,1,2.206000,1.299000,2.871000,1.948000,1.590000,3.322000
230,40,2,2.502200,1.713000,1.562000,2.219000,3.026000,3.991000
230,41,2,2.620600,2.409000,3.263000,2.973000,2.293000,2.165000
230,42,2,2.623200,1.688000,2.797000,2.768000,3.238000,2.625000
230,43,2,2.223600,3.268000,1.427000,2.642000,1.610000,2.171000
230,44,2,2.080600,1.620000,1.982000,2.548000,2.480000,1.773000
230,45,2,2.347200,1.724000,2.216000,2.378000,2.406000,3.012000
230,46,2,2.690200,1.436000,2.599000,1.794000,2.196000,5.426000
230,47,2,2.317600,3.104000,1.803000,2.323000,2.111000,2.247000
230,48,2,2.861800,3.694000,2.322000,3.097000,3.167000,2.029000
230,49,2,2.264200,2.037000,1.694000,2.890000,1.949000,2.751000
230,50,2,2.078400,2.285000,1.328000,2.263000,1.546000,2.970000
230,51,2,2.303400,2.007000,1.876000,2.438000,2.589000,2.607000
230,52,2,2.718400,2.266000,2.160000,1.679000,2.802000,4.685000
230,53,2,3.283400,3.858000,2.455000,2.561000,2.326000,5.217000
230,54,2,2.055200,2.420000,1.421000,1.560000,2.837000,2.038000
230,55,2,2.663400,2.011000,2.105000,3.016000,2.294000,3.891000
230,56,2,2.411600,4.307000,1.555000,1.715000,1.866000,2.615000
230,57,2,2.306600,1.876000,2.270000,3.127000,1.870000,2.390000
230,58,2,2.745600,2.698000,3.358000,1.816000,3.063000,2.793000
230,59,2,2.444400,2.065000,3.234000,2.414000,1.847000,2.662000
230,60,3,3.157400,2.064000,3.814000,4.522000,1.648000,3.739000
230,61,3,3.304800,3.883000,2.758000,4.138000,1.651000,4.094000
230,62,3,3.192800,2.216000,4.662000,2.159000,3.442000,3.485000
230,63,3,3.369200,3.632000,3.947000,4.168000,1.373000,3.726000
230,64,3,3.624400,4.680000,4.137000,2.747000,2.283000,4.275000
230,65,3,4.065600,2.917000,5.224000,3.252000,3.636000,5.299000
230,66,3,4.087000,2.399000,3.423000,3.168000,5.586000,5.859000
230,67,3,3.939800,3.241000,3.546000,2.772000,5.090000,5.050000
230,68,3,3.718200,3.347000,4.638000,3.859000,4.349000,2.398000
230,69,3,3.039000,2.270000,4.722000,3.117000,1.442000,3.644000
230,70,3,3.576600,2.847000,4.653000,2.442000,4.733000,3.208000
230,71,3,4.127400,3.396000,4.177000,5.277000,2.594000,5.193000
230,72,3,2.481600,1.801000,2.563000,3.754000,2.405000,1.885000
230,73,3,4.213400,4.458000,5.438000,3.841000,3.027000,4.303000
230,74,3,3.068800,1.462000,3.413000,2.946000,5.814000,1.709000
230,75,3,4.540000,4.611000,4.548000,5.582000,3.806000,4.153000
230,76,3,3.800400,2.343000,3.413000,3.602000,4.406000,5.238000
230,77,3,3.242200,1.682000,3.403000,4.692000,3.540000,2.894000
230,78,3,3.788000,5.137000,4.528000,3.933000,2.280000,3.062000
230,79,3,4.270800,5.035000,3.178000,2.915000,5.324000,4.902000
230,80,4,2.609800,1.466000,2.746000,4.190000,1.906000,2.741000
230,81,4,1.724800,1.710000,1.450000,1.338000,1.399000,2.727000
230,82,4,2.142800,1.944000,2.409000,1.764000,1.337000,3.260000
230,83,4,2.317000,1.543000,1.520000,1.203000,5.435000,1.884000
230,84,4,2.603200,1.546000,3.598000,1.480000,1.774000,4.618000
230,85,4,2.105200,1.744000,2.291000,1.082000,2.532000,2.877000
230,86,4,2.207200,1.662000,2.733000,1.580000,2.275000,2.786000
230,87,4,2.451200,2.712000,2.365000,1.406000,1.877000,3.896000
230,88,4,2.176000,1.396000,2.509000,2.752000,1.621000,2.602000
230,89,4,1.862000,1.169000,2.927000,1.166000,1.521000,2.527000
230,90,4,1.930800,1.306000,2.679000,1.486000,1.998000,2.185000
230,91,4,1.569000,1.341000,1.979000,1.285000,1.542000,1.698000
230,92,4,2.284200,1.218000,2.624000,1.553000,2.431000,3.595000
230,93,4,1.989800,2.082000,2.635000,1.472000,1.401000,2.359000
230,94,4,1.998800,1.565000,1.757000,1.689000,1.843000,3.140000
230,95,4,2.575800,3.455000,2.854000,1.477000,1.998000,3.095000
230,96,4,1.859400,1.568000,1.915000,1.385000,1.994000,2.435000
230,97,4,2.567800,2.461000,2.546000,2.954000,2.806000,2.072000
230,98,4,2.074800,1.203000,1.829000,2.546000,2.426000,2.370000
230,99,4,2.356400,1.265000,3.644000,1.385000,1.602000,3.886000
231,0,3,3.460200,3.126000,1.888000,2.818000,3.890000,5.579000
231,1,3,3.598600,3.648000,3.801000,2.870000,4.292000,3.382000
231,2,3,3.632200,3.805000,1.691000,2.754000,4.390000,5.521000
231,3,3,2.637400,3.983000,1.650000,2.106000,3.130000,2.318000
231,4,3,3.528200,3.755000,2.233000,5.171000,2.602000,3.880000
231,5,3,3.968800,3.778000,3.677000,2.119000,4.983000,5.287000
231,6,3,3.402600,2.506000,1.623000,2.445000,5.071000,5.368000
231,7,3,3.410000,1.632000,2.151000,5.048000,4.760000,3.459000
231,8,3,4.122200,3.327000,4.101000,3.237000,4.508000,5.438000
231,9,3,3.774600,3.671000,5.011000,3.004000,4.123000,3.064000
231,10,3,3.722800,3.987000,5.106000,1.909000,3.361000,4.251000
231,11,3,3.229800,3.375000,3.739000,2.313000,4.467000,2.255000
231,12,3,3.306000,2.336000,2.709000,4.298000,4.795000,2.392000
231,13,3,2.253800,1.773000,1.402000,2.926000,1.851000,3.317000
231,14,3,3.198400,2.275000,4.778000,2.138000,1.730000,5.071000
231,15,3,3.523200,3.873000,1.806000,3.948000,4.770000,3.219000
231,16,3,3.549400,3.753000,1.847000,3.189000,4.746000,4.212000
231,17,3,3.610800,3.807000,1.793000,2.070000,5.284000,5.100000
231,18,3,3.846400,3.932000,1.518000,3.431000,4.960000,5.391000
231,19,3,3.554600,3.983000,1.756000,3.282000,4.997000,3.755000
232,0,3,3.486200,3.032000,2.444000,1.462000,5.570000,4.923000
232,1,3,4.135600,3.299000,4.176000,5.286000,2.438000,5.479000
232,2,3,2.818400,2.552000,3.788000,2.226000,1.995000,3.531000
232,3,3,3.655000,2.293000,3.752000,3.430000,3.285000,5.515000
232,4,3,3.390600,3.538000,2.939000,1.375000,5.517000,3.584000
232,5,3,3.923800,4.806000,3.717000,3.705000,2.130000,5.261000
232,6,3,3.871200,2.336000,4.670000,4.345000,2.858000,5.147000
232,7,3,2.681400,3.176000,2.298000,1.456000,2.332000,4.145000
232,8,3,2.663400,2.015000,2.682000,1.905000,2.745000,3.970000
232,9,3,3.130000,1.908000,3.889000,1.968000,3.243000,4.642000
232,10,3,3.849200,3.846000,4.337000,1.851000,4.515000,4.697000
232,11,3,3.384000,3.981000,4.129000,1.544000,3.117000,4.149000
232,12,3,3.481200,3.253000,2.131000,4.385000,4.553000,3.084000
232,13,3,3.484800,1.602000,4.475000,3.944000,2.088000,5.315000
232,14,3,3.205800,1.375000,3.686000,3.311000,5.072000,2.585000
232,15,3,3.076200,4.178000,1.850000,2.048000,3.026000,4.279000
232,16,3,3.193400,2.588000,2.124000,3.103000,3.544000,4.608000
232,17,3,3.513600,3.173000,3.835000,5.352000,1.724000,3.484000
232,18,3,3.013200,2.662000,2.648000,3.655000,2.090000,4.011000
232,19,3,3.829800,5.036000,4.451000,3.247000,2.517000,3.898000
233,0,3,2.915200,3.278000,2.840000,2.993000,2.472000,2.993000
233,1,3,3.093800,3.818000,3.861000,3.199000,2.813000,1.778000
233,2,3,2.472600,3.112000,2.310000,2.028000,2.191000,2.722000
233,3,3,3.786600,2.832000,4.069000,4.651000,3.659000,3.722000
233,4,3,3.291400,3.128000,2.494000,2.806000,2.488000,5.541000
233,5,3,3.630800,2.766000,3.737000,3.656000,6.206000,1.789000
233,6,3,3.787000,1.066000,5.142000,4.275000,3.947000,4.505000
233,7,3,3.182000,3.207000,3.432000,2.239000,2.531000,4.501000
233,8,3,2.844400,3.083000,3.073000,1.756000,2.652000,3.658000
233,9,3,3.572400,4.327000,2.638000,3.194000,2.676000,5.027000
233,10,3,3.086200,4.818000,2.600000,1.441000,4.095000,2.477000
233,11,3,3.043000,4.806000,1.871000,2.594000,2.795000,3.149000
233,12,3,3.719800,4.148000,3.196000,4.323000,2.352000,4.580000
233,13,3,3.438000,3.117000,3.701000,3.552000,3.582000,3.238000
233,14,3,2.813000,3.827000,1.648000,2.009000,2.758000,3.823000
233,15,3,3.773600,4.855000,2.245000,3.924000,2.371000,5.473000
233,16,3,2.336400,1.168000,2.396000,3.443000,3.084000,1.591000
233,17,3,3.483200,5.048000,1.359000,2.187000,3.249000,5.573000
233,18,3,3.379000,3.207000,3.675000,2.826000,3.849000,3.338000
233,19,3,3.548800,4.596000,3.389000,1.657000,5.426000,2.676000
234,0,3,3.757200,3.685000,3.433000,3.864000,3.088000,4.716000
234,1,3,3.414800,2.793000,5.480000,2.208000,2.996000,3.597000
234,2,3,2.695200,1.326000,3.437000,1.449000,3.721000,3.543000
234,3,3,3.303800,2.699000,4.147000,2.222000,2.636000,4.815000
234,4,3,2.910200,1.620000,2.098000,3.763000,1.697000,5.373000
234,5,3,3.529800,4.226000,3.962000,2.715000,2.470000,4.276000
234,6,3,3.640800,4.789000,4.914000,3.182000,1.564000,3.755000
234,7,3,3.106800,2.398000,1.893000,3.471000,4.154000,3.618000
234,8,3,2.484600,1.356000,1.831000,2.407000,3.687000,3.142000
234,9,3,3.548800,5.119000,3.722000,2.864000,3.527000,2.512000
234,10,3,3.801200,1.992000,5.087000,1.960000,4.848000,5.119000
234,11,3,2.636000,1.808000,4.040000,1.980000,2.548000,2.804000
234,12,3,4.240000,5.924000,5.903000,1.789000,3.021000,4.563000
234,13,3,3.671200,3.259000,4.177000,3.224000,3.416000,4.280000
234,14,3,4.127200,4.441000,3.730000,4.743000,3.709000,4.013000
234,15,3,2.570200,2.472000,1.395000,1.363000,2.448000,5.173000
234,16,3,3.637400,1.601000,4.237000,4.200000,1.869000,6.280000
234,17,3,3.704600,2.759000,4.266000,1.710000,4.313000,5.475000
234,18,3,3.130600,1.502000,5.048000,2.178000,1.981000,4.944000
234,19,3,3.245800,2.506000,5.331000,1.570000,2.353000,4.469000
235,0,3,3.595000,3.868000,3.397000,3.862000,2.205000,4.643000
235,1,3,2.921200,3.647000,2.972000,4.292000,2.370000,1.325000
235,2,3,2.716200,4.435000,3.550000,1.498000,1.853000,2.245000
235,3,3,2.282600,3.891000,2.723000,1.851000,1.803000,1.145000
235,4,3,3.840800,5.530000,4.371000,2.062000,2.430000,4.811000
235,5,3,3.080800,2.895000,2.991000,1.967000,2.805000,4.746000
235,6,3,2.648000,4.426000,2.268000,1.246000,3.114000,2.186000
235,7,3,2.860800,3.620000,5.471000,1.418000,2.524000,1.271000
235,8,3,2.692400,4.906000,3.340000,1.831000,1.567000,1.818000
235,9,3,2.456400,3.091000,1.556000,1.548000,3.859000,2.228000
235,10,3,2.528800,3.347000,1.840000,3.384000,1.788000,2.285000
235,11,3,3.007200,3.309000,4.292000,2.573000,1.432000,3.430000
235,12,3,3.361000,5.505000,3.372000,2.696000,2.351000,2.881000
235,13,3,3.237000,5.230000,2.984000,1.118000,2.730000,4.123000
235,14,3,2.788200,3.549000,3.780000,1.022000,2.129000,3.461000
235,15,3,1.884000,2.189000,2.085000,1.571000,2.131000,1.444000
235,16,3,3.659200,5.015000,3.405000,3.340000,3.518000,3.018000
235,17,3,2.910800,4.780000,3.247000,2.136000,2.048000,2.343000
235,18,3,2.282400,3.083000,1.936000,2.921000,2.250000,1.222000
235,19,3,2.516600,4.784000,1.443000,2.097000,1.562000,2.697000
236,0,3,3.350400,3.087000,4.137000,2.139000,2.290000,5.099000
236,1,3,4.220000,4.117000,5.169000,3.032000,3.154000,5.628000
236,2,3,3.114800,3.350000,4.223000,3.842000,1.353000,2.806000
236,3,3,4.146800,3.099000,5.726000,4.798000,1.926000,5.185000
236,4,3,4.167600,4.321000,6.346000,4.014000,3.576000,2.581000
236,5,3,3.737800,2.328000,3.765000,4.539000,2.613000,5.444000
236,6,2,1.725000,1.212000,1.103000,2.383000,1.554000,2.373000
236,7,2,1.816200,1.167000,2.147000,1.403000,2.022000,2.342000
236,8,3,2.452000,1.889000,3.045000,1.304000,1.757000,4.265000
236,9,3,2.780200,1.647000,4.578000,1.358000,1.338000,4.980000
236,10,3,2.860400,1.913000,3.618000,1.863000,1.345000,5.563000
236,11,3,3.332200,4.243000,5.194000,2.093000,1.532000,3.599000
236,12,3,2.173600,1.942000,1.191000,1.326000,2.597000,3.812000
236,13,3,4.414000,4.568000,2.710000,5.683000,5.562000,3.547000
236,14,3,3.338400,3.585000,4.683000,4.589000,2.078000,1.757000
236,15,1,2.464200,2.645000,1.118000,3.539000,2.615000,2.404000
236,16,3,3.926400,5.823000,5.637000,3.040000,1.730000,3.402000
236,17,3,4.368800,4.134000,6.425000,5.308000,2.032000,3.945000
236,18,3,4.214400,3.930000,5.327000,4.665000,1.851000,5.299000
236,19,1,2.540600,2.937000,3.612000,2.826000,1.369000,1.959000
237,0,3,2.493200,2.662000,3.745000,1.015000,2.007000,3.037000
237,1,3,2.925400,3.919000,4.783000,1.514000,2.079000,2.332000
237,2,3,2.968200,2.958000,3.437000,3.575000,3.187000,1.684000
237,3,3,3.736800,3.220000,5.065000,1.118000,4.972000,4.309000
237,4,3,3.630000,5.013000,5.636000,1.024000,3.485000,2.992000
237,5,3,4.049000,4.860000,4.895000,2.731000,5.297000,2.462000
237,6,3,4.123400,3.753000,5.939000,3.625000,4.502000,2.798000
237,7,3,3.746200,4.786000,4.751000,0.940000,3.953000,4.301000
237,8,3,3.441000,4.956000,1.893000,1.503000,3.244000,5.609000
237,9,3,3.747000,5.506000,4.133000,1.402000,3.360000,4.334000
237,10,3,2.952800,2.050000,2.033000,2.105000,4.829000,3.747000
237,11,3,2.526200,2.896000,4.222000,0.943000,1.823000,2.747000
237,12,3,3.372600,2.566000,4.994000,1.112000,4.872000,3.319000
237,13,3,3.256000,4.432000,3.798000,3.922000,2.326000,1.802000
237,14,3,2.845000,2.788000,2.385000,2.131000,2.703000,4.218000
237,15,3,4.278600,4.962000,5.102000,4.862000,3.128000,3.339000
237,16,3,3.404200,5.112000,5.303000,1.158000,3.565000,1.883000
237,17,3,3.759200,3.788000,5.606000,2.922000,2.111000,4.369000
237,18,3,2.978000,4.413000,3.953000,0.955000,2.338000,3.231000
237,19,3,3.709800,4.369000,4.597000,4.960000,3.026000,1.597000
238,0,3,4.149800,4.587000,1.841000,4.280000,4.691000,5.350000
238,1,3,2.641400,1.877000,1.735000,2.570000,5.210000,1.815000
238,2,3,3.006200,4.628000,2.976000,1.952000,2.180000,3.295000
238,3,3,3.899600,4.612000,2.095000,3.176000,5.303000,4.312000
238,4,3,4.067000,4.476000,3.975000,4.628000,3.511000,3.745000
238,5,3,2.617200,3.304000,3.172000,1.459000,2.879000,2.272000
238,6,3,4.364600,4.847000,4.162000,2.449000,5.104000,5.261000
238,7,3,3.773000,5.032000,4.226000,2.354000,4.566000,2.687000
238,8,3,4.131000,5.347000,4.202000,2.847000,4.260000,3.999000
238,9,0,1.571600,1.388000,1.900000,1.810000,1.739000,1.021000
238,10,3,3.831000,5.301000,4.748000,4.171000,2.795000,2.140000
238,11,3,3.468200,3.328000,1.884000,4.822000,4.435000,2.872000
238,12,3,4.222000,4.458000,3.771000,3.360000,4.664000,4.857000
238,13,3,3.710800,4.195000,2.960000,1.907000,4.492000,5.000000
238,14,3,3.796200,3.801000,3.221000,3.501000,3.947000,4.511000
238,15,3,3.672000,4.504000,3.220000,1.776000,3.998000,4.862000
238,16,3,4.016600,3.913000,5.037000,1.825000,4.842000,4.466000
238,17,3,2.847000,4.432000,2.092000,4.274000,2.022000,1.415000
238,18,3,2.826800,4.032000,3.768000,1.485000,3.264000,1.585000
238,19,3,3.808400,4.715000,2.521000,2.064000,4.214000,5.528000
239,0,3,3.382000,3.780000,1.935000,2.763000,3.773000,4.659000
239,1,3,3.004200,2.743000,2.270000,3.187000,3.316000,3.505000
239,2,3,3.327600,3.092000,5.216000,2.452000,3.885000,1.993000
239,3,3,3.809600,4.443000,4.032000,3.230000,3.035000,4.308000
239,4,3,3.335000,4.037000,1.860000,2.543000,3.988000,4.247000
239,5,3,3.996400,3.703000,4.948000,3.823000,2.534000,4.974000
239,6,3,3.182000,2.916000,4.212000,2.887000,2.352000,3.543000
239,7,3,3.727000,4.084000,2.548000,4.867000,5.114000,2.022000
239,8,3,3.907400,2.910000,1.855000,3.408000,6.505000,4.859000
239,9,3,4.321200,3.727000,4.145000,2.905000,5.947000,4.882000
239,10,3,3.774400,4.590000,4.509000,2.599000,2.509000,4.665000
239,11,3,3.711000,3.947000,4.960000,2.043000,3.927000,3.678000
239,12,3,3.421800,4.260000,2.984000,3.649000,3.343000,2.873000
239,13,3,4.359200,4.697000,4.744000,4.794000,3.478000,4.083000
239,14,3,3.780600,3.694000,2.894000,4.508000,2.197000,5.610000
239,15,3,3.712000,3.842000,3.190000,4.637000,2.195000,4.696000
239,16,3,3.744800,4.579000,4.489000,2.864000,2.892000,3.900000
239,17,3,2.685400,1.924000,2.863000,3.031000,2.292000,3.317000
239,18,3,3.027400,3.350000,2.618000,3.741000,3.368000,2.060000
239,19,3,3.889400,4.653000,3.493000,4.252000,3.139000,3.910000
240,0,0,2.311000,2.322000,2.768000,2.537000,1.983000,1.945000
240,1,0,1.653000,1.492000,1.703000,2.147000,0.977000,1.946000
240,2,0,1.541200,2.227000,1.829000,1.366000,1.250000,1.034000
240,3,0,1.605600,1.250000,1.796000,2.353000,1.431000,1.198000
240,4,0,1.936200,1.864000,1.318000,2.358000,1.421000,2.720000
240,5,0,2.175800,1.886000,1.501000,4.119000,1.236000,2.137000
240,6,0,2.058800,1.464000,2.646000,2.505000,1.290000,2.389000
240,7,0,2.219400,1.982000,1.755000,3.128000,1.195000,3.037000
240,8,0,1.874800,1.964000,1.743000,2.641000,0.999000,2.027000
240,9,0,1.613800,1.671000,1.506000,2.079000,1.210000,1.603000
240,10,0,1.770600,2.293000,2.210000,1.417000,1.636000,1.297000
240,11,0,2.095400,1.387000,3.199000,2.908000,1.419000,1.564000
240,12,0,2.205200,2.656000,1.560000,2.359000,2.066000,2.385000
240,13,0,1.765200,2.059000,1.486000,2.608000,1.077000,1.596000
240,14,0,1.734000,1.190000,1.576000,2.485000,1.460000,1.959000
240,15,0,1.736000,1.348000,1.452000,2.257000,1.243000,2.380000
240,16,0,2.512400,2.176000,2.367000,3.533000,1.895000,2.591000
240,17,0,1.593000,1.648000,1.376000,1.237000,1.717000,1.987000
240,18,0,1.960800,2.317000,1.422000,2.268000,1.549000,2.248000
240,19,0,2.074000,2.800000,1.544000,2.557000,1.079000,2.390000
240,20,1,2.597000,4.097000,2.132000,1.513000,3.400000,1.843000
240,21,1,2.552800,4.451000,2.235000,2.658000,1.995000,1.425000
240,22,1,3.161000,3.179000,3.651000,3.937000,2.917000,2.121000
240,23,1,2.785600,3.713000,2.738000,2.973000,3.338000,1.166000
240,24,1,2.732400,1.492000,4.496000,2.864000,2.780000,2.030000
240,25,1,2.603200,1.809000,4.240000,3.657000,1.365000,1.945000
240,26,1,2.797400,3.055000,2.533000,3.604000,3.263000,1.532000
240,27,1,2.410600,2.497000,2.826000,2.673000,2.571000,1.486000
240,28,1,2.681000,3.029000,2.598000,3.377000,2.032000,2.369000
240,29,1,2.914400,2.036000,4.277000,4.520000,1.990000,1.749000
240,30,1,2.311600,1.710000,2.229000,3.850000,1.446000,2.323000
240,31,1,3.151600,3.940000,3.861000,3.959000,2.714000,1.284000
240,32,1,2.601800,2.589000,3.230000,3.317000,2.864000,1.009000
240,33,1,2.691800,1.485000,3.632000,3.157000,2.895000,2.290000
240,34,1,2.825200,3.289000,3.403000,3.919000,1.807000,1.708000
240,35,1,3.066000,4.300000,2.802000,3.969000,2.455000,1.804000
240,36,1,2.468400,1.844000,2.156000,3.817000,2.414000,2.111000
240,37,1,2.914800,4.120000,2.623000,3.639000,1.698000,2.494000
240,38,1,2.388400,2.440000,1.498000,2.275000,3.727000,2.002000
240,39,1,2.999200,4.440000,3.082000,1.446000,2.763000,3.265000
240,40,2,2.335200,2.495000,2.686000,2.869000,1.412000,2.214000
240,41,2,2.436400,2.635000,2.703000,3.132000,1.996000,1.716000
240,42,2,2.500200,3.121000,1.902000,4.191000,1.328000,1.959000
240,43,2,2.483800,2.774000,2.496000,3.595000,1.380000,2.174000
240,44,2,2.650400,2.414000,2.958000,3.906000,1.196000,2.778000
240,45,2,2.471600,2.291000,3.496000,3.274000,1.181000,2.116000
240,46,2,2.806000,2.554000,1.972000,3.940000,1.793000,3.771000
240,47,2,2.596000,2.403000,2.414000,2.447000,2.394000,3.322000
240,48,2,2.244800,2.483000,3.017000,2.404000,1.444000,1.876000
240,49,2,2.425200,3.496000,1.827000,3.431000,1.104000,2.268000
240,50,2,2.350400,2.195000,1.917000,4.483000,1.166000,1.991000
240,51,2,2.976600,3.317000,2.676000,4.052000,1.496000,3.342000
240,52,2,2.501600,3.754000,2.114000,3.083000,1.247000,2.310000
240,53,2,2.199800,2.530000,1.456000,3.148000,1.964000,1.901000
240,54,2,2.058200,2.250000,3.048000,2.231000,1.314000,1.448000
240,55,2,2.874400,3.789000,2.310000,4.492000,1.248000,2.533000
240,56,2,2.532800,3.275000,2.559000,3.382000,1.155000,2.293000
240,57,2,2.518200,3.375000,2.786000,3.292000,1.021000,2.117000
240,58,2,2.419800,2.131000,2.347000,2.877000,2.006000,2.738000
240,59,2,2.662600,2.613000,2.539000,4.469000,1.768000,1.924000
240,60,3,3.287000,2.478000,4.792000,4.082000,3.380000,1.703000
240,61,3,4.115400,2.049000,4.516000,4.279000,4.049000,5.684000
240,62,3,3.895200,4.465000,4.007000,4.819000,3.247000,2.938000
240,63,3,3.864200,5.846000,3.277000,4.434000,4.156000,1.608000
240,64,3,4.328200,5.400000,4.799000,4.200000,3.699000,3.543000
240,65,3,3.314000,3.131000,3.882000,3.866000,3.446000,2.245000
240,66,3,3.467800,5.256000,1.742000,5.293000,3.362000,1.686000
240,67,3,3.622400,3.677000,3.269000,4.534000,4.397000,2.235000
240,68,3,3.335400,3.619000,4.344000,4.346000,2.596000,1.772000
240,69,3,3.825400,3.475000,4.640000,5.434000,3.998000,1.580000
240,70,3,3.354800,2.256000,4.513000,3.688000,4.024000,2.293000
240,71,3,3.472400,4.197000,3.037000,3.043000,3.613000,3.472000
240,72,3,3.519000,2.688000,3.305000,5.193000,4.138000,2.271000
240,73,3,3.749200,4.494000,4.487000,4.341000,3.426000,1.998000
240,74,3,3.731800,3.799000,4.663000,4.016000,4.059000,2.122000
240,75,3,3.378000,1.354000,5.364000,4.579000,3.576000,2.017000
240,76,3,3.737000,4.642000,4.389000,3.594000,4.617000,1.443000
240,77,3,3.947200,3.576000,5.165000,4.900000,3.251000,2.844000
240,78,3,3.774200,4.883000,3.443000,5.398000,3.274000,1.873000
240,79,3,3.836000,5.190000,2.174000,4.615000,4.023000,3.178000
240,80,4,1.899200,2.173000,2.444000,1.903000,1.267000,1.709000
240,81,4,2.258800,2.559000,2.729000,3.272000,1.561000,1.173000
240,82,4,2.584800,3.431000,2.624000,3.074000,1.626000,2.169000
240,83,4,2.724600,2.965000,3.326000,3.024000,1.539000,2.769000
240,84,4,2.066600,2.603000,2.640000,1.672000,1.296000,2.122000
240,85,4,2.107000,1.535000,2.748000,2.955000,1.567000,1.730000
240,86,4,2.772000,3.158000,1.989000,4.196000,3.080000,1.437000
240,87,4,2.314800,2.743000,2.500000,2.371000,1.857000,2.103000
240,88,4,2.220800,2.697000,2.334000,2.480000,1.833000,1.760000
240,89,4,2.463200,3.565000,1.346000,3.441000,1.891000,2.073000
240,90,4,2.442000,2.615000,3.276000,1.871000,1.744000,2.704000
240,91,4,2.113400,1.439000,3.188000,1.878000,1.436000,2.626000
240,92,4,2.215400,2.339000,1.475000,3.944000,1.629000,1.690000
240,93,4,2.796000,2.792000,4.162000,2.337000,1.098000,3.591000
240,94,4,2.700400,2.664000,3.023000,3.206000,1.773000,2.836000
240,95,4,1.989200,2.107000,3.484000,1.947000,1.291000,1.117000
240,96,4,2.090400,2.485000,3.340000,1.707000,1.407000,1.513000
240,97,4,2.005600,1.614000,2.707000,2.116000,1.365000,2.226000
240,98,4,2.343200,2.065000,1.640000,2.780000,1.694000,3.537000
240,99,4,2.281800,1.750000,2.331000,3.349000,1.450000,2.529000
241,0,3,3.515800,1.775000,2.667000,4.789000,5.750000,2.598000
241,1,3,3.488000,1.368000,4.044000,3.887000,2.578000,5.563000
241,2,3,3.373000,2.052000,4.951000,5.309000,2.357000,2.196000
241,3,3,2.636000,4.210000,3.396000,2.261000,1.442000,1.871000
241,4,3,3.612400,2.720000,4.296000,4.129000,2.078000,4.839000
241,5,3,4.100800,1.187000,5.398000,4.806000,4.935000,4.178000
241,6,3,3.115600,1.347000,5.370000,4.134000,1.809000,2.918000
241,7,3,4.595200,5.455000,5.167000,5.105000,2.637000,4.612000
241,8,3,3.071600,2.600000,4.934000,4.785000,1.850000,1.189000
241,9,3,2.924200,1.402000,3.648000,4.728000,2.591000,2.252000
241,10,3,3.343800,2.035000,3.681000,4.889000,2.689000,3.425000
241,11,3,3.158200,2.974000,3.137000,2.296000,1.764000,5.620000
241,12,3,3.440000,3.138000,4.607000,2.968000,3.278000,3.209000
241,13,3,3.708800,4.464000,3.543000,4.650000,2.192000,3.695000
241,14,3,4.445000,4.664000,5.022000,4.997000,3.833000,3.709000
241,15,3,3.682000,4.875000,3.422000,4.032000,2.089000,3.992000
241,16,3,4.217200,3.392000,5.589000,5.638000,1.535000,4.932000
241,17,3,3.534000,1.437000,4.443000,4.427000,4.316000,3.047000
241,18,3,4.852600,2.852000,5.154000,5.422000,6.406000,4.429000
241,19,3,3.556000,1.330000,5.344000,5.331000,2.026000,3.749000
242,0,3,3.859600,5.084000,5.637000,3.921000,1.848000,2.808000
242,1,3,3.915000,4.936000,4.819000,2.629000,3.170000,4.021000
242,2,3,3.705400,4.861000,5.327000,3.099000,1.236000,4.004000
242,3,3,3.241400,4.938000,1.753000,5.204000,1.476000,2.836000
242,4,3,3.739400,5.134000,1.120000,2.923000,4.863000,4.657000
242,5,3,4.558800,4.046000,4.696000,4.332000,6.107000,3.613000
242,6,3,3.436200,2.942000,4.681000,2.648000,2.265000,4.645000
242,7,3,2.634200,2.393000,1.630000,2.152000,2.675000,4.321000
242,8,3,3.464000,5.583000,4.752000,3.251000,1.435000,2.299000
242,9,3,3.814000,3.757000,5.089000,4.261000,1.583000,4.380000
242,10,3,3.100600,4.106000,3.653000,3.095000,1.860000,2.789000
242,11,3,3.887200,5.311000,5.516000,3.411000,1.563000,3.635000
242,12,3,4.482800,3.387000,5.683000,3.862000,5.290000,4.192000
242,13,3,3.960200,1.711000,5.092000,4.418000,4.646000,3.934000
242,14,3,3.649000,4.874000,4.021000,3.303000,1.545000,4.502000
242,15,3,3.633400,1.741000,1.916000,5.275000,6.180000,3.055000
242,16,3,3.536200,3.937000,5.353000,1.592000,4.331000,2.468000
242,17,3,3.535000,1.860000,4.795000,1.910000,5.228000,3.882000
242,18,3,2.730600,1.588000,2.244000,3.530000,1.929000,4.362000
242,19,3,2.596600,3.808000,2.623000,1.797000,1.980000,2.775000
243,0,3,4.560600,5.568000,2.210000,5.969000,5.387000,3.669000
243,1,3,4.284000,3.423000,4.783000,5.107000,3.227000,4.880000
243,2,3,4.299800,4.981000,5.343000,4.838000,3.126000,3.211000
243,3,3,3.158400,3.859000,2.439000,2.957000,1.920000,4.617000
243,4,3,2.445200,1.440000,2.421000,3.203000,1.915000,3.247000
243,5,3,3.857000,3.530000,3.675000,3.476000,4.601000,4.003000
243,6,3,3.608600,2.590000,3.771000,4.031000,5.116000,2.535000
243,7,3,3.597800,5.711000,2.151000,2.527000,3.376000,4.224000
243,8,3,3.554000,1.797000,4.714000,4.919000,3.172000,3.168000
243,9,3,3.333000,3.452000,3.892000,3.621000,2.866000,2.834000
243,10,3,3.824400,3.352000,4.119000,3.865000,5.437000,2.349000
243,11,3,4.419800,4.639000,5.136000,4.396000,3.608000,4.320000
243,12,3,3.938600,3.331000,5.663000,3.951000,3.096000,3.652000
243,13,3,2.638400,1.670000,2.075000,2.516000,1.997000,4.934000
243,14,3,3.831400,3.444000,3.070000,5.558000,3.906000,3.179000
243,15,3,3.804200,4.752000,5.246000,2.425000,3.311000,3.287000
243,16,3,3.752800,4.346000,3.789000,4.059000,3.738000,2.832000
243,17,3,3.673200,4.528000,2.996000,4.296000,4.093000,2.453000
243,18,3,4.589800,3.849000,5.701000,5.778000,5.417000,2.204000
243,19,3,3.834600,4.250000,4.693000,3.928000,3.512000,2.790000
244,0,3,2.838200,2.558000,1.377000,4.838000,3.220000,2.198000
244,1,3,3.347600,2.376000,1.587000,3.884000,5.696000,3.195000
244,2,3,3.334400,4.417000,1.901000,2.092000,3.162000,5.100000
244,3,3,3.640200,4.220000,3.837000,3.349000,5.335000,1.460000
244,4,3,3.382400,2.956000,1.900000,2.980000,4.640000,4.436000
244,5,3,2.556200,1.494000,1.369000,2.503000,3.006000,4.409000
244,6,3,3.779400,3.461000,3.311000,3.537000,4.914000,3.674000
244,7,3,1.957000,2.480000,1.569000,2.263000,1.306000,2.167000
244,8,3,3.140000,4.782000,1.263000,3.230000,4.789000,1.636000
244,9,3,3.991200,4.958000,4.535000,4.356000,3.041000,3.066000
244,10,3,2.873000,4.424000,1.768000,3.480000,2.731000,1.962000
244,11,3,2.962200,4.062000,2.432000,2.095000,4.166000,2.056000
244,12,3,3.122800,4.015000,2.414000,2.062000,2.431000,4.692000
244,13,3,4.154000,3.078000,5.800000,4.386000,3.837000,3.669000
244,14,3,2.370000,2.096000,1.339000,4.332000,1.443000,2.640000
244,15,3,3.237800,3.802000,1.384000,3.142000,4.025000,3.836000
244,16,3,3.106000,3.566000,1.717000,2.264000,5.569000,2.414000
244,17,3,2.838200,2.190000,1.567000,2.909000,4.815000,2.710000
244,18,3,2.765600,3.422000,2.655000,1.646000,3.106000,2.999000
244,19,3,4.203400,4.327000,1.927000,5.724000,4.259000,4.780000
245,0,3,3.526800,4.774000,3.991000,2.756000,4.431000,1.682000
245,1,3,2.833600,3.246000,2.609000,3.978000,2.855000,1.480000
245,2,3,2.421600,2.357000,1.543000,3.537000,2.896000,1.775000
245,3,3,3.481800,3.130000,3.142000,2.752000,4.975000,3.410000
245,4,3,3.011000,4.471000,3.414000,2.467000,1.940000,2.763000
245,5,3,4.093000,3.365000,5.568000,3.841000,4.702000,2.989000
245,6,3,2.346200,2.299000,3.354000,2.476000,2.313000,1.289000
245,7,3,2.987600,2.045000,5.153000,4.796000,1.337000,1.607000
245,8,3,3.673200,3.604000,3.742000,3.273000,5.831000,1.916000
245,9,3,3.959800,4.039000,4.768000,2.412000,5.583000,2.997000
245,10,3,2.610800,4.850000,2.433000,1.960000,2.139000,1.672000
245,11,3,2.591200,2.839000,4.659000,2.059000,1.852000,1.547000
245,12,3,3.481200,2.850000,4.064000,4.754000,4.084000,1.654000
245,13,3,2.530200,2.593000,3.820000,2.872000,1.772000,1.594000
245,14,3,3.342600,4.806000,5.150000,3.210000,1.771000,1.776000
245,15,3,3.653200,4.075000,3.239000,5.910000,3.544000,1.498000
245,16,3,3.592800,2.305000,4.252000,3.918000,4.160000,3.329000
245,17,3,2.568200,2.298000,2.603000,3.650000,2.370000,1.920000
245,18,3,3.205200,5.018000,2.063000,4.237000,2.873000,1.835000
245,19,3,2.465200,1.562000,4.676000,2.239000,1.217000,2.632000
246,0,3,3.512200,4.291000,2.265000,3.550000,4.687000,2.768000
246,1,3,2.912800,3.900000,1.807000,3.147000,1.878000,3.832000
246,2,3,2.674200,3.634000,1.344000,3.294000,2.155000,2.944000
246,3,3,3.779000,4.992000,2.315000,4.829000,3.446000,3.313000
246,4,3,3.555600,4.354000,1.849000,5.075000,4.209000,2.291000
246,5,3,3.694600,4.483000,2.808000,3.046000,5.083000,3.053000
246,6,3,3.686000,4.673000,3.983000,3.743000,3.659000,2.372000
246,7,3,3.672800,4.306000,2.340000,3.215000,3.805000,4.698000
246,8,3,3.301000,4.639000,4.962000,3.040000,1.892000,1.972000
246,9,3,3.875600,4.306000,3.334000,4.592000,5.790000,1.356000
246,10,3,2.923800,2.583000,2.335000,4.456000,2.846000,2.399000
246,11,3,3.271800,4.486000,2.002000,2.164000,3.670000,4.037000
246,12,3,3.099800,4.069000,2.553000,2.631000,4.121000,2.125000
246,13,3,3.771000,3.826000,4.100000,4.441000,2.113000,4.375000
246,14,3,3.520400,4.191000,3.502000,4.583000,4.182000,1.144000
246,15,3,3.594600,4.526000,1.712000,3.550000,3.620000,4.565000
246,16,3,3.738400,4.519000,1.836000,4.006000,4.092000,4.239000
246,17,3,3.820000,4.636000,1.847000,4.521000,4.436000,3.660000
246,18,3,2.655000,4.732000,3.070000,1.613000,2.559000,1.301000
246,19,3,2.730000,4.062000,1.374000,3.630000,2.113000,2.471000
247,0,3,3.010000,3.362000,2.034000,2.972000,2.773000,3.909000
247,1,3,3.585800,2.611000,2.996000,1.873000,5.326000,5.123000
247,2,3,2.767800,1.813000,3.701000,1.444000,4.500000,2.381000
247,3,3,3.345800,5.151000,1.807000,1.197000,5.352000,3.222000
247,4,3,4.405400,3.951000,4.428000,3.717000,4.041000,5.890000
247,5,3,3.498400,2.502000,3.506000,3.398000,3.392000,4.694000
247,6,3,3.756200,4.706000,1.807000,1.140000,5.515000,5.613000
247,7,3,3.462000,5.132000,3.676000,1.274000,4.219000,3.009000
247,8,3,3.711400,4.674000,1.982000,2.457000,5.880000,3.564000
247,9,3,4.225400,3.750000,4.724000,4.682000,4.738000,3.233000
247,10,3,2.616200,3.751000,1.826000,1.574000,3.275000,2.655000
247,11,3,3.352400,4.791000,2.198000,2.907000,5.288000,1.578000
247,12,3,2.862400,4.590000,4.042000,1.249000,1.929000,2.502000
247,13,3,2.690600,1.762000,2.927000,2.004000,4.794000,1.966000
247,14,3,4.357600,5.252000,2.620000,4.624000,4.804000,4.488000
247,15,3,2.535000,4.180000,2.558000,1.341000,2.969000,1.627000
247,16,3,3.262400,4.472000,2.295000,4.040000,3.560000,1.945000
247,17,3,4.766200,4.778000,4.609000,3.615000,6.031000,4.798000
247,18,3,3.591000,3.957000,4.441000,3.344000,3.367000,2.846000
247,19,3,3.303400,2.510000,2.628000,4.850000,1.748000,4.781000
248,0,3,3.199400,1.598000,3.238000,4.439000,5.429000,1.293000
248,1,3,3.872600,3.671000,5.657000,4.708000,3.751000,1.576000
248,2,3,3.476600,2.210000,2.604000,4.658000,4.282000,3.629000
248,3,3,2.695000,2.067000,1.729000,3.501000,4.310000,1.868000
248,4,3,3.683200,1.721000,4.028000,5.042000,4.104000,3.521000
248,5,3,3.669400,4.694000,3.062000,2.859000,3.327000,4.405000
248,6,3,3.263600,4.835000,2.582000,2.202000,5.124000,1.575000
248,7,3,3.304600,3.455000,3.462000,4.345000,3.938000,1.323000
248,8,3,3.878800,4.705000,3.537000,5.042000,3.447000,2.663000
248,9,3,4.201200,2.838000,5.629000,4.411000,3.740000,4.388000
248,10,3,4.318000,5.888000,5.046000,4.967000,3.756000,1.933000
248,11,3,4.169000,2.899000,5.228000,4.428000,3.691000,4.599000
248,12,3,3.302000,4.392000,3.636000,1.991000,4.884000,1.607000
248,13,3,2.669200,1.777000,3.557000,2.497000,3.580000,1.935000
248,14,3,2.514200,1.380000,2.366000,4.599000,2.717000,1.509000
248,15,3,3.165600,2.108000,3.236000,4.328000,4.200000,1.956000
248,16,3,3.992400,2.143000,3.249000,4.329000,4.029000,6.212000
248,17,3,3.681400,1.036000,4.445000,5.229000,4.825000,2.872000
248,18,3,2.929200,2.937000,4.153000,2.939000,3.442000,1.175000
248,19,3,3.514000,2.303000,2.634000,4.935000,5.564000,2.134000
249,0,3,2.968000,4.770000,3.182000,1.709000,1.608000,3.571000
249,1,3,3.707000,4.151000,3.304000,4.847000,2.355000,3.878000
249,2,3,3.544200,4.095000,3.000000,4.650000,1.708000,4.268000
249,3,3,4.093400,4.653000,4.579000,4.943000,1.305000,4.987000
249,4,3,3.628000,3.370000,4.008000,4.719000,3.822000,2.221000
249,5,3,2.599800,3.110000,2.674000,2.054000,1.799000,3.362000
249,6,3,4.204400,4.570000,4.615000,4.696000,1.985000,5.156000
249,7,3,3.010600,3.911000,1.932000,2.552000,1.986000,4.672000
249,8,3,3.890200,5.087000,4.328000,3.107000,5.012000,1.917000
249,9,3,3.207800,3.341000,3.596000,3.905000,1.154000,4.043000
249,10,3,2.818800,3.630000,4.246000,3.266000,1.170000,1.782000
249,11,3,3.795400,4.418000,4.978000,3.820000,1.329000,4.432000
249,12,3,3.572600,4.492000,2.913000,4.338000,1.281000,4.839000
249,13,3,3.537200,2.892000,3.378000,3.793000,1.918000,5.705000
249,14,3,4.062200,2.109000,4.572000,4.229000,4.728000,4.673000
249,15,3,3.164800,4.123000,2.752000,3.997000,1.565000,3.387000
249,16,3,4.279800,4.635000,2.639000,5.260000,4.971000,3.894000
249,17,3,4.286200,4.713000,4.871000,5.308000,1.323000,5.216000
249,18,3,3.400800,2.560000,3.608000,3.788000,5.278000,1.770000
249,19,3,3.682600,4.291000,2.856000,5.494000,1.824000,3.948000
250,0,0,1.830800,1.091000,1.404000,1.560000,2.481000,2.618000
250,1,0,1.599800,1.417000,1.910000,1.225000,2.248000,1.199000
250,2,0,2.191200,1.340000,1.192000,1.974000,3.367000,3.083000
250,3,0,2.054600,1.155000,2.015000,1.046000,2.132000,3.925000
250,4,0,1.829200,1.106000,1.912000,1.181000,3.274000,1.673000
250,5,0,1.716600,1.103000,1.883000,1.316000,3.149000,1.132000
250,6,0,1.864000,1.057000,1.579000,2.472000,2.424000,1.788000
250,7,0,2.020400,1.076000,1.638000,1.063000,2.742000,3.583000
250,8,0,2.140000,1.260000,1.698000,0.960000,2.112000,4.670000
250,9,0,2.157800,1.169000,2.005000,1.498000,2.521000,3.596000
250,10,0,2.674200,2.080000,2.309000,2.122000,2.812000,4.048000
250,11,0,2.046000,1.225000,1.745000,2.005000,2.176000,3.079000
250,12,0,2.387400,1.063000,1.239000,2.851000,3.260000,3.524000
250,13,0,2.198200,1.179000,2.528000,2.454000,2.854000,1.976000
250,14,0,1.751800,2.210000,1.119000,1.657000,2.593000,1.180000
250,15,0,2.628000,1.180000,1.656000,2.968000,2.617000,4.719000
250,16,0,2.347200,1.141000,1.421000,2.437000,3.902000,2.835000
250,17,0,2.185400,1.354000,2.132000,1.271000,3.068000,3.102000
250,18,0,1.518400,1.102000,1.763000,1.019000,1.585000,2.123000
250,19,0,1.859800,1.002000,1.283000,1.450000,1.952000,3.612000
250,20,1,2.350600,2.497000,2.015000,2.811000,2.335000,2.095000
250,21,1,2.578000,1.191000,1.398000,2.867000,3.649000,3.785000
250,22,1,2.391800,2.226000,1.618000,1.318000,3.316000,3.481000
250,23,1,3.018400,3.706000,3.735000,1.334000,3.055000,3.262000
250,24,1,3.210200,1.711000,3.129000,4.223000,3.453000,3.535000
250,25,1,2.593000,2.205000,3.034000,1.069000,2.604000,4.053000
250,26,1,2.300000,1.719000,1.731000,2.689000,2.414000,2.947000
250,27,1,2.844800,2.135000,1.730000,5.016000,3.044000,2.299000
250,28,1,3.165000,3.225000,1.685000,3.056000,3.277000,4.582000
250,29,1,2.162600,2.642000,1.295000,0.951000,2.685000,3.240000
250,30,1,2.441200,1.638000,2.773000,2.012000,2.847000,2.936000
250,31,1,1.975600,1.346000,1.091000,1.012000,3.206000,3.223000
250,32,1,3.346200,1.274000,1.428000,5.187000,5.138000,3.704000
250,33,1,2.121800,1.471000,1.730000,1.592000,2.386000,3.430000
250,34,1,2.232000,1.932000,1.609000,3.829000,2.090000,1.700000
250,35,1,2.188200,1.453000,1.314000,2.867000,3.759000,1.548000
250,36,1,2.441000,1.755000,1.268000,1.999000,2.493000,4.690000
250,37,1,1.855600,1.374000,1.199000,1.615000,2.019000,3.071000
250,38,1,2.014600,1.496000,2.038000,2.196000,2.600000,1.743000
250,39,1,2.319200,2.002000,1.481000,2.510000,3.205000,2.398000
250,40,2,2.579800,1.494000,2.299000,2.790000,2.731000,3.585000
250,41,2,1.717200,1.186000,1.178000,2.125000,2.390000,1.707000
250,42,2,2.512200,2.001000,1.518000,2.237000,2.703000,4.102000
250,43,2,2.445000,1.578000,1.125000,3.079000,2.426000,4.017000
250,44,2,1.940000,1.689000,1.096000,1.943000,3.412000,1.560000
250,45,2,2.652600,2.035000,1.356000,2.330000,2.580000,4.962000
250,46,2,1.968200,1.993000,1.687000,0.882000,1.912000,3.367000
250,47,2,2.043800,1.245000,1.015000,1.583000,2.544000,3.832000
250,48,2,1.977800,1.791000,1.197000,1.477000,2.534000,2.890000
250,49,2,2.387600,2.821000,1.294000,2.532000,2.972000,2.319000
250,50,2,1.783600,1.556000,1.879000,1.497000,2.170000,1.816000
250,51,2,1.712200,1.484000,1.211000,1.195000,2.013000,2.658000
250,52,2,2.015200,1.415000,1.189000,1.917000,2.258000,3.297000
250,53,2,2.254000,1.278000,1.584000,3.022000,3.496000,1.890000
250,54,2,2.301400,1.549000,1.521000,2.215000,2.906000,3.316000
250,55,2,1.792400,1.786000,1.350000,1.429000,2.103000,2.294000
250,56,2,1.966400,1.493000,2.141000,1.498000,2.537000,2.163000
250,57,2,2.474800,1.871000,1.442000,2.757000,2.195000,4.109000
250,58,2,2.651400,1.801000,2.209000,2.762000,2.849000,3.636000
250,59,2,2.080000,1.418000,1.615000,1.316000,3.160000,2.891000
250,60,3,3.471800,1.959000,2.827000,4.399000,3.532000,4.642000
250,61,3,3.420400,3.339000,3.105000,2.112000,2.604000,5.942000
250,62,3,3.660600,3.928000,2.771000,3.150000,5.282000,3.172000
250,63,3,4.397000,5.056000,3.712000,5.670000,4.983000,2.564000
250,64,3,4.198400,2.857000,4.013000,4.399000,4.035000,5.688000
250,65,3,3.440800,3.048000,1.755000,4.401000,4.617000,3.383000
250,66,3,3.479400,3.898000,1.877000,2.658000,3.512000,5.452000
250,67,3,3.008200,2.367000,1.740000,4.944000,3.801000,2.189000
250,68,3,3.538800,4.684000,2.488000,2.524000,4.059000,3.939000
250,69,3,3.533000,3.886000,1.878000,3.018000,3.687000,5.196000
250,70,3,3.410000,4.571000,2.341000,3.540000,4.344000,2.254000
250,71,3,3.614200,4.978000,1.536000,1.836000,3.932000,5.789000
250,72,3,4.138400,3.621000,5.153000,6.183000,4.611000,1.124000
250,73,3,3.148200,2.483000,3.023000,3.350000,2.503000,4.382000
250,74,3,4.538200,5.074000,3.967000,4.667000,5.140000,3.843000
250,75,3,3.193600,4.383000,4.066000,1.335000,3.235000,2.949000
250,76,3,4.353400,4.268000,4.134000,3.703000,4.318000,5.344000
250,77,3,3.615000,3.014000,3.929000,3.865000,5.298000,1.969000
250,78,3,3.575600,2.290000,3.508000,3.239000,3.180000,5.661000
250,79,3,3.137000,4.415000,1.932000,3.297000,3.050000,2.991000
250,80,4,2.148800,1.167000,1.300000,1.267000,3.081000,3.929000
250,81,4,2.197000,1.401000,1.892000,2.375000,2.899000,2.418000
250,82,4,2.572000,1.675000,2.220000,1.650000,3.075000,4.240000
250,83,4,1.931000,1.543000,1.192000,1.410000,2.888000,2.622000
250,84,4,2.071200,1.366000,1.452000,1.613000,2.927000,2.998000
250,85,4,2.149600,1.201000,2.443000,1.425000,2.875000,2.804000
250,86,4,2.487200,1.090000,1.875000,3.584000,2.633000,3.254000
250,87,4,2.793000,1.328000,1.245000,4.480000,2.756000,4.156000
250,88,4,2.085600,1.122000,1.271000,2.601000,4.338000,1.096000
250,89,4,2.733000,1.221000,1.482000,2.959000,4.424000,3.579000
250,90,4,2.785600,1.362000,2.157000,2.519000,3.101000,4.789000
250,91,4,2.427600,2.850000,1.005000,3.402000,2.066000,2.815000
250,92,4,2.548400,1.499000,1.634000,3.238000,2.998000,3.373000
250,93,4,2.508600,1.265000,2.849000,2.925000,2.469000,3.035000
250,94,4,2.334200,1.544000,1.848000,2.602000,3.001000,2.676000
250,95,4,2.449000,1.498000,1.120000,3.656000,2.525000,3.446000
250,96,4,2.487200,1.585000,1.888000,1.478000,2.762000,4.723000
250,97,4,2.662200,1.118000,1.391000,3.685000,3.698000,3.419000
250,98,4,2.018600,1.460000,2.333000,1.415000,2.512000,2.373000
250,99,4,2.062800,2.016000,1.229000,1.559000,3.405000,2.105000
251,0,3,4.022600,4.263000,4.495000,3.569000,5.442000,2.344000
251,1,3,3.171600,3.894000,4.115000,2.571000,1.274000,4.004000
251,2,3,3.525200,4.343000,4.106000,3.513000,1.719000,3.945000
251,3,3,2.880200,5.022000,1.710000,1.632000,4.313000,1.724000
251,4,3,3.066400,3.207000,3.674000,2.359000,1.197000,4.895000
251,5,3,4.422800,4.608000,5.251000,4.629000,2.743000,4.883000
251,6,3,3.961400,4.234000,4.834000,5.014000,1.556000,4.169000
251,7,3,2.921000,2.963000,4.337000,1.613000,1.064000,4.628000
251,8,3,2.578200,2.362000,3.717000,1.639000,1.293000,3.880000
251,9,3,2.774200,4.379000,3.810000,2.268000,1.857000,1.557000
251,10,3,2.983600,4.603000,3.387000,2.457000,1.276000,3.195000
251,11,3,3.564200,5.358000,3.935000,4.267000,2.801000,1.460000
251,12,3,3.569200,5.353000,4.269000,2.813000,1.716000,3.695000
251,13,3,3.258000,2.249000,3.856000,3.229000,3.073000,3.883000
251,14,3,3.951400,4.261000,4.321000,4.875000,1.307000,4.993000
251,15,3,2.792200,3.438000,3.719000,1.575000,1.196000,4.033000
251,16,3,3.036400,4.997000,1.948000,3.626000,1.240000,3.371000
251,17,3,3.413800,5.315000,3.988000,1.571000,4.580000,1.615000
251,18,3,2.818400,2.499000,4.840000,1.392000,1.297000,4.064000
251,19,3,4.032800,5.502000,4.246000,1.972000,4.789000,3.655000
252,0,3,3.840800,3.517000,5.781000,5.161000,2.875000,1.870000
252,1,3,2.902000,4.191000,3.711000,1.577000,2.737000,2.294000
252,2,3,3.304000,4.241000,3.949000,4.164000,1.126000,3.040000
252,3,3,4.398600,4.184000,5.138000,4.840000,2.787000,5.044000
252,4,3,3.391800,3.778000,5.515000,2.482000,3.381000,1.803000
252,5,3,3.378200,4.315000,4.289000,2.035000,4.292000,1.960000
252,6,3,3.461000,5.327000,2.492000,4.615000,3.170000,1.701000
252,7,3,2.910200,3.791000,4.580000,2.287000,2.578000,1.315000
252,8,3,2.878600,4.308000,3.176000,2.104000,1.451000,3.354000
252,9,3,3.545000,4.365000,5.441000,3.712000,2.728000,1.479000
252,10,3,2.652200,1.694000,5.998000,1.801000,1.254000,2.514000
252,11,3,3.493000,4.752000,5.513000,1.709000,2.633000,2.858000
252,12,3,2.993400,4.166000,3.232000,2.888000,3.078000,1.603000
252,13,3,4.100600,4.319000,5.488000,3.746000,3.208000,3.742000
252,14,3,3.913400,4.939000,5.148000,3.342000,1.700000,4.438000
252,15,3,3.392600,2.324000,5.152000,2.043000,3.302000,4.142000
252,16,3,3.276800,4.993000,3.065000,2.898000,1.774000,3.654000
252,17,3,3.309800,4.414000,4.197000,3.205000,2.944000,1.789000
252,18,3,2.518600,2.033000,4.551000,1.890000,2.729000,1.390000
252,19,3,3.240600,4.076000,3.567000,2.629000,1.656000,4.275000
253,0,3,3.056400,4.631000,2.871000,4.416000,1.552000,1.812000
253,1,3,3.640800,4.159000,4.595000,3.555000,2.390000,3.505000
253,2,3,4.059000,4.686000,4.548000,5.155000,2.796000,3.110000
253,3,3,2.610600,1.587000,3.503000,4.973000,1.450000,1.540000
253,4,3,4.728400,4.742000,5.043000,5.150000,4.855000,3.852000
253,5,3,4.299000,4.759000,4.962000,5.176000,1.559000,5.039000
253,6,3,3.360600,2.820000,4.904000,4.761000,2.003000,2.315000
253,7,3,3.432200,4.579000,4.998000,2.625000,1.376000,3.583000
253,8,3,3.443600,3.879000,5.114000,2.355000,2.022000,3.848000
253,9,3,4.159800,4.174000,4.667000,4.637000,2.180000,5.141000
253,10,3,3.595400,4.348000,5.296000,3.995000,1.530000,2.808000
253,11,3,3.948200,4.147000,4.821000,4.394000,1.764000,4.615000
253,12,3,3.768400,3.981000,4.660000,4.445000,3.531000,2.225000
253,13,3,4.206400,4.132000,4.795000,4.156000,4.031000,3.918000
253,14,3,3.182400,3.808000,4.556000,4.341000,1.530000,1.677000
253,15,3,4.138600,3.012000,4.351000,5.041000,2.815000,5.474000
253,16,3,3.457800,3.230000,5.418000,4.743000,1.660000,2.238000
253,17,3,3.866800,4.303000,4.942000,4.457000,4.351000,1.281000
253,18,3,3.638000,4.997000,4.660000,4.143000,1.515000,2.875000
253,19,3,4.112000,5.186000,5.145000,4.398000,3.336000,2.495000
254,0,3,3.365400,3.458000,3.075000,4.173000,2.771000,3.350000
254,1,3,3.488600,3.181000,3.614000,5.385000,2.411000,2.852000
254,2,3,4.058400,4.768000,3.044000,5.279000,4.329000,2.872000
254,3,3,4.106800,5.189000,1.514000,4.203000,5.111000,4.517000
254,4,3,4.704800,5.083000,4.576000,3.675000,5.595000,4.595000
254,5,3,3.534200,1.949000,2.985000,4.348000,4.170000,4.219000
254,6,3,3.981800,3.669000,5.232000,3.767000,3.517000,3.724000
254,7,3,4.359400,4.048000,3.126000,5.653000,4.856000,4.114000
254,8,3,3.288000,3.186000,2.248000,3.727000,3.690000,3.589000
254,9,3,4.042000,3.457000,5.172000,3.467000,4.042000,4.072000
254,10,3,4.006000,3.366000,2.652000,4.645000,5.363000,4.004000
254,11,3,4.604400,4.888000,3.817000,3.691000,6.039000,4.587000
254,12,3,4.702400,4.843000,4.520000,4.801000,4.602000,4.746000
254,13,3,4.739600,4.990000,4.915000,5.511000,4.287000,3.995000
254,14,3,4.502000,4.754000,3.854000,5.550000,3.828000,4.524000
254,15,3,3.965800,4.651000,3.991000,4.452000,2.986000,3.749000
254,16,3,4.621600,4.583000,3.677000,5.339000,4.828000,4.681000
254,17,3,4.019200,3.660000,5.374000,4.474000,2.399000,4.189000
254,18,3,3.690200,3.106000,2.998000,4.966000,3.482000,3.899000
254,19,3,4.218000,5.122000,3.948000,4.525000,3.205000,4.290000
255,0,3,3.427600,3.183000,4.649000,2.111000,4.190000,3.005000
255,1,3,4.070600,4.295000,3.987000,4.978000,5.028000,2.065000
255,2,3,3.948600,2.794000,4.804000,2.893000,4.614000,4.638000
255,3,3,3.869400,3.111000,2.340000,5.360000,4.693000,3.843000
255,4,3,3.036600,2.302000,1.975000,3.522000,5.104000,2.280000
255,5,3,3.016600,4.522000,4.338000,2.227000,1.882000,2.114000
255,6,3,4.374200,4.313000,5.226000,6.219000,2.559000,3.554000
255,7,3,3.140800,2.464000,3.205000,1.529000,3.937000,4.569000
255,8,3,3.367000,2.969000,3.096000,3.568000,5.069000,2.133000
255,9,3,3.985600,4.546000,5.172000,4.761000,2.356000,3.093000
255,10,3,3.742000,4.336000,1.882000,5.722000,4.125000,2.645000
255,11,3,3.095200,4.598000,2.358000,3.918000,2.550000,2.052000
255,12,3,3.729800,4.204000,5.157000,4.176000,2.766000,2.346000
255,13,3,3.176200,4.293000,3.382000,3.859000,2.411000,1.936000
255,14,3,4.232400,4.929000,2.905000,5.864000,4.057000,3.407000
255,15,3,4.173200,3.839000,5.114000,6.021000,2.151000,3.741000
255,16,3,3.607800,4.875000,3.024000,2.100000,4.535000,3.505000
255,17,3,3.757200,3.151000,2.252000,4.073000,5.294000,4.016000
255,18,3,3.641600,3.368000,2.395000,5.574000,2.570000,4.301000
255,19,3,3.731600,2.698000,3.468000,4.096000,4.822000,3.574000
256,0,3,2.944800,2.030000,4.803000,3.542000,2.596000,1.753000
256,1,3,2.887600,4.953000,4.477000,1.595000,1.770000,1.643000
256,2,3,3.983800,4.666000,2.734000,1.860000,5.691000,4.968000
256,3,3,2.611200,4.797000,2.914000,1.783000,1.701000,1.861000
256,4,3,4.283200,5.300000,3.497000,5.953000,3.238000,3.428000
256,5,3,3.517200,5.189000,4.841000,3.299000,2.107000,2.150000
256,6,3,3.002600,4.906000,3.747000,1.361000,2.653000,2.346000
256,7,3,3.848200,4.132000,3.200000,3.131000,4.838000,3.940000
256,8,3,3.298400,4.313000,2.255000,2.249000,4.661000,3.014000
256,9,3,2.824800,4.726000,3.820000,2.076000,1.725000,1.777000
256,10,3,3.194000,4.611000,5.857000,1.913000,1.496000,2.093000
256,11,3,3.442400,4.624000,2.307000,3.228000,2.847000,4.206000
256,12,3,3.408200,4.005000,3.395000,5.348000,2.055000,2.238000
256,13,3,3.935200,3.698000,4.041000,2.854000,3.712000,5.371000
256,14,3,2.991200,3.234000,4.531000,2.882000,2.647000,1.662000
256,15,3,3.658000,4.030000,5.603000,3.327000,2.006000,3.324000
256,16,3,4.148800,4.441000,4.394000,4.506000,4.983000,2.420000
256,17,3,3.180400,5.036000,2.694000,2.783000,1.675000,3.714000
256,18,3,3.427000,4.725000,4.753000,1.831000,2.728000,3.098000
256,19,3,3.725800,4.880000,2.275000,4.702000,2.113000,4.659000
257,0,3,3.772600,4.393000,4.191000,4.229000,4.285000,1.765000
257,1,3,4.173400,4.167000,4.669000,2.481000,4.834000,4.716000
257,2,3,2.969200,2.157000,4.227000,4.037000,2.203000,2.222000
257,3,3,3.138600,3.995000,2.113000,4.580000,2.408000,2.597000
257,4,3,3.674600,4.801000,3.963000,3.993000,4.293000,1.323000
257,5,3,3.509000,2.987000,3.435000,3.426000,6.125000,1.572000
257,6,3,3.849400,2.877000,4.392000,5.116000,5.162000,1.700000
257,7,3,3.830200,4.166000,4.080000,3.896000,2.856000,4.153000
257,8,3,3.688200,4.564000,4.030000,3.400000,4.735000,1.712000
257,9,3,2.768400,1.813000,1.838000,3.275000,5.113000,1.803000
257,10,3,3.621400,4.391000,3.651000,4.521000,3.133000,2.411000
257,11,3,3.905200,3.493000,3.558000,5.251000,4.755000,2.469000
257,12,3,3.554200,3.835000,2.865000,3.796000,5.940000,1.335000
257,13,3,3.002400,3.276000,2.412000,4.663000,2.773000,1.888000
257,14,3,3.975000,3.189000,3.773000,4.092000,5.885000,2.936000
257,15,3,2.885200,4.319000,2.576000,3.342000,2.445000,1.744000
257,16,3,3.521600,2.942000,3.212000,3.173000,5.370000,2.911000
257,17,3,2.991400,2.381000,2.411000,3.136000,4.739000,2.290000
257,18,3,3.374400,3.071000,4.317000,4.567000,3.018000,1.899000
257,19,3,3.446400,4.433000,3.316000,4.676000,2.041000,2.766000
258,0,3,3.311400,4.701000,4.835000,3.757000,1.832000,1.432000
258,1,3,3.734600,2.105000,4.227000,5.319000,5.476000,1.546000
258,2,3,3.912000,2.306000,4.303000,5.399000,1.750000,5.802000
258,3,3,4.296000,4.855000,3.664000,5.376000,3.672000,3.913000
258,4,3,2.735200,2.686000,3.544000,3.620000,2.186000,1.640000
258,5,3,4.089600,4.335000,1.625000,3.984000,5.282000,5.222000
258,6,3,4.294400,3.026000,3.683000,3.319000,5.876000,5.568000
258,7,3,3.692800,3.928000,2.876000,2.648000,4.105000,4.907000
258,8,3,3.431200,4.700000,3.010000,2.041000,2.867000,4.538000
258,9,3,3.966800,4.943000,4.997000,2.652000,2.276000,4.966000
258,10,3,3.393800,2.076000,2.674000,5.400000,3.356000,3.463000
258,11,3,4.097400,1.119000,4.669000,3.825000,5.591000,5.283000
258,12,3,4.540400,3.604000,6.209000,4.683000,3.179000,5.027000
258,13,3,4.088600,3.570000,4.302000,3.621000,5.108000,3.842000
258,14,3,4.143800,1.064000,4.399000,3.662000,6.119000,5.475000
258,15,3,4.150400,4.368000,3.936000,5.029000,1.760000,5.659000
258,16,3,4.820800,3.082000,4.715000,5.223000,5.519000,5.565000
258,17,3,3.272400,4.534000,1.591000,4.970000,2.145000,3.122000
258,18,3,2.717600,1.042000,3.913000,1.868000,1.835000,4.930000
258,19,3,4.160400,3.920000,1.557000,4.699000,5.096000,5.530000
259,0,3,3.516000,5.467000,1.704000,1.454000,5.877000,3.078000
259,1,3,3.463000,3.005000,3.560000,3.730000,2.350000,4.670000
259,2,3,4.180800,4.980000,5.523000,4.082000,2.365000,3.954000
259,3,3,2.558000,2.809000,1.694000,3.434000,1.588000,3.265000
259,4,3,2.839000,5.180000,2.221000,1.592000,2.117000,3.085000
259,5,3,2.154200,1.581000,2.527000,1.465000,2.965000,2.233000
259,6,3,4.023800,4.933000,4.727000,3.565000,2.216000,4.678000
259,7,3,2.447400,2.628000,1.987000,1.548000,3.710000,2.364000
259,8,3,3.053600,3.139000,2.787000,3.544000,2.806000,2.992000
259,9,3,4.175200,4.879000,4.173000,3.936000,3.458000,4.430000
259,10,3,3.950200,3.681000,4.138000,3.419000,4.545000,3.968000
259,11,3,3.897600,5.389000,4.154000,4.449000,1.781000,3.715000
259,12,3,4.596800,5.274000,5.177000,2.353000,5.268000,4.912000
259,13,3,3.496800,4.487000,4.780000,1.735000,4.058000,2.424000
259,14,3,2.241800,2.350000,1.637000,2.603000,2.048000,2.571000
259,15,3,3.519200,4.319000,1.895000,3.405000,3.856000,4.121000
259,16,3,4.192200,5.286000,3.527000,3.285000,4.179000,4.684000
259,17,3,3.697800,3.522000,3.890000,3.271000,4.029000,3.777000
259,18,3,3.678200,3.933000,3.198000,3.313000,3.568000,4.379000
259,19,3,3.416200,4.331000,4.502000,2.028000,1.722000,4.498000
260,0,0,1.666200,2.030000,1.085000,1.473000,2.137000,1.606000
260,1,0,1.688200,2.226000,1.177000,1.530000,2.206000,1.302000
260,2,0,1.838800,2.346000,1.342000,1.798000,2.092000,1.616000
260,3,0,1.591600,2.522000,1.249000,1.093000,1.430000,1.664000
260,4,0,1.437200,1.651000,1.471000,1.279000,1.400000,1.385000
260,5,0,1.841800,1.746000,1.291000,1.780000,2.449000,1.943000
260,6,0,1.663400,1.763000,1.180000,2.253000,1.951000,1.170000
260,7,0,1.388000,1.809000,1.086000,1.235000,1.275000,1.535000
260,8,0,1.859600,1.953000,1.692000,2.977000,1.168000,1.508000
260,9,0,1.892200,1.679000,1.070000,1.358000,3.442000,1.912000
260,10,0,2.037000,2.053000,2.228000,1.614000,1.835000,2.455000
260,11,0,1.565200,1.623000,1.461000,1.569000,1.455000,1.718000
260,12,0,1.485600,2.070000,1.132000,1.318000,1.140000,1.768000
260,13,0,1.521200,1.589000,2.069000,1.454000,1.369000,1.125000
260,14,0,2.145800,1.586000,2.378000,1.472000,3.903000,1.390000
260,15,0,1.851200,1.720000,1.557000,1.745000,1.792000,2.442000
260,16,0,1.748800,1.857000,3.097000,1.248000,1.373000,1.169000
260,17,0,1.597000,1.935000,1.544000,1.678000,1.232000,1.596000
260,18,0,1.508800,1.427000,1.337000,1.372000,1.360000,2.048000
260,19,0,1.636000,1.541000,1.191000,2.559000,1.242000,1.647000
260,20,1,1.823800,2.660000,0.929000,2.067000,2.171000,1.292000
260,21,1,2.342600,3.103000,1.255000,3.601000,2.145000,1.609000
260,22,1,1.958200,2.609000,0.973000,3.285000,1.621000,1.303000
260,23,1,2.123600,3.313000,1.861000,1.435000,2.238000,1.771000
260,24,1,2.378600,2.190000,1.428000,1.729000,2.654000,3.892000
260,25,1,3.264600,3.921000,4.405000,3.135000,3.249000,1.613000
260,26,1,2.276000,2.162000,2.358000,1.836000,1.403000,3.621000
260,27,1,2.103400,1.991000,1.220000,2.394000,3.167000,1.745000
260,28,1,2.773400,3.224000,2.280000,1.054000,3.114000,4.195000
260,29,1,2.831800,1.808000,2.914000,2.556000,4.520000,2.361000
260,30,1,2.507800,3.222000,2.228000,1.631000,2.300000,3.158000
260,31,1,2.398000,2.135000,1.071000,2.341000,3.991000,2.452000
260,32,1,2.922200,3.806000,1.165000,2.583000,3.160000,3.897000
260,33,1,2.232000,1.541000,1.278000,1.770000,4.082000,2.489000
260,34,1,2.242200,3.005000,2.052000,1.309000,1.240000,3.605000
260,35,1,2.561800,2.887000,1.222000,2.007000,3.396000,3.297000
260,36,1,1.918000,2.103000,2.277000,1.560000,2.216000,1.434000
260,37,1,2.467200,4.560000,2.532000,1.253000,2.018000,1.973000
260,38,1,2.308800,3.375000,2.229000,2.786000,1.487000,1.667000
260,39,1,2.193600,3.565000,1.280000,2.455000,1.003000,2.665000
260,40,2,1.687200,1.816000,1.529000,1.554000,2.059000,1.478000
260,41,2,1.739600,1.892000,2.179000,1.783000,1.043000,1.801000
260,42,2,2.223400,1.707000,1.963000,1.487000,3.289000,2.671000
260,43,2,1.670200,1.748000,1.411000,1.746000,1.270000,2.176000
260,44,2,2.425600,2.915000,2.061000,1.382000,3.799000,1.971000
260,45,2,2.250200,1.645000,2.387000,3.020000,2.710000,1.489000
260,46,2,1.965400,2.763000,1.745000,1.696000,1.420000,2.203000
260,47,2,2.031200,2.067000,2.752000,1.221000,2.678000,1.438000
260,48,2,1.952600,2.288000,2.830000,1.557000,1.214000,1.874000
260,49,2,1.657400,1.682000,1.214000,1.696000,2.496000,1.199000
260,50,2,2.370400,2.131000,2.270000,1.429000,3.090000,2.932000
260,51,2,1.712000,1.900000,1.368000,1.797000,1.943000,1.552000
260,52,2,3.168600,2.352000,2.142000,6.396000,3.309000,1.644000
260,53,2,1.967400,1.722000,2.299000,2.102000,2.540000,1.174000
260,54,2,1.903200,1.897000,1.313000,2.533000,2.318000,1.455000
260,55,2,1.755000,1.788000,1.960000,1.577000,1.967000,1.483000
260,56,2,1.662200,1.709000,2.343000,1.230000,1.277000,1.752000
260,57,2,1.669800,1.468000,1.411000,1.950000,1.690000,1.830000
260,58,2,2.370400,3.852000,1.514000,2.480000,2.575000,1.431000
260,59,2,2.252600,1.517000,2.146000,2.097000,3.689000,1.814000
260,60,3,3.769200,5.213000,4.284000,3.385000,3.854000,2.110000
260,61,3,4.263000,4.352000,2.996000,5.536000,5.091000,3.340000
260,62,3,3.498600,4.722000,3.862000,3.083000,3.860000,1.966000
260,63,3,3.514200,2.299000,2.620000,2.896000,4.154000,5.602000
260,64,3,2.528200,3.530000,1.958000,4.333000,1.371000,1.449000
260,65,3,3.197200,5.183000,3.553000,2.144000,2.410000,2.696000
260,66,3,2.805400,1.889000,4.715000,1.946000,4.035000,1.442000
260,67,3,3.781600,2.237000,3.076000,4.789000,5.125000,3.681000
260,68,3,3.530600,4.224000,3.648000,3.947000,4.480000,1.354000
260,69,3,3.185800,3.904000,4.005000,4.203000,2.203000,1.614000
260,70,3,4.140200,5.222000,4.395000,2.971000,3.554000,4.559000
260,71,3,2.688600,2.076000,3.769000,2.001000,4.407000,1.190000
260,72,3,3.775600,4.295000,4.916000,3.811000,4.020000,1.836000
260,73,3,3.932200,4.557000,3.460000,5.524000,1.226000,4.894000
260,74,3,3.936200,3.171000,4.103000,3.428000,4.512000,4.467000
260,75,3,3.805600,5.365000,2.453000,4.309000,4.588000,2.313000
260,76,3,3.607400,3.172000,3.589000,5.083000,4.297000,1.896000
260,77,3,3.739000,3.772000,3.102000,4.988000,5.183000,1.650000
260,78,3,4.202000,5.097000,4.047000,4.657000,4.938000,2.271000
260,79,3,4.383200,5.924000,4.078000,5.149000,3.425000,3.340000
260,80,4,1.695000,2.163000,1.629000,1.306000,1.486000,1.891000
260,81,4,2.120600,2.426000,1.855000,3.090000,1.653000,1.579000
260,82,4,1.698400,2.673000,1.873000,1.253000,1.249000,1.444000
260,83,4,1.625200,2.295000,1.189000,1.414000,1.696000,1.532000
260,84,4,1.850200,2.512000,1.129000,2.728000,1.463000,1.419000
260,85,4,1.618000,1.730000,1.133000,1.031000,2.329000,1.867000
260,86,4,1.858400,1.670000,2.646000,1.386000,1.055000,2.535000
260,87,4,1.320800,1.834000,1.110000,1.345000,0.919000,1.396000
260,88,4,1.630000,1.873000,2.625000,1.014000,1.011000,1.627000
260,89,4,1.399400,2.230000,1.167000,1.150000,1.219000,1.231000
260,90,4,1.591000,1.583000,1.978000,1.185000,1.312000,1.897000
260,91,4,1.336400,1.650000,1.256000,1.310000,1.458000,1.008000
260,92,4,1.609400,1.734000,2.187000,1.015000,1.202000,1.909000
260,93,4,2.174200,2.205000,3.870000,1.101000,2.079000,1.616000
260,94,4,1.398200,1.808000,1.247000,1.186000,1.258000,1.492000
260,95,4,1.389200,1.622000,1.312000,1.373000,1.157000,1.482000
260,96,4,1.473400,1.781000,1.717000,1.536000,1.110000,1.223000
260,97,4,1.878800,3.694000,1.463000,1.010000,1.554000,1.673000
260,98,4,1.588400,2.183000,1.599000,1.118000,1.068000,1.974000
260,99,4,1.445800,1.343000,2.050000,1.036000,1.528000,1.272000
261,0,3,3.797400,2.792000,4.614000,2.632000,3.621000,5.328000
261,1,3,4.195000,5.053000,3.073000,6.411000,1.961000,4.477000
261,2,3,3.820600,3.959000,5.186000,2.068000,3.102000,4.788000
261,3,3,4.131600,4.603000,4.838000,2.552000,4.911000,3.754000
261,4,3,3.217200,4.940000,3.269000,1.530000,3.159000,3.188000
261,5,3,3.686800,5.262000,2.659000,1.621000,4.241000,4.651000
261,6,3,3.939000,5.716000,4.999000,2.575000,3.313000,3.092000
261,7,3,3.451200,3.954000,2.234000,2.723000,2.961000,5.384000
261,8,3,3.368800,4.585000,2.937000,1.264000,3.255000,4.803000
261,9,3,4.226400,5.166000,2.394000,3.801000,3.924000,5.847000
261,10,3,3.961000,4.797000,4.659000,1.144000,4.152000,5.053000
261,11,3,3.697400,3.659000,1.491000,4.196000,3.466000,5.675000
261,12,3,4.466000,4.552000,5.039000,3.026000,4.180000,5.533000
261,13,3,3.593200,4.934000,3.313000,2.207000,4.278000,3.234000
261,14,3,3.418600,5.364000,2.201000,2.558000,3.775000,3.195000
261,15,3,3.378000,4.474000,1.874000,1.624000,3.224000,5.694000
261,16,3,4.100200,5.464000,4.333000,3.755000,3.328000,3.621000
261,17,3,3.693000,3.655000,3.127000,2.928000,3.432000,5.323000
261,18,3,4.871200,4.743000,4.939000,3.490000,4.642000,6.542000
261,19,3,3.863600,5.535000,4.380000,2.377000,2.892000,4.134000
262,0,3,3.512600,5.239000,2.409000,2.190000,3.431000,4.294000
262,1,3,2.809400,2.419000,2.328000,1.925000,1.573000,5.802000
262,2,3,3.187200,2.700000,3.365000,3.841000,4.294000,1.736000
262,3,3,3.781800,3.547000,4.180000,3.429000,2.049000,5.704000
262,4,3,3.242000,1.542000,3.961000,3.858000,3.522000,3.327000
262,5,3,4.136800,5.206000,3.555000,2.849000,4.031000,5.043000
262,6,3,4.814200,3.263000,5.112000,5.907000,4.642000,5.147000
262,7,3,4.332200,4.642000,3.236000,4.782000,3.765000,5.236000
262,8,3,2.603200,2.581000,3.033000,2.865000,1.866000,2.671000
262,9,3,3.242800,1.534000,3.362000,2.445000,3.662000,5.211000
262,10,3,3.978600,1.676000,3.469000,5.191000,3.716000,5.841000
262,11,3,3.553000,2.854000,4.899000,3.396000,3.454000,3.162000
262,12,3,3.933600,2.489000,5.203000,2.466000,3.737000,5.773000
262,13,3,3.020000,1.307000,3.012000,3.204000,3.871000,3.706000
262,14,3,3.252400,3.854000,5.109000,2.033000,1.575000,3.691000
262,15,3,3.864400,3.064000,4.175000,4.211000,5.331000,2.541000
262,16,3,3.475800,2.397000,4.141000,1.393000,4.337000,5.111000
262,17,3,3.390400,4.093000,2.449000,1.584000,3.829000,4.997000
262,18,3,4.165400,3.155000,5.236000,1.597000,5.285000,5.554000
262,19,3,3.422400,4.188000,4.089000,1.527000,1.882000,5.426000
263,0,3,4.024600,5.390000,4.306000,4.774000,1.156000,4.497000
263,1,3,4.353800,4.579000,3.613000,4.729000,4.527000,4.321000
263,2,3,4.553800,3.341000,4.070000,5.052000,6.286000,4.020000
263,3,3,3.857000,3.561000,4.550000,4.913000,4.333000,1.928000
263,4,3,4.359400,4.335000,4.471000,3.581000,4.338000,5.072000
263,5,3,4.171000,4.257000,2.940000,4.054000,5.013000,4.591000
263,6,3,3.279600,3.363000,3.522000,3.466000,2.344000,3.703000
263,7,3,3.495200,4.582000,3.326000,4.055000,2.772000,2.741000
263,8,3,3.475000,4.295000,2.070000,2.183000,4.135000,4.692000
263,9,3,4.343000,5.441000,3.820000,5.389000,3.765000,3.300000
263,10,3,3.181200,4.630000,3.996000,4.020000,1.458000,1.802000
263,11,3,3.297400,5.408000,2.221000,1.584000,3.877000,3.397000
263,12,3,4.171800,3.566000,3.949000,4.265000,4.868000,4.211000
263,13,3,3.797800,3.472000,4.661000,4.613000,3.035000,3.208000
263,14,3,2.674800,3.644000,2.474000,1.428000,1.521000,4.307000
263,15,3,4.365600,5.017000,5.364000,3.862000,2.753000,4.832000
263,16,3,2.600800,2.571000,2.465000,2.901000,1.240000,3.827000
263,17,3,4.197400,4.813000,3.380000,4.186000,3.834000,4.774000
263,18,3,3.781400,2.220000,4.151000,4.421000,2.975000,5.140000
263,19,3,3.509000,2.523000,2.649000,4.594000,4.327000,3.452000
264,0,3,2.897000,1.367000,3.583000,4.166000,1.977000,3.392000
264,1,3,2.779400,1.969000,2.526000,4.368000,1.594000,3.440000
264,2,3,3.804800,2.346000,4.067000,6.498000,1.869000,4.244000
264,3,3,3.775600,3.661000,4.084000,6.116000,1.568000,3.449000
264,4,3,3.172600,2.114000,2.604000,5.759000,1.135000,4.251000
264,5,3,2.882200,4.843000,4.097000,2.148000,1.383000,1.940000
264,6,3,3.084200,4.098000,3.220000,4.232000,2.097000,1.774000
264,7,3,3.352600,1.370000,5.689000,5.623000,2.543000,1.538000
264,8,3,2.836400,1.799000,5.364000,4.106000,1.422000,1.491000
264,9,3,3.491600,3.070000,5.093000,3.429000,1.424000,4.442000
264,10,3,3.184400,1.648000,2.696000,3.951000,2.930000,4.697000
264,11,3,3.862800,3.437000,4.665000,5.402000,1.159000,4.651000
264,12,3,2.092600,1.344000,3.049000,1.751000,2.052000,2.267000
264,13,3,3.495200,2.809000,3.039000,5.067000,2.183000,4.378000
264,14,3,3.714400,5.110000,5.088000,4.259000,1.336000,2.779000
264,15,3,2.872600,2.273000,1.903000,5.141000,3.108000,1.938000
264,16,3,3.752800,3.123000,4.281000,4.487000,2.723000,4.150000
264,17,3,4.122800,3.961000,2.962000,5.177000,3.790000,4.724000
264,18,3,3.349200,1.305000,4.788000,3.265000,2.845000,4.543000
264,19,3,3.794400,1.736000,6.350000,6.263000,2.564000,2.059000
265,0,3,3.661000,3.366000,1.423000,4.147000,4.198000,5.171000
265,1,3,4.050400,3.004000,4.899000,4.449000,3.334000,4.566000
265,2,3,3.165800,2.911000,1.113000,3.527000,3.535000,4.743000
265,3,3,2.902000,4.644000,1.663000,3.279000,2.583000,2.341000
265,4,3,4.075800,4.920000,2.945000,3.673000,4.778000,4.063000
265,5,3,3.752200,2.761000,4.293000,3.427000,3.525000,4.755000
265,6,3,3.380800,3.684000,1.818000,4.274000,4.373000,2.755000
265,7,3,3.936400,4.611000,1.123000,3.714000,4.837000,5.397000
265,8,3,4.437800,3.891000,3.937000,4.785000,5.251000,4.325000
265,9,3,4.092600,4.078000,1.550000,4.705000,4.848000,5.282000
265,10,3,3.733800,3.597000,2.130000,4.406000,4.087000,4.449000
265,11,3,3.957200,4.210000,2.835000,4.063000,3.897000,4.781000
265,12,3,4.325400,4.963000,2.331000,4.898000,4.968000,4.467000
265,13,3,3.475800,3.706000,1.508000,4.275000,3.781000,4.109000
265,14,3,3.511000,4.348000,1.720000,3.407000,3.486000,4.594000
265,15,3,4.613600,5.673000,5.399000,3.579000,3.319000,5.098000
265,16,3,4.285800,3.691000,5.430000,2.616000,5.315000,4.377000
265,17,3,3.855800,4.526000,1.622000,3.529000,4.395000,5.207000
265,18,3,3.708400,3.149000,5.745000,3.122000,2.448000,4.078000
265,19,3,2.759600,4.451000,1.670000,2.943000,1.903000,2.831000
266,0,3,4.003800,4.280000,3.579000,4.652000,3.904000,3.604000
266,1,3,3.919600,4.443000,4.144000,3.717000,2.807000,4.487000
266,2,3,4.436400,4.906000,4.024000,3.871000,4.393000,4.988000
266,3,3,3.282800,3.141000,3.211000,3.312000,1.353000,5.397000
266,4,3,3.821800,5.069000,3.148000,5.453000,1.278000,4.161000
266,5,3,4.292000,3.806000,4.170000,3.577000,5.553000,4.354000
266,6,3,3.210600,2.947000,4.601000,1.625000,2.226000,4.654000
266,7,3,3.434000,3.422000,3.410000,2.105000,4.803000,3.430000
266,8,3,2.914800,2.214000,4.076000,3.041000,1.081000,4.162000
266,9,3,3.716600,5.415000,3.856000,2.156000,3.637000,3.519000
266,10,3,4.445800,3.478000,4.825000,5.961000,3.312000,4.653000
266,11,3,3.425000,2.343000,4.051000,4.403000,1.156000,5.172000
266,12,3,4.010000,3.447000,3.971000,2.161000,5.762000,4.709000
266,13,3,4.548400,4.786000,4.656000,5.368000,2.396000,5.536000
266,14,3,2.912000,2.918000,3.823000,1.482000,3.332000,3.005000
266,15,3,3.322800,4.122000,5.046000,1.584000,4.624000,1.238000
266,16,3,3.740600,2.035000,4.303000,4.603000,3.108000,4.654000
266,17,3,3.424600,4.031000,1.407000,1.872000,4.868000,4.945000
266,18,3,3.549400,3.951000,4.512000,1.909000,2.473000,4.902000
266,19,3,2.441800,2.091000,2.554000,1.766000,3.750000,2.048000
267,0,3,3.610000,3.955000,2.878000,2.680000,2.746000,5.791000
267,1,3,3.058000,2.370000,3.329000,5.079000,2.088000,2.424000
267,2,3,3.413000,2.169000,4.490000,4.432000,2.355000,3.619000
267,3,3,2.702400,2.430000,2.738000,4.374000,2.513000,1.457000
267,4,3,3.325200,2.876000,4.220000,5.212000,2.754000,1.564000
267,5,3,3.546200,2.516000,5.538000,3.712000,4.203000,1.762000
267,6,3,3.981400,3.560000,4.830000,4.385000,5.793000,1.339000
267,7,3,4.237000,2.242000,4.632000,4.166000,4.982000,5.163000
267,8,3,3.576600,3.675000,2.852000,5.631000,2.352000,3.373000
267,9,3,3.371400,3.916000,5.343000,3.151000,2.971000,1.476000
267,10,3,3.728600,5.091000,3.696000,5.237000,2.716000,1.903000
267,11,3,4.017400,3.100000,6.139000,5.107000,1.917000,3.824000
267,12,3,3.318800,4.837000,2.456000,5.382000,2.276000,1.643000
267,13,3,2.626600,3.973000,3.388000,1.799000,2.067000,1.906000
267,14,3,3.932800,3.729000,5.705000,2.665000,1.909000,5.656000
267,15,3,3.300600,2.015000,4.231000,5.739000,2.448000,2.070000
267,16,3,2.723400,1.244000,4.992000,3.620000,2.628000,1.133000
267,17,3,2.486000,2.509000,2.551000,3.403000,2.019000,1.948000
267,18,3,4.198200,3.249000,6.163000,4.696000,1.753000,5.130000
267,19,3,4.442200,2.230000,4.033000,6.247000,4.873000,4.828000
268,0,3,3.013800,3.690000,3.427000,2.635000,3.788000,1.529000
268,1,3,3.660400,3.957000,3.141000,5.000000,1.705000,4.499000
268,2,3,4.046400,4.721000,3.267000,4.749000,5.222000,2.273000
268,3,3,3.435800,4.591000,2.940000,3.810000,2.949000,2.889000
268,4,3,4.215600,3.546000,4.730000,2.965000,5.471000,4.366000
268,5,3,3.016600,2.764000,3.062000,4.649000,2.054000,2.554000
268,6,3,3.251600,2.982000,2.526000,4.416000,3.254000,3.080000
268,7,3,4.315400,3.886000,5.528000,2.471000,5.310000,4.382000
268,8,3,4.262600,5.614000,3.227000,5.373000,5.034000,2.065000
268,9,1,2.474400,3.596000,2.478000,1.744000,1.386000,3.168000
268,10,3,3.058600,2.332000,3.066000,2.775000,5.133000,1.987000
268,11,3,4.528600,1.850000,5.759000,4.758000,5.145000,5.131000
268,12,3,4.419600,4.289000,5.092000,4.950000,4.975000,2.792000
268,13,1,3.367600,1.677000,3.314000,4.131000,3.377000,4.339000
268,14,3,3.636200,1.722000,3.526000,5.048000,3.928000,3.957000
268,15,3,3.537000,4.451000,6.289000,1.876000,1.722000,3.347000
268,16,3,3.822400,4.316000,3.693000,1.992000,5.177000,3.934000
268,17,3,4.674200,3.846000,5.523000,4.918000,4.632000,4.452000
268,18,3,3.276200,1.735000,2.980000,4.034000,5.181000,2.451000
268,19,3,3.282800,4.198000,3.504000,2.972000,3.620000,2.120000
269,0,3,3.586800,3.819000,1.361000,4.726000,4.322000,3.706000
269,1,3,3.840200,4.342000,3.860000,3.728000,4.833000,2.438000
269,2,3,4.570800,4.016000,4.937000,4.293000,5.241000,4.367000
269,3,3,3.959400,3.653000,2.295000,4.344000,4.608000,4.897000
269,4,3,3.957800,3.299000,5.237000,3.137000,4.984000,3.132000
269,5,3,4.344800,3.149000,3.894000,4.812000,4.757000,5.112000
269,6,3,4.037000,4.192000,3.253000,3.107000,4.585000,5.048000
269,7,3,3.819800,1.841000,5.439000,4.106000,4.201000,3.512000
269,8,3,3.738600,3.970000,5.052000,2.087000,3.681000,3.903000
269,9,3,4.525600,3.308000,5.027000,4.380000,4.876000,5.037000
269,10,3,4.031000,3.775000,3.568000,4.682000,3.910000,4.220000
269,11,3,3.802200,3.952000,3.167000,4.712000,4.935000,2.245000
269,12,3,3.410000,3.785000,2.494000,1.830000,4.995000,3.946000
269,13,3,4.110000,3.680000,5.650000,4.018000,4.927000,2.275000
269,14,3,3.589400,2.504000,4.592000,1.815000,5.867000,3.169000
269,15,3,3.202400,3.163000,2.439000,4.257000,3.609000,2.544000
269,16,3,4.578200,4.772000,4.914000,4.659000,5.306000,3.240000
269,17,3,3.429200,2.587000,4.406000,3.956000,2.955000,3.242000
269,18,3,3.982800,3.449000,4.455000,3.064000,5.226000,3.720000
269,19,3,4.390000,3.453000,3.777000,5.014000,5.592000,4.114000
270,0,0,1.883600,1.157000,1.973000,3.108000,1.280000,1.900000
270,1,0,1.947600,2.249000,2.681000,1.720000,1.415000,1.673000
270,2,0,1.684600,1.329000,1.827000,1.715000,1.949000,1.603000
270,3,0,2.004000,3.222000,1.838000,2.011000,1.489000,1.460000
270,4,0,2.231000,3.475000,1.607000,2.615000,1.235000,2.223000
270,5,0,1.863200,2.067000,1.628000,2.166000,1.982000,1.473000
270,6,0,2.023400,2.244000,1.722000,3.556000,1.225000,1.370000
270,7,0,2.418800,2.474000,1.852000,4.860000,1.382000,1.526000
270,8,0,1.646400,1.540000,2.275000,1.505000,1.304000,1.608000
270,9,0,2.092600,3.054000,2.858000,1.505000,1.349000,1.697000
270,10,0,1.633400,1.406000,1.496000,1.575000,1.827000,1.863000
270,11,0,1.916000,1.356000,1.762000,3.522000,1.712000,1.228000
270,12,0,1.803800,1.523000,1.631000,1.659000,2.417000,1.789000
270,13,0,1.981000,1.751000,1.535000,3.040000,1.628000,1.951000
270,14,0,1.442000,0.989000,2.185000,1.298000,1.344000,1.394000
270,15,0,1.662800,1.291000,2.132000,1.741000,1.542000,1.608000
270,16,0,2.178000,2.229000,1.758000,3.033000,1.330000,2.540000
270,17,0,1.853800,1.472000,2.177000,2.876000,1.410000,1.334000
270,18,0,1.887200,1.489000,2.338000,2.287000,1.395000,1.927000
270,19,0,1.731600,1.446000,1.813000,2.697000,1.332000,1.370000
270,20,1,2.459600,2.074000,2.213000,3.134000,2.421000,2.456000
270,21,1,3.284400,2.600000,1.494000,3.018000,4.094000,5.216000
270,22,1,2.838600,3.857000,1.562000,4.907000,1.833000,2.034000
270,23,1,2.371400,2.544000,1.550000,2.818000,2.293000,2.652000
270,24,1,2.980800,2.714000,1.722000,3.846000,1.747000,4.875000
270,25,1,2.725600,3.411000,1.994000,2.363000,1.931000,3.929000
270,26,1,2.784000,2.249000,1.828000,4.041000,2.484000,3.318000
270,27,1,3.336600,3.192000,2.573000,4.828000,1.884000,4.206000
270,28,1,2.928200,2.697000,1.940000,3.533000,2.651000,3.820000
270,29,1,1.879000,1.301000,2.025000,2.049000,1.647000,2.373000
270,30,1,2.416800,2.158000,1.484000,1.647000,3.664000,3.131000
270,31,1,2.387400,3.592000,3.267000,1.749000,1.700000,1.629000
270,32,1,2.113000,1.276000,2.360000,1.484000,2.037000,3.408000
270,33,1,2.125000,2.393000,1.675000,1.854000,2.017000,2.686000
270,34,1,2.707600,2.394000,2.681000,3.554000,2.165000,2.744000
270,35,1,2.389400,2.212000,2.600000,2.602000,2.190000,2.343000
270,36,1,2.278200,2.136000,2.044000,2.719000,2.078000,2.414000
270,37,1,2.376400,2.147000,2.240000,1.764000,3.475000,2.256000
270,38,1,2.220400,1.146000,1.899000,3.770000,2.327000,1.960000
270,39,1,2.142200,1.287000,2.087000,1.622000,2.557000,3.158000
270,40,2,2.188400,1.234000,3.326000,2.409000,1.875000,2.098000
270,41,2,2.403400,2.491000,1.605000,3.811000,1.972000,2.138000
270,42,2,2.398200,1.331000,3.299000,3.272000,2.354000,1.735000
270,43,2,1.924000,1.244000,3.411000,1.943000,1.346000,1.676000
270,44,2,1.977000,2.079000,1.760000,2.260000,2.048000,1.738000
270,45,2,1.881800,1.341000,1.869000,2.421000,1.758000,2.020000
270,46,2,1.644400,1.361000,1.921000,1.256000,1.489000,2.195000
270,47,2,2.778200,2.071000,4.144000,3.380000,2.027000,2.269000
270,48,2,2.406400,2.048000,1.993000,3.974000,2.085000,1.932000
270,49,2,2.355400,1.648000,2.097000,4.596000,1.386000,2.050000
270,50,2,2.106600,2.165000,2.781000,1.873000,1.588000,2.126000
270,51,2,2.052800,1.157000,1.633000,2.730000,1.811000,2.933000
270,52,2,2.265400,1.497000,2.517000,3.951000,1.461000,1.901000
270,53,2,2.288400,1.103000,2.238000,3.650000,2.149000,2.302000
270,54,2,2.069000,1.023000,3.512000,1.911000,1.850000,2.049000
270,55,2,2.981600,1.112000,1.895000,4.920000,1.547000,5.434000
270,56,2,2.011600,1.843000,1.827000,2.945000,1.735000,1.708000
270,57,2,1.738400,1.224000,2.268000,1.724000,1.651000,1.825000
270,58,2,2.620800,1.526000,2.704000,4.053000,1.444000,3.377000
270,59,2,1.981200,2.604000,1.768000,1.392000,2.010000,2.132000
270,60,3,2.684600,1.909000,2.569000,2.635000,1.740000,4.570000
270,61,3,3.465200,1.259000,3.967000,4.443000,2.993000,4.664000
270,62,3,2.645800,2.946000,1.903000,1.642000,2.994000,3.744000
270,63,3,3.515600,2.788000,2.782000,3.991000,2.794000,5.223000
270,64,3,3.410400,1.560000,4.524000,5.689000,1.483000,3.796000
270,65,3,3.985400,2.124000,3.727000,5.670000,2.736000,5.670000
270,66,3,3.087400,2.695000,2.257000,3.090000,3.037000,4.358000
270,67,3,3.218400,1.433000,2.018000,4.206000,3.998000,4.437000
270,68,3,2.424800,1.279000,2.799000,2.638000,1.654000,3.754000
270,69,3,2.911000,1.757000,1.776000,2.115000,3.865000,5.042000
270,70,3,2.863400,2.166000,3.292000,2.276000,4.036000,2.547000
270,71,3,2.874600,1.409000,3.376000,4.960000,2.230000,2.398000
270,72,3,3.524800,1.920000,2.559000,5.944000,3.281000,3.920000
270,73,3,3.518800,4.240000,3.157000,4.002000,2.246000,3.949000
270,74,3,3.472200,3.098000,4.540000,2.920000,3.327000,3.476000
270,75,3,3.443400,1.167000,3.733000,5.230000,2.087000,5.000000
270,76,3,3.039400,4.061000,2.079000,2.426000,1.958000,4.673000
270,77,3,3.048200,2.734000,3.074000,2.783000,2.048000,4.602000
270,78,3,2.597600,2.879000,2.272000,2.622000,2.305000,2.910000
270,79,3,3.724600,3.822000,3.279000,4.500000,2.194000,4.828000
270,80,4,2.198000,2.409000,1.915000,1.783000,3.103000,1.780000
270,81,4,2.793000,1.552000,4.023000,3.876000,1.981000,2.533000
270,82,4,1.868800,2.255000,2.037000,2.069000,1.326000,1.657000
270,83,4,1.921000,1.069000,1.794000,2.497000,2.821000,1.424000
270,84,4,2.189200,1.354000,2.748000,2.057000,2.495000,2.292000
270,85,4,2.556600,1.181000,1.852000,4.817000,1.987000,2.946000
270,86,4,1.956800,1.245000,2.167000,1.782000,2.877000,1.713000
270,87,4,1.853000,2.609000,1.914000,1.847000,1.502000,1.393000
270,88,4,2.063600,1.555000,1.942000,3.356000,1.874000,1.591000
270,89,4,1.997600,1.211000,2.003000,2.608000,2.476000,1.690000
270,90,4,1.972000,1.429000,2.159000,1.638000,2.040000,2.594000
270,91,4,2.205600,2.111000,2.078000,1.734000,2.398000,2.707000
270,92,4,2.589000,1.273000,2.276000,4.218000,2.827000,2.351000
270,93,4,2.090400,2.227000,1.444000,2.517000,1.566000,2.698000
270,94,4,1.744000,1.378000,1.824000,2.514000,1.454000,1.550000
270,95,4,1.967600,1.489000,2.635000,1.800000,2.549000,1.365000
270,96,4,1.976600,1.062000,1.686000,2.208000,2.406000,2.521000
270,97,4,2.070600,1.016000,1.854000,3.375000,1.659000,2.449000
270,98,4,2.625400,3.008000,2.115000,2.733000,2.757000,2.514000
270,99,4,1.829600,1.163000,2.230000,2.224000,1.788000,1.743000
271,0,3,3.524200,5.426000,2.849000,2.752000,1.808000,4.786000
271,1,3,3.546200,4.623000,3.130000,5.309000,1.370000,3.299000
271,2,3,3.800400,4.261000,4.117000,3.076000,3.972000,3.576000
271,3,3,4.025400,4.867000,4.163000,2.351000,3.541000,5.205000
271,4,3,3.221600,3.480000,3.287000,4.769000,2.260000,2.312000
271,5,3,3.421800,2.104000,5.225000,3.288000,3.402000,3.090000
271,6,3,4.327600,4.353000,2.661000,5.566000,3.676000,5.382000
271,7,3,4.593000,5.151000,4.801000,5.014000,2.741000,5.258000
271,8,3,3.842000,3.351000,4.741000,4.047000,4.767000,2.304000
271,9,3,4.727600,4.609000,5.514000,4.826000,5.023000,3.666000
271,10,3,3.812000,4.013000,3.515000,5.740000,1.834000,3.958000
271,11,3,4.062200,3.392000,3.849000,4.490000,5.295000,3.285000
271,12,3,3.820400,5.076000,3.042000,4.902000,3.832000,2.250000
271,13,3,4.351600,4.728000,4.308000,3.968000,3.326000,5.428000
271,14,3,4.681600,4.821000,4.604000,3.727000,6.193000,4.063000
271,15,3,3.779600,4.715000,3.590000,1.926000,5.605000,3.062000
271,16,3,3.933200,5.479000,2.631000,3.757000,4.126000,3.673000
271,17,3,3.285000,2.492000,1.983000,4.408000,4.075000,3.467000
271,18,3,4.458600,2.802000,4.977000,5.514000,5.350000,3.650000
271,19,3,4.346600,4.143000,3.766000,2.640000,5.995000,5.189000
272,0,3,3.324400,2.074000,1.404000,4.730000,3.936000,4.478000
272,1,3,3.381600,6.256000,1.422000,2.312000,2.827000,4.091000
272,2,3,3.948600,2.173000,2.133000,4.649000,5.343000,5.445000
272,3,3,3.683600,1.334000,2.650000,5.548000,4.307000,4.579000
272,4,3,3.791400,4.528000,1.423000,5.504000,2.862000,4.640000
272,5,3,2.932000,2.224000,1.612000,4.698000,3.933000,2.193000
272,6,3,3.402800,1.628000,2.877000,5.660000,4.498000,2.351000
272,7,3,3.197600,1.540000,2.068000,5.118000,3.665000,3.597000
272,8,3,4.033200,5.136000,2.299000,4.126000,4.282000,4.323000
272,9,3,5.046200,5.300000,5.555000,5.464000,4.867000,4.045000
272,10,3,2.991000,1.787000,1.362000,5.595000,2.974000,3.237000
272,11,3,2.713000,1.291000,1.588000,3.376000,4.365000,2.945000
272,12,3,2.867800,1.394000,1.290000,3.453000,4.916000,3.286000
272,13,3,3.640600,5.002000,1.489000,4.593000,2.455000,4.664000
272,14,3,2.662600,2.342000,1.652000,3.542000,3.315000,2.462000
272,15,3,3.160000,2.277000,3.423000,3.755000,4.241000,2.104000
272,16,3,2.691000,1.273000,1.495000,4.898000,4.031000,1.758000
272,17,3,1.983000,1.712000,2.748000,1.525000,2.104000,1.826000
272,18,3,2.175400,2.127000,1.116000,2.153000,3.802000,1.679000
272,19,3,3.672400,4.692000,2.530000,2.313000,4.622000,4.205000
273,0,3,3.714200,3.871000,4.175000,4.023000,4.624000,1.878000
273,1,3,3.618800,2.923000,5.569000,2.818000,5.043000,1.741000
273,2,3,4.237400,4.548000,5.817000,3.872000,4.417000,2.533000
273,3,3,3.415800,2.332000,5.247000,4.745000,3.244000,1.511000
273,4,3,2.856200,4.844000,1.909000,3.046000,3.334000,1.148000
273,5,3,3.040800,1.814000,3.206000,4.834000,4.131000,1.219000
273,6,3,3.604000,3.209000,4.097000,3.878000,4.199000,2.637000
273,7,3,3.289400,2.198000,5.023000,3.769000,2.854000,2.603000
273,8,3,2.750200,2.617000,1.833000,3.659000,3.469000,2.173000
273,9,3,2.310600,1.813000,4.455000,2.396000,1.370000,1.519000
273,10,3,3.033200,2.728000,5.455000,1.269000,3.242000,2.472000
273,11,3,2.570000,3.344000,2.633000,2.722000,2.191000,1.960000
273,12,3,3.180000,3.917000,2.845000,3.203000,2.979000,2.956000
273,13,3,3.271800,3.182000,5.340000,2.680000,2.606000,2.551000
273,14,3,3.600800,3.827000,1.854000,4.788000,4.787000,2.748000
273,15,3,3.190000,4.124000,4.372000,3.179000,2.408000,1.867000
273,16,3,3.215600,3.418000,3.044000,4.337000,2.952000,2.327000
273,17,3,3.195000,1.902000,4.753000,2.656000,4.041000,2.623000
273,18,3,3.746800,3.531000,5.662000,2.790000,3.917000,2.834000
273,19,3,3.300400,3.524000,3.879000,4.936000,1.536000,2.627000
274,0,3,3.126800,1.483000,3.746000,4.234000,1.623000,4.548000
274,1,3,3.644200,3.709000,4.687000,3.974000,2.187000,3.664000
274,2,3,3.652800,2.264000,5.642000,4.419000,2.268000,3.671000
274,3,3,4.486400,4.917000,5.308000,4.358000,4.129000,3.720000
274,4,3,3.821000,4.524000,4.661000,3.483000,2.994000,3.443000
274,5,3,3.659400,3.677000,4.562000,3.155000,3.354000,3.549000
274,6,3,3.105000,1.479000,2.714000,6.040000,1.739000,3.553000
274,7,3,3.697200,3.393000,2.899000,6.084000,1.659000,4.451000
274,8,3,3.001400,2.829000,3.278000,2.403000,2.408000,4.089000
274,9,3,3.576200,2.857000,4.994000,4.344000,1.885000,3.801000
274,10,3,3.987800,3.244000,4.646000,3.740000,3.647000,4.662000
274,11,3,4.192000,3.512000,3.899000,4.722000,4.689000,4.138000
274,12,3,3.539400,2.632000,2.062000,3.679000,4.868000,4.456000
274,13,3,3.387200,2.861000,1.990000,3.312000,5.154000,3.619000
274,14,3,3.354600,2.341000,5.006000,5.170000,1.836000,2.420000
274,15,3,3.738200,1.455000,4.071000,3.564000,5.027000,4.574000
274,16,3,4.149000,4.293000,3.492000,3.874000,4.862000,4.224000
274,17,3,3.863200,2.199000,3.205000,4.232000,5.228000,4.452000
274,18,3,4.066400,2.781000,4.741000,4.964000,4.664000,3.182000
274,19,3,4.499200,4.854000,5.019000,3.565000,4.920000,4.138000
275,0,3,3.499400,2.706000,3.845000,3.773000,4.717000,2.456000
275,1,3,3.555600,2.860000,4.487000,5.154000,1.989000,3.288000
275,2,3,4.438400,4.209000,4.810000,5.416000,4.742000,3.015000
275,3,3,3.718800,4.164000,4.353000,5.124000,1.484000,3.469000
275,4,3,4.529800,2.879000,5.200000,5.414000,4.993000,4.163000
275,5,3,4.953800,5.732000,5.378000,5.533000,5.258000,2.868000
275,6,3,3.987400,2.789000,4.985000,5.599000,1.944000,4.620000
275,7,3,3.663000,3.184000,5.159000,3.368000,2.404000,4.200000
275,8,3,3.717000,3.929000,4.944000,5.084000,2.864000,1.764000
275,9,3,3.094200,2.602000,3.656000,4.272000,2.186000,2.755000
275,10,3,5.217600,5.461000,4.626000,5.383000,5.722000,4.896000
275,11,3,3.564200,3.243000,4.624000,4.492000,1.282000,4.180000
275,12,3,3.930600,3.317000,5.331000,4.515000,4.662000,1.828000
275,13,3,4.505200,2.192000,5.282000,5.681000,5.271000,4.100000
275,14,3,4.245000,2.544000,4.820000,4.823000,4.441000,4.597000
275,15,3,4.679000,3.833000,5.206000,5.719000,4.980000,3.657000
275,16,3,4.159000,5.590000,4.139000,5.684000,2.033000,3.349000
275,17,3,3.752600,3.286000,4.939000,5.282000,0.700000,4.556000
275,18,3,3.747800,2.599000,5.213000,3.730000,2.733000,4.464000
275,19,3,3.802600,2.158000,5.238000,4.804000,4.223000,2.590000
276,0,3,3.393400,3.502000,4.220000,2.565000,2.169000,4.511000
276,1,3,4.001200,3.026000,5.029000,3.425000,3.586000,4.940000
276,2,3,3.279400,2.296000,2.930000,2.232000,4.624000,4.315000
276,3,3,3.092000,4.265000,1.965000,2.318000,4.700000,2.212000
276,4,3,2.603000,1.667000,3.467000,1.875000,1.927000,4.079000
276,5,3,3.564000,3.103000,5.626000,3.209000,1.934000,3.948000
276,6,3,4.197000,4.757000,5.377000,2.272000,5.092000,3.487000
276,7,3,3.908000,2.419000,3.544000,4.068000,3.998000,5.511000
276,8,3,4.352200,3.064000,5.757000,2.486000,5.219000,5.235000
276,9,3,3.589600,2.631000,3.443000,4.772000,2.737000,4.365000
276,10,3,3.852000,4.727000,3.367000,2.454000,4.354000,4.358000
276,11,3,3.595200,3.886000,2.082000,2.511000,5.103000,4.394000
276,12,3,3.035400,3.982000,1.362000,2.474000,2.176000,5.183000
276,13,3,2.813400,2.261000,2.762000,1.913000,3.367000,3.764000
276,14,3,3.517000,3.728000,3.758000,2.716000,2.689000,4.694000
276,15,3,4.351800,3.602000,4.705000,4.048000,3.768000,5.636000
276,16,3,4.753600,5.032000,4.950000,3.172000,5.865000,4.749000
276,17,3,3.020800,2.734000,2.751000,2.691000,3.530000,3.398000
276,18,3,4.138800,3.130000,2.327000,4.093000,5.758000,5.386000
276,19,3,3.743200,4.560000,5.580000,3.689000,3.113000,1.774000
277,0,3,3.619200,1.382000,5.644000,2.910000,3.155000,5.005000
277,1,3,3.504800,4.399000,3.587000,2.920000,1.797000,4.821000
277,2,3,3.199600,2.870000,2.875000,3.609000,1.754000,4.890000
277,3,3,3.227800,3.932000,1.890000,3.242000,2.509000,4.566000
277,4,3,3.564400,2.508000,4.715000,3.727000,2.246000,4.626000
277,5,3,3.563400,2.699000,3.873000,3.178000,5.095000,2.972000
277,6,3,3.574400,2.857000,4.965000,2.850000,1.634000,5.566000
277,7,3,3.815000,2.808000,4.929000,3.137000,4.053000,4.148000
277,8,3,3.700600,3.275000,4.000000,3.189000,3.370000,4.669000
277,9,3,3.714600,3.339000,3.293000,3.331000,3.164000,5.446000
277,10,3,4.062000,5.012000,3.963000,3.813000,2.743000,4.779000
277,11,3,4.026400,4.412000,5.460000,2.880000,3.917000,3.463000
277,12,3,4.037000,4.424000,4.275000,3.089000,3.160000,5.237000
277,13,3,3.506000,3.550000,3.997000,2.250000,2.839000,4.894000
277,14,3,4.134000,5.085000,5.084000,1.634000,3.928000,4.939000
277,15,3,3.266200,3.220000,2.467000,2.355000,3.371000,4.918000
277,16,3,4.172600,5.341000,2.316000,4.416000,3.579000,5.211000
277,17,3,3.614800,2.217000,3.182000,3.603000,5.149000,3.923000
277,18,3,3.224400,2.942000,4.293000,2.668000,1.894000,4.325000
277,19,3,3.813200,2.900000,4.375000,2.643000,4.310000,4.838000
278,0,3,2.437600,2.448000,1.513000,3.930000,1.498000,2.799000
278,1,3,3.294400,2.451000,1.984000,4.242000,4.738000,3.057000
278,2,3,4.543800,4.452000,5.335000,4.354000,4.679000,3.899000
278,3,3,4.021600,5.770000,2.475000,2.847000,5.561000,3.455000
278,4,3,3.601800,3.885000,2.492000,3.771000,5.289000,2.572000
278,5,3,3.436400,4.003000,2.540000,1.434000,5.209000,3.996000
278,6,3,2.332200,2.024000,1.812000,1.431000,4.285000,2.109000
278,7,3,3.850600,3.353000,2.614000,4.107000,4.777000,4.402000
278,8,3,3.886600,2.802000,4.150000,3.035000,4.801000,4.645000
278,9,3,2.685400,3.777000,1.187000,3.548000,1.824000,3.091000
278,10,3,3.789600,3.028000,1.594000,4.930000,4.543000,4.853000
278,11,3,4.321800,3.325000,4.798000,4.793000,4.385000,4.308000
278,12,3,4.073600,4.379000,2.128000,3.936000,5.094000,4.831000
278,13,3,3.339000,3.280000,3.545000,3.947000,3.506000,2.417000
278,14,3,3.855400,4.137000,5.000000,4.051000,3.842000,2.247000
278,15,3,3.514600,4.536000,1.447000,2.478000,4.761000,4.351000
278,16,3,3.587000,3.691000,2.355000,4.581000,4.697000,2.611000
278,17,3,3.320000,4.747000,1.308000,2.160000,5.237000,3.148000
278,18,3,3.123400,4.214000,1.263000,3.891000,4.498000,1.751000
278,19,3,3.980800,3.002000,1.922000,4.348000,5.565000,5.067000
279,0,3,3.903000,4.526000,2.145000,5.234000,4.324000,3.286000
279,1,3,3.575800,5.177000,3.899000,2.665000,3.190000,2.948000
279,2,3,3.411800,4.992000,1.451000,4.867000,3.607000,2.142000
279,3,3,4.141400,5.073000,2.444000,5.270000,5.232000,2.688000
279,4,3,3.783200,2.959000,5.217000,4.334000,2.650000,3.756000
279,5,3,3.802000,5.547000,1.530000,4.926000,4.174000,2.833000
279,6,3,2.753200,2.521000,1.939000,3.642000,2.325000,3.339000
279,7,3,4.261200,6.125000,2.060000,4.129000,5.115000,3.877000
279,8,3,3.580600,4.911000,1.506000,2.941000,4.420000,4.125000
279,9,3,2.984800,4.605000,2.202000,3.357000,2.723000,2.037000
279,10,3,3.511000,3.353000,3.158000,2.975000,6.125000,1.944000
279,11,3,3.582400,2.895000,1.919000,3.285000,4.775000,5.038000
279,12,3,3.167000,1.771000,4.168000,3.609000,3.654000,2.633000
279,13,3,3.495800,3.264000,4.257000,4.686000,3.321000,1.951000
279,14,3,3.827600,5.398000,1.460000,4.311000,4.066000,3.903000
279,15,3,4.488600,2.983000,5.707000,4.173000,4.569000,5.011000
279,16,3,2.851000,1.759000,2.807000,2.214000,2.916000,4.559000
279,17,3,3.859200,5.460000,3.536000,1.329000,4.787000,4.184000
279,18,3,3.682600,5.977000,3.846000,2.847000,2.596000,3.147000
279,19,3,3.825200,3.514000,2.030000,3.703000,4.881000,4.998000
280,0,0,2.426800,2.143000,1.137000,4.863000,1.900000,2.091000
280,1,0,1.862200,1.344000,0.884000,2.501000,3.001000,1.581000
280,2,0,1.597200,1.589000,0.921000,1.605000,1.981000,1.890000
280,3,0,1.467800,1.780000,0.917000,1.710000,1.404000,1.528000
280,4,0,1.743800,2.279000,1.229000,2.385000,1.479000,1.347000
280,5,0,1.615600,1.283000,0.878000,2.295000,2.437000,1.185000
280,6,0,1.718000,1.824000,1.071000,2.219000,1.398000,2.078000
280,7,0,1.836600,2.760000,0.887000,1.650000,1.638000,2.248000
280,8,0,1.506600,1.240000,1.107000,1.465000,2.602000,1.119000
280,9,0,1.945400,1.909000,1.220000,2.026000,2.982000,1.590000
280,10,0,2.126400,1.791000,1.008000,2.361000,3.493000,1.979000
280,11,0,1.891000,1.870000,1.077000,2.128000,2.348000,2.032000
280,12,0,1.756800,1.695000,0.948000,1.973000,2.284000,1.884000
280,13,0,1.488800,1.473000,1.217000,1.645000,1.313000,1.796000
280,14,0,1.652000,1.164000,0.910000,2.009000,2.555000,1.622000
280,15,0,1.731600,1.806000,1.313000,3.263000,1.247000,1.029000
280,16,0,1.679600,1.635000,1.059000,1.762000,2.698000,1.244000
280,17,0,1.326800,1.775000,0.925000,1.383000,1.341000,1.210000
280,18,0,1.806200,1.604000,1.482000,1.452000,2.686000,1.807000
280,19,0,1.924800,1.855000,1.194000,3.227000,1.145000,2.203000
280,20,1,2.856400,2.500000,1.183000,5.312000,2.684000,2.603000
280,21,1,1.879800,1.809000,1.020000,2.510000,2.791000,1.269000
280,22,1,2.235600,2.616000,1.061000,3.074000,2.306000,2.121000
280,23,1,2.319400,1.913000,1.274000,2.835000,2.364000,3.211000
280,24,1,2.228000,1.198000,1.315000,2.514000,2.143000,3.970000
280,25,1,2.181400,2.112000,1.151000,2.377000,2.896000,2.371000
280,26,1,2.202000,2.717000,1.195000,2.450000,2.108000,2.540000
280,27,1,2.229000,2.295000,1.199000,2.594000,3.661000,1.396000
280,28,1,2.589600,3.284000,1.069000,2.963000,2.613000,3.019000
280,29,1,1.812800,3.237000,1.407000,1.824000,1.598000,0.998000
280,30,1,3.289600,4.730000,0.895000,3.329000,3.903000,3.591000
280,31,1,2.000600,2.215000,1.081000,1.520000,2.509000,2.678000
280,32,1,2.408800,2.652000,1.066000,3.331000,2.774000,2.221000
280,33,1,2.544400,3.788000,1.543000,2.627000,3.596000,1.168000
280,34,1,1.870800,2.286000,1.152000,2.544000,1.519000,1.853000
280,35,1,2.023000,1.401000,1.168000,3.055000,2.455000,2.036000
280,36,1,2.607600,1.996000,1.159000,2.658000,3.309000,3.916000
280,37,1,1.992600,3.091000,0.842000,2.916000,2.054000,1.060000
280,38,1,2.259200,1.399000,1.624000,4.160000,1.817000,2.296000
280,39,1,1.711200,1.476000,1.664000,2.159000,2.073000,1.184000
280,40,2,2.741200,2.575000,1.699000,3.773000,3.595000,2.064000
280,41,2,2.456800,2.727000,2.245000,2.360000,3.926000,1.026000
280,42,2,2.531200,1.554000,2.371000,3.736000,3.488000,1.507000
280,43,2,2.850200,2.406000,3.368000,3.095000,3.445000,1.937000
280,44,2,2.036000,0.921000,2.215000,2.485000,2.765000,1.794000
280,45,2,2.554800,1.931000,2.414000,1.768000,3.933000,2.728000
280,46,2,2.243000,1.627000,1.943000,2.906000,3.006000,1.733000
280,47,2,2.910800,2.255000,2.719000,5.561000,2.866000,1.153000
280,48,2,2.943800,2.224000,4.071000,2.955000,3.479000,1.990000
280,49,2,2.349200,1.694000,3.880000,2.744000,1.714000,1.714000
280,50,2,2.567600,1.831000,2.413000,4.654000,2.381000,1.559000
280,51,2,3.001800,3.276000,3.374000,2.984000,2.583000,2.792000
280,52,2,2.084200,1.516000,1.770000,3.284000,2.103000,1.748000
280,53,2,2.384000,1.833000,2.182000,2.408000,2.740000,2.757000
280,54,2,2.762200,2.343000,2.560000,2.637000,4.352000,1.919000
280,55,2,2.317200,1.906000,1.739000,3.878000,2.797000,1.266000
280,56,2,1.894600,1.974000,2.151000,2.049000,2.349000,0.950000
280,57,2,2.297200,2.483000,2.045000,3.409000,2.498000,1.051000
280,58,2,2.919600,3.134000,2.359000,2.926000,4.227000,1.952000
280,59,2,2.341800,1.363000,2.066000,2.411000,4.051000,1.818000
280,60,3,3.949400,2.392000,4.363000,4.647000,5.513000,2.832000
280,61,3,3.381200,3.818000,4.223000,2.068000,5.356000,1.441000
280,62,3,3.509400,2.119000,4.163000,4.639000,4.784000,1.842000
280,63,3,3.766800,4.634000,4.654000,4.273000,3.166000,2.107000
280,64,3,3.319400,3.556000,4.246000,2.341000,3.887000,2.567000
280,65,3,3.099200,1.811000,4.002000,2.408000,3.176000,4.099000
280,66,3,4.235000,3.198000,2.749000,4.611000,5.502000,5.115000
280,67,3,3.537400,2.520000,2.323000,4.554000,5.190000,3.100000
280,68,3,3.186400,3.006000,2.494000,3.846000,4.141000,2.445000
280,69,3,3.183800,1.641000,2.684000,3.919000,5.645000,2.030000
280,70,3,4.444400,4.753000,4.315000,4.117000,4.187000,4.850000
280,71,3,3.552600,2.105000,4.801000,3.855000,3.085000,3.917000
280,72,3,2.688000,2.833000,2.296000,2.948000,4.304000,1.059000
280,73,3,4.378800,3.704000,3.124000,4.529000,5.204000,5.333000
280,74,3,3.202000,3.475000,4.032000,2.714000,4.072000,1.717000
280,75,3,4.056600,3.746000,4.321000,5.217000,4.905000,2.094000
280,76,3,3.847600,3.166000,3.989000,5.819000,2.805000,3.459000
280,77,3,3.222000,3.392000,4.969000,2.459000,3.234000,2.056000
280,78,3,3.116400,2.180000,1.425000,1.646000,5.166000,5.165000
280,79,3,3.850200,4.581000,4.427000,3.996000,3.964000,2.283000
280,80,4,1.728400,1.933000,1.462000,1.599000,1.856000,1.792000
280,81,4,1.530000,2.245000,1.284000,1.350000,1.723000,1.048000
280,82,4,1.263000,1.100000,0.970000,1.261000,1.691000,1.293000
280,83,4,1.803800,1.292000,1.162000,2.948000,2.168000,1.449000
280,84,4,1.651800,2.068000,1.173000,1.806000,1.319000,1.893000
280,85,4,1.601000,1.787000,1.714000,1.677000,1.830000,0.997000
280,86,4,1.683400,1.701000,1.412000,1.758000,2.189000,1.357000
280,87,4,1.635400,1.537000,1.061000,1.971000,2.093000,1.515000
280,88,4,1.473200,0.963000,1.047000,1.462000,1.366000,2.528000
280,89,4,1.215200,1.016000,1.441000,1.422000,1.009000,1.188000
280,90,4,1.948200,1.235000,1.414000,3.195000,2.780000,1.117000
280,91,4,2.078000,2.373000,1.140000,2.259000,1.461000,3.157000
280,92,4,1.762800,1.651000,1.393000,3.017000,1.526000,1.227000
280,93,4,1.699200,2.044000,1.629000,1.478000,1.637000,1.708000
280,94,4,1.426000,2.134000,0.961000,1.511000,1.238000,1.286000
280,95,4,1.488200,1.710000,0.959000,1.264000,2.253000,1.255000
280,96,4,1.855200,1.640000,1.840000,1.808000,2.634000,1.354000
280,97,4,1.602200,1.553000,1.349000,1.822000,2.027000,1.260000
280,98,4,1.640800,1.926000,1.418000,1.549000,1.952000,1.359000
280,99,4,1.812800,2.337000,1.018000,2.629000,2.091000,0.989000
281,0,3,2.966400,4.174000,3.962000,2.737000,1.693000,2.266000
281,1,3,3.807200,4.389000,5.047000,4.710000,2.250000,2.640000
281,2,3,3.947000,4.912000,2.873000,5.702000,3.776000,2.472000
281,3,3,3.399600,4.105000,5.179000,3.874000,1.461000,2.379000
281,4,3,3.374200,3.776000,2.866000,4.216000,2.211000,3.802000
281,5,3,3.066800,4.579000,1.964000,4.747000,1.291000,2.753000
281,6,3,2.774800,4.215000,2.745000,3.862000,1.487000,1.565000
281,7,3,4.103000,4.582000,5.043000,5.589000,2.777000,2.524000
281,8,3,3.173400,3.132000,5.484000,2.429000,1.831000,2.991000
281,9,3,3.166800,4.521000,1.740000,3.384000,3.899000,2.290000
281,10,3,3.372400,4.383000,3.311000,3.157000,1.292000,4.719000
281,11,3,4.317800,4.646000,3.671000,5.739000,5.922000,1.611000
281,12,3,4.676600,4.389000,5.188000,5.916000,4.269000,3.621000
281,13,3,2.971200,4.070000,1.754000,4.397000,1.279000,3.356000
281,14,3,2.895000,3.722000,4.774000,2.680000,2.164000,1.135000
281,15,3,3.511200,4.786000,3.609000,5.168000,2.513000,1.480000
281,16,3,3.526400,4.424000,2.025000,4.115000,4.560000,2.508000
281,17,3,3.939600,4.505000,4.897000,5.588000,1.553000,3.155000
281,18,3,3.250000,5.183000,2.901000,1.936000,1.426000,4.804000
281,19,3,3.511200,4.176000,5.337000,2.899000,1.409000,3.735000
282,0,3,3.811400,3.926000,4.556000,3.458000,3.052000,4.065000
282,1,3,4.259000,5.192000,5.302000,2.541000,4.853000,3.407000
282,2,3,4.145800,5.731000,4.280000,4.529000,4.648000,1.541000
282,3,3,3.468400,2.929000,4.073000,3.999000,3.435000,2.906000
282,4,3,3.860000,3.548000,3.022000,4.922000,2.890000,4.918000
282,5,3,3.474800,4.060000,1.520000,3.415000,6.045000,2.334000
282,6,3,3.184600,4.604000,1.311000,4.785000,2.460000,2.763000
282,7,3,3.478400,3.307000,2.770000,3.977000,2.428000,4.910000
282,8,3,4.459600,3.274000,5.214000,4.810000,3.770000,5.230000
282,9,3,4.092200,5.489000,3.360000,3.890000,2.934000,4.788000
282,10,3,3.928000,3.823000,4.411000,5.394000,3.846000,2.166000
282,11,3,4.258400,4.016000,4.644000,4.293000,2.955000,5.384000
282,12,3,3.557200,4.793000,1.414000,3.850000,3.641000,4.088000
282,13,3,4.352800,3.868000,5.180000,4.898000,5.239000,2.579000
282,14,3,3.130200,5.557000,1.389000,3.365000,3.649000,1.691000
282,15,3,3.398800,3.436000,2.730000,4.003000,3.459000,3.366000
282,16,3,4.825600,4.920000,5.568000,4.609000,4.240000,4.791000
282,17,3,4.209600,6.722000,1.818000,4.619000,2.789000,5.100000
282,18,3,3.605200,5.029000,1.329000,4.529000,3.585000,3.554000
282,19,3,3.736200,5.717000,5.005000,3.091000,3.667000,1.201000
283,0,3,3.299000,3.215000,1.148000,4.440000,2.762000,4.930000
283,1,3,2.898400,3.753000,3.689000,2.502000,1.795000,2.753000
283,2,3,3.048200,2.383000,3.398000,4.072000,1.655000,3.733000
283,3,3,3.317200,3.556000,2.260000,5.716000,2.212000,2.842000
283,4,3,2.869800,2.015000,1.572000,4.347000,4.538000,1.877000
283,5,3,3.321400,2.968000,1.117000,4.007000,4.127000,4.388000
283,6,3,3.438800,2.350000,3.308000,2.668000,3.370000,5.498000
283,7,3,3.969400,5.035000,2.710000,6.165000,2.334000,3.603000
283,8,3,3.516800,4.848000,1.856000,4.341000,2.332000,4.207000
283,9,3,2.568000,4.152000,1.789000,1.938000,2.271000,2.690000
283,10,3,2.822600,3.345000,3.557000,1.562000,2.282000,3.367000
283,11,3,3.806600,2.445000,3.149000,4.171000,3.446000,5.822000
283,12,3,3.690400,2.552000,2.932000,5.756000,1.983000,5.229000
283,13,3,3.014600,3.856000,2.965000,3.617000,2.002000,2.633000
283,14,3,3.464600,3.112000,4.187000,2.761000,1.920000,5.343000
283,15,3,3.018600,4.233000,2.803000,4.066000,1.725000,2.266000
283,16,3,3.353000,1.994000,2.786000,5.756000,3.225000,3.004000
283,17,3,3.180200,3.657000,3.256000,2.656000,2.259000,4.073000
283,18,3,3.089000,3.431000,3.830000,1.923000,2.276000,3.985000
283,19,3,2.379400,1.834000,1.324000,3.159000,2.494000,3.086000
284,0,3,3.167200,2.918000,1.434000,2.225000,4.693000,4.566000
284,1,3,3.333200,2.840000,1.774000,4.908000,2.589000,4.555000
284,2,3,4.515400,4.627000,3.965000,5.084000,4.934000,3.967000
284,3,3,2.028200,1.699000,1.758000,2.350000,1.463000,2.871000
284,4,3,3.948000,3.772000,4.037000,4.016000,3.596000,4.319000
284,5,3,3.607200,3.331000,3.794000,4.563000,1.759000,4.589000
284,6,3,3.743200,4.806000,1.280000,5.590000,2.860000,4.180000
284,7,3,3.087600,1.343000,1.606000,2.352000,5.312000,4.825000
284,8,3,2.855600,4.528000,1.539000,1.115000,3.699000,3.397000
284,9,3,3.464000,3.729000,1.245000,5.273000,1.840000,5.233000
284,10,3,3.277800,3.874000,1.288000,2.564000,3.608000,5.055000
284,11,3,2.997200,3.214000,3.329000,1.799000,1.896000,4.748000
284,12,3,4.134000,3.703000,3.276000,3.741000,4.869000,5.081000
284,13,3,3.956400,4.363000,3.145000,4.332000,4.354000,3.588000
284,14,3,2.640400,1.391000,1.745000,1.781000,3.647000,4.638000
284,15,3,3.418600,3.312000,3.049000,4.316000,2.024000,4.392000
284,16,3,3.400200,1.971000,3.589000,1.704000,4.934000,4.803000
284,17,3,2.214000,2.063000,1.580000,1.428000,2.200000,3.799000
284,18,3,2.870200,2.735000,3.019000,2.314000,2.033000,4.250000
284,19,3,4.393800,4.238000,4.224000,4.865000,3.734000,4.908000
285,0,3,3.705600,5.388000,1.329000,5.746000,3.432000,2.633000
285,1,3,2.786200,3.130000,2.635000,2.615000,3.835000,1.716000
285,2,3,3.666600,4.643000,2.119000,4.899000,3.551000,3.121000
285,3,3,2.894200,4.641000,1.630000,3.296000,2.682000,2.222000
285,4,3,3.599200,4.315000,4.283000,3.462000,4.232000,1.704000
285,5,3,2.869400,1.531000,2.394000,5.096000,2.785000,2.541000
285,6,3,3.748600,5.067000,2.953000,4.851000,2.601000,3.271000
285,7,3,3.300800,5.380000,1.555000,4.489000,3.013000,2.067000
285,8,3,2.308800,2.282000,1.651000,2.780000,2.445000,2.386000
285,9,3,3.085400,3.079000,1.687000,4.241000,3.692000,2.728000
285,10,3,3.452000,5.254000,1.347000,4.957000,3.910000,1.792000
285,11,3,3.404000,3.153000,1.660000,5.014000,4.444000,2.749000
285,12,3,3.403400,4.160000,2.392000,4.604000,2.910000,2.951000
285,13,3,3.293800,1.846000,1.569000,5.556000,4.866000,2.632000
285,14,3,4.046200,5.401000,4.329000,5.016000,2.591000,2.894000
285,15,3,2.895200,3.721000,1.401000,2.686000,5.027000,1.641000
285,16,3,2.978400,3.575000,1.460000,4.661000,3.598000,1.598000
285,17,3,2.769200,1.276000,3.015000,4.593000,2.661000,2.301000
285,18,3,3.169600,4.466000,2.040000,3.301000,3.375000,2.666000
285,19,3,3.018400,4.603000,1.495000,4.036000,2.671000,2.287000
286,0,3,3.213600,3.228000,5.249000,2.437000,1.804000,3.350000
286,1,3,2.873000,1.195000,5.226000,3.992000,1.809000,2.143000
286,2,3,2.847200,1.644000,3.087000,4.665000,1.650000,3.190000
286,3,3,2.802600,2.526000,2.572000,3.917000,1.653000,3.345000
286,4,3,3.273200,4.559000,2.640000,2.828000,4.325000,2.014000
286,5,3,2.699200,2.850000,4.275000,2.653000,1.404000,2.314000
286,6,3,2.643400,2.606000,2.910000,2.370000,1.973000,3.358000
286,7,3,3.432400,3.002000,3.528000,4.257000,4.118000,2.257000
286,8,3,3.354200,3.027000,2.244000,4.235000,2.261000,5.004000
286,9,3,3.291200,2.045000,5.037000,2.776000,4.299000,2.299000
286,10,3,2.092400,1.294000,3.273000,2.040000,1.289000,2.566000
286,11,3,3.762600,4.524000,5.711000,1.288000,2.269000,5.021000
286,12,3,2.861200,2.155000,3.120000,2.895000,1.553000,4.583000
286,13,3,2.992000,2.384000,4.568000,1.866000,2.805000,3.337000
286,14,3,2.123200,1.922000,1.397000,4.054000,1.731000,1.512000
286,15,3,4.008800,2.239000,5.762000,4.466000,2.233000,5.344000
286,16,3,3.506000,5.422000,3.850000,3.823000,3.149000,1.286000
286,17,3,3.962000,1.436000,3.821000,4.454000,5.146000,4.953000
286,18,3,2.916600,4.159000,2.329000,3.096000,1.787000,3.212000
286,19,3,3.344800,1.425000,6.295000,2.639000,1.672000,4.693000
287,0,1,2.449200,3.096000,3.273000,2.394000,1.815000,1.668000
287,1,1,2.430600,2.875000,2.095000,1.503000,3.935000,1.745000
287,2,1,2.592600,2.983000,2.087000,2.460000,1.786000,3.647000
287,3,1,2.988200,3.370000,3.626000,2.875000,1.935000,3.135000
287,4,2,2.231000,2.548000,1.225000,2.998000,1.894000,2.490000
287,5,1,2.542400,2.130000,4.925000,2.416000,1.357000,1.884000
287,6,3,2.762000,4.407000,1.381000,2.927000,1.493000,3.602000
287,7,1,2.294200,3.811000,1.735000,1.363000,2.606000,1.956000
287,8,2,2.479200,2.993000,1.225000,2.955000,1.921000,3.302000
287,9,3,3.582200,3.897000,2.589000,3.606000,3.570000,4.249000
287,10,1,2.391800,2.231000,2.089000,2.694000,1.544000,3.401000
287,11,1,2.654600,2.967000,1.793000,2.395000,2.058000,4.060000
287,12,1,3.316200,4.091000,2.068000,4.178000,2.608000,3.636000
287,13,1,2.648200,2.667000,2.338000,1.929000,3.068000,3.239000
287,14,1,2.393800,3.222000,2.987000,2.194000,1.845000,1.721000
287,15,3,2.685200,3.688000,3.502000,2.411000,1.869000,1.956000
287,16,3,3.246600,4.310000,3.435000,3.138000,2.046000,3.304000
287,17,1,3.593800,4.696000,2.272000,3.482000,2.374000,5.145000
287,18,3,3.104000,4.669000,3.283000,3.171000,3.039000,1.358000
287,19,3,3.518000,4.497000,3.022000,2.788000,4.362000,2.921000
288,0,3,4.431200,5.010000,3.269000,5.998000,3.873000,4.006000
288,1,3,4.098600,4.643000,2.501000,5.879000,2.775000,4.695000
288,2,3,3.127600,4.334000,2.437000,5.088000,1.524000,2.255000
288,3,3,4.133800,3.815000,2.903000,4.904000,5.452000,3.595000
288,4,3,4.250400,5.793000,3.134000,2.908000,4.383000,5.034000
288,5,3,3.855800,5.915000,2.147000,2.343000,5.554000,3.320000
288,6,3,3.360400,2.959000,5.283000,3.186000,3.554000,1.820000
288,7,3,3.876600,3.705000,3.482000,4.409000,3.107000,4.680000
288,8,3,3.537000,5.048000,2.658000,4.049000,2.349000,3.581000
288,9,3,3.666600,5.236000,3.958000,4.588000,2.496000,2.055000
288,10,3,3.374600,4.376000,2.902000,2.965000,2.892000,3.738000
288,11,3,3.647600,2.566000,3.963000,3.513000,4.199000,3.997000
288,12,3,4.759600,5.818000,4.984000,5.833000,2.956000,4.207000
288,13,3,3.884000,5.062000,2.540000,4.967000,2.842000,4.009000
288,14,3,2.885600,2.388000,2.117000,3.196000,2.041000,4.686000
288,15,3,3.748200,4.424000,2.372000,4.384000,3.379000,4.182000
288,16,3,3.912200,5.361000,3.995000,5.863000,2.919000,1.423000
288,17,3,3.621400,2.481000,2.390000,5.086000,4.519000,3.631000
288,18,3,3.629200,3.825000,4.374000,2.589000,3.444000,3.914000
288,19,3,4.053200,4.750000,2.975000,4.927000,3.218000,4.396000
289,0,3,3.306600,2.378000,4.356000,2.842000,5.101000,1.856000
289,1,3,3.821200,3.768000,3.399000,6.388000,3.900000,1.651000
289,2,3,3.186800,2.746000,3.907000,2.859000,5.259000,1.163000
289,3,3,4.024400,1.969000,3.965000,5.739000,4.243000,4.206000
289,4,3,3.000200,2.181000,4.140000,2.609000,4.588000,1.483000
289,5,3,3.883000,5.681000,4.694000,3.498000,4.351000,1.191000
289,6,3,3.753200,2.375000,4.156000,6.219000,3.783000,2.233000
289,7,3,3.174600,2.407000,3.744000,5.466000,2.885000,1.371000
289,8,3,3.756200,4.983000,2.898000,5.130000,4.500000,1.270000
289,9,3,2.910200,1.773000,3.314000,3.413000,4.825000,1.226000
289,10,3,4.890600,6.107000,4.810000,6.501000,5.665000,1.370000
289,11,3,3.352200,1.544000,3.674000,5.797000,4.243000,1.503000
289,12,3,2.965200,2.520000,4.543000,4.322000,2.280000,1.161000
289,13,3,2.280400,1.810000,1.845000,3.419000,3.118000,1.210000
289,14,3,3.662000,4.362000,3.538000,5.386000,3.650000,1.374000
289,15,3,2.148600,2.094000,2.461000,1.593000,3.486000,1.109000
289,16,3,3.434200,4.310000,3.836000,3.504000,4.518000,1.003000
289,17,3,3.631800,3.670000,4.017000,4.430000,4.034000,2.008000
289,18,3,3.542200,5.760000,4.317000,2.232000,3.792000,1.610000
289,19,3,3.251200,2.429000,2.386000,5.404000,4.813000,1.224000
290,0,0,1.826400,1.196000,1.752000,1.425000,2.957000,1.802000
290,1,0,2.042200,2.386000,2.106000,1.408000,2.138000,2.173000
290,2,0,1.670200,1.157000,1.208000,1.872000,2.184000,1.930000
290,3,0,2.084200,1.337000,2.781000,2.857000,1.759000,1.687000
290,4,0,2.014400,1.276000,1.790000,3.348000,2.142000,1.516000
290,5,0,1.687800,2.180000,1.263000,1.828000,2.031000,1.137000
290,6,0,1.914800,1.480000,2.756000,1.607000,2.418000,1.313000
290,7,0,2.433000,2.584000,1.838000,3.183000,2.358000,2.202000
290,8,0,1.900800,2.162000,1.709000,2.482000,1.250000,1.901000
290,9,0,2.040600,1.132000,2.624000,2.415000,1.950000,2.082000
290,10,0,1.961400,1.123000,1.396000,3.057000,2.375000,1.856000
290,11,0,2.144600,1.346000,2.077000,4.143000,1.358000,1.799000
290,12,0,2.120400,1.931000,1.930000,2.841000,2.417000,1.483000
290,13,0,1.474000,1.443000,1.885000,1.711000,1.211000,1.120000
290,14,0,1.780000,1.209000,1.147000,2.859000,2.180000,1.505000
290,15,0,2.007200,1.126000,2.005000,2.921000,1.393000,2.591000
290,16,0,1.903800,1.636000,1.954000,2.012000,2.037000,1.880000
290,17,0,2.027400,1.984000,2.010000,2.159000,2.450000,1.534000
290,18,0,1.969800,1.235000,1.658000,2.855000,2.172000,1.929000
290,19,0,1.744000,1.212000,1.509000,1.497000,3.273000,1.229000
290,20,1,2.014000,2.101000,1.344000,2.617000,1.969000,2.039000
290,21,1,2.320800,1.927000,3.235000,2.077000,1.545000,2.820000
290,22,1,2.207000,1.305000,2.462000,2.838000,2.421000,2.009000
290,23,1,2.983800,2.246000,2.972000,4.308000,3.595000,1.798000
290,24,1,2.402200,2.372000,2.385000,2.752000,1.743000,2.759000
290,25,1,2.582800,2.681000,1.235000,3.011000,3.730000,2.257000
290,26,1,2.449000,2.139000,2.292000,1.667000,2.910000,3.237000
290,27,1,2.187000,1.591000,2.299000,2.275000,1.476000,3.294000
290,28,1,2.837800,4.619000,1.263000,3.252000,3.107000,1.948000
290,29,1,2.087600,1.328000,1.953000,2.837000,2.150000,2.170000
290,30,1,3.275000,4.610000,2.405000,4.244000,1.957000,3.159000
290,31,1,2.714600,2.674000,2.717000,3.607000,2.951000,1.624000
290,32,1,2.040200,1.704000,2.028000,2.119000,2.714000,1.636000
290,33,1,2.711600,2.791000,3.609000,2.988000,2.125000,2.045000
290,34,1,3.037600,2.110000,2.788000,4.731000,3.500000,2.059000
290,35,1,1.961000,2.127000,1.377000,2.274000,2.886000,1.141000
290,36,1,2.273400,1.703000,1.295000,2.824000,3.119000,2.426000
290,37,1,2.560400,2.533000,1.235000,3.460000,3.036000,2.538000
290,38,1,2.621600,1.790000,1.335000,3.334000,4.068000,2.581000
290,39,1,2.916000,2.000000,2.845000,5.123000,2.242000,2.370000
290,40,2,1.947200,2.374000,2.004000,1.972000,1.154000,2.232000
290,41,2,2.060800,2.617000,2.151000,1.644000,1.482000,2.410000
290,42,2,2.546800,1.767000,2.669000,3.244000,1.559000,3.495000
290,43,2,2.258800,1.784000,1.999000,3.308000,1.233000,2.970000
290,44,2,2.992800,3.675000,1.395000,2.217000,2.744000,4.933000
290,45,2,2.263200,2.763000,2.792000,2.757000,1.201000,1.803000
290,46,2,1.747800,2.691000,1.857000,1.478000,1.073000,1.640000
290,47,2,2.444200,2.711000,1.912000,3.587000,2.642000,1.369000
290,48,2,2.091400,2.479000,2.510000,1.952000,1.398000,2.118000
290,49,2,2.419800,2.374000,2.028000,2.731000,2.780000,2.186000
290,50,2,2.177600,2.658000,2.019000,2.112000,2.374000,1.725000
290,51,2,2.750000,1.824000,2.875000,3.902000,2.137000,3.012000
290,52,2,2.348400,1.645000,2.033000,3.061000,1.804000,3.199000
290,53,2,2.392000,3.684000,2.365000,1.704000,1.324000,2.883000
290,54,2,1.890000,2.414000,1.277000,2.494000,1.012000,2.253000
290,55,2,1.922400,2.056000,1.865000,1.973000,1.295000,2.423000
290,56,2,2.437800,2.835000,1.905000,1.613000,2.736000,3.100000
290,57,2,2.624000,2.389000,2.523000,3.145000,1.879000,3.184000
290,58,2,2.041000,2.621000,1.977000,1.868000,1.992000,1.747000
290,59,2,2.466400,2.373000,3.054000,2.338000,1.116000,3.451000
290,60,3,3.370400,3.308000,3.289000,3.354000,3.152000,3.749000
290,61,3,3.057000,4.805000,3.963000,2.844000,2.556000,1.117000
290,62,3,3.515000,5.061000,2.003000,3.230000,2.922000,4.359000
290,63,3,3.441000,4.258000,2.392000,1.568000,2.969000,6.018000
290,64,3,4.210200,5.463000,5.025000,3.729000,1.664000,5.170000
290,65,3,2.920400,2.958000,3.392000,2.377000,2.568000,3.307000
290,66,3,3.604000,2.884000,1.994000,5.701000,3.142000,4.299000
290,67,3,2.873800,5.353000,1.893000,2.261000,2.959000,1.903000
290,68,3,3.954400,5.110000,3.684000,4.005000,4.757000,2.216000
290,69,3,3.763600,3.105000,5.066000,2.010000,4.033000,4.604000
290,70,3,4.396800,4.379000,3.561000,4.996000,3.830000,5.218000
290,71,3,2.914800,3.948000,2.767000,4.591000,1.676000,1.592000
290,72,3,3.939400,4.512000,3.319000,3.461000,5.144000,3.261000
290,73,3,3.877600,3.856000,1.136000,5.616000,3.087000,5.693000
290,74,3,3.250200,4.450000,3.319000,2.734000,1.740000,4.008000
290,75,3,3.628400,5.139000,4.925000,1.782000,4.215000,2.081000
290,76,3,4.041200,5.630000,3.276000,3.937000,1.649000,5.714000
290,77,3,3.715600,5.060000,3.982000,2.054000,2.566000,4.916000
290,78,3,3.581800,4.291000,2.379000,3.235000,2.253000,5.751000
290,79,3,3.265400,3.304000,1.837000,3.953000,4.369000,2.864000
290,80,4,2.532200,2.514000,1.625000,1.633000,2.253000,4.636000
290,81,4,1.864400,1.996000,1.146000,1.387000,1.126000,3.667000
290,82,4,1.961800,2.078000,1.793000,2.720000,1.324000,1.894000
290,83,4,2.104400,2.919000,1.925000,2.157000,1.407000,2.114000
290,84,4,2.496000,1.472000,2.582000,2.591000,3.020000,2.815000
290,85,4,2.577400,2.966000,1.467000,1.824000,3.219000,3.411000
290,86,4,2.279200,2.194000,1.752000,2.740000,1.350000,3.360000
290,87,4,1.687600,1.410000,1.542000,1.805000,1.228000,2.453000
290,88,4,2.116400,2.394000,1.702000,2.146000,1.682000,2.658000
290,89,4,2.996000,3.451000,1.385000,3.657000,1.456000,5.031000
290,90,4,1.968400,2.338000,1.770000,2.557000,1.229000,1.948000
290,91,4,2.227200,1.984000,2.309000,3.338000,2.093000,1.412000
290,92,4,2.045800,2.456000,2.065000,2.501000,1.266000,1.941000
290,93,4,2.155800,2.674000,1.607000,1.567000,2.352000,2.579000
290,94,4,2.228400,2.153000,1.930000,2.303000,1.695000,3.061000
290,95,4,2.140800,2.165000,1.618000,1.545000,1.280000,4.096000
290,96,4,2.120200,2.503000,0.991000,1.683000,2.462000,2.962000
290,97,4,1.663400,1.762000,1.099000,2.271000,1.612000,1.573000
290,98,4,1.903600,2.743000,2.083000,1.788000,1.303000,1.601000
290,99,4,1.962600,1.466000,1.134000,2.448000,3.099000,1.666000
291,0,3,2.879000,2.554000,1.128000,5.084000,1.681000,3.948000
291,1,3,2.547000,2.914000,1.405000,4.344000,2.477000,1.595000
291,2,3,3.466800,3.046000,2.322000,4.548000,4.719000,2.699000
291,3,3,3.197200,2.238000,1.494000,4.897000,3.960000,3.397000
291,4,3,4.058400,3.120000,4.853000,5.018000,2.613000,4.688000
291,5,3,3.673400,2.009000,6.290000,5.107000,2.547000,2.414000
291,6,3,2.038200,1.453000,1.513000,1.783000,2.302000,3.140000
291,7,3,3.477000,2.386000,1.291000,5.591000,3.530000,4.587000
291,8,3,3.454600,1.446000,1.133000,5.534000,3.737000,5.423000
291,9,3,2.878800,1.366000,1.337000,5.968000,2.393000,3.330000
291,10,3,3.711600,4.968000,1.323000,4.833000,2.311000,5.123000
291,11,3,3.275200,3.378000,1.581000,4.694000,1.801000,4.922000
291,12,3,2.859600,3.888000,1.761000,4.296000,1.937000,2.416000
291,13,3,3.924400,4.511000,1.746000,5.688000,3.808000,3.869000
291,14,3,3.396200,2.865000,1.198000,4.505000,3.934000,4.479000
291,15,3,2.941200,2.196000,1.139000,5.561000,2.228000,3.582000
291,16,3,2.623200,1.278000,1.427000,4.936000,3.489000,1.986000
291,17,3,3.560600,4.600000,1.374000,4.758000,4.692000,2.379000
291,18,3,2.604800,3.337000,2.293000,1.613000,3.226000,2.555000
291,19,3,2.750000,2.032000,1.181000,5.206000,2.085000,3.246000
292,0,3,3.846000,5.094000,4.199000,2.423000,4.033000,3.481000
292,1,3,3.115400,4.058000,1.858000,2.740000,2.017000,4.904000
292,2,3,4.705000,4.819000,5.173000,4.498000,5.069000,3.966000
292,3,3,4.064800,4.834000,2.096000,4.540000,3.727000,5.127000
292,4,3,4.068800,4.496000,4.630000,3.549000,3.348000,4.321000
292,5,3,2.562200,3.255000,4.362000,1.817000,2.101000,1.276000
292,6,3,4.894200,5.375000,4.761000,5.094000,3.958000,5.283000
292,7,3,3.515000,4.730000,2.909000,3.268000,2.681000,3.987000
292,8,3,4.113400,3.839000,3.172000,3.646000,5.058000,4.852000
292,9,3,4.422600,4.317000,5.323000,2.391000,4.866000,5.216000
292,10,3,4.029600,2.525000,3.286000,4.990000,5.448000,3.899000
292,11,3,3.972200,5.038000,2.390000,4.463000,3.246000,4.724000
292,12,3,3.730200,4.218000,1.956000,4.249000,3.852000,4.376000
292,13,3,3.818400,4.421000,3.167000,2.541000,4.006000,4.957000
292,14,3,4.361800,4.496000,5.373000,2.267000,4.631000,5.042000
292,15,3,3.236400,4.730000,3.179000,2.348000,2.071000,3.854000
292,16,3,3.691600,5.089000,1.825000,5.335000,4.678000,1.531000
292,17,3,3.001200,2.794000,3.059000,3.144000,1.697000,4.312000
292,18,3,4.445000,4.671000,4.691000,2.622000,4.785000,5.456000
292,19,3,3.710000,4.826000,3.605000,1.451000,4.018000,4.650000
293,0,3,3.424600,4.684000,1.674000,3.812000,3.050000,3.903000
293,1,3,3.241200,2.824000,2.091000,5.376000,1.953000,3.962000
293,2,3,3.219600,1.511000,2.445000,4.181000,3.330000,4.631000
293,3,3,3.231600,4.638000,1.253000,5.341000,2.689000,2.237000
293,4,3,2.995400,4.993000,3.347000,2.051000,2.536000,2.050000
293,5,3,3.093200,3.610000,2.639000,2.352000,5.525000,1.340000
293,6,3,3.812000,4.893000,2.719000,4.386000,4.617000,2.445000
293,7,3,2.838800,3.984000,3.091000,2.414000,2.090000,2.615000
293,8,3,3.307200,4.203000,2.385000,4.628000,4.290000,1.030000
293,9,3,3.657800,4.513000,2.597000,4.440000,4.789000,1.950000
293,10,3,2.904800,2.170000,1.854000,3.629000,2.982000,3.889000
293,11,3,3.954400,4.451000,1.812000,3.824000,4.956000,4.729000
293,12,3,2.689200,1.225000,2.205000,2.566000,5.202000,2.248000
293,13,3,3.351400,2.685000,4.328000,4.691000,2.380000,2.673000
293,14,3,2.452200,4.931000,1.232000,2.467000,2.425000,1.206000
293,15,3,3.149400,4.180000,3.746000,3.894000,2.618000,1.309000
293,16,3,3.465400,4.820000,2.873000,3.188000,4.088000,2.358000
293,17,3,2.515800,1.935000,1.355000,1.517000,5.893000,1.879000
293,18,3,3.458600,4.595000,2.830000,3.352000,2.338000,4.178000
293,19,3,2.774200,4.562000,1.404000,2.382000,4.349000,1.174000
294,0,3,3.842800,2.925000,4.190000,4.635000,3.562000,3.902000
294,1,3,2.770600,1.602000,2.671000,1.785000,4.949000,2.846000
294,2,3,2.523800,2.462000,3.034000,1.642000,2.801000,2.680000
294,3,3,2.847800,3.253000,2.689000,2.359000,1.425000,4.513000
294,4,3,3.741400,4.919000,3.545000,2.860000,4.658000,2.725000
294,5,3,3.361600,2.785000,2.390000,2.875000,5.460000,3.298000
294,6,3,3.676000,4.582000,4.569000,2.854000,1.883000,4.492000
294,7,3,2.841400,2.862000,3.302000,1.787000,2.677000,3.579000
294,8,3,2.062600,1.983000,2.544000,1.769000,2.953000,1.064000
294,9,3,3.162400,3.466000,4.862000,1.989000,4.055000,1.440000
294,10,3,2.542000,3.980000,3.107000,2.703000,1.669000,1.251000
294,11,3,2.972400,2.547000,2.897000,2.055000,2.633000,4.730000
294,12,3,3.513000,3.517000,4.161000,2.101000,5.181000,2.605000
294,13,3,2.952800,2.149000,3.836000,3.060000,2.724000,2.995000
294,14,3,3.018200,5.003000,2.455000,2.404000,2.954000,2.275000
294,15,3,3.319400,3.157000,5.858000,3.270000,1.957000,2.355000
294,16,3,2.325600,3.323000,3.081000,1.899000,2.081000,1.244000
294,17,3,2.695200,2.475000,2.435000,2.211000,5.105000,1.250000
294,18,3,3.169400,2.470000,2.757000,3.203000,4.024000,3.393000
294,19,3,2.839000,1.478000,3.112000,2.557000,4.742000,2.306000
295,0,3,3.247200,2.480000,3.012000,4.699000,1.198000,4.847000
295,1,3,3.866200,4.933000,3.945000,4.017000,1.606000,4.830000
295,2,3,3.848400,5.022000,4.731000,2.594000,1.571000,5.324000
295,3,3,3.128800,4.997000,3.038000,2.854000,1.814000,2.941000
295,4,3,3.109600,4.215000,2.987000,1.385000,1.441000,5.520000
295,5,3,2.604200,4.154000,1.633000,3.077000,1.615000,2.542000
295,6,3,2.102400,1.428000,1.957000,1.948000,1.783000,3.396000
295,7,3,3.626400,4.160000,3.727000,3.918000,3.461000,2.866000
295,8,3,2.269200,2.634000,3.674000,1.894000,1.411000,1.733000
295,9,3,3.709600,3.218000,3.586000,4.531000,1.864000,5.349000
295,10,3,2.423000,2.448000,3.803000,2.335000,1.934000,1.595000
295,11,3,2.841800,5.014000,2.826000,1.540000,1.432000,3.397000
295,12,3,3.910600,2.943000,4.036000,2.396000,5.359000,4.819000
295,13,3,3.463400,3.582000,1.212000,2.946000,4.702000,4.875000
295,14,3,4.296200,5.652000,4.385000,2.762000,4.756000,3.926000
295,15,3,2.706600,2.301000,2.441000,1.611000,1.616000,5.564000
295,16,3,2.985200,3.826000,4.090000,2.123000,2.769000,2.118000
295,17,3,3.118000,4.452000,1.125000,3.759000,1.514000,4.740000
295,18,3,3.312800,2.320000,3.345000,5.871000,2.706000,2.322000
295,19,3,2.705800,3.874000,1.811000,1.779000,1.616000,4.449000
296,0,3,4.196200,3.466000,5.597000,3.821000,3.732000,4.365000
296,1,3,3.702800,4.078000,1.736000,3.588000,4.667000,4.445000
296,2,3,2.923600,4.950000,1.908000,2.230000,2.262000,3.268000
296,3,3,4.090200,5.279000,5.202000,3.979000,3.574000,2.417000
296,4,3,3.643600,1.883000,3.254000,3.944000,4.659000,4.478000
296,5,3,4.210400,4.843000,3.265000,3.838000,4.154000,4.952000
296,6,3,3.146400,1.844000,2.715000,3.163000,3.965000,4.045000
296,7,3,3.672600,3.640000,3.295000,2.666000,4.994000,3.768000
296,8,3,4.406600,3.284000,5.239000,2.738000,5.462000,5.310000
296,9,3,4.274800,4.107000,4.779000,2.930000,5.828000,3.730000
296,10,3,3.509200,4.021000,3.360000,3.731000,2.429000,4.005000
296,11,3,4.296400,2.480000,4.762000,4.223000,4.478000,5.539000
296,12,3,3.084000,4.116000,2.576000,3.690000,2.240000,2.798000
296,13,3,3.359800,5.049000,3.166000,2.837000,3.539000,2.208000
296,14,3,3.150400,4.225000,3.385000,3.025000,2.215000,2.902000
296,15,3,4.109000,2.134000,6.104000,5.249000,4.911000,2.147000
296,16,3,3.477800,2.316000,3.561000,5.219000,2.175000,4.118000
296,17,3,3.898800,5.127000,3.001000,2.926000,3.342000,5.098000
296,18,3,3.845400,1.984000,3.990000,2.332000,5.434000,5.487000
296,19,3,4.721800,2.614000,5.884000,6.218000,5.006000,3.887000
297,0,3,3.971200,3.636000,4.303000,2.119000,5.060000,4.738000
297,1,3,3.735200,5.522000,1.407000,4.295000,4.031000,3.421000
297,2,3,3.225600,5.381000,3.387000,2.653000,2.266000,2.441000
297,3,3,3.599800,3.912000,1.568000,4.436000,3.538000,4.545000
297,4,3,2.615000,2.394000,1.572000,1.631000,2.387000,5.091000
297,5,3,3.438400,5.044000,1.131000,4.098000,2.937000,3.982000
297,6,3,3.198200,4.437000,3.577000,1.269000,3.097000,3.611000
297,7,3,2.766200,2.210000,2.041000,2.183000,2.867000,4.530000
297,8,3,3.727800,3.246000,2.500000,4.603000,3.870000,4.420000
297,9,3,3.994400,5.661000,4.309000,1.259000,4.082000,4.661000
297,10,3,3.857200,5.161000,3.036000,5.078000,2.882000,3.129000
297,11,3,3.677000,3.052000,1.403000,4.008000,5.604000,4.318000
297,12,3,3.942600,4.654000,2.365000,3.308000,5.061000,4.325000
297,13,3,3.134600,2.116000,1.596000,4.906000,2.456000,4.599000
297,14,3,3.543800,2.343000,3.412000,3.817000,3.664000,4.483000
297,15,3,4.109200,2.366000,4.760000,5.200000,4.760000,3.460000
297,16,3,3.342200,1.760000,2.849000,3.847000,4.921000,3.334000
297,17,3,4.391600,4.881000,3.546000,4.042000,5.957000,3.532000
297,18,3,4.020000,5.188000,1.192000,5.311000,5.056000,3.353000
297,19,3,3.555200,3.119000,3.745000,1.933000,3.152000,5.827000
298,0,3,3.225800,2.809000,4.953000,1.331000,3.956000,3.080000
298,1,3,3.201600,2.608000,1.956000,2.795000,5.137000,3.512000
298,2,3,3.847000,3.464000,4.238000,3.158000,4.125000,4.250000
298,3,3,3.547200,4.730000,4.532000,1.252000,3.269000,3.953000
298,4,3,3.496400,4.185000,5.333000,3.599000,2.100000,2.265000
298,5,3,3.747200,3.578000,5.079000,4.898000,2.060000,3.121000
298,6,3,2.829600,2.326000,4.682000,1.538000,3.580000,2.022000
298,7,3,4.083400,4.652000,4.863000,3.627000,5.077000,2.198000
298,8,3,3.924600,4.487000,4.754000,1.556000,4.018000,4.808000
298,9,3,2.636600,2.812000,5.025000,1.182000,2.233000,1.931000
298,10,3,3.354800,4.659000,4.633000,1.123000,4.221000,2.138000
298,11,3,2.957600,2.183000,5.010000,1.609000,1.983000,4.003000
298,12,3,3.291600,5.055000,2.009000,3.412000,4.191000,1.791000
298,13,3,3.297600,4.447000,3.759000,2.436000,1.960000,3.886000
298,14,3,4.108200,5.824000,4.165000,2.499000,4.080000,3.973000
298,15,3,3.902400,5.178000,4.586000,1.401000,5.094000,3.253000
298,16,3,2.385600,3.124000,2.483000,2.928000,1.971000,1.422000
298,17,3,3.340400,5.014000,4.600000,1.813000,1.874000,3.401000
298,18,3,2.857400,2.265000,4.217000,2.489000,3.062000,2.254000
298,19,3,3.387200,2.661000,5.095000,2.435000,3.178000,3.567000
299,0,3,3.397200,3.841000,1.157000,3.782000,5.023000,3.183000
299,1,3,3.516400,3.240000,3.767000,5.007000,2.720000,2.848000
299,2,3,3.483000,4.243000,1.138000,3.871000,4.899000,3.264000
299,3,3,2.951600,3.052000,2.221000,2.979000,4.427000,2.079000
299,4,3,3.601800,4.182000,1.469000,4.952000,4.712000,2.694000
299,5,3,4.269600,3.395000,5.234000,4.365000,3.832000,4.522000
299,6,3,3.988800,4.378000,2.534000,3.234000,4.688000,5.110000
299,7,3,3.455200,5.255000,3.442000,3.789000,2.734000,2.056000
299,8,3,3.885800,5.331000,1.618000,5.290000,4.762000,2.428000
299,9,3,3.630600,3.649000,1.934000,4.777000,4.348000,3.445000
299,10,3,4.309200,5.162000,4.240000,4.227000,3.162000,4.755000
299,11,3,3.554000,4.258000,2.285000,4.253000,4.450000,2.524000
299,12,3,4.230400,4.566000,1.553000,5.285000,5.254000,4.494000
299,13,3,2.740200,3.442000,2.314000,1.898000,3.519000,2.528000
299,14,3,3.921400,3.443000,2.857000,4.272000,4.759000,4.276000
299,15,3,4.024800,3.445000,1.991000,4.321000,5.298000,5.069000
299,16,3,4.090000,4.940000,1.756000,3.573000,4.903000,5.278000
299,17,3,3.596800,3.951000,2.122000,3.046000,5.227000,3.638000
299,18,3,3.999400,3.355000,3.771000,3.764000,4.735000,4.372000
299,19,3,4.103200,4.542000,4.966000,1.747000,4.111000,5.150000
