generation,sol_idx,emitter_id,mean_throughput,eval_0,eval_1,eval_2,eval_3,eval_4
0,0,0,3.117200,3.108000,3.200000,3.061000,3.223000,2.994000
0,1,0,2.908000,2.891000,2.976000,2.784000,2.974000,2.915000
0,2,0,3.051000,2.899000,3.105000,3.009000,3.208000,3.034000
0,3,0,2.974000,2.888000,3.065000,2.916000,3.024000,2.977000
0,4,0,3.210000,3.377000,3.167000,3.136000,3.212000,3.158000
0,5,0,3.294200,3.272000,3.177000,3.351000,3.380000,3.291000
0,6,0,2.956200,2.960000,2.916000,2.943000,3.013000,2.949000
0,7,0,3.185400,3.088000,3.129000,3.165000,3.324000,3.221000
0,8,0,2.897000,2.818000,2.929000,2.900000,2.975000,2.863000
0,9,0,3.037000,3.070000,2.993000,3.045000,3.075000,3.002000
0,10,0,3.047000,3.027000,3.055000,3.102000,3.084000,2.967000
0,11,0,3.170400,3.172000,3.147000,3.172000,3.254000,3.107000
0,12,0,3.140400,3.181000,3.106000,3.086000,3.250000,3.079000
0,13,0,2.834800,2.729000,2.863000,2.855000,2.873000,2.854000
0,14,0,3.359400,3.320000,3.362000,3.415000,3.445000,3.255000
0,15,0,3.017400,3.034000,3.005000,3.003000,3.108000,2.937000
0,16,0,3.110600,3.065000,3.062000,3.185000,3.227000,3.014000
0,17,0,3.003000,2.932000,2.974000,2.972000,3.105000,3.032000
0,18,0,3.246600,3.280000,3.214000,3.181000,3.319000,3.239000
0,19,0,3.022400,3.054000,2.986000,2.865000,3.110000,3.097000
0,20,1,3.290600,3.340000,3.303000,3.212000,3.288000,3.310000
0,21,1,2.913200,2.929000,2.886000,2.834000,3.050000,2.867000
0,22,1,2.914600,2.956000,2.923000,2.869000,2.988000,2.837000
0,23,1,3.205200,3.202000,3.282000,3.130000,3.290000,3.122000
0,24,1,3.479600,3.461000,3.466000,3.433000,3.584000,3.454000
0,25,1,3.094200,3.086000,3.195000,3.000000,3.144000,3.046000
0,26,1,2.919600,2.838000,2.986000,2.931000,2.966000,2.877000
0,27,1,3.103600,3.010000,3.192000,3.086000,3.231000,2.999000
0,28,1,3.017400,2.984000,2.856000,3.016000,3.134000,3.097000
0,29,1,3.045800,2.976000,3.083000,3.124000,3.078000,2.968000
0,30,1,3.287200,3.196000,3.362000,3.352000,3.299000,3.227000
0,31,1,2.784800,2.668000,2.769000,2.851000,2.903000,2.733000
0,32,1,2.913000,2.978000,2.814000,2.824000,3.037000,2.912000
0,33,1,3.031200,3.014000,3.095000,2.969000,3.011000,3.067000
0,34,1,3.488000,3.453000,3.401000,3.561000,3.589000,3.436000
0,35,1,3.016800,2.991000,2.988000,3.023000,3.100000,2.982000
0,36,1,3.298200,3.240000,3.311000,3.364000,3.304000,3.272000
0,37,1,3.160400,3.144000,3.156000,3.140000,3.214000,3.148000
0,38,1,3.265800,3.358000,3.222000,3.176000,3.262000,3.311000
0,39,1,3.061600,2.997000,3.084000,3.115000,3.189000,2.923000
0,40,2,2.987600,2.912000,3.061000,2.929000,3.092000,2.944000
0,41,2,2.785800,2.844000,2.808000,2.740000,2.776000,2.761000
0,42,2,3.029600,2.917000,3.063000,3.049000,3.134000,2.985000
0,43,2,3.161800,3.198000,3.181000,3.116000,3.176000,3.138000
0,44,2,3.323400,3.343000,3.435000,3.267000,3.348000,3.224000
0,45,2,2.840000,2.858000,2.792000,2.774000,2.888000,2.888000
0,46,2,3.123000,3.083000,3.118000,3.123000,3.143000,3.148000
0,47,2,3.078200,2.988000,3.133000,3.113000,3.106000,3.051000
0,48,2,3.125200,3.011000,3.200000,3.068000,3.237000,3.110000
0,49,2,3.098600,3.143000,3.108000,2.982000,3.231000,3.029000
0,50,2,3.028600,2.892000,3.043000,2.956000,3.153000,3.099000
0,51,2,3.210600,3.173000,3.299000,3.188000,3.220000,3.173000
0,52,2,3.162400,3.138000,3.191000,3.125000,3.262000,3.096000
0,53,2,2.931800,2.940000,2.997000,2.830000,3.077000,2.815000
0,54,2,2.938400,2.909000,2.924000,2.882000,3.080000,2.897000
0,55,2,3.271800,3.196000,3.340000,3.311000,3.256000,3.256000
0,56,2,2.982400,2.987000,2.962000,2.959000,3.050000,2.954000
0,57,2,2.815800,2.840000,2.852000,2.761000,2.822000,2.804000
0,58,2,3.273200,3.224000,3.281000,3.246000,3.403000,3.212000
0,59,2,3.210400,3.082000,3.317000,3.191000,3.247000,3.215000
0,60,3,2.873600,2.858000,2.856000,2.797000,2.914000,2.943000
0,61,3,3.101800,3.100000,3.092000,3.007000,3.204000,3.106000
0,62,3,2.973000,2.910000,3.130000,2.939000,3.056000,2.830000
0,63,3,3.025400,3.047000,3.078000,2.952000,3.046000,3.004000
0,64,3,3.045800,3.126000,3.080000,2.942000,3.167000,2.914000
0,65,3,3.039400,2.940000,3.162000,2.949000,3.150000,2.996000
0,66,3,3.084800,2.998000,3.219000,3.077000,3.004000,3.126000
0,67,3,2.991000,2.909000,2.897000,3.085000,3.074000,2.990000
0,68,3,3.167200,3.102000,3.312000,3.112000,3.249000,3.061000
0,69,3,3.290000,3.266000,3.315000,3.255000,3.402000,3.212000
0,70,3,3.098400,3.021000,3.092000,3.066000,3.217000,3.096000
0,71,3,3.126200,3.055000,3.151000,3.207000,3.149000,3.069000
0,72,3,2.925800,2.885000,2.979000,2.848000,3.030000,2.887000
0,73,3,2.910400,2.794000,2.964000,2.973000,2.976000,2.845000
0,74,3,2.791800,2.778000,2.828000,2.710000,2.864000,2.779000
0,75,3,2.874800,2.854000,2.863000,2.927000,2.844000,2.886000
0,76,3,3.005000,3.030000,3.033000,3.022000,2.972000,2.968000
0,77,3,3.304400,3.287000,3.409000,3.170000,3.352000,3.304000
0,78,3,2.919200,2.829000,2.994000,2.829000,3.037000,2.907000
0,79,3,3.326600,3.260000,3.391000,3.287000,3.375000,3.320000
0,80,4,3.196400,3.168000,3.233000,3.182000,3.273000,3.126000
0,81,4,2.897800,2.883000,2.862000,2.915000,2.981000,2.848000
0,82,4,2.995000,3.007000,2.949000,2.958000,3.084000,2.977000
0,83,4,3.369000,3.312000,3.329000,3.225000,3.459000,3.520000
0,84,4,3.179400,3.208000,3.178000,3.143000,3.175000,3.193000
0,85,4,2.914800,2.892000,2.976000,2.872000,3.005000,2.829000
0,86,4,2.926800,2.780000,2.994000,2.900000,2.894000,3.066000
0,87,4,3.154200,3.047000,3.224000,3.146000,3.234000,3.120000
0,88,4,3.006400,3.007000,3.021000,2.927000,3.067000,3.010000
0,89,4,2.875400,2.899000,2.940000,2.762000,2.921000,2.855000
0,90,4,3.109200,3.152000,3.042000,3.140000,3.138000,3.074000
0,91,4,3.028600,3.106000,3.089000,2.918000,3.048000,2.982000
0,92,4,2.887800,2.816000,2.980000,2.886000,2.902000,2.855000
0,93,4,3.014400,2.949000,3.011000,2.934000,3.133000,3.045000
0,94,4,2.664200,2.514000,2.738000,2.624000,2.805000,2.640000
0,95,4,3.073600,2.989000,3.012000,3.163000,3.125000,3.079000
0,96,4,3.082200,3.142000,3.005000,3.056000,3.186000,3.022000
0,97,4,3.255600,3.078000,3.177000,3.286000,3.438000,3.299000
0,98,4,2.838800,2.833000,2.936000,2.768000,2.884000,2.773000
0,99,4,3.326800,3.301000,3.360000,3.231000,3.393000,3.349000
1,0,0,2.931000,2.986000,2.942000,2.953000,2.872000,2.902000
1,1,0,3.067800,3.020000,3.109000,3.040000,3.011000,3.159000
1,2,0,3.151200,3.080000,3.151000,3.199000,3.221000,3.105000
1,3,0,3.403400,3.463000,3.414000,3.295000,3.393000,3.452000
1,4,0,3.057200,3.029000,2.996000,3.058000,3.060000,3.143000
1,5,0,3.165400,3.118000,3.196000,3.106000,3.214000,3.193000
1,6,0,3.181000,3.215000,3.192000,3.112000,3.186000,3.200000
1,7,0,3.103600,3.018000,3.112000,3.086000,3.158000,3.144000
1,8,0,2.843200,2.822000,2.906000,2.825000,2.731000,2.932000
1,9,0,3.018800,3.038000,3.021000,2.901000,3.007000,3.127000
1,10,0,3.056400,3.095000,2.973000,3.078000,3.057000,3.079000
1,11,0,3.267800,3.299000,3.247000,3.225000,3.301000,3.267000
1,12,0,3.311600,3.308000,3.219000,3.333000,3.414000,3.284000
1,13,0,3.199400,3.140000,3.198000,3.134000,3.357000,3.168000
1,14,0,3.322000,3.376000,3.227000,3.241000,3.356000,3.410000
1,15,0,3.061600,3.022000,3.038000,3.103000,3.040000,3.105000
1,16,0,3.112000,3.136000,3.036000,3.152000,3.168000,3.068000
1,17,0,3.241600,3.186000,3.236000,3.258000,3.246000,3.282000
1,18,0,3.151200,3.125000,3.137000,3.165000,3.146000,3.183000
1,19,0,3.056800,3.016000,3.006000,3.094000,3.179000,2.989000
1,20,1,3.216800,3.322000,3.242000,3.010000,3.196000,3.314000
1,21,1,3.444000,3.435000,3.338000,3.528000,3.554000,3.365000
1,22,1,3.200000,3.156000,3.223000,3.242000,3.189000,3.190000
1,23,1,3.378200,3.342000,3.332000,3.436000,3.372000,3.409000
1,24,1,3.122600,3.156000,3.154000,3.114000,3.041000,3.148000
1,25,1,3.191200,3.180000,3.209000,3.205000,3.239000,3.123000
1,26,1,3.250800,3.200000,3.161000,3.270000,3.305000,3.318000
1,27,1,3.081000,3.081000,3.120000,2.953000,3.158000,3.093000
1,28,1,3.332400,3.333000,3.332000,3.190000,3.489000,3.318000
1,29,1,3.314000,3.359000,3.309000,3.178000,3.349000,3.375000
1,30,1,3.285200,3.340000,3.192000,3.295000,3.328000,3.271000
1,31,1,3.007000,2.952000,3.073000,3.037000,2.898000,3.075000
1,32,1,3.337600,3.160000,3.272000,3.437000,3.400000,3.419000
1,33,1,3.236000,3.194000,3.187000,3.200000,3.233000,3.366000
1,34,1,2.909600,3.016000,2.960000,2.824000,2.876000,2.872000
1,35,1,3.173800,3.203000,3.140000,3.204000,3.163000,3.159000
1,36,1,3.103000,3.098000,3.067000,2.990000,3.202000,3.158000
1,37,1,2.946400,2.897000,2.932000,2.893000,2.994000,3.016000
1,38,1,2.990200,2.934000,2.904000,2.873000,3.071000,3.169000
1,39,1,3.350600,3.306000,3.240000,3.411000,3.403000,3.393000
1,40,2,3.040400,3.056000,2.994000,3.063000,2.967000,3.122000
1,41,2,3.229400,3.273000,3.178000,3.307000,3.243000,3.146000
1,42,2,3.090400,3.137000,3.064000,3.132000,3.097000,3.022000
1,43,2,3.069600,3.124000,3.050000,3.009000,3.013000,3.152000
1,44,2,3.029000,3.063000,3.023000,2.969000,2.998000,3.092000
1,45,2,3.033600,2.924000,3.090000,2.966000,3.155000,3.033000
1,46,2,3.316600,3.211000,3.328000,3.398000,3.345000,3.301000
1,47,2,3.253800,3.195000,3.240000,3.218000,3.216000,3.400000
1,48,2,3.132600,3.069000,3.066000,3.149000,3.127000,3.252000
1,49,2,3.114400,3.073000,3.080000,3.066000,3.157000,3.196000
1,50,2,2.989200,3.006000,3.019000,2.892000,3.026000,3.003000
1,51,2,3.281400,3.200000,3.286000,3.225000,3.357000,3.339000
1,52,2,3.148000,3.179000,3.125000,3.120000,3.170000,3.146000
1,53,2,2.920400,2.948000,2.779000,2.937000,2.908000,3.030000
1,54,2,3.167600,3.156000,3.169000,3.132000,3.186000,3.195000
1,55,2,3.142000,3.101000,3.150000,3.123000,3.210000,3.126000
1,56,2,3.201800,3.096000,3.292000,3.144000,3.192000,3.285000
1,57,2,3.062000,3.009000,3.042000,3.092000,3.108000,3.059000
1,58,2,3.333600,3.331000,3.281000,3.289000,3.399000,3.368000
1,59,2,3.005400,2.994000,2.968000,3.030000,3.023000,3.012000
1,60,3,3.059000,3.047000,3.008000,2.961000,3.096000,3.183000
1,61,3,2.974400,3.078000,2.871000,2.973000,2.990000,2.960000
1,62,3,3.263000,3.333000,3.218000,3.205000,3.262000,3.297000
1,63,3,3.202800,3.173000,3.170000,3.243000,3.190000,3.238000
1,64,3,3.106400,3.029000,3.112000,3.015000,3.242000,3.134000
1,65,3,3.355800,3.296000,3.306000,3.410000,3.389000,3.378000
1,66,3,3.368800,3.363000,3.309000,3.286000,3.425000,3.461000
1,67,3,3.367200,3.384000,3.331000,3.300000,3.334000,3.487000
1,68,3,3.103200,3.081000,3.089000,3.065000,3.109000,3.172000
1,69,3,3.253800,3.314000,3.208000,3.217000,3.267000,3.263000
1,70,3,3.202200,3.198000,3.158000,3.222000,3.204000,3.229000
1,71,3,2.850200,2.880000,2.901000,2.873000,2.839000,2.758000
1,72,3,3.265800,3.309000,3.258000,3.128000,3.327000,3.307000
1,73,3,3.148400,3.158000,3.154000,2.986000,3.277000,3.167000
1,74,3,3.324400,3.350000,3.415000,3.188000,3.368000,3.301000
1,75,3,2.991200,2.974000,3.111000,2.830000,3.074000,2.967000
1,76,3,3.200400,3.210000,3.214000,3.128000,3.254000,3.196000
1,77,3,3.020800,2.903000,3.132000,3.024000,2.952000,3.093000
1,78,3,3.137400,3.130000,3.103000,3.099000,3.089000,3.266000
1,79,3,3.287800,3.328000,3.253000,3.159000,3.338000,3.361000
1,80,4,3.131000,3.108000,3.096000,3.200000,3.166000,3.085000
1,81,4,3.433200,3.440000,3.448000,3.520000,3.398000,3.360000
1,82,4,3.261600,3.272000,3.192000,3.241000,3.397000,3.206000
1,83,4,3.063800,3.069000,3.076000,3.114000,2.972000,3.088000
1,84,4,3.043000,3.022000,3.027000,3.004000,3.107000,3.055000
1,85,4,3.427200,3.411000,3.354000,3.415000,3.479000,3.477000
1,86,4,3.249400,3.227000,3.181000,3.248000,3.298000,3.293000
1,87,4,3.090800,3.070000,2.989000,3.185000,3.108000,3.102000
1,88,4,3.149400,3.063000,3.160000,3.138000,3.188000,3.198000
1,89,4,3.304200,3.345000,3.348000,3.191000,3.335000,3.302000
1,90,4,3.249400,3.178000,3.312000,3.227000,3.249000,3.281000
1,91,4,3.148800,3.152000,3.261000,3.096000,3.072000,3.163000
1,92,4,3.358400,3.210000,3.366000,3.355000,3.565000,3.296000
1,93,4,3.297400,3.220000,3.306000,3.200000,3.367000,3.394000
1,94,4,3.219200,3.101000,3.259000,3.097000,3.233000,3.406000
1,95,4,3.150000,3.104000,3.173000,3.079000,3.225000,3.169000
1,96,4,3.401200,3.313000,3.432000,3.456000,3.408000,3.397000
1,97,4,2.978200,2.960000,2.950000,3.028000,3.019000,2.934000
1,98,4,3.270800,3.244000,3.257000,3.227000,3.414000,3.212000
1,99,4,3.458200,3.485000,3.370000,3.431000,3.526000,3.479000
2,0,0,3.072000,3.018000,3.137000,2.995000,3.123000,3.087000
2,1,0,3.364000,3.405000,3.325000,3.408000,3.427000,3.255000
2,2,0,2.964200,2.919000,3.004000,2.986000,2.886000,3.026000
2,3,0,3.132600,3.141000,3.114000,3.229000,3.140000,3.039000
2,4,0,3.485600,3.438000,3.495000,3.596000,3.412000,3.487000
2,5,0,3.296200,3.362000,3.305000,3.363000,3.230000,3.221000
2,6,0,3.156200,3.142000,3.209000,3.220000,3.097000,3.113000
2,7,0,3.139400,3.138000,3.129000,3.193000,3.099000,3.138000
2,8,0,3.324200,3.363000,3.246000,3.383000,3.362000,3.267000
2,9,0,3.161400,3.209000,3.136000,3.315000,3.024000,3.123000
2,10,0,3.173000,3.189000,3.219000,3.216000,3.154000,3.087000
2,11,0,3.100600,3.144000,3.150000,3.065000,3.096000,3.048000
2,12,0,3.209200,3.161000,3.330000,3.254000,3.137000,3.164000
2,13,0,3.215400,3.299000,3.212000,3.202000,3.209000,3.155000
2,14,0,3.131800,3.123000,3.169000,3.170000,3.056000,3.141000
2,15,0,3.504400,3.456000,3.618000,3.551000,3.471000,3.426000
2,16,0,3.577800,3.601000,3.635000,3.564000,3.534000,3.555000
2,17,0,3.159800,3.341000,3.103000,3.127000,3.116000,3.112000
2,18,0,2.909000,2.941000,2.970000,2.901000,2.853000,2.880000
2,19,0,3.292800,3.332000,3.344000,3.308000,3.243000,3.237000
2,20,1,3.467200,3.422000,3.517000,3.514000,3.448000,3.435000
2,21,1,3.388600,3.367000,3.492000,3.275000,3.417000,3.392000
2,22,1,3.246400,3.334000,3.224000,3.269000,3.195000,3.210000
2,23,1,3.349800,3.361000,3.415000,3.412000,3.281000,3.280000
2,24,1,3.403400,3.567000,3.461000,3.361000,3.339000,3.289000
2,25,1,3.462800,3.462000,3.538000,3.436000,3.376000,3.502000
2,26,1,3.119600,3.135000,3.188000,3.173000,3.087000,3.015000
2,27,1,3.184800,3.247000,3.229000,3.196000,3.124000,3.128000
2,28,1,3.177600,3.401000,3.156000,3.163000,3.141000,3.027000
2,29,1,3.408600,3.463000,3.417000,3.527000,3.370000,3.266000
2,30,1,3.692000,3.783000,3.614000,3.567000,3.769000,3.727000
2,31,1,3.498000,3.494000,3.512000,3.613000,3.442000,3.429000
2,32,1,3.099400,3.073000,3.226000,3.045000,2.997000,3.156000
2,33,1,3.343200,3.327000,3.412000,3.399000,3.345000,3.233000
2,34,1,3.165400,3.249000,3.256000,3.194000,3.129000,2.999000
2,35,1,3.437400,3.551000,3.439000,3.535000,3.374000,3.288000
2,36,1,3.290000,3.335000,3.417000,3.281000,3.238000,3.179000
2,37,1,3.203800,3.160000,3.366000,3.254000,3.154000,3.085000
2,38,1,3.299200,3.451000,3.293000,3.238000,3.359000,3.155000
2,39,1,3.384200,3.497000,3.399000,3.405000,3.364000,3.256000
2,40,2,3.242000,3.256000,3.332000,3.310000,3.169000,3.143000
2,41,2,3.357400,3.332000,3.464000,3.388000,3.382000,3.221000
2,42,2,3.410600,3.229000,3.570000,3.413000,3.406000,3.435000
2,43,2,3.206800,3.245000,3.319000,3.211000,3.174000,3.085000
2,44,2,3.315400,3.410000,3.287000,3.369000,3.304000,3.207000
2,45,2,3.278000,3.321000,3.272000,3.308000,3.266000,3.223000
2,46,2,3.083200,3.129000,3.094000,3.147000,3.018000,3.028000
2,47,2,3.273000,3.308000,3.348000,3.335000,3.140000,3.234000
2,48,2,3.056600,3.107000,3.162000,3.012000,2.973000,3.029000
2,49,2,3.187400,3.156000,3.170000,3.201000,3.179000,3.231000
2,50,2,3.305000,3.360000,3.232000,3.456000,3.237000,3.240000
2,51,2,3.122400,3.161000,3.159000,3.115000,3.143000,3.034000
2,52,2,3.176000,3.136000,3.305000,3.228000,3.073000,3.138000
2,53,2,3.109400,3.061000,3.205000,3.136000,3.117000,3.028000
2,54,2,3.109600,3.125000,3.244000,3.104000,3.043000,3.032000
2,55,2,3.236400,3.225000,3.264000,3.410000,3.184000,3.099000
2,56,2,3.109800,3.177000,3.007000,3.144000,3.141000,3.080000
2,57,2,3.185200,3.207000,3.156000,3.262000,3.240000,3.061000
2,58,2,3.277200,3.327000,3.284000,3.234000,3.253000,3.288000
2,59,2,3.383800,3.364000,3.391000,3.445000,3.414000,3.305000
2,60,3,3.276800,3.302000,3.319000,3.210000,3.301000,3.252000
2,61,3,2.941000,3.030000,3.026000,2.898000,2.880000,2.871000
2,62,3,3.432600,3.493000,3.443000,3.434000,3.331000,3.462000
2,63,3,3.183600,3.218000,3.282000,3.055000,3.220000,3.143000
2,64,3,3.345400,3.349000,3.454000,3.434000,3.249000,3.241000
2,65,3,3.416000,3.520000,3.398000,3.476000,3.315000,3.371000
2,66,3,3.112000,3.143000,3.183000,3.076000,3.041000,3.117000
2,67,3,3.597000,3.679000,3.453000,3.655000,3.605000,3.593000
2,68,3,2.937600,2.905000,2.936000,2.979000,2.854000,3.014000
2,69,3,3.393400,3.455000,3.411000,3.395000,3.412000,3.294000
2,70,3,3.585600,3.706000,3.625000,3.541000,3.568000,3.488000
2,71,3,3.298000,3.227000,3.385000,3.381000,3.277000,3.220000
2,72,3,3.172400,3.289000,3.155000,3.212000,3.185000,3.021000
2,73,3,3.443800,3.426000,3.517000,3.531000,3.334000,3.411000
2,74,3,3.173200,3.340000,3.102000,3.232000,3.127000,3.065000
2,75,3,3.009200,3.034000,3.069000,3.006000,3.027000,2.910000
2,76,3,3.076800,3.064000,3.133000,3.210000,2.983000,2.994000
2,77,3,3.403000,3.440000,3.412000,3.428000,3.463000,3.272000
2,78,3,3.313400,3.450000,3.279000,3.374000,3.287000,3.177000
2,79,3,2.892200,2.818000,2.996000,2.893000,2.786000,2.968000
2,80,4,3.200400,3.250000,3.193000,3.183000,3.234000,3.142000
2,81,4,3.353200,3.438000,3.274000,3.334000,3.372000,3.348000
2,82,4,3.489800,3.502000,3.476000,3.614000,3.421000,3.436000
2,83,4,3.374800,3.362000,3.369000,3.453000,3.349000,3.341000
2,84,4,3.201800,3.281000,3.282000,3.250000,3.218000,2.978000
2,85,4,3.451000,3.523000,3.414000,3.467000,3.472000,3.379000
2,86,4,3.523600,3.617000,3.533000,3.552000,3.491000,3.425000
2,87,4,3.118000,3.252000,3.105000,3.131000,2.972000,3.130000
2,88,4,3.042200,3.110000,3.163000,3.056000,2.968000,2.914000
2,89,4,3.318200,3.389000,3.306000,3.400000,3.243000,3.253000
2,90,4,3.303400,3.395000,3.335000,3.212000,3.348000,3.227000
2,91,4,3.218400,3.263000,3.317000,3.273000,3.055000,3.184000
2,92,4,3.212400,3.286000,3.235000,3.171000,3.216000,3.154000
2,93,4,3.145000,3.218000,3.045000,3.139000,3.180000,3.143000
2,94,4,2.990000,3.047000,3.056000,3.088000,2.978000,2.781000
2,95,4,3.252800,3.391000,3.328000,3.290000,3.059000,3.196000
2,96,4,3.268400,3.292000,3.255000,3.202000,3.261000,3.332000
2,97,4,3.306000,3.324000,3.375000,3.432000,3.181000,3.218000
2,98,4,3.176000,3.176000,3.195000,3.166000,3.205000,3.138000
2,99,4,3.509600,3.586000,3.541000,3.538000,3.493000,3.390000
3,0,0,3.652800,3.663000,3.667000,3.610000,3.616000,3.708000
3,1,0,3.406400,3.312000,3.347000,3.414000,3.428000,3.531000
3,2,0,3.329600,3.288000,3.196000,3.282000,3.361000,3.521000
3,3,0,3.298400,3.207000,3.284000,3.370000,3.267000,3.364000
3,4,0,3.387800,3.396000,3.392000,3.411000,3.373000,3.367000
3,5,0,3.305600,3.425000,3.243000,3.274000,3.295000,3.291000
3,6,0,3.434000,3.513000,3.287000,3.429000,3.461000,3.480000
3,7,0,3.387600,3.430000,3.411000,3.288000,3.351000,3.458000
3,8,0,3.155400,3.086000,3.083000,3.105000,3.215000,3.288000
3,9,0,3.212800,3.146000,3.229000,3.184000,3.242000,3.263000
3,10,0,3.282000,3.268000,3.268000,3.180000,3.252000,3.442000
3,11,0,3.631400,3.537000,3.600000,3.662000,3.636000,3.722000
3,12,0,3.630200,3.607000,3.597000,3.693000,3.593000,3.661000
3,13,0,3.431200,3.358000,3.304000,3.374000,3.450000,3.670000
3,14,0,3.326200,3.369000,3.232000,3.315000,3.322000,3.393000
3,15,0,3.368200,3.363000,3.289000,3.337000,3.354000,3.498000
3,16,0,3.381200,3.379000,3.361000,3.375000,3.392000,3.399000
3,17,0,3.305200,3.277000,3.305000,3.318000,3.221000,3.405000
3,18,0,3.575800,3.536000,3.496000,3.628000,3.586000,3.633000
3,19,0,3.369600,3.237000,3.456000,3.341000,3.318000,3.496000
3,20,1,3.226000,3.156000,3.204000,3.185000,3.299000,3.286000
3,21,1,3.177600,3.151000,3.090000,3.193000,3.135000,3.319000
3,22,1,3.324400,3.317000,3.391000,3.211000,3.328000,3.375000
3,23,1,3.304400,3.292000,3.321000,3.301000,3.242000,3.366000
3,24,1,3.287400,3.190000,3.375000,3.286000,3.246000,3.340000
3,25,1,3.398200,3.403000,3.399000,3.380000,3.346000,3.463000
3,26,1,3.536400,3.408000,3.536000,3.499000,3.566000,3.673000
3,27,1,3.389800,3.428000,3.294000,3.429000,3.389000,3.409000
3,28,1,3.268400,3.292000,3.292000,3.234000,3.197000,3.327000
3,29,1,3.411400,3.346000,3.432000,3.410000,3.438000,3.431000
3,30,1,3.419400,3.437000,3.363000,3.416000,3.399000,3.482000
3,31,1,3.328200,3.214000,3.268000,3.334000,3.430000,3.395000
3,32,1,3.410000,3.424000,3.422000,3.294000,3.435000,3.475000
3,33,1,3.708400,3.639000,3.839000,3.557000,3.697000,3.810000
3,34,1,3.478800,3.470000,3.415000,3.431000,3.455000,3.623000
3,35,1,3.339400,3.376000,3.387000,3.354000,3.261000,3.319000
3,36,1,3.427600,3.448000,3.343000,3.427000,3.453000,3.467000
3,37,1,3.167000,3.151000,3.212000,3.137000,3.112000,3.223000
3,38,1,3.258200,3.272000,3.296000,3.136000,3.294000,3.293000
3,39,1,3.403200,3.461000,3.492000,3.236000,3.364000,3.463000
3,40,2,3.127200,3.074000,3.128000,3.181000,3.100000,3.153000
3,41,2,3.187000,3.041000,3.126000,3.313000,3.186000,3.269000
3,42,2,3.274600,3.156000,3.268000,3.308000,3.366000,3.275000
3,43,2,3.500800,3.347000,3.515000,3.552000,3.464000,3.626000
3,44,2,3.171200,3.187000,3.110000,3.250000,3.127000,3.182000
3,45,2,3.127600,3.082000,3.091000,3.233000,3.119000,3.113000
3,46,2,3.145600,3.254000,3.126000,3.081000,3.146000,3.121000
3,47,2,3.208600,3.137000,3.206000,3.170000,3.235000,3.295000
3,48,2,3.413000,3.475000,3.430000,3.393000,3.418000,3.349000
3,49,2,3.305200,3.280000,3.307000,3.244000,3.331000,3.364000
3,50,2,3.110800,3.040000,3.131000,3.006000,3.156000,3.221000
3,51,2,3.243000,3.392000,3.228000,3.134000,3.196000,3.265000
3,52,2,3.155400,3.107000,3.148000,3.218000,3.109000,3.195000
3,53,2,3.244200,3.198000,3.205000,3.262000,3.329000,3.227000
3,54,2,3.447400,3.348000,3.434000,3.488000,3.443000,3.524000
3,55,2,3.145200,3.070000,3.166000,3.236000,3.166000,3.088000
3,56,2,3.433000,3.339000,3.396000,3.538000,3.338000,3.554000
3,57,2,3.275600,3.207000,3.179000,3.253000,3.348000,3.391000
3,58,2,3.143800,3.231000,3.177000,3.119000,3.074000,3.118000
3,59,2,3.090400,3.018000,3.171000,3.050000,3.075000,3.138000
3,60,3,3.197400,3.235000,3.181000,3.077000,3.136000,3.358000
3,61,3,3.348600,3.364000,3.266000,3.383000,3.260000,3.470000
3,62,3,3.433600,3.432000,3.472000,3.425000,3.356000,3.483000
3,63,3,3.200600,3.118000,3.130000,3.231000,3.167000,3.357000
3,64,3,3.158000,3.199000,3.071000,3.081000,3.220000,3.219000
3,65,3,3.298200,3.345000,3.301000,3.289000,3.322000,3.234000
3,66,3,3.363800,3.383000,3.354000,3.266000,3.463000,3.353000
3,67,3,3.538600,3.569000,3.517000,3.525000,3.469000,3.613000
3,68,3,3.240000,3.184000,3.339000,3.176000,3.256000,3.245000
3,69,3,3.545400,3.416000,3.533000,3.588000,3.618000,3.572000
3,70,3,3.154200,3.187000,3.038000,3.095000,3.160000,3.291000
3,71,3,3.467200,3.478000,3.496000,3.522000,3.408000,3.432000
3,72,3,3.576000,3.520000,3.562000,3.472000,3.671000,3.655000
3,73,3,3.589600,3.483000,3.578000,3.596000,3.566000,3.725000
3,74,3,3.253200,3.242000,3.273000,3.243000,3.227000,3.281000
3,75,3,3.521400,3.509000,3.493000,3.460000,3.613000,3.532000
3,76,3,3.358400,3.388000,3.382000,3.323000,3.373000,3.326000
3,77,3,3.671000,3.685000,3.706000,3.656000,3.702000,3.606000
3,78,3,3.677200,3.657000,3.670000,3.623000,3.626000,3.810000
3,79,3,3.584400,3.451000,3.533000,3.533000,3.617000,3.788000
3,80,4,3.801800,3.860000,3.736000,3.767000,3.793000,3.853000
3,81,4,3.285800,3.233000,3.282000,3.191000,3.335000,3.388000
3,82,4,3.320800,3.311000,3.268000,3.358000,3.290000,3.377000
3,83,4,3.133400,3.096000,3.001000,3.131000,3.240000,3.199000
3,84,4,3.180600,3.131000,3.197000,3.136000,3.182000,3.257000
3,85,4,3.317800,3.262000,3.206000,3.272000,3.331000,3.518000
3,86,4,3.122200,3.073000,3.103000,3.099000,3.071000,3.265000
3,87,4,3.548000,3.470000,3.562000,3.428000,3.516000,3.764000
3,88,4,3.392200,3.418000,3.294000,3.369000,3.255000,3.625000
3,89,4,3.451600,3.328000,3.365000,3.517000,3.454000,3.594000
3,90,4,3.112400,3.054000,3.118000,3.165000,3.082000,3.143000
3,91,4,3.005000,2.955000,2.943000,3.038000,2.941000,3.148000
3,92,4,3.096200,3.083000,2.945000,3.128000,3.053000,3.272000
3,93,4,3.593200,3.595000,3.541000,3.617000,3.490000,3.723000
3,94,4,3.457800,3.356000,3.416000,3.475000,3.408000,3.634000
3,95,4,3.630600,3.486000,3.606000,3.605000,3.673000,3.783000
3,96,4,3.407000,3.350000,3.483000,3.344000,3.439000,3.419000
3,97,4,3.350200,3.327000,3.357000,3.269000,3.346000,3.452000
3,98,4,3.317600,3.264000,3.286000,3.360000,3.308000,3.370000
3,99,4,3.405200,3.433000,3.334000,3.335000,3.336000,3.588000
4,0,0,3.315600,3.281000,3.177000,3.332000,3.417000,3.371000
4,1,0,3.616600,3.643000,3.451000,3.624000,3.701000,3.664000
4,2,0,3.458200,3.403000,3.429000,3.490000,3.520000,3.449000
4,3,0,3.480000,3.450000,3.475000,3.399000,3.559000,3.517000
4,4,0,3.382800,3.388000,3.300000,3.389000,3.385000,3.452000
4,5,0,3.229000,3.315000,3.172000,3.295000,3.221000,3.142000
4,6,0,3.447600,3.501000,3.372000,3.442000,3.558000,3.365000
4,7,0,3.847200,3.790000,3.761000,3.944000,3.800000,3.941000
4,8,0,3.509000,3.566000,3.337000,3.538000,3.593000,3.511000
4,9,0,3.488200,3.537000,3.303000,3.590000,3.518000,3.493000
4,10,0,3.356800,3.381000,3.303000,3.297000,3.392000,3.411000
4,11,0,3.796200,3.832000,3.734000,3.726000,3.838000,3.851000
4,12,0,3.306800,3.239000,3.256000,3.244000,3.460000,3.335000
4,13,0,3.290400,3.319000,3.254000,3.186000,3.331000,3.362000
4,14,0,3.201000,3.059000,3.132000,3.235000,3.283000,3.296000
4,15,0,3.471200,3.558000,3.327000,3.467000,3.481000,3.523000
4,16,0,3.591800,3.456000,3.548000,3.561000,3.738000,3.656000
4,17,0,3.452200,3.469000,3.410000,3.410000,3.524000,3.448000
4,18,0,3.352200,3.382000,3.265000,3.279000,3.484000,3.351000
4,19,0,3.343400,3.351000,3.209000,3.402000,3.372000,3.383000
4,20,1,3.405400,3.207000,3.406000,3.420000,3.434000,3.560000
4,21,1,3.569000,3.580000,3.471000,3.596000,3.516000,3.682000
4,22,1,3.507600,3.505000,3.411000,3.402000,3.569000,3.651000
4,23,1,3.637200,3.651000,3.547000,3.688000,3.742000,3.558000
4,24,1,3.381400,3.345000,3.299000,3.407000,3.396000,3.460000
4,25,1,3.663800,3.638000,3.567000,3.719000,3.735000,3.660000
4,26,1,3.550000,3.644000,3.377000,3.563000,3.485000,3.681000
4,27,1,3.686400,3.608000,3.549000,3.722000,3.778000,3.775000
4,28,1,3.713600,3.738000,3.597000,3.550000,3.810000,3.873000
4,29,1,3.626000,3.671000,3.528000,3.570000,3.633000,3.728000
4,30,1,3.478000,3.543000,3.391000,3.367000,3.523000,3.566000
4,31,1,3.752600,3.756000,3.613000,3.687000,3.869000,3.838000
4,32,1,3.390600,3.319000,3.376000,3.315000,3.482000,3.461000
4,33,1,3.608200,3.595000,3.440000,3.610000,3.703000,3.693000
4,34,1,3.492200,3.496000,3.394000,3.532000,3.389000,3.650000
4,35,1,3.810600,3.845000,3.752000,3.768000,3.829000,3.859000
4,36,1,3.417200,3.424000,3.358000,3.396000,3.406000,3.502000
4,37,1,3.582200,3.646000,3.532000,3.469000,3.724000,3.540000
4,38,1,3.470600,3.456000,3.395000,3.346000,3.508000,3.648000
4,39,1,3.522600,3.539000,3.506000,3.551000,3.444000,3.573000
4,40,2,3.261600,3.311000,3.133000,3.314000,3.216000,3.334000
4,41,2,3.245800,3.167000,3.156000,3.249000,3.329000,3.328000
4,42,2,3.289400,3.423000,3.170000,3.226000,3.334000,3.294000
4,43,2,3.349400,3.360000,3.313000,3.223000,3.459000,3.392000
4,44,2,3.384000,3.432000,3.225000,3.368000,3.361000,3.534000
4,45,2,3.500200,3.548000,3.370000,3.503000,3.632000,3.448000
4,46,2,3.682000,3.741000,3.488000,3.687000,3.755000,3.739000
4,47,2,3.121400,3.162000,3.035000,3.081000,3.178000,3.151000
4,48,2,3.337600,3.369000,3.327000,3.251000,3.353000,3.388000
4,49,2,3.427400,3.308000,3.339000,3.453000,3.506000,3.531000
4,50,2,3.168000,3.214000,3.067000,3.140000,3.179000,3.240000
4,51,2,3.355400,3.291000,3.283000,3.379000,3.409000,3.415000
4,52,2,3.140200,3.149000,3.021000,3.120000,3.187000,3.224000
4,53,2,3.325800,3.349000,3.247000,3.305000,3.403000,3.325000
4,54,2,3.560000,3.598000,3.395000,3.546000,3.667000,3.594000
4,55,2,3.450800,3.500000,3.393000,3.309000,3.479000,3.573000
4,56,2,3.406800,3.338000,3.310000,3.516000,3.415000,3.455000
4,57,2,3.524000,3.590000,3.330000,3.534000,3.465000,3.701000
4,58,2,3.066400,3.111000,2.884000,3.005000,3.221000,3.111000
4,59,2,3.499200,3.453000,3.419000,3.465000,3.591000,3.568000
4,60,3,3.333400,3.300000,3.192000,3.334000,3.395000,3.446000
4,61,3,3.467000,3.554000,3.339000,3.432000,3.530000,3.480000
4,62,3,3.467600,3.444000,3.383000,3.514000,3.545000,3.452000
4,63,3,3.664200,3.678000,3.606000,3.649000,3.676000,3.712000
4,64,3,3.502000,3.546000,3.392000,3.476000,3.532000,3.564000
4,65,3,3.459200,3.472000,3.384000,3.443000,3.493000,3.504000
4,66,3,3.563400,3.522000,3.534000,3.502000,3.664000,3.595000
4,67,3,3.642000,3.604000,3.529000,3.641000,3.739000,3.697000
4,68,3,3.320800,3.306000,3.246000,3.276000,3.377000,3.399000
4,69,3,3.354600,3.410000,3.249000,3.336000,3.460000,3.318000
4,70,3,3.364600,3.334000,3.211000,3.437000,3.430000,3.411000
4,71,3,3.451200,3.455000,3.361000,3.497000,3.464000,3.479000
4,72,3,3.311200,3.274000,3.161000,3.336000,3.389000,3.396000
4,73,3,3.693600,3.802000,3.524000,3.692000,3.702000,3.748000
4,74,3,3.490200,3.455000,3.469000,3.396000,3.620000,3.511000
4,75,3,3.675800,3.602000,3.636000,3.637000,3.762000,3.742000
4,76,3,3.588000,3.597000,3.421000,3.688000,3.612000,3.622000
4,77,3,3.237400,3.271000,3.112000,3.227000,3.318000,3.259000
4,78,3,3.441800,3.532000,3.290000,3.400000,3.423000,3.564000
4,79,3,3.427000,3.499000,3.240000,3.429000,3.501000,3.466000
4,80,4,3.597200,3.540000,3.563000,3.648000,3.617000,3.618000
4,81,4,3.699400,3.677000,3.590000,3.667000,3.812000,3.751000
4,82,4,3.449600,3.305000,3.344000,3.473000,3.525000,3.601000
4,83,4,3.576600,3.618000,3.454000,3.556000,3.747000,3.508000
4,84,4,3.576600,3.609000,3.452000,3.602000,3.654000,3.566000
4,85,4,3.431800,3.392000,3.330000,3.399000,3.475000,3.563000
4,86,4,3.615600,3.652000,3.535000,3.608000,3.605000,3.678000
4,87,4,3.475000,3.425000,3.373000,3.488000,3.536000,3.553000
4,88,4,3.456200,3.507000,3.239000,3.434000,3.548000,3.553000
4,89,4,3.302200,3.248000,3.123000,3.370000,3.414000,3.356000
4,90,4,3.354600,3.329000,3.321000,3.339000,3.432000,3.352000
4,91,4,3.471400,3.503000,3.342000,3.449000,3.494000,3.569000
4,92,4,3.596400,3.574000,3.436000,3.613000,3.625000,3.734000
4,93,4,3.585600,3.506000,3.379000,3.678000,3.695000,3.670000
4,94,4,3.481000,3.405000,3.352000,3.510000,3.472000,3.666000
4,95,4,3.468200,3.378000,3.390000,3.355000,3.587000,3.631000
4,96,4,3.658200,3.605000,3.561000,3.593000,3.733000,3.799000
4,97,4,3.530000,3.518000,3.410000,3.636000,3.493000,3.593000
4,98,4,3.469600,3.411000,3.336000,3.473000,3.547000,3.581000
4,99,4,3.461200,3.454000,3.327000,3.480000,3.560000,3.485000
5,0,0,3.576000,3.645000,3.670000,3.402000,3.608000,3.555000
5,1,0,3.514600,3.525000,3.588000,3.455000,3.470000,3.535000
5,2,0,3.660400,3.770000,3.574000,3.463000,3.695000,3.800000
5,3,0,3.555000,3.631000,3.494000,3.489000,3.533000,3.628000
5,4,0,3.501200,3.526000,3.478000,3.466000,3.489000,3.547000
5,5,0,3.453600,3.569000,3.457000,3.374000,3.478000,3.390000
5,6,0,3.674400,3.794000,3.630000,3.525000,3.689000,3.734000
5,7,0,3.738400,3.780000,3.667000,3.678000,3.740000,3.827000
5,8,0,3.666800,3.688000,3.594000,3.687000,3.781000,3.584000
5,9,0,3.836600,4.002000,3.780000,3.722000,3.870000,3.809000
5,10,0,3.295600,3.330000,3.357000,3.010000,3.394000,3.387000
5,11,0,3.360400,3.455000,3.313000,3.317000,3.365000,3.352000
5,12,0,3.613400,3.712000,3.706000,3.397000,3.527000,3.725000
5,13,0,3.537200,3.654000,3.566000,3.309000,3.584000,3.573000
5,14,0,3.582000,3.668000,3.541000,3.494000,3.536000,3.671000
5,15,0,3.472600,3.547000,3.513000,3.359000,3.522000,3.422000
5,16,0,3.578400,3.621000,3.509000,3.432000,3.681000,3.649000
5,17,0,3.518800,3.717000,3.469000,3.390000,3.465000,3.553000
5,18,0,3.777200,3.898000,3.762000,3.569000,3.769000,3.888000
5,19,0,3.643400,3.691000,3.705000,3.460000,3.710000,3.651000
5,20,1,3.371800,3.453000,3.450000,3.254000,3.274000,3.428000
5,21,1,3.465000,3.576000,3.401000,3.418000,3.433000,3.497000
5,22,1,3.637400,3.737000,3.638000,3.605000,3.528000,3.679000
5,23,1,3.462400,3.482000,3.513000,3.397000,3.486000,3.434000
5,24,1,3.636200,3.699000,3.528000,3.682000,3.643000,3.629000
5,25,1,3.105400,2.985000,3.111000,3.127000,3.118000,3.186000
5,26,1,3.709000,3.800000,3.649000,3.656000,3.617000,3.823000
5,27,1,3.532000,3.611000,3.549000,3.407000,3.545000,3.548000
5,28,1,3.560600,3.752000,3.504000,3.486000,3.508000,3.553000
5,29,1,3.456000,3.484000,3.346000,3.409000,3.443000,3.598000
5,30,1,3.481000,3.516000,3.325000,3.405000,3.550000,3.609000
5,31,1,3.589600,3.760000,3.676000,3.486000,3.467000,3.559000
5,32,1,3.552200,3.659000,3.536000,3.479000,3.503000,3.584000
5,33,1,3.666200,3.726000,3.619000,3.559000,3.646000,3.781000
5,34,1,3.414000,3.573000,3.430000,3.333000,3.354000,3.380000
5,35,1,3.857800,3.890000,3.984000,3.719000,3.767000,3.929000
5,36,1,3.507000,3.635000,3.539000,3.416000,3.343000,3.602000
5,37,1,3.407600,3.460000,3.340000,3.371000,3.363000,3.504000
5,38,1,3.719800,3.824000,3.707000,3.607000,3.572000,3.889000
5,39,1,3.812200,3.782000,3.796000,3.859000,3.790000,3.834000
5,40,2,3.286600,3.373000,3.281000,3.187000,3.311000,3.281000
5,41,2,3.415800,3.410000,3.434000,3.352000,3.409000,3.474000
5,42,2,3.403400,3.514000,3.419000,3.353000,3.311000,3.420000
5,43,2,3.429400,3.460000,3.477000,3.346000,3.403000,3.461000
5,44,2,3.579400,3.651000,3.547000,3.475000,3.508000,3.716000
5,45,2,3.454200,3.629000,3.458000,3.270000,3.435000,3.479000
5,46,2,3.369200,3.468000,3.396000,3.256000,3.315000,3.411000
5,47,2,3.661800,3.821000,3.693000,3.595000,3.490000,3.710000
5,48,2,3.468000,3.572000,3.528000,3.299000,3.552000,3.389000
5,49,2,3.402000,3.467000,3.387000,3.299000,3.376000,3.481000
5,50,2,3.509200,3.520000,3.437000,3.439000,3.543000,3.607000
5,51,2,3.495200,3.630000,3.454000,3.230000,3.527000,3.635000
5,52,2,3.457200,3.534000,3.473000,3.307000,3.453000,3.519000
5,53,2,3.652800,3.797000,3.570000,3.430000,3.721000,3.746000
5,54,2,3.317200,3.381000,3.332000,3.252000,3.245000,3.376000
5,55,2,3.200600,3.390000,3.181000,3.156000,3.111000,3.165000
5,56,2,3.335000,3.443000,3.389000,3.098000,3.337000,3.408000
5,57,2,3.452000,3.537000,3.448000,3.437000,3.410000,3.428000
5,58,2,3.179800,3.238000,3.096000,3.093000,3.249000,3.223000
5,59,2,3.292200,3.342000,3.372000,3.113000,3.278000,3.356000
5,60,3,3.717000,3.578000,3.791000,3.640000,3.792000,3.784000
5,61,3,3.498000,3.418000,3.430000,3.468000,3.544000,3.630000
5,62,3,3.562600,3.618000,3.456000,3.539000,3.451000,3.749000
5,63,3,3.623800,3.689000,3.658000,3.554000,3.615000,3.603000
5,64,3,3.481600,3.483000,3.446000,3.409000,3.467000,3.603000
5,65,3,3.511400,3.474000,3.556000,3.368000,3.582000,3.577000
5,66,3,3.617400,3.717000,3.540000,3.612000,3.516000,3.702000
5,67,3,3.328400,3.317000,3.290000,3.222000,3.378000,3.435000
5,68,3,3.469000,3.541000,3.397000,3.331000,3.459000,3.617000
5,69,3,4.018200,4.131000,3.985000,4.044000,3.825000,4.106000
5,70,3,3.566200,3.540000,3.573000,3.520000,3.523000,3.675000
5,71,3,3.595600,3.597000,3.595000,3.624000,3.589000,3.573000
5,72,3,3.502600,3.578000,3.428000,3.326000,3.633000,3.548000
5,73,3,3.755000,3.798000,3.666000,3.793000,3.636000,3.882000
5,74,3,3.670400,3.661000,3.684000,3.519000,3.750000,3.738000
5,75,3,3.583000,3.525000,3.560000,3.585000,3.576000,3.669000
5,76,3,3.350600,3.375000,3.299000,3.351000,3.352000,3.376000
5,77,3,3.488000,3.638000,3.559000,3.267000,3.418000,3.558000
5,78,3,3.449600,3.575000,3.351000,3.278000,3.460000,3.584000
5,79,3,3.619000,3.688000,3.568000,3.480000,3.573000,3.786000
5,80,4,3.498000,3.642000,3.441000,3.442000,3.482000,3.483000
5,81,4,3.434600,3.460000,3.512000,3.372000,3.430000,3.399000
5,82,4,3.661800,3.749000,3.654000,3.640000,3.502000,3.764000
5,83,4,3.555000,3.541000,3.504000,3.499000,3.646000,3.585000
5,84,4,3.712400,3.765000,3.712000,3.682000,3.647000,3.756000
5,85,4,3.294800,3.413000,3.311000,3.142000,3.308000,3.300000
5,86,4,3.814200,3.928000,3.811000,3.735000,3.765000,3.832000
5,87,4,3.692600,3.859000,3.657000,3.646000,3.667000,3.634000
5,88,4,3.362600,3.429000,3.343000,3.269000,3.421000,3.351000
5,89,4,3.829200,3.939000,3.870000,3.686000,3.688000,3.963000
5,90,4,3.666400,3.694000,3.634000,3.657000,3.647000,3.700000
5,91,4,3.578400,3.715000,3.608000,3.391000,3.589000,3.589000
5,92,4,3.242200,3.283000,3.215000,3.177000,3.148000,3.388000
5,93,4,3.402000,3.404000,3.421000,3.350000,3.327000,3.508000
5,94,4,3.522400,3.581000,3.454000,3.442000,3.549000,3.586000
5,95,4,3.812000,3.970000,3.718000,3.731000,3.811000,3.830000
5,96,4,3.570200,3.742000,3.676000,3.448000,3.427000,3.558000
5,97,4,3.622000,3.715000,3.523000,3.559000,3.656000,3.657000
5,98,4,3.863000,3.990000,3.843000,3.937000,3.655000,3.890000
5,99,4,3.475200,3.577000,3.450000,3.385000,3.496000,3.468000
6,0,0,3.843400,3.851000,3.784000,3.791000,3.887000,3.904000
6,1,0,3.519800,3.581000,3.422000,3.503000,3.453000,3.640000
6,2,0,3.539600,3.608000,3.472000,3.513000,3.552000,3.553000
6,3,0,3.718000,3.735000,3.692000,3.658000,3.704000,3.801000
6,4,0,3.817400,3.942000,3.795000,3.807000,3.728000,3.815000
6,5,0,3.617200,3.642000,3.681000,3.552000,3.577000,3.634000
6,6,0,3.745200,3.758000,3.731000,3.655000,3.722000,3.860000
6,7,0,3.743000,3.782000,3.612000,3.802000,3.768000,3.751000
6,8,0,3.623200,3.645000,3.612000,3.662000,3.533000,3.664000
6,9,0,3.856600,3.846000,3.792000,3.803000,3.807000,4.035000
6,10,0,3.643400,3.723000,3.569000,3.577000,3.616000,3.732000
6,11,0,3.677000,3.713000,3.626000,3.653000,3.654000,3.739000
6,12,0,3.616000,3.666000,3.456000,3.701000,3.535000,3.722000
6,13,0,3.550600,3.640000,3.528000,3.508000,3.413000,3.664000
6,14,0,3.574400,3.590000,3.487000,3.465000,3.752000,3.578000
6,15,0,3.496000,3.574000,3.475000,3.423000,3.510000,3.498000
6,16,0,3.666400,3.655000,3.645000,3.603000,3.705000,3.724000
6,17,0,3.663800,3.709000,3.559000,3.794000,3.482000,3.775000
6,18,0,3.639400,3.688000,3.619000,3.614000,3.629000,3.647000
6,19,0,3.664200,3.752000,3.661000,3.625000,3.551000,3.732000
6,20,1,3.570000,3.673000,3.629000,3.478000,3.369000,3.701000
6,21,1,3.839000,3.843000,3.877000,3.827000,3.796000,3.852000
6,22,1,3.775200,3.808000,3.697000,3.807000,3.744000,3.820000
6,23,1,3.583000,3.642000,3.653000,3.502000,3.394000,3.724000
6,24,1,3.803200,3.858000,3.825000,3.644000,3.773000,3.916000
6,25,1,3.458600,3.481000,3.320000,3.395000,3.409000,3.688000
6,26,1,3.748200,3.801000,3.746000,3.685000,3.765000,3.744000
6,27,1,3.486600,3.539000,3.452000,3.460000,3.433000,3.549000
6,28,1,3.799800,3.877000,3.802000,3.691000,3.817000,3.812000
6,29,1,3.421200,3.419000,3.344000,3.432000,3.352000,3.559000
6,30,1,3.718200,3.712000,3.588000,3.799000,3.690000,3.802000
6,31,1,3.650200,3.807000,3.491000,3.655000,3.648000,3.650000
6,32,1,3.620800,3.591000,3.650000,3.557000,3.505000,3.801000
6,33,1,3.765000,3.780000,3.765000,3.759000,3.674000,3.847000
6,34,1,3.805800,4.004000,3.752000,3.680000,3.651000,3.942000
6,35,1,3.685400,3.719000,3.757000,3.592000,3.511000,3.848000
6,36,1,3.881800,3.892000,3.845000,3.865000,3.825000,3.982000
6,37,1,3.705000,3.758000,3.687000,3.703000,3.598000,3.779000
6,38,1,3.707200,3.797000,3.595000,3.690000,3.775000,3.679000
6,39,1,3.672600,3.679000,3.632000,3.696000,3.637000,3.719000
6,40,2,3.653000,3.627000,3.554000,3.689000,3.635000,3.760000
6,41,2,3.554000,3.628000,3.502000,3.604000,3.452000,3.584000
6,42,2,3.451000,3.459000,3.411000,3.529000,3.342000,3.514000
6,43,2,3.347200,3.414000,3.234000,3.244000,3.371000,3.473000
6,44,2,3.495200,3.508000,3.487000,3.526000,3.359000,3.596000
6,45,2,3.649400,3.680000,3.628000,3.739000,3.499000,3.701000
6,46,2,3.417800,3.457000,3.283000,3.464000,3.362000,3.523000
6,47,2,3.605600,3.630000,3.604000,3.543000,3.517000,3.734000
6,48,2,3.332600,3.372000,3.262000,3.257000,3.271000,3.501000
6,49,2,3.450800,3.399000,3.403000,3.500000,3.451000,3.501000
6,50,2,3.433000,3.381000,3.378000,3.369000,3.501000,3.536000
6,51,2,3.289400,3.315000,3.276000,3.333000,3.231000,3.292000
6,52,2,3.501000,3.565000,3.425000,3.466000,3.390000,3.659000
6,53,2,3.417800,3.401000,3.385000,3.504000,3.294000,3.505000
6,54,2,3.547800,3.606000,3.482000,3.485000,3.566000,3.600000
6,55,2,3.402200,3.396000,3.306000,3.423000,3.406000,3.480000
6,56,2,3.516000,3.625000,3.503000,3.482000,3.499000,3.471000
6,57,2,3.586000,3.607000,3.495000,3.624000,3.466000,3.738000
6,58,2,3.338000,3.256000,3.335000,3.412000,3.338000,3.349000
6,59,2,3.576800,3.667000,3.479000,3.629000,3.630000,3.479000
6,60,3,3.537600,3.582000,3.457000,3.528000,3.475000,3.646000
6,61,3,3.858600,3.866000,3.748000,3.851000,3.869000,3.959000
6,62,3,3.804400,3.811000,3.767000,3.795000,3.764000,3.885000
6,63,3,3.665000,3.688000,3.615000,3.571000,3.642000,3.809000
6,64,3,3.939200,4.065000,3.970000,3.815000,3.791000,4.055000
6,65,3,3.774400,3.754000,3.621000,3.777000,3.895000,3.825000
6,66,3,3.609400,3.573000,3.530000,3.670000,3.609000,3.665000
6,67,3,4.073200,4.146000,4.040000,3.980000,4.072000,4.128000
6,68,3,3.627400,3.676000,3.576000,3.639000,3.649000,3.597000
6,69,3,3.819800,3.926000,3.870000,3.788000,3.675000,3.840000
6,70,3,3.870400,3.950000,3.817000,3.816000,3.805000,3.964000
6,71,3,3.501400,3.577000,3.457000,3.481000,3.389000,3.603000
6,72,3,3.625400,3.649000,3.545000,3.682000,3.496000,3.755000
6,73,3,3.714800,3.804000,3.709000,3.723000,3.538000,3.800000
6,74,3,3.577000,3.636000,3.460000,3.563000,3.535000,3.691000
6,75,3,3.480600,3.507000,3.450000,3.586000,3.290000,3.570000
6,76,3,3.760000,3.925000,3.678000,3.789000,3.634000,3.774000
6,77,3,3.719800,3.797000,3.669000,3.712000,3.644000,3.777000
6,78,3,3.910800,3.980000,3.930000,3.832000,3.847000,3.965000
6,79,3,3.432600,3.489000,3.355000,3.346000,3.434000,3.539000
6,80,4,3.762600,3.875000,3.718000,3.768000,3.690000,3.762000
6,81,4,3.819200,3.828000,3.796000,3.647000,3.891000,3.934000
6,82,4,3.826200,3.929000,3.783000,3.796000,3.827000,3.796000
6,83,4,3.490400,3.584000,3.308000,3.501000,3.403000,3.656000
6,84,4,3.657600,3.630000,3.668000,3.576000,3.630000,3.784000
6,85,4,3.704600,3.733000,3.719000,3.712000,3.629000,3.730000
6,86,4,3.605800,3.593000,3.507000,3.727000,3.545000,3.657000
6,87,4,3.510800,3.584000,3.412000,3.544000,3.504000,3.510000
6,88,4,3.410600,3.486000,3.317000,3.387000,3.286000,3.577000
6,89,4,4.064400,4.188000,4.022000,4.034000,3.971000,4.107000
6,90,4,3.516000,3.597000,3.579000,3.510000,3.355000,3.539000
6,91,4,3.731800,3.691000,3.745000,3.693000,3.638000,3.892000
6,92,4,3.857200,3.911000,3.807000,3.732000,3.856000,3.980000
6,93,4,4.077200,4.071000,3.987000,4.076000,4.034000,4.218000
6,94,4,3.876800,4.030000,3.824000,3.725000,3.823000,3.982000
6,95,4,3.432400,3.396000,3.451000,3.516000,3.297000,3.502000
6,96,4,3.670400,3.747000,3.599000,3.681000,3.545000,3.780000
6,97,4,3.546600,3.679000,3.528000,3.527000,3.399000,3.600000
6,98,4,3.757400,3.781000,3.703000,3.847000,3.605000,3.851000
6,99,4,3.792000,3.928000,3.636000,3.803000,3.718000,3.875000
7,0,0,3.786800,3.844000,3.841000,3.780000,3.611000,3.858000
7,1,0,3.815600,3.871000,3.930000,3.857000,3.651000,3.769000
7,2,0,3.806600,3.747000,3.894000,3.789000,3.779000,3.824000
7,3,0,3.817800,3.835000,3.870000,3.944000,3.651000,3.789000
7,4,0,3.733200,3.673000,3.732000,3.826000,3.689000,3.746000
7,5,0,3.704600,3.752000,3.725000,3.858000,3.489000,3.699000
7,6,0,3.686600,3.699000,3.787000,3.694000,3.654000,3.599000
7,7,0,3.744200,3.718000,3.734000,3.758000,3.663000,3.848000
7,8,0,3.782000,3.738000,3.872000,3.787000,3.623000,3.890000
7,9,0,3.772800,3.649000,3.901000,3.906000,3.583000,3.825000
7,10,0,3.654800,3.662000,3.709000,3.681000,3.557000,3.665000
7,11,0,3.571400,3.627000,3.601000,3.656000,3.402000,3.571000
7,12,0,3.587800,3.609000,3.595000,3.651000,3.515000,3.569000
7,13,0,3.588200,3.610000,3.603000,3.731000,3.361000,3.636000
7,14,0,3.603600,3.647000,3.637000,3.676000,3.390000,3.668000
7,15,0,3.654800,3.693000,3.637000,3.706000,3.532000,3.706000
7,16,0,3.702600,3.716000,3.711000,3.691000,3.648000,3.747000
7,17,0,3.827800,3.823000,3.753000,3.858000,3.789000,3.916000
7,18,0,4.045600,3.972000,4.202000,4.018000,3.946000,4.090000
7,19,0,3.765200,3.779000,3.790000,3.789000,3.726000,3.742000
7,20,1,3.938200,3.972000,3.885000,3.988000,3.850000,3.996000
7,21,1,3.791800,3.811000,3.815000,3.817000,3.704000,3.812000
7,22,1,3.816200,3.734000,3.936000,3.888000,3.623000,3.900000
7,23,1,3.681600,3.691000,3.749000,3.711000,3.513000,3.744000
7,24,1,3.490200,3.523000,3.565000,3.560000,3.256000,3.547000
7,25,1,3.579200,3.575000,3.555000,3.640000,3.506000,3.620000
7,26,1,3.713200,3.675000,3.646000,3.772000,3.627000,3.846000
7,27,1,3.754400,3.778000,3.804000,3.715000,3.636000,3.839000
7,28,1,3.690000,3.662000,3.560000,3.844000,3.597000,3.787000
7,29,1,3.628600,3.645000,3.598000,3.746000,3.501000,3.653000
7,30,1,3.776200,3.723000,3.955000,3.786000,3.534000,3.883000
7,31,1,3.622200,3.581000,3.586000,3.706000,3.584000,3.654000
7,32,1,3.579800,3.569000,3.607000,3.643000,3.482000,3.598000
7,33,1,3.840800,3.790000,3.916000,4.017000,3.679000,3.802000
7,34,1,3.667800,3.580000,3.726000,3.755000,3.554000,3.724000
7,35,1,3.672000,3.685000,3.631000,3.764000,3.513000,3.767000
7,36,1,4.077800,4.163000,4.133000,4.099000,3.980000,4.014000
7,37,1,3.706600,3.680000,3.730000,3.744000,3.598000,3.781000
7,38,1,3.591800,3.658000,3.611000,3.657000,3.345000,3.688000
7,39,1,3.642800,3.562000,3.671000,3.752000,3.509000,3.720000
7,40,2,3.704000,3.772000,3.754000,3.674000,3.604000,3.716000
7,41,2,3.468200,3.421000,3.512000,3.511000,3.354000,3.543000
7,42,2,3.751600,3.696000,3.836000,3.760000,3.613000,3.853000
7,43,2,3.538200,3.628000,3.528000,3.611000,3.363000,3.561000
7,44,2,3.567600,3.530000,3.557000,3.628000,3.410000,3.713000
7,45,2,3.562400,3.637000,3.597000,3.572000,3.478000,3.528000
7,46,2,3.683800,3.712000,3.646000,3.852000,3.512000,3.697000
7,47,2,3.622400,3.677000,3.680000,3.653000,3.539000,3.563000
7,48,2,3.666800,3.796000,3.756000,3.704000,3.576000,3.502000
7,49,2,3.678400,3.679000,3.807000,3.671000,3.524000,3.711000
7,50,2,3.587800,3.658000,3.639000,3.586000,3.446000,3.610000
7,51,2,3.587200,3.610000,3.545000,3.606000,3.511000,3.664000
7,52,2,3.515600,3.541000,3.571000,3.533000,3.337000,3.596000
7,53,2,3.511200,3.457000,3.558000,3.525000,3.419000,3.597000
7,54,2,3.382800,3.412000,3.432000,3.409000,3.258000,3.403000
7,55,2,3.492800,3.621000,3.557000,3.480000,3.336000,3.470000
7,56,2,3.905800,3.924000,4.000000,3.996000,3.724000,3.885000
7,57,2,3.390600,3.418000,3.309000,3.485000,3.383000,3.358000
7,58,2,3.935000,3.873000,4.012000,4.085000,3.765000,3.940000
7,59,2,3.644600,3.688000,3.646000,3.722000,3.435000,3.732000
7,60,3,3.841200,3.827000,3.834000,3.985000,3.641000,3.919000
7,61,3,3.798600,3.730000,3.924000,3.825000,3.664000,3.850000
7,62,3,3.385200,3.345000,3.365000,3.477000,3.291000,3.448000
7,63,3,3.705200,3.612000,3.840000,3.673000,3.552000,3.849000
7,64,3,3.731400,3.695000,3.758000,3.787000,3.595000,3.822000
7,65,3,3.862200,3.797000,3.921000,4.030000,3.800000,3.763000
7,66,3,3.772000,3.735000,3.861000,3.841000,3.551000,3.872000
7,67,3,3.556800,3.640000,3.457000,3.642000,3.429000,3.616000
7,68,3,3.598200,3.686000,3.624000,3.631000,3.410000,3.640000
7,69,3,3.791400,3.908000,3.852000,3.840000,3.642000,3.715000
7,70,3,3.840200,3.875000,3.871000,3.932000,3.672000,3.851000
7,71,3,3.752800,3.801000,3.860000,3.737000,3.621000,3.745000
7,72,3,3.856200,3.849000,3.869000,3.858000,3.786000,3.919000
7,73,3,3.707600,3.571000,3.812000,3.840000,3.569000,3.746000
7,74,3,3.855600,3.871000,3.760000,3.950000,3.736000,3.961000
7,75,3,3.857600,3.882000,3.949000,3.877000,3.682000,3.898000
7,76,3,3.840600,3.815000,3.986000,3.866000,3.693000,3.843000
7,77,3,3.758600,3.667000,3.693000,3.810000,3.642000,3.981000
7,78,3,3.777000,3.649000,3.816000,3.898000,3.739000,3.783000
7,79,3,3.931000,3.944000,3.998000,3.969000,3.785000,3.959000
7,80,4,4.017600,3.991000,4.068000,4.040000,3.834000,4.155000
7,81,4,4.206200,4.162000,4.289000,4.259000,4.107000,4.214000
7,82,4,3.847200,3.837000,3.795000,3.971000,3.754000,3.879000
7,83,4,3.607000,3.499000,3.642000,3.747000,3.444000,3.703000
7,84,4,3.789200,3.723000,3.721000,4.031000,3.638000,3.833000
7,85,4,3.940000,3.836000,3.985000,3.903000,3.882000,4.094000
7,86,4,3.601600,3.637000,3.629000,3.500000,3.597000,3.645000
7,87,4,3.762400,3.766000,3.756000,3.778000,3.691000,3.821000
7,88,4,3.930400,4.026000,3.914000,3.948000,3.811000,3.953000
7,89,4,3.614400,3.591000,3.765000,3.516000,3.506000,3.694000
7,90,4,3.882600,3.794000,3.864000,3.976000,3.812000,3.967000
7,91,4,3.928800,3.944000,3.952000,3.988000,3.719000,4.041000
7,92,4,3.982400,3.940000,3.934000,4.061000,3.916000,4.061000
7,93,4,3.670200,3.729000,3.660000,3.762000,3.493000,3.707000
7,94,4,3.733200,3.693000,3.719000,3.852000,3.665000,3.737000
7,95,4,3.804000,3.860000,3.768000,3.750000,3.722000,3.920000
7,96,4,3.699800,3.647000,3.637000,3.801000,3.592000,3.822000
7,97,4,3.868000,3.736000,3.881000,4.012000,3.838000,3.873000
7,98,4,3.623800,3.666000,3.540000,3.640000,3.478000,3.795000
7,99,4,3.581400,3.555000,3.634000,3.609000,3.393000,3.716000
8,0,0,3.504800,3.525000,3.484000,3.465000,3.595000,3.455000
8,1,0,3.857000,3.849000,3.794000,3.943000,3.841000,3.858000
8,2,0,3.960600,4.055000,3.841000,4.035000,3.986000,3.886000
8,3,0,3.722000,3.780000,3.602000,3.654000,3.717000,3.857000
8,4,0,3.681800,3.703000,3.571000,3.759000,3.698000,3.678000
8,5,0,3.556400,3.586000,3.607000,3.594000,3.488000,3.507000
8,6,0,3.798800,3.859000,3.778000,3.901000,3.672000,3.784000
8,7,0,3.702800,3.716000,3.584000,3.800000,3.706000,3.708000
8,8,0,3.737000,3.840000,3.528000,3.823000,3.788000,3.706000
8,9,0,3.641400,3.587000,3.532000,3.663000,3.692000,3.733000
8,10,0,3.865000,3.890000,3.740000,4.002000,3.843000,3.850000
8,11,0,3.908000,3.938000,3.810000,4.007000,3.928000,3.857000
8,12,0,3.729800,3.735000,3.648000,3.833000,3.761000,3.672000
8,13,0,3.767400,3.750000,3.721000,3.876000,3.766000,3.724000
8,14,0,4.070200,4.127000,3.987000,4.058000,4.086000,4.093000
8,15,0,3.974600,4.012000,3.925000,3.992000,4.033000,3.911000
8,16,0,3.825400,3.782000,3.767000,3.897000,3.806000,3.875000
8,17,0,3.750800,3.730000,3.753000,3.774000,3.789000,3.708000
8,18,0,3.887000,4.041000,3.736000,3.931000,3.833000,3.894000
8,19,0,3.768000,3.792000,3.754000,3.854000,3.817000,3.623000
8,20,1,3.625200,3.508000,3.644000,3.799000,3.675000,3.500000
8,21,1,4.066400,4.149000,3.830000,4.220000,4.059000,4.074000
8,22,1,4.069400,4.040000,3.984000,4.141000,4.084000,4.098000
8,23,1,3.915600,3.796000,3.901000,4.001000,3.930000,3.950000
8,24,1,3.579200,3.590000,3.506000,3.639000,3.536000,3.625000
8,25,1,3.724800,3.691000,3.725000,3.792000,3.696000,3.720000
8,26,1,3.883600,3.860000,3.818000,3.954000,3.903000,3.883000
8,27,1,3.768800,3.671000,3.688000,3.936000,3.833000,3.716000
8,28,1,3.699600,3.711000,3.688000,3.665000,3.761000,3.673000
8,29,1,3.946800,3.906000,3.832000,4.160000,3.892000,3.944000
8,30,1,3.642600,3.672000,3.521000,3.795000,3.620000,3.605000
8,31,1,3.568200,3.698000,3.529000,3.604000,3.442000,3.568000
8,32,1,3.609000,3.637000,3.553000,3.682000,3.544000,3.629000
8,33,1,3.542800,3.471000,3.605000,3.678000,3.520000,3.440000
8,34,1,3.731400,3.803000,3.673000,3.759000,3.688000,3.734000
8,35,1,3.594400,3.619000,3.507000,3.712000,3.567000,3.567000
8,36,1,3.736200,3.696000,3.749000,3.830000,3.714000,3.692000
8,37,1,3.538400,3.633000,3.499000,3.482000,3.541000,3.537000
8,38,1,3.764600,3.735000,3.718000,3.779000,3.777000,3.814000
8,39,1,3.790800,3.840000,3.708000,3.921000,3.770000,3.715000
8,40,2,3.906200,3.943000,3.920000,3.929000,3.913000,3.826000
8,41,2,3.816000,3.821000,3.737000,3.908000,3.812000,3.802000
8,42,2,3.729200,3.762000,3.669000,3.846000,3.604000,3.765000
8,43,2,3.616200,3.618000,3.570000,3.653000,3.580000,3.660000
8,44,2,3.673400,3.733000,3.722000,3.667000,3.643000,3.602000
8,45,2,3.831400,3.769000,3.846000,3.944000,3.873000,3.725000
8,46,2,3.655000,3.718000,3.705000,3.741000,3.598000,3.513000
8,47,2,3.781800,3.809000,3.788000,3.780000,3.785000,3.747000
8,48,2,3.922200,3.907000,3.852000,3.917000,3.909000,4.026000
8,49,2,3.638000,3.815000,3.538000,3.677000,3.663000,3.497000
8,50,2,3.586200,3.705000,3.502000,3.643000,3.561000,3.520000
8,51,2,3.855400,3.863000,3.794000,3.966000,3.939000,3.715000
8,52,2,3.756400,3.948000,3.654000,3.820000,3.654000,3.706000
8,53,2,3.876800,3.983000,3.901000,3.862000,3.845000,3.793000
8,54,2,3.479200,3.564000,3.488000,3.506000,3.462000,3.376000
8,55,2,3.662200,3.644000,3.642000,3.843000,3.609000,3.573000
8,56,2,3.745400,3.803000,3.707000,3.859000,3.677000,3.681000
8,57,2,3.682000,3.771000,3.505000,3.730000,3.762000,3.642000
8,58,2,3.937600,3.935000,3.991000,4.059000,3.874000,3.829000
8,59,2,3.679800,3.673000,3.761000,3.755000,3.657000,3.553000
8,60,3,3.763800,3.807000,3.658000,3.774000,3.836000,3.744000
8,61,3,3.669400,3.696000,3.632000,3.629000,3.641000,3.749000
8,62,3,3.872800,3.799000,3.846000,4.002000,3.853000,3.864000
8,63,3,3.790600,3.850000,3.659000,3.866000,3.840000,3.738000
8,64,3,3.873800,3.942000,3.690000,3.997000,3.905000,3.835000
8,65,3,3.810400,3.887000,3.743000,3.896000,3.755000,3.771000
8,66,3,3.884800,3.924000,3.845000,3.995000,3.821000,3.839000
8,67,3,3.603600,3.785000,3.621000,3.675000,3.570000,3.367000
8,68,3,3.785200,3.906000,3.659000,3.786000,3.778000,3.797000
8,69,3,3.749800,3.870000,3.592000,3.805000,3.810000,3.672000
8,70,3,3.886600,3.905000,3.829000,3.923000,3.851000,3.925000
8,71,3,3.748000,3.699000,3.760000,3.779000,3.766000,3.736000
8,72,3,3.599200,3.720000,3.579000,3.655000,3.560000,3.482000
8,73,3,3.547400,3.649000,3.568000,3.580000,3.523000,3.417000
8,74,3,4.032800,4.121000,3.827000,4.144000,4.036000,4.036000
8,75,3,4.049800,4.077000,4.017000,4.021000,4.080000,4.054000
8,76,3,3.992200,3.981000,3.913000,3.941000,4.103000,4.023000
8,77,3,3.802200,3.807000,3.678000,3.893000,3.851000,3.782000
8,78,3,3.865200,3.956000,3.746000,3.918000,3.834000,3.872000
8,79,3,3.640600,3.661000,3.681000,3.592000,3.676000,3.593000
8,80,4,4.255800,4.247000,4.208000,4.213000,4.277000,4.334000
8,81,4,3.719800,3.821000,3.801000,3.677000,3.692000,3.608000
8,82,4,3.904000,3.909000,3.842000,3.986000,3.829000,3.954000
8,83,4,3.948200,3.942000,4.096000,3.837000,4.019000,3.847000
8,84,4,3.942200,4.034000,3.701000,3.950000,4.156000,3.870000
8,85,4,3.973000,4.039000,3.869000,3.904000,4.039000,4.014000
8,86,4,3.795600,3.748000,3.793000,3.848000,3.829000,3.760000
8,87,4,3.811000,3.853000,3.719000,3.767000,3.860000,3.856000
8,88,4,3.910000,3.945000,3.760000,3.985000,3.882000,3.978000
8,89,4,3.884400,3.931000,3.760000,4.078000,3.816000,3.837000
8,90,4,4.101200,4.067000,4.038000,4.204000,4.092000,4.105000
8,91,4,3.760600,3.714000,3.692000,3.697000,3.877000,3.823000
8,92,4,4.052000,4.088000,4.054000,4.017000,4.052000,4.049000
8,93,4,3.979400,4.018000,3.824000,4.016000,4.023000,4.016000
8,94,4,3.715200,3.877000,3.669000,3.652000,3.648000,3.730000
8,95,4,3.860200,3.810000,3.770000,3.846000,3.865000,4.010000
8,96,4,3.972400,4.143000,3.768000,3.986000,3.962000,4.003000
8,97,4,3.962200,3.989000,3.901000,3.970000,4.059000,3.892000
8,98,4,3.630000,3.733000,3.527000,3.735000,3.570000,3.585000
8,99,4,4.023000,4.164000,3.919000,4.087000,3.921000,4.024000
9,0,0,4.008200,4.035000,3.982000,4.082000,3.951000,3.991000
9,1,0,3.706600,3.580000,3.643000,3.762000,3.739000,3.809000
9,2,0,3.799800,3.792000,3.739000,3.863000,3.787000,3.818000
9,3,0,3.657400,3.733000,3.662000,3.736000,3.589000,3.567000
9,4,0,3.874800,3.931000,3.767000,3.874000,3.821000,3.981000
9,5,0,3.890200,3.924000,3.854000,3.863000,3.885000,3.925000
9,6,0,3.735600,3.721000,3.672000,3.816000,3.740000,3.729000
9,7,0,3.944800,3.962000,3.911000,4.048000,3.872000,3.931000
9,8,0,3.712400,3.781000,3.611000,3.774000,3.689000,3.707000
9,9,0,3.813400,3.833000,3.753000,3.804000,3.771000,3.906000
9,10,0,3.804200,3.771000,3.858000,3.812000,3.795000,3.785000
9,11,0,3.968000,3.961000,3.952000,4.031000,3.883000,4.013000
9,12,0,3.933800,3.806000,3.984000,3.908000,3.930000,4.041000
9,13,0,3.991600,4.020000,3.949000,3.972000,4.009000,4.008000
9,14,0,3.823600,3.761000,3.846000,3.822000,3.866000,3.823000
9,15,0,3.717400,3.759000,3.777000,3.719000,3.654000,3.678000
9,16,0,3.881200,3.838000,3.867000,3.892000,3.860000,3.949000
9,17,0,4.183400,4.251000,4.073000,4.185000,4.104000,4.304000
9,18,0,3.949000,4.018000,3.963000,3.942000,3.857000,3.965000
9,19,0,4.060200,4.143000,4.135000,4.051000,3.984000,3.988000
9,20,1,3.912600,3.935000,3.790000,3.885000,3.924000,4.029000
9,21,1,3.884000,3.957000,3.810000,3.874000,3.836000,3.943000
9,22,1,3.711600,3.716000,3.718000,3.663000,3.703000,3.758000
9,23,1,3.692400,3.777000,3.659000,3.612000,3.778000,3.636000
9,24,1,3.754400,3.776000,3.755000,3.798000,3.657000,3.786000
9,25,1,3.924000,3.882000,3.939000,3.955000,3.911000,3.933000
9,26,1,3.850600,3.903000,3.850000,3.774000,3.843000,3.883000
9,27,1,3.946800,3.978000,3.917000,3.816000,3.938000,4.085000
9,28,1,4.015000,4.029000,3.945000,4.130000,3.861000,4.110000
9,29,1,3.911000,3.878000,3.911000,3.951000,3.882000,3.933000
9,30,1,4.064800,4.076000,4.078000,4.071000,3.981000,4.118000
9,31,1,3.711200,3.627000,3.708000,3.748000,3.691000,3.782000
9,32,1,3.863400,3.880000,3.769000,3.916000,3.938000,3.814000
9,33,1,3.881400,3.877000,3.892000,3.939000,3.956000,3.743000
9,34,1,3.692600,3.651000,3.703000,3.706000,3.686000,3.717000
9,35,1,3.948000,4.083000,3.903000,3.881000,3.842000,4.031000
9,36,1,4.099000,4.174000,4.041000,4.159000,3.964000,4.157000
9,37,1,3.770400,3.768000,3.741000,3.815000,3.711000,3.817000
9,38,1,3.819600,3.863000,3.635000,3.849000,3.986000,3.765000
9,39,1,3.869000,3.936000,3.926000,3.796000,3.760000,3.927000
9,40,2,3.853800,3.831000,3.814000,3.831000,3.882000,3.911000
9,41,2,3.600200,3.671000,3.547000,3.573000,3.547000,3.663000
9,42,2,3.721200,3.774000,3.741000,3.722000,3.637000,3.732000
9,43,2,3.877400,3.931000,3.818000,3.829000,3.899000,3.910000
9,44,2,3.911800,3.864000,3.871000,3.985000,3.784000,4.055000
9,45,2,3.760600,3.807000,3.790000,3.709000,3.675000,3.822000
9,46,2,3.657600,3.680000,3.732000,3.697000,3.574000,3.605000
9,47,2,3.747400,3.784000,3.724000,3.663000,3.810000,3.756000
9,48,2,3.692800,3.775000,3.741000,3.769000,3.563000,3.616000
9,49,2,3.694400,3.648000,3.724000,3.828000,3.635000,3.637000
9,50,2,3.991000,4.060000,4.015000,3.933000,3.950000,3.997000
9,51,2,3.840600,3.828000,3.757000,3.872000,3.870000,3.876000
9,52,2,4.032600,3.992000,3.984000,4.087000,4.028000,4.072000
9,53,2,3.659200,3.716000,3.688000,3.585000,3.692000,3.615000
9,54,2,3.656800,3.693000,3.709000,3.617000,3.631000,3.634000
9,55,2,3.848000,3.818000,3.768000,3.949000,3.815000,3.890000
9,56,2,3.948200,4.009000,3.925000,3.944000,3.912000,3.951000
9,57,2,3.836200,3.815000,3.779000,3.861000,3.741000,3.985000
9,58,2,4.141200,4.058000,4.158000,4.105000,4.260000,4.125000
9,59,2,3.706000,3.774000,3.704000,3.703000,3.643000,3.706000
9,60,3,3.777400,3.800000,3.786000,3.714000,3.805000,3.782000
9,61,3,3.836200,3.974000,3.867000,3.838000,3.740000,3.762000
9,62,3,3.961400,4.169000,3.815000,3.942000,3.930000,3.951000
9,63,3,3.710600,3.828000,3.708000,3.703000,3.526000,3.788000
9,64,3,3.797600,3.878000,3.749000,3.778000,3.719000,3.864000
9,65,3,4.024800,4.081000,3.981000,3.975000,4.000000,4.087000
9,66,3,3.997200,4.120000,3.984000,3.923000,3.875000,4.084000
9,67,3,3.760000,3.827000,3.751000,3.768000,3.724000,3.730000
9,68,3,3.931400,4.064000,3.951000,3.948000,3.844000,3.850000
9,69,3,4.138800,4.151000,4.162000,4.168000,4.020000,4.193000
9,70,3,3.775600,3.757000,3.842000,3.714000,3.673000,3.892000
9,71,3,3.890000,3.945000,3.823000,3.947000,3.829000,3.906000
9,72,3,4.012000,3.929000,4.102000,4.134000,3.829000,4.066000
9,73,3,3.899800,3.967000,3.914000,3.842000,3.854000,3.922000
9,74,3,3.933800,3.877000,3.888000,4.024000,3.957000,3.923000
9,75,3,3.842200,3.937000,3.779000,3.779000,3.792000,3.924000
9,76,3,3.879400,3.880000,3.924000,3.896000,3.749000,3.948000
9,77,3,3.860400,3.904000,3.959000,3.946000,3.561000,3.932000
9,78,3,3.907600,3.955000,3.924000,3.788000,3.884000,3.987000
9,79,3,3.862600,3.881000,3.945000,3.861000,3.790000,3.836000
9,80,4,3.673400,3.778000,3.654000,3.695000,3.519000,3.721000
9,81,4,4.129000,4.192000,4.085000,4.093000,4.122000,4.153000
9,82,4,3.904400,3.912000,3.881000,3.860000,3.907000,3.962000
9,83,4,4.211600,4.256000,4.272000,4.115000,4.184000,4.231000
9,84,4,4.064200,4.154000,4.012000,4.094000,3.973000,4.088000
9,85,4,3.841200,3.891000,3.792000,3.859000,3.771000,3.893000
9,86,4,4.063600,3.958000,4.062000,4.061000,4.136000,4.101000
9,87,4,4.316000,4.395000,4.284000,4.228000,4.335000,4.338000
9,88,4,3.849400,3.867000,3.830000,3.921000,3.795000,3.834000
9,89,4,4.135200,4.116000,4.184000,4.058000,4.130000,4.188000
9,90,4,3.606000,3.496000,3.640000,3.651000,3.671000,3.572000
9,91,4,4.175600,4.184000,4.140000,4.206000,3.988000,4.360000
9,92,4,4.182200,4.282000,4.166000,4.155000,4.083000,4.225000
9,93,4,3.733200,3.765000,3.712000,3.776000,3.687000,3.726000
9,94,4,3.896600,3.869000,3.958000,3.991000,3.837000,3.828000
9,95,4,4.075800,4.143000,4.006000,4.084000,4.000000,4.146000
9,96,4,4.020800,4.034000,4.100000,3.936000,3.929000,4.105000
9,97,4,3.916200,3.889000,3.892000,3.856000,3.948000,3.996000
9,98,4,4.372800,4.364000,4.371000,4.341000,4.441000,4.347000
9,99,4,4.127000,4.110000,4.127000,4.117000,4.093000,4.188000
10,0,0,4.116400,4.124000,4.204000,4.031000,4.159000,4.064000
10,1,0,3.977800,3.861000,4.032000,3.999000,3.929000,4.068000
10,2,0,3.756400,3.793000,3.846000,3.737000,3.536000,3.870000
10,3,0,3.936600,3.899000,3.995000,3.936000,3.898000,3.955000
10,4,0,4.045600,4.120000,4.018000,4.088000,4.005000,3.997000
10,5,0,3.980000,4.028000,3.918000,3.939000,4.014000,4.001000
10,6,0,3.793000,3.794000,3.867000,3.701000,3.690000,3.913000
10,7,0,3.859000,3.895000,3.854000,3.785000,3.838000,3.923000
10,8,0,3.818600,3.983000,3.848000,3.722000,3.702000,3.838000
10,9,0,3.800800,3.959000,3.890000,3.804000,3.643000,3.708000
10,10,0,3.901600,3.896000,4.076000,3.880000,3.732000,3.924000
10,11,0,3.797200,4.000000,3.769000,3.719000,3.662000,3.836000
10,12,0,4.109600,4.275000,4.149000,4.126000,3.916000,4.082000
10,13,0,3.843600,3.935000,3.839000,3.847000,3.709000,3.888000
10,14,0,3.772000,3.661000,3.939000,3.849000,3.622000,3.789000
10,15,0,3.826600,3.833000,3.878000,3.848000,3.738000,3.836000
10,16,0,3.927400,3.883000,4.050000,3.955000,3.766000,3.983000
10,17,0,3.994000,4.151000,3.845000,3.920000,3.977000,4.077000
10,18,0,3.864400,3.918000,3.960000,3.845000,3.776000,3.823000
10,19,0,3.813200,3.875000,3.948000,3.809000,3.740000,3.694000
10,20,1,3.749000,3.800000,3.730000,3.809000,3.631000,3.775000
10,21,1,3.855800,4.060000,3.893000,3.912000,3.704000,3.710000
10,22,1,4.013600,4.141000,4.016000,3.975000,3.904000,4.032000
10,23,1,3.864800,3.829000,3.827000,3.858000,3.853000,3.957000
10,24,1,3.841000,3.900000,3.957000,3.821000,3.776000,3.751000
10,25,1,3.845000,3.949000,3.904000,3.744000,3.709000,3.919000
10,26,1,4.224200,4.340000,4.142000,4.210000,4.170000,4.259000
10,27,1,3.932800,4.031000,3.963000,3.940000,3.744000,3.986000
10,28,1,3.854600,3.996000,3.817000,3.848000,3.802000,3.810000
10,29,1,3.672200,3.847000,3.738000,3.530000,3.647000,3.599000
10,30,1,3.657600,3.675000,3.717000,3.659000,3.568000,3.669000
10,31,1,3.731600,3.793000,3.858000,3.606000,3.621000,3.780000
10,32,1,3.987600,4.101000,4.042000,3.941000,3.934000,3.920000
10,33,1,3.927600,4.019000,3.896000,3.960000,3.789000,3.974000
10,34,1,3.994200,4.010000,4.063000,3.979000,3.909000,4.010000
10,35,1,3.883200,3.989000,3.957000,3.810000,3.807000,3.853000
10,36,1,3.820800,3.822000,3.939000,3.771000,3.723000,3.849000
10,37,1,3.978400,4.025000,3.972000,3.952000,3.922000,4.021000
10,38,1,3.845600,3.853000,3.991000,3.772000,3.832000,3.780000
10,39,1,3.831800,3.925000,3.889000,3.768000,3.731000,3.846000
10,40,2,3.959800,4.096000,4.066000,3.797000,3.991000,3.849000
10,41,2,3.992200,4.019000,4.067000,3.886000,3.951000,4.038000
10,42,2,3.670000,3.743000,3.773000,3.555000,3.577000,3.702000
10,43,2,3.934600,4.016000,4.028000,3.791000,3.944000,3.894000
10,44,2,4.003600,4.181000,4.025000,3.862000,3.956000,3.994000
10,45,2,3.992600,4.008000,4.013000,3.982000,3.929000,4.031000
10,46,2,3.766800,3.786000,3.890000,3.704000,3.617000,3.837000
10,47,2,3.919800,3.953000,4.023000,3.884000,3.764000,3.975000
10,48,2,3.924000,4.109000,3.967000,3.892000,3.737000,3.915000
10,49,2,3.980600,4.045000,3.928000,4.006000,3.954000,3.970000
10,50,2,3.629200,3.734000,3.766000,3.521000,3.543000,3.582000
10,51,2,3.767000,3.919000,3.873000,3.841000,3.585000,3.617000
10,52,2,3.566400,3.644000,3.622000,3.545000,3.482000,3.539000
10,53,2,4.151200,4.197000,4.184000,4.061000,4.155000,4.159000
10,54,2,3.780200,3.818000,3.850000,3.817000,3.805000,3.611000
10,55,2,3.808400,3.847000,3.901000,3.791000,3.633000,3.870000
10,56,2,3.884800,3.907000,4.136000,3.802000,3.743000,3.836000
10,57,2,3.839200,3.874000,3.972000,3.869000,3.684000,3.797000
10,58,2,4.032200,4.057000,4.115000,3.931000,4.047000,4.011000
10,59,2,3.697800,3.821000,3.752000,3.639000,3.581000,3.696000
10,60,3,3.872600,3.873000,4.021000,3.867000,3.684000,3.918000
10,61,3,3.891600,3.965000,3.950000,3.856000,3.794000,3.893000
10,62,3,3.856800,3.784000,4.075000,3.824000,3.746000,3.855000
10,63,3,4.031000,4.017000,4.135000,4.112000,3.871000,4.020000
10,64,3,3.993200,4.035000,3.960000,3.963000,3.913000,4.095000
10,65,3,3.805000,3.839000,3.994000,3.740000,3.620000,3.832000
10,66,3,4.110000,4.267000,4.114000,3.976000,4.023000,4.170000
10,67,3,3.916600,3.919000,4.015000,3.846000,3.861000,3.942000
10,68,3,3.758600,3.644000,3.914000,3.836000,3.591000,3.808000
10,69,3,3.823400,3.896000,3.948000,3.807000,3.638000,3.828000
10,70,3,3.754800,3.786000,3.844000,3.704000,3.670000,3.770000
10,71,3,3.837600,3.981000,3.895000,3.804000,3.685000,3.823000
10,72,3,3.839400,3.819000,3.912000,3.894000,3.693000,3.879000
10,73,3,3.711200,3.804000,3.854000,3.622000,3.559000,3.717000
10,74,3,3.823600,3.942000,3.903000,3.764000,3.772000,3.737000
10,75,3,4.310200,4.337000,4.457000,4.276000,4.176000,4.305000
10,76,3,3.875200,3.993000,3.960000,3.819000,3.750000,3.854000
10,77,3,4.136200,4.135000,4.070000,4.151000,4.208000,4.117000
10,78,3,3.820800,3.970000,3.875000,3.721000,3.672000,3.866000
10,79,3,3.751400,3.815000,3.892000,3.689000,3.572000,3.789000
10,80,4,3.798400,3.912000,3.957000,3.789000,3.638000,3.696000
10,81,4,4.314800,4.369000,4.435000,4.241000,4.255000,4.274000
10,82,4,4.009400,4.069000,4.104000,3.881000,3.957000,4.036000
10,83,4,4.047600,4.200000,4.060000,3.872000,3.960000,4.146000
10,84,4,4.213200,4.186000,4.191000,4.267000,4.109000,4.313000
10,85,4,3.920800,4.019000,4.050000,3.774000,3.916000,3.845000
10,86,4,4.059000,4.052000,4.213000,3.952000,4.026000,4.052000
10,87,4,4.151600,4.145000,4.234000,4.156000,3.965000,4.258000
10,88,4,4.068800,3.956000,4.210000,4.037000,4.041000,4.100000
10,89,4,3.947200,4.024000,4.029000,3.953000,3.767000,3.963000
10,90,4,4.108600,4.291000,4.155000,3.984000,4.034000,4.079000
10,91,4,4.064000,4.120000,4.095000,4.091000,3.960000,4.054000
10,92,4,4.278000,4.326000,4.402000,4.175000,4.209000,4.278000
10,93,4,3.933400,4.062000,4.088000,3.845000,3.774000,3.898000
10,94,4,4.271000,4.300000,4.349000,4.237000,4.242000,4.227000
10,95,4,3.790200,3.854000,3.882000,3.697000,3.711000,3.807000
10,96,4,3.916400,3.970000,4.002000,3.901000,3.837000,3.872000
10,97,4,4.081800,4.111000,4.219000,4.033000,3.984000,4.062000
10,98,4,4.017800,4.082000,4.032000,3.957000,3.988000,4.030000
10,99,4,4.092000,4.094000,4.185000,3.840000,4.217000,4.124000
11,0,0,3.978400,3.913000,3.960000,4.022000,4.006000,3.991000
11,1,0,3.745400,3.685000,3.937000,3.732000,3.775000,3.598000
11,2,0,3.864000,3.821000,3.894000,3.834000,3.933000,3.838000
11,3,0,3.979600,3.973000,4.000000,4.048000,3.867000,4.010000
11,4,0,4.442000,4.371000,4.643000,4.471000,4.411000,4.314000
11,5,0,3.912800,4.002000,3.939000,3.778000,3.951000,3.894000
11,6,0,4.091400,4.104000,4.083000,4.033000,4.180000,4.057000
11,7,0,4.032400,3.989000,4.043000,4.032000,4.050000,4.048000
11,8,0,3.920000,3.901000,3.969000,4.024000,3.900000,3.806000
11,9,0,3.594800,3.538000,3.651000,3.636000,3.535000,3.614000
11,10,0,3.997200,4.004000,4.043000,3.993000,3.926000,4.020000
11,11,0,3.928200,3.947000,3.934000,3.915000,3.959000,3.886000
11,12,0,4.000600,3.982000,3.940000,3.961000,4.086000,4.034000
11,13,0,3.763000,3.682000,3.764000,3.728000,3.749000,3.892000
11,14,0,3.797600,3.782000,3.800000,3.889000,3.780000,3.737000
11,15,0,3.981200,3.993000,3.937000,3.947000,4.021000,4.008000
11,16,0,3.883400,3.838000,3.869000,3.915000,3.884000,3.911000
11,17,0,4.261600,4.201000,4.212000,4.279000,4.368000,4.248000
11,18,0,3.884800,3.873000,3.946000,3.896000,3.972000,3.737000
11,19,0,3.735400,3.698000,3.867000,3.793000,3.803000,3.516000
11,20,1,3.738600,3.761000,3.749000,3.764000,3.736000,3.683000
11,21,1,3.879000,3.829000,4.005000,3.809000,3.928000,3.824000
11,22,1,3.705200,3.614000,3.704000,3.738000,3.764000,3.706000
11,23,1,4.118400,4.107000,4.206000,4.046000,4.213000,4.020000
11,24,1,4.470400,4.520000,4.476000,4.579000,4.427000,4.350000
11,25,1,4.087000,3.973000,4.186000,4.093000,4.116000,4.067000
11,26,1,4.055600,3.987000,4.115000,3.925000,4.126000,4.125000
11,27,1,4.048800,3.964000,4.115000,4.065000,4.140000,3.960000
11,28,1,3.957200,3.901000,4.007000,3.991000,3.940000,3.947000
11,29,1,4.406000,4.423000,4.380000,4.397000,4.515000,4.315000
11,30,1,3.836800,3.848000,3.799000,3.832000,3.789000,3.916000
11,31,1,3.774000,3.668000,3.858000,3.650000,3.898000,3.796000
11,32,1,3.666600,3.645000,3.755000,3.633000,3.629000,3.671000
11,33,1,4.105600,3.990000,4.183000,4.110000,4.128000,4.117000
11,34,1,4.102000,4.055000,4.121000,4.099000,4.111000,4.124000
11,35,1,4.070800,3.989000,4.166000,4.082000,4.044000,4.073000
11,36,1,4.083600,4.051000,4.135000,4.181000,4.082000,3.969000
11,37,1,3.854600,3.891000,3.943000,3.766000,3.990000,3.683000
11,38,1,3.853200,3.804000,3.944000,3.890000,3.860000,3.768000
11,39,1,4.031600,3.927000,4.048000,4.064000,4.002000,4.117000
11,40,2,3.907400,3.922000,4.037000,3.874000,3.864000,3.840000
11,41,2,3.961200,3.930000,3.990000,3.940000,3.990000,3.956000
11,42,2,3.876000,3.885000,3.797000,3.901000,3.947000,3.850000
11,43,2,3.981000,3.911000,3.977000,4.022000,3.922000,4.073000
11,44,2,4.043200,3.990000,4.116000,4.108000,4.101000,3.901000
11,45,2,3.859000,3.736000,3.982000,3.891000,3.881000,3.805000
11,46,2,3.978200,3.895000,3.940000,4.032000,4.073000,3.951000
11,47,2,3.969400,3.984000,3.939000,4.033000,3.988000,3.903000
11,48,2,3.871000,3.886000,3.896000,3.897000,3.819000,3.857000
11,49,2,3.834200,3.777000,3.945000,3.787000,3.847000,3.815000
11,50,2,3.808000,3.861000,3.770000,3.709000,3.883000,3.817000
11,51,2,4.093200,4.086000,4.087000,4.098000,4.100000,4.095000
11,52,2,3.910600,3.986000,3.924000,3.942000,3.975000,3.726000
11,53,2,3.841200,3.752000,3.952000,3.910000,3.891000,3.701000
11,54,2,3.991000,3.827000,4.056000,4.021000,4.034000,4.017000
11,55,2,3.843600,3.773000,3.881000,3.887000,3.857000,3.820000
11,56,2,3.991400,3.961000,3.988000,4.044000,3.987000,3.977000
11,57,2,3.658800,3.646000,3.701000,3.712000,3.692000,3.543000
11,58,2,3.672600,3.583000,3.737000,3.663000,3.682000,3.698000
11,59,2,3.657600,3.645000,3.696000,3.649000,3.718000,3.580000
11,60,3,3.965400,3.926000,3.925000,4.058000,4.025000,3.893000
11,61,3,3.928200,3.891000,3.954000,3.990000,3.945000,3.861000
11,62,3,3.794400,3.720000,3.894000,3.771000,3.907000,3.680000
11,63,3,3.836600,3.713000,3.887000,3.818000,3.903000,3.862000
11,64,3,4.036800,3.969000,4.013000,4.193000,4.080000,3.929000
11,65,3,3.796000,3.623000,3.878000,3.915000,3.757000,3.807000
11,66,3,3.854600,3.806000,3.834000,3.913000,3.975000,3.745000
11,67,3,3.854200,3.883000,3.843000,3.978000,3.888000,3.679000
11,68,3,3.801200,3.807000,3.863000,3.773000,3.889000,3.674000
11,69,3,4.020800,3.914000,4.160000,4.165000,4.065000,3.800000
11,70,3,3.799000,3.766000,3.847000,3.801000,3.816000,3.765000
11,71,3,3.940800,3.856000,3.978000,3.988000,3.941000,3.941000
11,72,3,3.880200,3.874000,3.927000,3.992000,3.851000,3.757000
11,73,3,3.761400,3.613000,3.865000,3.789000,3.860000,3.680000
11,74,3,4.057000,3.967000,4.081000,4.074000,4.126000,4.037000
11,75,3,4.057000,4.048000,4.127000,4.077000,4.049000,3.984000
11,76,3,3.617800,3.543000,3.594000,3.743000,3.679000,3.530000
11,77,3,4.198400,4.106000,4.270000,4.343000,4.203000,4.070000
11,78,3,3.993600,3.945000,3.972000,3.975000,4.132000,3.944000
11,79,3,3.755600,3.663000,3.766000,3.892000,3.783000,3.674000
11,80,4,4.119200,4.097000,4.189000,4.127000,4.196000,3.987000
11,81,4,4.347000,4.237000,4.438000,4.423000,4.391000,4.246000
11,82,4,3.926200,3.951000,3.918000,3.886000,3.906000,3.970000
11,83,4,4.199200,4.211000,4.196000,4.163000,4.354000,4.072000
11,84,4,3.979000,3.876000,4.059000,3.981000,4.053000,3.926000
11,85,4,4.353000,4.305000,4.370000,4.402000,4.413000,4.275000
11,86,4,4.179000,4.167000,4.213000,4.113000,4.257000,4.145000
11,87,4,4.225000,4.194000,4.189000,4.338000,4.274000,4.130000
11,88,4,4.152600,4.198000,4.211000,4.090000,4.162000,4.102000
11,89,4,3.882400,3.942000,3.857000,3.946000,3.857000,3.810000
11,90,4,4.006800,4.048000,3.965000,4.071000,4.098000,3.852000
11,91,4,4.338600,4.285000,4.298000,4.377000,4.476000,4.257000
11,92,4,3.911200,3.900000,3.972000,3.920000,3.937000,3.827000
11,93,4,4.245200,4.187000,4.216000,4.361000,4.314000,4.148000
11,94,4,3.921400,3.861000,4.038000,4.037000,3.861000,3.810000
11,95,4,3.917600,3.891000,3.971000,3.905000,3.901000,3.920000
11,96,4,4.109200,4.039000,4.249000,4.062000,4.187000,4.009000
11,97,4,4.000800,4.030000,4.097000,4.047000,4.053000,3.777000
11,98,4,4.131000,4.169000,4.039000,4.173000,4.130000,4.144000
11,99,4,4.004400,4.063000,4.085000,4.043000,3.991000,3.840000
12,0,0,3.780800,3.748000,3.751000,3.862000,3.759000,3.784000
12,1,0,4.170000,4.150000,4.227000,4.215000,4.132000,4.126000
12,2,0,4.085600,4.036000,4.136000,4.082000,3.941000,4.233000
12,3,0,3.695400,3.637000,3.697000,3.781000,3.605000,3.757000
12,4,0,4.102200,4.051000,4.170000,4.047000,4.071000,4.172000
12,5,0,4.064800,4.087000,4.284000,4.033000,3.875000,4.045000
12,6,0,3.894600,3.837000,3.901000,3.890000,3.908000,3.937000
12,7,0,4.148400,4.123000,4.173000,4.182000,4.050000,4.214000
12,8,0,3.804000,3.740000,3.727000,3.771000,3.905000,3.877000
12,9,0,4.068600,4.031000,4.062000,4.104000,4.050000,4.096000
12,10,0,3.969200,3.892000,3.906000,3.940000,4.014000,4.094000
12,11,0,4.012600,3.896000,4.023000,4.115000,3.989000,4.040000
12,12,0,4.196800,4.179000,4.240000,4.252000,4.187000,4.126000
12,13,0,3.941200,3.814000,3.915000,3.978000,3.987000,4.012000
12,14,0,3.799800,3.842000,3.796000,3.665000,3.793000,3.903000
12,15,0,4.067400,4.000000,4.036000,4.148000,4.095000,4.058000
12,16,0,4.251600,4.122000,4.199000,4.330000,4.247000,4.360000
12,17,0,4.118400,4.129000,4.057000,4.121000,4.065000,4.220000
12,18,0,4.061600,3.982000,4.113000,4.105000,3.983000,4.125000
12,19,0,3.958200,3.865000,3.842000,4.051000,4.025000,4.008000
12,20,1,4.245000,4.171000,4.262000,4.278000,4.209000,4.305000
12,21,1,4.314600,4.425000,4.157000,4.334000,4.285000,4.372000
12,22,1,4.229200,4.246000,4.247000,4.130000,4.178000,4.345000
12,23,1,3.882600,3.879000,3.921000,3.994000,3.730000,3.889000
12,24,1,4.013600,4.051000,3.994000,4.030000,4.018000,3.975000
12,25,1,3.825400,3.896000,3.744000,3.893000,3.769000,3.825000
12,26,1,4.305800,4.292000,4.271000,4.310000,4.303000,4.353000
12,27,1,3.908600,3.940000,3.872000,3.897000,3.828000,4.006000
12,28,1,4.146200,4.040000,4.111000,4.259000,4.096000,4.225000
12,29,1,4.077400,4.020000,3.988000,4.089000,4.076000,4.214000
12,30,1,3.962800,3.979000,3.865000,3.922000,3.868000,4.180000
12,31,1,4.028800,3.904000,3.935000,4.124000,4.075000,4.106000
12,32,1,3.939800,3.874000,3.851000,4.007000,3.887000,4.080000
12,33,1,3.953800,4.009000,3.862000,3.986000,4.005000,3.907000
12,34,1,3.897000,3.941000,3.818000,3.921000,3.857000,3.948000
12,35,1,4.232200,4.239000,4.165000,4.197000,4.218000,4.342000
12,36,1,3.943400,3.970000,3.984000,3.930000,3.844000,3.989000
12,37,1,3.953000,3.942000,3.886000,3.993000,3.937000,4.007000
12,38,1,4.224600,4.110000,4.160000,4.280000,4.188000,4.385000
12,39,1,4.148800,4.136000,4.159000,4.188000,4.062000,4.199000
12,40,2,3.951600,3.878000,3.901000,4.015000,3.969000,3.995000
12,41,2,4.096600,4.098000,4.069000,4.177000,4.007000,4.132000
12,42,2,3.605600,3.590000,3.636000,3.589000,3.548000,3.665000
12,43,2,3.795000,3.821000,3.798000,3.838000,3.621000,3.897000
12,44,2,3.863600,3.853000,3.841000,3.927000,3.783000,3.914000
12,45,2,3.867800,3.907000,3.850000,3.810000,3.834000,3.938000
12,46,2,3.870800,3.820000,3.814000,3.970000,3.770000,3.980000
12,47,2,3.842600,3.831000,3.745000,3.907000,3.796000,3.934000
12,48,2,3.923000,3.908000,3.915000,3.955000,3.817000,4.020000
12,49,2,3.842800,3.775000,3.824000,3.964000,3.754000,3.897000
12,50,2,4.146200,4.134000,4.141000,4.240000,4.068000,4.148000
12,51,2,3.966800,3.941000,3.931000,3.990000,3.941000,4.031000
12,52,2,4.135000,4.156000,4.137000,4.094000,4.110000,4.178000
12,53,2,3.811800,3.624000,3.736000,3.984000,3.745000,3.970000
12,54,2,3.979000,3.878000,4.036000,3.959000,3.908000,4.114000
12,55,2,3.700600,3.581000,3.674000,3.752000,3.635000,3.861000
12,56,2,4.102800,4.125000,4.099000,4.100000,4.051000,4.139000
12,57,2,3.688800,3.583000,3.650000,3.797000,3.644000,3.770000
12,58,2,3.731600,3.698000,3.778000,3.681000,3.672000,3.829000
12,59,2,3.821800,3.843000,3.722000,3.747000,3.795000,4.002000
12,60,3,3.997000,4.023000,3.997000,4.008000,3.966000,3.991000
12,61,3,4.087800,4.014000,4.019000,4.133000,4.106000,4.167000
12,62,3,3.780800,3.815000,3.580000,3.858000,3.753000,3.898000
12,63,3,3.824800,3.748000,3.778000,3.794000,3.794000,4.010000
12,64,3,4.140400,4.132000,4.100000,4.131000,4.040000,4.299000
12,65,3,4.143800,4.140000,4.061000,4.153000,4.180000,4.185000
12,66,3,4.119000,4.106000,4.048000,4.085000,4.072000,4.284000
12,67,3,3.897200,3.972000,3.730000,3.900000,3.844000,4.040000
12,68,3,4.061800,3.994000,3.959000,4.081000,4.022000,4.253000
12,69,3,4.125000,4.083000,4.062000,4.176000,4.039000,4.265000
12,70,3,4.069200,4.101000,4.000000,4.111000,4.023000,4.111000
12,71,3,4.026000,4.136000,4.009000,3.974000,3.958000,4.053000
12,72,3,3.909800,3.816000,3.852000,4.066000,3.784000,4.031000
12,73,3,3.957400,4.023000,3.937000,3.958000,3.906000,3.963000
12,74,3,3.854000,3.748000,3.764000,3.909000,3.807000,4.042000
12,75,3,3.698200,3.690000,3.606000,3.771000,3.677000,3.747000
12,76,3,3.825600,3.760000,3.761000,4.054000,3.767000,3.786000
12,77,3,4.168800,4.241000,4.049000,4.203000,4.114000,4.237000
12,78,3,3.891200,3.840000,3.808000,3.955000,3.789000,4.064000
12,79,3,4.006600,3.923000,4.019000,4.026000,3.941000,4.124000
12,80,4,4.202800,4.198000,4.137000,4.160000,4.271000,4.248000
12,81,4,4.035600,4.019000,3.966000,4.003000,4.071000,4.119000
12,82,4,4.208000,4.163000,4.169000,4.286000,4.112000,4.310000
12,83,4,4.119400,4.005000,4.207000,4.064000,4.058000,4.263000
12,84,4,4.234800,4.214000,4.248000,4.228000,4.309000,4.175000
12,85,4,4.178600,4.134000,4.211000,4.282000,4.224000,4.042000
12,86,4,4.065600,4.064000,4.022000,4.042000,4.071000,4.129000
12,87,4,4.327200,4.340000,4.230000,4.281000,4.282000,4.503000
12,88,4,4.221600,4.283000,4.248000,4.157000,4.150000,4.270000
12,89,4,4.181000,4.101000,4.171000,4.216000,4.128000,4.289000
12,90,4,4.215000,4.194000,4.200000,4.192000,4.256000,4.233000
12,91,4,4.184400,4.141000,4.107000,4.154000,4.305000,4.215000
12,92,4,3.876600,3.830000,3.994000,3.953000,3.706000,3.900000
12,93,4,4.136600,4.098000,4.144000,4.227000,4.036000,4.178000
12,94,4,4.407000,4.499000,4.320000,4.367000,4.392000,4.457000
12,95,4,4.072200,3.925000,4.023000,4.217000,4.087000,4.109000
12,96,4,4.216400,4.204000,4.379000,4.219000,4.190000,4.090000
12,97,4,3.947200,3.911000,4.004000,3.791000,3.973000,4.057000
12,98,4,4.118600,4.047000,4.136000,4.087000,4.034000,4.289000
12,99,4,4.408400,4.352000,4.390000,4.486000,4.394000,4.420000
13,0,0,3.910600,4.005000,3.933000,3.699000,3.929000,3.987000
13,1,0,3.977200,4.113000,4.149000,3.711000,3.878000,4.035000
13,2,0,4.006800,4.083000,4.174000,3.871000,3.912000,3.994000
13,3,0,3.734800,3.787000,3.819000,3.538000,3.744000,3.786000
13,4,0,3.884000,4.014000,3.873000,3.749000,3.888000,3.896000
13,5,0,4.090400,4.098000,4.289000,3.957000,4.086000,4.022000
13,6,0,4.159200,4.145000,4.274000,4.066000,4.150000,4.161000
13,7,0,4.017600,4.133000,4.047000,4.005000,3.869000,4.034000
13,8,0,4.024200,3.991000,4.153000,3.895000,3.918000,4.164000
13,9,0,4.066200,4.127000,4.211000,3.782000,4.009000,4.202000
13,10,0,4.026600,4.084000,4.273000,3.905000,3.896000,3.975000
13,11,0,4.322800,4.359000,4.351000,4.173000,4.332000,4.399000
13,12,0,3.810600,3.835000,3.752000,3.729000,3.827000,3.910000
13,13,0,4.242200,4.308000,4.325000,4.138000,4.168000,4.272000
13,14,0,3.914000,3.953000,4.004000,3.794000,3.880000,3.939000
13,15,0,3.916200,4.006000,4.080000,3.732000,3.808000,3.955000
13,16,0,4.117400,4.192000,4.349000,3.949000,4.027000,4.070000
13,17,0,4.207400,4.257000,4.131000,4.228000,4.167000,4.254000
13,18,0,4.023200,4.074000,4.117000,3.868000,4.041000,4.016000
13,19,0,4.140600,4.231000,4.244000,4.033000,4.053000,4.142000
13,20,1,4.023600,4.012000,4.067000,4.009000,4.012000,4.018000
13,21,1,4.163000,4.113000,4.385000,4.086000,4.150000,4.081000
13,22,1,3.948600,4.033000,4.068000,3.847000,3.861000,3.934000
13,23,1,3.980600,3.978000,4.052000,3.753000,3.990000,4.130000
13,24,1,4.047800,4.079000,4.264000,3.945000,3.912000,4.039000
13,25,1,3.989000,3.934000,4.087000,3.817000,4.061000,4.046000
13,26,1,4.219600,4.264000,4.222000,4.151000,4.178000,4.283000
13,27,1,4.224400,4.104000,4.381000,4.138000,4.164000,4.335000
13,28,1,4.210800,4.068000,4.414000,4.125000,4.145000,4.302000
13,29,1,4.205600,4.217000,4.363000,3.978000,4.230000,4.240000
13,30,1,3.983800,3.991000,4.248000,3.887000,3.896000,3.897000
13,31,1,4.174600,4.316000,4.289000,4.061000,4.063000,4.144000
13,32,1,4.195200,4.326000,4.279000,4.050000,4.205000,4.116000
13,33,1,4.210000,4.196000,4.429000,4.095000,4.254000,4.076000
13,34,1,4.095400,4.101000,4.270000,3.993000,4.064000,4.049000
13,35,1,3.924000,3.927000,4.018000,3.831000,3.973000,3.871000
13,36,1,4.120400,4.167000,4.198000,4.114000,4.092000,4.031000
13,37,1,4.035800,4.049000,4.127000,3.940000,3.965000,4.098000
13,38,1,4.259800,4.381000,4.345000,4.034000,4.326000,4.213000
13,39,1,4.390800,4.394000,4.578000,4.280000,4.305000,4.397000
13,40,2,3.936400,4.000000,4.035000,3.832000,3.887000,3.928000
13,41,2,3.707600,3.726000,3.589000,3.689000,3.725000,3.809000
13,42,2,4.033200,4.057000,4.164000,3.885000,4.001000,4.059000
13,43,2,4.068600,4.086000,4.168000,4.032000,4.078000,3.979000
13,44,2,3.972800,4.071000,4.027000,3.837000,3.896000,4.033000
13,45,2,3.735200,3.783000,3.761000,3.632000,3.713000,3.787000
13,46,2,3.785600,3.847000,3.967000,3.627000,3.733000,3.754000
13,47,2,3.912400,3.911000,3.991000,3.739000,3.896000,4.025000
13,48,2,3.860400,3.853000,3.871000,3.862000,3.963000,3.753000
13,49,2,3.801200,3.883000,3.739000,3.780000,3.768000,3.836000
13,50,2,3.787800,3.780000,3.863000,3.708000,3.788000,3.800000
13,51,2,3.988000,3.948000,4.081000,3.902000,3.956000,4.053000
13,52,2,3.921400,3.800000,3.984000,4.005000,4.007000,3.811000
13,53,2,3.987400,4.138000,4.112000,3.940000,3.741000,4.006000
13,54,2,3.834600,3.947000,3.872000,3.691000,3.736000,3.927000
13,55,2,3.830000,3.847000,3.881000,3.803000,3.829000,3.790000
13,56,2,3.950600,4.012000,4.042000,3.972000,3.850000,3.877000
13,57,2,4.029000,4.158000,4.073000,3.890000,3.977000,4.047000
13,58,2,4.090600,4.178000,4.143000,4.057000,3.922000,4.153000
13,59,2,3.893600,3.898000,4.029000,3.804000,3.802000,3.935000
13,60,3,4.092800,4.212000,3.988000,4.009000,4.183000,4.072000
13,61,3,4.132400,4.128000,4.263000,4.064000,4.035000,4.172000
13,62,3,4.007600,3.951000,4.139000,3.939000,3.839000,4.170000
13,63,3,4.001400,4.012000,4.158000,3.856000,4.019000,3.962000
13,64,3,4.087400,4.026000,4.173000,4.052000,4.016000,4.170000
13,65,3,3.838200,3.813000,3.914000,3.754000,3.886000,3.824000
13,66,3,3.913800,3.920000,3.930000,3.895000,3.855000,3.969000
13,67,3,3.926600,3.837000,3.972000,3.843000,3.996000,3.985000
13,68,3,4.181200,4.264000,4.238000,4.037000,4.114000,4.253000
13,69,3,3.951600,3.847000,4.166000,3.779000,4.070000,3.896000
13,70,3,3.659200,3.646000,3.701000,3.637000,3.534000,3.778000
13,71,3,4.058400,3.993000,4.117000,4.048000,4.007000,4.127000
13,72,3,3.962800,4.098000,4.038000,3.781000,3.935000,3.962000
13,73,3,3.913600,3.909000,3.904000,3.887000,3.901000,3.967000
13,74,3,3.806800,3.674000,3.908000,3.794000,3.787000,3.871000
13,75,3,3.948600,3.963000,3.954000,3.957000,3.905000,3.964000
13,76,3,3.902800,3.945000,4.024000,3.822000,3.836000,3.887000
13,77,3,4.125600,4.142000,4.189000,4.054000,4.072000,4.171000
13,78,3,3.963200,3.843000,3.934000,3.969000,4.028000,4.042000
13,79,3,3.843600,3.891000,3.961000,3.831000,3.671000,3.864000
13,80,4,4.232200,4.162000,4.352000,4.185000,4.203000,4.259000
13,81,4,3.880600,4.018000,3.830000,3.779000,3.828000,3.948000
13,82,4,4.440600,4.535000,4.407000,4.346000,4.343000,4.572000
13,83,4,3.773400,3.845000,3.759000,3.660000,3.817000,3.786000
13,84,4,3.990400,4.145000,4.110000,3.908000,3.834000,3.955000
13,85,4,3.916400,3.762000,4.025000,3.902000,3.825000,4.068000
13,86,4,4.173600,4.136000,4.404000,3.886000,4.123000,4.319000
13,87,4,4.309200,4.300000,4.334000,4.175000,4.328000,4.409000
13,88,4,4.117000,4.108000,4.199000,3.982000,4.097000,4.199000
13,89,4,3.911200,4.133000,4.071000,3.605000,3.852000,3.895000
13,90,4,3.884000,3.915000,3.942000,3.679000,3.890000,3.994000
13,91,4,4.121200,4.112000,4.146000,4.136000,4.167000,4.045000
13,92,4,4.464600,4.450000,4.691000,4.339000,4.442000,4.401000
13,93,4,4.037200,3.988000,3.920000,3.970000,4.199000,4.109000
13,94,4,4.470000,4.561000,4.485000,4.348000,4.487000,4.469000
13,95,4,4.213000,4.227000,4.245000,4.180000,4.247000,4.166000
13,96,4,4.066600,4.301000,4.075000,3.817000,3.897000,4.243000
13,97,4,3.936200,3.925000,4.033000,3.810000,3.898000,4.015000
13,98,4,4.019200,4.065000,4.091000,3.877000,3.990000,4.073000
13,99,4,4.398800,4.364000,4.537000,4.128000,4.346000,4.619000
14,0,0,4.353200,4.452000,4.406000,4.315000,4.318000,4.275000
14,1,0,4.326200,4.315000,4.317000,4.383000,4.393000,4.223000
14,2,0,4.190000,4.145000,4.209000,4.310000,4.056000,4.230000
14,3,0,4.101600,4.184000,4.060000,4.205000,4.105000,3.954000
14,4,0,4.323000,4.326000,4.229000,4.450000,4.300000,4.310000
14,5,0,4.437800,4.498000,4.329000,4.418000,4.433000,4.511000
14,6,0,4.282200,4.386000,4.316000,4.270000,4.162000,4.277000
14,7,0,4.357000,4.330000,4.257000,4.437000,4.374000,4.387000
14,8,0,4.303800,4.220000,4.318000,4.471000,4.232000,4.278000
14,9,0,4.263000,4.297000,4.222000,4.345000,4.119000,4.332000
14,10,0,3.750800,3.723000,3.717000,3.836000,3.718000,3.760000
14,11,0,4.137400,4.157000,4.126000,4.277000,4.098000,4.029000
14,12,0,3.978600,4.061000,3.929000,4.058000,3.938000,3.907000
14,13,0,4.347200,4.320000,4.304000,4.387000,4.334000,4.391000
14,14,0,4.101400,4.111000,4.109000,4.113000,4.089000,4.085000
14,15,0,4.238400,4.258000,4.227000,4.259000,4.159000,4.289000
14,16,0,4.352800,4.387000,4.263000,4.487000,4.212000,4.415000
14,17,0,4.128400,4.100000,4.050000,4.210000,4.127000,4.155000
14,18,0,4.031600,4.051000,3.969000,4.040000,4.054000,4.044000
14,19,0,4.067200,4.080000,4.003000,4.222000,3.972000,4.059000
14,20,1,4.307800,4.371000,4.229000,4.321000,4.300000,4.318000
14,21,1,4.367400,4.416000,4.298000,4.429000,4.336000,4.358000
14,22,1,4.187400,4.238000,4.284000,4.123000,4.179000,4.113000
14,23,1,4.027400,4.074000,3.923000,4.143000,4.041000,3.956000
14,24,1,4.382400,4.367000,4.401000,4.480000,4.362000,4.302000
14,25,1,4.143200,4.084000,4.073000,4.265000,4.136000,4.158000
14,26,1,3.965000,3.995000,4.100000,3.977000,3.865000,3.888000
14,27,1,4.160400,4.105000,4.148000,4.272000,4.170000,4.107000
14,28,1,4.132400,4.209000,4.183000,4.156000,3.909000,4.205000
14,29,1,4.457400,4.492000,4.405000,4.462000,4.475000,4.453000
14,30,1,4.241600,4.300000,4.193000,4.252000,4.290000,4.173000
14,31,1,4.497000,4.482000,4.396000,4.679000,4.501000,4.427000
14,32,1,4.001200,4.008000,4.010000,4.051000,4.041000,3.896000
14,33,1,4.282000,4.244000,4.312000,4.230000,4.352000,4.272000
14,34,1,4.253200,4.251000,4.179000,4.276000,4.356000,4.204000
14,35,1,4.351400,4.279000,4.190000,4.534000,4.405000,4.349000
14,36,1,4.163200,4.122000,4.161000,4.148000,4.238000,4.147000
14,37,1,4.049400,3.945000,4.125000,4.225000,3.958000,3.994000
14,38,1,4.010800,3.905000,4.060000,4.015000,4.034000,4.040000
14,39,1,4.064600,4.049000,4.002000,4.237000,3.976000,4.059000
14,40,2,4.050600,3.949000,3.992000,4.134000,4.076000,4.102000
14,41,2,3.971000,3.962000,3.963000,4.117000,3.985000,3.828000
14,42,2,3.995600,3.932000,3.965000,4.157000,4.073000,3.851000
14,43,2,4.035800,4.007000,4.002000,4.129000,4.005000,4.036000
14,44,2,3.937600,3.945000,3.890000,4.009000,3.983000,3.861000
14,45,2,4.132000,4.247000,4.078000,4.196000,4.047000,4.092000
14,46,2,4.163200,4.187000,4.286000,4.022000,4.110000,4.211000
14,47,2,4.054200,4.053000,4.060000,4.090000,4.079000,3.989000
14,48,2,3.970600,3.969000,4.030000,3.957000,3.998000,3.899000
14,49,2,3.836800,3.809000,3.695000,3.924000,3.820000,3.936000
14,50,2,4.034400,3.915000,4.121000,4.086000,4.039000,4.011000
14,51,2,4.039800,4.059000,4.081000,4.152000,3.959000,3.948000
14,52,2,3.962800,4.006000,3.906000,3.918000,4.056000,3.928000
14,53,2,3.965600,4.060000,3.996000,4.021000,3.883000,3.868000
14,54,2,4.204000,4.248000,4.164000,4.187000,4.313000,4.108000
14,55,2,4.374400,4.388000,4.346000,4.517000,4.268000,4.353000
14,56,2,4.041800,4.181000,3.962000,4.140000,3.959000,3.967000
14,57,2,4.027600,4.024000,4.060000,4.136000,3.987000,3.931000
14,58,2,3.841800,3.818000,3.932000,3.884000,3.829000,3.746000
14,59,2,4.210200,4.292000,4.149000,4.316000,4.164000,4.130000
14,60,3,4.407800,4.388000,4.354000,4.499000,4.463000,4.335000
14,61,3,4.059000,4.145000,4.019000,4.112000,3.951000,4.068000
14,62,3,3.877800,3.939000,3.811000,3.947000,3.851000,3.841000
14,63,3,4.092000,4.035000,4.027000,4.240000,4.089000,4.069000
14,64,3,4.276600,4.290000,4.278000,4.361000,4.203000,4.251000
14,65,3,4.026800,4.106000,4.074000,3.983000,3.994000,3.977000
14,66,3,4.006800,4.112000,3.912000,4.148000,3.968000,3.894000
14,67,3,4.298400,4.235000,4.299000,4.299000,4.400000,4.259000
14,68,3,3.844200,3.920000,3.741000,3.946000,3.891000,3.723000
14,69,3,4.102800,4.058000,4.019000,4.270000,4.227000,3.940000
14,70,3,4.010400,3.934000,3.953000,4.177000,4.056000,3.932000
14,71,3,4.073200,4.051000,4.112000,3.992000,4.143000,4.068000
14,72,3,4.079400,3.984000,3.979000,4.266000,4.105000,4.063000
14,73,3,3.959800,3.904000,3.972000,4.054000,3.971000,3.898000
14,74,3,3.836200,4.033000,3.738000,3.743000,3.838000,3.829000
14,75,3,4.512400,4.505000,4.583000,4.614000,4.449000,4.411000
14,76,3,4.199800,4.208000,4.185000,4.267000,4.223000,4.116000
14,77,3,4.326600,4.270000,4.284000,4.363000,4.348000,4.368000
14,78,3,4.072000,4.092000,4.134000,4.127000,3.977000,4.030000
14,79,3,3.991800,3.922000,4.053000,4.021000,3.915000,4.048000
14,80,4,4.163800,4.198000,4.183000,4.244000,4.182000,4.012000
14,81,4,4.200600,4.131000,4.197000,4.155000,4.290000,4.230000
14,82,4,4.450400,4.429000,4.495000,4.442000,4.464000,4.422000
14,83,4,4.465800,4.507000,4.383000,4.559000,4.457000,4.423000
14,84,4,4.125800,4.145000,3.990000,4.266000,4.179000,4.049000
14,85,4,4.232800,4.240000,4.158000,4.337000,4.192000,4.237000
14,86,4,4.660200,4.774000,4.611000,4.641000,4.648000,4.627000
14,87,4,4.124600,4.206000,3.997000,4.252000,4.098000,4.070000
14,88,4,4.371600,4.322000,4.351000,4.417000,4.405000,4.363000
14,89,4,4.118400,4.207000,4.151000,4.166000,4.015000,4.053000
14,90,4,4.212800,4.240000,4.174000,4.227000,4.195000,4.228000
14,91,4,4.371600,4.308000,4.396000,4.451000,4.460000,4.243000
14,92,4,4.104200,4.232000,4.034000,4.058000,4.156000,4.041000
14,93,4,4.502400,4.527000,4.421000,4.488000,4.560000,4.516000
14,94,4,4.579000,4.677000,4.586000,4.592000,4.536000,4.504000
14,95,4,4.263200,4.286000,4.275000,4.350000,4.179000,4.226000
14,96,4,4.285800,4.365000,4.129000,4.344000,4.268000,4.323000
14,97,4,4.478400,4.600000,4.440000,4.491000,4.476000,4.385000
14,98,4,4.207600,4.177000,4.284000,4.227000,4.167000,4.183000
14,99,4,4.190400,4.268000,4.179000,4.262000,4.219000,4.024000
15,0,0,4.220600,4.181000,4.221000,4.080000,4.307000,4.314000
15,1,0,4.227600,4.270000,4.142000,4.270000,4.166000,4.290000
15,2,0,4.167600,4.184000,4.203000,4.081000,4.204000,4.166000
15,3,0,3.944800,3.976000,4.003000,3.908000,3.894000,3.943000
15,4,0,4.075600,3.979000,4.073000,4.071000,4.163000,4.092000
15,5,0,3.944200,3.950000,3.979000,3.998000,3.869000,3.925000
15,6,0,4.171200,4.341000,4.159000,4.036000,4.149000,4.171000
15,7,0,4.332400,4.327000,4.364000,4.248000,4.454000,4.269000
15,8,0,4.093400,4.065000,4.105000,4.105000,4.137000,4.055000
15,9,0,4.201600,4.264000,4.253000,4.144000,4.131000,4.216000
15,10,0,4.208800,4.238000,4.206000,4.151000,4.300000,4.149000
15,11,0,4.313800,4.331000,4.290000,4.236000,4.428000,4.284000
15,12,0,4.251600,4.263000,4.331000,4.157000,4.239000,4.268000
15,13,0,3.897000,3.877000,3.966000,3.880000,3.908000,3.854000
15,14,0,4.133600,4.154000,4.109000,4.212000,4.153000,4.040000
15,15,0,4.174400,4.154000,4.199000,4.116000,4.273000,4.130000
15,16,0,4.171800,4.204000,4.146000,4.207000,4.255000,4.047000
15,17,0,3.850800,3.739000,3.856000,3.772000,3.931000,3.956000
15,18,0,4.345800,4.351000,4.221000,4.436000,4.336000,4.385000
15,19,0,4.346800,4.386000,4.377000,4.373000,4.346000,4.252000
15,20,1,4.178400,4.183000,4.214000,4.223000,4.199000,4.073000
15,21,1,4.135600,4.195000,4.104000,4.200000,4.134000,4.045000
15,22,1,4.250200,4.156000,4.290000,4.265000,4.382000,4.158000
15,23,1,4.470000,4.521000,4.555000,4.481000,4.509000,4.284000
15,24,1,4.321400,4.378000,4.380000,4.233000,4.393000,4.223000
15,25,1,4.307800,4.351000,4.345000,4.185000,4.407000,4.251000
15,26,1,3.930600,3.902000,4.034000,3.880000,4.042000,3.795000
15,27,1,4.170800,4.224000,4.145000,4.295000,4.155000,4.035000
15,28,1,4.201400,4.296000,4.159000,4.212000,4.047000,4.293000
15,29,1,4.165400,4.123000,4.132000,4.122000,4.345000,4.105000
15,30,1,4.330400,4.349000,4.390000,4.151000,4.447000,4.315000
15,31,1,4.141800,4.234000,4.179000,4.120000,4.093000,4.083000
15,32,1,4.241400,4.142000,4.244000,4.207000,4.348000,4.266000
15,33,1,4.510800,4.505000,4.519000,4.454000,4.662000,4.414000
15,34,1,4.413800,4.469000,4.399000,4.364000,4.513000,4.324000
15,35,1,4.374800,4.233000,4.450000,4.227000,4.519000,4.445000
15,36,1,4.177000,4.103000,4.312000,4.060000,4.293000,4.117000
15,37,1,4.209400,4.159000,4.247000,4.225000,4.247000,4.169000
15,38,1,4.080400,3.978000,4.113000,4.047000,4.154000,4.110000
15,39,1,4.187400,4.049000,4.217000,4.202000,4.290000,4.179000
15,40,2,4.188200,4.087000,4.183000,4.159000,4.238000,4.274000
15,41,2,4.382600,4.390000,4.318000,4.428000,4.391000,4.386000
15,42,2,4.183200,4.210000,4.153000,4.140000,4.311000,4.102000
15,43,2,4.178600,4.205000,4.248000,4.117000,4.243000,4.080000
15,44,2,4.288800,4.323000,4.323000,4.257000,4.302000,4.239000
15,45,2,3.863800,3.892000,3.808000,3.857000,3.884000,3.878000
15,46,2,4.102800,4.129000,4.078000,4.114000,4.095000,4.098000
15,47,2,4.113000,4.062000,4.195000,4.110000,4.008000,4.190000
15,48,2,4.362600,4.334000,4.400000,4.408000,4.422000,4.249000
15,49,2,4.114600,4.118000,4.096000,4.170000,4.055000,4.134000
15,50,2,4.396800,4.468000,4.454000,4.441000,4.323000,4.298000
15,51,2,4.394800,4.334000,4.444000,4.353000,4.320000,4.523000
15,52,2,3.902200,3.800000,3.939000,3.861000,4.025000,3.886000
15,53,2,4.061800,4.079000,4.146000,3.894000,4.123000,4.067000
15,54,2,4.092800,3.972000,4.153000,4.151000,4.147000,4.041000
15,55,2,4.137000,4.200000,4.201000,4.134000,4.173000,3.977000
15,56,2,4.055200,4.032000,3.967000,4.136000,4.095000,4.046000
15,57,2,4.114600,4.180000,4.160000,4.080000,4.067000,4.086000
15,58,2,4.156200,4.143000,4.198000,4.177000,4.198000,4.065000
15,59,2,4.108600,4.077000,4.063000,3.976000,4.160000,4.267000
15,60,3,4.209000,4.186000,4.296000,4.229000,4.271000,4.063000
15,61,3,4.011600,3.948000,3.998000,3.889000,4.182000,4.041000
15,62,3,4.143200,4.069000,4.155000,4.127000,4.244000,4.121000
15,63,3,4.440600,4.387000,4.467000,4.418000,4.409000,4.522000
15,64,3,4.282000,4.192000,4.291000,4.309000,4.359000,4.259000
15,65,3,4.105800,4.043000,4.143000,4.079000,4.158000,4.106000
15,66,3,3.877800,3.865000,3.860000,3.864000,3.984000,3.816000
15,67,3,4.080400,4.086000,4.038000,4.043000,4.114000,4.121000
15,68,3,4.193000,4.206000,4.182000,4.191000,4.253000,4.133000
15,69,3,3.893000,3.935000,3.989000,3.768000,3.852000,3.921000
15,70,3,4.268400,4.141000,4.277000,4.217000,4.396000,4.311000
15,71,3,4.163200,4.200000,4.107000,4.106000,4.291000,4.112000
15,72,3,4.026000,4.051000,4.011000,4.070000,4.016000,3.982000
15,73,3,4.269800,4.192000,4.281000,4.319000,4.376000,4.181000
15,74,3,3.975800,3.921000,4.019000,3.923000,4.075000,3.941000
15,75,3,4.041400,4.087000,3.983000,4.027000,4.094000,4.016000
15,76,3,4.158200,4.167000,4.011000,4.106000,4.278000,4.229000
15,77,3,4.301000,4.133000,4.268000,4.417000,4.372000,4.315000
15,78,3,4.124000,4.086000,4.146000,4.141000,4.188000,4.059000
15,79,3,4.209200,4.242000,4.235000,4.145000,4.246000,4.178000
15,80,4,4.236600,4.241000,4.121000,4.280000,4.296000,4.245000
15,81,4,4.540800,4.520000,4.541000,4.483000,4.586000,4.574000
15,82,4,3.992800,4.021000,3.895000,3.932000,4.109000,4.007000
15,83,4,4.020800,4.019000,4.163000,3.944000,4.052000,3.926000
15,84,4,4.363200,4.431000,4.278000,4.278000,4.502000,4.327000
15,85,4,4.190000,4.080000,4.189000,4.161000,4.303000,4.217000
15,86,4,4.343000,4.339000,4.265000,4.401000,4.386000,4.324000
15,87,4,4.218600,4.165000,4.139000,4.229000,4.352000,4.208000
15,88,4,4.399600,4.315000,4.401000,4.427000,4.409000,4.446000
15,89,4,4.222200,4.213000,4.365000,4.151000,4.299000,4.083000
15,90,4,4.429000,4.399000,4.424000,4.365000,4.507000,4.450000
15,91,4,4.211800,4.114000,4.207000,4.234000,4.359000,4.145000
15,92,4,4.444800,4.490000,4.402000,4.348000,4.525000,4.459000
15,93,4,4.473200,4.453000,4.472000,4.536000,4.412000,4.493000
15,94,4,4.140200,4.230000,4.117000,4.101000,4.170000,4.083000
15,95,4,4.492400,4.535000,4.434000,4.403000,4.568000,4.522000
15,96,4,4.298400,4.145000,4.320000,4.277000,4.380000,4.370000
15,97,4,4.380200,4.349000,4.394000,4.397000,4.384000,4.377000
15,98,4,4.470600,4.508000,4.490000,4.408000,4.622000,4.325000
15,99,4,4.423400,4.509000,4.365000,4.344000,4.471000,4.428000
16,0,0,4.211800,4.234000,4.163000,4.146000,4.338000,4.178000
16,1,0,4.173400,4.091000,4.082000,4.178000,4.182000,4.334000
16,2,0,4.114800,3.989000,4.111000,4.131000,4.154000,4.189000
16,3,0,4.261800,4.059000,4.265000,4.303000,4.350000,4.332000
16,4,0,4.533800,4.499000,4.510000,4.338000,4.706000,4.616000
16,5,0,4.307400,4.163000,4.273000,4.279000,4.407000,4.415000
16,6,0,4.107600,3.957000,4.060000,4.061000,4.196000,4.264000
16,7,0,4.115400,4.047000,4.065000,4.225000,4.181000,4.059000
16,8,0,4.145800,3.995000,4.033000,4.216000,4.191000,4.294000
16,9,0,4.170000,4.037000,4.159000,4.155000,4.194000,4.305000
16,10,0,3.979600,3.892000,3.854000,4.093000,3.991000,4.068000
16,11,0,4.362600,4.248000,4.317000,4.337000,4.518000,4.393000
16,12,0,4.205000,4.300000,4.127000,4.087000,4.205000,4.306000
16,13,0,4.293400,4.144000,4.181000,4.392000,4.405000,4.345000
16,14,0,4.233000,4.189000,4.222000,4.308000,4.268000,4.178000
16,15,0,4.235200,4.105000,4.227000,4.243000,4.273000,4.328000
16,16,0,4.490200,4.438000,4.462000,4.424000,4.436000,4.691000
16,17,0,4.369800,4.413000,4.257000,4.309000,4.408000,4.462000
16,18,0,4.285200,4.089000,4.253000,4.264000,4.402000,4.418000
16,19,0,4.139400,3.988000,4.123000,4.081000,4.197000,4.308000
16,20,1,4.214000,4.109000,4.206000,4.246000,4.285000,4.224000
16,21,1,4.501400,4.311000,4.529000,4.586000,4.384000,4.697000
16,22,1,4.821000,4.752000,4.900000,4.736000,4.804000,4.913000
16,23,1,4.562600,4.373000,4.513000,4.615000,4.664000,4.648000
16,24,1,4.157000,4.170000,4.241000,4.119000,4.149000,4.106000
16,25,1,4.440800,4.496000,4.438000,4.363000,4.504000,4.403000
16,26,1,4.159000,4.109000,4.180000,4.128000,4.242000,4.136000
16,27,1,4.300200,4.240000,4.226000,4.271000,4.335000,4.429000
16,28,1,4.347000,4.294000,4.373000,4.256000,4.454000,4.358000
16,29,1,4.291200,4.223000,4.334000,4.291000,4.340000,4.268000
16,30,1,4.364200,4.204000,4.336000,4.481000,4.385000,4.415000
16,31,1,4.238200,4.040000,4.262000,4.138000,4.387000,4.364000
16,32,1,4.269000,4.148000,4.233000,4.275000,4.346000,4.343000
16,33,1,4.147800,4.220000,4.090000,4.082000,4.220000,4.127000
16,34,1,4.336600,4.303000,4.238000,4.400000,4.269000,4.473000
16,35,1,4.482200,4.379000,4.320000,4.622000,4.513000,4.577000
16,36,1,4.195400,4.122000,4.208000,4.232000,4.171000,4.244000
16,37,1,4.386400,4.261000,4.438000,4.382000,4.402000,4.449000
16,38,1,4.194600,4.104000,4.166000,4.262000,4.207000,4.234000
16,39,1,4.800800,4.733000,4.859000,4.744000,4.792000,4.876000
16,40,2,4.112600,4.007000,4.214000,4.122000,4.081000,4.139000
16,41,2,4.052000,3.911000,4.077000,4.052000,4.021000,4.199000
16,42,2,4.146200,4.079000,4.146000,4.110000,4.149000,4.247000
16,43,2,4.124600,3.976000,4.155000,4.062000,4.154000,4.276000
16,44,2,4.313600,4.198000,4.395000,4.327000,4.220000,4.428000
16,45,2,4.365000,4.245000,4.268000,4.500000,4.388000,4.424000
16,46,2,3.957600,3.759000,4.017000,4.000000,3.931000,4.081000
16,47,2,4.345400,4.243000,4.323000,4.359000,4.354000,4.448000
16,48,2,4.322400,4.299000,4.269000,4.357000,4.276000,4.411000
16,49,2,4.262600,4.121000,4.288000,4.227000,4.286000,4.391000
16,50,2,4.242200,4.115000,4.215000,4.259000,4.269000,4.353000
16,51,2,4.114800,3.956000,4.065000,4.242000,4.103000,4.208000
16,52,2,4.090000,3.990000,4.127000,4.175000,4.074000,4.084000
16,53,2,4.155400,4.095000,4.217000,4.129000,4.107000,4.229000
16,54,2,4.136000,4.001000,4.206000,4.125000,4.199000,4.149000
16,55,2,3.953600,3.829000,4.001000,3.908000,3.998000,4.032000
16,56,2,4.333800,4.262000,4.321000,4.409000,4.282000,4.395000
16,57,2,4.377800,4.138000,4.466000,4.413000,4.299000,4.573000
16,58,2,4.112400,3.943000,4.086000,4.174000,4.163000,4.196000
16,59,2,4.290200,4.164000,4.371000,4.337000,4.307000,4.272000
16,60,3,4.218400,4.106000,4.188000,4.227000,4.196000,4.375000
16,61,3,4.323800,4.276000,4.292000,4.329000,4.305000,4.417000
16,62,3,4.235800,4.097000,4.283000,4.209000,4.323000,4.267000
16,63,3,4.187600,4.099000,4.229000,4.143000,4.177000,4.290000
16,64,3,3.989600,3.999000,3.913000,3.981000,4.065000,3.990000
16,65,3,4.177800,4.114000,4.172000,4.160000,4.266000,4.177000
16,66,3,4.218800,4.243000,4.197000,4.141000,4.245000,4.268000
16,67,3,4.076800,4.060000,4.105000,3.988000,4.187000,4.044000
16,68,3,4.140200,4.209000,4.234000,4.080000,4.138000,4.040000
16,69,3,4.064800,3.980000,4.079000,4.062000,4.043000,4.160000
16,70,3,4.415200,4.484000,4.254000,4.400000,4.429000,4.509000
16,71,3,4.173800,4.085000,4.227000,4.076000,4.249000,4.232000
16,72,3,4.415200,4.475000,4.427000,4.250000,4.417000,4.507000
16,73,3,4.761000,4.724000,4.769000,4.686000,4.795000,4.831000
16,74,3,4.210000,4.221000,4.189000,4.160000,4.173000,4.307000
16,75,3,4.313600,4.200000,4.193000,4.347000,4.354000,4.474000
16,76,3,4.327600,4.262000,4.247000,4.355000,4.343000,4.431000
16,77,3,4.533800,4.483000,4.437000,4.504000,4.543000,4.702000
16,78,3,4.107400,3.942000,4.083000,4.195000,4.127000,4.190000
16,79,3,4.281400,4.133000,4.300000,4.231000,4.338000,4.405000
16,80,4,4.509600,4.422000,4.426000,4.542000,4.623000,4.535000
16,81,4,4.795400,4.571000,4.824000,4.866000,4.856000,4.860000
16,82,4,4.294600,4.331000,4.279000,4.363000,4.172000,4.328000
16,83,4,4.441000,4.354000,4.440000,4.496000,4.387000,4.528000
16,84,4,4.107400,3.957000,4.040000,4.088000,4.139000,4.313000
16,85,4,4.216000,4.065000,4.246000,4.263000,4.135000,4.371000
16,86,4,4.562600,4.366000,4.603000,4.536000,4.608000,4.700000
16,87,4,4.583400,4.452000,4.585000,4.635000,4.568000,4.677000
16,88,4,4.283200,4.227000,4.323000,4.251000,4.348000,4.267000
16,89,4,4.554800,4.376000,4.652000,4.559000,4.637000,4.550000
16,90,4,4.341200,4.302000,4.411000,4.231000,4.389000,4.373000
16,91,4,4.131600,4.019000,4.173000,4.146000,4.018000,4.302000
16,92,4,4.288200,4.197000,4.279000,4.343000,4.227000,4.395000
16,93,4,4.651800,4.585000,4.601000,4.720000,4.655000,4.698000
16,94,4,4.541200,4.397000,4.479000,4.508000,4.631000,4.691000
16,95,4,4.300800,4.186000,4.326000,4.414000,4.281000,4.297000
16,96,4,4.086800,3.931000,4.127000,4.109000,4.095000,4.172000
16,97,4,4.335000,4.231000,4.375000,4.375000,4.344000,4.350000
16,98,4,4.478600,4.424000,4.408000,4.425000,4.579000,4.557000
16,99,4,4.533200,4.305000,4.700000,4.531000,4.496000,4.634000
17,0,0,4.405200,4.316000,4.486000,4.406000,4.337000,4.481000
17,1,0,4.354000,4.315000,4.345000,4.266000,4.424000,4.420000
17,2,0,4.293600,4.321000,4.271000,4.226000,4.268000,4.382000
17,3,0,4.240400,4.270000,4.218000,4.250000,4.326000,4.138000
17,4,0,4.540800,4.386000,4.609000,4.408000,4.609000,4.692000
17,5,0,4.242600,4.195000,4.213000,4.232000,4.216000,4.357000
17,6,0,4.478200,4.497000,4.506000,4.436000,4.475000,4.477000
17,7,0,4.182000,4.255000,4.014000,4.127000,4.202000,4.312000
17,8,0,3.945800,3.801000,3.854000,3.915000,4.039000,4.120000
17,9,0,4.378800,4.282000,4.263000,4.415000,4.566000,4.368000
17,10,0,4.332000,4.330000,4.358000,4.213000,4.342000,4.417000
17,11,0,4.205000,4.278000,4.106000,4.162000,4.241000,4.238000
17,12,0,4.104000,3.991000,3.984000,4.147000,4.213000,4.185000
17,13,0,4.097600,4.088000,3.833000,4.021000,4.290000,4.256000
17,14,0,4.311200,4.257000,4.212000,4.333000,4.312000,4.442000
17,15,0,4.088400,4.064000,4.018000,4.123000,4.218000,4.019000
17,16,0,4.094800,3.981000,4.071000,4.189000,4.012000,4.221000
17,17,0,4.268200,4.268000,4.189000,4.268000,4.338000,4.278000
17,18,0,4.455200,4.400000,4.309000,4.503000,4.563000,4.501000
17,19,0,4.255400,4.334000,4.148000,4.241000,4.139000,4.415000
17,20,1,4.314400,4.131000,4.301000,4.275000,4.323000,4.542000
17,21,1,4.599200,4.698000,4.577000,4.532000,4.482000,4.707000
17,22,1,4.236000,4.130000,4.134000,4.210000,4.234000,4.472000
17,23,1,4.734600,4.800000,4.718000,4.721000,4.680000,4.754000
17,24,1,4.591400,4.589000,4.470000,4.726000,4.543000,4.629000
17,25,1,4.417600,4.471000,4.357000,4.339000,4.368000,4.553000
17,26,1,4.316200,4.353000,4.215000,4.420000,4.278000,4.315000
17,27,1,4.444200,4.427000,4.419000,4.378000,4.426000,4.571000
17,28,1,4.591000,4.582000,4.405000,4.691000,4.535000,4.742000
17,29,1,4.291000,4.304000,4.199000,4.333000,4.242000,4.377000
17,30,1,4.696400,4.707000,4.648000,4.709000,4.684000,4.734000
17,31,1,4.030000,4.046000,3.918000,3.923000,4.113000,4.150000
17,32,1,4.283600,4.277000,4.215000,4.247000,4.268000,4.411000
17,33,1,4.429600,4.408000,4.371000,4.453000,4.429000,4.487000
17,34,1,4.224400,4.226000,4.212000,4.054000,4.357000,4.273000
17,35,1,4.128200,4.138000,4.082000,4.055000,4.182000,4.184000
17,36,1,4.284600,4.277000,4.245000,4.296000,4.236000,4.369000
17,37,1,4.553400,4.532000,4.535000,4.553000,4.575000,4.572000
17,38,1,4.151800,4.241000,4.022000,4.163000,4.135000,4.198000
17,39,1,4.512400,4.604000,4.356000,4.501000,4.480000,4.621000
17,40,2,4.223600,4.161000,4.115000,4.222000,4.318000,4.302000
17,41,2,3.968600,3.807000,3.839000,3.966000,4.134000,4.097000
17,42,2,4.468000,4.427000,4.384000,4.486000,4.469000,4.574000
17,43,2,4.344200,4.475000,4.306000,4.253000,4.417000,4.270000
17,44,2,4.249800,4.307000,4.063000,4.251000,4.194000,4.434000
17,45,2,4.090800,4.081000,3.872000,4.096000,4.145000,4.260000
17,46,2,3.942600,3.770000,3.886000,3.980000,3.966000,4.111000
17,47,2,4.185800,4.101000,4.167000,4.131000,4.316000,4.214000
17,48,2,4.131600,3.958000,4.076000,4.140000,4.189000,4.295000
17,49,2,4.184800,4.122000,4.073000,4.183000,4.229000,4.317000
17,50,2,4.398600,4.320000,4.265000,4.406000,4.425000,4.577000
17,51,2,4.344000,4.378000,4.361000,4.319000,4.271000,4.391000
17,52,2,4.051600,3.904000,3.988000,4.132000,4.092000,4.142000
17,53,2,4.124000,3.995000,4.126000,4.087000,4.170000,4.242000
17,54,2,4.233800,4.277000,4.136000,4.223000,4.159000,4.374000
17,55,2,3.939400,3.935000,3.861000,3.936000,3.959000,4.006000
17,56,2,4.254000,4.313000,4.160000,4.053000,4.282000,4.462000
17,57,2,4.243000,4.224000,4.146000,4.111000,4.403000,4.331000
17,58,2,4.100000,4.175000,3.975000,4.067000,4.062000,4.221000
17,59,2,4.387200,4.283000,4.308000,4.369000,4.435000,4.541000
17,60,3,4.156200,4.254000,4.093000,4.053000,4.171000,4.210000
17,61,3,4.319000,4.161000,4.239000,4.356000,4.369000,4.470000
17,62,3,4.219200,4.187000,4.185000,4.225000,4.238000,4.261000
17,63,3,4.273200,4.289000,4.132000,4.290000,4.361000,4.294000
17,64,3,4.133800,4.143000,4.181000,4.127000,4.090000,4.128000
17,65,3,4.264400,4.222000,4.172000,4.200000,4.348000,4.380000
17,66,3,4.178800,4.223000,4.071000,4.234000,4.149000,4.217000
17,67,3,4.517400,4.498000,4.478000,4.646000,4.392000,4.573000
17,68,3,4.413400,4.409000,4.369000,4.400000,4.469000,4.420000
17,69,3,4.186400,4.130000,4.142000,4.251000,4.255000,4.154000
17,70,3,4.500600,4.552000,4.389000,4.471000,4.520000,4.571000
17,71,3,4.418000,4.444000,4.272000,4.493000,4.517000,4.364000
17,72,3,4.425400,4.422000,4.389000,4.358000,4.487000,4.471000
17,73,3,4.250800,4.255000,4.110000,4.269000,4.259000,4.361000
17,74,3,4.255800,4.323000,4.097000,4.065000,4.312000,4.482000
17,75,3,4.189600,4.238000,4.210000,4.057000,4.267000,4.176000
17,76,3,4.080000,4.125000,3.991000,4.128000,4.139000,4.017000
17,77,3,4.018000,3.988000,3.931000,3.927000,4.174000,4.070000
17,78,3,4.435400,4.533000,4.250000,4.438000,4.432000,4.524000
17,79,3,4.409200,4.443000,4.293000,4.330000,4.485000,4.495000
17,80,4,4.417800,4.384000,4.235000,4.447000,4.496000,4.527000
17,81,4,4.503600,4.501000,4.432000,4.587000,4.393000,4.605000
17,82,4,4.426800,4.370000,4.283000,4.348000,4.590000,4.543000
17,83,4,4.417600,4.438000,4.241000,4.467000,4.356000,4.586000
17,84,4,4.230200,4.218000,4.121000,4.192000,4.293000,4.327000
17,85,4,4.296800,4.321000,4.086000,4.417000,4.352000,4.308000
17,86,4,4.331200,4.324000,4.293000,4.243000,4.308000,4.488000
17,87,4,4.328200,4.275000,4.195000,4.330000,4.339000,4.502000
17,88,4,4.120600,4.016000,3.850000,4.264000,4.192000,4.281000
17,89,4,4.409000,4.342000,4.244000,4.432000,4.435000,4.592000
17,90,4,4.480600,4.429000,4.458000,4.517000,4.517000,4.482000
17,91,4,4.220000,4.239000,4.087000,4.277000,4.160000,4.337000
17,92,4,4.378000,4.395000,4.322000,4.288000,4.421000,4.464000
17,93,4,4.015200,3.963000,3.997000,3.903000,4.058000,4.155000
17,94,4,4.729800,4.817000,4.658000,4.687000,4.688000,4.799000
17,95,4,4.427400,4.246000,4.273000,4.516000,4.491000,4.611000
17,96,4,4.362200,4.374000,4.202000,4.371000,4.338000,4.526000
17,97,4,4.072800,4.069000,3.982000,4.035000,4.073000,4.205000
17,98,4,4.299200,4.266000,4.143000,4.313000,4.331000,4.443000
17,99,4,4.444600,4.365000,4.347000,4.458000,4.455000,4.598000
18,0,0,4.271800,4.135000,4.384000,4.378000,4.339000,4.123000
18,1,0,4.513800,4.441000,4.609000,4.610000,4.591000,4.318000
18,2,0,4.550400,4.481000,4.602000,4.659000,4.596000,4.414000
18,3,0,4.441800,4.420000,4.590000,4.450000,4.480000,4.269000
18,4,0,4.125200,4.004000,4.146000,4.110000,4.262000,4.104000
18,5,0,4.362400,4.329000,4.368000,4.338000,4.380000,4.397000
18,6,0,4.468600,4.346000,4.542000,4.645000,4.538000,4.272000
18,7,0,4.452400,4.407000,4.500000,4.503000,4.467000,4.385000
18,8,0,4.340600,4.322000,4.406000,4.482000,4.167000,4.326000
18,9,0,4.270800,4.229000,4.371000,4.252000,4.348000,4.154000
18,10,0,4.359200,4.403000,4.376000,4.352000,4.443000,4.222000
18,11,0,4.130200,4.063000,4.146000,4.156000,4.203000,4.083000
18,12,0,4.192600,4.157000,4.290000,4.267000,4.301000,3.948000
18,13,0,4.484600,4.504000,4.493000,4.583000,4.488000,4.355000
18,14,0,4.392600,4.355000,4.476000,4.393000,4.489000,4.250000
18,15,0,4.258000,4.244000,4.264000,4.404000,4.247000,4.131000
18,16,0,4.276400,4.258000,4.310000,4.296000,4.304000,4.214000
18,17,0,4.342600,4.347000,4.421000,4.356000,4.359000,4.230000
18,18,0,4.286200,4.265000,4.377000,4.213000,4.359000,4.217000
18,19,0,4.206000,4.202000,4.222000,4.188000,4.171000,4.247000
18,20,1,4.526200,4.325000,4.506000,4.644000,4.666000,4.490000
18,21,1,4.606000,4.530000,4.598000,4.684000,4.687000,4.531000
18,22,1,4.797800,4.808000,4.799000,4.747000,4.879000,4.756000
18,23,1,4.475400,4.467000,4.481000,4.428000,4.585000,4.416000
18,24,1,4.142000,3.958000,4.127000,4.241000,4.242000,4.142000
18,25,1,4.418800,4.384000,4.507000,4.439000,4.480000,4.284000
18,26,1,4.774200,4.664000,4.883000,4.787000,4.760000,4.777000
18,27,1,4.199800,4.161000,4.330000,4.327000,4.186000,3.995000
18,28,1,4.640400,4.500000,4.546000,4.799000,4.729000,4.628000
18,29,1,4.835600,4.765000,4.928000,4.796000,4.882000,4.807000
18,30,1,4.533600,4.463000,4.570000,4.544000,4.641000,4.450000
18,31,1,4.296200,4.317000,4.220000,4.374000,4.307000,4.263000
18,32,1,4.289200,4.265000,4.230000,4.390000,4.355000,4.206000
18,33,1,4.200600,3.960000,4.161000,4.393000,4.270000,4.219000
18,34,1,4.565200,4.447000,4.620000,4.648000,4.598000,4.513000
18,35,1,4.497200,4.404000,4.543000,4.527000,4.594000,4.418000
18,36,1,4.025000,3.918000,4.168000,4.104000,4.028000,3.907000
18,37,1,4.520400,4.385000,4.554000,4.571000,4.588000,4.504000
18,38,1,4.233200,4.085000,4.288000,4.463000,4.177000,4.153000
18,39,1,4.300800,4.297000,4.316000,4.472000,4.140000,4.279000
18,40,2,4.276600,4.245000,4.321000,4.213000,4.319000,4.285000
18,41,2,4.387800,4.358000,4.356000,4.440000,4.494000,4.291000
18,42,2,4.277400,4.232000,4.163000,4.410000,4.376000,4.206000
18,43,2,4.354400,4.291000,4.376000,4.401000,4.542000,4.162000
18,44,2,4.408400,4.355000,4.383000,4.459000,4.436000,4.409000
18,45,2,4.264000,4.244000,4.441000,4.179000,4.317000,4.139000
18,46,2,4.525200,4.473000,4.515000,4.594000,4.613000,4.431000
18,47,2,4.264400,4.253000,4.396000,4.259000,4.216000,4.198000
18,48,2,4.252000,4.176000,4.272000,4.311000,4.270000,4.231000
18,49,2,4.302400,4.224000,4.446000,4.446000,4.268000,4.128000
18,50,2,4.466400,4.447000,4.513000,4.465000,4.476000,4.431000
18,51,2,4.474800,4.385000,4.473000,4.590000,4.602000,4.324000
18,52,2,4.331600,4.346000,4.476000,4.326000,4.274000,4.236000
18,53,2,4.255000,4.255000,4.392000,4.096000,4.281000,4.251000
18,54,2,4.316600,4.291000,4.406000,4.254000,4.366000,4.266000
18,55,2,4.148800,4.098000,4.204000,4.173000,4.235000,4.034000
18,56,2,4.088600,4.091000,4.097000,4.239000,4.100000,3.916000
18,57,2,4.409400,4.350000,4.488000,4.530000,4.454000,4.225000
18,58,2,4.483400,4.426000,4.451000,4.648000,4.567000,4.325000
18,59,2,4.279000,4.221000,4.364000,4.254000,4.332000,4.224000
18,60,3,4.254200,4.181000,4.237000,4.301000,4.375000,4.177000
18,61,3,4.087800,3.895000,4.196000,4.285000,4.154000,3.909000
18,62,3,4.584600,4.627000,4.565000,4.525000,4.737000,4.469000
18,63,3,4.281000,4.084000,4.324000,4.381000,4.376000,4.240000
18,64,3,4.220000,4.082000,4.264000,4.419000,4.215000,4.120000
18,65,3,4.234800,4.118000,4.328000,4.400000,4.198000,4.130000
18,66,3,4.161600,4.138000,4.195000,4.143000,4.167000,4.165000
18,67,3,3.992200,3.948000,3.954000,4.017000,4.095000,3.947000
18,68,3,4.025800,3.791000,4.101000,4.136000,4.116000,3.985000
18,69,3,4.096600,3.878000,4.112000,4.202000,4.206000,4.085000
18,70,3,4.476400,4.456000,4.502000,4.516000,4.470000,4.438000
18,71,3,4.405600,4.323000,4.568000,4.405000,4.446000,4.286000
18,72,3,4.346600,4.281000,4.370000,4.349000,4.469000,4.264000
18,73,3,4.043600,4.021000,4.140000,4.099000,4.045000,3.913000
18,74,3,4.557600,4.353000,4.675000,4.598000,4.668000,4.494000
18,75,3,4.601400,4.563000,4.593000,4.801000,4.655000,4.395000
18,76,3,4.507800,4.400000,4.570000,4.636000,4.628000,4.305000
18,77,3,4.469400,4.390000,4.471000,4.402000,4.534000,4.550000
18,78,3,4.097600,4.042000,4.132000,4.160000,4.092000,4.062000
18,79,3,4.530200,4.441000,4.518000,4.608000,4.521000,4.563000
18,80,4,4.754400,4.668000,4.790000,4.709000,4.962000,4.643000
18,81,4,4.257400,4.177000,4.260000,4.390000,4.273000,4.187000
18,82,4,4.420000,4.365000,4.433000,4.450000,4.546000,4.306000
18,83,4,4.779000,4.758000,4.743000,4.759000,4.832000,4.803000
18,84,4,4.330800,4.159000,4.281000,4.488000,4.431000,4.295000
18,85,4,4.567200,4.511000,4.672000,4.571000,4.535000,4.547000
18,86,4,4.179400,4.110000,4.203000,4.258000,4.036000,4.290000
18,87,4,4.001600,3.959000,3.851000,4.051000,4.146000,4.001000
18,88,4,4.492200,4.376000,4.521000,4.545000,4.552000,4.467000
18,89,4,4.540000,4.523000,4.682000,4.516000,4.625000,4.354000
18,90,4,4.333600,4.308000,4.385000,4.378000,4.375000,4.222000
18,91,4,4.571200,4.520000,4.618000,4.639000,4.660000,4.419000
18,92,4,4.350800,4.259000,4.328000,4.607000,4.347000,4.213000
18,93,4,4.505200,4.507000,4.502000,4.572000,4.497000,4.448000
18,94,4,4.277600,4.173000,4.299000,4.414000,4.393000,4.109000
18,95,4,4.475600,4.455000,4.417000,4.425000,4.542000,4.539000
18,96,4,4.345000,4.321000,4.377000,4.410000,4.416000,4.201000
18,97,4,4.468400,4.320000,4.609000,4.639000,4.497000,4.277000
18,98,4,4.087200,4.052000,4.038000,4.114000,4.157000,4.075000
18,99,4,4.283000,4.298000,4.341000,4.306000,4.265000,4.205000
19,0,0,4.496000,4.453000,4.398000,4.523000,4.591000,4.515000
19,1,0,4.307000,4.230000,4.345000,4.373000,4.245000,4.342000
19,2,0,4.492800,4.530000,4.367000,4.552000,4.495000,4.520000
19,3,0,4.309800,4.179000,4.213000,4.484000,4.316000,4.357000
19,4,0,4.295400,4.158000,4.194000,4.428000,4.308000,4.389000
19,5,0,4.620600,4.612000,4.530000,4.752000,4.631000,4.578000
19,6,0,4.458000,4.422000,4.439000,4.525000,4.356000,4.548000
19,7,0,4.374800,4.343000,4.251000,4.474000,4.433000,4.373000
19,8,0,4.624400,4.559000,4.507000,4.712000,4.684000,4.660000
19,9,0,4.241000,4.240000,4.119000,4.386000,4.172000,4.288000
19,10,0,4.411000,4.361000,4.328000,4.559000,4.342000,4.465000
19,11,0,4.568000,4.500000,4.501000,4.643000,4.564000,4.632000
19,12,0,4.213600,4.154000,4.031000,4.179000,4.396000,4.308000
19,13,0,4.446200,4.436000,4.342000,4.522000,4.452000,4.479000
19,14,0,4.533000,4.518000,4.430000,4.707000,4.470000,4.540000
19,15,0,4.310200,4.329000,4.285000,4.396000,4.330000,4.211000
19,16,0,4.296000,4.267000,4.181000,4.372000,4.336000,4.324000
19,17,0,4.011800,4.049000,3.929000,4.034000,3.998000,4.049000
19,18,0,4.382000,4.331000,4.313000,4.372000,4.439000,4.455000
19,19,0,4.208200,4.087000,4.061000,4.384000,4.248000,4.261000
19,20,1,4.477000,4.429000,4.437000,4.565000,4.466000,4.488000
19,21,1,4.543400,4.453000,4.468000,4.574000,4.532000,4.690000
19,22,1,4.253800,4.168000,4.165000,4.347000,4.330000,4.259000
19,23,1,4.476600,4.505000,4.386000,4.502000,4.500000,4.490000
19,24,1,4.251200,4.103000,4.236000,4.344000,4.339000,4.234000
19,25,1,4.520800,4.514000,4.379000,4.580000,4.590000,4.541000
19,26,1,4.194000,4.184000,4.063000,4.255000,4.337000,4.131000
19,27,1,4.173400,4.090000,4.006000,4.199000,4.266000,4.306000
19,28,1,4.909200,4.814000,4.815000,4.913000,4.988000,5.016000
19,29,1,4.423600,4.398000,4.290000,4.465000,4.459000,4.506000
19,30,1,4.542400,4.512000,4.366000,4.664000,4.690000,4.480000
19,31,1,4.453000,4.382000,4.392000,4.479000,4.556000,4.456000
19,32,1,4.457800,4.311000,4.331000,4.564000,4.562000,4.521000
19,33,1,4.363000,4.213000,4.219000,4.481000,4.444000,4.458000
19,34,1,4.334000,4.104000,4.290000,4.416000,4.427000,4.433000
19,35,1,4.356800,4.320000,4.196000,4.424000,4.466000,4.378000
19,36,1,4.758400,4.648000,4.708000,4.869000,4.845000,4.722000
19,37,1,4.239400,4.161000,4.153000,4.338000,4.250000,4.295000
19,38,1,4.229800,4.151000,4.167000,4.387000,4.224000,4.220000
19,39,1,4.685400,4.692000,4.511000,4.722000,4.825000,4.677000
19,40,2,4.084200,3.940000,3.998000,4.207000,4.090000,4.186000
19,41,2,4.290400,4.165000,4.136000,4.354000,4.437000,4.360000
19,42,2,4.301200,4.296000,4.195000,4.332000,4.493000,4.190000
19,43,2,4.344800,4.253000,4.235000,4.534000,4.337000,4.365000
19,44,2,4.374800,4.359000,4.259000,4.483000,4.413000,4.360000
19,45,2,4.368800,4.385000,4.175000,4.379000,4.450000,4.455000
19,46,2,4.155600,4.070000,4.095000,4.153000,4.096000,4.364000
19,47,2,4.661800,4.603000,4.597000,4.765000,4.655000,4.689000
19,48,2,4.402800,4.412000,4.249000,4.410000,4.410000,4.533000
19,49,2,4.222600,4.200000,4.007000,4.301000,4.308000,4.297000
19,50,2,4.305000,4.280000,4.241000,4.481000,4.315000,4.208000
19,51,2,4.420200,4.283000,4.339000,4.556000,4.488000,4.435000
19,52,2,4.226400,4.129000,4.178000,4.376000,4.233000,4.216000
19,53,2,4.470600,4.470000,4.280000,4.566000,4.527000,4.510000
19,54,2,4.439400,4.397000,4.399000,4.661000,4.357000,4.383000
19,55,2,4.049800,4.008000,3.969000,4.105000,4.132000,4.035000
19,56,2,4.315000,4.372000,4.240000,4.263000,4.380000,4.320000
19,57,2,4.233000,4.123000,4.156000,4.338000,4.289000,4.259000
19,58,2,4.266800,4.097000,4.155000,4.464000,4.333000,4.285000
19,59,2,4.285400,4.198000,4.322000,4.323000,4.303000,4.281000
19,60,3,4.386600,4.334000,4.195000,4.509000,4.452000,4.443000
19,61,3,4.163800,4.057000,4.126000,4.151000,4.244000,4.241000
19,62,3,4.163000,4.151000,4.100000,4.109000,4.232000,4.223000
19,63,3,4.463800,4.495000,4.307000,4.574000,4.506000,4.437000
19,64,3,4.294200,4.269000,4.346000,4.296000,4.192000,4.368000
19,65,3,4.338800,4.373000,4.181000,4.483000,4.243000,4.414000
19,66,3,4.407200,4.395000,4.385000,4.432000,4.431000,4.393000
19,67,3,4.492400,4.478000,4.351000,4.580000,4.604000,4.449000
19,68,3,4.285600,4.286000,4.171000,4.258000,4.420000,4.293000
19,69,3,4.353600,4.497000,4.222000,4.277000,4.422000,4.350000
19,70,3,4.274600,4.243000,4.172000,4.303000,4.269000,4.386000
19,71,3,4.243200,4.186000,4.080000,4.335000,4.251000,4.364000
19,72,3,4.105600,4.058000,4.020000,4.111000,4.219000,4.120000
19,73,3,4.268400,4.299000,4.128000,4.286000,4.337000,4.292000
19,74,3,4.744200,4.795000,4.499000,4.930000,4.799000,4.698000
19,75,3,4.092200,4.045000,4.097000,4.086000,4.132000,4.101000
19,76,3,4.589400,4.548000,4.445000,4.682000,4.659000,4.613000
19,77,3,4.198200,4.318000,4.185000,4.101000,4.254000,4.133000
19,78,3,4.401200,4.413000,4.307000,4.282000,4.479000,4.525000
19,79,3,4.161400,4.155000,4.113000,4.157000,4.287000,4.095000
19,80,4,4.363000,4.321000,4.287000,4.404000,4.384000,4.419000
19,81,4,4.368000,4.280000,4.335000,4.452000,4.456000,4.317000
19,82,4,4.619200,4.652000,4.564000,4.652000,4.718000,4.510000
19,83,4,4.467800,4.411000,4.421000,4.448000,4.553000,4.506000
19,84,4,4.515600,4.474000,4.454000,4.561000,4.510000,4.579000
19,85,4,4.574800,4.642000,4.501000,4.671000,4.531000,4.529000
19,86,4,4.196800,4.306000,4.117000,4.278000,4.142000,4.141000
19,87,4,4.594600,4.603000,4.540000,4.638000,4.637000,4.555000
19,88,4,4.278400,4.400000,4.102000,4.296000,4.348000,4.246000
19,89,4,4.675400,4.584000,4.623000,4.674000,4.847000,4.649000
19,90,4,4.447400,4.412000,4.497000,4.493000,4.487000,4.348000
19,91,4,4.657200,4.539000,4.713000,4.779000,4.673000,4.582000
19,92,4,4.519000,4.551000,4.430000,4.552000,4.603000,4.459000
19,93,4,4.326400,4.285000,4.339000,4.282000,4.407000,4.319000
19,94,4,4.086400,4.143000,4.046000,4.165000,4.077000,4.001000
19,95,4,4.342600,4.333000,4.278000,4.418000,4.418000,4.266000
19,96,4,4.103600,4.200000,4.156000,4.007000,4.135000,4.020000
19,97,4,4.604600,4.533000,4.541000,4.527000,4.771000,4.651000
19,98,4,4.190600,4.036000,4.228000,4.191000,4.128000,4.370000
19,99,4,4.450800,4.317000,4.503000,4.471000,4.473000,4.490000
20,0,0,4.418600,4.361000,4.509000,4.353000,4.465000,4.405000
20,1,0,4.648600,4.695000,4.627000,4.476000,4.652000,4.793000
20,2,0,4.556400,4.466000,4.640000,4.536000,4.559000,4.581000
20,3,0,4.308000,4.322000,4.306000,4.241000,4.359000,4.312000
20,4,0,4.467800,4.539000,4.454000,4.338000,4.490000,4.518000
20,5,0,4.524200,4.396000,4.555000,4.573000,4.624000,4.473000
20,6,0,3.966200,4.010000,4.017000,3.856000,3.918000,4.030000
20,7,0,4.452600,4.413000,4.523000,4.423000,4.464000,4.440000
20,8,0,4.066000,3.936000,4.119000,4.056000,4.089000,4.130000
20,9,0,4.546000,4.356000,4.631000,4.585000,4.549000,4.609000
20,10,0,4.407200,4.377000,4.481000,4.280000,4.398000,4.500000
20,11,0,4.422600,4.432000,4.415000,4.398000,4.453000,4.415000
20,12,0,4.492800,4.411000,4.477000,4.462000,4.603000,4.511000
20,13,0,4.500000,4.569000,4.477000,4.405000,4.536000,4.513000
20,14,0,4.832200,4.967000,4.739000,4.808000,4.894000,4.753000
20,15,0,4.346200,4.370000,4.416000,4.300000,4.344000,4.301000
20,16,0,4.333200,4.360000,4.363000,4.353000,4.353000,4.237000
20,17,0,4.456600,4.485000,4.487000,4.470000,4.479000,4.362000
20,18,0,4.365200,4.342000,4.408000,4.245000,4.422000,4.409000
20,19,0,4.573600,4.519000,4.581000,4.558000,4.677000,4.533000
20,20,1,4.915800,4.919000,5.019000,4.863000,4.833000,4.945000
20,21,1,4.783200,4.808000,4.768000,4.720000,4.792000,4.828000
20,22,1,4.647800,4.574000,4.724000,4.768000,4.624000,4.549000
20,23,1,4.709800,4.674000,4.807000,4.614000,4.746000,4.708000
20,24,1,4.830400,4.751000,4.920000,4.883000,4.758000,4.840000
20,25,1,4.726200,4.662000,4.944000,4.748000,4.717000,4.560000
20,26,1,4.673200,4.640000,4.799000,4.684000,4.583000,4.660000
20,27,1,4.828000,4.787000,4.885000,4.786000,4.719000,4.963000
20,28,1,4.676400,4.667000,4.709000,4.724000,4.639000,4.643000
20,29,1,4.646600,4.664000,4.736000,4.608000,4.600000,4.625000
20,30,1,4.402600,4.440000,4.503000,4.384000,4.350000,4.336000
20,31,1,4.926600,4.855000,5.019000,4.917000,4.879000,4.963000
20,32,1,4.636000,4.591000,4.735000,4.563000,4.548000,4.743000
20,33,1,4.910800,4.991000,4.974000,4.865000,4.819000,4.905000
20,34,1,4.273400,4.291000,4.337000,4.389000,4.153000,4.197000
20,35,1,4.735800,4.693000,4.785000,4.793000,4.725000,4.683000
20,36,1,4.739200,4.615000,4.870000,4.819000,4.731000,4.661000
20,37,1,4.465000,4.376000,4.542000,4.484000,4.436000,4.487000
20,38,1,4.966200,4.965000,4.929000,4.944000,5.038000,4.955000
20,39,1,4.477200,4.373000,4.554000,4.511000,4.532000,4.416000
20,40,2,4.585200,4.656000,4.604000,4.474000,4.607000,4.585000
20,41,2,4.380400,4.464000,4.314000,4.375000,4.422000,4.327000
20,42,2,4.092200,4.085000,4.096000,4.058000,4.146000,4.076000
20,43,2,4.352800,4.342000,4.381000,4.322000,4.393000,4.326000
20,44,2,4.519600,4.413000,4.574000,4.644000,4.555000,4.412000
20,45,2,4.421000,4.337000,4.468000,4.279000,4.512000,4.509000
20,46,2,4.125000,4.125000,4.326000,4.007000,4.081000,4.086000
20,47,2,4.399600,4.400000,4.557000,4.352000,4.315000,4.374000
20,48,2,4.586200,4.565000,4.665000,4.528000,4.568000,4.605000
20,49,2,4.189200,4.218000,4.185000,4.138000,4.204000,4.201000
20,50,2,4.357200,4.310000,4.456000,4.316000,4.346000,4.358000
20,51,2,4.318800,4.278000,4.453000,4.367000,4.220000,4.276000
20,52,2,4.536600,4.455000,4.655000,4.493000,4.568000,4.512000
20,53,2,4.577800,4.436000,4.664000,4.558000,4.604000,4.627000
20,54,2,4.345200,4.269000,4.344000,4.311000,4.418000,4.384000
20,55,2,4.568600,4.543000,4.660000,4.486000,4.511000,4.643000
20,56,2,4.401000,4.490000,4.440000,4.295000,4.374000,4.406000
20,57,2,4.448000,4.507000,4.513000,4.373000,4.443000,4.404000
20,58,2,4.692600,4.605000,4.731000,4.673000,4.764000,4.690000
20,59,2,4.713800,4.767000,4.745000,4.710000,4.723000,4.624000
20,60,3,4.129400,4.164000,3.982000,4.158000,4.254000,4.089000
20,61,3,4.708600,4.541000,4.839000,4.663000,4.811000,4.689000
20,62,3,4.742400,4.720000,4.759000,4.678000,4.722000,4.833000
20,63,3,4.719600,4.841000,4.668000,4.633000,4.725000,4.731000
20,64,3,4.371800,4.394000,4.451000,4.331000,4.410000,4.273000
20,65,3,4.675800,4.728000,4.672000,4.624000,4.634000,4.721000
20,66,3,4.628800,4.659000,4.668000,4.546000,4.702000,4.569000
20,67,3,4.711200,4.747000,4.696000,4.656000,4.676000,4.781000
20,68,3,4.590400,4.642000,4.673000,4.467000,4.529000,4.641000
20,69,3,4.676200,4.614000,4.796000,4.555000,4.751000,4.665000
20,70,3,4.701200,4.798000,4.641000,4.582000,4.692000,4.793000
20,71,3,4.636800,4.697000,4.635000,4.594000,4.601000,4.657000
20,72,3,4.501800,4.542000,4.545000,4.431000,4.554000,4.437000
20,73,3,4.492400,4.538000,4.563000,4.394000,4.473000,4.494000
20,74,3,4.630400,4.596000,4.688000,4.524000,4.691000,4.653000
20,75,3,4.440800,4.507000,4.359000,4.364000,4.524000,4.450000
20,76,3,4.414200,4.290000,4.525000,4.397000,4.472000,4.387000
20,77,3,4.248200,4.317000,4.266000,4.113000,4.215000,4.330000
20,78,3,4.951400,4.961000,4.952000,4.897000,4.832000,5.115000
20,79,3,4.414800,4.400000,4.444000,4.409000,4.446000,4.375000
20,80,4,4.421200,4.401000,4.465000,4.413000,4.301000,4.526000
20,81,4,4.507000,4.524000,4.629000,4.440000,4.388000,4.554000
20,82,4,4.560200,4.544000,4.680000,4.463000,4.519000,4.595000
20,83,4,4.636800,4.522000,4.797000,4.591000,4.563000,4.711000
20,84,4,4.687600,4.741000,4.748000,4.503000,4.691000,4.755000
20,85,4,4.827000,4.868000,4.802000,4.775000,4.732000,4.958000
20,86,4,4.385400,4.419000,4.427000,4.311000,4.456000,4.314000
20,87,4,4.459600,4.452000,4.551000,4.363000,4.503000,4.429000
20,88,4,4.900400,4.840000,4.973000,4.813000,4.989000,4.887000
20,89,4,4.313200,4.305000,4.326000,4.264000,4.242000,4.429000
20,90,4,4.328600,4.214000,4.522000,4.274000,4.400000,4.233000
20,91,4,4.548000,4.576000,4.421000,4.476000,4.555000,4.712000
20,92,4,4.668800,4.578000,4.759000,4.643000,4.725000,4.639000
20,93,4,4.450000,4.322000,4.556000,4.485000,4.403000,4.484000
20,94,4,4.654600,4.754000,4.661000,4.581000,4.577000,4.700000
20,95,4,4.597000,4.735000,4.570000,4.438000,4.639000,4.603000
20,96,4,4.472800,4.528000,4.538000,4.452000,4.412000,4.434000
20,97,4,4.469600,4.459000,4.492000,4.392000,4.495000,4.510000
20,98,4,4.494400,4.556000,4.556000,4.395000,4.573000,4.392000
20,99,4,4.602600,4.641000,4.765000,4.511000,4.640000,4.456000
21,0,1,4.588400,4.449000,4.662000,4.724000,4.602000,4.505000
21,1,1,4.711600,4.669000,4.645000,4.732000,4.852000,4.660000
21,2,1,4.968400,4.823000,4.996000,4.960000,5.002000,5.061000
21,3,1,4.906400,4.929000,4.800000,4.982000,4.867000,4.954000
21,4,1,4.626600,4.466000,4.682000,4.615000,4.718000,4.652000
21,5,1,4.690400,4.568000,4.652000,4.638000,4.892000,4.702000
21,6,1,4.886800,4.862000,4.921000,4.856000,4.944000,4.851000
21,7,1,4.812000,4.837000,4.773000,4.773000,4.876000,4.801000
21,8,1,4.502200,4.409000,4.464000,4.459000,4.653000,4.526000
21,9,1,4.788600,4.668000,4.787000,4.860000,4.872000,4.756000
21,10,1,4.491000,4.345000,4.452000,4.565000,4.632000,4.461000
21,11,1,4.821800,4.629000,4.794000,4.886000,4.980000,4.820000
21,12,1,4.441600,4.412000,4.365000,4.456000,4.498000,4.477000
21,13,1,4.758600,4.743000,4.596000,4.803000,4.828000,4.823000
21,14,1,4.773000,4.705000,4.778000,4.805000,4.886000,4.691000
21,15,1,4.669200,4.549000,4.643000,4.696000,4.747000,4.711000
21,16,1,4.714600,4.502000,4.666000,4.794000,4.882000,4.729000
21,17,1,4.869200,4.787000,4.891000,4.925000,4.909000,4.834000
21,18,1,4.574000,4.491000,4.773000,4.549000,4.548000,4.509000
21,19,1,4.633000,4.515000,4.596000,4.696000,4.653000,4.705000
22,0,1,4.441000,4.540000,4.280000,4.423000,4.306000,4.656000
22,1,1,4.601400,4.667000,4.431000,4.559000,4.584000,4.766000
22,2,1,4.737800,4.688000,4.632000,4.755000,4.731000,4.883000
22,3,1,4.869000,4.964000,4.644000,4.905000,4.904000,4.928000
22,4,1,4.593800,4.694000,4.368000,4.586000,4.607000,4.714000
22,5,1,4.572200,4.571000,4.315000,4.575000,4.646000,4.754000
22,6,1,4.867600,4.907000,4.700000,4.838000,4.896000,4.997000
22,7,1,4.502600,4.507000,4.336000,4.486000,4.516000,4.668000
22,8,1,4.741400,4.801000,4.612000,4.736000,4.756000,4.802000
22,9,1,4.609800,4.608000,4.506000,4.519000,4.639000,4.777000
22,10,1,4.348200,4.353000,4.416000,4.243000,4.243000,4.486000
22,11,1,4.557000,4.602000,4.597000,4.377000,4.461000,4.748000
22,12,1,4.648600,4.560000,4.601000,4.622000,4.648000,4.812000
22,13,1,4.879400,4.964000,4.880000,4.879000,4.724000,4.950000
22,14,1,4.585800,4.734000,4.427000,4.420000,4.522000,4.826000
22,15,1,4.831600,4.901000,4.707000,4.746000,4.831000,4.973000
22,16,1,4.724600,4.769000,4.754000,4.595000,4.645000,4.860000
22,17,1,4.621600,4.597000,4.448000,4.546000,4.719000,4.798000
22,18,1,4.489200,4.516000,4.214000,4.627000,4.481000,4.608000
22,19,1,4.426600,4.448000,4.185000,4.470000,4.447000,4.583000
23,0,1,5.152400,5.231000,4.981000,5.240000,5.250000,5.060000
23,1,1,4.298000,4.425000,4.188000,4.130000,4.542000,4.205000
23,2,1,4.677000,4.726000,4.498000,4.663000,4.852000,4.646000
23,3,1,4.597600,4.660000,4.471000,4.632000,4.718000,4.507000
23,4,1,4.550800,4.672000,4.358000,4.547000,4.776000,4.401000
23,5,1,4.807200,4.729000,4.701000,4.724000,5.083000,4.799000
23,6,1,4.500400,4.659000,4.417000,4.421000,4.663000,4.342000
23,7,1,4.824800,4.854000,4.713000,4.726000,4.947000,4.884000
23,8,1,4.842600,4.961000,4.709000,4.736000,5.035000,4.772000
23,9,1,4.540800,4.634000,4.484000,4.505000,4.617000,4.464000
23,10,1,4.383000,4.443000,4.251000,4.301000,4.558000,4.362000
23,11,1,4.961400,4.964000,4.936000,4.961000,5.065000,4.881000
23,12,1,4.918000,4.894000,4.787000,4.862000,5.097000,4.950000
23,13,1,4.484800,4.534000,4.336000,4.499000,4.659000,4.396000
23,14,1,4.585800,4.510000,4.504000,4.554000,4.676000,4.685000
23,15,1,4.897200,4.985000,4.642000,4.949000,5.092000,4.818000
23,16,1,4.496800,4.539000,4.366000,4.402000,4.748000,4.429000
23,17,3,4.186400,4.232000,4.197000,3.965000,4.371000,4.167000
23,18,1,4.777400,4.953000,4.666000,4.711000,4.875000,4.682000
23,19,3,4.793200,4.765000,4.769000,4.724000,5.001000,4.707000
24,0,1,4.390600,4.388000,4.494000,4.148000,4.433000,4.490000
24,1,1,4.851800,4.887000,4.813000,4.768000,4.848000,4.943000
24,2,1,5.074800,5.009000,5.036000,5.066000,5.120000,5.143000
24,3,1,4.518000,4.424000,4.508000,4.456000,4.628000,4.574000
24,4,1,4.712200,4.688000,4.570000,4.660000,4.807000,4.836000
24,5,1,5.259200,5.162000,5.243000,5.209000,5.280000,5.402000
24,6,1,5.058400,4.961000,5.090000,4.952000,5.121000,5.168000
24,7,1,4.783000,4.705000,4.701000,4.880000,4.820000,4.809000
24,8,1,4.780600,4.744000,4.745000,4.767000,4.837000,4.810000
24,9,1,5.015000,4.943000,4.872000,5.004000,5.125000,5.131000
24,10,1,4.885800,4.830000,4.943000,4.796000,4.887000,4.973000
24,11,1,4.944000,4.817000,4.880000,4.921000,5.014000,5.088000
24,12,1,4.999200,5.012000,4.898000,5.005000,4.985000,5.096000
24,13,1,4.754800,4.690000,4.770000,4.837000,4.771000,4.706000
24,14,1,4.487200,4.439000,4.517000,4.437000,4.466000,4.577000
24,15,1,4.767200,4.597000,4.846000,4.711000,4.807000,4.875000
24,16,1,5.161200,5.120000,5.145000,5.110000,5.210000,5.221000
24,17,1,4.741000,4.552000,4.691000,4.857000,4.805000,4.800000
24,18,1,4.773200,4.612000,4.789000,4.760000,4.917000,4.788000
24,19,1,4.991200,4.993000,4.843000,4.999000,5.032000,5.089000
25,0,1,4.791200,4.725000,4.974000,4.642000,4.795000,4.820000
25,1,1,5.180400,5.193000,5.368000,5.048000,5.137000,5.156000
25,2,1,4.750200,4.699000,4.889000,4.550000,4.815000,4.798000
25,3,1,4.726600,4.712000,4.976000,4.593000,4.679000,4.673000
25,4,1,4.956200,4.992000,5.051000,4.805000,4.955000,4.978000
25,5,1,5.074400,5.079000,5.193000,4.954000,5.028000,5.118000
25,6,1,4.958400,4.931000,5.095000,4.822000,4.946000,4.998000
25,7,1,4.932600,4.847000,5.143000,4.822000,4.860000,4.991000
25,8,1,5.019200,5.012000,5.073000,4.959000,5.004000,5.048000
25,9,1,4.860400,4.763000,4.964000,4.734000,4.968000,4.873000
25,10,1,4.808600,4.930000,4.912000,4.662000,4.762000,4.777000
25,11,1,4.998600,5.065000,5.168000,4.808000,4.922000,5.030000
25,12,1,4.957800,4.952000,5.119000,4.777000,4.971000,4.970000
25,13,1,4.817200,4.789000,5.020000,4.613000,4.773000,4.891000
25,14,1,5.328200,5.445000,5.523000,5.145000,5.334000,5.194000
25,15,1,5.062400,5.069000,5.299000,4.845000,4.953000,5.146000
25,16,1,4.939000,4.979000,5.038000,4.808000,4.779000,5.091000
25,17,1,4.981600,4.877000,5.113000,4.900000,5.001000,5.017000
25,18,1,4.899200,4.817000,5.008000,4.720000,4.989000,4.962000
25,19,1,4.996400,5.023000,5.112000,4.851000,4.803000,5.193000
26,0,1,5.102000,5.067000,5.132000,5.085000,5.133000,5.093000
26,1,1,4.532400,4.427000,4.577000,4.507000,4.558000,4.593000
26,2,1,5.041200,5.040000,5.071000,5.037000,5.015000,5.043000
26,3,1,4.697200,4.529000,4.721000,4.762000,4.775000,4.699000
26,4,1,4.920800,4.773000,4.993000,4.888000,4.934000,5.016000
26,5,1,4.820200,4.776000,4.832000,4.814000,4.803000,4.876000
26,6,1,4.996000,4.822000,5.035000,5.019000,5.060000,5.044000
26,7,1,4.793400,4.756000,4.923000,4.801000,4.769000,4.718000
26,8,1,5.097200,5.032000,5.207000,4.989000,5.120000,5.138000
26,9,1,4.951000,4.816000,4.931000,5.039000,5.004000,4.965000
26,10,1,4.736600,4.717000,4.754000,4.793000,4.676000,4.743000
26,11,1,4.912200,4.831000,4.950000,4.852000,4.951000,4.977000
26,12,1,5.132000,5.120000,5.146000,5.205000,5.078000,5.111000
26,13,1,4.946400,4.764000,4.910000,4.983000,5.033000,5.042000
26,14,1,4.766600,4.659000,4.769000,4.642000,4.905000,4.858000
26,15,1,4.856200,4.792000,4.848000,4.882000,4.853000,4.906000
26,16,1,4.778600,4.802000,4.754000,4.660000,4.880000,4.797000
26,17,1,4.577200,4.528000,4.495000,4.607000,4.635000,4.621000
26,18,1,4.675600,4.608000,4.746000,4.647000,4.717000,4.660000
26,19,1,4.755800,4.694000,4.783000,4.672000,4.840000,4.790000
27,0,1,4.890200,4.841000,4.861000,4.881000,4.941000,4.927000
27,1,1,4.704200,4.737000,4.655000,4.730000,4.745000,4.654000
27,2,1,5.002200,5.034000,4.935000,4.964000,5.096000,4.982000
27,3,1,4.984400,5.153000,4.957000,4.871000,5.019000,4.922000
27,4,1,4.749400,4.853000,4.660000,4.668000,4.877000,4.689000
27,5,1,5.077000,5.129000,5.027000,5.022000,5.156000,5.051000
27,6,1,4.808200,4.992000,4.721000,4.761000,4.805000,4.762000
27,7,1,4.798200,4.813000,4.709000,4.765000,4.866000,4.838000
27,8,1,4.953800,5.056000,4.967000,4.798000,5.035000,4.913000
27,9,1,4.813200,4.978000,4.818000,4.535000,4.951000,4.784000
27,10,1,4.880600,4.913000,4.963000,4.805000,5.009000,4.713000
27,11,1,4.839000,4.459000,4.601000,5.014000,5.163000,4.958000
27,12,1,5.126800,5.168000,5.061000,5.141000,5.191000,5.073000
27,13,1,4.830200,4.824000,4.902000,4.778000,4.924000,4.723000
27,14,1,4.860800,4.945000,4.959000,4.612000,4.975000,4.813000
27,15,1,4.813200,4.900000,4.776000,4.698000,5.038000,4.654000
27,16,1,4.810600,5.024000,4.790000,4.725000,4.838000,4.676000
27,17,1,5.148000,5.119000,5.042000,5.024000,5.435000,5.120000
27,18,1,4.799200,4.756000,4.823000,4.667000,5.001000,4.749000
27,19,1,4.829000,4.953000,4.921000,4.701000,4.967000,4.603000
28,0,1,4.611200,4.523000,4.567000,4.617000,4.650000,4.699000
28,1,1,5.005600,5.172000,4.937000,5.070000,5.032000,4.817000
28,2,1,5.195200,5.135000,5.161000,5.288000,5.208000,5.184000
28,3,1,5.014200,5.076000,4.912000,5.091000,5.043000,4.949000
28,4,1,4.581400,4.683000,4.481000,4.597000,4.652000,4.494000
28,5,1,4.894400,4.941000,4.619000,4.917000,5.080000,4.915000
28,6,1,4.930000,4.888000,4.804000,4.854000,5.046000,5.058000
28,7,1,5.470200,5.486000,5.376000,5.514000,5.492000,5.483000
28,8,1,4.656400,4.692000,4.596000,4.545000,4.769000,4.680000
28,9,1,5.048000,5.108000,4.968000,5.046000,5.099000,5.019000
28,10,1,5.054000,5.006000,5.041000,5.090000,5.133000,5.000000
28,11,1,5.087400,5.044000,5.069000,5.211000,5.055000,5.058000
28,12,1,4.858400,4.910000,4.755000,4.832000,4.967000,4.828000
28,13,1,5.130800,5.130000,5.113000,5.033000,5.186000,5.192000
28,14,1,5.194800,5.214000,5.061000,5.253000,5.204000,5.242000
28,15,1,4.576600,4.574000,4.468000,4.582000,4.653000,4.606000
28,16,1,4.955400,4.933000,4.839000,4.955000,5.007000,5.043000
28,17,1,4.736000,4.749000,4.735000,4.634000,4.833000,4.729000
28,18,1,4.912600,4.879000,4.834000,4.986000,4.931000,4.933000
28,19,1,4.667000,4.662000,4.573000,4.622000,4.607000,4.871000
29,0,1,5.126400,5.161000,5.356000,5.119000,4.822000,5.174000
29,1,1,4.979800,5.023000,5.073000,4.801000,4.997000,5.005000
29,2,1,5.031400,5.002000,5.031000,5.140000,5.045000,4.939000
29,3,1,5.318000,5.457000,5.436000,5.149000,5.277000,5.271000
29,4,1,5.153400,5.184000,5.258000,5.045000,5.064000,5.216000
29,5,1,5.325000,5.355000,5.306000,5.285000,5.362000,5.317000
29,6,1,4.945400,4.990000,5.018000,4.969000,4.872000,4.878000
29,7,1,5.032600,5.174000,5.085000,5.025000,4.932000,4.947000
29,8,1,4.890200,5.067000,4.895000,4.785000,4.909000,4.795000
29,9,1,5.057800,5.131000,5.233000,5.069000,4.838000,5.018000
29,10,1,4.997000,5.136000,5.134000,4.896000,4.904000,4.915000
29,11,1,5.052400,5.136000,5.275000,4.793000,5.024000,5.034000
29,12,1,5.234200,5.297000,5.251000,5.170000,5.249000,5.204000
29,13,1,5.041800,5.148000,5.150000,4.984000,4.911000,5.016000
29,14,1,5.305000,5.328000,5.379000,5.351000,5.148000,5.319000
29,15,1,5.039600,5.107000,5.062000,4.973000,5.009000,5.047000
29,16,1,4.932600,5.051000,4.855000,4.889000,4.905000,4.963000
29,17,1,4.852400,4.934000,4.860000,4.726000,4.893000,4.849000
29,18,1,4.742800,4.787000,4.691000,4.755000,4.883000,4.598000
29,19,1,5.014800,5.047000,5.147000,4.862000,5.009000,5.009000
30,0,0,4.481200,4.515000,4.519000,4.467000,4.469000,4.436000
30,1,0,4.437600,4.432000,4.594000,4.420000,4.446000,4.296000
30,2,0,4.379800,4.556000,4.407000,4.472000,4.347000,4.117000
30,3,0,4.677000,4.676000,4.729000,4.798000,4.645000,4.537000
30,4,0,4.581000,4.635000,4.491000,4.637000,4.643000,4.499000
30,5,0,4.607000,4.650000,4.689000,4.635000,4.562000,4.499000
30,6,0,4.365800,4.324000,4.268000,4.496000,4.425000,4.316000
30,7,0,4.266200,4.301000,4.381000,4.346000,4.187000,4.116000
30,8,0,4.323200,4.446000,4.295000,4.328000,4.229000,4.318000
30,9,0,4.460000,4.390000,4.467000,4.548000,4.553000,4.342000
30,10,0,4.649000,4.701000,4.813000,4.704000,4.552000,4.475000
30,11,0,4.553000,4.626000,4.581000,4.731000,4.427000,4.400000
30,12,0,4.717000,4.832000,4.707000,4.714000,4.713000,4.619000
30,13,0,4.509800,4.535000,4.452000,4.572000,4.546000,4.444000
30,14,0,4.663400,4.617000,4.774000,4.703000,4.699000,4.524000
30,15,0,4.654200,4.653000,4.704000,4.594000,4.755000,4.565000
30,16,0,4.516400,4.545000,4.640000,4.535000,4.533000,4.329000
30,17,0,4.566200,4.554000,4.759000,4.620000,4.496000,4.402000
30,18,0,4.432200,4.542000,4.463000,4.429000,4.462000,4.265000
30,19,0,4.362600,4.512000,4.493000,4.441000,4.193000,4.174000
30,20,1,4.999200,5.145000,5.057000,4.974000,4.957000,4.863000
30,21,1,5.029200,5.052000,5.166000,5.004000,4.992000,4.932000
30,22,1,5.184600,5.200000,5.379000,5.139000,5.231000,4.974000
30,23,1,4.740000,4.872000,4.850000,4.721000,4.701000,4.556000
30,24,1,4.955000,5.061000,5.102000,4.932000,4.820000,4.860000
30,25,1,5.339400,5.456000,5.405000,5.403000,5.161000,5.272000
30,26,1,4.980800,5.099000,5.107000,4.949000,4.983000,4.766000
30,27,1,5.168400,5.083000,5.264000,5.195000,5.235000,5.065000
30,28,1,5.250800,5.094000,5.343000,5.348000,5.306000,5.163000
30,29,1,5.219000,5.197000,5.233000,5.201000,5.294000,5.170000
30,30,1,5.040600,5.088000,5.134000,5.121000,5.021000,4.839000
30,31,1,4.941000,5.002000,5.046000,4.930000,4.929000,4.798000
30,32,1,5.092200,5.138000,5.221000,5.147000,4.980000,4.975000
30,33,1,5.142400,5.176000,5.239000,5.265000,5.137000,4.895000
30,34,1,4.914400,5.083000,4.926000,4.815000,4.999000,4.749000
30,35,1,5.044400,4.906000,5.209000,5.184000,4.941000,4.982000
30,36,1,4.953200,5.001000,5.130000,4.893000,4.910000,4.832000
30,37,1,5.344800,5.377000,5.444000,5.332000,5.406000,5.165000
30,38,1,4.942000,5.166000,4.933000,4.987000,4.895000,4.729000
30,39,1,5.131400,5.172000,5.241000,5.047000,5.201000,4.996000
30,40,2,4.320000,4.416000,4.399000,4.312000,4.302000,4.171000
30,41,2,4.402200,4.565000,4.446000,4.387000,4.419000,4.194000
30,42,2,4.373600,4.532000,4.384000,4.517000,4.325000,4.110000
30,43,2,4.299000,4.437000,4.364000,4.277000,4.239000,4.178000
30,44,2,4.284400,4.298000,4.335000,4.253000,4.316000,4.220000
30,45,2,4.209000,4.210000,4.216000,4.170000,4.348000,4.101000
30,46,2,4.363400,4.372000,4.400000,4.433000,4.336000,4.276000
30,47,2,4.119400,4.197000,4.191000,4.142000,4.122000,3.945000
30,48,2,4.044400,4.190000,4.052000,3.953000,4.154000,3.873000
30,49,2,4.367600,4.416000,4.376000,4.366000,4.402000,4.278000
30,50,2,4.205000,4.271000,4.213000,4.312000,4.215000,4.014000
30,51,2,4.274200,4.364000,4.364000,4.262000,4.260000,4.121000
30,52,2,4.154600,4.156000,4.294000,4.189000,4.101000,4.033000
30,53,2,4.463800,4.484000,4.492000,4.536000,4.506000,4.301000
30,54,2,4.637800,4.737000,4.733000,4.669000,4.625000,4.425000
30,55,2,4.416200,4.417000,4.377000,4.511000,4.465000,4.311000
30,56,2,4.548800,4.696000,4.536000,4.607000,4.518000,4.387000
30,57,2,4.373400,4.413000,4.371000,4.513000,4.380000,4.190000
30,58,2,4.103800,4.086000,4.108000,4.245000,4.177000,3.903000
30,59,2,4.197000,4.228000,4.295000,4.166000,4.185000,4.111000
30,60,3,4.407600,4.423000,4.469000,4.453000,4.387000,4.306000
30,61,3,4.365400,4.354000,4.254000,4.462000,4.448000,4.309000
30,62,3,4.568400,4.603000,4.622000,4.573000,4.643000,4.401000
30,63,3,4.255600,4.200000,4.264000,4.259000,4.354000,4.201000
30,64,3,4.494800,4.537000,4.586000,4.482000,4.546000,4.323000
30,65,3,4.503800,4.650000,4.490000,4.537000,4.476000,4.366000
30,66,3,4.662600,4.762000,4.747000,4.720000,4.656000,4.428000
30,67,3,4.495400,4.442000,4.591000,4.600000,4.444000,4.400000
30,68,3,4.408200,4.520000,4.560000,4.455000,4.439000,4.067000
30,69,3,4.429000,4.560000,4.531000,4.364000,4.408000,4.282000
30,70,3,4.690000,4.859000,4.711000,4.663000,4.706000,4.511000
30,71,3,4.542800,4.628000,4.575000,4.623000,4.563000,4.325000
30,72,3,4.648600,4.723000,4.704000,4.669000,4.686000,4.461000
30,73,3,4.618800,4.661000,4.625000,4.666000,4.583000,4.559000
30,74,3,4.264800,4.249000,4.389000,4.314000,4.301000,4.071000
30,75,3,4.597600,4.651000,4.572000,4.745000,4.587000,4.433000
30,76,3,4.699000,4.819000,4.685000,4.743000,4.693000,4.555000
30,77,3,4.481200,4.502000,4.371000,4.620000,4.488000,4.425000
30,78,3,4.341800,4.397000,4.397000,4.441000,4.340000,4.134000
30,79,3,4.681000,4.644000,4.734000,4.724000,4.701000,4.602000
30,80,4,4.279200,4.378000,4.276000,4.372000,4.208000,4.162000
30,81,4,4.087000,4.122000,4.110000,4.024000,4.180000,3.999000
30,82,4,4.539000,4.477000,4.604000,4.616000,4.621000,4.377000
30,83,4,3.968600,4.095000,3.950000,3.989000,4.055000,3.754000
30,84,4,4.441000,4.477000,4.483000,4.468000,4.310000,4.467000
30,85,4,4.271600,4.312000,4.225000,4.307000,4.376000,4.138000
30,86,4,4.286200,4.297000,4.290000,4.420000,4.295000,4.129000
30,87,4,4.236000,4.153000,4.346000,4.338000,4.212000,4.131000
30,88,4,4.075000,4.155000,4.190000,4.127000,3.948000,3.955000
30,89,4,4.265200,4.402000,4.240000,4.364000,4.208000,4.112000
30,90,4,4.311600,4.220000,4.367000,4.435000,4.366000,4.170000
30,91,4,4.120200,4.224000,4.082000,4.225000,4.138000,3.932000
30,92,4,4.273600,4.311000,4.186000,4.319000,4.428000,4.124000
30,93,4,4.007600,4.066000,3.881000,4.078000,4.051000,3.962000
30,94,4,4.241600,4.226000,4.087000,4.417000,4.290000,4.188000
30,95,4,4.263000,4.274000,4.309000,4.305000,4.328000,4.099000
30,96,4,4.492800,4.550000,4.563000,4.523000,4.540000,4.288000
30,97,4,4.256400,4.341000,4.273000,4.207000,4.253000,4.208000
30,98,4,4.455200,4.562000,4.547000,4.447000,4.540000,4.180000
30,99,4,4.338200,4.367000,4.264000,4.386000,4.445000,4.229000
31,0,1,5.157600,5.188000,5.183000,5.224000,5.028000,5.165000
31,1,1,5.173200,5.077000,5.280000,5.321000,5.173000,5.015000
31,2,1,5.153800,5.234000,5.147000,5.277000,5.051000,5.060000
31,3,1,4.978000,4.988000,5.116000,4.966000,4.871000,4.949000
31,4,1,4.713800,4.739000,4.568000,4.720000,4.766000,4.776000
31,5,1,4.991400,4.980000,4.998000,5.190000,4.786000,5.003000
31,6,1,5.264000,5.322000,5.302000,5.349000,5.141000,5.206000
31,7,1,5.320400,5.184000,5.354000,5.430000,5.218000,5.416000
31,8,1,4.971200,5.011000,4.993000,5.015000,4.926000,4.911000
31,9,1,4.957600,4.992000,4.991000,5.105000,4.805000,4.895000
31,10,1,5.192600,5.211000,5.204000,5.242000,5.176000,5.130000
31,11,1,4.809000,4.790000,4.822000,4.836000,4.823000,4.774000
31,12,1,5.214000,5.154000,5.256000,5.307000,5.124000,5.229000
31,13,1,5.220200,5.246000,5.198000,5.420000,5.127000,5.110000
31,14,1,5.110000,5.185000,5.105000,5.213000,5.081000,4.966000
31,15,1,5.334400,5.278000,5.530000,5.612000,4.952000,5.300000
31,16,1,4.888400,4.731000,4.903000,5.027000,4.879000,4.902000
31,17,1,5.072000,5.081000,5.150000,5.096000,5.101000,4.932000
31,18,1,5.080800,5.093000,5.014000,5.245000,4.925000,5.127000
31,19,1,4.739200,4.756000,4.677000,4.771000,4.710000,4.782000
32,0,1,5.322000,5.309000,5.346000,5.364000,5.200000,5.391000
32,1,1,5.218000,5.097000,5.352000,5.205000,5.117000,5.319000
32,2,1,5.177600,5.069000,5.291000,5.134000,5.214000,5.180000
32,3,1,5.232800,5.136000,5.400000,5.166000,5.185000,5.277000
32,4,1,5.433400,5.411000,5.523000,5.425000,5.306000,5.502000
32,5,1,5.181600,5.140000,5.203000,5.062000,5.224000,5.279000
32,6,1,5.147400,5.138000,5.206000,5.125000,5.050000,5.218000
32,7,1,5.201400,5.193000,5.352000,5.186000,5.267000,5.009000
32,8,1,4.831000,4.737000,4.926000,4.835000,4.720000,4.937000
32,9,1,5.217600,5.303000,5.227000,5.120000,5.183000,5.255000
32,10,1,5.256400,4.957000,5.377000,5.214000,5.330000,5.404000
32,11,1,5.338600,5.003000,5.629000,5.429000,5.226000,5.406000
32,12,1,5.267200,5.300000,5.371000,5.219000,5.313000,5.133000
32,13,1,5.348600,5.385000,5.444000,5.228000,5.280000,5.406000
32,14,1,5.013200,4.904000,5.193000,4.938000,5.021000,5.010000
32,15,1,5.165200,5.060000,5.333000,5.032000,5.168000,5.233000
32,16,1,4.757800,4.629000,4.778000,4.697000,4.778000,4.907000
32,17,1,5.280600,5.089000,5.403000,5.280000,5.282000,5.349000
32,18,1,5.095000,4.985000,5.015000,5.016000,5.270000,5.189000
32,19,1,4.970600,4.873000,5.011000,4.955000,4.879000,5.135000
33,0,1,5.125200,5.175000,5.298000,4.951000,5.108000,5.094000
33,1,1,5.375600,5.390000,5.575000,5.208000,5.417000,5.288000
33,2,1,4.954800,4.993000,5.060000,4.798000,5.024000,4.899000
33,3,1,5.090000,5.056000,5.176000,4.983000,5.150000,5.085000
33,4,1,4.963000,4.923000,5.076000,4.807000,5.022000,4.987000
33,5,1,5.306800,5.247000,5.421000,5.263000,5.338000,5.265000
33,6,1,4.877200,4.932000,4.942000,4.591000,4.973000,4.948000
33,7,1,5.400800,5.371000,5.509000,5.358000,5.248000,5.518000
33,8,1,5.171400,5.120000,5.295000,5.073000,5.170000,5.199000
33,9,1,5.183800,5.186000,5.302000,4.999000,5.209000,5.223000
33,10,1,5.143800,5.231000,5.231000,4.927000,5.175000,5.155000
33,11,1,4.859000,4.886000,4.980000,4.786000,4.831000,4.812000
33,12,1,5.179400,5.249000,5.207000,5.075000,5.205000,5.161000
33,13,1,5.276800,5.381000,5.458000,5.121000,5.236000,5.188000
33,14,1,4.893800,4.939000,5.039000,4.796000,4.818000,4.877000
33,15,1,5.067800,5.011000,5.186000,4.926000,5.145000,5.071000
33,16,1,5.397000,5.489000,5.450000,5.329000,5.445000,5.272000
33,17,1,5.047800,5.178000,5.149000,4.890000,4.940000,5.082000
33,18,1,4.959400,5.079000,4.969000,4.792000,4.962000,4.995000
33,19,1,5.492000,5.558000,5.537000,5.376000,5.390000,5.599000
34,0,1,5.009800,5.111000,4.935000,5.065000,4.940000,4.998000
34,1,1,5.308400,5.245000,5.231000,5.375000,5.345000,5.346000
34,2,1,5.138200,5.075000,4.822000,5.214000,5.309000,5.271000
34,3,1,5.518400,5.519000,5.459000,5.591000,5.484000,5.539000
34,4,1,5.159200,5.150000,5.127000,5.206000,5.098000,5.215000
34,5,1,5.178800,5.056000,5.076000,5.278000,5.136000,5.348000
34,6,1,5.078400,5.031000,5.003000,5.154000,5.083000,5.121000
34,7,1,5.004000,5.057000,4.855000,5.084000,5.000000,5.024000
34,8,1,5.011000,5.104000,4.823000,5.109000,5.020000,4.999000
34,9,1,4.962000,4.914000,4.853000,5.067000,4.954000,5.022000
34,10,1,5.131800,5.195000,5.049000,5.001000,5.173000,5.241000
34,11,1,5.313000,5.295000,5.145000,5.383000,5.345000,5.397000
34,12,1,5.374800,5.472000,5.290000,5.445000,5.278000,5.389000
34,13,1,5.174000,5.205000,5.018000,5.212000,5.221000,5.214000
34,14,1,5.087400,5.146000,4.903000,5.148000,5.080000,5.160000
34,15,1,5.169200,5.056000,5.205000,5.204000,5.260000,5.121000
34,16,1,5.366600,5.336000,5.282000,5.392000,5.524000,5.299000
34,17,1,5.132000,5.153000,4.992000,5.301000,5.165000,5.049000
34,18,1,5.355000,5.344000,5.221000,5.557000,5.317000,5.336000
34,19,1,5.079600,5.104000,5.027000,4.997000,5.185000,5.085000
35,0,1,5.429400,5.421000,5.510000,5.444000,5.357000,5.415000
35,1,1,5.062400,5.037000,5.130000,5.048000,5.033000,5.064000
35,2,1,5.237200,5.291000,5.407000,5.107000,5.176000,5.205000
35,3,1,5.242200,5.307000,5.271000,5.149000,5.230000,5.254000
35,4,1,5.308800,5.344000,5.275000,5.415000,5.213000,5.297000
35,5,1,5.329400,5.230000,5.503000,5.400000,5.191000,5.323000
35,6,1,5.147400,5.230000,5.220000,5.064000,5.114000,5.109000
35,7,1,5.200600,5.235000,5.197000,5.169000,5.155000,5.247000
35,8,1,5.099800,5.205000,5.147000,5.095000,5.006000,5.046000
35,9,1,4.947000,4.869000,5.163000,4.779000,5.161000,4.763000
35,10,1,5.268400,5.501000,5.401000,5.137000,5.213000,5.090000
35,11,1,4.773600,4.729000,4.789000,4.894000,4.747000,4.709000
35,12,1,5.127200,5.155000,5.293000,5.127000,5.021000,5.040000
35,13,1,5.027800,5.157000,5.302000,5.136000,4.769000,4.775000
35,14,1,5.312600,5.383000,5.415000,5.290000,5.288000,5.187000
35,15,1,4.692000,4.528000,4.893000,4.570000,4.752000,4.717000
35,16,1,5.389000,5.458000,5.478000,5.427000,5.286000,5.296000
35,17,1,4.851000,4.853000,4.920000,4.782000,4.797000,4.903000
35,18,1,5.321400,5.357000,5.369000,5.247000,5.275000,5.359000
35,19,1,5.248200,5.335000,5.277000,5.169000,5.172000,5.288000
36,0,1,5.004600,4.991000,5.035000,5.044000,4.935000,5.018000
36,1,1,5.165000,5.280000,5.034000,5.106000,5.184000,5.221000
36,2,1,5.265600,5.360000,5.181000,5.198000,5.305000,5.284000
36,3,1,5.524000,5.539000,5.364000,5.511000,5.609000,5.597000
36,4,1,5.057800,5.161000,5.007000,5.081000,4.962000,5.078000
36,5,1,5.232400,5.272000,5.037000,5.138000,5.232000,5.483000
36,6,1,5.277200,5.374000,5.212000,5.171000,5.357000,5.272000
36,7,1,5.290800,5.202000,5.305000,5.295000,5.331000,5.321000
36,8,1,5.245000,5.186000,5.101000,5.159000,5.385000,5.394000
36,9,1,5.321200,5.334000,5.293000,5.348000,5.343000,5.288000
36,10,1,5.186000,5.270000,5.016000,5.137000,5.217000,5.290000
36,11,1,5.226200,5.230000,5.106000,5.305000,5.173000,5.317000
36,12,1,5.294200,5.370000,5.239000,5.291000,5.261000,5.310000
36,13,1,5.072800,5.021000,4.969000,5.044000,5.141000,5.189000
36,14,1,5.443800,5.335000,5.428000,5.419000,5.464000,5.573000
36,15,1,5.172400,5.264000,5.035000,5.204000,5.136000,5.223000
36,16,1,5.157200,5.238000,5.040000,5.120000,5.232000,5.156000
36,17,1,5.303400,5.224000,5.237000,5.301000,5.434000,5.321000
36,18,1,5.305200,5.272000,5.260000,5.244000,5.445000,5.305000
36,19,1,5.365400,5.306000,5.356000,5.363000,5.324000,5.478000
37,0,1,5.367200,5.420000,5.324000,5.421000,5.328000,5.343000
37,1,1,5.098400,5.224000,5.236000,5.019000,5.029000,4.984000
37,2,1,5.478400,5.350000,5.649000,5.556000,5.352000,5.485000
37,3,1,5.443800,5.495000,5.431000,5.496000,5.496000,5.301000
37,4,1,4.963400,4.806000,5.076000,4.929000,4.961000,5.045000
37,5,1,5.213200,5.269000,5.240000,5.127000,5.252000,5.178000
37,6,1,5.258600,5.284000,5.270000,5.314000,5.275000,5.150000
37,7,1,5.266600,5.220000,5.256000,5.289000,5.341000,5.227000
37,8,1,5.446000,5.511000,5.510000,5.472000,5.345000,5.392000
37,9,1,5.577200,5.456000,5.609000,5.715000,5.527000,5.579000
37,10,1,5.517400,5.506000,5.658000,5.507000,5.472000,5.444000
37,11,1,5.538200,5.597000,5.472000,5.755000,5.408000,5.459000
37,12,1,5.305200,5.275000,5.365000,5.325000,5.282000,5.279000
37,13,1,5.304400,5.266000,5.378000,5.438000,5.321000,5.119000
37,14,1,5.437800,5.600000,5.482000,5.567000,5.328000,5.212000
37,15,1,5.650400,5.617000,5.773000,5.600000,5.681000,5.581000
37,16,1,5.216200,5.352000,5.143000,5.303000,5.158000,5.125000
37,17,1,5.018400,5.126000,5.005000,5.056000,4.998000,4.907000
37,18,1,5.418800,5.362000,5.553000,5.503000,5.425000,5.251000
37,19,1,4.937600,4.957000,4.877000,5.141000,4.911000,4.802000
38,0,1,5.609200,5.494000,5.523000,5.508000,5.742000,5.779000
38,1,1,5.332800,4.851000,5.476000,5.524000,5.381000,5.432000
38,2,1,5.592200,5.426000,5.753000,5.620000,5.502000,5.660000
38,3,1,5.710600,5.548000,5.765000,5.667000,5.776000,5.797000
38,4,1,5.520000,5.400000,5.459000,5.490000,5.609000,5.642000
38,5,1,5.300400,5.197000,5.305000,5.281000,5.444000,5.275000
38,6,1,5.482600,5.382000,5.621000,5.458000,5.452000,5.500000
38,7,1,5.438000,5.310000,5.426000,5.450000,5.474000,5.530000
38,8,1,5.113200,5.099000,5.149000,5.007000,5.183000,5.128000
38,9,1,5.552800,5.390000,5.564000,5.598000,5.594000,5.618000
38,10,1,5.509600,5.377000,5.502000,5.441000,5.564000,5.664000
38,11,1,5.113800,5.067000,5.054000,5.151000,5.038000,5.259000
38,12,1,5.103400,5.010000,5.105000,5.084000,5.056000,5.262000
38,13,1,5.264800,5.333000,5.217000,5.115000,5.359000,5.300000
38,14,1,5.497400,5.460000,5.431000,5.375000,5.556000,5.665000
38,15,1,5.247600,5.074000,5.215000,5.265000,5.286000,5.398000
38,16,1,5.310000,5.178000,5.249000,5.362000,5.380000,5.381000
38,17,1,5.285200,5.262000,5.283000,5.248000,5.175000,5.458000
38,18,1,5.252800,5.181000,5.090000,5.340000,5.344000,5.309000
38,19,1,5.440400,5.235000,5.517000,5.389000,5.510000,5.551000
39,0,1,5.501200,5.527000,5.554000,5.475000,5.395000,5.555000
39,1,1,5.455400,5.408000,5.595000,5.409000,5.603000,5.262000
39,2,1,5.678000,5.642000,5.814000,5.475000,5.748000,5.711000
39,3,1,5.307800,5.165000,5.328000,5.134000,5.506000,5.406000
39,4,1,5.495400,5.597000,5.747000,5.648000,5.300000,5.185000
39,5,1,5.482400,5.499000,5.493000,5.346000,5.641000,5.433000
39,6,1,5.193400,5.044000,5.723000,5.105000,5.180000,4.915000
39,7,1,5.411200,5.372000,5.470000,5.236000,5.465000,5.513000
39,8,1,5.334800,5.240000,5.272000,5.244000,5.427000,5.491000
39,9,1,5.608200,5.477000,5.604000,5.395000,5.812000,5.753000
39,10,1,5.685000,5.649000,5.806000,5.506000,5.844000,5.620000
39,11,1,5.421600,5.372000,5.455000,5.320000,5.541000,5.420000
39,12,1,5.496400,5.453000,5.513000,5.418000,5.488000,5.610000
39,13,1,5.220800,5.100000,5.235000,5.169000,5.364000,5.236000
39,14,1,5.377000,5.444000,5.220000,5.376000,5.483000,5.362000
39,15,1,5.466800,5.369000,5.520000,5.317000,5.611000,5.517000
39,16,1,5.246200,5.198000,5.279000,5.046000,5.457000,5.251000
39,17,1,5.655000,5.598000,5.826000,5.508000,5.682000,5.661000
39,18,1,5.541200,5.422000,5.544000,5.531000,5.639000,5.570000
39,19,1,5.427400,5.425000,5.405000,5.255000,5.582000,5.470000
40,0,0,4.579600,4.551000,4.623000,4.650000,4.574000,4.500000
40,1,0,4.630200,4.658000,4.670000,4.550000,4.671000,4.602000
40,2,0,4.606200,4.556000,4.552000,4.551000,4.736000,4.636000
40,3,0,4.606600,4.607000,4.514000,4.655000,4.677000,4.580000
40,4,0,4.682000,4.723000,4.583000,4.661000,4.745000,4.698000
40,5,0,4.473000,4.352000,4.496000,4.426000,4.432000,4.659000
40,6,0,4.660200,4.614000,4.727000,4.565000,4.776000,4.619000
40,7,0,4.564600,4.478000,4.598000,4.468000,4.681000,4.598000
40,8,0,4.408800,4.364000,4.377000,4.428000,4.420000,4.455000
40,9,0,4.684800,4.768000,4.631000,4.706000,4.775000,4.544000
40,10,0,4.569400,4.575000,4.561000,4.551000,4.577000,4.583000
40,11,0,4.290400,4.285000,4.198000,4.252000,4.364000,4.353000
40,12,0,4.643000,4.585000,4.791000,4.576000,4.619000,4.644000
40,13,0,4.472800,4.363000,4.542000,4.418000,4.579000,4.462000
40,14,0,4.414600,4.278000,4.448000,4.440000,4.532000,4.375000
40,15,0,4.841200,4.818000,4.881000,4.783000,4.883000,4.841000
40,16,0,4.641800,4.684000,4.609000,4.598000,4.764000,4.554000
40,17,0,4.634800,4.591000,4.706000,4.632000,4.695000,4.550000
40,18,0,4.488000,4.520000,4.418000,4.546000,4.458000,4.498000
40,19,0,4.390800,4.380000,4.367000,4.349000,4.429000,4.429000
40,20,1,5.599000,5.458000,5.613000,5.630000,5.642000,5.652000
40,21,1,5.764800,5.763000,5.732000,5.668000,5.858000,5.803000
40,22,1,5.403400,5.353000,5.487000,5.320000,5.461000,5.396000
40,23,1,5.569600,5.483000,5.575000,5.532000,5.629000,5.629000
40,24,1,5.573000,5.571000,5.652000,5.532000,5.566000,5.544000
40,25,1,5.714200,5.748000,5.693000,5.678000,5.701000,5.751000
40,26,1,5.623600,5.568000,5.650000,5.729000,5.639000,5.532000
40,27,1,5.188600,5.248000,5.183000,5.148000,5.252000,5.112000
40,28,1,5.362400,5.238000,5.432000,5.355000,5.452000,5.335000
40,29,1,5.033000,4.958000,5.142000,4.926000,5.029000,5.110000
40,30,1,5.530200,5.583000,5.465000,5.382000,5.557000,5.664000
40,31,1,5.327600,5.247000,5.374000,5.233000,5.378000,5.406000
40,32,1,5.674200,5.615000,5.708000,5.655000,5.700000,5.693000
40,33,1,5.506800,5.405000,5.672000,5.422000,5.587000,5.448000
40,34,1,5.092000,5.033000,5.103000,4.911000,5.228000,5.185000
40,35,1,5.555000,5.447000,5.671000,5.487000,5.486000,5.684000
40,36,1,5.536600,5.605000,5.562000,5.434000,5.570000,5.512000
40,37,1,5.418800,5.285000,5.451000,5.452000,5.453000,5.453000
40,38,1,5.151000,5.145000,5.265000,5.020000,5.158000,5.167000
40,39,1,5.276400,5.265000,5.258000,5.280000,5.287000,5.292000
40,40,2,4.336800,4.299000,4.347000,4.323000,4.429000,4.286000
40,41,2,4.214000,4.242000,4.267000,4.294000,4.232000,4.035000
40,42,2,4.315800,4.286000,4.270000,4.466000,4.320000,4.237000
40,43,2,4.389000,4.390000,4.459000,4.387000,4.392000,4.317000
40,44,2,4.623600,4.602000,4.699000,4.564000,4.733000,4.520000
40,45,2,4.436600,4.359000,4.543000,4.325000,4.603000,4.353000
40,46,2,4.100600,4.005000,4.188000,4.112000,4.169000,4.029000
40,47,2,4.324400,4.305000,4.330000,4.352000,4.413000,4.222000
40,48,2,4.286000,4.217000,4.334000,4.236000,4.404000,4.239000
40,49,2,4.541200,4.380000,4.562000,4.542000,4.743000,4.479000
40,50,2,4.622800,4.566000,4.776000,4.545000,4.586000,4.641000
40,51,2,4.452800,4.326000,4.547000,4.425000,4.546000,4.420000
40,52,2,4.274800,4.218000,4.369000,4.170000,4.337000,4.280000
40,53,2,4.584400,4.616000,4.581000,4.591000,4.624000,4.510000
40,54,2,4.203800,4.197000,4.157000,4.200000,4.396000,4.069000
40,55,2,4.456000,4.355000,4.495000,4.634000,4.401000,4.395000
40,56,2,4.382000,4.235000,4.464000,4.578000,4.435000,4.198000
40,57,2,4.167600,4.236000,4.318000,4.113000,4.052000,4.119000
40,58,2,4.365000,4.249000,4.360000,4.447000,4.499000,4.270000
40,59,2,4.145600,3.994000,4.175000,4.182000,4.305000,4.072000
40,60,3,4.288600,4.179000,4.230000,4.382000,4.451000,4.201000
40,61,3,4.595600,4.451000,4.609000,4.591000,4.684000,4.643000
40,62,3,4.474000,4.384000,4.426000,4.551000,4.512000,4.497000
40,63,3,4.381200,4.312000,4.519000,4.437000,4.486000,4.152000
40,64,3,4.405800,4.320000,4.349000,4.486000,4.435000,4.439000
40,65,3,4.286400,4.216000,4.284000,4.286000,4.349000,4.297000
40,66,3,4.131600,4.100000,3.965000,4.229000,4.207000,4.157000
40,67,3,4.421400,4.345000,4.540000,4.462000,4.362000,4.398000
40,68,3,4.315600,4.339000,4.288000,4.295000,4.409000,4.247000
40,69,3,4.459800,4.352000,4.428000,4.493000,4.540000,4.486000
40,70,3,4.459000,4.282000,4.549000,4.540000,4.530000,4.394000
40,71,3,4.588600,4.545000,4.614000,4.606000,4.623000,4.555000
40,72,3,4.397600,4.223000,4.365000,4.528000,4.568000,4.304000
40,73,3,4.600000,4.462000,4.554000,4.660000,4.623000,4.701000
40,74,3,4.367400,4.415000,4.387000,4.363000,4.300000,4.372000
40,75,3,4.663400,4.505000,4.732000,4.783000,4.677000,4.620000
40,76,3,4.306600,4.223000,4.290000,4.351000,4.270000,4.399000
40,77,3,4.201400,4.119000,4.246000,4.168000,4.223000,4.251000
40,78,3,4.395600,4.315000,4.501000,4.413000,4.402000,4.347000
40,79,3,4.393800,4.330000,4.442000,4.426000,4.429000,4.342000
40,80,4,4.231600,4.156000,4.363000,4.183000,4.158000,4.298000
40,81,4,4.524400,4.486000,4.646000,4.432000,4.597000,4.461000
40,82,4,4.238800,4.153000,4.376000,4.207000,4.246000,4.212000
40,83,4,4.374400,4.393000,4.293000,4.501000,4.317000,4.368000
40,84,4,4.496600,4.474000,4.508000,4.598000,4.458000,4.445000
40,85,4,4.341000,4.482000,4.319000,4.273000,4.261000,4.370000
40,86,4,4.288800,4.264000,4.394000,4.365000,4.209000,4.212000
40,87,4,4.368000,4.143000,4.573000,4.278000,4.388000,4.458000
40,88,4,4.327000,4.230000,4.485000,4.295000,4.354000,4.271000
40,89,4,4.532400,4.485000,4.514000,4.516000,4.518000,4.629000
40,90,4,4.382600,4.392000,4.408000,4.463000,4.323000,4.327000
40,91,4,4.399200,4.320000,4.527000,4.437000,4.393000,4.319000
40,92,4,4.250400,4.305000,4.306000,4.251000,4.127000,4.263000
40,93,4,4.374400,4.357000,4.346000,4.442000,4.341000,4.386000
40,94,4,4.196600,4.143000,4.382000,4.201000,4.135000,4.122000
40,95,4,4.200200,4.208000,4.193000,4.137000,4.199000,4.264000
40,96,4,4.385200,4.435000,4.515000,4.324000,4.382000,4.270000
40,97,4,4.247800,4.295000,4.296000,4.081000,4.325000,4.242000
40,98,4,4.116600,4.152000,4.071000,4.259000,4.034000,4.067000
40,99,4,4.251600,4.156000,4.346000,4.301000,4.363000,4.092000
41,0,1,5.337600,5.369000,5.231000,5.191000,5.414000,5.483000
41,1,1,5.666600,5.739000,5.600000,5.678000,5.726000,5.590000
41,2,1,5.435400,5.422000,5.455000,5.349000,5.565000,5.386000
41,3,1,5.278800,5.175000,5.385000,5.258000,5.278000,5.298000
41,4,1,5.529000,5.521000,5.473000,5.397000,5.679000,5.575000
41,5,1,5.184200,5.195000,5.155000,5.101000,5.127000,5.343000
41,6,1,5.703000,5.777000,5.612000,5.745000,5.698000,5.683000
41,7,1,5.717600,5.769000,5.714000,5.658000,5.747000,5.700000
41,8,1,5.605200,5.718000,5.507000,5.511000,5.669000,5.621000
41,9,1,5.683600,5.825000,5.356000,5.629000,5.792000,5.816000
41,10,1,5.529800,5.483000,5.474000,5.589000,5.608000,5.495000
41,11,1,5.624200,5.581000,5.569000,5.520000,5.743000,5.708000
41,12,1,5.689400,5.654000,5.769000,5.643000,5.731000,5.650000
41,13,1,5.557400,5.553000,5.524000,5.543000,5.629000,5.538000
41,14,1,5.726000,5.661000,5.590000,5.674000,5.786000,5.919000
41,15,1,5.331600,5.299000,5.357000,5.228000,5.369000,5.405000
41,16,1,5.537400,5.631000,5.488000,5.471000,5.753000,5.344000
41,17,1,5.411600,5.341000,5.431000,5.360000,5.450000,5.476000
41,18,1,5.162400,5.144000,5.013000,5.221000,5.217000,5.217000
41,19,1,5.325200,5.473000,5.245000,5.330000,5.333000,5.245000
42,0,1,5.621200,5.564000,5.531000,5.582000,5.762000,5.667000
42,1,1,5.905400,5.905000,5.750000,5.834000,5.984000,6.054000
42,2,1,5.451800,5.279000,5.431000,5.360000,5.561000,5.628000
42,3,1,5.312400,5.284000,5.213000,5.186000,5.389000,5.490000
42,4,1,5.511800,5.575000,5.417000,5.487000,5.407000,5.673000
42,5,1,5.300400,5.283000,5.158000,5.217000,5.300000,5.544000
42,6,1,5.561800,5.349000,5.490000,5.581000,5.619000,5.770000
42,7,1,5.568200,5.453000,5.566000,5.530000,5.600000,5.692000
42,8,1,5.351600,5.248000,5.204000,5.266000,5.513000,5.527000
42,9,1,5.504600,5.374000,5.452000,5.566000,5.685000,5.446000
42,10,1,5.613000,5.586000,5.499000,5.614000,5.673000,5.693000
42,11,1,5.393600,5.459000,5.200000,5.373000,5.390000,5.546000
42,12,1,5.318400,5.282000,5.269000,5.230000,5.334000,5.477000
42,13,1,5.538600,5.534000,5.334000,5.484000,5.571000,5.770000
42,14,1,5.785000,5.751000,5.710000,5.728000,5.848000,5.888000
42,15,1,5.388800,5.324000,5.253000,5.361000,5.462000,5.544000
42,16,1,5.471400,5.584000,5.336000,5.376000,5.464000,5.597000
42,17,1,5.671800,5.708000,5.697000,5.596000,5.714000,5.644000
42,18,1,5.422600,5.440000,5.229000,5.375000,5.461000,5.608000
42,19,1,5.137400,5.093000,5.084000,5.097000,5.180000,5.233000
43,0,1,5.766600,5.339000,5.778000,5.877000,5.819000,6.020000
43,1,1,5.643400,5.674000,5.511000,5.603000,5.743000,5.686000
43,2,1,5.408600,5.530000,5.203000,5.395000,5.507000,5.408000
43,3,1,5.684800,5.561000,5.699000,5.693000,5.708000,5.763000
43,4,1,5.477200,5.302000,5.556000,5.299000,5.534000,5.695000
43,5,1,5.252200,5.314000,5.164000,5.277000,5.264000,5.242000
43,6,1,5.599800,5.476000,5.486000,5.565000,5.617000,5.855000
43,7,1,5.284600,5.385000,5.280000,5.167000,5.312000,5.279000
43,8,1,5.611000,5.547000,5.664000,5.511000,5.623000,5.710000
43,9,1,5.553200,5.537000,5.568000,5.485000,5.506000,5.670000
43,10,1,5.569200,5.704000,5.549000,5.560000,5.497000,5.536000
43,11,1,5.580400,5.684000,5.602000,5.588000,5.196000,5.832000
43,12,1,5.299800,5.367000,5.359000,5.079000,5.294000,5.400000
43,13,1,5.788600,5.799000,5.785000,5.769000,5.750000,5.840000
43,14,1,5.398400,5.496000,5.403000,5.220000,5.486000,5.387000
43,15,1,5.085600,5.062000,4.922000,5.295000,5.119000,5.030000
43,16,1,5.810800,5.851000,5.683000,5.850000,5.810000,5.860000
43,17,1,5.789200,5.887000,5.671000,5.749000,5.703000,5.936000
43,18,1,5.338200,5.343000,5.268000,5.284000,5.387000,5.409000
43,19,1,5.548400,5.585000,5.466000,5.540000,5.621000,5.530000
44,0,1,5.655000,5.600000,5.582000,5.664000,5.580000,5.849000
44,1,1,5.732400,5.721000,5.736000,5.690000,5.734000,5.781000
44,2,1,5.615600,5.604000,5.580000,5.651000,5.608000,5.635000
44,3,1,5.627800,5.786000,5.487000,5.650000,5.610000,5.606000
44,4,1,5.869600,5.890000,5.845000,5.853000,5.869000,5.891000
44,5,1,5.341800,5.323000,5.402000,5.447000,5.192000,5.345000
44,6,1,5.634400,5.684000,5.670000,5.616000,5.442000,5.760000
44,7,1,5.754400,5.766000,5.701000,5.775000,5.683000,5.847000
44,8,1,5.558600,5.575000,5.507000,5.508000,5.592000,5.611000
44,9,1,5.276200,5.322000,5.227000,5.164000,5.232000,5.436000
44,10,1,5.528800,5.440000,5.678000,5.448000,5.506000,5.572000
44,11,1,5.425600,5.507000,5.406000,5.431000,5.341000,5.443000
44,12,1,5.368800,5.414000,5.331000,5.300000,5.468000,5.331000
44,13,1,5.339600,5.307000,5.292000,5.405000,5.323000,5.371000
44,14,1,5.389400,5.237000,5.428000,5.520000,5.230000,5.532000
44,15,1,5.579200,5.523000,5.688000,5.494000,5.563000,5.628000
44,16,1,5.594200,5.689000,5.479000,5.760000,5.618000,5.425000
44,17,1,5.621000,5.648000,5.637000,5.636000,5.495000,5.689000
44,18,1,5.547200,5.679000,5.548000,5.500000,5.551000,5.458000
44,19,1,5.680000,5.876000,5.533000,5.695000,5.585000,5.711000
45,0,1,5.551000,5.814000,5.324000,5.540000,5.361000,5.716000
45,1,1,5.346000,5.497000,5.268000,5.318000,5.275000,5.372000
45,2,1,5.369800,5.300000,5.045000,5.472000,5.556000,5.476000
45,3,1,5.668400,5.734000,5.282000,5.729000,5.700000,5.897000
45,4,1,5.424000,5.426000,5.287000,5.429000,5.443000,5.535000
45,5,1,5.613200,5.661000,5.608000,5.650000,5.541000,5.606000
45,6,1,5.746200,5.851000,5.616000,5.763000,5.663000,5.838000
45,7,1,5.767600,5.929000,5.639000,5.733000,5.660000,5.877000
45,8,1,5.786800,5.903000,5.656000,5.718000,5.677000,5.980000
45,9,1,5.548800,5.598000,5.574000,5.533000,5.485000,5.554000
45,10,1,5.266200,5.256000,5.249000,5.247000,5.195000,5.384000
45,11,1,5.596400,5.680000,5.462000,5.554000,5.589000,5.697000
45,12,1,5.583400,5.604000,5.478000,5.541000,5.592000,5.702000
45,13,1,5.623600,5.574000,5.182000,5.903000,5.659000,5.800000
45,14,1,5.853600,5.986000,5.745000,5.900000,5.761000,5.876000
45,15,1,5.707200,5.752000,5.411000,5.734000,5.710000,5.929000
45,16,1,5.634600,5.697000,5.685000,5.618000,5.556000,5.617000
45,17,1,5.692000,5.806000,5.483000,5.710000,5.660000,5.801000
45,18,1,5.488600,5.499000,5.506000,5.496000,5.392000,5.550000
45,19,1,5.506400,5.573000,5.487000,5.485000,5.350000,5.637000
46,0,1,5.638000,5.575000,5.744000,5.681000,5.562000,5.628000
46,1,1,5.748200,5.791000,5.868000,5.669000,5.724000,5.689000
46,2,1,5.355600,5.348000,5.482000,5.338000,5.304000,5.306000
46,3,1,5.661400,5.642000,5.650000,5.716000,5.652000,5.647000
46,4,1,5.602600,5.560000,5.704000,5.645000,5.481000,5.623000
46,5,1,5.424600,5.321000,5.427000,5.423000,5.456000,5.496000
46,6,1,5.702400,5.708000,5.719000,5.713000,5.766000,5.606000
46,7,1,5.798400,5.774000,5.852000,5.662000,5.897000,5.807000
46,8,1,5.448000,5.360000,5.555000,5.341000,5.418000,5.566000
46,9,1,5.487800,5.503000,5.471000,5.440000,5.498000,5.527000
46,10,1,5.360800,5.378000,5.337000,5.207000,5.388000,5.494000
46,11,1,5.445200,5.479000,5.563000,5.358000,5.410000,5.416000
46,12,1,5.549000,5.622000,5.589000,5.622000,5.547000,5.365000
46,13,1,5.333400,5.292000,5.331000,5.439000,5.204000,5.401000
46,14,1,5.552800,5.472000,5.654000,5.584000,5.564000,5.490000
46,15,1,5.413800,5.357000,5.499000,5.388000,5.421000,5.404000
46,16,1,5.543000,5.428000,5.625000,5.557000,5.489000,5.616000
46,17,1,5.770600,5.860000,5.819000,5.781000,5.679000,5.714000
46,18,1,5.555400,5.560000,5.544000,5.537000,5.552000,5.584000
46,19,1,5.416200,5.367000,5.498000,5.502000,5.224000,5.490000
47,0,1,5.391800,5.359000,5.413000,5.455000,5.380000,5.352000
47,1,1,5.411600,5.417000,5.483000,5.324000,5.435000,5.399000
47,2,1,5.513600,5.535000,5.481000,5.579000,5.531000,5.442000
47,3,1,5.876600,5.920000,5.920000,5.817000,5.923000,5.803000
47,4,1,5.419600,5.433000,5.450000,5.374000,5.435000,5.406000
47,5,1,5.790800,5.618000,5.830000,5.794000,5.871000,5.841000
47,6,1,5.069000,5.055000,5.118000,5.085000,5.074000,5.013000
47,7,1,5.505400,5.457000,5.443000,5.352000,5.737000,5.538000
47,8,1,5.599600,5.547000,5.713000,5.631000,5.625000,5.482000
47,9,1,5.408200,5.283000,5.583000,5.346000,5.366000,5.463000
47,10,1,5.557200,5.651000,5.564000,5.465000,5.587000,5.519000
47,11,1,5.664800,5.564000,5.660000,5.788000,5.702000,5.610000
47,12,1,5.571400,5.697000,5.524000,5.519000,5.552000,5.565000
47,13,1,5.397000,5.439000,5.444000,5.356000,5.466000,5.280000
47,14,1,5.990200,5.990000,6.103000,5.948000,6.017000,5.893000
47,15,1,5.535800,5.423000,5.775000,5.387000,5.566000,5.528000
47,16,1,5.643000,5.572000,5.608000,5.640000,5.692000,5.703000
47,17,1,5.528200,5.406000,5.629000,5.512000,5.510000,5.584000
47,18,1,5.325400,5.417000,5.373000,5.170000,5.319000,5.348000
47,19,1,5.549800,5.642000,5.526000,5.477000,5.570000,5.534000
48,0,1,5.608200,5.579000,5.698000,5.480000,5.662000,5.622000
48,1,1,5.625000,5.637000,5.673000,5.536000,5.794000,5.485000
48,2,1,5.907000,5.971000,5.972000,5.774000,6.021000,5.797000
48,3,1,5.680000,5.539000,5.893000,5.540000,5.770000,5.658000
48,4,1,5.159000,5.184000,5.309000,5.053000,5.217000,5.032000
48,5,1,5.576800,5.425000,5.688000,5.479000,5.763000,5.529000
48,6,1,5.457800,5.548000,5.625000,5.315000,5.597000,5.204000
48,7,1,5.344200,5.218000,5.373000,5.193000,5.654000,5.283000
48,8,1,5.752400,5.771000,5.856000,5.608000,5.858000,5.669000
48,9,1,5.551400,5.486000,5.705000,5.425000,5.600000,5.541000
48,10,1,5.827800,5.854000,5.894000,5.686000,6.042000,5.663000
48,11,1,5.719200,5.635000,5.874000,5.684000,5.830000,5.573000
48,12,1,5.199600,5.097000,5.378000,5.083000,5.287000,5.153000
48,13,1,5.557600,5.464000,5.573000,5.416000,5.775000,5.560000
48,14,1,5.419400,5.451000,5.527000,5.249000,5.531000,5.339000
48,15,1,5.692400,5.717000,5.858000,5.444000,5.866000,5.577000
48,16,1,5.611200,5.619000,5.701000,5.507000,5.707000,5.522000
48,17,1,5.500200,5.455000,5.555000,5.264000,5.747000,5.480000
48,18,1,5.648400,5.635000,5.741000,5.540000,5.749000,5.577000
48,19,1,5.938600,6.026000,5.969000,5.832000,6.066000,5.800000
49,0,1,5.018200,5.010000,4.933000,5.011000,5.017000,5.120000
49,1,1,5.059400,5.139000,5.050000,5.031000,5.081000,4.996000
49,2,1,5.358200,5.398000,5.219000,5.319000,5.428000,5.427000
49,3,1,5.408600,5.396000,5.418000,5.449000,5.334000,5.446000
49,4,1,5.739200,5.744000,5.770000,5.659000,5.685000,5.838000
49,5,1,5.507800,5.471000,5.325000,5.598000,5.625000,5.520000
49,6,1,5.855200,5.863000,5.781000,5.727000,5.830000,6.075000
49,7,1,5.658400,5.638000,5.553000,5.643000,5.757000,5.701000
49,8,1,5.221400,5.208000,5.361000,5.126000,5.283000,5.129000
49,9,1,5.628400,5.601000,5.618000,5.595000,5.536000,5.792000
49,10,1,5.287000,5.315000,5.304000,5.346000,5.121000,5.349000
49,11,1,5.800800,5.955000,5.653000,5.816000,5.789000,5.791000
49,12,1,5.976800,6.046000,5.833000,5.923000,5.968000,6.114000
49,13,1,5.232000,5.238000,5.219000,5.143000,5.293000,5.267000
49,14,1,5.445800,5.459000,5.501000,5.365000,5.472000,5.432000
49,15,1,5.397000,5.430000,5.375000,5.360000,5.458000,5.362000
49,16,1,5.626600,5.706000,5.565000,5.605000,5.647000,5.610000
49,17,1,5.455200,5.429000,5.493000,5.199000,5.586000,5.569000
49,18,1,5.624600,5.623000,5.582000,5.643000,5.610000,5.665000
49,19,1,5.327800,5.335000,5.283000,5.300000,5.327000,5.394000
50,0,0,4.395400,4.270000,4.518000,4.495000,4.318000,4.376000
50,1,0,4.532600,4.439000,4.621000,4.584000,4.527000,4.492000
50,2,0,4.481600,4.492000,4.669000,4.423000,4.440000,4.384000
50,3,0,4.537800,4.394000,4.575000,4.647000,4.490000,4.583000
50,4,0,4.360400,4.366000,4.466000,4.409000,4.306000,4.255000
50,5,0,4.500400,4.561000,4.541000,4.506000,4.529000,4.365000
50,6,0,4.564400,4.481000,4.638000,4.547000,4.593000,4.563000
50,7,0,4.512800,4.387000,4.565000,4.622000,4.556000,4.434000
50,8,0,4.424400,4.485000,4.536000,4.322000,4.481000,4.298000
50,9,0,4.749800,4.617000,4.839000,4.740000,4.788000,4.765000
50,10,0,4.425400,4.454000,4.340000,4.506000,4.449000,4.378000
50,11,0,4.558800,4.687000,4.666000,4.606000,4.457000,4.378000
50,12,0,4.513200,4.445000,4.563000,4.551000,4.536000,4.471000
50,13,0,4.374200,4.462000,4.473000,4.336000,4.288000,4.312000
50,14,0,4.751000,4.670000,4.815000,4.772000,4.713000,4.785000
50,15,0,4.584400,4.553000,4.617000,4.560000,4.695000,4.497000
50,16,0,4.355800,4.348000,4.441000,4.407000,4.345000,4.238000
50,17,0,4.600000,4.540000,4.669000,4.667000,4.593000,4.531000
50,18,0,4.376200,4.296000,4.484000,4.409000,4.284000,4.408000
50,19,0,4.501000,4.485000,4.587000,4.640000,4.452000,4.341000
50,20,1,5.433800,5.332000,5.591000,5.482000,5.299000,5.465000
50,21,1,5.757400,5.674000,5.891000,5.764000,5.714000,5.744000
50,22,1,5.766400,5.691000,5.878000,5.846000,5.669000,5.748000
50,23,1,5.756400,5.796000,5.757000,5.772000,5.718000,5.739000
50,24,1,5.697800,5.674000,5.740000,5.785000,5.613000,5.677000
50,25,1,5.681800,5.549000,5.819000,5.689000,5.607000,5.745000
50,26,1,5.348400,5.302000,5.542000,5.377000,5.253000,5.268000
50,27,1,5.720800,5.622000,5.862000,5.700000,5.620000,5.800000
50,28,1,5.446800,5.347000,5.580000,5.471000,5.374000,5.462000
50,29,1,5.506800,5.411000,5.555000,5.704000,5.419000,5.445000
50,30,1,5.761200,5.718000,5.852000,5.898000,5.650000,5.688000
50,31,1,5.724000,5.588000,5.863000,5.831000,5.634000,5.704000
50,32,1,5.665200,5.656000,5.750000,5.628000,5.502000,5.790000
50,33,1,5.511400,5.347000,5.647000,5.674000,5.346000,5.543000
50,34,1,5.423800,5.387000,5.467000,5.432000,5.404000,5.429000
50,35,1,5.706000,5.614000,5.835000,5.711000,5.572000,5.798000
50,36,1,5.442800,5.352000,5.515000,5.550000,5.394000,5.403000
50,37,1,5.727000,5.678000,5.806000,5.698000,5.614000,5.839000
50,38,1,5.625200,5.645000,5.688000,5.769000,5.473000,5.551000
50,39,1,5.753000,5.677000,5.861000,5.858000,5.675000,5.694000
50,40,2,4.289200,4.381000,4.419000,4.316000,4.264000,4.066000
50,41,2,4.281000,4.212000,4.387000,4.362000,4.186000,4.258000
50,42,2,4.290000,4.232000,4.411000,4.339000,4.187000,4.281000
50,43,2,4.553600,4.463000,4.743000,4.640000,4.543000,4.379000
50,44,2,4.131000,4.061000,4.304000,4.122000,4.068000,4.100000
50,45,2,4.245000,4.184000,4.387000,4.229000,4.199000,4.226000
50,46,2,4.199200,4.079000,4.301000,4.279000,4.180000,4.157000
50,47,2,4.403200,4.366000,4.479000,4.471000,4.439000,4.261000
50,48,2,4.371800,4.361000,4.468000,4.383000,4.312000,4.335000
50,49,2,4.286200,4.372000,4.380000,4.276000,4.232000,4.171000
50,50,2,4.273800,4.251000,4.452000,4.240000,4.157000,4.269000
50,51,2,4.261800,4.321000,4.386000,4.218000,4.238000,4.146000
50,52,2,4.036200,4.009000,4.042000,4.131000,4.061000,3.938000
50,53,2,4.254600,4.203000,4.317000,4.271000,4.277000,4.205000
50,54,2,4.069800,4.057000,4.056000,4.185000,4.016000,4.035000
50,55,2,4.366400,4.312000,4.548000,4.353000,4.287000,4.332000
50,56,2,4.405600,4.365000,4.520000,4.468000,4.394000,4.281000
50,57,2,4.428400,4.358000,4.591000,4.522000,4.326000,4.345000
50,58,2,4.036000,4.111000,4.205000,3.880000,3.990000,3.994000
50,59,2,4.565600,4.500000,4.610000,4.702000,4.580000,4.436000
50,60,3,4.202800,4.115000,4.298000,4.271000,4.193000,4.137000
50,61,3,4.470000,4.465000,4.602000,4.538000,4.360000,4.385000
50,62,3,4.668600,4.623000,4.643000,4.739000,4.659000,4.679000
50,63,3,4.608800,4.648000,4.599000,4.593000,4.594000,4.610000
50,64,3,4.688200,4.658000,4.714000,4.668000,4.715000,4.686000
50,65,3,4.512200,4.486000,4.501000,4.528000,4.553000,4.493000
50,66,3,4.609200,4.560000,4.623000,4.696000,4.587000,4.580000
50,67,3,4.605600,4.483000,4.695000,4.618000,4.486000,4.746000
50,68,3,4.762800,4.641000,4.758000,4.755000,4.857000,4.803000
50,69,3,4.580400,4.428000,4.727000,4.715000,4.459000,4.573000
50,70,3,4.477800,4.418000,4.549000,4.571000,4.411000,4.440000
50,71,3,4.557200,4.583000,4.628000,4.487000,4.544000,4.544000
50,72,3,4.469800,4.405000,4.528000,4.496000,4.422000,4.498000
50,73,3,4.533000,4.463000,4.579000,4.582000,4.504000,4.537000
50,74,3,4.512400,4.418000,4.579000,4.641000,4.393000,4.531000
50,75,3,4.480600,4.504000,4.573000,4.508000,4.444000,4.374000
50,76,3,4.729600,4.740000,4.830000,4.752000,4.708000,4.618000
50,77,3,4.414800,4.477000,4.450000,4.464000,4.416000,4.267000
50,78,3,4.541600,4.482000,4.587000,4.550000,4.531000,4.558000
50,79,3,4.388000,4.308000,4.431000,4.487000,4.275000,4.439000
50,80,4,4.327800,4.292000,4.413000,4.365000,4.369000,4.200000
50,81,4,4.519200,4.517000,4.703000,4.575000,4.378000,4.423000
50,82,4,4.673200,4.730000,4.640000,4.715000,4.589000,4.692000
50,83,4,4.422000,4.377000,4.514000,4.576000,4.317000,4.326000
50,84,4,4.134200,4.193000,4.229000,4.126000,4.031000,4.092000
50,85,4,4.677400,4.672000,4.747000,4.788000,4.568000,4.612000
50,86,4,4.687800,4.636000,4.684000,4.823000,4.606000,4.690000
50,87,4,4.364400,4.384000,4.490000,4.467000,4.196000,4.285000
50,88,4,4.500800,4.536000,4.660000,4.530000,4.286000,4.492000
50,89,4,4.088000,4.037000,4.191000,4.226000,3.974000,4.012000
50,90,4,4.353400,4.434000,4.431000,4.363000,4.250000,4.289000
50,91,4,4.188000,4.268000,4.236000,4.346000,4.045000,4.045000
50,92,4,4.230800,4.241000,4.198000,4.379000,4.176000,4.160000
50,93,4,4.730800,4.741000,4.844000,4.837000,4.530000,4.702000
50,94,4,4.439800,4.406000,4.460000,4.409000,4.429000,4.495000
50,95,4,4.261400,4.378000,4.260000,4.289000,4.160000,4.220000
50,96,4,4.460000,4.499000,4.630000,4.446000,4.394000,4.331000
50,97,4,4.336800,4.334000,4.398000,4.369000,4.247000,4.336000
50,98,4,4.404200,4.383000,4.470000,4.457000,4.507000,4.204000
50,99,4,4.533600,4.506000,4.671000,4.496000,4.448000,4.547000
51,0,1,5.803200,5.918000,5.946000,5.697000,5.671000,5.784000
51,1,1,5.405800,5.519000,5.381000,5.190000,5.376000,5.563000
51,2,1,5.188200,5.210000,5.288000,4.997000,5.170000,5.276000
51,3,1,5.391400,5.476000,5.406000,5.379000,5.324000,5.372000
51,4,1,5.530200,5.732000,5.469000,5.402000,5.435000,5.613000
51,5,1,5.398400,5.440000,5.438000,5.395000,5.208000,5.511000
51,6,1,5.735600,5.787000,5.780000,5.720000,5.599000,5.792000
51,7,1,5.527200,5.615000,5.506000,5.414000,5.489000,5.612000
51,8,1,5.554000,5.654000,5.491000,5.453000,5.559000,5.613000
51,9,1,5.787400,5.817000,5.848000,5.701000,5.669000,5.902000
51,10,1,5.056400,5.037000,5.025000,4.968000,5.077000,5.175000
51,11,1,5.501400,5.568000,5.567000,5.384000,5.458000,5.530000
51,12,1,5.507800,5.593000,5.547000,5.412000,5.393000,5.594000
51,13,1,5.415800,5.509000,5.480000,5.362000,5.270000,5.458000
51,14,1,5.263600,5.318000,5.132000,5.247000,5.228000,5.393000
51,15,1,5.500800,5.448000,5.559000,5.432000,5.562000,5.503000
51,16,1,5.655200,5.741000,5.684000,5.462000,5.621000,5.768000
51,17,1,5.729400,5.810000,5.836000,5.620000,5.708000,5.673000
51,18,1,5.502400,5.516000,5.402000,5.496000,5.563000,5.535000
51,19,1,5.557600,5.708000,5.545000,5.437000,5.443000,5.655000
52,0,1,5.608200,5.675000,5.419000,5.713000,5.700000,5.534000
52,1,1,5.394000,5.476000,5.273000,5.427000,5.473000,5.321000
52,2,1,5.687200,5.822000,5.597000,5.652000,5.789000,5.576000
52,3,1,5.552000,5.716000,5.383000,5.607000,5.670000,5.384000
52,4,1,5.603200,5.759000,5.502000,5.624000,5.706000,5.425000
52,5,1,5.524800,5.648000,5.515000,5.657000,5.489000,5.315000
52,6,1,5.396400,5.470000,5.444000,5.400000,5.518000,5.150000
52,7,1,5.524600,5.630000,5.416000,5.609000,5.661000,5.307000
52,8,1,5.432400,5.578000,5.377000,5.437000,5.560000,5.210000
52,9,1,5.487800,5.667000,5.430000,5.438000,5.523000,5.381000
52,10,1,5.756200,5.831000,5.761000,5.737000,5.757000,5.695000
52,11,1,5.573000,5.715000,5.470000,5.537000,5.696000,5.447000
52,12,1,5.772200,5.793000,5.739000,5.798000,5.953000,5.578000
52,13,1,5.495800,5.678000,5.327000,5.523000,5.492000,5.459000
52,14,1,5.326400,5.393000,5.240000,5.494000,5.445000,5.060000
52,15,1,5.259200,5.319000,5.232000,5.362000,5.229000,5.154000
52,16,1,5.659600,5.768000,5.618000,5.611000,5.697000,5.604000
52,17,1,5.593200,5.760000,5.535000,5.545000,5.724000,5.402000
52,18,1,5.615200,5.783000,5.390000,5.625000,5.846000,5.432000
52,19,1,5.531400,5.698000,5.387000,5.589000,5.633000,5.350000
53,0,1,5.450800,5.257000,5.545000,5.480000,5.551000,5.421000
53,1,1,5.315400,5.255000,5.338000,5.411000,5.198000,5.375000
53,2,1,5.609600,5.561000,5.686000,5.645000,5.568000,5.588000
53,3,1,5.451600,5.420000,5.432000,5.441000,5.502000,5.463000
53,4,1,5.384600,5.330000,5.375000,5.462000,5.345000,5.411000
53,5,1,5.140800,5.084000,5.084000,5.138000,5.181000,5.217000
53,6,1,5.729600,5.699000,5.713000,5.814000,5.709000,5.713000
53,7,1,5.450800,5.535000,5.446000,5.444000,5.336000,5.493000
53,8,1,5.648200,5.516000,5.630000,5.934000,5.581000,5.580000
53,9,1,5.564600,5.568000,5.483000,5.636000,5.635000,5.501000
53,10,1,5.767400,5.705000,5.986000,5.679000,5.761000,5.706000
53,11,1,5.480000,5.430000,5.565000,5.562000,5.474000,5.369000
53,12,1,5.419200,5.346000,5.576000,5.505000,5.307000,5.362000
53,13,1,5.233200,5.026000,5.354000,5.196000,5.364000,5.226000
53,14,1,5.261000,5.172000,5.291000,5.266000,5.199000,5.377000
53,15,1,5.289400,5.289000,5.173000,5.391000,5.224000,5.370000
53,16,1,5.502000,5.521000,5.532000,5.512000,5.558000,5.387000
53,17,1,5.658000,5.584000,5.697000,5.619000,5.682000,5.708000
53,18,1,5.427600,5.457000,5.446000,5.407000,5.384000,5.444000
53,19,1,5.645800,5.572000,5.624000,5.661000,5.668000,5.704000
54,0,1,5.475200,5.232000,5.618000,5.450000,5.502000,5.574000
54,1,1,5.570200,5.516000,5.631000,5.481000,5.676000,5.547000
54,2,1,5.767400,5.644000,5.858000,5.683000,5.800000,5.852000
54,3,1,5.630000,5.655000,5.678000,5.710000,5.608000,5.499000
54,4,1,5.648200,5.443000,5.670000,5.656000,5.787000,5.685000
54,5,1,5.525200,5.427000,5.617000,5.485000,5.506000,5.591000
54,6,1,5.555200,5.439000,5.625000,5.498000,5.547000,5.667000
54,7,1,5.593200,5.505000,5.773000,5.428000,5.526000,5.734000
54,8,1,5.879200,5.856000,5.917000,5.892000,5.866000,5.865000
54,9,1,5.599000,5.528000,5.641000,5.499000,5.671000,5.656000
54,10,1,5.941200,5.817000,5.956000,5.892000,6.058000,5.983000
54,11,1,5.977400,5.905000,6.047000,5.893000,6.067000,5.975000
54,12,1,5.642000,5.598000,5.640000,5.484000,5.725000,5.763000
54,13,1,5.600400,5.466000,5.616000,5.553000,5.650000,5.717000
54,14,1,5.763800,5.742000,5.768000,5.669000,5.800000,5.840000
54,15,1,5.380200,5.360000,5.357000,5.321000,5.379000,5.484000
54,16,1,5.423200,5.447000,5.487000,5.390000,5.448000,5.344000
54,17,1,5.360600,5.297000,5.530000,5.108000,5.452000,5.416000
54,18,1,5.077600,5.042000,5.137000,4.992000,5.104000,5.113000
54,19,1,5.661600,5.535000,5.738000,5.528000,5.774000,5.733000
55,0,1,5.868600,5.903000,5.761000,6.009000,5.906000,5.764000
55,1,1,5.855200,5.792000,5.870000,5.960000,5.957000,5.697000
55,2,1,5.768200,5.774000,5.796000,5.898000,5.680000,5.693000
55,3,1,5.730000,5.710000,5.659000,5.873000,5.778000,5.630000
55,4,1,5.727600,5.736000,5.695000,5.840000,5.739000,5.628000
55,5,1,5.694000,5.691000,5.732000,5.781000,5.755000,5.511000
55,6,1,5.589000,5.486000,5.614000,5.756000,5.605000,5.484000
55,7,1,5.514400,5.479000,5.551000,5.573000,5.516000,5.453000
55,8,1,5.598200,5.679000,5.491000,5.703000,5.548000,5.570000
55,9,1,5.642000,5.731000,5.650000,5.697000,5.548000,5.584000
55,10,1,5.541000,5.606000,5.383000,5.593000,5.665000,5.458000
55,11,1,5.793000,5.793000,5.815000,5.796000,5.903000,5.658000
55,12,1,5.724600,5.701000,5.610000,5.864000,5.814000,5.634000
55,13,1,5.843000,5.984000,5.649000,5.996000,5.820000,5.766000
55,14,1,6.044600,6.118000,5.937000,6.168000,6.093000,5.907000
55,15,1,5.944000,5.877000,5.964000,6.033000,5.955000,5.891000
55,16,1,5.366600,5.335000,5.379000,5.395000,5.362000,5.362000
55,17,1,5.495200,5.570000,5.305000,5.639000,5.496000,5.466000
55,18,1,5.593400,5.539000,5.588000,5.670000,5.671000,5.499000
55,19,1,5.691000,5.733000,5.664000,5.758000,5.704000,5.596000
56,0,1,5.801800,5.958000,5.696000,5.706000,5.802000,5.847000
56,1,1,5.506200,5.552000,5.419000,5.438000,5.524000,5.598000
56,2,1,5.639000,5.735000,5.592000,5.613000,5.536000,5.719000
56,3,1,5.973400,6.040000,5.967000,5.928000,5.906000,6.026000
56,4,1,5.619000,5.661000,5.600000,5.627000,5.550000,5.657000
56,5,1,5.668000,5.693000,5.560000,5.673000,5.677000,5.737000
56,6,1,5.570000,5.619000,5.625000,5.560000,5.482000,5.564000
56,7,1,5.838400,5.876000,5.820000,5.809000,5.792000,5.895000
56,8,1,5.946200,5.994000,5.829000,6.025000,5.902000,5.981000
56,9,1,5.731800,5.766000,5.663000,5.766000,5.774000,5.690000
56,10,1,5.607600,5.649000,5.535000,5.683000,5.530000,5.641000
56,11,1,5.899200,5.826000,5.911000,5.978000,5.914000,5.867000
56,12,1,5.992400,6.091000,5.957000,5.892000,6.031000,5.991000
56,13,1,5.503200,5.677000,5.397000,5.397000,5.490000,5.555000
56,14,1,5.676600,5.798000,5.650000,5.604000,5.645000,5.686000
56,15,1,5.749200,5.820000,5.654000,5.794000,5.686000,5.792000
56,16,1,5.660000,5.814000,5.597000,5.677000,5.548000,5.664000
56,17,1,5.782000,5.826000,5.633000,5.799000,5.790000,5.862000
56,18,1,5.636800,5.765000,5.478000,5.783000,5.612000,5.546000
56,19,1,5.791400,5.872000,5.732000,5.785000,5.717000,5.851000
57,0,1,5.538800,5.474000,5.509000,5.641000,5.516000,5.554000
57,1,1,5.752200,5.770000,5.763000,5.773000,5.700000,5.755000
57,2,1,5.658800,5.599000,5.468000,5.769000,5.818000,5.640000
57,3,1,5.582800,5.562000,5.586000,5.710000,5.487000,5.569000
57,4,1,5.469800,5.296000,5.339000,5.599000,5.578000,5.537000
57,5,1,5.878600,5.761000,5.759000,6.018000,5.904000,5.951000
57,6,1,5.729800,5.775000,5.652000,5.784000,5.738000,5.700000
57,7,1,5.489600,5.599000,5.400000,5.531000,5.565000,5.353000
57,8,1,5.519200,5.442000,5.445000,5.717000,5.581000,5.411000
57,9,1,5.775800,5.774000,5.677000,5.859000,5.703000,5.866000
57,10,1,5.834800,5.861000,5.863000,5.978000,5.850000,5.622000
57,11,1,5.139800,5.136000,5.063000,5.247000,5.082000,5.171000
57,12,1,5.749400,5.764000,5.704000,5.754000,5.775000,5.750000
57,13,1,5.669600,5.605000,5.614000,5.858000,5.590000,5.681000
57,14,1,5.874800,5.763000,5.796000,6.010000,5.849000,5.956000
57,15,1,5.604200,5.586000,5.558000,5.746000,5.563000,5.568000
57,16,1,5.613200,5.551000,5.599000,5.730000,5.591000,5.595000
57,17,1,5.796400,5.709000,5.796000,5.875000,5.751000,5.851000
57,18,1,5.661000,5.740000,5.652000,5.674000,5.583000,5.656000
57,19,1,5.673000,5.676000,5.534000,5.787000,5.594000,5.774000
58,0,1,5.598600,5.612000,5.679000,5.650000,5.482000,5.570000
58,1,1,5.746000,5.887000,5.704000,5.602000,5.772000,5.765000
58,2,1,5.800000,5.857000,5.813000,5.741000,5.882000,5.707000
58,3,1,5.861200,5.974000,5.878000,5.712000,5.856000,5.886000
58,4,1,5.256000,5.399000,5.226000,5.040000,5.439000,5.176000
58,5,1,5.937000,5.960000,5.986000,5.851000,5.902000,5.986000
58,6,1,6.073600,6.107000,6.009000,6.089000,6.095000,6.068000
58,7,1,5.736200,5.814000,5.732000,5.665000,5.740000,5.730000
58,8,1,5.804200,5.794000,5.780000,5.852000,5.841000,5.754000
58,9,1,5.789200,5.914000,5.857000,5.660000,5.783000,5.732000
58,10,1,5.525200,5.598000,5.486000,5.528000,5.553000,5.461000
58,11,1,5.485800,5.621000,5.571000,5.292000,5.526000,5.419000
58,12,1,5.801600,5.954000,5.890000,5.596000,5.769000,5.799000
58,13,1,5.375200,5.452000,5.340000,5.305000,5.471000,5.308000
58,14,1,5.713800,5.787000,5.589000,5.660000,5.854000,5.679000
58,15,1,5.885600,5.984000,5.928000,5.832000,5.775000,5.909000
58,16,1,5.732400,5.831000,5.758000,5.691000,5.674000,5.708000
58,17,1,5.596600,5.769000,5.632000,5.426000,5.546000,5.610000
58,18,1,5.528000,5.591000,5.625000,5.412000,5.590000,5.422000
58,19,1,5.605000,5.751000,5.571000,5.606000,5.555000,5.542000
59,0,1,5.561800,5.527000,5.575000,5.727000,5.703000,5.277000
59,1,1,5.806000,5.825000,5.792000,5.889000,5.833000,5.691000
59,2,1,5.663800,5.595000,5.665000,5.778000,5.811000,5.470000
59,3,1,5.676800,5.538000,5.771000,5.771000,5.675000,5.629000
59,4,1,5.631200,5.662000,5.567000,5.704000,5.849000,5.374000
59,5,1,5.419000,5.416000,5.494000,5.436000,5.527000,5.222000
59,6,1,5.885400,5.853000,5.905000,5.996000,5.938000,5.735000
59,7,1,5.841800,5.792000,5.875000,5.897000,6.004000,5.641000
59,8,1,5.481800,5.350000,5.585000,5.609000,5.608000,5.257000
59,9,1,5.802000,5.688000,5.735000,5.902000,6.063000,5.622000
59,10,1,5.766400,5.559000,5.762000,5.786000,5.982000,5.743000
59,11,1,5.731600,5.665000,5.722000,5.778000,5.862000,5.631000
59,12,1,5.645200,5.591000,5.689000,5.691000,5.769000,5.486000
59,13,1,5.544000,5.427000,5.501000,5.737000,5.635000,5.420000
59,14,1,5.846200,5.691000,5.814000,5.993000,5.954000,5.779000
59,15,1,5.786800,5.740000,5.774000,5.891000,5.971000,5.558000
59,16,1,5.400600,5.256000,5.444000,5.488000,5.571000,5.244000
59,17,1,5.862600,5.808000,5.777000,6.005000,5.998000,5.725000
59,18,1,5.686000,5.672000,5.790000,5.612000,5.771000,5.585000
59,19,1,5.845800,5.760000,5.787000,5.917000,5.979000,5.786000
60,0,0,4.647800,4.585000,4.805000,4.545000,4.607000,4.697000
60,1,0,4.648600,4.568000,4.708000,4.611000,4.661000,4.695000
60,2,0,4.487400,4.503000,4.503000,4.465000,4.484000,4.482000
60,3,0,4.675600,4.638000,4.776000,4.609000,4.669000,4.686000
60,4,0,4.675800,4.640000,4.823000,4.659000,4.555000,4.702000
60,5,0,4.529600,4.549000,4.661000,4.469000,4.513000,4.456000
60,6,0,4.806000,4.715000,4.831000,4.877000,4.757000,4.850000
60,7,0,4.409600,4.272000,4.554000,4.362000,4.403000,4.457000
60,8,0,4.358200,4.254000,4.476000,4.419000,4.291000,4.351000
60,9,0,4.393800,4.318000,4.578000,4.275000,4.374000,4.424000
60,10,0,4.513800,4.562000,4.585000,4.381000,4.505000,4.536000
60,11,0,4.776800,4.794000,4.912000,4.691000,4.715000,4.772000
60,12,0,4.666600,4.612000,4.784000,4.587000,4.659000,4.691000
60,13,0,4.517800,4.412000,4.617000,4.465000,4.597000,4.498000
60,14,0,4.541400,4.422000,4.690000,4.511000,4.457000,4.627000
60,15,0,4.679400,4.662000,4.724000,4.593000,4.691000,4.727000
60,16,0,4.711600,4.706000,4.829000,4.564000,4.711000,4.748000
60,17,0,4.610800,4.577000,4.677000,4.574000,4.631000,4.595000
60,18,0,4.543600,4.514000,4.550000,4.458000,4.510000,4.686000
60,19,0,4.517000,4.436000,4.601000,4.535000,4.449000,4.564000
60,20,1,5.764000,5.622000,5.965000,5.696000,5.744000,5.793000
60,21,1,5.756000,5.789000,5.804000,5.708000,5.719000,5.760000
60,22,1,5.898600,5.896000,6.028000,5.906000,5.895000,5.768000
60,23,1,5.446600,5.536000,5.564000,5.461000,5.317000,5.355000
60,24,1,5.868000,5.982000,5.852000,5.753000,5.913000,5.840000
60,25,1,5.843200,5.792000,6.048000,5.767000,5.881000,5.728000
60,26,1,6.096200,6.160000,6.231000,5.935000,5.994000,6.161000
60,27,1,5.621400,5.678000,5.571000,5.635000,5.676000,5.547000
60,28,1,5.843800,5.867000,5.968000,5.794000,5.887000,5.703000
60,29,1,5.120000,5.086000,5.165000,5.138000,5.084000,5.127000
60,30,1,5.536800,5.484000,5.640000,5.478000,5.580000,5.502000
60,31,1,5.178000,5.177000,5.380000,5.106000,5.109000,5.118000
60,32,1,5.665400,5.569000,5.804000,5.758000,5.521000,5.675000
60,33,1,5.701200,5.684000,5.820000,5.645000,5.728000,5.629000
60,34,1,5.755400,5.782000,5.887000,5.712000,5.762000,5.634000
60,35,1,5.723000,5.668000,5.738000,5.739000,5.749000,5.721000
60,36,1,5.522600,5.477000,5.677000,5.393000,5.499000,5.567000
60,37,1,5.804600,5.902000,5.897000,5.684000,5.780000,5.760000
60,38,1,5.974400,6.021000,6.008000,5.864000,5.948000,6.031000
60,39,1,5.722200,5.839000,5.872000,5.618000,5.604000,5.678000
60,40,2,4.364600,4.300000,4.393000,4.411000,4.388000,4.331000
60,41,2,4.199400,4.025000,4.234000,4.279000,4.180000,4.279000
60,42,2,4.209600,4.045000,4.356000,4.247000,4.165000,4.235000
60,43,2,4.273400,4.145000,4.351000,4.268000,4.276000,4.327000
60,44,2,4.404000,4.331000,4.483000,4.382000,4.337000,4.487000
60,45,2,4.184800,4.045000,4.379000,4.184000,4.066000,4.250000
60,46,2,4.370600,4.111000,4.542000,4.358000,4.450000,4.392000
60,47,2,4.417200,4.395000,4.369000,4.393000,4.293000,4.636000
60,48,2,4.278600,4.227000,4.392000,4.241000,4.172000,4.361000
60,49,2,4.083200,4.007000,4.121000,4.112000,4.009000,4.167000
60,50,2,4.185000,4.031000,4.199000,4.270000,4.229000,4.196000
60,51,2,4.390600,4.193000,4.390000,4.426000,4.492000,4.452000
60,52,2,4.346600,4.255000,4.489000,4.346000,4.237000,4.406000
60,53,2,4.336000,4.256000,4.548000,4.192000,4.295000,4.389000
60,54,2,4.214800,4.216000,4.274000,4.284000,4.126000,4.174000
60,55,2,4.189400,4.127000,4.281000,4.230000,4.114000,4.195000
60,56,2,4.282600,4.198000,4.365000,4.237000,4.264000,4.349000
60,57,2,4.201400,3.995000,4.367000,4.183000,4.157000,4.305000
60,58,2,4.221000,4.075000,4.401000,4.277000,4.179000,4.173000
60,59,2,4.366200,4.238000,4.518000,4.404000,4.253000,4.418000
60,60,3,4.295800,4.307000,4.416000,4.246000,4.305000,4.205000
60,61,3,4.395400,4.424000,4.526000,4.311000,4.350000,4.366000
60,62,3,4.870800,4.857000,5.028000,4.835000,4.786000,4.848000
60,63,3,4.648600,4.658000,4.741000,4.588000,4.539000,4.717000
60,64,3,4.301000,4.240000,4.402000,4.236000,4.350000,4.277000
60,65,3,4.304000,4.306000,4.460000,4.189000,4.393000,4.172000
60,66,3,4.798200,4.894000,4.810000,4.746000,4.786000,4.755000
60,67,3,4.432800,4.436000,4.476000,4.470000,4.311000,4.471000
60,68,3,4.491800,4.512000,4.488000,4.490000,4.530000,4.439000
60,69,3,4.566000,4.476000,4.620000,4.471000,4.624000,4.639000
60,70,3,4.641800,4.543000,4.720000,4.640000,4.574000,4.732000
60,71,3,4.633000,4.584000,4.686000,4.623000,4.679000,4.593000
60,72,3,4.469000,4.498000,4.596000,4.423000,4.454000,4.374000
60,73,3,4.382600,4.258000,4.437000,4.317000,4.380000,4.521000
60,74,3,4.470600,4.365000,4.594000,4.497000,4.471000,4.426000
60,75,3,4.757000,4.745000,4.929000,4.711000,4.690000,4.710000
60,76,3,4.442200,4.347000,4.556000,4.441000,4.441000,4.426000
60,77,3,4.567400,4.458000,4.690000,4.562000,4.591000,4.536000
60,78,3,4.298200,4.339000,4.313000,4.257000,4.297000,4.285000
60,79,3,4.219200,4.334000,4.232000,4.140000,4.143000,4.247000
60,80,4,4.307400,4.263000,4.479000,4.314000,4.324000,4.157000
60,81,4,4.552200,4.671000,4.557000,4.537000,4.525000,4.471000
60,82,4,4.155800,4.110000,4.298000,4.051000,4.208000,4.112000
60,83,4,4.204800,4.156000,4.358000,4.040000,4.200000,4.270000
60,84,4,4.354200,4.320000,4.449000,4.306000,4.385000,4.311000
60,85,4,4.631200,4.522000,4.841000,4.665000,4.539000,4.589000
60,86,4,4.199400,4.023000,4.331000,4.131000,4.140000,4.372000
60,87,4,4.297600,4.127000,4.407000,4.318000,4.334000,4.302000
60,88,4,4.415800,4.384000,4.598000,4.408000,4.395000,4.294000
60,89,4,4.616400,4.684000,4.741000,4.490000,4.654000,4.513000
60,90,4,4.352000,4.206000,4.702000,4.303000,4.366000,4.183000
60,91,4,4.354600,4.316000,4.563000,4.289000,4.431000,4.174000
60,92,4,4.201400,4.077000,4.350000,4.084000,4.278000,4.218000
60,93,4,4.283400,4.132000,4.446000,4.335000,4.283000,4.221000
60,94,4,4.396000,4.323000,4.560000,4.408000,4.336000,4.353000
60,95,4,4.260000,4.226000,4.522000,4.166000,4.138000,4.248000
60,96,4,4.272600,4.295000,4.488000,4.169000,4.254000,4.157000
60,97,4,4.214600,4.177000,4.515000,4.056000,4.177000,4.148000
60,98,4,4.338200,4.205000,4.624000,4.190000,4.369000,4.303000
60,99,4,4.251600,4.313000,4.421000,4.196000,4.229000,4.099000
61,0,1,5.873200,5.799000,5.889000,5.932000,5.658000,6.088000
61,1,1,5.825800,5.892000,5.798000,5.829000,5.622000,5.988000
61,2,1,5.907000,6.016000,5.871000,5.951000,5.717000,5.980000
61,3,1,5.849400,5.902000,5.829000,5.913000,5.691000,5.912000
61,4,1,5.809400,5.831000,5.859000,5.811000,5.680000,5.866000
61,5,1,5.729600,5.780000,5.810000,5.794000,5.467000,5.797000
61,6,1,5.865600,5.733000,5.873000,5.922000,5.795000,6.005000
61,7,1,6.055200,6.070000,6.083000,6.099000,5.955000,6.069000
61,8,1,5.705200,5.631000,5.634000,5.800000,5.773000,5.688000
61,9,1,5.678400,5.823000,5.664000,5.707000,5.444000,5.754000
61,10,1,5.940000,5.863000,5.976000,5.985000,5.847000,6.029000
61,11,1,6.094200,6.075000,6.025000,6.165000,6.000000,6.206000
61,12,1,5.673600,5.800000,5.691000,5.704000,5.475000,5.698000
61,13,1,6.114800,6.097000,6.204000,6.142000,6.010000,6.121000
61,14,1,5.708000,5.751000,5.690000,5.684000,5.586000,5.829000
61,15,1,5.698800,5.875000,5.658000,5.589000,5.544000,5.828000
61,16,1,5.954400,5.898000,5.997000,5.921000,5.902000,6.054000
61,17,1,5.892200,5.956000,5.877000,5.957000,5.796000,5.875000
61,18,1,5.830600,5.937000,5.723000,5.846000,5.699000,5.948000
61,19,1,5.723000,5.814000,5.744000,5.679000,5.578000,5.800000
62,0,1,6.042800,6.053000,6.092000,6.075000,6.026000,5.968000
62,1,1,6.045000,6.003000,5.936000,6.048000,6.130000,6.108000
62,2,1,5.635800,5.550000,5.681000,5.637000,5.653000,5.658000
62,3,1,5.782400,5.777000,5.771000,5.777000,5.819000,5.768000
62,4,1,5.932200,6.021000,5.927000,5.962000,5.975000,5.776000
62,5,1,5.870000,5.793000,6.004000,5.866000,5.856000,5.831000
62,6,1,5.600200,5.632000,5.637000,5.531000,5.668000,5.533000
62,7,1,5.917200,5.983000,5.871000,5.913000,5.920000,5.899000
62,8,1,5.370800,5.442000,5.305000,5.443000,5.355000,5.309000
62,9,1,5.717400,5.667000,5.790000,5.802000,5.732000,5.596000
62,10,1,5.870000,5.812000,5.956000,5.963000,5.881000,5.738000
62,11,1,5.912600,5.954000,5.880000,5.941000,5.851000,5.937000
62,12,1,5.937000,5.946000,6.035000,6.010000,5.842000,5.852000
62,13,1,5.842400,5.749000,5.826000,5.971000,5.903000,5.763000
62,14,1,5.920200,5.879000,5.916000,5.993000,5.949000,5.864000
62,15,1,5.789800,5.820000,5.738000,5.768000,5.835000,5.788000
62,16,1,5.842200,5.926000,5.736000,5.922000,5.866000,5.761000
62,17,1,5.917400,5.773000,6.002000,5.941000,5.889000,5.982000
62,18,1,5.711400,5.762000,5.701000,5.766000,5.727000,5.601000
62,19,1,5.642000,5.716000,5.603000,5.584000,5.625000,5.682000
63,0,1,5.919400,6.051000,6.133000,5.394000,6.078000,5.941000
63,1,1,5.810200,5.903000,5.667000,5.731000,5.812000,5.938000
63,2,1,6.030000,6.085000,6.036000,6.000000,6.058000,5.971000
63,3,1,5.895800,5.943000,5.995000,5.492000,6.040000,6.009000
63,4,1,5.840600,5.728000,5.750000,5.836000,6.032000,5.857000
63,5,1,6.082000,5.998000,6.193000,6.070000,6.057000,6.092000
63,6,1,6.253000,6.250000,6.197000,6.268000,6.323000,6.227000
63,7,1,5.801800,5.738000,5.821000,5.742000,5.820000,5.888000
63,8,1,6.120800,6.035000,6.170000,6.078000,6.230000,6.091000
63,9,1,5.955000,5.955000,6.067000,5.867000,5.974000,5.912000
63,10,1,5.801600,5.799000,5.721000,5.840000,5.829000,5.819000
63,11,1,5.890600,5.839000,5.890000,5.829000,5.992000,5.903000
63,12,1,5.794600,5.712000,5.812000,5.757000,5.877000,5.815000
63,13,1,6.057200,6.163000,6.077000,5.953000,6.101000,5.992000
63,14,1,5.910200,5.824000,5.880000,5.933000,5.997000,5.917000
63,15,1,5.728600,5.714000,5.580000,5.802000,5.893000,5.654000
63,16,1,5.741200,5.822000,5.684000,5.788000,5.760000,5.652000
63,17,1,5.842000,5.825000,5.841000,5.856000,5.768000,5.920000
63,18,1,5.868000,5.840000,5.779000,5.922000,6.025000,5.774000
63,19,1,5.874200,5.819000,5.926000,5.856000,5.938000,5.832000
64,0,1,5.970600,5.763000,6.139000,5.983000,6.081000,5.887000
64,1,1,6.051000,6.102000,6.054000,6.008000,6.021000,6.070000
64,2,1,5.788200,5.885000,5.870000,5.749000,5.717000,5.720000
64,3,1,5.667800,5.721000,5.611000,5.786000,5.632000,5.589000
64,4,1,5.964400,6.155000,6.021000,5.853000,5.872000,5.921000
64,5,1,5.936800,6.016000,6.012000,5.888000,5.912000,5.856000
64,6,1,6.014200,6.099000,6.064000,5.944000,5.935000,6.029000
64,7,1,6.199200,6.289000,6.158000,6.105000,6.244000,6.200000
64,8,1,5.838000,6.006000,5.798000,5.801000,5.857000,5.728000
64,9,1,5.834400,6.017000,5.852000,5.824000,5.763000,5.716000
64,10,1,5.925000,6.004000,5.981000,5.973000,5.809000,5.858000
64,11,1,6.017800,6.076000,6.026000,6.069000,5.922000,5.996000
64,12,1,5.845600,5.928000,5.780000,5.847000,5.846000,5.827000
64,13,1,6.026800,6.089000,6.084000,5.922000,6.041000,5.998000
64,14,1,5.816400,5.808000,5.849000,5.839000,5.866000,5.720000
64,15,1,5.949400,6.113000,5.916000,5.875000,5.928000,5.915000
64,16,1,6.188400,6.328000,6.272000,6.140000,6.056000,6.146000
64,17,1,5.791400,5.843000,5.800000,5.767000,5.743000,5.804000
64,18,1,5.717800,5.837000,5.622000,5.747000,5.731000,5.652000
64,19,1,6.016800,6.128000,5.979000,6.027000,6.032000,5.918000
65,0,1,6.189000,6.209000,6.257000,6.214000,6.204000,6.061000
65,1,1,6.161600,6.068000,6.146000,6.113000,6.136000,6.345000
65,2,1,5.933200,6.001000,5.846000,5.856000,6.035000,5.928000
65,3,1,5.993000,5.979000,5.956000,5.937000,6.002000,6.091000
65,4,1,5.969800,6.024000,5.949000,5.994000,5.882000,6.000000
65,5,1,6.034800,6.062000,6.087000,5.990000,6.060000,5.975000
65,6,1,5.704800,5.610000,5.703000,5.722000,5.598000,5.891000
65,7,1,5.665400,5.657000,5.614000,5.584000,5.677000,5.795000
65,8,1,5.758800,5.745000,5.752000,5.765000,5.723000,5.809000
65,9,1,5.896400,6.008000,5.889000,5.719000,5.955000,5.911000
65,10,1,5.868000,5.896000,5.865000,5.828000,5.869000,5.882000
65,11,1,6.013600,6.057000,6.026000,5.813000,6.000000,6.172000
65,12,1,5.900000,5.865000,5.939000,5.922000,5.889000,5.885000
65,13,1,5.707800,5.672000,5.732000,5.700000,5.611000,5.824000
65,14,1,6.013400,6.107000,6.065000,6.041000,5.808000,6.046000
65,15,1,6.050000,6.179000,6.038000,5.918000,5.975000,6.140000
65,16,1,5.905000,5.900000,5.901000,5.915000,5.891000,5.918000
65,17,1,5.962400,5.876000,5.962000,6.006000,5.975000,5.993000
65,18,1,5.989800,5.982000,5.960000,5.988000,6.101000,5.918000
65,19,1,5.622800,5.646000,5.541000,5.509000,5.687000,5.731000
66,0,1,5.975400,5.895000,6.069000,6.004000,5.997000,5.912000
66,1,1,6.122800,6.230000,6.181000,6.007000,6.180000,6.016000
66,2,1,6.033200,6.030000,6.033000,5.951000,6.155000,5.997000
66,3,1,6.136400,6.145000,6.203000,6.067000,6.212000,6.055000
66,4,1,5.938200,5.846000,6.006000,5.882000,6.050000,5.907000
66,5,1,6.181400,6.182000,6.216000,6.170000,6.270000,6.069000
66,6,1,6.100600,6.188000,6.130000,5.953000,6.256000,5.976000
66,7,1,5.940400,6.009000,5.920000,5.887000,6.027000,5.859000
66,8,1,6.290600,6.364000,6.283000,6.229000,6.322000,6.255000
66,9,1,5.941200,5.760000,6.064000,5.962000,5.963000,5.957000
66,10,1,5.464000,5.534000,5.446000,5.408000,5.528000,5.404000
66,11,1,6.234000,6.207000,6.330000,6.206000,6.194000,6.233000
66,12,1,5.966400,5.880000,6.038000,5.872000,6.020000,6.022000
66,13,1,6.194800,6.215000,6.192000,6.183000,6.225000,6.159000
66,14,1,5.994600,6.061000,6.058000,5.869000,6.111000,5.874000
66,15,1,5.744200,5.779000,5.631000,5.673000,5.994000,5.644000
66,16,1,6.048200,6.104000,6.143000,5.963000,6.047000,5.984000
66,17,1,5.897600,5.889000,5.979000,5.803000,5.952000,5.865000
66,18,1,6.066200,5.983000,6.147000,6.082000,6.112000,6.007000
66,19,1,6.165600,6.154000,6.284000,6.084000,6.251000,6.055000
67,0,1,6.110800,6.112000,6.152000,6.152000,6.026000,6.112000
67,1,1,6.023400,5.875000,6.011000,6.197000,5.998000,6.036000
67,2,1,5.938200,5.942000,6.026000,5.969000,5.763000,5.991000
67,3,1,6.000600,5.959000,6.020000,5.991000,5.946000,6.087000
67,4,1,6.216400,6.241000,6.230000,6.240000,6.081000,6.290000
67,5,1,5.999400,5.926000,6.006000,6.047000,5.897000,6.121000
67,6,1,5.954200,5.896000,6.004000,6.003000,5.971000,5.897000
67,7,1,6.183000,6.189000,6.307000,6.104000,6.061000,6.254000
67,8,1,6.142600,6.029000,6.178000,6.188000,6.205000,6.113000
67,9,1,6.234000,6.295000,6.175000,6.188000,6.165000,6.347000
67,10,1,5.869600,5.882000,6.024000,5.833000,5.694000,5.915000
67,11,1,6.042000,6.021000,6.149000,6.102000,5.886000,6.052000
67,12,1,6.105200,6.076000,6.101000,6.214000,6.003000,6.132000
67,13,1,6.143000,6.066000,6.115000,6.207000,6.123000,6.204000
67,14,1,6.064200,6.082000,6.091000,6.049000,6.090000,6.009000
67,15,1,6.087600,6.083000,6.168000,6.099000,6.075000,6.013000
67,16,1,6.118800,6.037000,6.152000,6.159000,6.068000,6.178000
67,17,1,6.112000,6.091000,6.204000,6.053000,6.039000,6.173000
67,18,1,5.790200,5.826000,5.904000,5.912000,5.518000,5.791000
67,19,1,5.878600,5.810000,5.910000,5.831000,5.864000,5.978000
68,0,1,5.941800,6.050000,5.903000,5.815000,5.989000,5.952000
68,1,1,6.288600,6.358000,6.359000,6.223000,6.235000,6.268000
68,2,1,6.081600,6.262000,6.042000,6.018000,6.044000,6.042000
68,3,1,6.286600,6.470000,6.382000,6.132000,6.291000,6.158000
68,4,1,6.143800,6.206000,6.137000,6.128000,6.112000,6.136000
68,5,1,6.289000,6.406000,6.340000,6.257000,6.242000,6.200000
68,6,1,6.183800,6.123000,6.265000,6.059000,6.290000,6.182000
68,7,1,6.028800,6.205000,6.005000,5.908000,5.982000,6.044000
68,8,1,6.085200,6.110000,6.056000,6.015000,6.229000,6.016000
68,9,1,6.232000,6.383000,6.248000,6.192000,6.151000,6.186000
68,10,1,6.026400,6.123000,5.983000,5.913000,6.152000,5.961000
68,11,1,6.261800,6.319000,6.254000,6.214000,6.319000,6.203000
68,12,1,6.075200,6.168000,6.074000,6.028000,6.093000,6.013000
68,13,1,6.020600,6.046000,6.092000,5.926000,5.997000,6.042000
68,14,1,6.097200,6.243000,6.088000,5.987000,6.067000,6.101000
68,15,1,6.228000,6.314000,6.288000,6.119000,6.223000,6.196000
68,16,1,6.312400,6.464000,6.320000,6.238000,6.263000,6.277000
68,17,1,6.048200,6.099000,6.075000,6.008000,6.048000,6.011000
68,18,1,5.837000,6.023000,5.669000,5.761000,5.813000,5.919000
68,19,1,5.684600,5.842000,5.699000,5.629000,5.727000,5.526000
69,0,1,5.754800,5.788000,5.775000,5.767000,5.744000,5.700000
69,1,1,6.165600,6.139000,6.263000,6.146000,6.160000,6.120000
69,2,1,6.164400,6.099000,6.130000,6.246000,6.193000,6.154000
69,3,1,5.985800,5.928000,6.066000,6.024000,5.973000,5.938000
69,4,1,6.168400,6.160000,6.248000,6.211000,6.134000,6.089000
69,5,1,5.892600,5.884000,5.807000,5.980000,5.923000,5.869000
69,6,1,5.892400,5.963000,5.870000,5.919000,5.925000,5.785000
69,7,1,6.188200,6.147000,6.311000,6.178000,6.175000,6.130000
69,8,1,6.323200,6.332000,6.434000,6.384000,6.302000,6.164000
69,9,1,6.128200,6.091000,6.350000,6.080000,6.037000,6.083000
69,10,1,6.208600,6.142000,6.301000,6.187000,6.255000,6.158000
69,11,1,5.786400,5.833000,5.826000,5.773000,5.754000,5.746000
69,12,1,6.267600,6.321000,6.396000,6.165000,6.320000,6.136000
69,13,1,5.636600,5.629000,5.667000,5.680000,5.594000,5.613000
69,14,1,6.002000,6.012000,6.008000,5.987000,5.993000,6.010000
69,15,1,6.233800,6.132000,6.253000,6.283000,6.271000,6.230000
69,16,1,6.116600,6.057000,6.243000,6.113000,6.058000,6.112000
69,17,1,6.257800,6.278000,6.252000,6.363000,6.195000,6.201000
69,18,1,6.150200,6.077000,6.311000,6.148000,6.106000,6.109000
69,19,1,6.083200,5.947000,6.194000,6.109000,6.084000,6.082000
70,0,0,4.721800,4.592000,4.798000,4.801000,4.657000,4.761000
70,1,0,4.523000,4.407000,4.680000,4.602000,4.538000,4.388000
70,2,0,4.599000,4.544000,4.576000,4.718000,4.551000,4.606000
70,3,0,4.508600,4.496000,4.572000,4.628000,4.435000,4.412000
70,4,0,4.552400,4.496000,4.519000,4.657000,4.535000,4.555000
70,5,0,4.555000,4.483000,4.519000,4.715000,4.572000,4.486000
70,6,0,4.706800,4.637000,4.802000,4.911000,4.660000,4.524000
70,7,0,4.619200,4.595000,4.653000,4.702000,4.630000,4.516000
70,8,0,4.531800,4.501000,4.474000,4.658000,4.512000,4.514000
70,9,0,4.655800,4.597000,4.659000,4.734000,4.565000,4.724000
70,10,0,4.843400,4.792000,4.836000,4.942000,4.871000,4.776000
70,11,0,4.779800,4.807000,4.822000,4.745000,4.839000,4.686000
70,12,0,4.537800,4.382000,4.535000,4.692000,4.575000,4.505000
70,13,0,4.586600,4.386000,4.592000,4.717000,4.698000,4.540000
70,14,0,4.835000,4.876000,4.779000,4.805000,4.804000,4.911000
70,15,0,4.479400,4.360000,4.522000,4.492000,4.506000,4.517000
70,16,0,4.346200,4.288000,4.213000,4.429000,4.406000,4.395000
70,17,0,4.720800,4.695000,4.605000,4.799000,4.729000,4.776000
70,18,0,4.657600,4.649000,4.723000,4.656000,4.704000,4.556000
70,19,0,4.624400,4.547000,4.462000,4.832000,4.667000,4.614000
70,20,1,6.295200,6.299000,6.239000,6.345000,6.322000,6.271000
70,21,1,6.251800,6.143000,6.200000,6.401000,6.305000,6.210000
70,22,1,6.319000,6.283000,6.353000,6.413000,6.349000,6.197000
70,23,1,6.377200,6.384000,6.376000,6.344000,6.403000,6.379000
70,24,1,6.107200,6.049000,6.063000,6.236000,6.167000,6.021000
70,25,1,5.878000,5.834000,5.935000,5.842000,5.921000,5.858000
70,26,1,6.298400,6.374000,6.280000,6.280000,6.363000,6.195000
70,27,1,6.251200,6.227000,6.218000,6.264000,6.382000,6.165000
70,28,1,6.198400,6.213000,6.188000,6.158000,6.274000,6.159000
70,29,1,6.134400,6.073000,6.050000,6.324000,6.106000,6.119000
70,30,1,6.016800,5.989000,6.047000,6.151000,6.087000,5.810000
70,31,1,6.168400,6.136000,6.182000,6.244000,6.241000,6.039000
70,32,1,6.024800,6.019000,6.052000,6.032000,6.103000,5.918000
70,33,1,6.162400,6.140000,6.153000,6.194000,6.161000,6.164000
70,34,1,6.307000,6.361000,6.211000,6.293000,6.380000,6.290000
70,35,1,6.064800,6.119000,6.018000,6.218000,6.026000,5.943000
70,36,1,6.366800,6.390000,6.292000,6.387000,6.473000,6.292000
70,37,1,6.124000,6.015000,6.087000,6.233000,6.180000,6.105000
70,38,1,6.025200,6.104000,5.973000,6.024000,6.114000,5.911000
70,39,1,6.310000,6.217000,6.323000,6.450000,6.298000,6.262000
70,40,2,4.385200,4.381000,4.363000,4.578000,4.244000,4.360000
70,41,2,4.358200,4.263000,4.471000,4.423000,4.414000,4.220000
70,42,2,4.320000,4.274000,4.287000,4.430000,4.359000,4.250000
70,43,2,4.580200,4.553000,4.521000,4.721000,4.548000,4.558000
70,44,2,4.353800,4.284000,4.367000,4.482000,4.307000,4.329000
70,45,2,4.364000,4.356000,4.466000,4.472000,4.151000,4.375000
70,46,2,4.261000,4.161000,4.219000,4.327000,4.372000,4.226000
70,47,2,4.146400,4.193000,4.017000,4.303000,4.084000,4.135000
70,48,2,4.432600,4.325000,4.545000,4.496000,4.340000,4.457000
70,49,2,4.566600,4.546000,4.565000,4.544000,4.678000,4.500000
70,50,2,4.576400,4.678000,4.604000,4.724000,4.479000,4.397000
70,51,2,4.305600,4.155000,4.261000,4.479000,4.359000,4.274000
70,52,2,4.440400,4.379000,4.622000,4.496000,4.487000,4.218000
70,53,2,4.236000,4.238000,4.203000,4.321000,4.211000,4.207000
70,54,2,4.516600,4.497000,4.507000,4.659000,4.466000,4.454000
70,55,2,4.471000,4.438000,4.420000,4.594000,4.529000,4.374000
70,56,2,4.445400,4.398000,4.267000,4.648000,4.585000,4.329000
70,57,2,4.329800,4.349000,4.332000,4.484000,4.194000,4.290000
70,58,2,4.237600,4.121000,4.242000,4.399000,4.211000,4.215000
70,59,2,4.372000,4.384000,4.273000,4.581000,4.318000,4.304000
70,60,3,4.717400,4.653000,4.821000,4.691000,4.817000,4.605000
70,61,3,4.516800,4.507000,4.518000,4.607000,4.415000,4.537000
70,62,3,4.515800,4.592000,4.500000,4.576000,4.505000,4.406000
70,63,3,4.529400,4.482000,4.531000,4.650000,4.497000,4.487000
70,64,3,4.512600,4.605000,4.433000,4.564000,4.554000,4.407000
70,65,3,4.534600,4.539000,4.549000,4.582000,4.592000,4.411000
70,66,3,4.354400,4.472000,4.241000,4.430000,4.334000,4.295000
70,67,3,4.591400,4.539000,4.568000,4.728000,4.625000,4.497000
70,68,3,4.577000,4.605000,4.660000,4.603000,4.483000,4.534000
70,69,3,4.536200,4.459000,4.540000,4.690000,4.459000,4.533000
70,70,3,4.723200,4.585000,4.731000,4.834000,4.807000,4.659000
70,71,3,4.784000,4.752000,4.890000,4.729000,4.808000,4.741000
70,72,3,4.516200,4.590000,4.581000,4.613000,4.520000,4.277000
70,73,3,4.620400,4.595000,4.664000,4.688000,4.599000,4.556000
70,74,3,4.580200,4.534000,4.549000,4.742000,4.537000,4.539000
70,75,3,4.393400,4.454000,4.329000,4.533000,4.494000,4.157000
70,76,3,4.440800,4.373000,4.432000,4.521000,4.468000,4.410000
70,77,3,4.641200,4.610000,4.659000,4.763000,4.586000,4.588000
70,78,3,4.378800,4.366000,4.451000,4.458000,4.379000,4.240000
70,79,3,4.356200,4.238000,4.495000,4.507000,4.314000,4.227000
70,80,4,4.291000,4.095000,4.399000,4.483000,4.263000,4.215000
70,81,4,4.231800,4.266000,4.265000,4.356000,4.249000,4.023000
70,82,4,4.412400,4.194000,4.443000,4.626000,4.428000,4.371000
70,83,4,4.354400,4.387000,4.258000,4.539000,4.325000,4.263000
70,84,4,4.547600,4.582000,4.654000,4.606000,4.435000,4.461000
70,85,4,4.410400,4.407000,4.501000,4.544000,4.300000,4.300000
70,86,4,4.242800,4.257000,4.139000,4.381000,4.258000,4.179000
70,87,4,4.548000,4.524000,4.497000,4.683000,4.651000,4.385000
70,88,4,4.110600,3.961000,4.154000,4.347000,4.234000,3.857000
70,89,4,4.382600,4.463000,4.278000,4.555000,4.360000,4.257000
70,90,4,4.232400,4.111000,4.271000,4.424000,4.077000,4.279000
70,91,4,4.201200,4.174000,4.173000,4.357000,4.050000,4.252000
70,92,4,4.262400,4.299000,4.216000,4.502000,4.165000,4.130000
70,93,4,4.342600,4.398000,4.362000,4.499000,4.287000,4.167000
70,94,4,4.389200,4.376000,4.315000,4.517000,4.362000,4.376000
70,95,4,4.368200,4.266000,4.422000,4.489000,4.345000,4.319000
70,96,4,4.300000,4.227000,4.244000,4.364000,4.437000,4.228000
70,97,4,4.288600,4.206000,4.362000,4.475000,4.266000,4.134000
70,98,4,4.438200,4.489000,4.420000,4.733000,4.296000,4.253000
70,99,4,4.392800,4.298000,4.424000,4.530000,4.384000,4.328000
71,0,1,6.229400,6.156000,6.298000,6.274000,6.307000,6.112000
71,1,1,6.023600,6.173000,5.993000,6.100000,5.949000,5.903000
71,2,1,6.052000,6.226000,6.001000,6.055000,6.037000,5.941000
71,3,1,5.810000,5.888000,5.758000,5.808000,5.829000,5.767000
71,4,1,6.069200,6.136000,6.003000,6.161000,6.073000,5.973000
71,5,1,5.905200,5.939000,5.984000,5.818000,5.971000,5.814000
71,6,1,5.972200,6.152000,5.951000,5.967000,5.953000,5.838000
71,7,1,6.098600,6.236000,6.027000,6.152000,6.063000,6.015000
71,8,1,6.188200,6.264000,6.152000,6.193000,6.184000,6.148000
71,9,1,6.087800,6.228000,6.066000,6.114000,6.027000,6.004000
71,10,1,6.018000,6.057000,5.908000,6.024000,6.083000,6.018000
71,11,1,5.827000,5.933000,5.785000,5.854000,5.868000,5.695000
71,12,1,5.997400,6.011000,6.047000,6.044000,6.030000,5.855000
71,13,1,6.246200,6.335000,6.257000,6.190000,6.279000,6.170000
71,14,1,5.875400,5.911000,5.957000,5.842000,5.912000,5.755000
71,15,1,6.020400,6.094000,6.053000,5.917000,6.066000,5.972000
71,16,1,6.136200,6.112000,6.157000,6.158000,6.191000,6.063000
71,17,1,6.057000,6.008000,6.153000,5.954000,6.105000,6.065000
71,18,1,6.092800,6.148000,6.064000,6.089000,6.155000,6.008000
71,19,1,5.921000,5.883000,6.045000,5.965000,5.914000,5.798000
72,0,1,6.005200,5.972000,5.885000,6.080000,6.106000,5.983000
72,1,1,6.101400,6.146000,5.953000,6.149000,6.086000,6.173000
72,2,1,6.129600,6.154000,5.977000,6.189000,6.187000,6.141000
72,3,1,5.967800,6.009000,5.847000,6.029000,5.915000,6.039000
72,4,1,6.044000,6.020000,5.889000,6.109000,6.082000,6.120000
72,5,1,6.130000,6.219000,5.850000,6.256000,6.151000,6.174000
72,6,1,6.310200,6.448000,6.143000,6.322000,6.273000,6.365000
72,7,1,6.286400,6.389000,6.065000,6.263000,6.326000,6.389000
72,8,1,6.215000,6.281000,5.997000,6.198000,6.207000,6.392000
72,9,1,6.005200,6.029000,5.904000,6.008000,6.048000,6.037000
72,10,1,6.171800,6.290000,5.988000,6.281000,6.183000,6.117000
72,11,1,6.195400,6.125000,6.131000,6.249000,6.106000,6.366000
72,12,1,5.867800,5.963000,5.656000,6.069000,5.712000,5.939000
72,13,1,6.252600,6.324000,5.930000,6.366000,6.312000,6.331000
72,14,1,5.946400,5.972000,5.826000,5.960000,6.036000,5.938000
72,15,1,6.042000,6.020000,5.991000,6.162000,6.124000,5.913000
72,16,1,6.037000,6.160000,5.840000,6.020000,6.167000,5.998000
72,17,1,5.452200,5.419000,5.356000,5.498000,5.407000,5.581000
72,18,1,6.209400,6.280000,6.081000,6.309000,6.171000,6.206000
72,19,1,5.990800,5.946000,5.832000,6.025000,6.002000,6.149000
73,0,1,6.102800,6.274000,6.079000,6.123000,5.943000,6.095000
73,1,1,6.186800,6.324000,6.089000,6.283000,5.992000,6.246000
73,2,1,6.283600,6.456000,6.236000,6.273000,6.263000,6.190000
73,3,1,5.998000,6.120000,5.935000,6.070000,5.889000,5.976000
73,4,1,6.093000,6.314000,6.043000,6.085000,6.007000,6.016000
73,5,1,6.147400,6.376000,5.927000,6.102000,6.104000,6.228000
73,6,1,6.396400,6.527000,6.337000,6.374000,6.379000,6.365000
73,7,1,6.293400,6.524000,6.245000,6.374000,6.149000,6.175000
73,8,1,5.991400,6.174000,5.973000,5.875000,5.964000,5.971000
73,9,1,6.326400,6.519000,6.238000,6.306000,6.213000,6.356000
73,10,1,6.093600,6.256000,6.131000,6.059000,5.935000,6.087000
73,11,1,5.916400,5.972000,5.897000,5.951000,5.798000,5.964000
73,12,1,6.005800,5.963000,5.977000,6.012000,5.982000,6.095000
73,13,1,6.178200,6.338000,6.127000,6.174000,6.028000,6.224000
73,14,1,6.062200,6.254000,5.940000,6.043000,6.017000,6.057000
73,15,1,5.976200,6.186000,5.907000,5.972000,5.714000,6.102000
73,16,1,6.336600,6.559000,6.232000,6.236000,6.289000,6.367000
73,17,1,6.029400,6.169000,6.016000,6.037000,5.864000,6.061000
73,18,1,5.900200,6.120000,5.835000,5.954000,5.637000,5.955000
73,19,1,6.202400,6.338000,6.039000,6.173000,6.231000,6.231000
74,0,1,6.356800,6.376000,6.365000,6.356000,6.314000,6.373000
74,1,1,6.295400,6.427000,6.230000,6.281000,6.311000,6.228000
74,2,1,5.985200,5.977000,5.893000,6.021000,5.915000,6.120000
74,3,1,6.097400,6.189000,6.120000,6.025000,6.081000,6.072000
74,4,1,6.315200,6.449000,6.219000,6.277000,6.277000,6.354000
74,5,1,6.294400,6.463000,6.257000,6.248000,6.152000,6.352000
74,6,1,6.145400,6.236000,6.107000,6.187000,6.037000,6.160000
74,7,1,5.997000,6.116000,5.975000,5.913000,5.972000,6.009000
74,8,1,6.172000,6.319000,6.165000,6.155000,6.040000,6.181000
74,9,1,5.950000,5.905000,6.047000,5.877000,5.775000,6.146000
74,10,1,6.365600,6.468000,6.359000,6.305000,6.356000,6.340000
74,11,1,6.147400,6.332000,6.076000,6.053000,6.047000,6.229000
74,12,1,6.238200,6.303000,6.184000,6.220000,6.213000,6.271000
74,13,1,5.981200,6.082000,5.937000,5.947000,5.915000,6.025000
74,14,1,6.357200,6.504000,6.309000,6.240000,6.317000,6.416000
74,15,1,6.204200,6.246000,6.083000,6.182000,6.322000,6.188000
74,16,1,6.207200,6.292000,6.139000,6.148000,6.130000,6.327000
74,17,1,6.185800,6.248000,6.237000,6.215000,6.038000,6.191000
74,18,1,6.127400,6.334000,5.983000,6.135000,5.994000,6.191000
74,19,1,6.258600,6.407000,6.253000,6.238000,6.189000,6.206000
75,0,1,5.973400,5.989000,5.957000,5.954000,5.885000,6.082000
75,1,1,6.198800,6.277000,6.161000,6.271000,6.150000,6.135000
75,2,1,6.338600,6.363000,6.332000,6.347000,6.356000,6.295000
75,3,1,6.407400,6.477000,6.441000,6.321000,6.369000,6.429000
75,4,1,6.473800,6.539000,6.473000,6.506000,6.365000,6.486000
75,5,1,6.408400,6.493000,6.408000,6.336000,6.457000,6.348000
75,6,1,6.241200,6.309000,6.251000,6.217000,6.224000,6.205000
75,7,1,6.053000,6.021000,6.065000,5.971000,6.022000,6.186000
75,8,1,6.268400,6.298000,6.227000,6.269000,6.280000,6.268000
75,9,1,5.953600,6.075000,5.981000,5.980000,5.834000,5.898000
75,10,1,6.299400,6.316000,6.413000,6.225000,6.317000,6.226000
75,11,1,6.155000,6.334000,6.088000,6.231000,6.090000,6.032000
75,12,1,6.286200,6.411000,6.177000,6.297000,6.239000,6.307000
75,13,1,6.224400,6.215000,6.255000,6.275000,6.071000,6.306000
75,14,1,6.221000,6.272000,6.159000,6.181000,6.224000,6.269000
75,15,1,5.939200,6.060000,5.934000,5.777000,5.904000,6.021000
75,16,1,6.345000,6.358000,6.310000,6.381000,6.327000,6.349000
75,17,1,6.148800,6.235000,6.087000,6.045000,6.144000,6.233000
75,18,1,5.969000,6.157000,5.863000,5.877000,5.877000,6.071000
75,19,1,6.277600,6.373000,6.142000,6.202000,6.315000,6.356000
76,0,1,6.066400,6.053000,5.893000,6.199000,6.010000,6.177000
76,1,1,6.288400,6.338000,6.308000,6.370000,6.126000,6.300000
76,2,1,6.219400,6.301000,6.116000,6.299000,6.086000,6.295000
76,3,1,6.257800,6.325000,6.231000,6.310000,6.116000,6.307000
76,4,1,6.293400,6.305000,6.245000,6.407000,6.201000,6.309000
76,5,1,6.071600,6.076000,6.046000,6.086000,6.037000,6.113000
76,6,1,6.191800,6.158000,6.268000,6.307000,6.010000,6.216000
76,7,1,6.193200,6.200000,6.286000,6.266000,5.999000,6.215000
76,8,1,6.172600,6.281000,6.156000,6.180000,6.068000,6.178000
76,9,1,6.158200,6.193000,6.164000,6.106000,6.162000,6.166000
76,10,1,6.367400,6.399000,6.343000,6.303000,6.417000,6.375000
76,11,1,6.173800,6.183000,6.198000,6.129000,6.157000,6.202000
76,12,1,6.271400,6.376000,6.179000,6.347000,6.209000,6.246000
76,13,1,6.076600,6.065000,6.070000,6.164000,5.945000,6.139000
76,14,1,6.203800,6.209000,6.098000,6.284000,6.207000,6.221000
76,15,1,6.372200,6.443000,6.230000,6.433000,6.388000,6.367000
76,16,1,5.781000,5.829000,5.647000,5.815000,5.722000,5.892000
76,17,1,6.255400,6.257000,6.218000,6.311000,6.176000,6.315000
76,18,1,6.148600,6.172000,6.070000,6.223000,6.068000,6.210000
76,19,1,6.094400,6.141000,6.092000,6.138000,5.985000,6.116000
77,0,1,6.244800,6.234000,6.160000,6.329000,6.335000,6.166000
77,1,1,6.247200,6.262000,6.121000,6.318000,6.308000,6.227000
77,2,1,6.267200,6.356000,6.049000,6.454000,6.270000,6.207000
77,3,1,6.325200,6.328000,6.262000,6.409000,6.371000,6.256000
77,4,1,6.197800,6.286000,5.982000,6.379000,6.234000,6.108000
77,5,1,6.256200,6.379000,6.195000,6.429000,6.231000,6.047000
77,6,1,6.214800,6.230000,6.063000,6.371000,6.279000,6.131000
77,7,1,6.205000,6.264000,6.062000,6.248000,6.322000,6.129000
77,8,1,6.180200,6.290000,6.019000,6.413000,6.222000,5.957000
77,9,1,5.936000,6.039000,5.815000,6.126000,5.896000,5.804000
77,10,1,6.114400,6.115000,6.001000,6.246000,6.133000,6.077000
77,11,1,6.240000,6.271000,6.124000,6.369000,6.226000,6.210000
77,12,1,6.103200,6.227000,5.952000,6.147000,6.113000,6.077000
77,13,1,6.206200,6.241000,6.103000,6.342000,6.216000,6.129000
77,14,1,6.051000,6.203000,5.855000,6.119000,6.112000,5.966000
77,15,1,6.067600,6.212000,5.896000,6.201000,5.984000,6.045000
77,16,1,5.872400,6.015000,5.799000,5.933000,5.918000,5.697000
77,17,1,6.239600,6.252000,6.043000,6.370000,6.315000,6.218000
77,18,1,6.185400,6.115000,6.085000,6.353000,6.266000,6.108000
77,19,1,5.910400,5.891000,5.771000,6.077000,5.928000,5.885000
78,0,1,6.308600,6.371000,6.258000,6.145000,6.314000,6.455000
78,1,1,5.761200,5.782000,5.742000,5.666000,5.730000,5.886000
78,2,1,6.269400,6.361000,6.287000,6.065000,6.341000,6.293000
78,3,1,6.331400,6.391000,6.397000,6.182000,6.362000,6.325000
78,4,1,6.072200,6.100000,5.935000,6.008000,6.243000,6.075000
78,5,1,6.177800,6.310000,6.177000,6.036000,6.171000,6.195000
78,6,1,6.287000,6.408000,6.214000,6.116000,6.344000,6.353000
78,7,1,6.096000,6.189000,6.044000,5.894000,6.208000,6.145000
78,8,1,6.095000,6.162000,5.989000,6.038000,6.193000,6.093000
78,9,1,5.903200,5.838000,5.914000,5.710000,5.973000,6.081000
78,10,1,6.085400,6.095000,6.123000,5.946000,6.196000,6.067000
78,11,1,6.366400,6.458000,6.275000,6.382000,6.275000,6.442000
78,12,1,6.269800,6.280000,6.198000,6.234000,6.279000,6.358000
78,13,1,6.073800,6.016000,6.166000,5.966000,6.036000,6.185000
78,14,1,6.384200,6.443000,6.341000,6.302000,6.392000,6.443000
78,15,1,6.211600,6.209000,6.238000,6.079000,6.432000,6.100000
78,16,1,6.266200,6.354000,6.175000,6.089000,6.396000,6.317000
78,17,1,6.066600,6.211000,6.086000,5.963000,6.051000,6.022000
78,18,1,5.999200,6.046000,5.951000,5.941000,5.963000,6.095000
78,19,1,6.147600,6.223000,6.115000,6.070000,6.182000,6.148000
79,0,1,6.181600,5.946000,6.320000,6.184000,6.130000,6.328000
79,1,1,6.226800,6.118000,6.369000,6.203000,6.185000,6.259000
79,2,1,6.322600,6.142000,6.450000,6.409000,6.233000,6.379000
79,3,1,6.188600,6.189000,6.172000,6.161000,6.158000,6.263000
79,4,1,6.451000,6.439000,6.442000,6.440000,6.371000,6.563000
79,5,1,6.290400,6.096000,6.301000,6.399000,6.283000,6.373000
79,6,1,6.125000,6.042000,6.161000,6.235000,6.074000,6.113000
79,7,1,6.311400,6.300000,6.355000,6.317000,6.193000,6.392000
79,8,1,6.217200,6.066000,6.273000,6.267000,6.203000,6.277000
79,9,1,6.398600,6.331000,6.550000,6.372000,6.260000,6.480000
79,10,1,5.857400,5.743000,6.001000,5.860000,5.714000,5.969000
79,11,1,6.327800,6.148000,6.383000,6.375000,6.271000,6.462000
79,12,1,6.290800,6.144000,6.359000,6.298000,6.209000,6.444000
79,13,1,6.379600,6.305000,6.457000,6.435000,6.248000,6.453000
79,14,1,6.476000,6.341000,6.384000,6.649000,6.462000,6.544000
79,15,1,6.481000,6.430000,6.556000,6.545000,6.440000,6.434000
79,16,1,6.088200,5.972000,6.140000,6.131000,6.005000,6.193000
79,17,1,6.240000,6.033000,6.378000,6.253000,6.197000,6.339000
79,18,1,6.402400,6.280000,6.492000,6.394000,6.307000,6.539000
79,19,1,6.077400,5.933000,6.087000,6.192000,5.954000,6.221000
80,0,0,4.704000,4.750000,4.801000,4.549000,4.756000,4.664000
80,1,0,4.680400,4.664000,4.744000,4.680000,4.651000,4.663000
80,2,0,4.717800,4.789000,4.711000,4.711000,4.746000,4.632000
80,3,0,4.587600,4.554000,4.588000,4.549000,4.646000,4.601000
80,4,0,4.550200,4.488000,4.545000,4.513000,4.663000,4.542000
80,5,0,4.557800,4.567000,4.595000,4.368000,4.678000,4.581000
80,6,0,4.610600,4.567000,4.682000,4.512000,4.654000,4.638000
80,7,0,4.494000,4.470000,4.496000,4.333000,4.667000,4.504000
80,8,0,4.570800,4.609000,4.668000,4.447000,4.578000,4.552000
80,9,0,4.446600,4.432000,4.527000,4.251000,4.575000,4.448000
80,10,0,4.427800,4.448000,4.398000,4.255000,4.597000,4.441000
80,11,0,4.725600,4.760000,4.762000,4.666000,4.824000,4.616000
80,12,0,4.465200,4.514000,4.495000,4.357000,4.477000,4.483000
80,13,0,4.635000,4.732000,4.615000,4.512000,4.806000,4.510000
80,14,0,4.549600,4.623000,4.670000,4.487000,4.510000,4.458000
80,15,0,4.516200,4.635000,4.526000,4.249000,4.643000,4.528000
80,16,0,4.754200,4.850000,4.610000,4.488000,4.945000,4.878000
80,17,0,4.450600,4.523000,4.420000,4.338000,4.596000,4.376000
80,18,0,4.639400,4.733000,4.665000,4.574000,4.641000,4.584000
80,19,0,4.722200,4.679000,4.854000,4.566000,4.705000,4.807000
80,20,1,6.332200,6.290000,6.338000,6.320000,6.270000,6.443000
80,21,1,6.510400,6.470000,6.535000,6.400000,6.560000,6.587000
80,22,1,6.257800,6.335000,6.253000,6.182000,6.329000,6.190000
80,23,1,6.068200,6.111000,6.110000,5.979000,6.105000,6.036000
80,24,1,6.455200,6.451000,6.487000,6.424000,6.487000,6.427000
80,25,1,6.162600,6.115000,6.236000,6.082000,6.275000,6.105000
80,26,1,6.380600,6.378000,6.409000,6.344000,6.353000,6.419000
80,27,1,6.385200,6.401000,6.379000,6.372000,6.359000,6.415000
80,28,1,6.333400,6.387000,6.305000,6.293000,6.320000,6.362000
80,29,1,6.488200,6.502000,6.467000,6.492000,6.564000,6.416000
80,30,1,6.327800,6.198000,6.406000,6.319000,6.351000,6.365000
80,31,1,6.275200,6.274000,6.303000,6.215000,6.328000,6.256000
80,32,1,6.372200,6.300000,6.347000,6.345000,6.499000,6.370000
80,33,1,6.355400,6.329000,6.314000,6.311000,6.453000,6.370000
80,34,1,6.482600,6.545000,6.537000,6.408000,6.530000,6.393000
80,35,1,6.386400,6.351000,6.347000,6.384000,6.482000,6.368000
80,36,1,6.428800,6.351000,6.453000,6.390000,6.503000,6.447000
80,37,1,6.520800,6.573000,6.465000,6.502000,6.507000,6.557000
80,38,1,6.426400,6.442000,6.280000,6.340000,6.571000,6.499000
80,39,1,6.072200,6.165000,6.061000,6.033000,6.027000,6.075000
80,40,2,4.547200,4.556000,4.634000,4.367000,4.661000,4.518000
80,41,2,4.847200,4.852000,4.783000,4.854000,4.894000,4.853000
80,42,2,4.391600,4.589000,4.309000,4.246000,4.516000,4.298000
80,43,2,4.492000,4.551000,4.501000,4.400000,4.531000,4.477000
80,44,2,4.595200,4.831000,4.534000,4.509000,4.691000,4.411000
80,45,2,4.523200,4.451000,4.431000,4.508000,4.736000,4.490000
80,46,2,4.444200,4.434000,4.442000,4.339000,4.475000,4.531000
80,47,2,4.597800,4.624000,4.579000,4.542000,4.652000,4.592000
80,48,2,4.400800,4.436000,4.316000,4.338000,4.489000,4.425000
80,49,2,4.522800,4.600000,4.545000,4.491000,4.561000,4.417000
80,50,2,4.310600,4.342000,4.477000,4.156000,4.345000,4.233000
80,51,2,4.489200,4.538000,4.530000,4.385000,4.547000,4.446000
80,52,2,4.841000,4.866000,4.777000,4.791000,4.987000,4.784000
80,53,2,4.595800,4.655000,4.553000,4.570000,4.609000,4.592000
80,54,2,4.393800,4.428000,4.433000,4.260000,4.501000,4.347000
80,55,2,4.670800,4.618000,4.765000,4.564000,4.801000,4.606000
80,56,2,4.511200,4.588000,4.500000,4.376000,4.619000,4.473000
80,57,2,4.414800,4.477000,4.410000,4.243000,4.560000,4.384000
80,58,2,4.738200,4.807000,4.799000,4.614000,4.734000,4.737000
80,59,2,4.579400,4.575000,4.614000,4.570000,4.671000,4.467000
80,60,3,4.604000,4.680000,4.646000,4.364000,4.749000,4.581000
80,61,3,4.586000,4.591000,4.520000,4.591000,4.599000,4.629000
80,62,3,4.420600,4.523000,4.433000,4.227000,4.565000,4.355000
80,63,3,4.571400,4.631000,4.614000,4.504000,4.583000,4.525000
80,64,3,4.589600,4.689000,4.676000,4.495000,4.561000,4.527000
80,65,3,4.465000,4.434000,4.507000,4.373000,4.602000,4.409000
80,66,3,4.614400,4.633000,4.674000,4.438000,4.713000,4.614000
80,67,3,4.582600,4.679000,4.609000,4.485000,4.590000,4.550000
80,68,3,4.385200,4.455000,4.419000,4.294000,4.337000,4.421000
80,69,3,4.584400,4.638000,4.604000,4.373000,4.621000,4.686000
80,70,3,4.454000,4.456000,4.541000,4.388000,4.557000,4.328000
80,71,3,4.509000,4.522000,4.526000,4.436000,4.681000,4.380000
80,72,3,4.737400,4.802000,4.807000,4.768000,4.731000,4.579000
80,73,3,4.566200,4.624000,4.552000,4.477000,4.621000,4.557000
80,74,3,4.419800,4.467000,4.589000,4.306000,4.343000,4.394000
80,75,3,4.586400,4.713000,4.627000,4.430000,4.612000,4.550000
80,76,3,4.591600,4.666000,4.616000,4.398000,4.654000,4.624000
80,77,3,4.267000,4.218000,4.331000,4.138000,4.345000,4.303000
80,78,3,4.364200,4.362000,4.336000,4.164000,4.538000,4.421000
80,79,3,4.570600,4.622000,4.522000,4.484000,4.664000,4.561000
80,80,4,4.357600,4.484000,4.481000,4.257000,4.295000,4.271000
80,81,4,4.515600,4.593000,4.624000,4.235000,4.645000,4.481000
80,82,4,4.589200,4.613000,4.694000,4.441000,4.635000,4.563000
80,83,4,4.251200,4.317000,4.309000,4.242000,4.223000,4.165000
80,84,4,4.739000,4.897000,4.835000,4.525000,4.708000,4.730000
80,85,4,4.692200,4.803000,4.705000,4.670000,4.686000,4.597000
80,86,4,4.209800,4.260000,4.284000,4.107000,4.257000,4.141000
80,87,4,4.525600,4.514000,4.608000,4.482000,4.467000,4.557000
80,88,4,4.352400,4.368000,4.413000,4.407000,4.380000,4.194000
80,89,4,4.297600,4.333000,4.372000,4.250000,4.263000,4.270000
80,90,4,4.609000,4.603000,4.709000,4.595000,4.576000,4.562000
80,91,4,4.557400,4.577000,4.563000,4.577000,4.598000,4.472000
80,92,4,4.560000,4.534000,4.624000,4.508000,4.557000,4.577000
80,93,4,4.386600,4.500000,4.515000,4.240000,4.355000,4.323000
80,94,4,4.473000,4.589000,4.433000,4.407000,4.454000,4.482000
80,95,4,4.189600,4.183000,4.328000,4.041000,4.305000,4.091000
80,96,4,4.505800,4.634000,4.625000,4.339000,4.500000,4.431000
80,97,4,4.561400,4.572000,4.629000,4.530000,4.514000,4.562000
80,98,4,4.483800,4.475000,4.488000,4.489000,4.462000,4.505000
80,99,4,4.627200,4.632000,4.571000,4.552000,4.698000,4.683000
81,0,1,6.400800,6.297000,6.398000,6.380000,6.453000,6.476000
81,1,1,6.454200,6.381000,6.413000,6.381000,6.479000,6.617000
81,2,1,6.200000,6.207000,6.285000,6.160000,6.140000,6.208000
81,3,1,6.132800,6.112000,6.075000,6.174000,6.107000,6.196000
81,4,1,6.302400,6.302000,6.302000,6.154000,6.277000,6.477000
81,5,1,6.495200,6.406000,6.447000,6.393000,6.603000,6.627000
81,6,1,6.340200,6.316000,6.300000,6.280000,6.306000,6.499000
81,7,1,5.910600,5.825000,5.866000,5.828000,5.959000,6.075000
81,8,1,6.146800,6.040000,6.071000,6.187000,6.182000,6.254000
81,9,1,6.406200,6.472000,6.367000,6.313000,6.382000,6.497000
81,10,1,6.199800,6.142000,6.268000,6.141000,6.217000,6.231000
81,11,1,6.344600,6.259000,6.330000,6.323000,6.354000,6.457000
81,12,1,6.186000,6.259000,6.118000,6.087000,6.178000,6.288000
81,13,1,6.239800,6.243000,6.329000,6.099000,6.142000,6.386000
81,14,1,6.130400,6.084000,6.148000,6.029000,6.139000,6.252000
81,15,1,6.109600,6.108000,6.117000,6.026000,6.024000,6.273000
81,16,1,6.238400,6.297000,6.202000,6.204000,6.236000,6.253000
81,17,1,6.261800,6.148000,6.292000,6.200000,6.259000,6.410000
81,18,1,6.347800,6.299000,6.322000,6.286000,6.384000,6.448000
81,19,1,6.391400,6.372000,6.386000,6.392000,6.340000,6.467000
82,0,1,6.374600,6.246000,6.422000,6.568000,6.378000,6.259000
82,1,1,6.211600,6.123000,6.206000,6.345000,6.135000,6.249000
82,2,1,6.175600,6.170000,6.173000,6.263000,6.157000,6.115000
82,3,1,6.215000,6.100000,6.265000,6.199000,6.257000,6.254000
82,4,1,6.330600,6.261000,6.286000,6.396000,6.414000,6.296000
82,5,1,6.209200,6.139000,6.239000,6.342000,6.263000,6.063000
82,6,1,6.351600,6.241000,6.389000,6.412000,6.376000,6.340000
82,7,1,6.303800,6.182000,6.258000,6.510000,6.267000,6.302000
82,8,1,6.361400,6.235000,6.402000,6.555000,6.379000,6.236000
82,9,1,6.192200,6.103000,6.170000,6.381000,6.149000,6.158000
82,10,1,6.346800,6.262000,6.323000,6.459000,6.339000,6.351000
82,11,1,6.462000,6.400000,6.535000,6.614000,6.414000,6.347000
82,12,1,6.403800,6.278000,6.455000,6.631000,6.309000,6.346000
82,13,1,6.132800,6.058000,6.165000,6.326000,6.163000,5.952000
82,14,1,6.277400,6.201000,6.297000,6.441000,6.292000,6.156000
82,15,1,6.381000,6.307000,6.464000,6.328000,6.518000,6.288000
82,16,1,6.405600,6.358000,6.354000,6.516000,6.387000,6.413000
82,17,1,5.987000,5.899000,5.965000,6.132000,6.057000,5.882000
82,18,1,6.234000,6.231000,6.192000,6.316000,6.223000,6.208000
82,19,1,6.195400,6.179000,6.138000,6.383000,6.201000,6.076000
83,0,1,6.281800,6.222000,6.254000,6.333000,6.354000,6.246000
83,1,1,6.525200,6.496000,6.585000,6.646000,6.458000,6.441000
83,2,1,5.689200,5.645000,5.549000,5.766000,5.831000,5.655000
83,3,1,6.317600,6.304000,6.275000,6.413000,6.330000,6.266000
83,4,1,6.314600,6.216000,6.262000,6.410000,6.450000,6.235000
83,5,1,6.068200,6.078000,5.926000,6.147000,6.127000,6.063000
83,6,1,6.051800,6.048000,5.988000,6.075000,6.107000,6.041000
83,7,1,6.199200,6.185000,6.111000,6.238000,6.237000,6.225000
83,8,1,6.340400,6.267000,6.389000,6.340000,6.441000,6.265000
83,9,1,6.085200,5.957000,6.109000,6.060000,6.198000,6.102000
83,10,1,6.103600,6.120000,6.021000,6.222000,6.184000,5.971000
83,11,1,6.327200,6.370000,6.333000,6.320000,6.299000,6.314000
83,12,1,6.339600,6.278000,6.349000,6.380000,6.384000,6.307000
83,13,1,6.133000,6.158000,6.142000,6.169000,6.201000,5.995000
83,14,1,6.053200,6.021000,5.983000,6.128000,6.081000,6.053000
83,15,1,6.026400,6.025000,6.047000,6.003000,6.048000,6.009000
83,16,1,5.801400,5.747000,5.892000,5.749000,5.906000,5.713000
83,17,1,6.033600,6.017000,5.971000,6.082000,6.138000,5.960000
83,18,1,6.200600,6.084000,6.165000,6.289000,6.240000,6.225000
83,19,1,6.225800,6.225000,6.178000,6.227000,6.282000,6.217000
84,0,1,6.041000,5.933000,6.066000,6.035000,6.041000,6.130000
84,1,1,6.379600,6.387000,6.407000,6.397000,6.354000,6.353000
84,2,1,6.092600,5.923000,6.277000,6.098000,5.926000,6.239000
84,3,1,6.066200,5.984000,6.162000,5.999000,6.042000,6.144000
84,4,1,6.096400,5.910000,6.147000,6.036000,6.095000,6.294000
84,5,1,6.401000,6.432000,6.407000,6.303000,6.356000,6.507000
84,6,1,6.368600,6.361000,6.512000,6.341000,6.307000,6.322000
84,7,1,5.745200,5.621000,5.788000,5.769000,5.691000,5.857000
84,8,1,6.210600,6.037000,6.341000,6.197000,6.208000,6.270000
84,9,1,6.104000,5.967000,6.287000,5.988000,6.167000,6.111000
84,10,1,6.345600,6.200000,6.380000,6.356000,6.311000,6.481000
84,11,1,6.247000,6.145000,6.348000,6.123000,6.245000,6.374000
84,12,1,6.157000,5.923000,6.277000,6.119000,6.161000,6.305000
84,13,1,6.225000,6.220000,6.275000,6.179000,6.224000,6.227000
84,14,1,6.370800,6.223000,6.571000,6.487000,6.304000,6.269000
84,15,1,6.407000,6.273000,6.480000,6.510000,6.386000,6.386000
84,16,1,6.416800,6.288000,6.589000,6.412000,6.357000,6.438000
84,17,1,6.189400,6.054000,6.194000,6.214000,6.264000,6.221000
84,18,1,6.064600,5.868000,6.247000,6.085000,6.029000,6.094000
84,19,1,6.315800,6.187000,6.385000,6.236000,6.320000,6.451000
85,0,1,6.206800,6.096000,6.091000,6.215000,6.325000,6.307000
85,1,1,6.184600,6.088000,6.267000,6.279000,6.081000,6.208000
85,2,1,6.374800,6.230000,6.453000,6.348000,6.444000,6.399000
85,3,1,5.840400,5.653000,5.816000,5.884000,5.869000,5.980000
85,4,1,6.243800,6.077000,6.130000,6.155000,6.453000,6.404000
85,5,1,6.395200,6.362000,6.399000,6.385000,6.403000,6.427000
85,6,1,6.133000,5.999000,6.317000,6.060000,6.060000,6.229000
85,7,1,6.248800,6.295000,6.335000,6.101000,6.195000,6.318000
85,8,1,6.347200,6.178000,6.344000,6.343000,6.468000,6.403000
85,9,1,6.204000,6.118000,6.258000,6.085000,6.220000,6.339000
85,10,1,6.125600,6.085000,6.206000,6.024000,6.161000,6.152000
85,11,1,6.354800,6.241000,6.293000,6.319000,6.436000,6.485000
85,12,1,6.324800,6.219000,6.209000,6.361000,6.434000,6.401000
85,13,1,6.144000,6.091000,6.120000,6.134000,6.145000,6.230000
85,14,1,6.412000,6.292000,6.460000,6.348000,6.557000,6.403000
85,15,1,6.299000,6.166000,6.284000,6.309000,6.362000,6.374000
85,16,1,6.445000,6.349000,6.394000,6.393000,6.592000,6.497000
85,17,1,6.280200,6.089000,6.389000,6.217000,6.338000,6.368000
85,18,1,6.264000,6.119000,6.342000,6.242000,6.300000,6.317000
85,19,1,6.156400,6.071000,6.269000,6.168000,6.242000,6.032000
86,0,1,6.330000,6.271000,6.426000,6.472000,6.105000,6.376000
86,1,1,6.460800,6.443000,6.455000,6.532000,6.426000,6.448000
86,2,1,6.289800,6.194000,6.474000,6.471000,6.098000,6.212000
86,3,1,6.469600,6.317000,6.534000,6.557000,6.467000,6.473000
86,4,1,6.212800,6.202000,6.323000,6.301000,6.104000,6.134000
86,5,1,6.438400,6.403000,6.582000,6.481000,6.341000,6.385000
86,6,1,6.564600,6.499000,6.641000,6.635000,6.505000,6.543000
86,7,1,6.403400,6.323000,6.474000,6.602000,6.352000,6.266000
86,8,1,6.170600,5.990000,6.205000,6.306000,6.168000,6.184000
86,9,1,6.123000,6.068000,6.194000,6.168000,6.076000,6.109000
86,10,1,6.003600,6.054000,6.100000,6.149000,5.799000,5.916000
86,11,1,6.499000,6.529000,6.457000,6.526000,6.500000,6.483000
86,12,1,6.351400,6.404000,6.330000,6.484000,6.249000,6.290000
86,13,1,6.141400,6.162000,6.124000,6.212000,6.035000,6.174000
86,14,1,6.273600,6.234000,6.275000,6.360000,6.148000,6.351000
86,15,1,6.071800,6.014000,6.232000,6.203000,5.935000,5.975000
86,16,1,6.321600,6.251000,6.540000,6.374000,6.238000,6.205000
86,17,1,6.167600,6.016000,6.214000,6.282000,6.163000,6.163000
86,18,1,6.410200,6.389000,6.509000,6.498000,6.241000,6.414000
86,19,1,6.385600,6.355000,6.349000,6.500000,6.304000,6.420000
87,0,1,6.091000,6.082000,6.241000,6.017000,6.038000,6.077000
87,1,1,6.425600,6.533000,6.395000,6.423000,6.374000,6.403000
87,2,1,6.268000,6.381000,6.183000,6.235000,6.287000,6.254000
87,3,1,6.232000,6.221000,6.324000,6.199000,6.243000,6.173000
87,4,1,6.220600,6.240000,6.266000,6.251000,6.147000,6.199000
87,5,1,6.418800,6.551000,6.474000,6.335000,6.374000,6.360000
87,6,1,6.154600,6.140000,6.212000,6.138000,6.130000,6.153000
87,7,1,6.298000,6.350000,6.377000,6.321000,6.237000,6.205000
87,8,1,6.354600,6.380000,6.433000,6.220000,6.325000,6.415000
87,9,1,6.312000,6.319000,6.393000,6.285000,6.334000,6.229000
87,10,1,6.351600,6.379000,6.505000,6.228000,6.351000,6.295000
87,11,1,6.216400,6.281000,6.428000,6.097000,6.042000,6.234000
87,12,1,6.180200,6.070000,6.179000,6.238000,6.259000,6.155000
87,13,1,6.042000,6.022000,6.051000,6.060000,5.945000,6.132000
87,14,1,6.328800,6.396000,6.447000,6.266000,6.256000,6.279000
87,15,1,6.194400,6.288000,6.261000,6.207000,6.085000,6.131000
87,16,1,6.293800,6.369000,6.405000,6.300000,6.203000,6.192000
87,17,1,5.948000,6.118000,5.925000,5.916000,5.923000,5.858000
87,18,1,6.238000,6.302000,6.325000,6.151000,6.252000,6.160000
87,19,1,6.103800,6.042000,6.212000,6.049000,6.071000,6.145000
88,0,1,6.428200,6.485000,6.486000,6.447000,6.391000,6.332000
88,1,1,6.136600,6.252000,6.184000,6.143000,5.916000,6.188000
88,2,1,6.330200,6.450000,6.362000,6.336000,6.201000,6.302000
88,3,1,6.259000,6.389000,6.097000,6.247000,6.158000,6.404000
88,4,1,6.370400,6.332000,6.417000,6.524000,6.200000,6.379000
88,5,1,6.248400,6.342000,6.324000,6.303000,6.050000,6.223000
88,6,1,6.442600,6.529000,6.440000,6.415000,6.403000,6.426000
88,7,1,6.239600,6.232000,6.207000,6.340000,6.160000,6.259000
88,8,1,6.534400,6.543000,6.562000,6.672000,6.472000,6.423000
88,9,1,6.391800,6.503000,6.370000,6.400000,6.288000,6.398000
88,10,1,6.464200,6.400000,6.574000,6.493000,6.428000,6.426000
88,11,1,6.267000,6.081000,6.180000,6.408000,6.259000,6.407000
88,12,1,6.515400,6.614000,6.508000,6.453000,6.415000,6.587000
88,13,1,6.289400,6.354000,6.254000,6.339000,6.193000,6.307000
88,14,1,6.514400,6.612000,6.439000,6.604000,6.398000,6.519000
88,15,1,6.345200,6.421000,6.274000,6.366000,6.279000,6.386000
88,16,1,6.335600,6.435000,6.161000,6.444000,6.193000,6.445000
88,17,1,6.396600,6.508000,6.301000,6.491000,6.328000,6.355000
88,18,1,6.331200,6.413000,6.378000,6.342000,6.204000,6.319000
88,19,1,6.493600,6.545000,6.416000,6.605000,6.359000,6.543000
89,0,1,6.297000,6.401000,6.206000,6.310000,6.175000,6.393000
89,1,1,6.338200,6.266000,6.503000,6.302000,6.278000,6.342000
89,2,1,6.331600,6.275000,6.492000,6.129000,6.432000,6.330000
89,3,1,6.131600,6.072000,6.178000,6.139000,6.171000,6.098000
89,4,1,6.331200,6.285000,6.533000,6.348000,6.322000,6.168000
89,5,1,6.512200,6.539000,6.644000,6.525000,6.346000,6.507000
89,6,1,6.000400,5.881000,6.265000,5.896000,5.978000,5.982000
89,7,1,6.576200,6.589000,6.672000,6.511000,6.520000,6.589000
89,8,1,6.180200,6.170000,6.420000,6.106000,6.153000,6.052000
89,9,1,6.262400,6.256000,6.387000,6.192000,6.202000,6.275000
89,10,1,6.479800,6.459000,6.636000,6.349000,6.511000,6.444000
89,11,1,6.261400,6.174000,6.377000,6.250000,6.197000,6.309000
89,12,1,6.068400,5.895000,6.194000,6.023000,6.077000,6.153000
89,13,1,6.341800,6.175000,6.462000,6.460000,6.284000,6.328000
89,14,1,6.184800,6.147000,6.328000,6.135000,6.103000,6.211000
89,15,1,6.209800,6.206000,6.322000,6.045000,6.284000,6.192000
89,16,1,6.487400,6.378000,6.619000,6.468000,6.465000,6.507000
89,17,1,6.124800,6.109000,6.297000,6.016000,6.052000,6.150000
89,18,1,6.482800,6.441000,6.552000,6.495000,6.442000,6.484000
89,19,1,6.149600,6.081000,6.223000,6.152000,6.099000,6.193000
90,0,0,4.575400,4.561000,4.682000,4.490000,4.688000,4.456000
90,1,0,4.361200,4.324000,4.471000,4.300000,4.504000,4.207000
90,2,0,4.528600,4.460000,4.670000,4.531000,4.591000,4.391000
90,3,0,4.510600,4.509000,4.610000,4.381000,4.623000,4.430000
90,4,0,4.495600,4.474000,4.500000,4.461000,4.620000,4.423000
90,5,0,4.439400,4.466000,4.504000,4.359000,4.547000,4.321000
90,6,0,4.264600,4.207000,4.328000,4.124000,4.454000,4.210000
90,7,0,4.603600,4.529000,4.768000,4.511000,4.684000,4.526000
90,8,0,4.577400,4.579000,4.650000,4.460000,4.713000,4.485000
90,9,0,4.555000,4.614000,4.625000,4.439000,4.667000,4.430000
90,10,0,4.444200,4.375000,4.530000,4.417000,4.574000,4.325000
90,11,0,4.575000,4.636000,4.588000,4.441000,4.710000,4.500000
90,12,0,4.662000,4.629000,4.683000,4.685000,4.681000,4.632000
90,13,0,4.550600,4.518000,4.636000,4.400000,4.725000,4.474000
90,14,0,4.818200,4.861000,4.852000,4.700000,5.008000,4.670000
90,15,0,4.565000,4.588000,4.590000,4.420000,4.687000,4.540000
90,16,0,4.413000,4.355000,4.475000,4.417000,4.469000,4.349000
90,17,0,4.704400,4.798000,4.718000,4.590000,4.817000,4.599000
90,18,0,4.491800,4.437000,4.535000,4.418000,4.598000,4.471000
90,19,0,4.549000,4.482000,4.532000,4.437000,4.763000,4.531000
90,20,1,5.997600,5.985000,6.052000,5.696000,6.208000,6.047000
90,21,1,6.325000,6.293000,6.399000,6.049000,6.477000,6.407000
90,22,1,6.253400,6.240000,6.328000,5.999000,6.354000,6.346000
90,23,1,6.024600,6.133000,6.015000,5.873000,6.193000,5.909000
90,24,1,6.090200,6.137000,6.194000,5.923000,6.148000,6.049000
90,25,1,6.390400,6.375000,6.501000,6.198000,6.481000,6.397000
90,26,1,6.398400,6.372000,6.505000,6.353000,6.339000,6.423000
90,27,1,6.379600,6.410000,6.425000,6.230000,6.570000,6.263000
90,28,1,5.844400,5.946000,5.812000,5.630000,6.011000,5.823000
90,29,1,6.482200,6.510000,6.587000,6.212000,6.564000,6.538000
90,30,1,6.151600,6.094000,6.268000,5.962000,6.341000,6.093000
90,31,1,6.499600,6.519000,6.486000,6.311000,6.583000,6.599000
90,32,1,6.376000,6.421000,6.478000,6.132000,6.447000,6.402000
90,33,1,6.122000,6.098000,6.149000,5.955000,6.371000,6.037000
90,34,1,6.232800,6.247000,6.283000,5.958000,6.394000,6.282000
90,35,1,6.103600,6.055000,6.261000,5.877000,6.156000,6.169000
90,36,1,6.187000,6.242000,6.262000,5.990000,6.239000,6.202000
90,37,1,6.284000,6.238000,6.375000,6.187000,6.371000,6.249000
90,38,1,6.259400,6.324000,6.297000,6.023000,6.394000,6.259000
90,39,1,6.230400,6.314000,6.265000,5.926000,6.382000,6.265000
90,40,2,4.507000,4.449000,4.571000,4.298000,4.602000,4.615000
90,41,2,4.522400,4.427000,4.630000,4.374000,4.702000,4.479000
90,42,2,4.433600,4.416000,4.510000,4.259000,4.540000,4.443000
90,43,2,4.602200,4.631000,4.586000,4.427000,4.849000,4.518000
90,44,2,4.513800,4.458000,4.621000,4.312000,4.762000,4.416000
90,45,2,4.606200,4.624000,4.711000,4.494000,4.643000,4.559000
90,46,2,4.561400,4.528000,4.698000,4.337000,4.734000,4.510000
90,47,2,4.631200,4.625000,4.651000,4.519000,4.797000,4.564000
90,48,2,4.710600,4.673000,4.806000,4.563000,4.883000,4.628000
90,49,2,4.601000,4.594000,4.708000,4.318000,4.688000,4.697000
90,50,2,4.481400,4.536000,4.511000,4.394000,4.626000,4.340000
90,51,2,4.264200,4.251000,4.343000,4.190000,4.429000,4.108000
90,52,2,4.234000,4.206000,4.273000,4.116000,4.394000,4.181000
90,53,2,4.588200,4.425000,4.767000,4.550000,4.691000,4.508000
90,54,2,4.377600,4.270000,4.484000,4.304000,4.531000,4.299000
90,55,2,4.576000,4.617000,4.633000,4.459000,4.719000,4.452000
90,56,2,4.584000,4.650000,4.689000,4.459000,4.722000,4.400000
90,57,2,4.678200,4.737000,4.737000,4.523000,4.723000,4.671000
90,58,2,4.484400,4.397000,4.555000,4.372000,4.669000,4.429000
90,59,2,4.275400,4.214000,4.357000,4.190000,4.370000,4.246000
90,60,3,4.470000,4.493000,4.587000,4.423000,4.547000,4.300000
90,61,3,4.378600,4.359000,4.450000,4.303000,4.515000,4.266000
90,62,3,4.567200,4.505000,4.595000,4.508000,4.767000,4.461000
90,63,3,4.647200,4.681000,4.717000,4.566000,4.635000,4.637000
90,64,3,4.448000,4.429000,4.402000,4.351000,4.643000,4.415000
90,65,3,4.723000,4.807000,4.739000,4.539000,4.846000,4.684000
90,66,3,4.543800,4.568000,4.606000,4.296000,4.721000,4.528000
90,67,3,4.800200,4.767000,4.762000,4.712000,4.989000,4.771000
90,68,3,4.411600,4.360000,4.506000,4.324000,4.507000,4.361000
90,69,3,4.466600,4.486000,4.567000,4.414000,4.521000,4.345000
90,70,3,4.579200,4.557000,4.663000,4.382000,4.701000,4.593000
90,71,3,4.595800,4.558000,4.639000,4.544000,4.684000,4.554000
90,72,3,4.303400,4.248000,4.344000,4.315000,4.416000,4.194000
90,73,3,4.639600,4.637000,4.778000,4.531000,4.684000,4.568000
90,74,3,4.710400,4.703000,4.784000,4.606000,4.856000,4.603000
90,75,3,4.603200,4.618000,4.687000,4.508000,4.730000,4.473000
90,76,3,4.416600,4.438000,4.366000,4.426000,4.538000,4.315000
90,77,3,4.589200,4.576000,4.637000,4.580000,4.665000,4.488000
90,78,3,4.692000,4.797000,4.728000,4.565000,4.737000,4.633000
90,79,3,4.378200,4.329000,4.352000,4.362000,4.513000,4.335000
90,80,4,4.519400,4.457000,4.495000,4.534000,4.723000,4.388000
90,81,4,4.247600,4.339000,4.257000,4.157000,4.355000,4.130000
90,82,4,4.457600,4.384000,4.525000,4.335000,4.716000,4.328000
90,83,4,4.547400,4.544000,4.571000,4.466000,4.711000,4.445000
90,84,4,4.477400,4.298000,4.547000,4.379000,4.706000,4.457000
90,85,4,4.258800,4.324000,4.198000,4.122000,4.504000,4.146000
90,86,4,4.463000,4.593000,4.480000,4.269000,4.686000,4.287000
90,87,4,4.498400,4.404000,4.506000,4.364000,4.741000,4.477000
90,88,4,4.450600,4.394000,4.582000,4.302000,4.531000,4.444000
90,89,4,4.527400,4.508000,4.536000,4.478000,4.707000,4.408000
90,90,4,4.440400,4.388000,4.425000,4.345000,4.601000,4.443000
90,91,4,4.354200,4.238000,4.481000,4.339000,4.549000,4.164000
90,92,4,4.278800,4.332000,4.346000,4.166000,4.387000,4.163000
90,93,4,4.470000,4.473000,4.431000,4.297000,4.687000,4.462000
90,94,4,4.384200,4.374000,4.411000,4.149000,4.638000,4.349000
90,95,4,4.720000,4.782000,4.811000,4.547000,4.894000,4.566000
90,96,4,4.101800,4.116000,4.108000,4.020000,4.271000,3.994000
90,97,4,4.277800,4.347000,4.237000,4.148000,4.385000,4.272000
90,98,4,4.300400,4.242000,4.336000,4.140000,4.579000,4.205000
90,99,4,4.238400,4.268000,4.178000,4.282000,4.366000,4.098000
91,0,1,6.416600,6.327000,6.365000,6.480000,6.355000,6.556000
91,1,1,6.358400,6.369000,6.382000,6.279000,6.219000,6.543000
91,2,1,6.393400,6.433000,6.267000,6.281000,6.504000,6.482000
91,3,1,6.284400,6.266000,6.282000,6.135000,6.256000,6.483000
91,4,1,6.383800,6.362000,6.391000,6.395000,6.098000,6.673000
91,5,1,6.568800,6.533000,6.558000,6.512000,6.461000,6.780000
91,6,1,6.400400,6.345000,6.342000,6.478000,6.342000,6.495000
91,7,1,6.453000,6.395000,6.377000,6.401000,6.492000,6.600000
91,8,1,6.462800,6.424000,6.453000,6.325000,6.362000,6.750000
91,9,1,6.311400,6.305000,6.319000,6.186000,6.262000,6.485000
91,10,1,6.438200,6.363000,6.420000,6.383000,6.315000,6.710000
91,11,1,6.453800,6.421000,6.419000,6.499000,6.299000,6.631000
91,12,1,6.263200,6.085000,6.207000,6.259000,6.240000,6.525000
91,13,1,6.386800,6.359000,6.348000,6.324000,6.375000,6.528000
91,14,1,6.533400,6.470000,6.587000,6.479000,6.393000,6.738000
91,15,1,6.469000,6.457000,6.476000,6.426000,6.441000,6.545000
91,16,1,6.434800,6.358000,6.514000,6.453000,6.220000,6.629000
91,17,1,6.427200,6.355000,6.378000,6.333000,6.370000,6.700000
91,18,1,6.426400,6.419000,6.273000,6.447000,6.313000,6.680000
91,19,1,6.261400,6.311000,6.235000,6.240000,6.086000,6.435000
92,0,1,6.422200,6.371000,6.348000,6.509000,6.522000,6.361000
92,1,1,6.585400,6.574000,6.400000,6.729000,6.675000,6.549000
92,2,1,6.349800,6.381000,6.308000,6.405000,6.367000,6.288000
92,3,1,6.528600,6.563000,6.565000,6.640000,6.440000,6.435000
92,4,1,6.381400,6.389000,6.307000,6.468000,6.487000,6.256000
92,5,1,6.573800,6.588000,6.598000,6.630000,6.610000,6.443000
92,6,1,6.390400,6.355000,6.438000,6.414000,6.509000,6.236000
92,7,1,6.311200,6.235000,6.289000,6.426000,6.455000,6.151000
92,8,1,6.226600,6.186000,6.161000,6.425000,6.329000,6.032000
92,9,1,6.296000,6.245000,6.311000,6.400000,6.444000,6.080000
92,10,1,6.400000,6.380000,6.374000,6.519000,6.469000,6.258000
92,11,1,6.343400,6.348000,6.343000,6.304000,6.439000,6.283000
92,12,1,6.457600,6.434000,6.452000,6.548000,6.522000,6.332000
92,13,1,6.487200,6.453000,6.406000,6.534000,6.520000,6.523000
92,14,1,6.410600,6.409000,6.453000,6.501000,6.388000,6.302000
92,15,1,6.535000,6.420000,6.563000,6.618000,6.600000,6.474000
92,16,1,6.231200,6.217000,6.186000,6.335000,6.386000,6.032000
92,17,1,6.382400,6.398000,6.286000,6.435000,6.548000,6.245000
92,18,1,6.396000,6.443000,6.374000,6.493000,6.427000,6.243000
92,19,1,6.224200,6.278000,6.131000,6.297000,6.313000,6.102000
93,0,1,6.270200,6.501000,6.260000,6.236000,6.120000,6.234000
93,1,1,6.420800,6.608000,6.343000,6.449000,6.274000,6.430000
93,2,1,6.448400,6.704000,6.265000,6.435000,6.395000,6.443000
93,3,1,6.260000,6.548000,6.083000,6.270000,6.119000,6.280000
93,4,1,6.246600,6.501000,6.111000,6.378000,6.083000,6.160000
93,5,1,6.453400,6.730000,6.365000,6.428000,6.371000,6.373000
93,6,1,6.352600,6.241000,6.310000,6.412000,6.406000,6.394000
93,7,1,6.314000,6.517000,6.187000,6.325000,6.311000,6.230000
93,8,1,6.277400,6.511000,6.223000,6.251000,6.178000,6.224000
93,9,1,6.375600,6.565000,6.330000,6.426000,6.244000,6.313000
93,10,1,6.098000,6.360000,6.011000,6.133000,5.987000,5.999000
93,11,1,6.583000,6.805000,6.476000,6.544000,6.501000,6.589000
93,12,1,6.332200,6.531000,6.311000,6.392000,6.217000,6.210000
93,13,1,6.329000,6.419000,6.323000,6.337000,6.170000,6.396000
93,14,1,6.210200,6.401000,6.151000,6.276000,6.141000,6.082000
93,15,1,6.169200,6.420000,6.304000,6.042000,6.026000,6.054000
93,16,1,6.147000,6.144000,6.260000,6.008000,6.167000,6.156000
93,17,1,6.355400,6.643000,6.300000,6.378000,6.284000,6.172000
93,18,1,6.401000,6.581000,6.344000,6.445000,6.323000,6.312000
93,19,1,6.112200,6.352000,6.131000,6.125000,6.068000,5.885000
94,0,1,6.447800,6.369000,6.527000,6.391000,6.349000,6.603000
94,1,1,6.372400,6.266000,6.418000,6.296000,6.341000,6.541000
94,2,1,6.289000,6.181000,6.390000,6.311000,6.165000,6.398000
94,3,1,6.320400,6.198000,6.279000,6.348000,6.294000,6.483000
94,4,1,6.498000,6.471000,6.526000,6.359000,6.502000,6.632000
94,5,1,6.114800,6.006000,6.203000,6.135000,6.056000,6.174000
94,6,1,6.465600,6.426000,6.503000,6.502000,6.237000,6.660000
94,7,1,6.532200,6.515000,6.591000,6.495000,6.449000,6.611000
94,8,1,6.410200,6.404000,6.399000,6.396000,6.321000,6.531000
94,9,1,6.197600,6.072000,6.242000,6.171000,6.124000,6.379000
94,10,1,6.269600,6.227000,6.257000,6.323000,6.227000,6.314000
94,11,1,6.235200,6.090000,6.286000,6.209000,6.135000,6.456000
94,12,1,6.457000,6.389000,6.447000,6.496000,6.430000,6.523000
94,13,1,6.476400,6.467000,6.492000,6.349000,6.470000,6.604000
94,14,1,6.343400,6.259000,6.335000,6.377000,6.267000,6.479000
94,15,1,6.127600,5.919000,6.225000,6.036000,6.216000,6.242000
94,16,1,6.258600,6.190000,6.367000,6.250000,6.119000,6.367000
94,17,1,6.246000,6.189000,6.356000,6.132000,6.121000,6.432000
94,18,1,5.831000,5.842000,5.769000,6.083000,5.612000,5.849000
94,19,1,6.381200,6.358000,6.417000,6.306000,6.253000,6.572000
95,0,1,6.227000,6.146000,6.284000,6.154000,6.250000,6.301000
95,1,1,6.223200,6.211000,6.186000,6.197000,6.259000,6.263000
95,2,1,6.399000,6.421000,6.481000,6.251000,6.445000,6.397000
95,3,1,6.425800,6.392000,6.592000,6.260000,6.511000,6.374000
95,4,1,6.344000,6.502000,6.404000,6.137000,6.370000,6.307000
95,5,1,6.559000,6.529000,6.575000,6.445000,6.642000,6.604000
95,6,1,6.533800,6.455000,6.607000,6.525000,6.595000,6.487000
95,7,1,6.097400,6.039000,6.134000,6.121000,6.207000,5.986000
95,8,1,6.512000,6.438000,6.629000,6.470000,6.512000,6.511000
95,9,1,6.383400,6.325000,6.377000,6.351000,6.415000,6.449000
95,10,1,6.484000,6.429000,6.512000,6.448000,6.540000,6.491000
95,11,1,6.432800,6.473000,6.429000,6.358000,6.575000,6.329000
95,12,1,6.382000,6.317000,6.413000,6.373000,6.449000,6.358000
95,13,1,6.663000,6.687000,6.714000,6.446000,6.743000,6.725000
95,14,1,6.460400,6.517000,6.570000,6.363000,6.452000,6.400000
95,15,1,6.436000,6.372000,6.438000,6.338000,6.552000,6.480000
95,16,1,6.431200,6.512000,6.421000,6.358000,6.436000,6.429000
95,17,1,5.927200,5.877000,6.037000,5.783000,6.020000,5.919000
95,18,1,6.439400,6.307000,6.515000,6.360000,6.554000,6.461000
95,19,1,6.039200,6.020000,6.046000,6.025000,6.119000,5.986000
96,0,1,6.139800,6.160000,6.033000,6.110000,6.170000,6.226000
96,1,1,6.554400,6.628000,6.499000,6.548000,6.555000,6.542000
96,2,1,6.413800,6.455000,6.310000,6.471000,6.526000,6.307000
96,3,1,6.350400,6.377000,6.198000,6.484000,6.389000,6.304000
96,4,1,6.672400,6.687000,6.552000,6.638000,6.790000,6.695000
96,5,1,6.345000,6.368000,6.182000,6.453000,6.458000,6.264000
96,6,1,6.405000,6.488000,6.367000,6.434000,6.343000,6.393000
96,7,1,6.385800,6.358000,6.332000,6.367000,6.428000,6.444000
96,8,1,6.397000,6.456000,6.332000,6.421000,6.387000,6.389000
96,9,1,5.917400,5.983000,5.818000,6.023000,5.864000,5.899000
96,10,1,6.434800,6.346000,6.441000,6.480000,6.444000,6.463000
96,11,1,6.252000,6.251000,6.213000,6.374000,6.266000,6.156000
96,12,1,6.484000,6.517000,6.447000,6.456000,6.494000,6.506000
96,13,1,6.598800,6.488000,6.603000,6.622000,6.722000,6.559000
96,14,1,6.469600,6.492000,6.434000,6.369000,6.460000,6.593000
96,15,1,5.972000,6.043000,5.833000,5.970000,5.911000,6.103000
96,16,1,6.516800,6.560000,6.466000,6.499000,6.509000,6.550000
96,17,1,6.541400,6.574000,6.424000,6.605000,6.582000,6.522000
96,18,1,6.467600,6.493000,6.427000,6.354000,6.587000,6.477000
96,19,1,6.696000,6.649000,6.656000,6.737000,6.760000,6.678000
97,0,1,6.118000,6.164000,6.161000,6.050000,6.178000,6.037000
97,1,1,6.397200,6.531000,6.446000,6.219000,6.429000,6.361000
97,2,1,6.561800,6.542000,6.593000,6.584000,6.513000,6.577000
97,3,1,6.683200,6.564000,6.694000,6.734000,6.705000,6.719000
97,4,1,6.436800,6.505000,6.402000,6.487000,6.458000,6.332000
97,5,1,6.517000,6.552000,6.527000,6.536000,6.433000,6.537000
97,6,1,6.378200,6.250000,6.505000,6.405000,6.423000,6.308000
97,7,1,6.231400,6.255000,6.339000,6.138000,6.284000,6.141000
97,8,1,6.107200,6.148000,6.296000,6.001000,6.075000,6.016000
97,9,1,6.201400,6.315000,6.209000,6.172000,6.236000,6.075000
97,10,1,6.392400,6.455000,6.478000,6.261000,6.427000,6.341000
97,11,1,6.566200,6.618000,6.503000,6.595000,6.486000,6.629000
97,12,1,6.580800,6.632000,6.620000,6.484000,6.631000,6.537000
97,13,1,6.316200,6.392000,6.289000,6.338000,6.161000,6.401000
97,14,1,6.431800,6.450000,6.475000,6.409000,6.475000,6.350000
97,15,1,6.271400,6.216000,6.371000,6.169000,6.274000,6.327000
97,16,1,6.234400,6.250000,6.221000,6.218000,6.318000,6.165000
97,17,1,6.391800,6.255000,6.366000,6.439000,6.488000,6.411000
97,18,1,6.477000,6.414000,6.495000,6.447000,6.549000,6.480000
97,19,1,6.488200,6.445000,6.580000,6.387000,6.563000,6.466000
98,0,1,6.469000,6.520000,6.495000,6.388000,6.526000,6.416000
98,1,1,6.415600,6.507000,6.460000,6.385000,6.235000,6.491000
98,2,1,6.320600,6.351000,6.307000,6.409000,6.154000,6.382000
98,3,1,6.537600,6.498000,6.668000,6.588000,6.448000,6.486000
98,4,1,6.491600,6.363000,6.624000,6.485000,6.383000,6.603000
98,5,1,6.637600,6.590000,6.700000,6.670000,6.482000,6.746000
98,6,1,6.372600,6.457000,6.402000,6.241000,6.288000,6.475000
98,7,1,6.447600,6.475000,6.485000,6.393000,6.373000,6.512000
98,8,1,6.454400,6.442000,6.446000,6.433000,6.450000,6.501000
98,9,1,6.222000,6.291000,6.202000,6.235000,6.111000,6.271000
98,10,1,6.149000,6.301000,6.146000,6.164000,6.050000,6.084000
98,11,1,6.384200,6.369000,6.336000,6.335000,6.438000,6.443000
98,12,1,6.314600,6.406000,6.304000,6.258000,6.245000,6.360000
98,13,1,6.378400,6.382000,6.473000,6.327000,6.300000,6.410000
98,14,1,6.488200,6.548000,6.566000,6.391000,6.458000,6.478000
98,15,1,6.410000,6.338000,6.554000,6.276000,6.398000,6.484000
98,16,1,6.434600,6.461000,6.437000,6.386000,6.297000,6.592000
98,17,1,6.446600,6.569000,6.477000,6.384000,6.362000,6.441000
98,18,1,6.302800,6.279000,6.362000,6.294000,6.178000,6.401000
98,19,1,6.189600,6.203000,6.178000,6.231000,6.094000,6.242000
99,0,1,6.529200,6.633000,6.468000,6.589000,6.334000,6.622000
99,1,1,6.603200,6.748000,6.490000,6.689000,6.546000,6.543000
99,2,1,6.394200,6.402000,6.454000,6.399000,6.348000,6.368000
99,3,1,6.399600,6.551000,6.295000,6.447000,6.323000,6.382000
99,4,1,6.193800,6.277000,6.234000,6.091000,6.147000,6.220000
99,5,1,6.584600,6.586000,6.491000,6.627000,6.606000,6.613000
99,6,1,6.539800,6.636000,6.402000,6.588000,6.611000,6.462000
99,7,1,6.308800,6.406000,6.432000,6.309000,6.079000,6.318000
99,8,1,6.318200,6.371000,6.295000,6.432000,6.147000,6.346000
99,9,1,6.306000,6.478000,6.378000,6.278000,6.191000,6.205000
99,10,1,6.354600,6.544000,6.345000,6.439000,6.246000,6.199000
99,11,1,6.318200,6.407000,6.457000,6.277000,6.169000,6.281000
99,12,1,6.645200,6.750000,6.672000,6.692000,6.556000,6.556000
99,13,1,6.559800,6.600000,6.548000,6.564000,6.563000,6.524000
99,14,1,6.470400,6.566000,6.469000,6.510000,6.422000,6.385000
99,15,1,6.302600,6.340000,6.332000,6.302000,6.291000,6.248000
99,16,1,6.132400,6.175000,6.218000,6.069000,6.095000,6.105000
99,17,1,6.347600,6.437000,6.167000,6.493000,6.309000,6.332000
99,18,1,6.457200,6.590000,6.356000,6.519000,6.464000,6.357000
99,19,1,6.343000,6.355000,6.336000,6.489000,6.274000,6.261000
100,0,0,4.641800,4.740000,4.640000,4.647000,4.598000,4.584000
100,1,0,4.478200,4.496000,4.497000,4.502000,4.366000,4.530000
100,2,0,4.698800,4.589000,4.744000,4.709000,4.637000,4.815000
100,3,0,4.635400,4.676000,4.580000,4.691000,4.590000,4.640000
100,4,0,4.705400,4.777000,4.643000,4.718000,4.606000,4.783000
100,5,0,4.796400,4.856000,4.818000,4.738000,4.759000,4.811000
100,6,0,4.704400,4.734000,4.719000,4.614000,4.792000,4.663000
100,7,0,4.699600,4.675000,4.726000,4.675000,4.648000,4.774000
100,8,0,4.577400,4.734000,4.533000,4.502000,4.597000,4.521000
100,9,0,4.846200,4.843000,4.904000,4.892000,4.849000,4.743000
100,10,0,4.683000,4.846000,4.652000,4.528000,4.653000,4.736000
100,11,0,4.645000,4.702000,4.554000,4.642000,4.705000,4.622000
100,12,0,4.677800,4.674000,4.729000,4.699000,4.614000,4.673000
100,13,0,4.691800,4.810000,4.618000,4.731000,4.632000,4.668000
100,14,0,4.877800,4.804000,4.820000,4.948000,4.904000,4.913000
100,15,0,4.735600,4.788000,4.662000,4.740000,4.800000,4.688000
100,16,0,4.608000,4.583000,4.622000,4.523000,4.639000,4.673000
100,17,0,4.587600,4.593000,4.513000,4.557000,4.613000,4.662000
100,18,0,4.678000,4.676000,4.705000,4.601000,4.620000,4.788000
100,19,0,4.820200,4.936000,4.793000,4.709000,4.909000,4.754000
100,20,1,6.219200,6.258000,6.118000,6.227000,6.294000,6.199000
100,21,1,6.454200,6.437000,6.509000,6.303000,6.448000,6.574000
100,22,1,6.514800,6.548000,6.447000,6.623000,6.470000,6.486000
100,23,1,6.375400,6.384000,6.354000,6.463000,6.353000,6.323000
100,24,1,6.314000,6.094000,6.404000,6.364000,6.518000,6.190000
100,25,1,6.565400,6.582000,6.575000,6.587000,6.536000,6.547000
100,26,1,6.266800,6.198000,6.351000,6.314000,6.140000,6.331000
100,27,1,6.378600,6.301000,6.502000,6.398000,6.291000,6.401000
100,28,1,6.288400,6.305000,6.288000,6.349000,6.282000,6.218000
100,29,1,6.329600,6.278000,6.399000,6.370000,6.367000,6.234000
100,30,1,6.580400,6.642000,6.507000,6.614000,6.563000,6.576000
100,31,1,6.681400,6.641000,6.721000,6.685000,6.673000,6.687000
100,32,1,6.328000,6.341000,6.316000,6.385000,6.315000,6.283000
100,33,1,6.284200,6.278000,6.318000,6.290000,6.258000,6.277000
100,34,1,6.583000,6.608000,6.604000,6.676000,6.481000,6.546000
100,35,1,6.164200,6.204000,6.224000,6.121000,6.140000,6.132000
100,36,1,6.501600,6.581000,6.500000,6.555000,6.416000,6.456000
100,37,1,6.565400,6.560000,6.619000,6.607000,6.538000,6.503000
100,38,1,6.155600,6.127000,6.185000,6.195000,6.171000,6.100000
100,39,1,6.497800,6.439000,6.482000,6.470000,6.571000,6.527000
100,40,2,4.590800,4.587000,4.613000,4.633000,4.549000,4.572000
100,41,2,4.728800,4.756000,4.724000,4.830000,4.680000,4.654000
100,42,2,4.400000,4.490000,4.255000,4.430000,4.363000,4.462000
100,43,2,4.547200,4.646000,4.371000,4.652000,4.532000,4.535000
100,44,2,4.424600,4.434000,4.419000,4.496000,4.400000,4.374000
100,45,2,4.552600,4.647000,4.505000,4.582000,4.555000,4.474000
100,46,2,4.536200,4.621000,4.433000,4.576000,4.520000,4.531000
100,47,2,4.680800,4.539000,4.512000,4.824000,4.740000,4.789000
100,48,2,4.565800,4.595000,4.509000,4.621000,4.560000,4.544000
100,49,2,4.697600,4.781000,4.546000,4.832000,4.699000,4.630000
100,50,2,4.581000,4.559000,4.554000,4.544000,4.704000,4.544000
100,51,2,4.621800,4.670000,4.560000,4.648000,4.601000,4.630000
100,52,2,4.532200,4.499000,4.447000,4.623000,4.577000,4.515000
100,53,2,4.608600,4.633000,4.600000,4.716000,4.611000,4.483000
100,54,2,4.734800,4.751000,4.640000,4.837000,4.770000,4.676000
100,55,2,4.709800,4.669000,4.647000,4.827000,4.697000,4.709000
100,56,2,4.584400,4.571000,4.601000,4.641000,4.552000,4.557000
100,57,2,4.487800,4.581000,4.404000,4.475000,4.495000,4.484000
100,58,2,4.584200,4.585000,4.627000,4.617000,4.532000,4.560000
100,59,2,4.612200,4.830000,4.420000,4.597000,4.700000,4.514000
100,60,3,4.747000,4.809000,4.683000,4.671000,4.855000,4.717000
100,61,3,4.635000,4.619000,4.546000,4.826000,4.563000,4.621000
100,62,3,4.632400,4.712000,4.650000,4.628000,4.620000,4.552000
100,63,3,4.745200,4.696000,4.798000,4.829000,4.721000,4.682000
100,64,3,4.746600,4.772000,4.742000,4.683000,4.777000,4.759000
100,65,3,4.513800,4.499000,4.453000,4.633000,4.545000,4.439000
100,66,3,4.732000,4.761000,4.746000,4.672000,4.760000,4.721000
100,67,3,4.703600,4.838000,4.686000,4.681000,4.626000,4.687000
100,68,3,4.702400,4.704000,4.760000,4.664000,4.753000,4.631000
100,69,3,4.864400,4.952000,4.863000,4.846000,4.867000,4.794000
100,70,3,4.724200,4.748000,4.722000,4.821000,4.624000,4.706000
100,71,3,4.544400,4.586000,4.618000,4.517000,4.511000,4.490000
100,72,3,4.827600,4.945000,4.859000,4.716000,4.816000,4.802000
100,73,3,4.602600,4.627000,4.586000,4.494000,4.675000,4.631000
100,74,3,4.540000,4.618000,4.423000,4.512000,4.501000,4.646000
100,75,3,4.713400,4.828000,4.599000,4.701000,4.704000,4.735000
100,76,3,4.599800,4.604000,4.624000,4.636000,4.519000,4.616000
100,77,3,4.722000,4.794000,4.659000,4.754000,4.776000,4.627000
100,78,3,4.670600,4.662000,4.700000,4.737000,4.621000,4.633000
100,79,3,4.865200,4.920000,4.910000,4.849000,4.855000,4.792000
100,80,4,4.286400,4.342000,4.375000,4.217000,4.232000,4.266000
100,81,4,4.324200,4.387000,4.216000,4.435000,4.273000,4.310000
100,82,4,4.443200,4.460000,4.280000,4.523000,4.491000,4.462000
100,83,4,4.349400,4.403000,4.364000,4.264000,4.456000,4.260000
100,84,4,4.322800,4.417000,4.288000,4.390000,4.249000,4.270000
100,85,4,4.273600,4.245000,4.214000,4.302000,4.273000,4.334000
100,86,4,4.474000,4.469000,4.479000,4.391000,4.458000,4.573000
100,87,4,4.446200,4.444000,4.464000,4.396000,4.486000,4.441000
100,88,4,4.385200,4.412000,4.384000,4.452000,4.334000,4.344000
100,89,4,4.604800,4.543000,4.773000,4.704000,4.425000,4.579000
100,90,4,4.280800,4.215000,4.331000,4.311000,4.294000,4.253000
100,91,4,4.458400,4.488000,4.442000,4.495000,4.423000,4.444000
100,92,4,4.313600,4.310000,4.384000,4.329000,4.241000,4.304000
100,93,4,4.471800,4.498000,4.547000,4.335000,4.468000,4.511000
100,94,4,4.449600,4.425000,4.404000,4.417000,4.502000,4.500000
100,95,4,4.535800,4.609000,4.491000,4.538000,4.530000,4.511000
100,96,4,4.574800,4.605000,4.620000,4.583000,4.543000,4.523000
100,97,4,4.572600,4.593000,4.447000,4.650000,4.493000,4.680000
100,98,4,4.497800,4.453000,4.501000,4.426000,4.490000,4.619000
100,99,4,4.484200,4.530000,4.534000,4.615000,4.330000,4.412000
101,0,1,6.456400,6.515000,6.452000,6.482000,6.513000,6.320000
101,1,1,6.510400,6.541000,6.512000,6.550000,6.507000,6.442000
101,2,1,6.387800,6.484000,6.357000,6.432000,6.421000,6.245000
101,3,1,6.655400,6.666000,6.638000,6.626000,6.755000,6.592000
101,4,1,6.578000,6.630000,6.539000,6.569000,6.670000,6.482000
101,5,1,6.571200,6.619000,6.560000,6.625000,6.562000,6.490000
101,6,1,6.478400,6.407000,6.457000,6.514000,6.592000,6.422000
101,7,1,6.619200,6.654000,6.618000,6.620000,6.721000,6.483000
101,8,1,6.542000,6.608000,6.412000,6.510000,6.708000,6.472000
101,9,1,6.106800,6.194000,6.165000,6.061000,6.185000,5.929000
101,10,1,6.652600,6.686000,6.635000,6.683000,6.745000,6.514000
101,11,1,6.297400,6.329000,6.336000,6.280000,6.425000,6.117000
101,12,1,6.563200,6.580000,6.592000,6.514000,6.688000,6.442000
101,13,1,6.217800,6.266000,6.266000,6.152000,6.303000,6.102000
101,14,1,6.587400,6.654000,6.498000,6.594000,6.641000,6.550000
101,15,1,6.459200,6.546000,6.400000,6.425000,6.568000,6.357000
101,16,1,6.384400,6.486000,6.380000,6.286000,6.394000,6.376000
101,17,1,6.477800,6.506000,6.434000,6.587000,6.585000,6.277000
101,18,1,6.743600,6.819000,6.701000,6.757000,6.817000,6.624000
101,19,1,6.656800,6.695000,6.593000,6.620000,6.682000,6.694000
102,0,1,6.573400,6.525000,6.672000,6.522000,6.538000,6.610000
102,1,1,6.649400,6.552000,6.645000,6.672000,6.639000,6.739000
102,2,1,6.609400,6.556000,6.731000,6.583000,6.559000,6.618000
102,3,1,6.380200,6.300000,6.477000,6.409000,6.456000,6.259000
102,4,1,6.405400,6.351000,6.523000,6.427000,6.344000,6.382000
102,5,1,6.591400,6.610000,6.688000,6.556000,6.591000,6.512000
102,6,1,6.568600,6.540000,6.664000,6.503000,6.655000,6.481000
102,7,1,6.478800,6.346000,6.590000,6.417000,6.503000,6.538000
102,8,1,6.620600,6.543000,6.745000,6.620000,6.654000,6.541000
102,9,1,6.547400,6.462000,6.579000,6.457000,6.698000,6.541000
102,10,1,6.669800,6.659000,6.673000,6.631000,6.690000,6.696000
102,11,1,6.447400,6.348000,6.499000,6.459000,6.499000,6.432000
102,12,1,6.572000,6.509000,6.625000,6.559000,6.622000,6.545000
102,13,1,6.521800,6.489000,6.513000,6.564000,6.534000,6.509000
102,14,1,6.277800,6.247000,6.386000,6.195000,6.386000,6.175000
102,15,1,6.581000,6.487000,6.706000,6.514000,6.611000,6.587000
102,16,1,6.427800,6.421000,6.487000,6.384000,6.319000,6.528000
102,17,1,6.029200,6.022000,6.128000,6.130000,5.926000,5.940000
102,18,1,6.472200,6.473000,6.608000,6.445000,6.382000,6.453000
102,19,1,6.277600,6.331000,6.346000,6.203000,6.186000,6.322000
103,0,1,6.751600,6.720000,6.663000,6.798000,6.784000,6.793000
103,1,1,6.530000,6.359000,6.621000,6.594000,6.575000,6.501000
103,2,1,6.267400,6.213000,6.403000,6.173000,6.315000,6.233000
103,3,1,6.665000,6.650000,6.776000,6.643000,6.703000,6.553000
103,4,1,6.609800,6.593000,6.570000,6.691000,6.573000,6.622000
103,5,1,6.690200,6.692000,6.604000,6.720000,6.668000,6.767000
103,6,1,6.355000,6.410000,6.332000,6.282000,6.388000,6.363000
103,7,1,6.744800,6.675000,6.739000,6.790000,6.779000,6.741000
103,8,1,6.379000,6.251000,6.299000,6.417000,6.482000,6.446000
103,9,1,6.649800,6.625000,6.589000,6.704000,6.694000,6.637000
103,10,1,6.597200,6.514000,6.661000,6.562000,6.575000,6.674000
103,11,1,6.506000,6.296000,6.473000,6.669000,6.525000,6.567000
103,12,1,6.364000,6.333000,6.314000,6.438000,6.362000,6.373000
103,13,1,6.112800,6.103000,6.170000,6.080000,6.070000,6.141000
103,14,1,6.429800,6.397000,6.492000,6.370000,6.463000,6.427000
103,15,1,6.598000,6.620000,6.603000,6.518000,6.625000,6.624000
103,16,1,6.533600,6.420000,6.589000,6.645000,6.568000,6.446000
103,17,1,6.671400,6.519000,6.700000,6.775000,6.753000,6.610000
103,18,1,6.562200,6.473000,6.443000,6.584000,6.568000,6.743000
103,19,1,6.459000,6.382000,6.487000,6.438000,6.481000,6.507000
104,0,1,6.600400,6.557000,6.568000,6.692000,6.684000,6.501000
104,1,1,6.626400,6.595000,6.644000,6.639000,6.753000,6.501000
104,2,1,6.504600,6.535000,6.520000,6.551000,6.551000,6.366000
104,3,1,6.581000,6.581000,6.542000,6.665000,6.641000,6.476000
104,4,1,6.792200,6.772000,6.820000,6.809000,6.856000,6.704000
104,5,1,6.744400,6.692000,6.778000,6.798000,6.783000,6.671000
104,6,1,6.265400,6.193000,6.299000,6.302000,6.455000,6.078000
104,7,1,6.419200,6.324000,6.427000,6.473000,6.522000,6.350000
104,8,1,6.518800,6.487000,6.601000,6.625000,6.519000,6.362000
104,9,1,6.467000,6.294000,6.469000,6.571000,6.564000,6.437000
104,10,1,6.576400,6.504000,6.528000,6.569000,6.697000,6.584000
104,11,1,6.763200,6.895000,6.897000,6.766000,6.657000,6.601000
104,12,1,6.402600,6.310000,6.427000,6.555000,6.475000,6.246000
104,13,1,6.553200,6.491000,6.523000,6.664000,6.682000,6.406000
104,14,1,6.009200,5.998000,5.864000,6.133000,6.050000,6.001000
104,15,1,6.546200,6.513000,6.446000,6.664000,6.623000,6.485000
104,16,1,6.691200,6.714000,6.685000,6.759000,6.705000,6.593000
104,17,1,6.771200,6.710000,6.907000,6.823000,6.737000,6.679000
104,18,1,6.294400,6.205000,6.222000,6.311000,6.422000,6.312000
104,19,1,6.646200,6.637000,6.689000,6.751000,6.650000,6.504000
105,0,1,6.766400,6.757000,6.797000,6.766000,6.641000,6.871000
105,1,1,6.458400,6.351000,6.549000,6.485000,6.205000,6.702000
105,2,1,6.832600,6.757000,6.776000,6.915000,6.756000,6.959000
105,3,1,6.632000,6.650000,6.550000,6.653000,6.548000,6.759000
105,4,1,6.500800,6.569000,6.472000,6.545000,6.309000,6.609000
105,5,1,6.681200,6.661000,6.669000,6.734000,6.639000,6.703000
105,6,1,6.684400,6.601000,6.806000,6.710000,6.631000,6.674000
105,7,1,6.573600,6.555000,6.529000,6.682000,6.477000,6.625000
105,8,1,6.268800,6.187000,6.326000,6.350000,6.078000,6.403000
105,9,1,6.617200,6.575000,6.554000,6.685000,6.571000,6.701000
105,10,1,6.412200,6.388000,6.372000,6.453000,6.276000,6.572000
105,11,1,6.644800,6.589000,6.712000,6.634000,6.493000,6.796000
105,12,1,6.660000,6.664000,6.606000,6.723000,6.494000,6.813000
105,13,1,6.558600,6.615000,6.546000,6.519000,6.418000,6.695000
105,14,1,6.258600,6.251000,6.191000,6.204000,6.213000,6.434000
105,15,1,6.386000,6.384000,6.354000,6.299000,6.250000,6.643000
105,16,1,6.592600,6.550000,6.572000,6.674000,6.384000,6.783000
105,17,1,6.798600,6.706000,6.810000,6.797000,6.796000,6.884000
105,18,1,6.336200,6.243000,6.254000,6.479000,6.218000,6.487000
105,19,1,6.664000,6.617000,6.626000,6.713000,6.619000,6.745000
106,0,1,6.473600,6.336000,6.520000,6.326000,6.453000,6.733000
106,1,1,6.323600,6.305000,6.415000,6.130000,6.334000,6.434000
106,2,1,6.318800,6.192000,6.274000,6.273000,6.283000,6.572000
106,3,1,6.457800,6.511000,6.522000,6.269000,6.333000,6.654000
106,4,1,6.674800,6.680000,6.608000,6.564000,6.628000,6.894000
106,5,1,6.431600,6.429000,6.556000,6.275000,6.355000,6.543000
106,6,1,6.565200,6.389000,6.745000,6.447000,6.519000,6.726000
106,7,1,6.538800,6.464000,6.618000,6.442000,6.463000,6.707000
106,8,1,6.518400,6.559000,6.601000,6.281000,6.469000,6.682000
106,9,1,6.595400,6.597000,6.610000,6.491000,6.569000,6.710000
106,10,1,6.645000,6.591000,6.743000,6.458000,6.668000,6.765000
106,11,1,6.619200,6.503000,6.680000,6.593000,6.571000,6.749000
106,12,1,6.633200,6.577000,6.694000,6.580000,6.563000,6.752000
106,13,1,6.692400,6.682000,6.524000,6.675000,6.759000,6.822000
106,14,1,6.658200,6.608000,6.607000,6.571000,6.684000,6.821000
106,15,1,6.679800,6.670000,6.651000,6.615000,6.585000,6.878000
106,16,1,6.622400,6.631000,6.651000,6.568000,6.507000,6.755000
106,17,1,6.522800,6.463000,6.542000,6.425000,6.451000,6.733000
106,18,1,6.851400,6.842000,6.773000,6.887000,6.832000,6.923000
106,19,1,6.570400,6.483000,6.563000,6.494000,6.615000,6.697000
107,0,1,6.726600,6.753000,6.701000,6.562000,6.753000,6.864000
107,1,1,6.684600,6.723000,6.588000,6.554000,6.686000,6.872000
107,2,1,6.778800,6.822000,6.701000,6.664000,6.875000,6.832000
107,3,1,6.764000,6.750000,6.685000,6.768000,6.835000,6.782000
107,4,1,6.350200,6.366000,6.354000,6.222000,6.374000,6.435000
107,5,1,6.805400,6.807000,6.854000,6.876000,6.714000,6.776000
107,6,1,6.689800,6.584000,6.766000,6.562000,6.828000,6.709000
107,7,1,6.669600,6.655000,6.631000,6.611000,6.767000,6.684000
107,8,1,6.766200,6.727000,6.722000,6.897000,6.650000,6.835000
107,9,1,6.483800,6.436000,6.532000,6.396000,6.423000,6.632000
107,10,1,6.698800,6.702000,6.664000,6.643000,6.686000,6.799000
107,11,1,6.799200,6.868000,6.911000,6.708000,6.714000,6.795000
107,12,1,6.661600,6.649000,6.709000,6.661000,6.660000,6.629000
107,13,1,6.756600,6.804000,6.715000,6.738000,6.725000,6.801000
107,14,1,6.611200,6.599000,6.556000,6.654000,6.564000,6.683000
107,15,1,6.662400,6.716000,6.530000,6.650000,6.601000,6.815000
107,16,1,6.751400,6.708000,6.736000,6.755000,6.737000,6.821000
107,17,1,6.583800,6.526000,6.551000,6.656000,6.582000,6.604000
107,18,1,6.497200,6.559000,6.412000,6.420000,6.596000,6.499000
107,19,1,6.611800,6.531000,6.562000,6.564000,6.607000,6.795000
108,0,1,6.708000,6.520000,6.672000,6.805000,6.795000,6.748000
108,1,1,6.573200,6.541000,6.545000,6.662000,6.574000,6.544000
108,2,1,6.541800,6.568000,6.540000,6.550000,6.609000,6.442000
108,3,1,6.644200,6.605000,6.574000,6.806000,6.574000,6.662000
108,4,1,6.639600,6.497000,6.659000,6.604000,6.741000,6.697000
108,5,1,5.925200,5.973000,5.973000,5.803000,5.859000,6.018000
108,6,1,6.478800,6.395000,6.479000,6.456000,6.552000,6.512000
108,7,1,6.178800,6.285000,6.168000,6.183000,6.063000,6.195000
108,8,1,6.840000,6.876000,6.897000,6.738000,6.947000,6.742000
108,9,1,6.574200,6.524000,6.704000,6.556000,6.526000,6.561000
108,10,1,6.719000,6.705000,6.784000,6.790000,6.652000,6.664000
108,11,1,6.771200,6.731000,6.822000,6.735000,6.774000,6.794000
108,12,1,6.597800,6.466000,6.482000,6.657000,6.696000,6.688000
108,13,1,6.720200,6.679000,6.727000,6.687000,6.722000,6.786000
108,14,1,6.868600,6.852000,6.819000,6.737000,6.995000,6.940000
108,15,1,6.584600,6.707000,6.476000,6.498000,6.659000,6.583000
108,16,1,6.680800,6.624000,6.659000,6.693000,6.721000,6.707000
108,17,1,6.770200,6.699000,6.784000,6.748000,6.807000,6.813000
108,18,1,6.198600,6.291000,6.285000,6.223000,6.136000,6.058000
108,19,1,6.658600,6.690000,6.590000,6.685000,6.545000,6.783000
109,0,1,6.659400,6.736000,6.804000,6.600000,6.619000,6.538000
109,1,1,6.739600,6.614000,6.856000,6.722000,6.780000,6.726000
109,2,1,6.466000,6.548000,6.593000,6.379000,6.448000,6.362000
109,3,1,6.433600,6.432000,6.558000,6.399000,6.559000,6.220000
109,4,1,6.350800,6.321000,6.358000,6.305000,6.477000,6.293000
109,5,1,6.663200,6.648000,6.655000,6.708000,6.714000,6.591000
109,6,1,6.678000,6.431000,6.883000,6.677000,6.623000,6.776000
109,7,1,6.657000,6.834000,6.712000,6.497000,6.710000,6.532000
109,8,1,6.554400,6.535000,6.644000,6.602000,6.658000,6.333000
109,9,1,6.574800,6.720000,6.588000,6.561000,6.623000,6.382000
109,10,1,6.699600,6.743000,6.681000,6.805000,6.785000,6.484000
109,11,1,6.834200,6.753000,6.877000,6.822000,6.890000,6.829000
109,12,1,6.531400,6.516000,6.623000,6.548000,6.595000,6.375000
109,13,1,6.664000,6.662000,6.740000,6.473000,6.822000,6.623000
109,14,1,6.732600,6.767000,6.770000,6.738000,6.612000,6.776000
109,15,1,6.704400,6.827000,6.713000,6.688000,6.728000,6.566000
109,16,1,6.706200,6.831000,6.707000,6.621000,6.773000,6.599000
109,17,1,6.673800,6.553000,6.750000,6.741000,6.626000,6.699000
109,18,1,6.328200,6.329000,6.302000,6.191000,6.512000,6.307000
109,19,1,6.579400,6.582000,6.635000,6.545000,6.673000,6.462000
110,0,0,4.726200,4.832000,4.654000,4.845000,4.722000,4.578000
110,1,0,4.445000,4.491000,4.425000,4.504000,4.400000,4.405000
110,2,0,4.441000,4.430000,4.232000,4.643000,4.469000,4.431000
110,3,0,4.660200,4.663000,4.555000,4.823000,4.558000,4.702000
110,4,0,4.498200,4.420000,4.439000,4.725000,4.515000,4.392000
110,5,0,4.589200,4.744000,4.536000,4.626000,4.513000,4.527000
110,6,0,4.872600,4.939000,4.858000,4.953000,4.789000,4.824000
110,7,0,4.745400,4.770000,4.765000,4.836000,4.695000,4.661000
110,8,0,4.607800,4.636000,4.594000,4.675000,4.524000,4.610000
110,9,0,4.606000,4.707000,4.418000,4.707000,4.587000,4.611000
110,10,0,4.817800,5.007000,4.790000,4.886000,4.820000,4.586000
110,11,0,4.711800,4.783000,4.658000,4.710000,4.667000,4.741000
110,12,0,4.706400,4.884000,4.722000,4.748000,4.628000,4.550000
110,13,0,4.899400,4.930000,4.777000,4.949000,4.958000,4.883000
110,14,0,4.648600,4.592000,4.539000,4.837000,4.716000,4.559000
110,15,0,4.648400,4.658000,4.613000,4.790000,4.584000,4.597000
110,16,0,4.741800,4.866000,4.587000,4.832000,4.779000,4.645000
110,17,0,4.754200,4.869000,4.644000,4.904000,4.697000,4.657000
110,18,0,4.866200,4.995000,4.759000,4.892000,4.851000,4.834000
110,19,0,4.723200,4.808000,4.659000,4.808000,4.641000,4.700000
110,20,1,6.638200,6.626000,6.660000,6.558000,6.747000,6.600000
110,21,1,6.391400,6.490000,6.357000,6.444000,6.374000,6.292000
110,22,1,6.472600,6.609000,6.470000,6.375000,6.504000,6.405000
110,23,1,6.765600,6.794000,6.816000,6.775000,6.778000,6.665000
110,24,1,6.547000,6.635000,6.601000,6.448000,6.560000,6.491000
110,25,1,6.816600,6.712000,6.905000,6.818000,6.862000,6.786000
110,26,1,6.753400,6.799000,6.677000,6.729000,6.740000,6.822000
110,27,1,6.695400,6.669000,6.817000,6.608000,6.853000,6.530000
110,28,1,6.572000,6.650000,6.425000,6.513000,6.669000,6.603000
110,29,1,6.641800,6.638000,6.642000,6.496000,6.661000,6.772000
110,30,1,6.659200,6.769000,6.577000,6.652000,6.735000,6.563000
110,31,1,6.622200,6.715000,6.527000,6.509000,6.724000,6.636000
110,32,1,6.445600,6.566000,6.485000,6.313000,6.518000,6.346000
110,33,1,6.685000,6.788000,6.578000,6.676000,6.782000,6.601000
110,34,1,6.743400,6.735000,6.785000,6.758000,6.749000,6.690000
110,35,1,6.434200,6.543000,6.302000,6.415000,6.512000,6.399000
110,36,1,6.672600,6.659000,6.649000,6.634000,6.794000,6.627000
110,37,1,6.706400,6.698000,6.642000,6.650000,6.865000,6.677000
110,38,1,6.625000,6.624000,6.519000,6.639000,6.718000,6.625000
110,39,1,6.375600,6.465000,6.334000,6.348000,6.375000,6.356000
110,40,2,4.381400,4.481000,4.122000,4.588000,4.302000,4.414000
110,41,2,4.335200,4.476000,4.210000,4.418000,4.341000,4.231000
110,42,2,4.427600,4.617000,4.301000,4.615000,4.343000,4.262000
110,43,2,4.543600,4.716000,4.547000,4.623000,4.497000,4.335000
110,44,2,4.410200,4.717000,4.243000,4.421000,4.267000,4.403000
110,45,2,4.503600,4.653000,4.410000,4.645000,4.420000,4.390000
110,46,2,4.435200,4.532000,4.306000,4.617000,4.471000,4.250000
110,47,2,4.402800,4.526000,4.268000,4.475000,4.452000,4.293000
110,48,2,4.400600,4.586000,4.173000,4.488000,4.392000,4.364000
110,49,2,4.673000,4.815000,4.576000,4.775000,4.668000,4.531000
110,50,2,4.517800,4.736000,4.408000,4.509000,4.537000,4.399000
110,51,2,4.589400,4.843000,4.459000,4.752000,4.473000,4.420000
110,52,2,4.402600,4.454000,4.435000,4.514000,4.427000,4.183000
110,53,2,4.357000,4.493000,4.310000,4.458000,4.305000,4.219000
110,54,2,4.457600,4.630000,4.329000,4.553000,4.386000,4.390000
110,55,2,4.369000,4.456000,4.358000,4.396000,4.310000,4.325000
110,56,2,4.566600,4.746000,4.449000,4.627000,4.570000,4.441000
110,57,2,4.501800,4.699000,4.442000,4.505000,4.383000,4.480000
110,58,2,4.730200,4.852000,4.600000,4.796000,4.734000,4.669000
110,59,2,4.590200,4.820000,4.473000,4.725000,4.520000,4.413000
110,60,3,4.702200,4.815000,4.596000,4.832000,4.597000,4.671000
110,61,3,4.682800,4.755000,4.547000,4.751000,4.705000,4.656000
110,62,3,4.644000,4.820000,4.497000,4.790000,4.592000,4.521000
110,63,3,4.824000,4.897000,4.772000,4.936000,4.758000,4.757000
110,64,3,4.526600,4.580000,4.465000,4.583000,4.473000,4.532000
110,65,3,4.489600,4.653000,4.417000,4.528000,4.403000,4.447000
110,66,3,4.695000,4.790000,4.704000,4.797000,4.687000,4.497000
110,67,3,4.620800,4.750000,4.550000,4.561000,4.643000,4.600000
110,68,3,4.608000,4.701000,4.481000,4.690000,4.542000,4.626000
110,69,3,4.830200,4.879000,4.764000,4.908000,4.843000,4.757000
110,70,3,4.524800,4.573000,4.471000,4.625000,4.452000,4.503000
110,71,3,4.846400,4.936000,4.661000,4.965000,4.848000,4.822000
110,72,3,4.859000,5.039000,4.725000,4.977000,4.865000,4.689000
110,73,3,4.617800,4.780000,4.486000,4.723000,4.557000,4.543000
110,74,3,4.869000,4.741000,4.798000,4.936000,4.968000,4.902000
110,75,3,4.760600,4.775000,4.663000,4.796000,4.687000,4.882000
110,76,3,4.875000,4.953000,4.831000,4.893000,4.877000,4.821000
110,77,3,4.703000,4.677000,4.605000,4.747000,4.772000,4.714000
110,78,3,4.812200,4.796000,4.715000,4.888000,4.773000,4.889000
110,79,3,4.688400,4.710000,4.646000,4.790000,4.773000,4.523000
110,80,4,4.283000,4.418000,4.100000,4.495000,4.292000,4.110000
110,81,4,4.237000,4.251000,4.150000,4.383000,4.237000,4.164000
110,82,4,4.583600,4.618000,4.576000,4.704000,4.613000,4.407000
110,83,4,4.608200,4.663000,4.495000,4.784000,4.559000,4.540000
110,84,4,4.403200,4.573000,4.392000,4.263000,4.359000,4.429000
110,85,4,4.386400,4.494000,4.347000,4.503000,4.355000,4.233000
110,86,4,4.371000,4.510000,4.190000,4.417000,4.346000,4.392000
110,87,4,4.379000,4.433000,4.070000,4.578000,4.389000,4.425000
110,88,4,4.428200,4.470000,4.256000,4.613000,4.414000,4.388000
110,89,4,4.513200,4.663000,4.355000,4.717000,4.430000,4.401000
110,90,4,4.468600,4.517000,4.371000,4.653000,4.439000,4.363000
110,91,4,4.670000,4.698000,4.523000,4.796000,4.780000,4.553000
110,92,4,4.533200,4.610000,4.464000,4.642000,4.443000,4.507000
110,93,4,4.494800,4.652000,4.244000,4.645000,4.567000,4.366000
110,94,4,4.710600,4.807000,4.532000,4.834000,4.766000,4.614000
110,95,4,4.544000,4.683000,4.448000,4.686000,4.463000,4.440000
110,96,4,4.492000,4.729000,4.412000,4.537000,4.474000,4.308000
110,97,4,4.517000,4.563000,4.448000,4.700000,4.372000,4.502000
110,98,4,4.342800,4.415000,4.262000,4.459000,4.271000,4.307000
110,99,4,4.642000,4.741000,4.556000,4.844000,4.519000,4.550000
111,0,1,6.684800,6.630000,6.672000,6.729000,6.768000,6.625000
111,1,1,6.833000,6.654000,6.934000,6.857000,6.894000,6.826000
111,2,1,6.566600,6.394000,6.701000,6.501000,6.631000,6.606000
111,3,1,6.467800,6.293000,6.200000,6.623000,6.738000,6.485000
111,4,1,6.741400,6.579000,6.782000,6.790000,6.793000,6.763000
111,5,1,6.832400,6.685000,6.983000,6.705000,6.935000,6.854000
111,6,1,6.677600,6.599000,6.821000,6.472000,6.861000,6.635000
111,7,1,6.618000,6.442000,6.627000,6.747000,6.720000,6.554000
111,8,1,6.532000,6.420000,6.576000,6.522000,6.622000,6.520000
111,9,1,6.707000,6.528000,6.861000,6.715000,6.723000,6.708000
111,10,1,6.618800,6.565000,6.732000,6.566000,6.610000,6.621000
111,11,1,6.359000,6.292000,6.324000,6.294000,6.482000,6.403000
111,12,1,6.564400,6.431000,6.525000,6.560000,6.732000,6.574000
111,13,1,6.816200,6.611000,7.016000,6.658000,6.871000,6.925000
111,14,1,6.557000,6.537000,6.735000,6.374000,6.644000,6.495000
111,15,1,6.461600,5.987000,6.460000,6.592000,6.598000,6.671000
111,16,1,6.751400,6.640000,6.784000,6.745000,6.813000,6.775000
111,17,1,6.702400,6.632000,6.768000,6.688000,6.802000,6.622000
111,18,1,6.544000,6.448000,6.597000,6.578000,6.585000,6.512000
111,19,1,6.674400,6.597000,6.840000,6.630000,6.692000,6.613000
112,0,1,6.745200,6.824000,6.645000,6.772000,6.800000,6.685000
112,1,1,6.674600,6.730000,6.325000,6.666000,6.808000,6.844000
112,2,1,6.467800,6.587000,6.374000,6.491000,6.452000,6.435000
112,3,1,6.788600,6.859000,6.727000,6.725000,6.812000,6.820000
112,4,1,6.766400,6.782000,6.719000,6.814000,6.713000,6.804000
112,5,1,6.338000,6.396000,6.294000,6.319000,6.278000,6.403000
112,6,1,6.690400,6.634000,6.692000,6.673000,6.782000,6.671000
112,7,1,6.745000,6.744000,6.835000,6.677000,6.733000,6.736000
112,8,1,6.505400,6.533000,6.425000,6.561000,6.398000,6.610000
112,9,1,6.698800,6.681000,6.619000,6.684000,6.746000,6.764000
112,10,1,6.743800,6.683000,6.613000,6.767000,6.834000,6.822000
112,11,1,6.735600,6.797000,6.681000,6.851000,6.765000,6.584000
112,12,1,6.645400,6.686000,6.376000,6.737000,6.813000,6.615000
112,13,1,6.553000,6.551000,6.359000,6.577000,6.717000,6.561000
112,14,1,6.668200,6.765000,6.511000,6.432000,6.858000,6.775000
112,15,1,6.437000,6.409000,6.406000,6.521000,6.408000,6.441000
112,16,1,6.564000,6.638000,6.552000,6.646000,6.541000,6.443000
112,17,1,6.631000,6.721000,6.427000,6.695000,6.604000,6.708000
112,18,1,6.538600,6.539000,6.572000,6.418000,6.561000,6.603000
112,19,1,6.843800,6.838000,6.669000,6.851000,6.953000,6.908000
113,0,1,6.316800,6.427000,6.410000,6.317000,6.103000,6.327000
113,1,1,6.599800,6.384000,6.819000,6.319000,6.685000,6.792000
113,2,1,6.626600,6.715000,6.731000,6.632000,6.408000,6.647000
113,3,1,6.642000,6.603000,6.780000,6.622000,6.506000,6.699000
113,4,1,6.719000,6.622000,6.752000,6.658000,6.646000,6.917000
113,5,1,6.680000,6.661000,6.664000,6.627000,6.593000,6.855000
113,6,1,6.816400,6.822000,6.919000,6.799000,6.705000,6.837000
113,7,1,6.547800,6.555000,6.692000,6.445000,6.371000,6.676000
113,8,1,6.933000,6.977000,7.002000,6.850000,6.830000,7.006000
113,9,1,6.868800,6.820000,6.992000,6.821000,6.699000,7.012000
113,10,1,6.755600,6.773000,6.667000,6.817000,6.628000,6.893000
113,11,1,6.790000,6.862000,6.829000,6.653000,6.742000,6.864000
113,12,1,6.740600,6.752000,6.916000,6.599000,6.692000,6.744000
113,13,1,6.963600,6.878000,7.128000,6.834000,6.960000,7.018000
113,14,1,6.785800,6.817000,6.833000,6.727000,6.738000,6.814000
113,15,1,6.542600,6.682000,6.542000,6.516000,6.361000,6.612000
113,16,1,6.823200,6.755000,6.987000,6.772000,6.675000,6.927000
113,17,1,6.838600,6.838000,6.998000,6.722000,6.659000,6.976000
113,18,1,6.436400,6.494000,6.579000,6.392000,6.170000,6.547000
113,19,1,6.749400,6.720000,6.874000,6.524000,6.646000,6.983000
114,0,1,6.525200,6.649000,6.439000,6.645000,6.407000,6.486000
114,1,1,6.685600,6.687000,6.605000,6.857000,6.671000,6.608000
114,2,1,6.601800,6.643000,6.511000,6.747000,6.530000,6.578000
114,3,1,6.617200,6.619000,6.506000,6.810000,6.610000,6.541000
114,4,1,6.818000,6.837000,6.778000,6.849000,6.790000,6.836000
114,5,1,6.547400,6.548000,6.524000,6.605000,6.568000,6.492000
114,6,1,6.739600,6.764000,6.643000,6.842000,6.704000,6.745000
114,7,1,6.704200,6.832000,6.536000,6.813000,6.708000,6.632000
114,8,1,6.669200,6.728000,6.652000,6.761000,6.596000,6.609000
114,9,1,6.749400,6.743000,6.743000,6.861000,6.760000,6.640000
114,10,1,6.510600,6.660000,6.194000,6.613000,6.611000,6.475000
114,11,1,6.618800,6.526000,6.524000,6.668000,6.740000,6.636000
114,12,1,6.630200,6.671000,6.516000,6.665000,6.659000,6.640000
114,13,1,6.480800,6.453000,6.365000,6.608000,6.565000,6.413000
114,14,1,6.568000,6.653000,6.574000,6.607000,6.545000,6.461000
114,15,1,6.429800,6.532000,6.430000,6.352000,6.472000,6.363000
114,16,1,6.582600,6.608000,6.611000,6.604000,6.531000,6.559000
114,17,1,6.578800,6.685000,6.455000,6.680000,6.559000,6.515000
114,18,1,6.834400,6.829000,6.695000,6.958000,6.864000,6.826000
114,19,1,6.616000,6.625000,6.554000,6.653000,6.675000,6.573000
115,0,1,6.662400,6.718000,6.569000,6.713000,6.638000,6.674000
115,1,1,6.453600,6.460000,6.416000,6.489000,6.418000,6.485000
115,2,1,6.903600,6.959000,6.842000,6.954000,6.922000,6.841000
115,3,1,6.547200,6.513000,6.488000,6.568000,6.629000,6.538000
115,4,1,6.849400,6.864000,6.807000,6.855000,6.841000,6.880000
115,5,1,6.456400,6.440000,6.520000,6.448000,6.401000,6.473000
115,6,1,6.691800,6.805000,6.564000,6.746000,6.696000,6.648000
115,7,1,6.550800,6.466000,6.503000,6.558000,6.591000,6.636000
115,8,1,6.936600,6.925000,6.923000,6.916000,6.925000,6.994000
115,9,1,6.752800,6.754000,6.609000,6.772000,6.859000,6.770000
115,10,1,6.352200,6.399000,6.378000,6.412000,6.347000,6.225000
115,11,1,6.646000,6.659000,6.605000,6.671000,6.703000,6.592000
115,12,1,6.655600,6.756000,6.617000,6.721000,6.611000,6.573000
115,13,1,6.316200,6.383000,6.139000,6.416000,6.294000,6.349000
115,14,1,6.630800,6.697000,6.492000,6.727000,6.615000,6.623000
115,15,1,6.760800,6.820000,6.712000,6.747000,6.779000,6.746000
115,16,1,6.794600,6.902000,6.802000,6.678000,6.763000,6.828000
115,17,1,6.836400,6.855000,6.724000,6.799000,6.919000,6.885000
115,18,1,6.766200,6.859000,6.624000,6.805000,6.798000,6.745000
115,19,1,6.687600,6.840000,6.625000,6.672000,6.673000,6.628000
116,0,1,6.797000,6.905000,6.647000,6.829000,6.847000,6.757000
116,1,1,6.738800,6.745000,6.738000,6.775000,6.665000,6.771000
116,2,1,6.747800,6.771000,6.722000,6.733000,6.738000,6.775000
116,3,1,6.737400,6.758000,6.707000,6.870000,6.722000,6.630000
116,4,1,6.665800,6.662000,6.613000,6.678000,6.621000,6.755000
116,5,1,6.700800,6.791000,6.716000,6.708000,6.460000,6.829000
116,6,1,6.829200,6.835000,6.781000,6.805000,6.937000,6.788000
116,7,1,6.851000,6.828000,6.848000,6.884000,6.908000,6.787000
116,8,1,6.665600,6.675000,6.635000,6.609000,6.719000,6.690000
116,9,1,6.790200,6.859000,6.735000,6.821000,6.768000,6.768000
116,10,1,6.780200,6.812000,6.739000,6.797000,6.710000,6.843000
116,11,1,6.811400,6.819000,6.827000,6.826000,6.804000,6.781000
116,12,1,6.762400,6.690000,6.700000,6.828000,6.735000,6.859000
116,13,1,6.746000,6.832000,6.557000,6.852000,6.765000,6.724000
116,14,1,6.693200,6.799000,6.580000,6.771000,6.646000,6.670000
116,15,1,6.816600,6.847000,6.777000,6.831000,6.839000,6.789000
116,16,1,6.644600,6.750000,6.558000,6.704000,6.728000,6.483000
116,17,1,6.782000,6.860000,6.776000,6.804000,6.781000,6.689000
116,18,1,6.772000,6.758000,6.715000,6.738000,6.773000,6.876000
116,19,1,6.524600,6.621000,6.618000,6.532000,6.366000,6.486000
117,0,1,6.653600,6.583000,6.660000,6.642000,6.741000,6.642000
117,1,1,6.824000,6.739000,6.878000,6.785000,6.912000,6.806000
117,2,1,6.934000,6.812000,7.013000,6.923000,7.130000,6.792000
117,3,1,6.782600,6.593000,6.836000,6.817000,6.840000,6.827000
117,4,1,6.840600,6.846000,6.869000,6.762000,6.922000,6.804000
117,5,1,6.735000,6.651000,6.677000,6.727000,6.873000,6.747000
117,6,1,6.766600,6.735000,6.747000,6.731000,6.907000,6.713000
117,7,1,6.485400,6.392000,6.435000,6.411000,6.664000,6.525000
117,8,1,6.763600,6.664000,6.718000,6.732000,7.035000,6.669000
117,9,1,6.825000,6.804000,6.894000,6.770000,6.924000,6.733000
117,10,1,6.797200,6.765000,6.730000,6.806000,6.940000,6.745000
117,11,1,6.656400,6.469000,6.706000,6.714000,6.720000,6.673000
117,12,1,6.525600,6.417000,6.534000,6.455000,6.611000,6.611000
117,13,1,6.834800,6.770000,6.833000,6.822000,6.980000,6.769000
117,14,1,6.806200,6.682000,6.794000,6.862000,6.945000,6.748000
117,15,1,6.540000,6.412000,6.515000,6.626000,6.552000,6.595000
117,16,1,6.530000,6.414000,6.520000,6.532000,6.664000,6.520000
117,17,1,6.298000,6.163000,6.197000,6.373000,6.384000,6.373000
117,18,1,6.541800,6.503000,6.652000,6.353000,6.582000,6.619000
117,19,1,6.665800,6.616000,6.617000,6.520000,6.841000,6.735000
118,0,1,6.788200,6.844000,6.712000,6.781000,6.837000,6.767000
118,1,1,6.642400,6.756000,6.516000,6.602000,6.673000,6.665000
118,2,1,6.837000,6.938000,6.741000,6.887000,6.932000,6.687000
118,3,1,6.716400,6.777000,6.698000,6.784000,6.776000,6.547000
118,4,1,6.619800,6.673000,6.504000,6.499000,6.782000,6.641000
118,5,1,6.698600,6.630000,6.774000,6.682000,6.815000,6.592000
118,6,1,6.584200,6.648000,6.503000,6.555000,6.680000,6.535000
118,7,1,6.693200,6.727000,6.695000,6.624000,6.693000,6.727000
118,8,1,6.683600,6.784000,6.590000,6.653000,6.729000,6.662000
118,9,1,6.629600,6.646000,6.582000,6.513000,6.737000,6.670000
118,10,1,6.696600,6.715000,6.656000,6.728000,6.726000,6.658000
118,11,1,6.560200,6.600000,6.537000,6.561000,6.639000,6.464000
118,12,1,6.664200,6.661000,6.567000,6.570000,6.727000,6.796000
118,13,1,6.506400,6.544000,6.445000,6.334000,6.693000,6.516000
118,14,1,6.774000,6.890000,6.686000,6.771000,6.798000,6.725000
118,15,1,6.675800,6.716000,6.629000,6.535000,6.843000,6.656000
118,16,1,6.583000,6.607000,6.608000,6.496000,6.697000,6.507000
118,17,1,6.624200,6.793000,6.502000,6.534000,6.724000,6.568000
118,18,1,6.545800,6.603000,6.441000,6.438000,6.620000,6.627000
118,19,1,6.658800,6.673000,6.643000,6.570000,6.671000,6.737000
119,0,1,6.720400,6.882000,6.710000,6.499000,6.606000,6.905000
119,1,1,6.616000,6.648000,6.643000,6.525000,6.537000,6.727000
119,2,1,6.800600,6.838000,6.853000,6.757000,6.632000,6.923000
119,3,1,6.622400,6.714000,6.568000,6.505000,6.502000,6.823000
119,4,1,6.777800,6.913000,6.712000,6.582000,6.620000,7.062000
119,5,1,6.701200,6.849000,6.646000,6.678000,6.557000,6.776000
119,6,1,6.694400,6.793000,6.727000,6.534000,6.533000,6.885000
119,7,1,6.668600,6.694000,6.684000,6.657000,6.597000,6.711000
119,8,1,6.640600,6.839000,6.687000,6.400000,6.405000,6.872000
119,9,1,6.669000,6.703000,6.736000,6.504000,6.563000,6.839000
119,10,1,6.766000,6.847000,6.713000,6.741000,6.667000,6.862000
119,11,1,6.685400,6.784000,6.659000,6.673000,6.573000,6.738000
119,12,1,6.818800,6.921000,6.764000,6.765000,6.686000,6.958000
119,13,1,6.842800,6.998000,6.874000,6.797000,6.618000,6.927000
119,14,1,6.472400,6.443000,6.533000,6.392000,6.318000,6.676000
119,15,1,6.545600,6.555000,6.559000,6.446000,6.412000,6.756000
119,16,1,6.863000,6.961000,6.793000,6.738000,6.761000,7.062000
119,17,1,6.834000,6.882000,6.850000,6.746000,6.725000,6.967000
119,18,1,6.756400,6.808000,6.699000,6.583000,6.767000,6.925000
119,19,1,6.819800,6.922000,6.794000,6.685000,6.665000,7.033000
120,0,0,4.583400,4.589000,4.551000,4.498000,4.696000,4.583000
120,1,0,4.473200,4.498000,4.402000,4.475000,4.503000,4.488000
120,2,0,4.660800,4.616000,4.693000,4.607000,4.644000,4.744000
120,3,0,4.772800,4.750000,4.748000,4.657000,4.886000,4.823000
120,4,0,4.541600,4.457000,4.514000,4.509000,4.711000,4.517000
120,5,0,4.722600,4.647000,4.754000,4.565000,4.910000,4.737000
120,6,0,4.723600,4.681000,4.811000,4.635000,4.809000,4.682000
120,7,0,4.557000,4.476000,4.610000,4.490000,4.611000,4.598000
120,8,0,4.568800,4.508000,4.687000,4.490000,4.588000,4.571000
120,9,0,4.565400,4.284000,4.644000,4.607000,4.647000,4.645000
120,10,0,4.564600,4.457000,4.698000,4.479000,4.600000,4.589000
120,11,0,4.714600,4.570000,4.852000,4.547000,4.859000,4.745000
120,12,0,4.740200,4.653000,4.785000,4.660000,4.710000,4.893000
120,13,0,4.775200,4.682000,4.877000,4.629000,4.864000,4.824000
120,14,0,4.722800,4.651000,4.819000,4.615000,4.774000,4.755000
120,15,0,4.492200,4.383000,4.428000,4.485000,4.634000,4.531000
120,16,0,4.592000,4.531000,4.617000,4.448000,4.742000,4.622000
120,17,0,4.433400,4.384000,4.471000,4.427000,4.422000,4.463000
120,18,0,4.642400,4.558000,4.613000,4.629000,4.639000,4.773000
120,19,0,4.724000,4.502000,4.793000,4.795000,4.651000,4.879000
120,20,1,6.690400,6.702000,6.713000,6.569000,6.706000,6.762000
120,21,1,6.753600,6.775000,6.743000,6.659000,6.749000,6.842000
120,22,1,6.516000,6.466000,6.563000,6.407000,6.622000,6.522000
120,23,1,6.350200,6.324000,6.388000,6.260000,6.350000,6.429000
120,24,1,6.604000,6.652000,6.616000,6.554000,6.623000,6.575000
120,25,1,6.776400,6.741000,6.744000,6.725000,6.859000,6.813000
120,26,1,6.717000,6.717000,6.797000,6.591000,6.684000,6.796000
120,27,1,6.675400,6.631000,6.777000,6.425000,6.783000,6.761000
120,28,1,6.387800,6.478000,6.448000,6.193000,6.471000,6.349000
120,29,1,6.848200,6.716000,6.911000,6.753000,6.947000,6.914000
120,30,1,6.574000,6.597000,6.634000,6.382000,6.622000,6.635000
120,31,1,6.799200,6.759000,6.709000,6.761000,6.900000,6.867000
120,32,1,6.661800,6.668000,6.615000,6.557000,6.799000,6.670000
120,33,1,6.490600,6.444000,6.450000,6.427000,6.544000,6.588000
120,34,1,6.494600,6.422000,6.638000,6.291000,6.574000,6.548000
120,35,1,6.502600,6.471000,6.603000,6.438000,6.569000,6.432000
120,36,1,6.683000,6.735000,6.749000,6.462000,6.739000,6.730000
120,37,1,6.545800,6.567000,6.646000,6.464000,6.539000,6.513000
120,38,1,6.623800,6.657000,6.558000,6.497000,6.696000,6.711000
120,39,1,6.847600,6.757000,6.847000,6.781000,6.968000,6.885000
120,40,2,4.642000,4.510000,4.597000,4.651000,4.813000,4.639000
120,41,2,4.865200,4.813000,4.862000,4.792000,5.066000,4.793000
120,42,2,4.706600,4.661000,4.652000,4.757000,4.727000,4.736000
120,43,2,4.553200,4.488000,4.575000,4.539000,4.617000,4.547000
120,44,2,4.613800,4.517000,4.640000,4.678000,4.716000,4.518000
120,45,2,4.493200,4.368000,4.574000,4.413000,4.592000,4.519000
120,46,2,4.744000,4.675000,4.781000,4.658000,4.762000,4.844000
120,47,2,4.781600,4.642000,4.925000,4.778000,4.765000,4.798000
120,48,2,4.739400,4.659000,4.649000,4.735000,4.825000,4.829000
120,49,2,4.793400,4.712000,4.789000,4.773000,4.900000,4.793000
120,50,2,4.695400,4.703000,4.758000,4.541000,4.892000,4.583000
120,51,2,4.599400,4.628000,4.524000,4.657000,4.678000,4.510000
120,52,2,4.747000,4.724000,4.770000,4.653000,4.797000,4.791000
120,53,2,4.548200,4.518000,4.544000,4.578000,4.709000,4.392000
120,54,2,4.444000,4.432000,4.513000,4.374000,4.532000,4.369000
120,55,2,4.792200,4.809000,4.809000,4.828000,4.876000,4.639000
120,56,2,4.743400,4.747000,4.758000,4.725000,4.779000,4.708000
120,57,2,4.747000,4.672000,4.709000,4.674000,4.906000,4.774000
120,58,2,4.642400,4.679000,4.586000,4.592000,4.754000,4.601000
120,59,2,4.798400,4.709000,4.897000,4.769000,4.895000,4.722000
120,60,3,4.751400,4.720000,4.640000,4.834000,4.793000,4.770000
120,61,3,4.434400,4.384000,4.469000,4.413000,4.457000,4.449000
120,62,3,4.431000,4.470000,4.314000,4.366000,4.434000,4.571000
120,63,3,4.492200,4.306000,4.551000,4.585000,4.518000,4.501000
120,64,3,4.739200,4.512000,4.800000,4.707000,4.835000,4.842000
120,65,3,4.509600,4.471000,4.508000,4.516000,4.646000,4.407000
120,66,3,4.573200,4.487000,4.580000,4.589000,4.582000,4.628000
120,67,3,4.434200,4.318000,4.458000,4.463000,4.418000,4.514000
120,68,3,4.673600,4.573000,4.662000,4.651000,4.746000,4.736000
120,69,3,4.520800,4.376000,4.477000,4.574000,4.589000,4.588000
120,70,3,4.457400,4.238000,4.546000,4.471000,4.465000,4.567000
120,71,3,4.837600,4.726000,4.968000,4.826000,4.874000,4.794000
120,72,3,4.802800,4.683000,4.845000,4.933000,4.764000,4.789000
120,73,3,4.623800,4.517000,4.657000,4.718000,4.580000,4.647000
120,74,3,4.732400,4.597000,4.722000,4.697000,4.814000,4.832000
120,75,3,4.782200,4.714000,4.798000,4.685000,4.851000,4.863000
120,76,3,4.483600,4.331000,4.544000,4.514000,4.566000,4.463000
120,77,3,4.773400,4.622000,4.794000,4.795000,4.829000,4.827000
120,78,3,4.736600,4.680000,4.763000,4.724000,4.808000,4.708000
120,79,3,4.611200,4.519000,4.652000,4.607000,4.739000,4.539000
120,80,4,4.416400,4.260000,4.486000,4.494000,4.443000,4.399000
120,81,4,4.633600,4.534000,4.765000,4.693000,4.603000,4.573000
120,82,4,4.370200,4.372000,4.431000,4.259000,4.357000,4.432000
120,83,4,4.348800,4.238000,4.404000,4.369000,4.423000,4.310000
120,84,4,4.554800,4.501000,4.588000,4.483000,4.518000,4.684000
120,85,4,4.765200,4.726000,4.731000,4.778000,4.753000,4.838000
120,86,4,4.810000,4.739000,4.911000,4.798000,4.878000,4.724000
120,87,4,4.654200,4.604000,4.657000,4.697000,4.628000,4.685000
120,88,4,4.669400,4.731000,4.703000,4.538000,4.690000,4.685000
120,89,4,4.571600,4.520000,4.486000,4.562000,4.631000,4.659000
120,90,4,4.536400,4.583000,4.478000,4.523000,4.568000,4.530000
120,91,4,4.441200,4.353000,4.488000,4.459000,4.452000,4.454000
120,92,4,4.580400,4.514000,4.574000,4.658000,4.535000,4.621000
120,93,4,4.533600,4.595000,4.367000,4.450000,4.622000,4.634000
120,94,4,4.552400,4.517000,4.551000,4.479000,4.614000,4.601000
120,95,4,4.429400,4.411000,4.491000,4.431000,4.400000,4.414000
120,96,4,4.530600,4.562000,4.435000,4.592000,4.501000,4.563000
120,97,4,4.645600,4.626000,4.709000,4.653000,4.640000,4.600000
120,98,4,4.570200,4.458000,4.589000,4.575000,4.603000,4.626000
120,99,4,4.585800,4.559000,4.629000,4.612000,4.644000,4.485000
121,0,1,6.455400,6.516000,6.502000,6.476000,6.465000,6.318000
121,1,1,6.694600,6.936000,6.685000,6.675000,6.611000,6.566000
121,2,1,6.358400,6.422000,6.418000,6.263000,6.309000,6.380000
121,3,1,6.713800,6.933000,6.766000,6.619000,6.623000,6.628000
121,4,1,6.673400,6.723000,6.877000,6.583000,6.690000,6.494000
121,5,1,6.518000,6.789000,6.458000,6.548000,6.432000,6.363000
121,6,1,6.764200,6.947000,6.721000,6.796000,6.689000,6.668000
121,7,1,6.597800,6.931000,6.566000,6.572000,6.410000,6.510000
121,8,1,6.586800,6.723000,6.616000,6.559000,6.601000,6.435000
121,9,1,6.752200,6.922000,6.892000,6.666000,6.678000,6.603000
121,10,1,6.570400,6.779000,6.719000,6.550000,6.407000,6.397000
121,11,1,6.902000,7.137000,6.883000,6.815000,6.873000,6.802000
121,12,1,6.722600,6.877000,6.773000,6.836000,6.526000,6.601000
121,13,1,6.797400,7.038000,6.851000,6.703000,6.705000,6.690000
121,14,1,6.576800,6.758000,6.581000,6.461000,6.534000,6.550000
121,15,1,6.699400,6.950000,6.604000,6.727000,6.581000,6.635000
121,16,1,6.444600,6.640000,6.563000,6.385000,6.353000,6.282000
121,17,1,6.364800,6.662000,6.559000,6.178000,6.313000,6.112000
121,18,1,6.747800,6.932000,6.808000,6.747000,6.612000,6.640000
121,19,1,6.479600,6.736000,6.371000,6.485000,6.362000,6.444000
122,0,1,6.610200,6.610000,6.622000,6.551000,6.451000,6.817000
122,1,1,6.724000,6.761000,6.682000,6.773000,6.640000,6.764000
122,2,1,6.748200,6.745000,6.734000,6.812000,6.660000,6.790000
122,3,1,6.931000,6.859000,6.980000,7.041000,6.876000,6.899000
122,4,1,6.876200,6.882000,6.890000,6.961000,6.823000,6.825000
122,5,1,6.738200,6.620000,6.785000,6.807000,6.739000,6.740000
122,6,1,6.834800,6.752000,6.846000,6.968000,6.771000,6.837000
122,7,1,6.673200,6.730000,6.662000,6.693000,6.574000,6.707000
122,8,1,6.759400,6.775000,6.780000,6.776000,6.650000,6.816000
122,9,1,6.754600,6.817000,6.638000,6.858000,6.611000,6.849000
122,10,1,6.718200,6.805000,6.770000,6.831000,6.390000,6.795000
122,11,1,6.647000,6.775000,6.609000,6.707000,6.444000,6.700000
122,12,1,6.714400,6.722000,6.543000,6.817000,6.679000,6.811000
122,13,1,6.554400,6.610000,6.597000,6.609000,6.324000,6.632000
122,14,1,6.829400,6.852000,6.912000,6.872000,6.643000,6.868000
122,15,1,6.871600,6.846000,6.849000,6.948000,6.769000,6.946000
122,16,1,6.739000,6.738000,6.673000,6.898000,6.728000,6.658000
122,17,1,6.803000,6.800000,6.805000,6.857000,6.681000,6.872000
122,18,1,6.778200,6.831000,6.827000,6.787000,6.807000,6.639000
122,19,1,6.623600,6.648000,6.612000,6.722000,6.542000,6.594000
123,0,1,6.908600,7.052000,6.841000,6.858000,6.882000,6.910000
123,1,1,6.637200,6.688000,6.714000,6.662000,6.478000,6.644000
123,2,1,6.748600,6.783000,6.700000,6.766000,6.673000,6.821000
123,3,1,6.837400,6.970000,6.827000,6.736000,6.771000,6.883000
123,4,1,6.766000,6.792000,6.713000,6.740000,6.743000,6.842000
123,5,1,6.790200,6.984000,6.720000,6.768000,6.577000,6.902000
123,6,1,6.804000,6.890000,6.833000,6.754000,6.756000,6.787000
123,7,1,6.705600,6.853000,6.634000,6.513000,6.782000,6.746000
123,8,1,6.594600,6.668000,6.675000,6.605000,6.487000,6.538000
123,9,1,6.845800,6.933000,6.890000,6.779000,6.866000,6.761000
123,10,1,6.831000,6.792000,6.952000,6.752000,6.819000,6.840000
123,11,1,6.712200,6.825000,6.706000,6.683000,6.711000,6.636000
123,12,1,6.817600,6.916000,6.872000,6.629000,6.867000,6.804000
123,13,1,6.818800,6.930000,6.861000,6.811000,6.719000,6.773000
123,14,1,6.698400,6.751000,6.765000,6.741000,6.694000,6.541000
123,15,1,6.604400,6.641000,6.666000,6.531000,6.598000,6.586000
123,16,1,6.673200,6.707000,6.694000,6.586000,6.669000,6.710000
123,17,1,6.836600,6.910000,6.730000,6.758000,6.861000,6.924000
123,18,1,6.798200,6.845000,6.767000,6.782000,6.721000,6.876000
123,19,1,6.864400,6.869000,6.904000,6.873000,6.859000,6.817000
124,0,1,6.690400,6.673000,6.707000,6.581000,6.769000,6.722000
124,1,1,6.626600,6.529000,6.729000,6.537000,6.676000,6.662000
124,2,1,6.722000,6.723000,6.745000,6.673000,6.774000,6.695000
124,3,1,6.856600,6.762000,6.819000,6.886000,6.921000,6.895000
124,4,1,6.897000,6.820000,6.929000,6.961000,6.860000,6.915000
124,5,1,6.511200,6.493000,6.544000,6.462000,6.500000,6.557000
124,6,1,6.813200,6.784000,6.816000,6.733000,6.935000,6.798000
124,7,1,6.792800,6.783000,6.668000,6.827000,6.823000,6.863000
124,8,1,6.685200,6.698000,6.723000,6.677000,6.623000,6.705000
124,9,1,6.848600,6.899000,6.846000,6.756000,6.825000,6.917000
124,10,1,6.714000,6.689000,6.698000,6.769000,6.691000,6.723000
124,11,1,6.623400,6.575000,6.650000,6.561000,6.677000,6.654000
124,12,1,6.546200,6.509000,6.520000,6.565000,6.596000,6.541000
124,13,1,6.765200,6.682000,6.715000,6.834000,6.838000,6.757000
124,14,1,6.661200,6.662000,6.568000,6.732000,6.663000,6.681000
124,15,1,6.198200,6.159000,6.272000,6.224000,6.164000,6.172000
124,16,1,6.493200,6.450000,6.538000,6.593000,6.439000,6.446000
124,17,1,5.969800,6.060000,5.937000,5.995000,5.941000,5.916000
124,18,1,6.668000,6.667000,6.792000,6.673000,6.625000,6.583000
124,19,1,6.208600,6.208000,6.136000,6.304000,6.096000,6.299000
125,0,1,6.775400,6.819000,6.608000,6.844000,6.937000,6.669000
125,1,1,6.604800,6.626000,6.526000,6.634000,6.637000,6.601000
125,2,1,6.459200,6.367000,6.540000,6.580000,6.414000,6.395000
125,3,1,6.679200,6.674000,6.559000,6.690000,6.808000,6.665000
125,4,1,6.855800,6.831000,6.746000,6.986000,6.898000,6.818000
125,5,1,6.523600,6.550000,6.463000,6.605000,6.626000,6.374000
125,6,1,6.660400,6.727000,6.640000,6.705000,6.666000,6.564000
125,7,1,6.744800,6.862000,6.632000,6.869000,6.732000,6.629000
125,8,1,6.339400,6.348000,6.313000,6.413000,6.271000,6.352000
125,9,1,6.818600,6.792000,6.804000,6.900000,6.873000,6.724000
125,10,1,6.690800,6.686000,6.581000,6.699000,6.818000,6.670000
125,11,1,6.781200,6.823000,6.701000,6.768000,6.747000,6.867000
125,12,1,6.848000,6.862000,6.809000,6.933000,6.824000,6.812000
125,13,1,6.623800,6.758000,6.546000,6.731000,6.600000,6.484000
125,14,1,6.713800,6.706000,6.588000,6.806000,6.777000,6.692000
125,15,1,6.803000,6.815000,6.650000,6.936000,6.869000,6.745000
125,16,1,6.511400,6.406000,6.573000,6.542000,6.629000,6.407000
125,17,1,6.679000,6.665000,6.628000,6.751000,6.772000,6.579000
125,18,1,6.860000,6.863000,6.861000,6.944000,6.816000,6.816000
125,19,1,6.685800,6.719000,6.718000,6.733000,6.721000,6.538000
126,0,1,6.660200,6.578000,6.677000,6.658000,6.887000,6.501000
126,1,1,6.691200,6.703000,6.631000,6.658000,6.785000,6.679000
126,2,1,6.746800,6.651000,6.519000,6.802000,6.957000,6.805000
126,3,1,6.607000,6.623000,6.604000,6.612000,6.690000,6.506000
126,4,1,6.562600,6.567000,6.550000,6.520000,6.688000,6.488000
126,5,1,6.612800,6.757000,6.538000,6.661000,6.595000,6.513000
126,6,1,6.468200,6.424000,6.400000,6.529000,6.556000,6.432000
126,7,1,6.717600,6.847000,6.652000,6.616000,6.837000,6.636000
126,8,1,6.657600,6.624000,6.602000,6.613000,6.792000,6.657000
126,9,1,6.605000,6.726000,6.510000,6.572000,6.703000,6.514000
126,10,1,6.357600,6.313000,6.313000,6.374000,6.485000,6.303000
126,11,1,6.191000,6.204000,6.091000,6.157000,6.479000,6.024000
126,12,1,6.857200,6.817000,6.863000,6.930000,6.849000,6.827000
126,13,1,6.900400,6.805000,6.924000,6.948000,7.015000,6.810000
126,14,1,6.735400,6.680000,6.663000,6.754000,6.944000,6.636000
126,15,1,6.817400,6.740000,6.787000,6.898000,6.974000,6.688000
126,16,1,6.844000,6.756000,6.846000,6.912000,6.978000,6.728000
126,17,1,6.799200,6.778000,6.639000,6.889000,6.858000,6.832000
126,18,1,6.626800,6.681000,6.509000,6.687000,6.641000,6.616000
126,19,1,6.965600,6.874000,6.905000,7.036000,7.093000,6.920000
127,0,1,6.638600,6.890000,6.439000,6.756000,6.427000,6.681000
127,1,1,6.848400,6.856000,6.706000,6.917000,6.806000,6.957000
127,2,1,6.843200,6.856000,6.756000,6.939000,6.720000,6.945000
127,3,1,6.703600,6.835000,6.482000,6.838000,6.624000,6.739000
127,4,1,6.737400,6.820000,6.645000,6.876000,6.591000,6.755000
127,5,1,6.808000,6.842000,6.751000,6.933000,6.666000,6.848000
127,6,1,6.893400,7.072000,6.722000,7.003000,6.716000,6.954000
127,7,1,6.659400,6.745000,6.513000,6.828000,6.517000,6.694000
127,8,1,6.512000,6.604000,6.383000,6.619000,6.391000,6.563000
127,9,1,6.775400,6.900000,6.666000,6.944000,6.577000,6.790000
127,10,1,6.728600,6.855000,6.565000,6.869000,6.573000,6.781000
127,11,1,6.690400,6.841000,6.476000,6.812000,6.572000,6.751000
127,12,1,6.942600,6.997000,6.903000,7.100000,6.757000,6.956000
127,13,1,6.832200,6.876000,6.683000,7.007000,6.652000,6.943000
127,14,1,6.867800,6.897000,6.762000,6.958000,6.786000,6.936000
127,15,1,6.873600,6.947000,6.749000,6.950000,6.762000,6.960000
127,16,1,6.801000,6.906000,6.760000,6.901000,6.628000,6.810000
127,17,1,6.614000,6.668000,6.511000,6.743000,6.553000,6.595000
127,18,1,6.769000,6.906000,6.577000,6.871000,6.726000,6.765000
127,19,1,6.933000,7.048000,6.836000,7.011000,6.806000,6.964000
128,0,1,6.789600,6.860000,6.687000,6.832000,6.775000,6.794000
128,1,1,6.180400,6.157000,6.057000,6.195000,6.148000,6.345000
128,2,1,6.341000,6.307000,6.374000,6.412000,6.261000,6.351000
128,3,1,6.640800,6.634000,6.633000,6.588000,6.673000,6.676000
128,4,1,6.676400,6.766000,6.653000,6.574000,6.657000,6.732000
128,5,1,6.454600,6.605000,6.321000,6.417000,6.460000,6.470000
128,6,1,6.518600,6.586000,6.434000,6.531000,6.521000,6.521000
128,7,1,6.820000,6.936000,6.756000,6.729000,6.860000,6.819000
128,8,1,6.782400,7.000000,6.671000,6.712000,6.825000,6.704000
128,9,1,6.707800,6.691000,6.569000,6.775000,6.756000,6.748000
128,10,1,6.729000,6.797000,6.577000,6.744000,6.753000,6.774000
128,11,1,6.699400,6.849000,6.611000,6.640000,6.646000,6.751000
128,12,1,6.946200,6.991000,6.917000,6.983000,6.949000,6.891000
128,13,1,6.524600,6.486000,6.557000,6.524000,6.567000,6.489000
128,14,1,6.614400,6.764000,6.502000,6.532000,6.614000,6.660000
128,15,1,6.614600,6.735000,6.534000,6.572000,6.696000,6.536000
128,16,1,6.803400,6.963000,6.717000,6.686000,6.841000,6.810000
128,17,1,6.643200,6.711000,6.634000,6.662000,6.636000,6.573000
128,18,1,6.778000,6.833000,6.812000,6.914000,6.627000,6.704000
128,19,1,6.517600,6.526000,6.407000,6.569000,6.557000,6.529000
129,0,1,6.608600,6.658000,6.502000,6.561000,6.626000,6.696000
129,1,1,6.872800,6.958000,6.758000,6.877000,6.838000,6.933000
129,2,1,6.738800,6.864000,6.646000,6.670000,6.813000,6.701000
129,3,1,6.728400,6.848000,6.553000,6.681000,6.765000,6.795000
129,4,1,6.792000,6.934000,6.627000,6.821000,6.757000,6.821000
129,5,1,6.806800,6.851000,6.744000,6.805000,6.762000,6.872000
129,6,1,6.500800,6.636000,6.406000,6.540000,6.483000,6.439000
129,7,1,6.803800,6.842000,6.677000,6.764000,6.855000,6.881000
129,8,1,6.869800,6.927000,6.862000,6.893000,6.889000,6.778000
129,9,1,6.284400,6.374000,6.315000,6.183000,6.223000,6.327000
129,10,1,6.611600,6.668000,6.543000,6.674000,6.584000,6.589000
129,11,1,6.864200,6.972000,6.735000,6.850000,6.954000,6.810000
129,12,1,6.791600,6.887000,6.649000,6.835000,6.769000,6.818000
129,13,1,6.617600,6.742000,6.472000,6.520000,6.660000,6.694000
129,14,1,6.612000,6.681000,6.569000,6.543000,6.591000,6.676000
129,15,1,6.885800,6.971000,6.805000,6.799000,6.971000,6.883000
129,16,1,6.819600,6.769000,6.728000,6.895000,6.795000,6.911000
129,17,1,6.570400,6.562000,6.478000,6.570000,6.558000,6.684000
129,18,1,6.725600,6.888000,6.528000,6.794000,6.659000,6.759000
129,19,1,6.863000,6.939000,6.750000,6.901000,6.791000,6.934000
130,0,0,4.817000,4.802000,4.738000,4.896000,4.815000,4.834000
130,1,0,4.724800,4.779000,4.621000,4.726000,4.753000,4.745000
130,2,0,4.592800,4.630000,4.592000,4.597000,4.461000,4.684000
130,3,0,4.481000,4.427000,4.451000,4.558000,4.356000,4.613000
130,4,0,4.691600,4.791000,4.650000,4.685000,4.616000,4.716000
130,5,0,4.696600,4.783000,4.634000,4.616000,4.663000,4.787000
130,6,0,4.661400,4.651000,4.560000,4.741000,4.656000,4.699000
130,7,0,4.804600,4.923000,4.791000,4.698000,4.842000,4.769000
130,8,0,4.832800,4.874000,4.747000,4.837000,4.853000,4.853000
130,9,0,4.710400,4.759000,4.573000,4.784000,4.657000,4.779000
130,10,0,4.627400,4.665000,4.555000,4.586000,4.588000,4.743000
130,11,0,4.756200,4.797000,4.723000,4.670000,4.709000,4.882000
130,12,0,4.746800,4.776000,4.795000,4.745000,4.613000,4.805000
130,13,0,4.720600,4.773000,4.710000,4.701000,4.693000,4.726000
130,14,0,4.554600,4.544000,4.430000,4.584000,4.507000,4.708000
130,15,0,4.732000,4.844000,4.670000,4.680000,4.699000,4.767000
130,16,0,4.782800,4.888000,4.752000,4.746000,4.679000,4.849000
130,17,0,4.641600,4.681000,4.545000,4.688000,4.581000,4.713000
130,18,0,4.861600,4.947000,4.758000,4.886000,4.845000,4.872000
130,19,0,4.724600,4.794000,4.644000,4.815000,4.577000,4.793000
130,20,1,7.000800,7.126000,7.038000,6.875000,6.959000,7.006000
130,21,1,6.893400,6.956000,6.979000,6.849000,6.907000,6.776000
130,22,1,6.938800,7.033000,6.894000,6.992000,6.884000,6.891000
130,23,1,6.728600,6.804000,6.686000,6.696000,6.672000,6.785000
130,24,1,6.658000,6.813000,6.566000,6.650000,6.580000,6.681000
130,25,1,6.335600,6.526000,6.266000,6.314000,6.310000,6.262000
130,26,1,6.712400,6.785000,6.789000,6.483000,6.726000,6.779000
130,27,1,6.783000,6.921000,6.741000,6.832000,6.728000,6.693000
130,28,1,6.599000,6.689000,6.551000,6.513000,6.586000,6.656000
130,29,1,6.662200,6.695000,6.661000,6.593000,6.645000,6.717000
130,30,1,6.782000,6.810000,6.796000,6.769000,6.717000,6.818000
130,31,1,6.702800,6.727000,6.736000,6.596000,6.758000,6.697000
130,32,1,6.674400,6.819000,6.480000,6.752000,6.646000,6.675000
130,33,1,6.960800,7.043000,6.948000,6.876000,6.925000,7.012000
130,34,1,6.872400,6.966000,6.995000,6.805000,6.757000,6.839000
130,35,1,6.776600,6.872000,6.734000,6.777000,6.771000,6.729000
130,36,1,6.786400,6.837000,6.883000,6.577000,6.793000,6.842000
130,37,1,6.759600,6.814000,6.820000,6.732000,6.729000,6.703000
130,38,1,6.607400,6.676000,6.628000,6.505000,6.571000,6.657000
130,39,1,6.767400,6.817000,6.783000,6.695000,6.764000,6.778000
130,40,2,4.609000,4.558000,4.670000,4.537000,4.707000,4.573000
130,41,2,4.712600,4.776000,4.620000,4.780000,4.646000,4.741000
130,42,2,4.891800,4.919000,4.781000,4.917000,4.874000,4.968000
130,43,2,4.675000,4.681000,4.603000,4.650000,4.655000,4.786000
130,44,2,4.725800,4.761000,4.671000,4.728000,4.806000,4.663000
130,45,2,4.794000,4.740000,4.849000,4.687000,4.879000,4.815000
130,46,2,4.793000,4.859000,4.827000,4.701000,4.796000,4.782000
130,47,2,4.707400,4.683000,4.661000,4.705000,4.839000,4.649000
130,48,2,4.620600,4.744000,4.522000,4.418000,4.674000,4.745000
130,49,2,4.743000,4.662000,4.823000,4.751000,4.824000,4.655000
130,50,2,4.827200,4.949000,4.753000,4.795000,4.773000,4.866000
130,51,2,4.564200,4.644000,4.595000,4.423000,4.499000,4.660000
130,52,2,4.759600,4.764000,4.788000,4.694000,4.740000,4.812000
130,53,2,4.755600,4.706000,4.766000,4.740000,4.833000,4.733000
130,54,2,4.751600,4.732000,4.660000,4.743000,4.808000,4.815000
130,55,2,4.828400,4.833000,4.703000,4.715000,4.909000,4.982000
130,56,2,4.535600,4.617000,4.435000,4.466000,4.587000,4.573000
130,57,2,4.632800,4.709000,4.495000,4.712000,4.518000,4.730000
130,58,2,4.779800,4.807000,4.782000,4.649000,4.817000,4.844000
130,59,2,4.555400,4.580000,4.516000,4.671000,4.472000,4.538000
130,60,3,4.733600,4.780000,4.771000,4.681000,4.725000,4.711000
130,61,3,5.002600,5.029000,4.960000,4.991000,5.097000,4.936000
130,62,3,4.728200,4.845000,4.611000,4.683000,4.831000,4.671000
130,63,3,4.915400,4.951000,4.842000,4.874000,4.934000,4.976000
130,64,3,5.110800,5.185000,5.128000,4.949000,5.168000,5.124000
130,65,3,4.838400,4.896000,4.846000,4.866000,4.739000,4.845000
130,66,3,4.767400,4.766000,4.789000,4.740000,4.755000,4.787000
130,67,3,4.833000,4.921000,4.794000,4.737000,4.906000,4.807000
130,68,3,4.701200,4.706000,4.710000,4.680000,4.679000,4.731000
130,69,3,4.816200,4.911000,4.752000,4.746000,4.809000,4.863000
130,70,3,4.914600,4.945000,4.903000,4.851000,4.943000,4.931000
130,71,3,4.830200,4.915000,4.787000,4.869000,4.826000,4.754000
130,72,3,4.863800,4.873000,4.739000,4.912000,4.922000,4.873000
130,73,3,4.914400,4.958000,4.829000,4.821000,4.979000,4.985000
130,74,3,4.843000,4.862000,4.721000,4.881000,4.882000,4.869000
130,75,3,4.881600,4.805000,4.807000,4.904000,5.015000,4.877000
130,76,3,4.942600,4.994000,4.877000,4.938000,4.996000,4.908000
130,77,3,4.957000,5.131000,4.849000,4.871000,4.982000,4.952000
130,78,3,4.948200,5.080000,4.862000,4.858000,4.983000,4.958000
130,79,3,4.901600,4.906000,4.838000,4.824000,4.997000,4.943000
130,80,4,4.837200,4.864000,4.794000,4.867000,4.748000,4.913000
130,81,4,4.822000,5.000000,4.715000,4.883000,4.668000,4.844000
130,82,4,4.714800,4.796000,4.653000,4.679000,4.685000,4.761000
130,83,4,4.810400,4.932000,4.765000,4.863000,4.612000,4.880000
130,84,4,4.755400,4.914000,4.745000,4.738000,4.600000,4.780000
130,85,4,4.704000,4.761000,4.628000,4.670000,4.768000,4.693000
130,86,4,4.682200,4.842000,4.598000,4.551000,4.695000,4.725000
130,87,4,4.849600,4.882000,4.731000,4.970000,4.791000,4.874000
130,88,4,4.702600,4.757000,4.608000,4.697000,4.661000,4.790000
130,89,4,4.848400,4.878000,4.754000,4.826000,4.787000,4.997000
130,90,4,4.815800,4.864000,4.828000,4.750000,4.715000,4.922000
130,91,4,4.883000,4.890000,4.830000,4.919000,4.866000,4.910000
130,92,4,4.866200,4.889000,4.784000,4.878000,4.917000,4.863000
130,93,4,4.642600,4.712000,4.585000,4.686000,4.508000,4.722000
130,94,4,4.502400,4.535000,4.444000,4.521000,4.447000,4.565000
130,95,4,4.775400,4.819000,4.590000,4.811000,4.769000,4.888000
130,96,4,4.768800,4.823000,4.608000,4.721000,4.823000,4.869000
130,97,4,4.703400,4.689000,4.791000,4.683000,4.665000,4.689000
130,98,4,4.843200,4.867000,4.777000,4.866000,4.901000,4.805000
130,99,4,4.736000,4.831000,4.740000,4.785000,4.511000,4.813000
131,0,1,6.959000,6.987000,6.936000,6.870000,6.957000,7.045000
131,1,1,6.794600,6.832000,6.773000,6.743000,6.781000,6.844000
131,2,1,6.777000,6.764000,6.757000,6.656000,6.859000,6.849000
131,3,1,6.768800,6.743000,6.728000,6.676000,6.904000,6.793000
131,4,1,6.891000,6.840000,6.913000,6.795000,6.993000,6.914000
131,5,1,6.885600,6.874000,6.830000,6.806000,6.962000,6.956000
131,6,1,7.009400,7.091000,6.965000,7.056000,6.922000,7.013000
131,7,1,6.568800,6.698000,6.483000,6.466000,6.522000,6.675000
131,8,1,6.824600,6.854000,6.768000,6.790000,6.824000,6.887000
131,9,1,6.935400,6.965000,6.898000,6.973000,6.900000,6.941000
131,10,1,6.830800,6.877000,6.863000,6.743000,6.807000,6.864000
131,11,1,6.710800,6.738000,6.670000,6.768000,6.712000,6.666000
131,12,1,6.451600,6.452000,6.427000,6.373000,6.491000,6.515000
131,13,1,6.912200,6.918000,6.938000,6.842000,6.983000,6.880000
131,14,1,6.842000,6.954000,6.845000,6.775000,6.839000,6.797000
131,15,1,6.703800,6.745000,6.661000,6.555000,6.807000,6.751000
131,16,1,6.641600,6.569000,6.686000,6.472000,6.698000,6.783000
131,17,1,6.714600,6.805000,6.718000,6.607000,6.646000,6.797000
131,18,1,6.568200,6.638000,6.463000,6.503000,6.585000,6.652000
131,19,1,6.949600,6.941000,6.996000,6.955000,6.892000,6.964000
132,0,1,6.767200,6.846000,6.697000,6.751000,6.852000,6.690000
132,1,1,6.841000,6.878000,6.744000,6.856000,6.869000,6.858000
132,2,1,6.883800,6.979000,6.831000,6.964000,6.821000,6.824000
132,3,1,6.608200,6.669000,6.494000,6.621000,6.613000,6.644000
132,4,1,6.871800,7.024000,6.744000,6.842000,6.853000,6.896000
132,5,1,6.598800,6.694000,6.513000,6.599000,6.552000,6.636000
132,6,1,6.979800,7.090000,6.817000,6.938000,7.011000,7.043000
132,7,1,6.779600,6.806000,6.634000,6.860000,6.797000,6.801000
132,8,1,6.885600,6.932000,6.862000,6.898000,6.860000,6.876000
132,9,1,6.720000,6.882000,6.667000,6.679000,6.721000,6.651000
132,10,1,7.071800,7.147000,6.989000,7.146000,7.039000,7.038000
132,11,1,6.791600,6.837000,6.699000,6.760000,6.875000,6.787000
132,12,1,6.802800,6.909000,6.743000,6.867000,6.761000,6.734000
132,13,1,6.970400,7.074000,6.948000,6.925000,6.980000,6.925000
132,14,1,6.999800,7.182000,6.884000,6.967000,6.889000,7.077000
132,15,1,6.724800,6.857000,6.657000,6.679000,6.747000,6.684000
132,16,1,6.955400,7.014000,6.836000,6.938000,7.002000,6.987000
132,17,1,6.868000,6.991000,6.798000,6.882000,6.789000,6.880000
132,18,1,6.860200,7.060000,6.708000,6.865000,6.872000,6.796000
132,19,1,6.417400,6.563000,6.412000,6.360000,6.492000,6.260000
133,0,1,6.490200,6.733000,6.528000,6.515000,6.364000,6.311000
133,1,1,6.972000,6.968000,7.007000,7.034000,7.017000,6.834000
133,2,1,6.610600,6.551000,6.698000,6.617000,6.701000,6.486000
133,3,1,6.995400,7.016000,6.977000,6.950000,7.017000,7.017000
133,4,1,6.894400,6.912000,6.918000,6.908000,6.929000,6.805000
133,5,1,6.961600,6.918000,7.048000,6.998000,6.962000,6.882000
133,6,1,6.807600,6.835000,6.850000,6.822000,6.774000,6.757000
133,7,1,6.877000,6.889000,6.942000,6.866000,6.852000,6.836000
133,8,1,6.676600,6.680000,6.771000,6.708000,6.595000,6.629000
133,9,1,6.949000,6.915000,7.039000,6.898000,6.930000,6.963000
133,10,1,6.741200,6.701000,6.745000,6.836000,6.702000,6.722000
133,11,1,6.919200,7.034000,6.855000,6.973000,6.894000,6.840000
133,12,1,6.565000,6.537000,6.629000,6.590000,6.512000,6.557000
133,13,1,6.949600,7.003000,6.972000,6.882000,6.961000,6.930000
133,14,1,6.786000,6.700000,6.807000,6.844000,6.738000,6.841000
133,15,1,6.910200,6.907000,6.950000,6.894000,6.890000,6.910000
133,16,1,6.819800,6.821000,6.935000,6.772000,6.833000,6.738000
133,17,1,6.665200,6.681000,6.682000,6.705000,6.593000,6.665000
133,18,1,6.962200,6.855000,7.064000,6.959000,6.886000,7.047000
133,19,1,6.934200,6.980000,6.964000,6.886000,6.961000,6.880000
134,0,1,6.846200,6.766000,6.905000,6.862000,6.862000,6.836000
134,1,1,6.849200,6.836000,6.952000,6.885000,6.780000,6.793000
134,2,1,6.732400,6.757000,6.793000,6.644000,6.697000,6.771000
134,3,1,6.796600,6.770000,6.835000,6.769000,6.767000,6.842000
134,4,1,6.639200,6.503000,6.647000,6.725000,6.708000,6.613000
134,5,1,7.056200,7.040000,7.038000,7.061000,7.033000,7.109000
134,6,1,6.892200,6.898000,6.994000,6.907000,6.852000,6.810000
134,7,1,6.788200,6.817000,6.811000,6.729000,6.743000,6.841000
134,8,1,6.619600,6.609000,6.685000,6.619000,6.568000,6.617000
134,9,1,6.861600,6.909000,6.886000,6.862000,6.848000,6.803000
134,10,1,6.932600,6.853000,7.100000,6.982000,6.734000,6.994000
134,11,1,7.058400,7.072000,7.042000,7.031000,7.008000,7.139000
134,12,1,6.777800,6.795000,6.875000,6.717000,6.688000,6.814000
134,13,1,6.871600,6.840000,6.983000,6.868000,6.834000,6.833000
134,14,1,6.930800,7.054000,6.959000,6.865000,6.821000,6.955000
134,15,1,6.720000,6.710000,6.697000,6.718000,6.707000,6.768000
134,16,1,7.052000,7.092000,7.059000,7.096000,7.023000,6.990000
134,17,1,7.090400,7.041000,7.136000,7.187000,6.980000,7.108000
134,18,1,6.586200,6.690000,6.619000,6.629000,6.391000,6.602000
134,19,1,6.903000,6.965000,6.952000,6.943000,6.785000,6.870000
135,0,1,6.870400,6.723000,7.047000,6.781000,7.018000,6.783000
135,1,1,6.806200,6.771000,6.750000,6.885000,6.982000,6.643000
135,2,1,6.769200,6.659000,6.810000,6.812000,6.972000,6.593000
135,3,1,6.967200,6.888000,7.056000,6.886000,7.063000,6.943000
135,4,1,6.960200,6.852000,6.941000,6.954000,7.064000,6.990000
135,5,1,6.752400,6.712000,6.725000,6.754000,6.857000,6.714000
135,6,1,6.755200,6.680000,6.775000,6.831000,6.839000,6.651000
135,7,1,6.956800,6.916000,6.951000,6.983000,7.030000,6.904000
135,8,1,6.537000,6.435000,6.597000,6.562000,6.469000,6.622000
135,9,1,6.873600,6.884000,6.892000,6.779000,6.973000,6.840000
135,10,1,6.822800,6.863000,6.844000,6.799000,6.909000,6.699000
135,11,1,6.667000,6.530000,6.751000,6.573000,6.849000,6.632000
135,12,1,7.021800,7.003000,7.015000,7.082000,6.989000,7.020000
135,13,1,6.822400,6.859000,6.796000,6.765000,6.904000,6.788000
135,14,1,6.960600,6.889000,7.066000,6.918000,7.026000,6.904000
135,15,1,7.016000,7.008000,7.120000,6.944000,7.097000,6.911000
135,16,1,6.869200,6.898000,6.819000,6.838000,6.965000,6.826000
135,17,1,6.991000,6.916000,7.005000,7.043000,7.021000,6.970000
135,18,1,6.799000,6.713000,6.878000,6.871000,6.825000,6.708000
135,19,1,6.749200,6.763000,6.641000,6.696000,6.878000,6.768000
136,0,1,6.962600,6.942000,7.096000,6.877000,6.937000,6.961000
136,1,1,6.956800,6.842000,7.082000,7.032000,6.945000,6.883000
136,2,1,6.822000,6.672000,6.786000,6.959000,6.803000,6.890000
136,3,1,6.893000,6.851000,7.029000,6.909000,6.851000,6.825000
136,4,1,6.865000,6.730000,6.835000,6.934000,6.913000,6.913000
136,5,1,6.844400,6.688000,6.818000,6.967000,6.856000,6.893000
136,6,1,6.923200,6.894000,7.071000,6.952000,6.797000,6.902000
136,7,1,6.910000,6.647000,6.970000,7.043000,6.883000,7.007000
136,8,1,6.969200,6.845000,6.965000,7.039000,7.020000,6.977000
136,9,1,6.811000,6.663000,6.863000,6.808000,6.875000,6.846000
136,10,1,6.859800,6.736000,6.972000,6.918000,6.731000,6.942000
136,11,1,6.917600,6.860000,6.910000,7.016000,6.854000,6.948000
136,12,1,7.026000,7.041000,7.016000,7.086000,6.953000,7.034000
136,13,1,6.902800,6.907000,6.904000,6.892000,6.887000,6.924000
136,14,1,6.728600,6.496000,6.696000,6.829000,6.867000,6.755000
136,15,1,6.820800,6.796000,6.904000,6.892000,6.777000,6.735000
136,16,1,6.974000,6.819000,7.120000,7.130000,6.849000,6.952000
136,17,1,6.800000,6.526000,6.868000,6.931000,6.845000,6.830000
136,18,1,6.713800,6.538000,6.818000,6.693000,6.814000,6.706000
136,19,1,6.949400,6.776000,7.022000,7.096000,6.922000,6.931000
137,0,1,6.919000,6.971000,6.968000,6.971000,6.851000,6.834000
137,1,1,6.990200,7.084000,6.916000,7.132000,6.882000,6.937000
137,2,1,7.056800,7.180000,7.060000,7.048000,6.988000,7.008000
137,3,1,7.102800,7.201000,7.131000,7.070000,7.075000,7.037000
137,4,1,6.660800,6.674000,6.612000,6.777000,6.574000,6.667000
137,5,1,7.091200,7.183000,7.129000,7.181000,6.951000,7.012000
137,6,1,6.561200,6.549000,6.584000,6.652000,6.470000,6.551000
137,7,1,6.948600,7.053000,6.908000,6.989000,6.909000,6.884000
137,8,1,6.519800,6.565000,6.530000,6.578000,6.470000,6.456000
137,9,1,6.807600,6.951000,6.816000,6.812000,6.736000,6.723000
137,10,1,7.076400,7.100000,7.011000,7.122000,7.045000,7.104000
137,11,1,6.923200,6.966000,6.930000,6.973000,6.815000,6.932000
137,12,1,7.070200,7.127000,7.114000,7.026000,6.972000,7.112000
137,13,1,6.829400,6.839000,6.905000,6.829000,6.835000,6.739000
137,14,1,7.101400,7.172000,7.132000,7.183000,6.971000,7.049000
137,15,1,6.951800,7.059000,6.996000,6.936000,6.874000,6.894000
137,16,1,7.084200,7.070000,7.141000,7.063000,7.112000,7.035000
137,17,1,6.909800,6.888000,6.867000,7.055000,6.814000,6.925000
137,18,1,7.000000,7.030000,7.010000,6.989000,6.957000,7.014000
137,19,1,6.692200,6.722000,6.718000,6.758000,6.691000,6.572000
138,0,1,6.844200,6.754000,6.826000,6.805000,6.803000,7.033000
138,1,1,6.925800,6.835000,7.050000,6.820000,6.913000,7.011000
138,2,1,6.945400,6.922000,6.986000,6.938000,6.838000,7.043000
138,3,1,6.966800,6.861000,7.079000,6.918000,6.924000,7.052000
138,4,1,6.941800,6.879000,6.981000,6.917000,6.975000,6.957000
138,5,1,6.966800,6.948000,6.976000,6.860000,6.971000,7.079000
138,6,1,7.070200,6.950000,7.110000,7.029000,7.122000,7.140000
138,7,1,7.118000,6.996000,7.196000,7.134000,7.079000,7.185000
138,8,1,6.861200,6.833000,6.955000,6.774000,6.759000,6.985000
138,9,1,7.143400,7.064000,7.109000,7.079000,7.200000,7.265000
138,10,1,7.024800,6.941000,7.087000,6.985000,7.002000,7.109000
138,11,1,6.886200,6.676000,6.763000,6.929000,6.964000,7.099000
138,12,1,6.878200,6.740000,6.948000,6.795000,6.875000,7.033000
138,13,1,6.993600,6.962000,7.070000,6.924000,6.923000,7.089000
138,14,1,6.826600,6.836000,6.883000,6.710000,6.841000,6.863000
138,15,1,7.094000,7.029000,7.128000,7.028000,7.087000,7.198000
138,16,1,6.956400,6.903000,7.023000,6.906000,6.879000,7.071000
138,17,1,6.886800,6.788000,6.954000,6.879000,6.878000,6.935000
138,18,1,7.160800,7.107000,7.167000,7.162000,7.111000,7.257000
138,19,1,6.830600,6.847000,6.947000,6.710000,6.715000,6.934000
139,0,1,6.891400,6.957000,6.973000,6.762000,6.888000,6.877000
139,1,1,6.417200,6.370000,6.460000,6.305000,6.361000,6.590000
139,2,1,6.789200,6.861000,6.887000,6.842000,6.807000,6.549000
139,3,1,7.022800,7.049000,7.027000,7.033000,7.012000,6.993000
139,4,1,6.924000,6.953000,6.880000,6.911000,6.902000,6.974000
139,5,1,6.728600,6.650000,6.814000,6.708000,6.712000,6.759000
139,6,1,6.834000,6.813000,6.866000,6.783000,6.814000,6.894000
139,7,1,6.947400,6.954000,6.964000,6.880000,6.993000,6.946000
139,8,1,6.726200,6.761000,6.707000,6.743000,6.638000,6.782000
139,9,1,6.368600,6.346000,6.272000,6.391000,6.404000,6.430000
139,10,1,6.810200,6.745000,6.933000,6.834000,6.695000,6.844000
139,11,1,6.906000,6.861000,6.935000,6.835000,6.859000,7.040000
139,12,1,6.866400,6.666000,7.014000,6.795000,6.865000,6.992000
139,13,1,6.967400,6.990000,7.131000,7.012000,6.985000,6.719000
139,14,1,7.000400,7.028000,7.022000,7.011000,6.977000,6.964000
139,15,1,6.451400,6.395000,6.563000,6.443000,6.394000,6.462000
139,16,1,6.955000,6.897000,7.036000,6.947000,7.005000,6.890000
139,17,1,6.589600,6.530000,6.616000,6.533000,6.643000,6.626000
139,18,1,6.625600,6.570000,6.733000,6.551000,6.597000,6.677000
139,19,1,6.784800,6.726000,6.840000,6.724000,6.838000,6.796000
140,0,0,4.622600,4.609000,4.615000,4.798000,4.620000,4.471000
140,1,0,4.716800,4.638000,4.825000,4.816000,4.759000,4.546000
140,2,0,4.839800,4.830000,4.893000,4.904000,4.900000,4.672000
140,3,0,4.933600,4.782000,5.018000,5.065000,5.063000,4.740000
140,4,0,4.859000,4.861000,4.935000,4.919000,4.884000,4.696000
140,5,0,4.810000,4.808000,4.887000,4.850000,4.904000,4.601000
140,6,0,4.743600,4.668000,4.821000,4.715000,4.902000,4.612000
140,7,0,4.684200,4.555000,4.763000,4.747000,4.840000,4.516000
140,8,0,5.037800,4.911000,5.121000,5.118000,5.088000,4.951000
140,9,0,4.754000,4.688000,4.776000,4.749000,4.937000,4.620000
140,10,0,4.692600,4.589000,4.808000,4.853000,4.730000,4.483000
140,11,0,4.657200,4.677000,4.803000,4.680000,4.687000,4.439000
140,12,0,4.856400,4.823000,4.918000,4.963000,4.892000,4.686000
140,13,0,4.805800,4.784000,4.958000,4.703000,4.851000,4.733000
140,14,0,5.015800,5.001000,5.014000,5.051000,5.064000,4.949000
140,15,0,4.632800,4.474000,4.746000,4.739000,4.768000,4.437000
140,16,0,4.720600,4.762000,4.703000,4.761000,4.736000,4.641000
140,17,0,4.488600,4.590000,4.492000,4.477000,4.507000,4.377000
140,18,0,4.684600,4.656000,4.901000,4.694000,4.679000,4.493000
140,19,0,4.770200,4.844000,4.830000,4.798000,4.801000,4.578000
140,20,1,6.972200,7.066000,7.114000,7.088000,6.820000,6.773000
140,21,1,6.883800,6.956000,6.940000,6.956000,6.818000,6.749000
140,22,1,6.988600,6.973000,7.171000,7.178000,6.846000,6.775000
140,23,1,6.971200,7.063000,7.047000,7.058000,6.782000,6.906000
140,24,1,7.020600,7.067000,7.112000,7.129000,6.923000,6.872000
140,25,1,6.737200,6.700000,6.811000,6.670000,6.813000,6.692000
140,26,1,7.018400,7.008000,7.012000,7.126000,6.932000,7.014000
140,27,1,7.044600,7.105000,7.165000,7.083000,6.972000,6.898000
140,28,1,6.864200,6.794000,6.877000,6.928000,6.854000,6.868000
140,29,1,6.847400,6.914000,6.994000,6.895000,6.750000,6.684000
140,30,1,6.808800,6.765000,6.946000,6.914000,6.734000,6.685000
140,31,1,6.905400,7.012000,6.980000,7.073000,6.754000,6.708000
140,32,1,6.915200,6.890000,7.014000,6.997000,6.859000,6.816000
140,33,1,7.083800,7.084000,7.166000,7.162000,7.085000,6.922000
140,34,1,6.922000,6.844000,7.028000,7.083000,6.841000,6.814000
140,35,1,6.817400,6.839000,6.805000,6.846000,6.828000,6.769000
140,36,1,6.700600,6.731000,6.803000,6.686000,6.674000,6.609000
140,37,1,6.757600,6.804000,6.794000,6.782000,6.727000,6.681000
140,38,1,6.925200,6.992000,6.929000,6.992000,6.933000,6.780000
140,39,1,6.678800,6.574000,6.821000,6.647000,6.774000,6.578000
140,40,2,4.572800,4.601000,4.673000,4.520000,4.687000,4.383000
140,41,2,4.684000,4.654000,4.798000,4.652000,4.869000,4.447000
140,42,2,4.250800,4.175000,4.412000,4.297000,4.286000,4.084000
140,43,2,4.458200,4.435000,4.525000,4.503000,4.619000,4.209000
140,44,2,4.518000,4.448000,4.688000,4.513000,4.621000,4.320000
140,45,2,4.498600,4.472000,4.617000,4.426000,4.606000,4.372000
140,46,2,4.791600,4.803000,4.903000,4.777000,4.990000,4.485000
140,47,2,4.404600,4.375000,4.616000,4.388000,4.436000,4.208000
140,48,2,4.584600,4.621000,4.672000,4.455000,4.812000,4.363000
140,49,2,4.624800,4.632000,4.688000,4.711000,4.649000,4.444000
140,50,2,4.485400,4.354000,4.769000,4.411000,4.585000,4.308000
140,51,2,4.625400,4.566000,4.670000,4.669000,4.791000,4.431000
140,52,2,4.386800,4.333000,4.523000,4.333000,4.540000,4.205000
140,53,2,4.588200,4.561000,4.671000,4.602000,4.785000,4.322000
140,54,2,4.465000,4.312000,4.553000,4.518000,4.611000,4.331000
140,55,2,4.811000,4.825000,4.854000,4.722000,4.933000,4.721000
140,56,2,4.409000,4.434000,4.496000,4.339000,4.547000,4.229000
140,57,2,4.391000,4.449000,4.517000,4.230000,4.484000,4.275000
140,58,2,4.477600,4.505000,4.600000,4.457000,4.581000,4.245000
140,59,2,4.619600,4.671000,4.734000,4.526000,4.776000,4.391000
140,60,3,5.027800,5.008000,5.194000,5.054000,5.003000,4.880000
140,61,3,4.990000,4.857000,5.183000,5.074000,4.997000,4.839000
140,62,3,5.067600,4.954000,5.174000,5.269000,5.131000,4.810000
140,63,3,4.943200,4.934000,5.009000,4.869000,5.020000,4.884000
140,64,3,5.107000,5.094000,5.189000,5.110000,5.157000,4.985000
140,65,3,4.889600,4.813000,5.047000,4.866000,4.865000,4.857000
140,66,3,5.021400,5.012000,5.150000,5.065000,5.040000,4.840000
140,67,3,4.897000,4.780000,4.963000,4.972000,5.026000,4.744000
140,68,3,4.905000,4.890000,5.025000,4.931000,4.960000,4.719000
140,69,3,4.814400,4.848000,4.867000,4.847000,4.865000,4.645000
140,70,3,5.013200,5.074000,5.014000,5.065000,5.051000,4.862000
140,71,3,5.087400,5.008000,5.183000,5.148000,5.087000,5.011000
140,72,3,5.164200,5.175000,5.390000,5.340000,4.908000,5.008000
140,73,3,5.040200,4.927000,5.205000,5.051000,5.093000,4.925000
140,74,3,5.064400,5.000000,5.243000,5.075000,5.133000,4.871000
140,75,3,5.172800,5.076000,5.273000,5.331000,5.175000,5.009000
140,76,3,5.020200,5.025000,5.103000,5.069000,5.048000,4.856000
140,77,3,5.114400,5.055000,5.205000,5.226000,5.117000,4.969000
140,78,3,4.976800,4.867000,5.022000,5.080000,5.137000,4.778000
140,79,3,5.116000,5.042000,5.331000,5.147000,5.202000,4.858000
140,80,4,4.723200,4.594000,4.801000,4.832000,4.811000,4.578000
140,81,4,4.775200,4.754000,4.863000,4.848000,4.894000,4.517000
140,82,4,4.585600,4.565000,4.733000,4.533000,4.726000,4.371000
140,83,4,4.672600,4.720000,4.752000,4.696000,4.782000,4.413000
140,84,4,4.669200,4.641000,4.685000,4.822000,4.683000,4.515000
140,85,4,4.479000,4.491000,4.471000,4.554000,4.611000,4.268000
140,86,4,4.749800,4.669000,4.761000,4.897000,4.846000,4.576000
140,87,4,4.752400,4.600000,4.761000,4.868000,4.932000,4.601000
140,88,4,4.583200,4.494000,4.819000,4.620000,4.544000,4.439000
140,89,4,4.692800,4.636000,4.776000,4.803000,4.839000,4.410000
140,90,4,4.703400,4.569000,4.826000,4.754000,4.817000,4.551000
140,91,4,4.729000,4.684000,4.817000,4.865000,4.742000,4.537000
140,92,4,5.000400,5.018000,5.049000,5.017000,5.086000,4.832000
140,93,4,4.589400,4.462000,4.720000,4.663000,4.657000,4.445000
140,94,4,4.688400,4.577000,4.872000,4.746000,4.746000,4.501000
140,95,4,4.871000,4.909000,4.919000,4.926000,4.899000,4.702000
140,96,4,4.581200,4.552000,4.666000,4.685000,4.600000,4.403000
140,97,4,4.698400,4.663000,4.777000,4.836000,4.794000,4.422000
140,98,4,4.548600,4.504000,4.631000,4.689000,4.573000,4.346000
140,99,4,4.593600,4.635000,4.532000,4.700000,4.702000,4.399000
141,0,1,7.140200,7.186000,7.159000,7.018000,7.212000,7.126000
141,1,1,7.073400,7.108000,7.101000,6.953000,7.043000,7.162000
141,2,1,7.118200,7.148000,7.190000,7.011000,7.069000,7.173000
141,3,1,7.122800,7.138000,7.124000,7.035000,7.156000,7.161000
141,4,1,6.847600,6.780000,6.816000,6.760000,6.905000,6.977000
141,5,1,6.984800,7.021000,6.973000,6.835000,7.066000,7.029000
141,6,1,6.904600,7.084000,6.919000,6.782000,6.914000,6.824000
141,7,1,6.503800,6.627000,6.490000,6.327000,6.562000,6.513000
141,8,1,7.045200,7.111000,7.054000,6.960000,7.024000,7.077000
141,9,1,6.957000,7.108000,6.859000,6.900000,6.914000,7.004000
141,10,1,7.029000,7.030000,6.999000,6.851000,7.180000,7.085000
141,11,1,6.892600,6.895000,6.924000,6.756000,6.989000,6.899000
141,12,1,6.855000,6.928000,6.822000,6.757000,6.956000,6.812000
141,13,1,7.099600,7.197000,7.066000,6.898000,7.134000,7.203000
141,14,1,6.978800,7.105000,7.009000,6.823000,6.909000,7.048000
141,15,1,6.989000,7.046000,6.976000,6.857000,7.013000,7.053000
141,16,1,6.837000,6.966000,6.870000,6.757000,6.795000,6.797000
141,17,1,7.069800,7.095000,7.127000,7.026000,7.067000,7.034000
141,18,1,7.034200,7.103000,6.953000,6.914000,7.082000,7.119000
141,19,1,6.740000,6.821000,6.633000,6.602000,6.806000,6.838000
142,0,1,6.563000,6.581000,6.427000,6.689000,6.491000,6.627000
142,1,1,6.917000,6.984000,6.746000,6.898000,6.966000,6.991000
142,2,1,6.918400,6.902000,6.861000,6.842000,7.027000,6.960000
142,3,1,7.101000,7.148000,7.037000,7.134000,7.143000,7.043000
142,4,1,6.810600,6.823000,6.647000,6.966000,6.855000,6.762000
142,5,1,6.946000,7.015000,6.808000,6.974000,7.014000,6.919000
142,6,1,6.860600,6.943000,6.725000,6.845000,6.917000,6.873000
142,7,1,6.918000,6.963000,6.776000,6.958000,6.954000,6.939000
142,8,1,7.074600,7.087000,6.952000,7.146000,7.088000,7.100000
142,9,1,7.097000,7.041000,6.951000,7.275000,7.211000,7.007000
142,10,1,7.124600,7.072000,7.034000,7.253000,7.132000,7.132000
142,11,1,7.056600,7.200000,7.038000,7.104000,7.080000,6.861000
142,12,1,7.080800,7.140000,7.023000,7.172000,7.040000,7.029000
142,13,1,7.060600,7.129000,6.923000,7.086000,7.122000,7.043000
142,14,1,7.011200,6.949000,6.936000,7.079000,7.090000,7.002000
142,15,1,6.990000,7.031000,6.878000,7.086000,6.989000,6.966000
142,16,1,7.122200,7.111000,7.004000,7.195000,7.166000,7.135000
142,17,1,6.817600,6.893000,6.684000,6.940000,6.772000,6.799000
142,18,1,7.114000,7.145000,6.953000,7.173000,7.146000,7.153000
142,19,1,7.073000,7.181000,7.037000,7.101000,7.072000,6.974000
143,0,1,6.904200,7.042000,6.695000,6.858000,6.998000,6.928000
143,1,1,7.035600,7.121000,6.965000,6.790000,7.186000,7.116000
143,2,1,7.070600,7.188000,7.052000,7.040000,7.111000,6.962000
143,3,1,7.052800,7.118000,6.975000,7.057000,7.096000,7.018000
143,4,1,6.590600,6.511000,6.506000,6.459000,6.765000,6.712000
143,5,1,6.916800,6.927000,6.782000,6.890000,7.087000,6.898000
143,6,1,7.007600,7.025000,6.866000,7.009000,7.161000,6.977000
143,7,1,7.182800,7.133000,7.054000,7.185000,7.272000,7.270000
143,8,1,7.043600,7.087000,6.922000,6.982000,7.162000,7.065000
143,9,1,7.092200,7.195000,6.965000,7.067000,7.068000,7.166000
143,10,1,7.032600,7.106000,6.932000,6.918000,7.204000,7.003000
143,11,1,7.117800,7.199000,7.098000,6.912000,7.284000,7.096000
143,12,1,7.012000,7.056000,7.010000,6.921000,7.101000,6.972000
143,13,1,7.138200,7.199000,7.075000,7.067000,7.201000,7.149000
143,14,1,6.694800,6.715000,6.531000,6.525000,6.921000,6.782000
143,15,1,6.735400,6.806000,6.586000,6.628000,6.821000,6.836000
143,16,1,7.002600,7.021000,6.895000,6.925000,7.134000,7.038000
143,17,1,6.717800,6.807000,6.545000,6.569000,6.861000,6.807000
143,18,1,6.871800,6.889000,6.657000,6.762000,7.082000,6.969000
143,19,1,7.017200,7.150000,6.894000,6.997000,7.191000,6.854000
144,0,1,7.104200,7.119000,7.091000,7.173000,7.070000,7.068000
144,1,1,7.061400,7.058000,7.049000,7.196000,7.046000,6.958000
144,2,1,7.032200,7.035000,7.079000,7.021000,7.050000,6.976000
144,3,1,7.096200,7.100000,7.112000,7.173000,7.061000,7.035000
144,4,1,6.855000,6.845000,6.935000,6.994000,6.697000,6.804000
144,5,1,7.103000,7.024000,7.176000,7.236000,7.125000,6.954000
144,6,1,7.046400,7.078000,7.073000,7.083000,6.998000,7.000000
144,7,1,7.042200,7.136000,6.914000,7.020000,7.148000,6.993000
144,8,1,6.966600,6.945000,6.957000,6.939000,6.995000,6.997000
144,9,1,7.106600,7.106000,7.116000,7.178000,7.099000,7.034000
144,10,1,6.939400,7.037000,6.931000,6.909000,6.944000,6.876000
144,11,1,6.846400,6.948000,6.848000,6.920000,6.851000,6.665000
144,12,1,7.139600,7.229000,7.055000,7.157000,7.154000,7.103000
144,13,1,7.113000,7.048000,7.025000,7.187000,7.182000,7.123000
144,14,1,6.850400,6.728000,6.922000,6.975000,6.904000,6.723000
144,15,1,6.994200,6.968000,6.960000,7.217000,6.957000,6.869000
144,16,1,7.076600,7.071000,7.054000,7.146000,7.137000,6.975000
144,17,1,7.049600,7.067000,7.003000,7.153000,7.037000,6.988000
144,18,1,7.008800,7.019000,6.947000,7.143000,7.003000,6.932000
144,19,1,7.213200,7.191000,7.183000,7.257000,7.211000,7.224000
145,0,1,6.741200,6.762000,6.723000,6.743000,6.801000,6.677000
145,1,1,6.649200,6.785000,6.608000,6.522000,6.741000,6.590000
145,2,1,7.004800,7.025000,6.949000,6.946000,7.132000,6.972000
145,3,1,7.069800,7.120000,6.951000,7.034000,7.213000,7.031000
145,4,1,7.011800,7.050000,7.051000,6.864000,7.113000,6.981000
145,5,1,7.091400,7.175000,7.070000,7.073000,7.186000,6.953000
145,6,1,6.860400,6.896000,6.840000,6.728000,7.088000,6.750000
145,7,1,6.967000,7.004000,6.900000,7.093000,6.936000,6.902000
145,8,1,6.945800,6.988000,6.924000,6.918000,7.064000,6.835000
145,9,1,7.176400,7.222000,7.103000,7.223000,7.237000,7.097000
145,10,1,7.025000,7.019000,6.938000,7.019000,7.124000,7.025000
145,11,1,7.024400,7.052000,7.065000,7.060000,7.044000,6.901000
145,12,1,7.029600,7.056000,7.015000,7.028000,7.089000,6.960000
145,13,1,6.791600,6.937000,6.793000,6.751000,6.771000,6.706000
145,14,1,6.944200,6.928000,6.917000,6.984000,6.994000,6.898000
145,15,1,6.911200,6.938000,6.873000,6.897000,6.988000,6.860000
145,16,1,7.031600,6.956000,7.085000,7.100000,7.059000,6.958000
145,17,1,7.138000,7.153000,7.049000,7.189000,7.198000,7.101000
145,18,1,6.985200,7.099000,6.826000,7.007000,7.077000,6.917000
145,19,1,7.015600,6.984000,6.924000,7.052000,7.156000,6.962000
146,0,1,7.191000,7.085000,7.219000,7.182000,7.339000,7.130000
146,1,1,7.074800,7.051000,7.110000,7.051000,7.104000,7.058000
146,2,1,6.973800,7.012000,6.962000,6.963000,7.050000,6.882000
146,3,1,7.009000,6.908000,7.018000,7.006000,7.032000,7.081000
146,4,1,7.205400,7.168000,7.239000,7.184000,7.232000,7.204000
146,5,1,7.010000,6.989000,7.098000,7.019000,7.023000,6.921000
146,6,1,6.915600,6.923000,7.011000,6.942000,6.791000,6.911000
146,7,1,6.927200,6.892000,7.088000,6.867000,6.984000,6.805000
146,8,1,7.052200,7.041000,7.126000,7.042000,7.079000,6.973000
146,9,1,6.893000,6.838000,6.921000,6.744000,7.046000,6.916000
146,10,1,6.641400,6.632000,6.771000,6.789000,6.519000,6.496000
146,11,1,7.015000,6.942000,7.115000,6.949000,7.082000,6.987000
146,12,1,7.035000,7.052000,7.129000,7.069000,6.946000,6.979000
146,13,1,7.033600,6.914000,7.159000,7.087000,7.012000,6.996000
146,14,1,6.982000,6.930000,7.149000,6.903000,6.941000,6.987000
146,15,1,7.047800,7.069000,7.041000,7.108000,7.011000,7.010000
146,16,1,6.908200,6.887000,6.936000,6.924000,6.965000,6.829000
146,17,1,6.903000,6.910000,7.073000,6.850000,6.704000,6.978000
146,18,1,6.926400,6.895000,7.036000,6.773000,7.023000,6.905000
146,19,1,6.809600,6.822000,6.893000,6.786000,6.799000,6.748000
147,0,1,7.082000,7.165000,7.177000,7.112000,6.974000,6.982000
147,1,1,7.202000,7.303000,7.197000,7.193000,7.185000,7.132000
147,2,1,7.145800,7.069000,7.129000,7.340000,7.131000,7.060000
147,3,1,6.893000,6.846000,6.932000,6.900000,6.880000,6.907000
147,4,1,7.058000,7.159000,7.043000,7.092000,7.016000,6.980000
147,5,1,6.927200,6.970000,6.906000,6.971000,6.895000,6.894000
147,6,1,7.174200,7.201000,7.186000,7.176000,7.214000,7.094000
147,7,1,6.832400,6.832000,6.839000,6.908000,6.868000,6.715000
147,8,1,6.977800,7.047000,6.914000,7.134000,6.887000,6.907000
147,9,1,7.116400,7.175000,7.103000,7.113000,7.078000,7.113000
147,10,1,7.063200,7.220000,7.014000,7.154000,6.970000,6.958000
147,11,1,7.053800,7.148000,7.022000,7.097000,7.038000,6.964000
147,12,1,7.051000,7.161000,7.038000,7.054000,6.986000,7.016000
147,13,1,6.942000,7.000000,6.912000,7.047000,6.875000,6.876000
147,14,1,7.115600,7.092000,7.132000,7.118000,7.056000,7.180000
147,15,1,7.070600,7.091000,7.002000,7.178000,7.017000,7.065000
147,16,1,6.878600,7.021000,6.771000,6.928000,6.829000,6.844000
147,17,1,7.078600,7.114000,7.046000,7.143000,7.002000,7.088000
147,18,1,7.076800,7.104000,7.217000,7.128000,6.852000,7.083000
147,19,1,7.059200,7.086000,7.097000,7.091000,7.044000,6.978000
148,0,1,7.000600,6.905000,6.903000,7.098000,7.202000,6.895000
148,1,1,7.058000,7.022000,7.046000,7.120000,7.202000,6.900000
148,2,1,6.965800,6.958000,7.049000,7.031000,7.095000,6.696000
148,3,1,7.094200,7.056000,7.110000,7.201000,7.190000,6.914000
148,4,1,7.024800,7.014000,7.081000,7.119000,7.071000,6.839000
148,5,1,6.994200,6.895000,6.946000,6.995000,7.172000,6.963000
148,6,1,6.907400,6.902000,6.885000,6.987000,7.001000,6.762000
148,7,1,6.978800,6.858000,7.015000,7.032000,7.077000,6.912000
148,8,1,7.008400,6.955000,6.908000,7.114000,7.136000,6.929000
148,9,1,7.111200,7.085000,7.002000,7.174000,7.210000,7.085000
148,10,1,6.963200,6.960000,6.954000,7.146000,7.068000,6.688000
148,11,1,7.244000,7.181000,7.233000,7.409000,7.298000,7.099000
148,12,1,7.235200,7.150000,7.211000,7.258000,7.392000,7.165000
148,13,1,7.015200,6.977000,6.828000,7.095000,7.176000,7.000000
148,14,1,7.111800,7.016000,7.033000,7.271000,7.300000,6.939000
148,15,1,7.125400,6.991000,7.167000,7.225000,7.244000,7.000000
148,16,1,7.165800,7.086000,7.227000,7.236000,7.224000,7.056000
148,17,1,7.140800,7.021000,7.103000,7.248000,7.310000,7.022000
148,18,1,6.850000,6.856000,6.828000,6.972000,6.878000,6.716000
148,19,1,7.118200,7.093000,7.041000,7.125000,7.243000,7.089000
149,0,1,7.089000,6.966000,7.071000,7.117000,7.120000,7.171000
149,1,1,6.972800,6.901000,6.927000,7.144000,6.972000,6.920000
149,2,1,6.968200,6.828000,6.946000,7.102000,6.958000,7.007000
149,3,1,7.072000,7.100000,6.997000,7.179000,6.980000,7.104000
149,4,1,7.094000,6.968000,7.045000,7.153000,7.174000,7.130000
149,5,1,6.765400,6.675000,6.702000,6.780000,6.827000,6.843000
149,6,1,7.190000,7.069000,7.211000,7.255000,7.137000,7.278000
149,7,1,6.590000,6.534000,6.657000,6.597000,6.535000,6.627000
149,8,1,6.998800,6.975000,6.857000,7.119000,6.987000,7.056000
149,9,1,7.046000,7.058000,7.023000,7.017000,7.001000,7.131000
149,10,1,7.161200,7.074000,7.224000,7.225000,7.053000,7.230000
149,11,1,6.819400,6.754000,6.784000,6.925000,6.800000,6.834000
149,12,1,7.145800,6.992000,7.189000,7.280000,7.071000,7.197000
149,13,1,7.044000,6.924000,6.977000,7.121000,6.999000,7.199000
149,14,1,7.042400,7.113000,6.950000,7.205000,6.977000,6.967000
149,15,1,7.145200,7.048000,7.159000,7.193000,7.046000,7.280000
149,16,1,7.014600,6.976000,6.890000,7.137000,7.035000,7.035000
149,17,1,6.988200,6.897000,6.936000,7.093000,7.004000,7.011000
149,18,1,7.016400,7.035000,6.939000,6.994000,7.039000,7.075000
149,19,1,7.171000,7.176000,7.072000,7.178000,7.178000,7.251000
150,0,0,4.816600,4.722000,4.763000,4.881000,4.843000,4.874000
150,1,0,4.892600,4.874000,4.781000,4.919000,4.882000,5.007000
150,2,0,4.607400,4.615000,4.513000,4.597000,4.587000,4.725000
150,3,0,5.046800,5.000000,5.015000,5.087000,4.992000,5.140000
150,4,0,4.766200,4.825000,4.826000,4.765000,4.560000,4.855000
150,5,0,5.032600,4.922000,5.052000,4.992000,5.040000,5.157000
150,6,0,5.085000,5.077000,5.013000,5.006000,5.083000,5.246000
150,7,0,4.985000,4.980000,4.987000,4.913000,4.915000,5.130000
150,8,0,4.811800,4.799000,4.896000,4.750000,4.824000,4.790000
150,9,0,4.991800,4.950000,5.022000,4.959000,4.912000,5.116000
150,10,0,4.933800,4.746000,4.901000,5.039000,4.983000,5.000000
150,11,0,4.907200,4.780000,4.843000,4.996000,4.870000,5.047000
150,12,0,4.925200,4.812000,4.885000,4.849000,5.045000,5.035000
150,13,0,5.125400,5.041000,5.104000,5.186000,5.157000,5.139000
150,14,0,4.902000,4.907000,4.826000,4.953000,4.923000,4.901000
150,15,0,4.869000,4.857000,4.864000,4.841000,4.803000,4.980000
150,16,0,4.979600,4.831000,4.941000,4.991000,4.995000,5.140000
150,17,0,5.055000,5.110000,5.087000,4.986000,4.983000,5.109000
150,18,0,4.858400,4.920000,4.841000,4.784000,4.798000,4.949000
150,19,0,4.740400,4.691000,4.744000,4.755000,4.662000,4.850000
150,20,1,6.725400,6.809000,6.691000,6.738000,6.760000,6.629000
150,21,1,7.077600,7.148000,6.995000,7.118000,7.111000,7.016000
150,22,1,7.023600,6.969000,7.043000,7.062000,6.971000,7.073000
150,23,1,6.847400,6.687000,6.804000,6.893000,6.833000,7.020000
150,24,1,7.179200,7.103000,7.117000,7.186000,7.256000,7.234000
150,25,1,7.161400,7.165000,7.115000,7.242000,7.133000,7.152000
150,26,1,6.788000,6.843000,6.752000,6.800000,6.771000,6.774000
150,27,1,7.218400,7.300000,7.250000,7.127000,7.093000,7.322000
150,28,1,7.106000,6.900000,7.111000,7.147000,7.174000,7.198000
150,29,1,7.070800,7.065000,7.032000,7.047000,7.073000,7.137000
150,30,1,6.999400,6.936000,6.860000,7.050000,7.015000,7.136000
150,31,1,6.880600,6.905000,6.907000,6.957000,6.857000,6.777000
150,32,1,6.951000,6.868000,6.888000,7.023000,7.065000,6.911000
150,33,1,7.056000,6.970000,7.100000,7.094000,6.990000,7.126000
150,34,1,7.098000,7.085000,7.097000,7.020000,7.167000,7.121000
150,35,1,7.167200,7.141000,7.135000,7.137000,7.246000,7.177000
150,36,1,7.132600,7.134000,7.148000,7.110000,7.152000,7.119000
150,37,1,6.874800,6.902000,6.834000,6.825000,6.939000,6.874000
150,38,1,6.879200,6.784000,6.862000,6.826000,6.961000,6.963000
150,39,1,6.784800,6.751000,6.757000,6.791000,6.768000,6.857000
150,40,2,4.628000,4.556000,4.685000,4.640000,4.689000,4.570000
150,41,2,4.784000,4.677000,4.636000,4.825000,4.877000,4.905000
150,42,2,4.462600,4.402000,4.526000,4.489000,4.431000,4.465000
150,43,2,4.893600,4.841000,4.865000,4.924000,4.927000,4.911000
150,44,2,4.546600,4.527000,4.602000,4.612000,4.469000,4.523000
150,45,2,4.932600,4.892000,4.926000,4.997000,4.979000,4.869000
150,46,2,4.416800,4.295000,4.532000,4.474000,4.378000,4.405000
150,47,2,4.614000,4.630000,4.637000,4.448000,4.615000,4.740000
150,48,2,4.723000,4.590000,4.606000,4.753000,4.814000,4.852000
150,49,2,4.936600,4.879000,5.071000,4.926000,4.894000,4.913000
150,50,2,4.849600,4.779000,4.738000,4.854000,4.925000,4.952000
150,51,2,4.882400,4.903000,4.939000,4.810000,4.796000,4.964000
150,52,2,4.531400,4.404000,4.593000,4.585000,4.421000,4.654000
150,53,2,4.709400,4.619000,4.728000,4.795000,4.614000,4.791000
150,54,2,4.669800,4.575000,4.655000,4.739000,4.727000,4.653000
150,55,2,4.655600,4.632000,4.658000,4.669000,4.756000,4.563000
150,56,2,4.589600,4.517000,4.587000,4.623000,4.522000,4.699000
150,57,2,4.570200,4.522000,4.618000,4.667000,4.414000,4.630000
150,58,2,4.585600,4.573000,4.523000,4.528000,4.640000,4.664000
150,59,2,4.716800,4.724000,4.706000,4.701000,4.692000,4.761000
150,60,3,5.071200,4.914000,5.084000,5.079000,5.054000,5.225000
150,61,3,5.043800,5.087000,4.959000,5.045000,5.021000,5.107000
150,62,3,5.067000,5.081000,5.050000,4.941000,5.050000,5.213000
150,63,3,5.078800,5.038000,5.085000,4.958000,5.123000,5.190000
150,64,3,5.227400,5.191000,5.214000,5.245000,5.117000,5.370000
150,65,3,5.087800,5.181000,4.939000,5.027000,5.096000,5.196000
150,66,3,5.159600,5.026000,5.171000,5.191000,5.194000,5.216000
150,67,3,5.144000,5.038000,5.065000,5.140000,5.217000,5.260000
150,68,3,5.108000,5.058000,5.036000,5.064000,5.192000,5.190000
150,69,3,5.127000,5.092000,5.037000,5.206000,5.081000,5.219000
150,70,3,5.144200,5.162000,5.120000,5.003000,5.219000,5.217000
150,71,3,5.059000,5.024000,5.046000,5.031000,5.008000,5.186000
150,72,3,5.057400,5.112000,4.983000,4.964000,5.127000,5.101000
150,73,3,5.038600,4.969000,5.033000,5.064000,4.955000,5.172000
150,74,3,5.076200,5.033000,4.989000,4.965000,5.127000,5.267000
150,75,3,5.077000,5.024000,5.105000,5.026000,5.077000,5.153000
150,76,3,5.262400,5.297000,5.113000,5.302000,5.280000,5.320000
150,77,3,4.975800,4.971000,4.816000,5.089000,4.849000,5.154000
150,78,3,5.022800,5.021000,4.860000,5.018000,4.999000,5.216000
150,79,3,4.959400,4.890000,4.838000,4.950000,5.024000,5.095000
150,80,4,4.709400,4.682000,4.665000,4.702000,4.686000,4.812000
150,81,4,4.677200,4.633000,4.658000,4.737000,4.576000,4.782000
150,82,4,4.912400,4.832000,4.887000,4.938000,4.926000,4.979000
150,83,4,4.662000,4.449000,4.787000,4.743000,4.710000,4.621000
150,84,4,4.681600,4.621000,4.694000,4.721000,4.611000,4.761000
150,85,4,4.635400,4.577000,4.643000,4.599000,4.719000,4.639000
150,86,4,4.815400,4.752000,4.848000,4.886000,4.676000,4.915000
150,87,4,4.849600,4.857000,4.770000,4.816000,4.844000,4.961000
150,88,4,4.554600,4.444000,4.623000,4.474000,4.519000,4.713000
150,89,4,4.730800,4.723000,4.746000,4.737000,4.669000,4.779000
150,90,4,4.640400,4.533000,4.567000,4.724000,4.614000,4.764000
150,91,4,4.647000,4.666000,4.629000,4.552000,4.696000,4.692000
150,92,4,4.702000,4.633000,4.745000,4.686000,4.687000,4.759000
150,93,4,4.807200,4.824000,4.747000,4.891000,4.679000,4.895000
150,94,4,4.618600,4.609000,4.661000,4.535000,4.601000,4.687000
150,95,4,4.909600,4.912000,4.896000,4.957000,4.836000,4.947000
150,96,4,4.717000,4.728000,4.676000,4.600000,4.704000,4.877000
150,97,4,4.733800,4.770000,4.714000,4.784000,4.639000,4.762000
150,98,4,4.658600,4.602000,4.542000,4.744000,4.595000,4.810000
150,99,4,4.696800,4.651000,4.713000,4.762000,4.665000,4.693000
151,0,1,7.128600,7.102000,7.240000,7.050000,7.076000,7.175000
151,1,1,6.886200,6.889000,7.059000,6.731000,6.773000,6.979000
151,2,1,7.111400,7.147000,7.159000,7.001000,7.081000,7.169000
151,3,1,7.078400,7.001000,7.132000,7.035000,7.055000,7.169000
151,4,1,7.233800,7.238000,7.099000,7.236000,7.246000,7.350000
151,5,1,6.957400,6.992000,7.021000,6.807000,7.008000,6.959000
151,6,1,7.059000,7.065000,7.095000,7.108000,6.993000,7.034000
151,7,1,7.145400,7.145000,7.252000,7.023000,7.182000,7.125000
151,8,1,7.026600,7.022000,7.108000,6.826000,7.080000,7.097000
151,9,1,6.854200,6.752000,7.091000,6.779000,6.876000,6.773000
151,10,1,7.234400,7.238000,7.241000,7.239000,7.198000,7.256000
151,11,1,7.084200,7.094000,7.119000,7.034000,7.084000,7.090000
151,12,1,7.079600,7.000000,7.120000,7.052000,7.141000,7.085000
151,13,1,7.099000,7.122000,7.252000,6.990000,7.074000,7.057000
151,14,1,7.043600,6.946000,7.103000,7.055000,7.005000,7.109000
151,15,1,7.239200,7.268000,7.231000,7.226000,7.171000,7.300000
151,16,1,6.922400,6.928000,7.126000,6.912000,6.716000,6.930000
151,17,1,7.035200,7.035000,7.109000,6.997000,7.013000,7.022000
151,18,1,7.068600,7.128000,7.085000,7.054000,7.009000,7.067000
151,19,1,7.120200,7.025000,7.055000,7.095000,7.160000,7.266000
152,0,1,7.290000,7.302000,7.261000,7.227000,7.419000,7.241000
152,1,1,7.274400,7.253000,7.349000,7.244000,7.237000,7.289000
152,2,1,6.901000,6.928000,7.022000,6.811000,6.835000,6.909000
152,3,1,7.238600,7.227000,7.242000,7.223000,7.230000,7.271000
152,4,1,7.145600,7.058000,7.198000,7.165000,7.129000,7.178000
152,5,1,6.827200,6.873000,7.011000,6.720000,6.823000,6.709000
152,6,1,6.757800,6.738000,6.874000,6.645000,6.806000,6.726000
152,7,1,7.025200,7.049000,7.197000,6.882000,7.015000,6.983000
152,8,1,7.172000,7.246000,7.198000,7.175000,7.194000,7.047000
152,9,1,7.288000,7.348000,7.416000,7.217000,7.296000,7.163000
152,10,1,7.137000,7.053000,7.217000,7.192000,7.083000,7.140000
152,11,1,7.149400,7.195000,7.200000,7.057000,7.202000,7.093000
152,12,1,7.102600,7.046000,7.213000,6.984000,7.186000,7.084000
152,13,1,6.904000,6.855000,7.028000,6.897000,6.850000,6.890000
152,14,1,6.858400,6.713000,7.065000,6.709000,6.900000,6.905000
152,15,1,7.033400,6.873000,7.138000,6.937000,7.236000,6.983000
152,16,1,6.659000,6.629000,6.840000,6.485000,6.769000,6.572000
152,17,1,6.906200,6.788000,7.122000,6.862000,6.937000,6.822000
152,18,1,7.296800,7.264000,7.404000,7.241000,7.343000,7.232000
152,19,1,7.184400,7.250000,7.217000,7.153000,7.168000,7.134000
153,0,1,7.152600,7.185000,7.228000,7.192000,7.127000,7.031000
153,1,1,6.818600,6.811000,6.809000,6.771000,6.866000,6.836000
153,2,1,7.129400,7.017000,7.169000,7.189000,7.123000,7.149000
153,3,1,6.821800,6.790000,6.810000,6.794000,6.886000,6.829000
153,4,1,7.175000,7.047000,7.376000,7.170000,7.121000,7.161000
153,5,1,7.269000,7.251000,7.316000,7.272000,7.222000,7.284000
153,6,1,7.087400,7.024000,7.159000,7.103000,7.070000,7.081000
153,7,1,7.168200,7.102000,7.274000,7.158000,7.159000,7.148000
153,8,1,7.092000,6.935000,7.252000,7.144000,7.069000,7.060000
153,9,1,7.205600,7.235000,7.262000,7.312000,7.122000,7.097000
153,10,1,6.938000,6.940000,6.942000,6.858000,7.001000,6.949000
153,11,1,7.316200,7.324000,7.352000,7.370000,7.224000,7.311000
153,12,1,7.236800,7.353000,7.241000,7.191000,7.210000,7.189000
153,13,1,7.022200,7.011000,7.051000,7.091000,7.047000,6.911000
153,14,1,7.306400,7.308000,7.311000,7.347000,7.306000,7.260000
153,15,1,6.992000,6.948000,6.996000,7.119000,6.959000,6.938000
153,16,1,7.320800,7.263000,7.401000,7.333000,7.361000,7.246000
153,17,1,7.068200,7.078000,7.084000,7.040000,7.109000,7.030000
153,18,1,7.140000,7.030000,7.212000,7.260000,7.046000,7.152000
153,19,1,6.963600,6.887000,7.129000,6.890000,6.905000,7.007000
154,0,1,6.852800,6.840000,6.838000,6.893000,6.754000,6.939000
154,1,1,6.677200,6.670000,6.721000,6.703000,6.668000,6.624000
154,2,1,6.981400,7.073000,6.985000,6.990000,6.832000,7.027000
154,3,1,7.138000,7.065000,7.075000,7.262000,7.013000,7.275000
154,4,1,7.159800,7.119000,7.094000,7.199000,7.123000,7.264000
154,5,1,7.251800,7.251000,7.304000,7.287000,7.145000,7.272000
154,6,1,7.153000,7.115000,7.193000,7.329000,6.955000,7.173000
154,7,1,7.116000,7.041000,7.136000,7.171000,7.009000,7.223000
154,8,1,7.035600,6.884000,7.048000,7.172000,7.001000,7.073000
154,9,1,7.130600,7.164000,7.159000,7.130000,6.997000,7.203000
154,10,1,6.870800,6.884000,6.811000,6.824000,6.907000,6.928000
154,11,1,7.030400,7.016000,7.068000,7.088000,6.927000,7.053000
154,12,1,6.975800,6.932000,6.929000,7.031000,6.971000,7.016000
154,13,1,7.272000,7.298000,7.215000,7.392000,7.181000,7.274000
154,14,1,7.386600,7.400000,7.419000,7.443000,7.184000,7.487000
154,15,1,6.397200,6.368000,6.410000,6.332000,6.429000,6.447000
154,16,1,7.317200,7.344000,7.325000,7.406000,7.179000,7.332000
154,17,1,7.231600,7.187000,7.226000,7.295000,7.095000,7.355000
154,18,1,7.305000,7.329000,7.279000,7.310000,7.237000,7.370000
154,19,1,7.124400,7.110000,7.191000,7.105000,7.056000,7.160000
155,0,1,6.810200,6.665000,6.924000,6.788000,6.740000,6.934000
155,1,1,7.136600,7.104000,7.150000,7.143000,7.057000,7.229000
155,2,1,6.881600,6.940000,6.879000,6.847000,6.806000,6.936000
155,3,1,7.103200,7.153000,7.233000,6.901000,7.066000,7.163000
155,4,1,7.190800,7.173000,7.266000,7.090000,6.987000,7.438000
155,5,1,7.271400,7.256000,7.275000,7.263000,7.102000,7.461000
155,6,1,7.283000,7.337000,7.348000,7.114000,7.164000,7.452000
155,7,1,7.261600,7.209000,7.297000,7.268000,7.130000,7.404000
155,8,1,7.294400,7.231000,7.305000,7.334000,7.128000,7.474000
155,9,1,7.168400,7.195000,7.141000,7.087000,7.119000,7.300000
155,10,1,7.082000,7.019000,7.088000,7.059000,6.989000,7.255000
155,11,1,7.267600,7.154000,7.314000,7.258000,7.205000,7.407000
155,12,1,7.213200,7.211000,7.275000,7.119000,7.142000,7.319000
155,13,1,7.210600,7.168000,7.228000,7.101000,7.230000,7.326000
155,14,1,7.359600,7.323000,7.364000,7.384000,7.308000,7.419000
155,15,1,7.428200,7.339000,7.471000,7.404000,7.336000,7.591000
155,16,1,6.965400,6.851000,7.108000,6.993000,6.776000,7.099000
155,17,1,7.112400,6.944000,7.192000,7.099000,7.107000,7.220000
155,18,1,7.400000,7.452000,7.439000,7.319000,7.314000,7.476000
155,19,1,7.247000,7.207000,7.186000,7.262000,7.155000,7.425000
156,0,1,7.247200,7.333000,7.191000,7.229000,7.282000,7.201000
156,1,1,7.121000,7.189000,7.105000,7.045000,7.281000,6.985000
156,2,1,6.982400,7.010000,7.024000,6.891000,6.967000,7.020000
156,3,1,7.369200,7.371000,7.389000,7.234000,7.470000,7.382000
156,4,1,7.066600,7.097000,7.065000,7.047000,7.140000,6.984000
156,5,1,7.058000,7.061000,7.110000,7.077000,6.991000,7.051000
156,6,1,6.835600,6.813000,6.792000,6.778000,6.929000,6.866000
156,7,1,7.133600,7.132000,7.066000,7.097000,7.201000,7.172000
156,8,1,7.169800,7.297000,7.162000,7.085000,7.235000,7.070000
156,9,1,6.690200,6.666000,6.713000,6.773000,6.770000,6.529000
156,10,1,7.326000,7.334000,7.205000,7.316000,7.415000,7.360000
156,11,1,7.143400,7.127000,7.141000,7.111000,7.232000,7.106000
156,12,1,7.133800,7.098000,7.180000,7.071000,7.208000,7.112000
156,13,1,7.154400,7.212000,7.262000,7.032000,7.141000,7.125000
156,14,1,6.983800,6.964000,7.073000,6.909000,7.022000,6.951000
156,15,1,6.652200,6.665000,6.747000,6.492000,6.747000,6.610000
156,16,1,7.179400,7.142000,7.200000,7.088000,7.282000,7.185000
156,17,1,6.806400,6.897000,6.829000,6.756000,6.845000,6.705000
156,18,1,6.982800,7.019000,6.996000,6.821000,7.178000,6.900000
156,19,1,7.030400,7.097000,7.107000,6.919000,7.099000,6.930000
157,0,1,7.244200,7.207000,7.203000,7.281000,7.211000,7.319000
157,1,1,7.140600,7.192000,7.178000,7.085000,6.981000,7.267000
157,2,1,7.141800,7.283000,7.091000,7.052000,7.077000,7.206000
157,3,1,7.269000,7.343000,7.277000,7.197000,7.187000,7.341000
157,4,1,7.100200,7.125000,7.130000,7.036000,7.007000,7.203000
157,5,1,7.166400,7.155000,7.270000,7.081000,7.056000,7.270000
157,6,1,7.170800,7.224000,7.124000,7.225000,7.145000,7.136000
157,7,1,7.282000,7.352000,7.231000,7.308000,7.089000,7.430000
157,8,1,7.378000,7.442000,7.327000,7.313000,7.303000,7.505000
157,9,1,6.714800,6.702000,6.788000,6.692000,6.606000,6.786000
157,10,1,7.173200,7.131000,7.224000,7.193000,7.006000,7.312000
157,11,1,7.288200,7.366000,7.326000,7.204000,7.168000,7.377000
157,12,1,7.107200,7.140000,7.143000,7.061000,7.017000,7.175000
157,13,1,7.187000,7.174000,7.209000,7.083000,7.164000,7.305000
157,14,1,6.830800,6.920000,6.866000,6.778000,6.664000,6.926000
157,15,1,7.177200,7.295000,7.191000,6.991000,7.179000,7.230000
157,16,1,7.310600,7.322000,7.311000,7.282000,7.195000,7.443000
157,17,1,7.299400,7.399000,7.341000,7.249000,7.231000,7.277000
157,18,1,7.216200,7.339000,7.260000,7.200000,7.083000,7.199000
157,19,1,7.241200,7.253000,7.250000,7.172000,7.205000,7.326000
158,0,1,7.248200,7.377000,7.134000,7.183000,7.198000,7.349000
158,1,1,7.333200,7.446000,7.338000,7.209000,7.260000,7.413000
158,2,1,7.333200,7.438000,7.241000,7.331000,7.190000,7.466000
158,3,1,7.204000,7.258000,7.152000,7.147000,7.125000,7.338000
158,4,1,7.234200,7.295000,7.240000,7.271000,7.153000,7.212000
158,5,1,7.098600,7.136000,6.987000,7.044000,7.087000,7.239000
158,6,1,7.166400,7.250000,7.037000,7.245000,7.096000,7.204000
158,7,1,7.105200,7.133000,7.038000,7.284000,6.987000,7.084000
158,8,1,7.033200,7.050000,6.909000,7.173000,6.992000,7.042000
158,9,1,7.380400,7.351000,7.347000,7.291000,7.368000,7.545000
158,10,1,7.080000,7.112000,6.903000,7.137000,7.062000,7.186000
158,11,1,7.202200,7.251000,7.118000,7.144000,7.064000,7.434000
158,12,1,7.174200,7.233000,7.180000,7.173000,7.081000,7.204000
158,13,1,7.311800,7.436000,7.253000,7.258000,7.120000,7.492000
158,14,1,7.130400,7.109000,7.067000,7.136000,7.079000,7.261000
158,15,1,7.217000,7.321000,7.104000,7.177000,7.112000,7.371000
158,16,1,7.077000,7.144000,7.006000,7.067000,7.002000,7.166000
158,17,1,7.378600,7.444000,7.366000,7.269000,7.294000,7.520000
158,18,1,7.138600,7.167000,7.103000,7.164000,7.065000,7.194000
158,19,1,6.740400,6.836000,6.732000,6.767000,6.688000,6.679000
159,0,1,7.208400,7.259000,7.462000,7.019000,7.147000,7.155000
159,1,1,7.017000,7.031000,7.220000,6.863000,6.963000,7.008000
159,2,1,7.199600,7.212000,7.228000,7.171000,7.258000,7.129000
159,3,1,7.310400,7.312000,7.446000,7.131000,7.367000,7.296000
159,4,1,7.031400,7.171000,7.192000,6.832000,7.047000,6.915000
159,5,1,7.206600,7.225000,7.351000,7.106000,7.259000,7.092000
159,6,1,7.215800,7.213000,7.439000,7.088000,7.239000,7.100000
159,7,1,7.069800,7.047000,7.247000,6.929000,7.111000,7.015000
159,8,1,7.417000,7.516000,7.619000,7.234000,7.434000,7.282000
159,9,1,7.025600,7.049000,7.203000,6.941000,6.998000,6.937000
159,10,1,7.414600,7.544000,7.545000,7.230000,7.378000,7.376000
159,11,1,7.290400,7.375000,7.474000,7.155000,7.330000,7.118000
159,12,1,7.318600,7.395000,7.514000,7.234000,7.261000,7.189000
159,13,1,7.339800,7.313000,7.569000,7.180000,7.314000,7.323000
159,14,1,7.173800,7.230000,7.364000,6.971000,7.174000,7.130000
159,15,1,7.123200,7.118000,7.388000,7.007000,7.068000,7.035000
159,16,1,7.319400,7.346000,7.541000,7.097000,7.395000,7.218000
159,17,1,7.252000,7.331000,7.474000,7.050000,7.294000,7.111000
159,18,1,7.224800,7.347000,7.356000,7.051000,7.205000,7.165000
159,19,1,7.149800,7.172000,7.276000,7.099000,7.160000,7.042000
160,0,0,4.619400,4.832000,4.588000,4.657000,4.603000,4.417000
160,1,0,4.826200,4.922000,4.762000,4.854000,4.990000,4.603000
160,2,0,4.748800,4.897000,4.772000,4.762000,4.700000,4.613000
160,3,0,4.693600,4.781000,4.605000,4.741000,4.743000,4.598000
160,4,0,4.838000,5.032000,4.752000,4.800000,4.921000,4.685000
160,5,0,4.795200,4.997000,4.804000,4.704000,4.869000,4.602000
160,6,0,4.546600,4.730000,4.441000,4.487000,4.579000,4.496000
160,7,0,4.705400,4.813000,4.612000,4.734000,4.798000,4.570000
160,8,0,4.753200,4.870000,4.702000,4.749000,4.827000,4.618000
160,9,0,4.692800,4.881000,4.592000,4.673000,4.780000,4.538000
160,10,0,4.575200,4.711000,4.531000,4.575000,4.582000,4.477000
160,11,0,4.699200,4.903000,4.605000,4.856000,4.706000,4.426000
160,12,0,4.765400,4.832000,4.656000,4.741000,4.853000,4.745000
160,13,0,4.629000,4.775000,4.576000,4.574000,4.749000,4.471000
160,14,0,4.697800,4.907000,4.763000,4.659000,4.589000,4.571000
160,15,0,4.741800,4.930000,4.707000,4.651000,4.805000,4.616000
160,16,0,4.704600,4.900000,4.597000,4.755000,4.745000,4.526000
160,17,0,4.506400,4.647000,4.360000,4.511000,4.588000,4.426000
160,18,0,4.721600,4.801000,4.646000,4.704000,4.846000,4.611000
160,19,0,4.803000,4.890000,4.836000,4.898000,4.893000,4.498000
160,20,1,7.239200,7.426000,7.230000,7.265000,7.243000,7.032000
160,21,1,7.330800,7.520000,7.434000,7.362000,7.167000,7.171000
160,22,1,7.158400,7.239000,7.084000,7.272000,7.197000,7.000000
160,23,1,7.138600,7.233000,7.079000,7.143000,7.159000,7.079000
160,24,1,7.252200,7.351000,7.249000,7.287000,7.271000,7.103000
160,25,1,7.105400,7.261000,7.108000,7.104000,6.992000,7.062000
160,26,1,7.376400,7.527000,7.343000,7.357000,7.381000,7.274000
160,27,1,7.317000,7.411000,7.303000,7.261000,7.308000,7.302000
160,28,1,7.078600,7.130000,7.121000,7.073000,7.091000,6.978000
160,29,1,7.294200,7.376000,7.239000,7.294000,7.304000,7.258000
160,30,1,7.171400,7.146000,7.172000,7.237000,7.176000,7.126000
160,31,1,6.987400,7.132000,6.949000,7.006000,6.981000,6.869000
160,32,1,7.151000,7.162000,7.253000,7.197000,7.144000,6.999000
160,33,1,7.202600,7.301000,7.237000,7.172000,7.274000,7.029000
160,34,1,6.957200,7.219000,6.787000,7.059000,6.902000,6.819000
160,35,1,7.246200,7.340000,7.124000,7.261000,7.354000,7.152000
160,36,1,7.291400,7.292000,7.201000,7.407000,7.211000,7.346000
160,37,1,7.130600,7.196000,7.192000,7.091000,7.205000,6.969000
160,38,1,7.193000,7.375000,7.218000,7.124000,7.224000,7.024000
160,39,1,6.956200,7.105000,6.860000,7.049000,6.970000,6.797000
160,40,2,4.821800,4.931000,4.890000,4.719000,4.876000,4.693000
160,41,2,4.964400,5.104000,4.980000,4.877000,4.888000,4.973000
160,42,2,4.822400,4.881000,4.774000,4.867000,4.876000,4.714000
160,43,2,4.588800,4.787000,4.572000,4.528000,4.608000,4.449000
160,44,2,4.750600,4.888000,4.862000,4.602000,4.743000,4.658000
160,45,2,4.709000,4.878000,4.599000,4.759000,4.708000,4.601000
160,46,2,4.577400,4.726000,4.585000,4.596000,4.633000,4.347000
160,47,2,4.862600,4.972000,4.896000,4.838000,4.781000,4.826000
160,48,2,4.812400,4.863000,4.788000,4.830000,4.894000,4.687000
160,49,2,4.589200,4.771000,4.544000,4.622000,4.526000,4.483000
160,50,2,4.961000,5.163000,4.954000,4.921000,4.964000,4.803000
160,51,2,4.659800,4.724000,4.751000,4.641000,4.706000,4.477000
160,52,2,4.706200,4.787000,4.678000,4.835000,4.712000,4.519000
160,53,2,4.656600,4.828000,4.778000,4.518000,4.658000,4.501000
160,54,2,4.875800,5.158000,4.813000,4.897000,4.833000,4.678000
160,55,2,4.909200,4.974000,4.979000,4.837000,4.968000,4.788000
160,56,2,4.568600,4.642000,4.599000,4.502000,4.646000,4.454000
160,57,2,4.622600,4.699000,4.633000,4.615000,4.675000,4.491000
160,58,2,4.767800,4.898000,4.802000,4.725000,4.743000,4.671000
160,59,2,4.794000,4.975000,4.773000,4.801000,4.814000,4.607000
160,60,3,5.187800,5.396000,5.181000,5.122000,5.214000,5.026000
160,61,3,4.789000,4.947000,4.797000,4.775000,4.854000,4.572000
160,62,3,5.076200,5.332000,5.085000,4.951000,5.139000,4.874000
160,63,3,4.961400,5.062000,4.949000,4.903000,5.045000,4.848000
160,64,3,5.039400,5.200000,4.920000,5.058000,5.165000,4.854000
160,65,3,5.159800,5.402000,5.104000,5.133000,5.232000,4.928000
160,66,3,5.192800,5.422000,5.125000,5.024000,5.358000,5.035000
160,67,3,4.936600,5.126000,4.904000,4.903000,5.081000,4.669000
160,68,3,4.998000,5.177000,4.935000,4.894000,5.145000,4.839000
160,69,3,5.044600,5.205000,5.058000,5.007000,5.104000,4.849000
160,70,3,5.069000,5.263000,4.962000,5.078000,5.159000,4.883000
160,71,3,5.074200,5.379000,5.035000,4.994000,5.048000,4.915000
160,72,3,4.911800,5.026000,4.972000,4.855000,5.006000,4.700000
160,73,3,5.102000,5.316000,5.169000,4.961000,5.256000,4.808000
160,74,3,4.992000,5.244000,4.984000,4.912000,4.990000,4.830000
160,75,3,4.994400,5.180000,5.022000,5.036000,5.022000,4.712000
160,76,3,4.966800,5.244000,4.798000,4.964000,5.011000,4.817000
160,77,3,4.785800,4.963000,4.750000,4.647000,4.960000,4.609000
160,78,3,5.060600,5.146000,5.012000,5.006000,5.253000,4.886000
160,79,3,5.140400,5.325000,5.093000,5.112000,5.235000,4.937000
160,80,4,4.713400,4.893000,4.689000,4.791000,4.641000,4.553000
160,81,4,4.567000,4.748000,4.524000,4.557000,4.676000,4.330000
160,82,4,4.740200,4.995000,4.725000,4.744000,4.639000,4.598000
160,83,4,4.649200,4.902000,4.520000,4.631000,4.674000,4.519000
160,84,4,4.671600,4.850000,4.629000,4.669000,4.619000,4.591000
160,85,4,4.483800,4.647000,4.358000,4.437000,4.600000,4.377000
160,86,4,4.594600,4.732000,4.603000,4.521000,4.628000,4.489000
160,87,4,4.556600,4.710000,4.633000,4.617000,4.507000,4.316000
160,88,4,4.426400,4.584000,4.391000,4.283000,4.513000,4.361000
160,89,4,4.721000,4.967000,4.619000,4.598000,4.771000,4.650000
160,90,4,4.594400,4.856000,4.460000,4.552000,4.591000,4.513000
160,91,4,4.763800,4.874000,4.731000,4.661000,4.829000,4.724000
160,92,4,4.717800,4.913000,4.765000,4.603000,4.756000,4.552000
160,93,4,4.492000,4.758000,4.541000,4.359000,4.544000,4.258000
160,94,4,4.569400,4.659000,4.571000,4.596000,4.595000,4.426000
160,95,4,4.489000,4.727000,4.457000,4.436000,4.447000,4.378000
160,96,4,4.482200,4.671000,4.441000,4.421000,4.632000,4.246000
160,97,4,4.752600,5.013000,4.691000,4.681000,4.687000,4.691000
160,98,4,4.610200,4.934000,4.556000,4.581000,4.519000,4.461000
160,99,4,4.649400,4.819000,4.662000,4.676000,4.636000,4.454000
161,0,1,7.201400,7.174000,7.370000,7.133000,7.198000,7.132000
161,1,1,7.104600,7.121000,7.176000,7.127000,7.111000,6.988000
161,2,1,7.343000,7.265000,7.499000,7.295000,7.325000,7.331000
161,3,1,7.159800,7.111000,7.218000,7.108000,7.199000,7.163000
161,4,1,7.361400,7.384000,7.430000,7.345000,7.328000,7.320000
161,5,1,7.322800,7.296000,7.438000,7.179000,7.400000,7.301000
161,6,1,7.241000,7.244000,7.278000,7.147000,7.178000,7.358000
161,7,1,7.072600,7.151000,7.115000,6.990000,7.056000,7.051000
161,8,1,7.403800,7.330000,7.499000,7.440000,7.467000,7.283000
161,9,1,7.400400,7.314000,7.594000,7.355000,7.383000,7.356000
161,10,1,7.165000,7.191000,7.241000,7.030000,7.223000,7.140000
161,11,1,7.257400,7.218000,7.272000,7.146000,7.343000,7.308000
161,12,1,7.277800,7.242000,7.357000,7.211000,7.293000,7.286000
161,13,1,7.265000,7.206000,7.329000,7.293000,7.250000,7.247000
161,14,1,7.134000,7.153000,7.201000,7.035000,7.054000,7.227000
161,15,1,7.369200,7.327000,7.436000,7.322000,7.481000,7.280000
161,16,1,7.256800,7.163000,7.325000,7.153000,7.345000,7.298000
161,17,1,7.088000,7.028000,7.276000,7.095000,6.992000,7.049000
161,18,1,7.150800,7.063000,7.210000,7.026000,7.223000,7.232000
161,19,1,7.318000,7.264000,7.366000,7.304000,7.308000,7.348000
162,0,1,7.352800,7.266000,7.317000,7.539000,7.399000,7.243000
162,1,1,7.322400,7.456000,7.340000,7.339000,7.387000,7.090000
162,2,1,7.194200,7.295000,7.099000,7.244000,7.265000,7.068000
162,3,1,7.112400,7.255000,7.116000,7.167000,7.080000,6.944000
162,4,1,7.271400,7.368000,7.298000,7.290000,7.299000,7.102000
162,5,1,7.349600,7.404000,7.302000,7.427000,7.389000,7.226000
162,6,1,7.145800,7.152000,7.134000,7.240000,7.196000,7.007000
162,7,1,7.289600,7.435000,7.179000,7.400000,7.279000,7.155000
162,8,1,7.069000,7.238000,7.019000,7.158000,7.108000,6.822000
162,9,1,7.216800,7.312000,7.166000,7.161000,7.297000,7.148000
162,10,1,7.383400,7.446000,7.349000,7.408000,7.441000,7.273000
162,11,1,6.958000,7.025000,6.882000,7.088000,6.992000,6.803000
162,12,1,7.161600,7.201000,7.112000,7.181000,7.306000,7.008000
162,13,1,7.176200,7.256000,7.150000,7.208000,7.235000,7.032000
162,14,1,7.299200,7.347000,7.301000,7.288000,7.306000,7.254000
162,15,1,7.201600,7.348000,7.218000,7.212000,7.194000,7.036000
162,16,1,6.922600,6.987000,6.943000,6.928000,6.975000,6.780000
162,17,1,7.099200,7.310000,7.116000,7.096000,7.113000,6.861000
162,18,1,7.249000,7.340000,7.245000,7.319000,7.262000,7.079000
162,19,1,7.277200,7.343000,7.286000,7.363000,7.280000,7.114000
163,0,1,7.322800,7.296000,7.346000,7.312000,7.370000,7.290000
163,1,1,7.094600,7.098000,7.123000,6.985000,7.224000,7.043000
163,2,1,7.124200,7.093000,7.010000,7.198000,7.300000,7.020000
163,3,1,7.028600,6.965000,6.856000,7.114000,7.139000,7.069000
163,4,1,7.457200,7.352000,7.519000,7.445000,7.559000,7.411000
163,5,1,6.929200,6.960000,6.896000,6.913000,7.006000,6.871000
163,6,1,6.983200,6.848000,7.025000,6.952000,7.075000,7.016000
163,7,1,7.359000,7.222000,7.339000,7.479000,7.404000,7.351000
163,8,1,7.376400,7.391000,7.377000,7.394000,7.412000,7.308000
163,9,1,7.199800,7.155000,7.145000,7.231000,7.283000,7.185000
163,10,1,7.273400,7.215000,7.268000,7.299000,7.333000,7.252000
163,11,1,7.225600,7.135000,7.175000,7.284000,7.280000,7.254000
163,12,1,7.339200,7.263000,7.257000,7.405000,7.444000,7.327000
163,13,1,7.024400,6.988000,6.990000,7.060000,7.017000,7.067000
163,14,1,7.084000,7.053000,7.104000,7.185000,7.088000,6.990000
163,15,1,7.258800,7.161000,7.364000,7.130000,7.383000,7.256000
163,16,1,7.362200,7.233000,7.356000,7.415000,7.403000,7.404000
163,17,1,6.936000,6.953000,6.929000,6.930000,6.883000,6.985000
163,18,1,7.385600,7.215000,7.424000,7.373000,7.491000,7.425000
163,19,1,7.353800,7.262000,7.303000,7.394000,7.484000,7.326000
164,0,1,7.281400,7.374000,7.262000,7.326000,7.157000,7.288000
164,1,1,7.308800,7.418000,7.288000,7.348000,7.266000,7.224000
164,2,1,7.078800,7.212000,7.101000,7.144000,6.980000,6.957000
164,3,1,7.274200,7.379000,7.280000,7.266000,7.192000,7.254000
164,4,1,7.252000,7.362000,7.357000,7.318000,7.120000,7.103000
164,5,1,7.208400,7.332000,7.175000,7.199000,7.151000,7.185000
164,6,1,7.231800,7.477000,7.143000,7.328000,7.032000,7.179000
164,7,1,7.100600,7.206000,7.054000,7.061000,7.018000,7.164000
164,8,1,7.277800,7.392000,7.311000,7.346000,7.098000,7.242000
164,9,1,7.135200,7.296000,7.072000,7.174000,6.953000,7.181000
164,10,1,6.976400,7.118000,6.991000,7.055000,6.813000,6.905000
164,11,1,7.271800,7.421000,7.187000,7.300000,7.200000,7.251000
164,12,1,7.428400,7.541000,7.479000,7.415000,7.286000,7.421000
164,13,1,7.154600,7.267000,7.187000,7.155000,6.991000,7.173000
164,14,1,7.248400,7.404000,7.232000,7.274000,7.101000,7.231000
164,15,1,7.323200,7.454000,7.293000,7.273000,7.258000,7.338000
164,16,1,7.506800,7.604000,7.529000,7.483000,7.405000,7.513000
164,17,1,7.267600,7.348000,7.224000,7.452000,7.072000,7.242000
164,18,1,7.282000,7.449000,7.331000,7.240000,7.168000,7.222000
164,19,1,7.188400,7.344000,7.129000,7.237000,7.149000,7.083000
165,0,1,7.249200,7.324000,7.268000,7.247000,7.225000,7.182000
165,1,1,7.505400,7.534000,7.626000,7.487000,7.446000,7.434000
165,2,1,7.368000,7.350000,7.492000,7.341000,7.408000,7.249000
165,3,1,7.136600,7.177000,7.220000,7.126000,7.237000,6.923000
165,4,1,7.285400,7.316000,7.352000,7.303000,7.307000,7.149000
165,5,1,7.226400,7.318000,7.276000,7.178000,7.355000,7.005000
165,6,1,7.191800,7.180000,7.305000,7.226000,7.209000,7.039000
165,7,1,7.328200,7.405000,7.451000,7.377000,7.265000,7.143000
165,8,1,7.092000,6.856000,7.309000,7.074000,7.239000,6.982000
165,9,1,6.902200,6.920000,6.993000,6.852000,6.979000,6.767000
165,10,1,7.000200,7.025000,7.057000,7.062000,7.041000,6.816000
165,11,1,7.329600,7.339000,7.475000,7.404000,7.214000,7.216000
165,12,1,7.371800,7.433000,7.451000,7.278000,7.362000,7.335000
165,13,1,7.268600,7.240000,7.405000,7.270000,7.285000,7.143000
165,14,1,7.035600,7.060000,7.257000,6.990000,7.077000,6.794000
165,15,1,7.327600,7.308000,7.478000,7.330000,7.290000,7.232000
165,16,1,7.148200,7.206000,7.251000,7.109000,7.215000,6.960000
165,17,1,7.146400,7.220000,7.235000,7.179000,7.091000,7.007000
165,18,1,7.155600,7.246000,7.297000,7.130000,7.181000,6.924000
165,19,1,7.174400,7.193000,7.282000,7.151000,7.184000,7.062000
166,0,1,7.381400,7.140000,7.571000,7.360000,7.464000,7.372000
166,1,1,7.289400,7.090000,7.467000,7.330000,7.302000,7.258000
166,2,1,7.323000,7.122000,7.477000,7.299000,7.396000,7.321000
166,3,1,7.507800,7.285000,7.653000,7.477000,7.609000,7.515000
166,4,1,7.188800,6.964000,7.324000,7.215000,7.258000,7.183000
166,5,1,7.392800,7.284000,7.547000,7.383000,7.447000,7.303000
166,6,1,7.205200,7.055000,7.370000,7.163000,7.248000,7.190000
166,7,1,7.159200,6.931000,7.445000,7.066000,7.246000,7.108000
166,8,1,7.291200,7.169000,7.489000,7.240000,7.202000,7.356000
166,9,1,7.348800,7.118000,7.542000,7.347000,7.445000,7.292000
166,10,1,7.451000,7.336000,7.545000,7.435000,7.518000,7.421000
166,11,1,7.367600,7.171000,7.598000,7.347000,7.422000,7.300000
166,12,1,7.081000,6.989000,7.243000,6.939000,7.064000,7.170000
166,13,1,7.387000,7.127000,7.497000,7.500000,7.419000,7.392000
166,14,1,7.330800,7.153000,7.579000,7.183000,7.424000,7.315000
166,15,1,7.251000,7.077000,7.385000,7.218000,7.300000,7.275000
166,16,1,7.244600,7.078000,7.566000,7.112000,7.260000,7.207000
166,17,1,7.334400,7.225000,7.461000,7.328000,7.348000,7.310000
166,18,1,7.522200,7.383000,7.660000,7.538000,7.555000,7.475000
166,19,1,7.414000,7.094000,7.621000,7.367000,7.539000,7.449000
167,0,1,6.982400,6.986000,6.966000,6.986000,6.949000,7.025000
167,1,1,7.370000,7.367000,7.370000,7.459000,7.237000,7.417000
167,2,1,7.388800,7.347000,7.425000,7.441000,7.300000,7.431000
167,3,1,7.321600,7.284000,7.352000,7.326000,7.251000,7.395000
167,4,1,7.314600,7.235000,7.261000,7.327000,7.350000,7.400000
167,5,1,7.319600,7.280000,7.306000,7.290000,7.407000,7.315000
167,6,1,7.304200,7.205000,7.385000,7.392000,7.302000,7.237000
167,7,1,7.280200,7.263000,7.369000,7.224000,7.249000,7.296000
167,8,1,6.999200,6.947000,6.921000,7.042000,6.973000,7.113000
167,9,1,6.916200,6.832000,6.947000,6.961000,6.880000,6.961000
167,10,1,7.236800,7.204000,7.195000,7.152000,7.263000,7.370000
167,11,1,7.218600,7.225000,7.222000,7.212000,7.140000,7.294000
167,12,1,7.006600,7.000000,7.039000,7.073000,6.988000,6.933000
167,13,1,7.304800,7.344000,7.315000,7.262000,7.278000,7.325000
167,14,1,7.243000,7.161000,7.264000,7.341000,7.242000,7.207000
167,15,1,7.071200,6.999000,7.121000,6.938000,7.120000,7.178000
167,16,1,7.248000,7.214000,7.287000,7.233000,7.249000,7.257000
167,17,1,7.216800,7.117000,7.341000,7.192000,7.208000,7.226000
167,18,1,7.309400,7.371000,7.370000,7.246000,7.244000,7.316000
167,19,1,7.499200,7.505000,7.542000,7.584000,7.421000,7.444000
168,0,1,7.149600,7.095000,7.294000,7.138000,7.176000,7.045000
168,1,1,7.218000,7.195000,7.306000,7.302000,7.204000,7.083000
168,2,1,7.106800,7.122000,7.290000,6.960000,7.217000,6.945000
168,3,1,7.319200,7.366000,7.426000,7.368000,7.299000,7.137000
168,4,1,7.246800,7.325000,7.312000,7.191000,7.293000,7.113000
168,5,1,7.372200,7.502000,7.422000,7.329000,7.324000,7.284000
168,6,1,7.410600,7.437000,7.469000,7.508000,7.429000,7.210000
168,7,1,7.343000,7.359000,7.441000,7.348000,7.258000,7.309000
168,8,1,7.320200,7.351000,7.406000,7.268000,7.388000,7.188000
168,9,1,7.262400,7.307000,7.326000,7.290000,7.239000,7.150000
168,10,1,7.115400,7.204000,7.253000,7.092000,7.027000,7.001000
168,11,1,7.377400,7.330000,7.371000,7.426000,7.382000,7.378000
168,12,1,7.357200,7.421000,7.420000,7.395000,7.428000,7.122000
168,13,1,7.268600,7.280000,7.325000,7.342000,7.294000,7.102000
168,14,1,7.312800,7.331000,7.490000,7.261000,7.263000,7.219000
168,15,1,7.004400,6.968000,7.169000,6.894000,7.081000,6.910000
168,16,1,7.218000,7.273000,7.339000,7.356000,7.252000,6.870000
168,17,1,7.274600,7.282000,7.356000,7.225000,7.356000,7.154000
168,18,1,7.373600,7.391000,7.510000,7.353000,7.386000,7.228000
168,19,1,7.008400,7.157000,7.094000,6.953000,7.027000,6.811000
169,0,1,7.359200,7.439000,7.397000,7.352000,7.280000,7.328000
169,1,1,7.346800,7.368000,7.340000,7.394000,7.311000,7.321000
169,2,1,7.343000,7.354000,7.280000,7.492000,7.285000,7.304000
169,3,1,6.752800,6.635000,6.827000,7.030000,6.530000,6.742000
169,4,1,7.353800,7.388000,7.404000,7.489000,7.209000,7.279000
169,5,1,7.239000,7.183000,7.306000,7.420000,7.074000,7.212000
169,6,1,7.327800,7.296000,7.327000,7.442000,7.229000,7.345000
169,7,1,7.151000,7.094000,7.248000,7.278000,6.971000,7.164000
169,8,1,7.246800,7.156000,7.315000,7.415000,7.069000,7.279000
169,9,1,7.157600,7.143000,7.273000,7.217000,7.042000,7.113000
169,10,1,7.446800,7.458000,7.376000,7.542000,7.465000,7.393000
169,11,1,7.388000,7.409000,7.396000,7.463000,7.332000,7.340000
169,12,1,7.087400,7.045000,7.182000,7.274000,6.970000,6.966000
169,13,1,7.188000,7.253000,7.207000,7.294000,7.029000,7.157000
169,14,1,7.032200,7.068000,7.100000,7.249000,6.692000,7.052000
169,15,1,7.328800,7.364000,7.417000,7.488000,7.161000,7.214000
169,16,1,7.358200,7.388000,7.324000,7.468000,7.288000,7.323000
169,17,1,7.357000,7.366000,7.347000,7.483000,7.287000,7.302000
169,18,1,7.416600,7.494000,7.406000,7.450000,7.301000,7.432000
169,19,1,7.512000,7.546000,7.493000,7.599000,7.457000,7.465000
170,0,0,4.844000,4.800000,4.788000,4.937000,4.927000,4.768000
170,1,0,4.794200,4.762000,4.739000,4.821000,4.746000,4.903000
170,2,0,4.704400,4.614000,4.728000,4.727000,4.699000,4.754000
170,3,0,4.744600,4.609000,4.755000,4.774000,4.768000,4.817000
170,4,0,4.802200,4.730000,4.791000,4.836000,4.706000,4.948000
170,5,0,4.680800,4.577000,4.664000,4.838000,4.663000,4.662000
170,6,0,4.893200,4.777000,4.963000,4.987000,4.910000,4.829000
170,7,0,4.499800,4.531000,4.353000,4.598000,4.539000,4.478000
170,8,0,4.752800,4.773000,4.698000,4.715000,4.771000,4.807000
170,9,0,4.791800,4.664000,4.829000,4.893000,4.752000,4.821000
170,10,0,4.685600,4.687000,4.665000,4.717000,4.645000,4.714000
170,11,0,4.886000,4.785000,4.756000,5.124000,4.840000,4.925000
170,12,0,4.728600,4.612000,4.817000,4.828000,4.709000,4.677000
170,13,0,4.689200,4.695000,4.784000,4.746000,4.635000,4.586000
170,14,0,4.742600,4.639000,4.711000,4.832000,4.776000,4.755000
170,15,0,4.821200,4.725000,4.831000,4.941000,4.832000,4.777000
170,16,0,4.695400,4.615000,4.759000,4.753000,4.686000,4.664000
170,17,0,4.686800,4.602000,4.603000,4.848000,4.691000,4.690000
170,18,0,4.795600,4.715000,4.819000,4.885000,4.806000,4.753000
170,19,0,4.738600,4.556000,4.779000,4.757000,4.783000,4.818000
170,20,1,7.420800,7.315000,7.402000,7.467000,7.499000,7.421000
170,21,1,7.135400,7.108000,7.048000,7.290000,7.291000,6.940000
170,22,1,7.371800,7.323000,7.375000,7.383000,7.538000,7.240000
170,23,1,7.200000,7.138000,7.140000,7.398000,7.186000,7.138000
170,24,1,7.292200,7.119000,7.411000,7.451000,7.254000,7.226000
170,25,1,7.269200,7.173000,7.232000,7.439000,7.346000,7.156000
170,26,1,7.520000,7.499000,7.538000,7.616000,7.501000,7.446000
170,27,1,7.426000,7.350000,7.401000,7.492000,7.451000,7.436000
170,28,1,7.470600,7.433000,7.504000,7.569000,7.509000,7.338000
170,29,1,7.466000,7.415000,7.410000,7.569000,7.555000,7.381000
170,30,1,7.434600,7.398000,7.464000,7.490000,7.431000,7.390000
170,31,1,7.293000,7.143000,7.311000,7.435000,7.273000,7.303000
170,32,1,7.194000,7.038000,7.338000,7.337000,7.182000,7.075000
170,33,1,7.363400,7.375000,7.354000,7.386000,7.477000,7.225000
170,34,1,7.310200,7.278000,7.306000,7.454000,7.345000,7.168000
170,35,1,7.116600,7.035000,7.138000,7.346000,7.141000,6.923000
170,36,1,6.979400,6.777000,7.067000,7.126000,7.099000,6.828000
170,37,1,7.280800,7.166000,7.390000,7.380000,7.275000,7.193000
170,38,1,7.316000,7.166000,7.376000,7.514000,7.278000,7.246000
170,39,1,7.229600,7.180000,7.182000,7.347000,7.299000,7.140000
170,40,2,4.768400,4.793000,4.671000,4.865000,4.806000,4.707000
170,41,2,5.094400,5.062000,4.993000,5.123000,5.219000,5.075000
170,42,2,5.053000,5.023000,4.825000,5.188000,5.063000,5.166000
170,43,2,4.988200,4.974000,4.942000,5.015000,4.934000,5.076000
170,44,2,4.901600,4.839000,4.870000,4.973000,4.937000,4.889000
170,45,2,4.958800,4.988000,4.977000,5.110000,4.982000,4.737000
170,46,2,4.958000,4.844000,4.926000,5.064000,5.011000,4.945000
170,47,2,4.847600,4.809000,4.780000,4.774000,4.926000,4.949000
170,48,2,5.062400,4.902000,5.060000,5.121000,5.109000,5.120000
170,49,2,4.864400,4.896000,4.824000,4.902000,4.876000,4.824000
170,50,2,4.944600,4.895000,5.026000,5.047000,4.889000,4.866000
170,51,2,4.850000,4.709000,4.765000,4.993000,4.966000,4.817000
170,52,2,5.017400,4.881000,5.115000,5.008000,5.074000,5.009000
170,53,2,4.872000,4.814000,4.836000,4.969000,4.857000,4.884000
170,54,2,4.956600,4.889000,4.949000,4.977000,5.004000,4.964000
170,55,2,4.815400,4.760000,4.813000,4.975000,4.746000,4.783000
170,56,2,4.749200,4.802000,4.649000,4.762000,4.794000,4.739000
170,57,2,5.072400,5.028000,5.118000,5.193000,5.015000,5.008000
170,58,2,5.070600,5.125000,4.985000,5.009000,5.191000,5.043000
170,59,2,4.968400,4.809000,4.910000,5.093000,5.048000,4.982000
170,60,3,4.988400,4.850000,5.006000,5.035000,5.067000,4.984000
170,61,3,4.866400,4.878000,4.813000,4.923000,4.873000,4.845000
170,62,3,4.954400,4.943000,5.011000,5.014000,4.934000,4.870000
170,63,3,5.055600,5.028000,5.003000,5.092000,5.153000,5.002000
170,64,3,4.783000,4.732000,4.774000,4.818000,4.803000,4.788000
170,65,3,4.876600,4.896000,4.800000,4.915000,4.882000,4.890000
170,66,3,5.019800,4.964000,5.053000,5.110000,5.033000,4.939000
170,67,3,4.879000,4.922000,4.796000,5.058000,4.937000,4.682000
170,68,3,5.074800,5.096000,5.043000,5.181000,5.063000,4.991000
170,69,3,5.140000,5.076000,5.057000,5.190000,5.218000,5.159000
170,70,3,5.202600,5.042000,5.339000,5.238000,5.242000,5.152000
170,71,3,4.829600,4.736000,4.865000,4.951000,4.857000,4.739000
170,72,3,4.955600,4.959000,4.950000,5.007000,4.978000,4.884000
170,73,3,4.864400,4.818000,4.792000,4.985000,4.832000,4.895000
170,74,3,5.032400,5.046000,4.972000,5.102000,5.056000,4.986000
170,75,3,4.964000,4.907000,4.867000,5.188000,5.054000,4.804000
170,76,3,5.096000,5.086000,5.009000,5.283000,5.138000,4.964000
170,77,3,5.144800,5.108000,5.114000,5.219000,5.165000,5.118000
170,78,3,4.979400,4.880000,4.911000,5.162000,5.010000,4.934000
170,79,3,5.110400,5.028000,5.084000,5.157000,5.209000,5.074000
170,80,4,4.788400,4.826000,4.813000,4.764000,4.776000,4.763000
170,81,4,4.746400,4.672000,4.842000,4.802000,4.808000,4.608000
170,82,4,4.743800,4.615000,4.748000,4.879000,4.739000,4.738000
170,83,4,4.609000,4.538000,4.557000,4.771000,4.658000,4.521000
170,84,4,4.700400,4.694000,4.673000,4.711000,4.672000,4.752000
170,85,4,4.824200,4.768000,4.758000,4.785000,4.908000,4.902000
170,86,4,4.795800,4.614000,4.888000,4.929000,4.760000,4.788000
170,87,4,4.666000,4.676000,4.709000,4.714000,4.765000,4.466000
170,88,4,4.523600,4.422000,4.504000,4.603000,4.588000,4.501000
170,89,4,4.815400,4.617000,4.916000,4.864000,4.839000,4.841000
170,90,4,4.824800,4.817000,4.857000,4.911000,4.827000,4.712000
170,91,4,4.917600,4.739000,4.912000,5.100000,4.964000,4.873000
170,92,4,4.977800,4.841000,5.091000,5.017000,5.021000,4.919000
170,93,4,4.895600,4.726000,4.950000,5.090000,4.878000,4.834000
170,94,4,4.596000,4.440000,4.550000,4.631000,4.757000,4.602000
170,95,4,4.673800,4.564000,4.645000,4.831000,4.704000,4.625000
170,96,4,4.683400,4.627000,4.618000,4.853000,4.646000,4.673000
170,97,4,4.611400,4.499000,4.601000,4.759000,4.611000,4.587000
170,98,4,4.788000,4.867000,4.792000,4.959000,4.733000,4.589000
170,99,4,4.824400,4.718000,4.827000,4.999000,4.781000,4.797000
171,0,1,7.341400,7.345000,7.297000,7.435000,7.292000,7.338000
171,1,1,7.385200,7.425000,7.428000,7.495000,7.339000,7.239000
171,2,1,7.363200,7.329000,7.347000,7.398000,7.428000,7.314000
171,3,1,7.261000,7.277000,7.249000,7.257000,7.323000,7.199000
171,4,1,7.244800,7.341000,7.187000,7.366000,7.058000,7.272000
171,5,1,7.220600,7.293000,7.184000,7.218000,7.261000,7.147000
171,6,1,7.423400,7.390000,7.402000,7.515000,7.402000,7.408000
171,7,1,7.179200,7.261000,7.065000,7.326000,7.101000,7.143000
171,8,1,7.377800,7.462000,7.425000,7.364000,7.371000,7.267000
171,9,1,7.356600,7.281000,7.288000,7.498000,7.395000,7.321000
171,10,1,7.397000,7.352000,7.508000,7.423000,7.361000,7.341000
171,11,1,7.480600,7.506000,7.494000,7.468000,7.533000,7.402000
171,12,1,7.460800,7.426000,7.488000,7.467000,7.540000,7.383000
171,13,1,7.324200,7.348000,7.299000,7.424000,7.322000,7.228000
171,14,1,7.175600,7.167000,7.082000,7.327000,7.129000,7.173000
171,15,1,7.333000,7.273000,7.366000,7.353000,7.393000,7.280000
171,16,1,7.393600,7.385000,7.378000,7.466000,7.385000,7.354000
171,17,1,6.764600,6.759000,6.833000,6.868000,6.681000,6.682000
171,18,1,7.442200,7.387000,7.431000,7.458000,7.538000,7.397000
171,19,1,7.341200,7.345000,7.213000,7.451000,7.395000,7.302000
172,0,1,7.047000,6.930000,6.899000,6.905000,7.250000,7.251000
172,1,1,7.568000,7.553000,7.587000,7.542000,7.607000,7.551000
172,2,1,7.560400,7.524000,7.581000,7.525000,7.653000,7.519000
172,3,1,7.394600,7.418000,7.227000,7.305000,7.541000,7.482000
172,4,1,7.099000,7.132000,6.991000,6.922000,7.241000,7.209000
172,5,1,7.457000,7.456000,7.337000,7.415000,7.519000,7.558000
172,6,1,7.520000,7.472000,7.489000,7.452000,7.644000,7.543000
172,7,1,7.484000,7.534000,7.465000,7.377000,7.515000,7.529000
172,8,1,7.213600,7.184000,7.126000,7.134000,7.310000,7.314000
172,9,1,7.460200,7.449000,7.345000,7.399000,7.563000,7.545000
172,10,1,7.397200,7.256000,7.394000,7.345000,7.430000,7.561000
172,11,1,7.458200,7.402000,7.463000,7.353000,7.501000,7.572000
172,12,1,7.240400,7.130000,7.201000,7.106000,7.394000,7.371000
172,13,1,7.324800,7.367000,7.246000,7.255000,7.402000,7.354000
172,14,1,7.293000,7.230000,7.282000,7.227000,7.286000,7.440000
172,15,1,7.202800,7.150000,7.223000,7.112000,7.161000,7.368000
172,16,1,7.520400,7.461000,7.487000,7.537000,7.563000,7.554000
172,17,1,7.473800,7.443000,7.436000,7.488000,7.448000,7.554000
172,18,1,7.322600,7.321000,7.230000,7.188000,7.403000,7.471000
172,19,1,7.410200,7.403000,7.428000,7.307000,7.424000,7.489000
173,0,1,7.369200,7.294000,7.459000,7.394000,7.382000,7.317000
173,1,1,7.432000,7.400000,7.502000,7.361000,7.481000,7.416000
173,2,1,7.507800,7.493000,7.472000,7.546000,7.572000,7.456000
173,3,1,7.186800,7.231000,7.061000,7.312000,7.170000,7.160000
173,4,1,7.392000,7.451000,7.453000,7.439000,7.456000,7.161000
173,5,1,6.755600,6.721000,6.688000,6.809000,6.831000,6.729000
173,6,1,7.242600,7.305000,7.199000,7.293000,7.253000,7.163000
173,7,1,7.357400,7.338000,7.317000,7.431000,7.434000,7.267000
173,8,1,7.158800,7.132000,6.947000,7.365000,7.211000,7.139000
173,9,1,7.510800,7.486000,7.399000,7.680000,7.523000,7.466000
173,10,1,7.418800,7.466000,7.491000,7.445000,7.371000,7.321000
173,11,1,7.400800,7.447000,7.384000,7.359000,7.399000,7.415000
173,12,1,7.448800,7.447000,7.380000,7.441000,7.487000,7.489000
173,13,1,7.427000,7.471000,7.407000,7.447000,7.367000,7.443000
173,14,1,7.045600,7.098000,7.010000,7.126000,7.105000,6.889000
173,15,1,7.387800,7.358000,7.319000,7.428000,7.456000,7.378000
173,16,1,7.350800,7.356000,7.288000,7.366000,7.443000,7.301000
173,17,1,7.457400,7.475000,7.468000,7.515000,7.445000,7.384000
173,18,1,7.397400,7.359000,7.360000,7.403000,7.524000,7.341000
173,19,1,6.971600,7.108000,6.976000,6.870000,6.929000,6.975000
174,0,1,7.488800,7.552000,7.499000,7.440000,7.488000,7.465000
174,1,1,7.288600,7.289000,7.372000,7.245000,7.278000,7.259000
174,2,1,7.261000,7.240000,7.241000,7.264000,7.222000,7.338000
174,3,1,7.469800,7.487000,7.396000,7.493000,7.539000,7.434000
174,4,1,7.071600,7.038000,7.060000,7.121000,7.107000,7.032000
174,5,1,7.353800,7.346000,7.338000,7.358000,7.299000,7.428000
174,6,1,7.241600,7.238000,7.242000,7.322000,7.133000,7.273000
174,7,1,7.512000,7.544000,7.489000,7.538000,7.470000,7.519000
174,8,1,7.369600,7.275000,7.436000,7.393000,7.455000,7.289000
174,9,1,7.366200,7.499000,7.472000,7.284000,7.238000,7.338000
174,10,1,7.326800,7.337000,7.360000,7.343000,7.334000,7.260000
174,11,1,7.317600,7.371000,7.255000,7.280000,7.384000,7.298000
174,12,1,7.399600,7.345000,7.482000,7.357000,7.386000,7.428000
174,13,1,7.510600,7.562000,7.579000,7.388000,7.478000,7.546000
174,14,1,7.448000,7.490000,7.451000,7.394000,7.460000,7.445000
174,15,1,7.444200,7.374000,7.434000,7.482000,7.460000,7.471000
174,16,1,7.325800,7.337000,7.354000,7.336000,7.333000,7.269000
174,17,1,7.441400,7.437000,7.420000,7.427000,7.495000,7.428000
174,18,1,7.365200,7.484000,7.292000,7.348000,7.380000,7.322000
174,19,1,7.505600,7.474000,7.579000,7.506000,7.475000,7.494000
175,0,1,7.359000,7.289000,7.365000,7.314000,7.442000,7.385000
175,1,1,7.450600,7.337000,7.519000,7.354000,7.542000,7.501000
175,2,1,7.510200,7.422000,7.576000,7.460000,7.582000,7.511000
175,3,1,7.336800,7.255000,7.376000,7.350000,7.340000,7.363000
175,4,1,7.436800,7.335000,7.461000,7.327000,7.563000,7.498000
175,5,1,7.167400,6.984000,7.292000,7.187000,7.308000,7.066000
175,6,1,7.308400,7.156000,7.411000,7.237000,7.416000,7.322000
175,7,1,7.251800,7.254000,7.327000,7.158000,7.375000,7.145000
175,8,1,7.368400,7.348000,7.471000,7.300000,7.369000,7.354000
175,9,1,7.243600,7.016000,7.374000,7.287000,7.425000,7.116000
175,10,1,7.483800,7.467000,7.478000,7.473000,7.535000,7.466000
175,11,1,6.979600,6.793000,7.029000,7.052000,7.043000,6.981000
175,12,1,7.415200,7.223000,7.421000,7.446000,7.491000,7.495000
175,13,1,7.384600,7.341000,7.433000,7.290000,7.486000,7.373000
175,14,1,7.479400,7.410000,7.536000,7.416000,7.544000,7.491000
175,15,1,7.455600,7.417000,7.405000,7.351000,7.534000,7.571000
175,16,1,7.340800,7.136000,7.348000,7.377000,7.410000,7.433000
175,17,1,7.203200,7.076000,7.272000,7.168000,7.347000,7.153000
175,18,1,7.176600,7.050000,7.240000,7.075000,7.333000,7.185000
175,19,1,7.302200,7.151000,7.325000,7.276000,7.433000,7.326000
176,0,1,7.241400,7.242000,7.263000,7.290000,7.127000,7.285000
176,1,1,7.455600,7.430000,7.374000,7.510000,7.520000,7.444000
176,2,1,7.329400,7.433000,7.222000,7.283000,7.356000,7.353000
176,3,1,7.455400,7.533000,7.424000,7.535000,7.395000,7.390000
176,4,1,7.504200,7.550000,7.374000,7.611000,7.470000,7.516000
176,5,1,7.013800,7.086000,6.986000,6.993000,7.053000,6.951000
176,6,1,7.459600,7.399000,7.363000,7.473000,7.628000,7.435000
176,7,1,7.342600,7.434000,7.248000,7.361000,7.310000,7.360000
176,8,1,7.178000,7.242000,7.201000,7.179000,7.131000,7.137000
176,9,1,7.491000,7.590000,7.404000,7.514000,7.498000,7.449000
176,10,1,7.127800,7.224000,7.050000,7.109000,7.046000,7.210000
176,11,1,7.460600,7.465000,7.430000,7.514000,7.362000,7.532000
176,12,1,7.265600,7.355000,7.213000,7.226000,7.241000,7.293000
176,13,1,7.369800,7.393000,7.305000,7.352000,7.450000,7.349000
176,14,1,7.442800,7.456000,7.376000,7.546000,7.446000,7.390000
176,15,1,7.397200,7.401000,7.281000,7.400000,7.504000,7.400000
176,16,1,7.326000,7.387000,7.273000,7.409000,7.288000,7.273000
176,17,1,7.375200,7.358000,7.253000,7.593000,7.498000,7.174000
176,18,1,7.239000,7.303000,7.172000,7.251000,7.156000,7.313000
176,19,1,7.285400,7.300000,7.233000,7.297000,7.219000,7.378000
177,0,1,7.435800,7.445000,7.411000,7.319000,7.415000,7.589000
177,1,1,7.313600,7.381000,7.373000,7.222000,7.268000,7.324000
177,2,1,7.348600,7.241000,7.375000,7.332000,7.270000,7.525000
177,3,1,7.426200,7.453000,7.372000,7.242000,7.397000,7.667000
177,4,1,7.025200,7.005000,7.039000,6.924000,6.979000,7.179000
177,5,1,7.119400,7.208000,7.165000,6.944000,6.951000,7.329000
177,6,1,7.165200,7.247000,7.065000,7.057000,7.145000,7.312000
177,7,1,7.455000,7.398000,7.457000,7.356000,7.424000,7.640000
177,8,1,7.567400,7.448000,7.601000,7.470000,7.597000,7.721000
177,9,1,7.599200,7.518000,7.688000,7.470000,7.606000,7.714000
177,10,1,7.432400,7.417000,7.506000,7.380000,7.353000,7.506000
177,11,1,7.352000,7.397000,7.264000,7.303000,7.287000,7.509000
177,12,1,7.498800,7.461000,7.513000,7.386000,7.482000,7.652000
177,13,1,7.362200,7.301000,7.342000,7.259000,7.349000,7.560000
177,14,1,7.455400,7.429000,7.529000,7.277000,7.523000,7.519000
177,15,1,7.374600,7.356000,7.385000,7.196000,7.416000,7.520000
177,16,1,7.133200,6.985000,7.177000,7.104000,7.073000,7.327000
177,17,1,7.490200,7.474000,7.626000,7.395000,7.363000,7.593000
177,18,1,7.316400,7.190000,7.406000,7.302000,7.203000,7.481000
177,19,1,7.387000,7.259000,7.482000,7.312000,7.303000,7.579000
178,0,1,7.222400,7.220000,7.233000,7.265000,7.306000,7.088000
178,1,1,7.590000,7.524000,7.674000,7.705000,7.566000,7.481000
178,2,1,7.344000,7.298000,7.452000,7.459000,7.214000,7.297000
178,3,1,7.555800,7.450000,7.617000,7.653000,7.513000,7.546000
178,4,1,7.516800,7.493000,7.569000,7.604000,7.485000,7.433000
178,5,1,7.411200,7.340000,7.483000,7.495000,7.277000,7.461000
178,6,1,7.423600,7.344000,7.474000,7.450000,7.428000,7.422000
178,7,1,7.415800,7.317000,7.417000,7.605000,7.415000,7.325000
178,8,1,7.461200,7.391000,7.480000,7.535000,7.467000,7.433000
178,9,1,7.439000,7.386000,7.440000,7.467000,7.474000,7.428000
178,10,1,7.221800,7.058000,7.347000,7.345000,7.248000,7.111000
178,11,1,7.225000,7.134000,7.240000,7.286000,7.240000,7.225000
178,12,1,7.081600,6.982000,7.200000,7.045000,7.062000,7.119000
178,13,1,7.464600,7.381000,7.512000,7.486000,7.453000,7.491000
178,14,1,7.391600,7.256000,7.463000,7.540000,7.368000,7.331000
178,15,1,7.341000,7.341000,7.323000,7.432000,7.236000,7.373000
178,16,1,7.382200,7.354000,7.382000,7.481000,7.296000,7.398000
178,17,1,7.353600,7.293000,7.334000,7.457000,7.362000,7.322000
178,18,1,7.397400,7.339000,7.436000,7.555000,7.310000,7.347000
178,19,1,7.369800,7.268000,7.446000,7.480000,7.355000,7.300000
179,0,1,7.454000,7.533000,7.309000,7.516000,7.479000,7.433000
179,1,1,7.404800,7.508000,7.323000,7.444000,7.487000,7.262000
179,2,1,7.393600,7.585000,7.414000,7.295000,7.371000,7.303000
179,3,1,7.409400,7.493000,7.295000,7.326000,7.504000,7.429000
179,4,1,7.242400,7.372000,7.128000,7.291000,7.208000,7.213000
179,5,1,7.297800,7.418000,7.165000,7.360000,7.386000,7.160000
179,6,1,7.496800,7.664000,7.315000,7.540000,7.513000,7.452000
179,7,1,7.489800,7.506000,7.497000,7.559000,7.554000,7.333000
179,8,1,7.391400,7.596000,7.319000,7.385000,7.381000,7.276000
179,9,1,7.049800,7.122000,6.875000,7.128000,7.096000,7.028000
179,10,1,7.595800,7.692000,7.621000,7.639000,7.532000,7.495000
179,11,1,7.527600,7.601000,7.511000,7.601000,7.475000,7.450000
179,12,1,7.337400,7.329000,7.358000,7.418000,7.374000,7.208000
179,13,1,7.341200,7.402000,7.321000,7.385000,7.318000,7.280000
179,14,1,7.579000,7.634000,7.596000,7.671000,7.572000,7.422000
179,15,1,7.320000,7.369000,7.289000,7.368000,7.338000,7.236000
179,16,1,7.606800,7.736000,7.562000,7.580000,7.591000,7.565000
179,17,1,7.338200,7.428000,7.256000,7.384000,7.411000,7.212000
179,18,1,7.546000,7.622000,7.441000,7.583000,7.587000,7.497000
179,19,1,7.476200,7.629000,7.531000,7.495000,7.402000,7.324000
180,0,0,4.848600,4.954000,4.909000,4.752000,4.746000,4.882000
180,1,0,4.455200,4.548000,4.496000,4.378000,4.383000,4.471000
180,2,0,4.593800,4.613000,4.692000,4.457000,4.622000,4.585000
180,3,0,4.764000,4.773000,4.768000,4.660000,4.752000,4.867000
180,4,0,4.701600,4.657000,4.753000,4.620000,4.698000,4.780000
180,5,0,4.682200,4.662000,4.778000,4.576000,4.638000,4.757000
180,6,0,4.815400,4.914000,4.942000,4.714000,4.784000,4.723000
180,7,0,4.715400,4.646000,4.852000,4.549000,4.818000,4.712000
180,8,0,4.824600,4.826000,4.852000,4.815000,4.751000,4.879000
180,9,0,4.807200,4.812000,4.776000,4.770000,4.783000,4.895000
180,10,0,4.764000,4.775000,4.838000,4.568000,4.806000,4.833000
180,11,0,4.774800,4.857000,4.752000,4.581000,4.724000,4.960000
180,12,0,4.721200,4.801000,4.697000,4.777000,4.639000,4.692000
180,13,0,4.718000,4.859000,4.767000,4.589000,4.620000,4.755000
180,14,0,4.778400,4.896000,4.701000,4.736000,4.689000,4.870000
180,15,0,4.676600,4.654000,4.796000,4.576000,4.691000,4.666000
180,16,0,4.611400,4.704000,4.702000,4.480000,4.565000,4.606000
180,17,0,4.690800,4.710000,4.847000,4.591000,4.672000,4.634000
180,18,0,4.605400,4.636000,4.695000,4.530000,4.483000,4.683000
180,19,0,4.841000,4.788000,4.836000,4.883000,4.810000,4.888000
180,20,1,7.422800,7.491000,7.528000,7.309000,7.396000,7.390000
180,21,1,7.443800,7.347000,7.460000,7.407000,7.477000,7.528000
180,22,1,7.332800,7.181000,7.386000,7.284000,7.388000,7.425000
180,23,1,7.456600,7.350000,7.565000,7.397000,7.454000,7.517000
180,24,1,7.461600,7.419000,7.523000,7.389000,7.416000,7.561000
180,25,1,7.585000,7.542000,7.634000,7.412000,7.691000,7.646000
180,26,1,7.393600,7.383000,7.406000,7.252000,7.347000,7.580000
180,27,1,7.436200,7.430000,7.507000,7.334000,7.406000,7.504000
180,28,1,7.081000,7.096000,7.123000,6.964000,7.122000,7.100000
180,29,1,7.202600,7.289000,7.191000,7.046000,7.282000,7.205000
180,30,1,7.287800,7.282000,7.295000,7.203000,7.317000,7.342000
180,31,1,7.571800,7.588000,7.628000,7.435000,7.622000,7.586000
180,32,1,7.164800,7.081000,7.204000,7.070000,7.249000,7.220000
180,33,1,7.215600,7.224000,7.310000,7.177000,7.205000,7.162000
180,34,1,7.491800,7.475000,7.508000,7.489000,7.483000,7.504000
180,35,1,7.433400,7.448000,7.469000,7.252000,7.486000,7.512000
180,36,1,7.445400,7.404000,7.485000,7.401000,7.462000,7.475000
180,37,1,7.503400,7.460000,7.570000,7.339000,7.670000,7.478000
180,38,1,7.273400,7.212000,7.241000,7.209000,7.331000,7.374000
180,39,1,7.282000,7.206000,7.344000,7.168000,7.355000,7.337000
180,40,2,5.056600,5.231000,5.030000,4.967000,5.038000,5.017000
180,41,2,4.917800,5.035000,5.021000,4.798000,4.932000,4.803000
180,42,2,4.753800,4.781000,4.784000,4.681000,4.783000,4.740000
180,43,2,4.919400,4.992000,4.883000,4.829000,4.899000,4.994000
180,44,2,4.950800,5.076000,4.976000,4.825000,4.956000,4.921000
180,45,2,4.991400,4.983000,5.070000,4.982000,4.921000,5.001000
180,46,2,4.975600,4.992000,4.952000,4.854000,5.002000,5.078000
180,47,2,5.133200,5.104000,5.303000,4.881000,5.175000,5.203000
180,48,2,4.972200,5.035000,5.059000,4.872000,4.892000,5.003000
180,49,2,4.988000,5.062000,5.073000,4.868000,4.971000,4.966000
180,50,2,4.944000,4.936000,5.068000,4.903000,4.973000,4.840000
180,51,2,4.797200,4.791000,4.967000,4.713000,4.769000,4.746000
180,52,2,4.862200,4.968000,4.990000,4.780000,4.844000,4.729000
180,53,2,5.038000,5.187000,5.107000,4.908000,5.035000,4.953000
180,54,2,4.891000,4.976000,4.722000,4.869000,4.878000,5.010000
180,55,2,5.029000,5.061000,4.953000,4.955000,5.064000,5.112000
180,56,2,4.960600,5.127000,5.006000,4.895000,4.909000,4.866000
180,57,2,4.917400,5.057000,4.934000,4.891000,4.830000,4.875000
180,58,2,5.022000,5.058000,5.083000,4.946000,4.943000,5.080000
180,59,2,4.940200,5.036000,4.923000,4.887000,4.895000,4.960000
180,60,3,5.023600,5.015000,5.202000,4.909000,4.978000,5.014000
180,61,3,5.076600,5.075000,5.153000,4.977000,5.042000,5.136000
180,62,3,5.091400,5.089000,5.314000,5.028000,5.089000,4.937000
180,63,3,4.931400,5.008000,5.027000,4.829000,5.006000,4.787000
180,64,3,4.974600,4.986000,5.036000,4.851000,5.046000,4.954000
180,65,3,4.924200,4.921000,5.004000,4.805000,4.938000,4.953000
180,66,3,4.986600,5.070000,4.967000,4.912000,4.966000,5.018000
180,67,3,4.960600,5.016000,4.969000,4.871000,5.012000,4.935000
180,68,3,4.912200,5.003000,5.015000,4.861000,4.926000,4.756000
180,69,3,5.132400,5.099000,5.243000,5.035000,5.152000,5.133000
180,70,3,5.059600,5.066000,5.079000,5.054000,4.983000,5.116000
180,71,3,5.012600,5.051000,5.140000,4.798000,5.027000,5.047000
180,72,3,4.863200,4.858000,5.073000,4.778000,4.832000,4.775000
180,73,3,5.140600,5.071000,5.208000,4.950000,5.328000,5.146000
180,74,3,4.900000,4.971000,4.887000,4.827000,4.928000,4.887000
180,75,3,5.024000,5.007000,5.136000,4.949000,4.917000,5.111000
180,76,3,4.774200,5.023000,4.852000,4.612000,4.749000,4.635000
180,77,3,5.118000,5.224000,5.231000,4.940000,5.069000,5.126000
180,78,3,5.076400,5.111000,5.149000,5.024000,4.993000,5.105000
180,79,3,5.110000,5.074000,5.173000,5.077000,5.129000,5.097000
180,80,4,5.020000,4.983000,5.036000,4.919000,5.034000,5.128000
180,81,4,4.809800,4.974000,4.792000,4.534000,4.850000,4.899000
180,82,4,4.733800,4.849000,4.839000,4.748000,4.754000,4.479000
180,83,4,4.785200,4.834000,4.895000,4.693000,4.783000,4.721000
180,84,4,5.124200,5.135000,5.255000,5.044000,5.101000,5.086000
180,85,4,4.693000,4.651000,4.752000,4.601000,4.739000,4.722000
180,86,4,4.932600,4.966000,5.050000,4.896000,4.967000,4.784000
180,87,4,4.948200,5.047000,4.939000,4.815000,4.915000,5.025000
180,88,4,4.717600,4.803000,4.887000,4.586000,4.629000,4.683000
180,89,4,5.082400,5.157000,5.086000,4.978000,5.095000,5.096000
180,90,4,4.891000,4.923000,4.969000,4.784000,4.949000,4.830000
180,91,4,5.024800,5.042000,5.091000,4.825000,5.140000,5.026000
180,92,4,4.948400,5.042000,5.033000,4.849000,4.937000,4.881000
180,93,4,4.849400,4.896000,4.951000,4.558000,4.941000,4.901000
180,94,4,4.828400,4.922000,4.875000,4.711000,4.856000,4.778000
180,95,4,4.854200,4.763000,4.985000,4.849000,4.870000,4.804000
180,96,4,4.900000,4.996000,4.975000,4.763000,4.904000,4.862000
180,97,4,4.923600,4.943000,4.928000,4.797000,4.915000,5.035000
180,98,4,5.115600,5.142000,5.204000,4.943000,5.197000,5.092000
180,99,4,4.840200,4.873000,4.829000,4.780000,4.890000,4.829000
181,0,1,7.473200,7.385000,7.528000,7.562000,7.351000,7.540000
181,1,1,7.556400,7.502000,7.587000,7.590000,7.506000,7.597000
181,2,1,7.504000,7.413000,7.636000,7.422000,7.437000,7.612000
181,3,1,7.399000,7.396000,7.412000,7.290000,7.437000,7.460000
181,4,1,7.182200,7.250000,7.193000,7.153000,7.018000,7.297000
181,5,1,7.582000,7.527000,7.682000,7.663000,7.438000,7.600000
181,6,1,7.267000,7.126000,7.325000,7.256000,7.227000,7.401000
181,7,1,7.495000,7.450000,7.557000,7.500000,7.438000,7.530000
181,8,1,7.356800,7.298000,7.407000,7.352000,7.301000,7.426000
181,9,1,7.290400,7.250000,7.290000,7.187000,7.295000,7.430000
181,10,1,7.453800,7.402000,7.502000,7.537000,7.409000,7.419000
181,11,1,7.561800,7.522000,7.555000,7.578000,7.594000,7.560000
181,12,1,7.523400,7.474000,7.572000,7.544000,7.510000,7.517000
181,13,1,7.368400,7.254000,7.451000,7.346000,7.410000,7.381000
181,14,1,7.440400,7.409000,7.416000,7.489000,7.395000,7.493000
181,15,1,7.354800,7.336000,7.430000,7.300000,7.278000,7.430000
181,16,1,7.480800,7.463000,7.562000,7.400000,7.476000,7.503000
181,17,1,7.486800,7.381000,7.503000,7.526000,7.458000,7.566000
181,18,1,7.409200,7.394000,7.467000,7.292000,7.439000,7.454000
181,19,1,7.074000,7.060000,7.208000,7.044000,7.008000,7.050000
182,0,1,7.547600,7.638000,7.400000,7.634000,7.555000,7.511000
182,1,1,7.640800,7.603000,7.602000,7.679000,7.614000,7.706000
182,2,1,7.645400,7.622000,7.621000,7.591000,7.707000,7.686000
182,3,1,7.717800,7.722000,7.685000,7.687000,7.787000,7.708000
182,4,1,7.498600,7.506000,7.516000,7.438000,7.550000,7.483000
182,5,1,7.490200,7.440000,7.505000,7.439000,7.580000,7.487000
182,6,1,7.602200,7.631000,7.581000,7.568000,7.623000,7.608000
182,7,1,7.610600,7.674000,7.520000,7.596000,7.647000,7.616000
182,8,1,7.576800,7.673000,7.554000,7.419000,7.565000,7.673000
182,9,1,7.453600,7.532000,7.354000,7.479000,7.449000,7.454000
182,10,1,7.544000,7.538000,7.466000,7.528000,7.680000,7.508000
182,11,1,7.530000,7.515000,7.529000,7.350000,7.499000,7.757000
182,12,1,7.561600,7.575000,7.522000,7.514000,7.603000,7.594000
182,13,1,7.532800,7.555000,7.461000,7.479000,7.612000,7.557000
182,14,1,7.666400,7.687000,7.709000,7.615000,7.655000,7.666000
182,15,1,7.452400,7.544000,7.420000,7.324000,7.496000,7.478000
182,16,1,7.683000,7.701000,7.690000,7.623000,7.701000,7.700000
182,17,1,7.519000,7.502000,7.383000,7.550000,7.646000,7.514000
182,18,1,7.437400,7.406000,7.425000,7.406000,7.448000,7.502000
182,19,1,7.587400,7.647000,7.521000,7.507000,7.574000,7.688000
183,0,1,7.496000,7.393000,7.521000,7.310000,7.481000,7.775000
183,1,1,7.492600,7.453000,7.512000,7.379000,7.482000,7.637000
183,2,1,7.281600,7.201000,7.392000,7.213000,7.263000,7.339000
183,3,1,7.394200,7.293000,7.396000,7.369000,7.343000,7.570000
183,4,1,7.365800,7.204000,7.290000,7.209000,7.519000,7.607000
183,5,1,7.592400,7.466000,7.647000,7.537000,7.613000,7.699000
183,6,1,7.492400,7.387000,7.548000,7.407000,7.501000,7.619000
183,7,1,7.522000,7.495000,7.613000,7.371000,7.541000,7.590000
183,8,1,7.526800,7.416000,7.664000,7.392000,7.555000,7.607000
183,9,1,7.438000,7.253000,7.586000,7.382000,7.412000,7.557000
183,10,1,7.602000,7.576000,7.641000,7.517000,7.582000,7.694000
183,11,1,7.633200,7.555000,7.734000,7.497000,7.669000,7.711000
183,12,1,7.506400,7.485000,7.545000,7.329000,7.523000,7.650000
183,13,1,7.484400,7.399000,7.474000,7.370000,7.574000,7.605000
183,14,1,7.603400,7.512000,7.644000,7.578000,7.686000,7.597000
183,15,1,7.451400,7.440000,7.590000,7.440000,7.436000,7.351000
183,16,1,7.586800,7.483000,7.689000,7.443000,7.637000,7.682000
183,17,1,7.608000,7.486000,7.614000,7.498000,7.699000,7.743000
183,18,1,7.555600,7.447000,7.687000,7.397000,7.611000,7.636000
183,19,1,7.587000,7.556000,7.570000,7.513000,7.611000,7.685000
184,0,1,7.685000,7.714000,7.824000,7.624000,7.586000,7.677000
184,1,1,7.429600,7.414000,7.481000,7.420000,7.358000,7.475000
184,2,1,7.401000,7.527000,7.367000,7.374000,7.402000,7.335000
184,3,1,7.446800,7.536000,7.562000,7.342000,7.411000,7.383000
184,4,1,7.585800,7.747000,7.753000,7.556000,7.347000,7.526000
184,5,1,7.600400,7.626000,7.726000,7.504000,7.560000,7.586000
184,6,1,7.523600,7.508000,7.599000,7.526000,7.462000,7.523000
184,7,1,7.609000,7.556000,7.736000,7.555000,7.596000,7.602000
184,8,1,7.659600,7.750000,7.753000,7.619000,7.624000,7.552000
184,9,1,7.508200,7.503000,7.646000,7.542000,7.384000,7.466000
184,10,1,7.611000,7.595000,7.725000,7.612000,7.547000,7.576000
184,11,1,7.470000,7.611000,7.529000,7.336000,7.400000,7.474000
184,12,1,7.659200,7.757000,7.674000,7.613000,7.608000,7.644000
184,13,1,7.445400,7.477000,7.536000,7.318000,7.401000,7.495000
184,14,1,7.628600,7.684000,7.682000,7.629000,7.551000,7.597000
184,15,1,7.412800,7.329000,7.490000,7.386000,7.427000,7.432000
184,16,1,7.395000,7.388000,7.380000,7.339000,7.453000,7.415000
184,17,1,7.530200,7.633000,7.558000,7.479000,7.495000,7.486000
184,18,1,7.613200,7.732000,7.636000,7.591000,7.523000,7.584000
184,19,1,7.141800,7.168000,7.209000,7.132000,7.163000,7.037000
185,0,1,7.537600,7.619000,7.411000,7.612000,7.503000,7.543000
185,1,1,7.603800,7.606000,7.528000,7.719000,7.514000,7.652000
185,2,1,7.621000,7.732000,7.647000,7.577000,7.572000,7.577000
185,3,1,7.385000,7.429000,7.368000,7.451000,7.382000,7.295000
185,4,1,7.185800,7.260000,7.086000,7.303000,7.170000,7.110000
185,5,1,7.357800,7.269000,7.207000,7.438000,7.411000,7.464000
185,6,1,7.554400,7.568000,7.620000,7.635000,7.428000,7.521000
185,7,1,7.345600,7.389000,7.262000,7.405000,7.344000,7.328000
185,8,1,7.322400,7.396000,7.160000,7.371000,7.339000,7.346000
185,9,1,7.546000,7.635000,7.506000,7.618000,7.475000,7.496000
185,10,1,7.557800,7.602000,7.531000,7.647000,7.515000,7.494000
185,11,1,7.593400,7.626000,7.526000,7.613000,7.590000,7.612000
185,12,1,7.502200,7.503000,7.484000,7.596000,7.475000,7.453000
185,13,1,7.448200,7.479000,7.415000,7.491000,7.357000,7.499000
185,14,1,7.447600,7.444000,7.348000,7.521000,7.403000,7.522000
185,15,1,7.567000,7.628000,7.531000,7.628000,7.634000,7.414000
185,16,1,7.376400,7.377000,7.361000,7.552000,7.197000,7.395000
185,17,1,7.540200,7.675000,7.363000,7.706000,7.490000,7.467000
185,18,1,7.427400,7.466000,7.352000,7.436000,7.386000,7.497000
185,19,1,7.392600,7.339000,7.327000,7.425000,7.449000,7.423000
186,0,1,7.531200,7.611000,7.519000,7.545000,7.567000,7.414000
186,1,1,7.427400,7.468000,7.473000,7.492000,7.508000,7.196000
186,2,1,7.429400,7.504000,7.367000,7.511000,7.410000,7.355000
186,3,1,7.420800,7.443000,7.488000,7.494000,7.306000,7.373000
186,4,1,7.438200,7.493000,7.499000,7.464000,7.446000,7.289000
186,5,1,7.393400,7.465000,7.384000,7.465000,7.432000,7.221000
186,6,1,7.475200,7.640000,7.445000,7.407000,7.512000,7.372000
186,7,1,7.381400,7.427000,7.323000,7.449000,7.411000,7.297000
186,8,1,7.524600,7.622000,7.557000,7.536000,7.457000,7.451000
186,9,1,7.588400,7.643000,7.668000,7.615000,7.594000,7.422000
186,10,1,7.543600,7.692000,7.631000,7.538000,7.436000,7.421000
186,11,1,7.559200,7.662000,7.502000,7.608000,7.517000,7.507000
186,12,1,7.635400,7.719000,7.662000,7.710000,7.636000,7.450000
186,13,1,7.511600,7.542000,7.526000,7.577000,7.489000,7.424000
186,14,1,7.381600,7.488000,7.375000,7.471000,7.331000,7.243000
186,15,1,7.589600,7.685000,7.604000,7.627000,7.530000,7.502000
186,16,1,7.556200,7.798000,7.464000,7.447000,7.543000,7.529000
186,17,1,7.598400,7.646000,7.615000,7.588000,7.663000,7.480000
186,18,1,7.531600,7.682000,7.509000,7.622000,7.379000,7.466000
186,19,1,7.563400,7.643000,7.678000,7.445000,7.555000,7.496000
187,0,1,7.616400,7.668000,7.548000,7.717000,7.505000,7.644000
187,1,1,7.606200,7.603000,7.587000,7.671000,7.564000,7.606000
187,2,1,7.638600,7.591000,7.557000,7.810000,7.579000,7.656000
187,3,1,7.549800,7.567000,7.587000,7.697000,7.440000,7.458000
187,4,1,7.378800,7.441000,7.292000,7.626000,7.348000,7.187000
187,5,1,7.595600,7.622000,7.600000,7.739000,7.587000,7.430000
187,6,1,7.449400,7.532000,7.409000,7.577000,7.403000,7.326000
187,7,1,7.546400,7.600000,7.526000,7.656000,7.442000,7.508000
187,8,1,7.497800,7.443000,7.437000,7.698000,7.492000,7.419000
187,9,1,7.476800,7.590000,7.480000,7.638000,7.460000,7.216000
187,10,1,7.302800,7.319000,7.254000,7.550000,7.185000,7.206000
187,11,1,7.552000,7.622000,7.461000,7.664000,7.484000,7.529000
187,12,1,7.687000,7.692000,7.669000,7.767000,7.680000,7.627000
187,13,1,7.539600,7.494000,7.542000,7.711000,7.493000,7.458000
187,14,1,7.703800,7.672000,7.636000,7.839000,7.689000,7.683000
187,15,1,7.666800,7.614000,7.659000,7.754000,7.702000,7.605000
187,16,1,7.576800,7.507000,7.527000,7.643000,7.593000,7.614000
187,17,1,7.674400,7.751000,7.568000,7.759000,7.659000,7.635000
187,18,1,7.567200,7.615000,7.493000,7.697000,7.492000,7.539000
187,19,1,7.549200,7.548000,7.603000,7.634000,7.452000,7.509000
188,0,1,7.408600,7.380000,7.496000,7.367000,7.328000,7.472000
188,1,1,7.638400,7.552000,7.728000,7.602000,7.575000,7.735000
188,2,1,7.528000,7.473000,7.595000,7.504000,7.490000,7.578000
188,3,1,7.457400,7.370000,7.517000,7.389000,7.411000,7.600000
188,4,1,7.625000,7.555000,7.647000,7.610000,7.644000,7.669000
188,5,1,7.641200,7.518000,7.710000,7.632000,7.608000,7.738000
188,6,1,7.475600,7.341000,7.543000,7.432000,7.385000,7.677000
188,7,1,7.594800,7.626000,7.599000,7.480000,7.570000,7.699000
188,8,1,7.665000,7.624000,7.707000,7.605000,7.647000,7.742000
188,9,1,7.586800,7.566000,7.560000,7.527000,7.613000,7.668000
188,10,1,7.661200,7.582000,7.714000,7.619000,7.710000,7.681000
188,11,1,7.671800,7.751000,7.752000,7.605000,7.613000,7.638000
188,12,1,7.748800,7.684000,7.823000,7.656000,7.777000,7.804000
188,13,1,7.604600,7.622000,7.729000,7.473000,7.605000,7.594000
188,14,1,7.488600,7.403000,7.600000,7.455000,7.453000,7.532000
188,15,1,7.625000,7.618000,7.560000,7.579000,7.725000,7.643000
188,16,1,7.699000,7.625000,7.728000,7.709000,7.647000,7.786000
188,17,1,7.676600,7.613000,7.724000,7.624000,7.737000,7.685000
188,18,1,7.641600,7.593000,7.640000,7.635000,7.635000,7.705000
188,19,1,7.476200,7.528000,7.609000,7.380000,7.419000,7.445000
189,0,1,7.583000,7.595000,7.689000,7.647000,7.478000,7.506000
189,1,1,7.644600,7.541000,7.702000,7.722000,7.628000,7.630000
189,2,1,7.685000,7.635000,7.582000,7.788000,7.674000,7.746000
189,3,1,7.607600,7.599000,7.670000,7.695000,7.493000,7.581000
189,4,1,7.552400,7.467000,7.615000,7.648000,7.501000,7.531000
189,5,1,7.602600,7.556000,7.679000,7.547000,7.546000,7.685000
189,6,1,7.521200,7.489000,7.562000,7.527000,7.506000,7.522000
189,7,1,7.593600,7.563000,7.639000,7.534000,7.611000,7.621000
189,8,1,7.444000,7.430000,7.409000,7.433000,7.516000,7.432000
189,9,1,7.523400,7.468000,7.574000,7.552000,7.518000,7.505000
189,10,1,7.438600,7.466000,7.544000,7.443000,7.350000,7.390000
189,11,1,7.620400,7.527000,7.679000,7.786000,7.512000,7.598000
189,12,1,7.439000,7.342000,7.535000,7.424000,7.333000,7.561000
189,13,1,7.587600,7.568000,7.676000,7.601000,7.600000,7.493000
189,14,1,7.347000,7.312000,7.417000,7.344000,7.300000,7.362000
189,15,1,7.118600,7.140000,7.201000,7.087000,7.046000,7.119000
189,16,1,7.648600,7.648000,7.738000,7.810000,7.490000,7.557000
189,17,1,7.642200,7.499000,7.732000,7.684000,7.594000,7.702000
189,18,1,7.667000,7.629000,7.688000,7.674000,7.624000,7.720000
189,19,1,7.344800,7.197000,7.408000,7.392000,7.359000,7.368000
190,0,0,4.850600,4.772000,4.874000,4.912000,4.736000,4.959000
190,1,0,4.799600,4.731000,4.735000,4.778000,4.860000,4.894000
190,2,0,4.929000,4.893000,4.961000,4.772000,4.981000,5.038000
190,3,0,4.670800,4.520000,4.740000,4.750000,4.698000,4.646000
190,4,0,4.821600,4.734000,4.782000,4.834000,4.767000,4.991000
190,5,0,5.054800,5.050000,5.078000,5.018000,4.923000,5.205000
190,6,0,4.733800,4.692000,4.754000,4.750000,4.704000,4.769000
190,7,0,4.821400,4.902000,4.822000,4.744000,4.789000,4.850000
190,8,0,4.985000,5.017000,4.789000,5.118000,4.971000,5.030000
190,9,0,4.971800,4.887000,4.858000,4.990000,4.952000,5.172000
190,10,0,4.773400,4.677000,4.772000,4.725000,4.733000,4.960000
190,11,0,4.853200,4.790000,4.835000,4.854000,4.802000,4.985000
190,12,0,4.841200,4.725000,4.895000,4.899000,4.756000,4.931000
190,13,0,4.950000,4.889000,4.958000,4.950000,5.021000,4.932000
190,14,0,4.884200,4.853000,4.879000,4.936000,4.840000,4.913000
190,15,0,4.927200,4.870000,4.954000,5.006000,4.846000,4.960000
190,16,0,4.801200,4.652000,4.861000,4.817000,4.810000,4.866000
190,17,0,5.007200,4.931000,4.985000,5.035000,4.956000,5.129000
190,18,0,5.098200,5.043000,5.099000,5.100000,5.048000,5.201000
190,19,0,4.766000,4.733000,4.703000,4.806000,4.712000,4.876000
190,20,1,7.564400,7.641000,7.575000,7.489000,7.481000,7.636000
190,21,1,7.678000,7.785000,7.728000,7.660000,7.489000,7.728000
190,22,1,7.425800,7.389000,7.454000,7.414000,7.379000,7.493000
190,23,1,7.523400,7.559000,7.528000,7.469000,7.431000,7.630000
190,24,1,7.399400,7.448000,7.412000,7.376000,7.201000,7.560000
190,25,1,7.623600,7.648000,7.656000,7.664000,7.516000,7.634000
190,26,1,7.646400,7.696000,7.661000,7.544000,7.658000,7.673000
190,27,1,7.571200,7.581000,7.603000,7.456000,7.510000,7.706000
190,28,1,7.683000,7.820000,7.627000,7.654000,7.594000,7.720000
190,29,1,7.427000,7.472000,7.459000,7.314000,7.397000,7.493000
190,30,1,7.650000,7.741000,7.713000,7.592000,7.522000,7.682000
190,31,1,7.716200,7.792000,7.746000,7.630000,7.649000,7.764000
190,32,1,7.667000,7.781000,7.641000,7.624000,7.615000,7.674000
190,33,1,7.642800,7.654000,7.682000,7.663000,7.546000,7.669000
190,34,1,7.645600,7.713000,7.576000,7.679000,7.534000,7.726000
190,35,1,7.462000,7.619000,7.351000,7.488000,7.408000,7.444000
190,36,1,7.679400,7.798000,7.686000,7.542000,7.592000,7.779000
190,37,1,7.689200,7.821000,7.672000,7.677000,7.573000,7.703000
190,38,1,7.305600,7.386000,7.210000,7.278000,7.297000,7.357000
190,39,1,7.614800,7.614000,7.648000,7.544000,7.507000,7.761000
190,40,2,5.096600,5.011000,5.037000,5.268000,5.013000,5.154000
190,41,2,4.844000,4.774000,4.881000,4.787000,4.790000,4.988000
190,42,2,4.894200,4.820000,4.877000,4.920000,4.753000,5.101000
190,43,2,4.965200,5.010000,4.989000,4.945000,4.867000,5.015000
190,44,2,5.045000,4.915000,5.057000,5.096000,4.974000,5.183000
190,45,2,5.269400,5.314000,5.312000,5.271000,5.152000,5.298000
190,46,2,5.023000,4.989000,4.976000,4.980000,5.120000,5.050000
190,47,2,4.949800,4.939000,4.854000,5.075000,4.905000,4.976000
190,48,2,4.999600,4.940000,5.031000,5.042000,4.912000,5.073000
190,49,2,4.955600,4.859000,4.867000,4.989000,5.017000,5.046000
190,50,2,5.147000,5.053000,5.107000,5.194000,5.140000,5.241000
190,51,2,5.008200,4.815000,4.991000,5.038000,5.018000,5.179000
190,52,2,5.053600,5.115000,5.051000,4.985000,5.008000,5.109000
190,53,2,4.839000,4.811000,4.783000,4.754000,4.817000,5.030000
190,54,2,5.148600,5.043000,5.211000,5.209000,5.098000,5.182000
190,55,2,5.053800,4.913000,5.061000,5.152000,5.108000,5.035000
190,56,2,4.966800,4.959000,4.925000,4.985000,4.999000,4.966000
190,57,2,4.960400,4.988000,4.895000,4.968000,4.980000,4.971000
190,58,2,4.865600,4.805000,4.863000,4.850000,4.859000,4.951000
190,59,2,5.024600,5.077000,4.962000,4.997000,4.958000,5.129000
190,60,3,4.677200,4.703000,4.560000,4.692000,4.704000,4.727000
190,61,3,5.043200,5.026000,5.040000,4.987000,5.070000,5.093000
190,62,3,5.236800,5.113000,5.195000,5.377000,5.235000,5.264000
190,63,3,4.933200,4.812000,5.028000,4.823000,5.072000,4.931000
190,64,3,4.816800,4.772000,4.732000,4.871000,4.863000,4.846000
190,65,3,4.961000,4.990000,4.908000,5.013000,4.908000,4.986000
190,66,3,4.862600,4.861000,4.957000,4.893000,4.782000,4.820000
190,67,3,4.874000,4.872000,4.874000,4.765000,4.891000,4.968000
190,68,3,4.916400,4.893000,4.976000,4.980000,4.788000,4.945000
190,69,3,5.016800,5.023000,4.927000,5.162000,4.920000,5.052000
190,70,3,4.958400,4.911000,5.007000,5.044000,4.933000,4.897000
190,71,3,4.864800,4.841000,4.834000,4.880000,4.924000,4.845000
190,72,3,4.911000,5.037000,4.830000,4.987000,4.672000,5.029000
190,73,3,4.922400,4.940000,4.838000,4.935000,4.863000,5.036000
190,74,3,5.006400,4.983000,4.935000,5.011000,4.950000,5.153000
190,75,3,4.974600,4.951000,5.090000,4.932000,4.859000,5.041000
190,76,3,5.007400,5.029000,4.961000,5.038000,5.066000,4.943000
190,77,3,4.766400,4.774000,4.748000,4.668000,4.807000,4.835000
190,78,3,4.926800,4.872000,4.938000,4.937000,4.924000,4.963000
190,79,3,4.888000,4.851000,4.934000,4.804000,4.907000,4.944000
190,80,4,4.888000,4.883000,4.811000,4.889000,4.859000,4.998000
190,81,4,4.863800,4.901000,4.758000,4.938000,4.845000,4.877000
190,82,4,4.766200,4.673000,4.663000,4.828000,4.807000,4.860000
190,83,4,4.736400,4.709000,4.731000,4.758000,4.700000,4.784000
190,84,4,4.885600,4.929000,4.893000,4.852000,4.848000,4.906000
190,85,4,5.090000,4.984000,5.188000,5.143000,4.995000,5.140000
190,86,4,5.104600,5.181000,5.048000,5.146000,4.965000,5.183000
190,87,4,4.729800,4.755000,4.620000,4.745000,4.715000,4.814000
190,88,4,4.741600,4.853000,4.560000,4.723000,4.690000,4.882000
190,89,4,4.803800,4.702000,4.901000,4.732000,4.732000,4.952000
190,90,4,4.729000,4.762000,4.705000,4.739000,4.780000,4.659000
190,91,4,4.851400,4.773000,4.904000,4.838000,4.853000,4.889000
190,92,4,4.696600,4.765000,4.584000,4.695000,4.713000,4.726000
190,93,4,4.806000,4.792000,4.744000,4.766000,4.787000,4.941000
190,94,4,4.864200,4.847000,4.798000,5.015000,4.864000,4.797000
190,95,4,4.686400,4.741000,4.695000,4.650000,4.594000,4.752000
190,96,4,5.024400,5.055000,5.015000,5.006000,4.956000,5.090000
190,97,4,4.862200,4.806000,5.016000,4.843000,4.813000,4.833000
190,98,4,4.945000,5.055000,4.757000,4.955000,5.022000,4.936000
190,99,4,5.115600,5.173000,5.159000,5.005000,5.099000,5.142000
191,0,1,7.466400,7.174000,7.646000,7.525000,7.581000,7.406000
191,1,1,7.457600,7.307000,7.555000,7.370000,7.604000,7.452000
191,2,1,7.447000,7.222000,7.482000,7.544000,7.530000,7.457000
191,3,1,7.606200,7.419000,7.717000,7.534000,7.694000,7.667000
191,4,1,7.550400,7.418000,7.639000,7.531000,7.587000,7.577000
191,5,1,7.655000,7.506000,7.752000,7.672000,7.661000,7.684000
191,6,1,7.585200,7.508000,7.633000,7.560000,7.654000,7.571000
191,7,1,7.607800,7.434000,7.738000,7.556000,7.726000,7.585000
191,8,1,7.574000,7.445000,7.619000,7.575000,7.699000,7.532000
191,9,1,7.589400,7.464000,7.684000,7.507000,7.693000,7.599000
191,10,1,7.480000,7.234000,7.629000,7.454000,7.586000,7.497000
191,11,1,7.558600,7.463000,7.620000,7.475000,7.679000,7.556000
191,12,1,7.494200,7.244000,7.584000,7.477000,7.698000,7.468000
191,13,1,7.662800,7.521000,7.780000,7.654000,7.711000,7.648000
191,14,1,7.628600,7.497000,7.637000,7.554000,7.759000,7.696000
191,15,1,7.568800,7.398000,7.606000,7.598000,7.676000,7.566000
191,16,1,7.485000,7.206000,7.536000,7.583000,7.571000,7.529000
191,17,1,7.403800,7.224000,7.526000,7.350000,7.531000,7.388000
191,18,1,7.440400,7.258000,7.562000,7.350000,7.560000,7.472000
191,19,1,7.702000,7.444000,7.793000,7.697000,7.843000,7.733000
192,0,1,7.567200,7.574000,7.662000,7.363000,7.663000,7.574000
192,1,1,7.423800,7.362000,7.484000,7.374000,7.509000,7.390000
192,2,1,7.537400,7.516000,7.611000,7.482000,7.546000,7.532000
192,3,1,7.328400,7.304000,7.401000,7.207000,7.343000,7.387000
192,4,1,7.662400,7.669000,7.625000,7.615000,7.734000,7.669000
192,5,1,7.322400,7.333000,7.377000,7.223000,7.315000,7.364000
192,6,1,7.600000,7.614000,7.644000,7.559000,7.647000,7.536000
192,7,1,7.647800,7.695000,7.710000,7.637000,7.632000,7.565000
192,8,1,7.706400,7.780000,7.722000,7.683000,7.651000,7.696000
192,9,1,7.678600,7.712000,7.734000,7.636000,7.690000,7.621000
192,10,1,7.548400,7.431000,7.677000,7.466000,7.537000,7.631000
192,11,1,7.596800,7.626000,7.646000,7.584000,7.605000,7.523000
192,12,1,7.595200,7.633000,7.628000,7.576000,7.595000,7.544000
192,13,1,7.314200,7.229000,7.460000,7.299000,7.324000,7.259000
192,14,1,7.603000,7.650000,7.609000,7.542000,7.676000,7.538000
192,15,1,7.435600,7.454000,7.550000,7.378000,7.483000,7.313000
192,16,1,7.521200,7.527000,7.600000,7.514000,7.526000,7.439000
192,17,1,7.560200,7.572000,7.633000,7.477000,7.531000,7.588000
192,18,1,7.586000,7.534000,7.689000,7.524000,7.647000,7.536000
192,19,1,7.585600,7.586000,7.661000,7.558000,7.602000,7.521000
193,0,1,7.584800,7.441000,7.606000,7.637000,7.513000,7.727000
193,1,1,7.671400,7.624000,7.693000,7.645000,7.657000,7.738000
193,2,1,7.638800,7.652000,7.646000,7.664000,7.500000,7.732000
193,3,1,7.413600,7.398000,7.483000,7.344000,7.341000,7.502000
193,4,1,7.647200,7.648000,7.718000,7.598000,7.629000,7.643000
193,5,1,7.612400,7.597000,7.500000,7.667000,7.508000,7.790000
193,6,1,7.400200,7.321000,7.378000,7.439000,7.298000,7.565000
193,7,1,7.696400,7.678000,7.719000,7.712000,7.588000,7.785000
193,8,1,7.692200,7.622000,7.706000,7.662000,7.655000,7.816000
193,9,1,7.556800,7.564000,7.583000,7.438000,7.541000,7.658000
193,10,1,7.576000,7.577000,7.571000,7.604000,7.429000,7.699000
193,11,1,7.541400,7.392000,7.618000,7.479000,7.525000,7.693000
193,12,1,7.741800,7.788000,7.710000,7.688000,7.667000,7.856000
193,13,1,7.580000,7.534000,7.566000,7.548000,7.501000,7.751000
193,14,1,7.567800,7.509000,7.567000,7.572000,7.468000,7.723000
193,15,1,7.565800,7.510000,7.452000,7.573000,7.572000,7.722000
193,16,1,7.241200,7.228000,7.257000,7.237000,7.213000,7.271000
193,17,1,7.651000,7.678000,7.672000,7.527000,7.720000,7.658000
193,18,1,7.495200,7.457000,7.566000,7.630000,7.286000,7.537000
193,19,1,7.632400,7.575000,7.687000,7.573000,7.637000,7.690000
194,0,1,7.575600,7.681000,7.474000,7.597000,7.619000,7.507000
194,1,1,7.653200,7.730000,7.639000,7.730000,7.570000,7.597000
194,2,1,7.564400,7.614000,7.466000,7.676000,7.511000,7.555000
194,3,1,7.435200,7.556000,7.275000,7.552000,7.368000,7.425000
194,4,1,7.693600,7.673000,7.644000,7.742000,7.743000,7.666000
194,5,1,7.615200,7.682000,7.567000,7.645000,7.661000,7.521000
194,6,1,7.614400,7.672000,7.444000,7.670000,7.692000,7.594000
194,7,1,7.366000,7.470000,7.168000,7.455000,7.413000,7.324000
194,8,1,7.607600,7.716000,7.471000,7.666000,7.598000,7.587000
194,9,1,7.585000,7.643000,7.494000,7.636000,7.500000,7.652000
194,10,1,7.720400,7.889000,7.625000,7.844000,7.598000,7.646000
194,11,1,7.537800,7.652000,7.359000,7.634000,7.581000,7.463000
194,12,1,7.545400,7.584000,7.492000,7.546000,7.625000,7.480000
194,13,1,7.510200,7.621000,7.378000,7.555000,7.555000,7.442000
194,14,1,7.548200,7.579000,7.384000,7.693000,7.516000,7.569000
194,15,1,7.587600,7.570000,7.545000,7.622000,7.650000,7.551000
194,16,1,7.481200,7.634000,7.329000,7.532000,7.447000,7.464000
194,17,1,7.483200,7.628000,7.446000,7.540000,7.377000,7.425000
194,18,1,7.662800,7.687000,7.512000,7.738000,7.670000,7.707000
194,19,1,7.422600,7.555000,7.353000,7.425000,7.359000,7.421000
195,0,1,7.691800,7.640000,7.681000,7.791000,7.673000,7.674000
195,1,1,7.630800,7.629000,7.568000,7.700000,7.662000,7.595000
195,2,1,7.680400,7.610000,7.679000,7.734000,7.689000,7.690000
195,3,1,7.453600,7.417000,7.417000,7.497000,7.438000,7.499000
195,4,1,7.640600,7.661000,7.583000,7.752000,7.587000,7.620000
195,5,1,7.663600,7.728000,7.594000,7.716000,7.597000,7.683000
195,6,1,7.524400,7.511000,7.546000,7.536000,7.533000,7.496000
195,7,1,7.719600,7.729000,7.686000,7.740000,7.720000,7.723000
195,8,1,7.484000,7.513000,7.437000,7.454000,7.480000,7.536000
195,9,1,7.491400,7.477000,7.468000,7.566000,7.430000,7.516000
195,10,1,7.298200,7.337000,7.175000,7.339000,7.359000,7.281000
195,11,1,7.535000,7.625000,7.534000,7.544000,7.526000,7.446000
195,12,1,7.483400,7.507000,7.436000,7.521000,7.423000,7.530000
195,13,1,7.582400,7.605000,7.548000,7.605000,7.528000,7.626000
195,14,1,7.480200,7.487000,7.413000,7.577000,7.409000,7.515000
195,15,1,7.558400,7.526000,7.519000,7.674000,7.481000,7.592000
195,16,1,7.474200,7.506000,7.433000,7.506000,7.446000,7.480000
195,17,1,7.345200,7.411000,7.323000,7.381000,7.268000,7.343000
195,18,1,7.578200,7.586000,7.522000,7.622000,7.482000,7.679000
195,19,1,7.638800,7.655000,7.615000,7.760000,7.514000,7.650000
196,0,1,7.698400,7.739000,7.659000,7.749000,7.627000,7.718000
196,1,1,7.622800,7.674000,7.725000,7.517000,7.527000,7.671000
196,2,1,7.695400,7.736000,7.613000,7.705000,7.647000,7.776000
196,3,1,7.677000,7.593000,7.692000,7.725000,7.651000,7.724000
196,4,1,7.591000,7.563000,7.549000,7.696000,7.551000,7.596000
196,5,1,7.615200,7.605000,7.673000,7.597000,7.598000,7.603000
196,6,1,7.775200,7.763000,7.818000,7.761000,7.761000,7.773000
196,7,1,7.606400,7.550000,7.625000,7.615000,7.580000,7.662000
196,8,1,7.663800,7.686000,7.662000,7.582000,7.666000,7.723000
196,9,1,7.801000,7.831000,7.855000,7.801000,7.738000,7.780000
196,10,1,7.686400,7.769000,7.673000,7.767000,7.647000,7.576000
196,11,1,7.749200,7.820000,7.789000,7.718000,7.668000,7.751000
196,12,1,7.641800,7.656000,7.663000,7.571000,7.572000,7.747000
196,13,1,7.717400,7.754000,7.674000,7.797000,7.619000,7.743000
196,14,1,7.295400,7.316000,7.303000,7.218000,7.261000,7.379000
196,15,1,7.674600,7.731000,7.634000,7.684000,7.654000,7.670000
196,16,1,7.306800,7.306000,7.247000,7.366000,7.234000,7.381000
196,17,1,7.753600,7.811000,7.672000,7.783000,7.762000,7.740000
196,18,1,7.663600,7.668000,7.628000,7.705000,7.595000,7.722000
196,19,1,7.725800,7.764000,7.731000,7.720000,7.683000,7.731000
197,0,1,7.655000,7.617000,7.754000,7.603000,7.706000,7.595000
197,1,1,7.760600,7.687000,7.715000,7.724000,7.822000,7.855000
197,2,1,7.139600,7.078000,7.215000,7.221000,7.006000,7.178000
197,3,1,7.545600,7.535000,7.588000,7.544000,7.515000,7.546000
197,4,1,7.769000,7.746000,7.779000,7.792000,7.740000,7.788000
197,5,1,7.672000,7.652000,7.661000,7.634000,7.718000,7.695000
197,6,1,7.737600,7.758000,7.724000,7.668000,7.666000,7.872000
197,7,1,7.395000,7.334000,7.389000,7.441000,7.305000,7.506000
197,8,1,7.599200,7.641000,7.627000,7.483000,7.570000,7.675000
197,9,1,7.733000,7.716000,7.667000,7.761000,7.755000,7.766000
197,10,1,7.507400,7.499000,7.516000,7.518000,7.516000,7.488000
197,11,1,7.676600,7.772000,7.615000,7.721000,7.585000,7.690000
197,12,1,7.678200,7.662000,7.562000,7.659000,7.773000,7.735000
197,13,1,7.734000,7.647000,7.714000,7.815000,7.726000,7.768000
197,14,1,7.563800,7.499000,7.604000,7.589000,7.525000,7.602000
197,15,1,7.697000,7.641000,7.732000,7.747000,7.633000,7.732000
197,16,1,7.552000,7.514000,7.447000,7.575000,7.553000,7.671000
197,17,1,7.572400,7.619000,7.621000,7.502000,7.507000,7.613000
197,18,1,7.648600,7.612000,7.668000,7.716000,7.567000,7.680000
197,19,1,7.731800,7.668000,7.720000,7.740000,7.791000,7.740000
198,0,1,7.736000,7.815000,7.746000,7.773000,7.616000,7.730000
198,1,1,7.684200,7.774000,7.763000,7.762000,7.628000,7.494000
198,2,1,7.693800,7.739000,7.684000,7.803000,7.625000,7.618000
198,3,1,7.640200,7.666000,7.616000,7.630000,7.648000,7.641000
198,4,1,7.757000,7.772000,7.740000,7.872000,7.669000,7.732000
198,5,1,7.709600,7.712000,7.579000,7.781000,7.769000,7.707000
198,6,1,7.637200,7.730000,7.539000,7.647000,7.621000,7.649000
198,7,1,7.541600,7.637000,7.449000,7.574000,7.529000,7.519000
198,8,1,7.710400,7.839000,7.716000,7.717000,7.676000,7.604000
198,9,1,7.679400,7.804000,7.591000,7.780000,7.610000,7.612000
198,10,1,7.603600,7.763000,7.519000,7.595000,7.597000,7.544000
198,11,1,7.648800,7.669000,7.607000,7.644000,7.608000,7.716000
198,12,1,7.815400,7.859000,7.836000,7.871000,7.797000,7.714000
198,13,1,7.519400,7.632000,7.370000,7.633000,7.487000,7.475000
198,14,1,7.570400,7.506000,7.572000,7.580000,7.663000,7.531000
198,15,1,7.755200,7.786000,7.837000,7.816000,7.723000,7.614000
198,16,1,7.732600,7.789000,7.725000,7.810000,7.601000,7.738000
198,17,1,7.717800,7.842000,7.656000,7.734000,7.665000,7.692000
198,18,1,7.642000,7.763000,7.637000,7.651000,7.591000,7.568000
198,19,1,7.655600,7.860000,7.594000,7.552000,7.683000,7.589000
199,0,1,7.607600,7.666000,7.561000,7.715000,7.463000,7.633000
199,1,1,7.571600,7.608000,7.477000,7.664000,7.528000,7.581000
199,2,1,7.618400,7.689000,7.471000,7.755000,7.570000,7.607000
199,3,1,7.729600,7.756000,7.684000,7.771000,7.757000,7.680000
199,4,1,7.593400,7.591000,7.439000,7.673000,7.588000,7.676000
199,5,1,7.644000,7.696000,7.490000,7.795000,7.605000,7.634000
199,6,1,7.311800,7.426000,7.100000,7.396000,7.252000,7.385000
199,7,1,7.539600,7.541000,7.487000,7.718000,7.439000,7.513000
199,8,1,7.523400,7.481000,7.452000,7.659000,7.534000,7.491000
199,9,1,7.670600,7.635000,7.644000,7.843000,7.651000,7.580000
199,10,1,7.694400,7.726000,7.668000,7.740000,7.615000,7.723000
199,11,1,7.630600,7.458000,7.592000,7.687000,7.682000,7.734000
199,12,1,7.283200,7.323000,7.223000,7.437000,7.187000,7.246000
199,13,1,7.524200,7.522000,7.395000,7.616000,7.498000,7.590000
199,14,1,7.689600,7.678000,7.623000,7.758000,7.691000,7.698000
199,15,1,7.569800,7.546000,7.512000,7.685000,7.552000,7.554000
199,16,1,7.632400,7.625000,7.437000,7.744000,7.674000,7.682000
199,17,1,7.526200,7.593000,7.437000,7.613000,7.503000,7.485000
199,18,1,7.622800,7.701000,7.567000,7.692000,7.542000,7.612000
199,19,1,7.578800,7.625000,7.533000,7.713000,7.511000,7.512000
200,0,0,5.067400,5.118000,5.068000,4.889000,5.096000,5.166000
200,1,0,5.055600,5.204000,5.004000,4.896000,5.033000,5.141000
200,2,0,5.086200,5.195000,4.998000,4.940000,5.200000,5.098000
200,3,0,5.370000,5.492000,5.448000,5.113000,5.477000,5.320000
200,4,0,5.143200,5.233000,5.120000,5.061000,5.153000,5.149000
200,5,0,4.939400,5.063000,4.870000,4.718000,5.030000,5.016000
200,6,0,4.913000,5.041000,4.826000,4.749000,4.992000,4.957000
200,7,0,4.945000,4.960000,5.019000,4.772000,5.004000,4.970000
200,8,0,5.088800,5.238000,4.961000,4.951000,5.125000,5.169000
200,9,0,5.020400,5.006000,5.052000,4.863000,5.093000,5.088000
200,10,0,5.039200,5.123000,5.065000,4.912000,5.085000,5.011000
200,11,0,5.126000,5.331000,5.070000,4.995000,5.170000,5.064000
200,12,0,5.115600,5.266000,5.058000,5.005000,5.127000,5.122000
200,13,0,5.221000,5.256000,5.066000,5.261000,5.284000,5.238000
200,14,0,5.071800,5.139000,5.032000,4.956000,5.171000,5.061000
200,15,0,4.962400,5.066000,4.954000,4.778000,5.051000,4.963000
200,16,0,5.148400,5.323000,5.110000,4.980000,5.172000,5.157000
200,17,0,5.099400,5.257000,5.164000,4.894000,5.073000,5.109000
200,18,0,4.783600,4.873000,4.764000,4.684000,4.765000,4.832000
200,19,0,5.051800,5.151000,5.092000,4.947000,5.134000,4.935000
200,20,1,7.548400,7.573000,7.610000,7.444000,7.537000,7.578000
200,21,1,7.603000,7.631000,7.462000,7.552000,7.639000,7.731000
200,22,1,7.613000,7.621000,7.630000,7.427000,7.724000,7.663000
200,23,1,7.591200,7.615000,7.560000,7.490000,7.636000,7.655000
200,24,1,7.760800,7.807000,7.736000,7.747000,7.804000,7.710000
200,25,1,7.649800,7.678000,7.684000,7.515000,7.690000,7.682000
200,26,1,7.713200,7.663000,7.692000,7.696000,7.816000,7.699000
200,27,1,7.724200,7.723000,7.781000,7.576000,7.728000,7.813000
200,28,1,7.607000,7.624000,7.626000,7.415000,7.657000,7.713000
200,29,1,7.701800,7.691000,7.695000,7.666000,7.741000,7.716000
200,30,1,7.800000,7.775000,7.821000,7.701000,7.884000,7.819000
200,31,1,7.615200,7.633000,7.582000,7.583000,7.647000,7.631000
200,32,1,7.633400,7.659000,7.781000,7.464000,7.604000,7.659000
200,33,1,7.669400,7.732000,7.642000,7.500000,7.693000,7.780000
200,34,1,7.507800,7.640000,7.509000,7.366000,7.433000,7.591000
200,35,1,7.632400,7.655000,7.620000,7.618000,7.662000,7.607000
200,36,1,7.548400,7.590000,7.568000,7.333000,7.582000,7.669000
200,37,1,7.769200,7.858000,7.727000,7.805000,7.696000,7.760000
200,38,1,7.701800,7.735000,7.823000,7.567000,7.668000,7.716000
200,39,1,7.657200,7.706000,7.674000,7.354000,7.783000,7.769000
200,40,2,4.877000,4.917000,4.955000,4.906000,4.802000,4.805000
200,41,2,5.013000,5.026000,5.145000,4.939000,5.017000,4.938000
200,42,2,4.881200,4.794000,4.956000,4.657000,5.052000,4.947000
200,43,2,4.869800,4.897000,5.018000,4.728000,4.875000,4.831000
200,44,2,4.985000,5.057000,4.998000,4.815000,5.013000,5.042000
200,45,2,4.826000,4.867000,4.855000,4.668000,4.805000,4.935000
200,46,2,5.048200,5.076000,5.010000,4.986000,5.158000,5.011000
200,47,2,4.976600,4.961000,5.013000,4.817000,5.137000,4.955000
200,48,2,5.041400,5.059000,5.189000,4.706000,5.110000,5.143000
200,49,2,4.926400,5.041000,4.960000,4.848000,4.948000,4.835000
200,50,2,4.961000,4.965000,4.973000,4.865000,4.998000,5.004000
200,51,2,4.831800,4.874000,4.851000,4.623000,4.927000,4.884000
200,52,2,5.035000,5.075000,5.138000,4.849000,5.113000,5.000000
200,53,2,5.033800,5.036000,5.189000,4.790000,5.018000,5.136000
200,54,2,5.016800,5.097000,5.022000,4.946000,5.004000,5.015000
200,55,2,4.935000,5.011000,5.033000,4.758000,4.900000,4.973000
200,56,2,4.884400,4.965000,4.878000,4.749000,4.969000,4.861000
200,57,2,5.022200,5.101000,5.052000,4.836000,5.036000,5.086000
200,58,2,5.007000,5.008000,5.068000,4.928000,4.979000,5.052000
200,59,2,4.903000,4.957000,5.002000,4.720000,5.031000,4.805000
200,60,3,5.078000,5.195000,5.205000,4.957000,4.930000,5.103000
200,61,3,4.977600,5.059000,5.026000,4.793000,4.983000,5.027000
200,62,3,5.036800,5.145000,5.042000,4.994000,4.980000,5.023000
200,63,3,5.129200,5.157000,5.300000,4.854000,5.153000,5.182000
200,64,3,4.872200,5.001000,4.822000,4.804000,4.918000,4.816000
200,65,3,5.098400,5.290000,5.118000,4.942000,5.057000,5.085000
200,66,3,4.913600,5.076000,4.830000,4.723000,4.917000,5.022000
200,67,3,4.862000,4.980000,4.961000,4.716000,4.819000,4.834000
200,68,3,4.880600,5.005000,4.912000,4.725000,4.891000,4.870000
200,69,3,5.160600,5.222000,5.144000,4.959000,5.280000,5.198000
200,70,3,5.173600,5.281000,5.127000,5.061000,5.208000,5.191000
200,71,3,4.902200,4.944000,4.927000,4.686000,4.985000,4.969000
200,72,3,5.033400,5.084000,5.071000,4.864000,5.123000,5.025000
200,73,3,4.888800,5.007000,4.873000,4.760000,4.951000,4.853000
200,74,3,4.798400,4.912000,4.833000,4.601000,4.802000,4.844000
200,75,3,5.125800,5.113000,5.215000,4.883000,5.221000,5.197000
200,76,3,5.059800,5.133000,5.242000,4.850000,5.023000,5.051000
200,77,3,4.964800,5.034000,4.972000,4.860000,4.958000,5.000000
200,78,3,5.024800,5.056000,5.042000,4.836000,5.045000,5.145000
200,79,3,5.221400,5.294000,5.289000,5.131000,5.112000,5.281000
200,80,4,4.872600,5.053000,4.827000,4.824000,4.791000,4.868000
200,81,4,5.059400,5.103000,5.096000,4.863000,5.115000,5.120000
200,82,4,5.026400,5.097000,5.122000,4.952000,4.908000,5.053000
200,83,4,5.004000,5.109000,5.013000,4.894000,5.011000,4.993000
200,84,4,4.989600,5.069000,5.027000,4.902000,5.030000,4.920000
200,85,4,5.053000,5.207000,5.090000,4.860000,5.096000,5.012000
200,86,4,4.961800,5.153000,4.906000,4.770000,4.977000,5.003000
200,87,4,5.080400,5.253000,5.111000,4.868000,5.104000,5.066000
200,88,4,4.828000,5.077000,4.789000,4.571000,4.884000,4.819000
200,89,4,4.901800,4.979000,4.873000,4.736000,4.916000,5.005000
200,90,4,5.049000,5.234000,5.004000,5.020000,5.074000,4.913000
200,91,4,4.928000,5.009000,4.868000,4.837000,5.010000,4.916000
200,92,4,4.953800,5.082000,4.893000,4.876000,5.003000,4.915000
200,93,4,5.057400,5.060000,5.275000,4.904000,5.050000,4.998000
200,94,4,5.033600,5.103000,5.020000,4.911000,5.114000,5.020000
200,95,4,5.028000,5.139000,5.070000,4.787000,5.026000,5.118000
200,96,4,4.988600,5.056000,5.100000,4.745000,5.123000,4.919000
200,97,4,4.982600,5.025000,5.104000,4.860000,4.903000,5.021000
200,98,4,4.900400,5.180000,4.848000,4.723000,4.934000,4.817000
200,99,4,5.232400,5.244000,5.241000,5.057000,5.311000,5.309000
201,0,1,7.731400,7.632000,7.763000,7.661000,7.874000,7.727000
201,1,1,7.634800,7.606000,7.609000,7.592000,7.759000,7.608000
201,2,1,7.493800,7.408000,7.514000,7.456000,7.567000,7.524000
201,3,1,7.269400,7.225000,7.321000,7.249000,7.326000,7.226000
201,4,1,7.597800,7.562000,7.680000,7.424000,7.691000,7.632000
201,5,1,7.695200,7.616000,7.696000,7.694000,7.780000,7.690000
201,6,1,7.656000,7.616000,7.482000,7.657000,7.815000,7.710000
201,7,1,7.738400,7.765000,7.673000,7.712000,7.822000,7.720000
201,8,1,7.484600,7.505000,7.545000,7.299000,7.628000,7.446000
201,9,1,7.501400,7.376000,7.552000,7.335000,7.701000,7.543000
201,10,1,7.650800,7.604000,7.653000,7.622000,7.765000,7.610000
201,11,1,7.608800,7.566000,7.587000,7.583000,7.785000,7.523000
201,12,1,7.539800,7.437000,7.538000,7.516000,7.668000,7.540000
201,13,1,7.688200,7.688000,7.565000,7.646000,7.829000,7.713000
201,14,1,7.658000,7.598000,7.784000,7.541000,7.741000,7.626000
201,15,1,7.635600,7.640000,7.537000,7.592000,7.813000,7.596000
201,16,1,7.645200,7.656000,7.625000,7.450000,7.817000,7.678000
201,17,1,7.333200,7.138000,7.351000,7.205000,7.594000,7.378000
201,18,1,7.681400,7.691000,7.511000,7.656000,7.835000,7.714000
201,19,1,7.648800,7.649000,7.628000,7.593000,7.798000,7.576000
202,0,1,7.746000,7.784000,7.771000,7.744000,7.622000,7.809000
202,1,1,7.635400,7.588000,7.616000,7.675000,7.612000,7.686000
202,2,1,7.695000,7.739000,7.680000,7.744000,7.563000,7.749000
202,3,1,7.673800,7.650000,7.710000,7.751000,7.606000,7.652000
202,4,1,7.740400,7.746000,7.723000,7.783000,7.672000,7.778000
202,5,1,7.437400,7.472000,7.422000,7.480000,7.389000,7.424000
202,6,1,7.715200,7.749000,7.750000,7.757000,7.626000,7.694000
202,7,1,7.725600,7.804000,7.686000,7.698000,7.580000,7.860000
202,8,1,7.754400,7.709000,7.738000,7.790000,7.699000,7.836000
202,9,1,7.671800,7.675000,7.645000,7.740000,7.614000,7.685000
202,10,1,7.563000,7.615000,7.573000,7.528000,7.507000,7.592000
202,11,1,7.719200,7.766000,7.694000,7.777000,7.612000,7.747000
202,12,1,7.654800,7.713000,7.697000,7.686000,7.565000,7.613000
202,13,1,7.569200,7.567000,7.659000,7.614000,7.443000,7.563000
202,14,1,7.341000,7.389000,7.337000,7.417000,7.277000,7.285000
202,15,1,7.728800,7.757000,7.716000,7.781000,7.665000,7.725000
202,16,1,7.650000,7.657000,7.560000,7.772000,7.559000,7.702000
202,17,1,7.655800,7.737000,7.732000,7.662000,7.418000,7.730000
202,18,1,7.427200,7.402000,7.506000,7.564000,7.397000,7.267000
202,19,1,7.489400,7.517000,7.530000,7.572000,7.420000,7.408000
203,0,1,7.725000,7.840000,7.671000,7.657000,7.824000,7.633000
203,1,1,7.274600,7.373000,7.215000,7.214000,7.263000,7.308000
203,2,1,7.554800,7.702000,7.539000,7.469000,7.630000,7.434000
203,3,1,7.814400,7.936000,7.848000,7.675000,7.820000,7.793000
203,4,1,7.605400,7.688000,7.594000,7.535000,7.644000,7.566000
203,5,1,7.616600,7.773000,7.634000,7.568000,7.624000,7.484000
203,6,1,7.613200,7.785000,7.600000,7.398000,7.731000,7.552000
203,7,1,7.695800,7.814000,7.666000,7.678000,7.808000,7.513000
203,8,1,7.567200,7.720000,7.490000,7.554000,7.604000,7.468000
203,9,1,7.482600,7.605000,7.435000,7.499000,7.551000,7.323000
203,10,1,7.330600,7.388000,7.232000,7.310000,7.441000,7.282000
203,11,1,7.537400,7.628000,7.390000,7.500000,7.658000,7.511000
203,12,1,7.584600,7.678000,7.477000,7.430000,7.772000,7.566000
203,13,1,7.720600,7.873000,7.698000,7.609000,7.822000,7.601000
203,14,1,7.687800,7.870000,7.645000,7.550000,7.717000,7.657000
203,15,1,7.489200,7.571000,7.421000,7.370000,7.636000,7.448000
203,16,1,7.538000,7.611000,7.495000,7.469000,7.671000,7.444000
203,17,1,7.637600,7.795000,7.619000,7.544000,7.739000,7.491000
203,18,1,7.687000,7.798000,7.705000,7.672000,7.713000,7.547000
203,19,1,7.713800,7.853000,7.664000,7.657000,7.720000,7.675000
204,0,1,7.734000,7.757000,7.821000,7.709000,7.637000,7.746000
204,1,1,7.591600,7.629000,7.693000,7.525000,7.487000,7.624000
204,2,1,7.595200,7.672000,7.777000,7.587000,7.585000,7.355000
204,3,1,7.443600,7.441000,7.655000,7.385000,7.270000,7.467000
204,4,1,7.716200,7.649000,7.844000,7.652000,7.732000,7.704000
204,5,1,7.715000,7.696000,7.922000,7.584000,7.663000,7.710000
204,6,1,7.375200,7.301000,7.582000,7.386000,7.170000,7.437000
204,7,1,7.517000,7.486000,7.676000,7.540000,7.462000,7.421000
204,8,1,7.466000,7.480000,7.650000,7.464000,7.424000,7.312000
204,9,1,7.599800,7.593000,7.763000,7.532000,7.531000,7.580000
204,10,1,7.708200,7.639000,7.856000,7.743000,7.604000,7.699000
204,11,1,7.587400,7.583000,7.831000,7.552000,7.394000,7.577000
204,12,1,7.166200,7.237000,7.267000,7.100000,6.994000,7.233000
204,13,1,7.641800,7.584000,7.762000,7.658000,7.656000,7.549000
204,14,1,7.721200,7.740000,7.843000,7.628000,7.674000,7.721000
204,15,1,7.623800,7.607000,7.723000,7.666000,7.537000,7.586000
204,16,1,7.629000,7.610000,7.747000,7.617000,7.554000,7.617000
204,17,1,7.654200,7.619000,7.827000,7.659000,7.567000,7.599000
204,18,1,7.637400,7.595000,7.759000,7.583000,7.646000,7.604000
204,19,1,7.660200,7.603000,7.784000,7.654000,7.620000,7.640000
205,0,1,7.600000,7.596000,7.495000,7.600000,7.629000,7.680000
205,1,1,7.716800,7.731000,7.690000,7.739000,7.664000,7.760000
205,2,1,7.679600,7.630000,7.644000,7.728000,7.720000,7.676000
205,3,1,7.637000,7.648000,7.568000,7.722000,7.617000,7.630000
205,4,1,7.663400,7.686000,7.602000,7.706000,7.669000,7.654000
205,5,1,7.553400,7.668000,7.441000,7.529000,7.568000,7.561000
205,6,1,7.709800,7.724000,7.669000,7.745000,7.678000,7.733000
205,7,1,7.756000,7.683000,7.685000,7.852000,7.779000,7.781000
205,8,1,7.730800,7.665000,7.715000,7.828000,7.686000,7.760000
205,9,1,7.752400,7.699000,7.701000,7.838000,7.753000,7.771000
205,10,1,7.624400,7.605000,7.669000,7.544000,7.650000,7.654000
205,11,1,7.704000,7.739000,7.670000,7.681000,7.664000,7.766000
205,12,1,7.678200,7.703000,7.683000,7.731000,7.653000,7.621000
205,13,1,7.411000,7.460000,7.376000,7.352000,7.516000,7.351000
205,14,1,7.719400,7.640000,7.674000,7.889000,7.694000,7.700000
205,15,1,7.738000,7.705000,7.724000,7.768000,7.708000,7.785000
205,16,1,7.617000,7.735000,7.494000,7.567000,7.638000,7.651000
205,17,1,7.701000,7.704000,7.632000,7.758000,7.711000,7.700000
205,18,1,7.683400,7.627000,7.664000,7.782000,7.701000,7.643000
205,19,1,7.615600,7.652000,7.555000,7.661000,7.538000,7.672000
206,0,1,7.486200,7.456000,7.460000,7.501000,7.513000,7.501000
206,1,1,7.435800,7.458000,7.446000,7.250000,7.438000,7.587000
206,2,1,7.661400,7.722000,7.612000,7.399000,7.773000,7.801000
206,3,1,7.680600,7.593000,7.627000,7.596000,7.732000,7.855000
206,4,1,7.763800,7.819000,7.696000,7.625000,7.796000,7.883000
206,5,1,7.735400,7.772000,7.727000,7.602000,7.726000,7.850000
206,6,1,7.714200,7.727000,7.646000,7.608000,7.649000,7.941000
206,7,1,7.747400,7.747000,7.686000,7.754000,7.736000,7.814000
206,8,1,7.727200,7.761000,7.701000,7.592000,7.727000,7.855000
206,9,1,7.590000,7.625000,7.493000,7.366000,7.661000,7.805000
206,10,1,7.628800,7.597000,7.601000,7.393000,7.717000,7.836000
206,11,1,7.732200,7.828000,7.717000,7.594000,7.738000,7.784000
206,12,1,7.409800,7.460000,7.404000,7.058000,7.554000,7.573000
206,13,1,7.751400,7.795000,7.797000,7.582000,7.737000,7.846000
206,14,1,7.801400,7.862000,7.741000,7.643000,7.865000,7.896000
206,15,1,7.658800,7.620000,7.644000,7.516000,7.694000,7.820000
206,16,1,7.612200,7.473000,7.641000,7.509000,7.704000,7.734000
206,17,1,7.439400,7.391000,7.467000,7.275000,7.458000,7.606000
206,18,1,7.354600,7.336000,7.328000,7.156000,7.479000,7.474000
206,19,1,7.655400,7.641000,7.662000,7.572000,7.687000,7.715000
207,0,1,7.784600,7.796000,7.762000,7.698000,7.920000,7.747000
207,1,1,7.705600,7.709000,7.702000,7.736000,7.712000,7.669000
207,2,1,7.614600,7.535000,7.650000,7.682000,7.654000,7.552000
207,3,1,7.676000,7.566000,7.725000,7.751000,7.628000,7.710000
207,4,1,7.711800,7.693000,7.731000,7.750000,7.683000,7.702000
207,5,1,7.760800,7.854000,7.794000,7.767000,7.728000,7.661000
207,6,1,7.765800,7.784000,7.803000,7.735000,7.837000,7.670000
207,7,1,7.733200,7.658000,7.693000,7.740000,7.815000,7.760000
207,8,1,7.667200,7.717000,7.641000,7.652000,7.679000,7.647000
207,9,1,7.676000,7.672000,7.678000,7.584000,7.733000,7.713000
207,10,1,7.532200,7.627000,7.462000,7.526000,7.554000,7.492000
207,11,1,7.667400,7.629000,7.678000,7.626000,7.743000,7.661000
207,12,1,7.570200,7.601000,7.596000,7.559000,7.640000,7.455000
207,13,1,7.758800,7.785000,7.737000,7.796000,7.752000,7.724000
207,14,1,7.611600,7.596000,7.585000,7.633000,7.691000,7.553000
207,15,1,7.605000,7.626000,7.554000,7.566000,7.775000,7.504000
207,16,1,7.579400,7.528000,7.521000,7.614000,7.787000,7.447000
207,17,1,7.700800,7.758000,7.716000,7.666000,7.745000,7.619000
207,18,1,7.500600,7.426000,7.557000,7.499000,7.654000,7.367000
207,19,1,7.584200,7.478000,7.600000,7.652000,7.625000,7.566000
208,0,1,7.759200,7.674000,7.724000,7.904000,7.716000,7.778000
208,1,1,7.726200,7.711000,7.656000,7.859000,7.767000,7.638000
208,2,1,7.659000,7.626000,7.618000,7.636000,7.713000,7.702000
208,3,1,7.599600,7.534000,7.503000,7.665000,7.635000,7.661000
208,4,1,7.737200,7.634000,7.728000,7.878000,7.688000,7.758000
208,5,1,7.687800,7.583000,7.711000,7.763000,7.697000,7.685000
208,6,1,7.634200,7.605000,7.556000,7.782000,7.659000,7.569000
208,7,1,7.642000,7.497000,7.575000,7.790000,7.657000,7.691000
208,8,1,7.557800,7.250000,7.478000,7.752000,7.713000,7.596000
208,9,1,7.743400,7.732000,7.637000,7.819000,7.786000,7.743000
208,10,1,7.724000,7.715000,7.667000,7.774000,7.741000,7.723000
208,11,1,7.566200,7.307000,7.630000,7.666000,7.649000,7.579000
208,12,1,7.649200,7.573000,7.570000,7.717000,7.734000,7.652000
208,13,1,7.572400,7.511000,7.505000,7.569000,7.727000,7.550000
208,14,1,7.617600,7.550000,7.556000,7.713000,7.717000,7.552000
208,15,1,7.698000,7.642000,7.645000,7.834000,7.719000,7.650000
208,16,1,7.470800,7.258000,7.481000,7.590000,7.567000,7.458000
208,17,1,7.488200,7.452000,7.438000,7.616000,7.457000,7.478000
208,18,1,7.749800,7.655000,7.638000,7.914000,7.804000,7.738000
208,19,1,7.794200,7.661000,7.755000,7.842000,7.883000,7.830000
209,0,1,7.791800,7.855000,7.868000,7.727000,7.690000,7.819000
209,1,1,7.720600,7.799000,7.654000,7.747000,7.687000,7.716000
209,2,1,7.692000,7.800000,7.747000,7.644000,7.625000,7.644000
209,3,1,7.720600,7.783000,7.617000,7.715000,7.822000,7.666000
209,4,1,7.778000,7.809000,7.712000,7.802000,7.789000,7.778000
209,5,1,7.687800,7.817000,7.671000,7.631000,7.565000,7.755000
209,6,1,7.633800,7.740000,7.605000,7.618000,7.628000,7.578000
209,7,1,7.695400,7.711000,7.653000,7.637000,7.748000,7.728000
209,8,1,7.365800,7.399000,7.387000,7.259000,7.452000,7.332000
209,9,1,7.546800,7.569000,7.485000,7.596000,7.520000,7.564000
209,10,1,7.687000,7.731000,7.686000,7.712000,7.681000,7.625000
209,11,1,7.733400,7.776000,7.736000,7.727000,7.749000,7.679000
209,12,1,7.648200,7.678000,7.626000,7.659000,7.617000,7.661000
209,13,1,7.788600,7.860000,7.805000,7.740000,7.743000,7.795000
209,14,1,7.769200,7.757000,7.833000,7.777000,7.710000,7.769000
209,15,1,7.569800,7.559000,7.542000,7.478000,7.661000,7.609000
209,16,1,7.656200,7.731000,7.660000,7.653000,7.520000,7.717000
209,17,1,7.607600,7.758000,7.680000,7.482000,7.547000,7.571000
209,18,1,7.775600,7.840000,7.806000,7.784000,7.724000,7.724000
209,19,1,7.747200,7.839000,7.816000,7.726000,7.666000,7.689000
210,0,0,5.131400,5.099000,5.052000,5.094000,5.222000,5.190000
210,1,0,5.100600,5.118000,4.897000,5.158000,5.032000,5.298000
210,2,0,5.256200,5.227000,5.215000,5.356000,5.164000,5.319000
210,3,0,5.178000,5.173000,5.019000,5.272000,5.197000,5.229000
210,4,0,5.055400,5.104000,4.968000,5.088000,4.999000,5.118000
210,5,0,4.969200,5.027000,4.853000,4.917000,4.933000,5.116000
210,6,0,5.116200,4.992000,4.982000,5.217000,5.193000,5.197000
210,7,0,5.063400,5.082000,4.903000,5.026000,5.140000,5.166000
210,8,0,5.161000,4.995000,5.194000,5.185000,5.192000,5.239000
210,9,0,5.246600,5.143000,5.173000,5.169000,5.326000,5.422000
210,10,0,5.139800,4.988000,5.077000,5.318000,5.136000,5.180000
210,11,0,4.958200,4.939000,4.981000,4.929000,4.980000,4.962000
210,12,0,5.231000,5.228000,5.062000,5.248000,5.313000,5.304000
210,13,0,5.214600,5.279000,5.148000,5.211000,5.127000,5.308000
210,14,0,4.960000,5.097000,4.725000,4.970000,4.954000,5.054000
210,15,0,5.132800,5.005000,5.097000,5.152000,5.107000,5.303000
210,16,0,4.982200,5.010000,5.103000,4.979000,4.954000,4.865000
210,17,0,5.098600,5.033000,5.090000,5.034000,5.124000,5.212000
210,18,0,5.083400,5.058000,4.981000,5.175000,5.132000,5.071000
210,19,0,5.038400,4.938000,4.989000,5.080000,5.090000,5.095000
210,20,1,7.685800,7.651000,7.582000,7.719000,7.846000,7.631000
210,21,1,7.803800,7.726000,7.698000,7.881000,7.960000,7.754000
210,22,1,7.687000,7.634000,7.626000,7.758000,7.749000,7.668000
210,23,1,7.688000,7.582000,7.649000,7.739000,7.797000,7.673000
210,24,1,7.656400,7.573000,7.625000,7.763000,7.762000,7.559000
210,25,1,7.708600,7.577000,7.717000,7.787000,7.770000,7.692000
210,26,1,7.750600,7.633000,7.760000,7.759000,7.820000,7.781000
210,27,1,7.705600,7.578000,7.583000,7.794000,7.812000,7.761000
210,28,1,7.612400,7.526000,7.544000,7.637000,7.714000,7.641000
210,29,1,7.729400,7.608000,7.725000,7.786000,7.853000,7.675000
210,30,1,7.694400,7.691000,7.533000,7.812000,7.676000,7.760000
210,31,1,7.656400,7.583000,7.549000,7.745000,7.753000,7.652000
210,32,1,7.643600,7.560000,7.634000,7.671000,7.722000,7.631000
210,33,1,7.655800,7.580000,7.556000,7.694000,7.809000,7.640000
210,34,1,7.691800,7.659000,7.610000,7.741000,7.802000,7.647000
210,35,1,7.768000,7.659000,7.772000,7.842000,7.729000,7.838000
210,36,1,7.727000,7.689000,7.629000,7.792000,7.831000,7.694000
210,37,1,7.687000,7.678000,7.637000,7.737000,7.716000,7.667000
210,38,1,7.620000,7.559000,7.498000,7.698000,7.712000,7.633000
210,39,1,7.658600,7.589000,7.548000,7.715000,7.761000,7.680000
210,40,2,5.120400,5.129000,4.915000,5.091000,5.251000,5.216000
210,41,2,5.119000,5.042000,5.007000,5.170000,5.155000,5.221000
210,42,2,5.032600,4.984000,4.896000,5.100000,5.170000,5.013000
210,43,2,5.219400,5.092000,5.185000,5.330000,5.306000,5.184000
210,44,2,4.936200,4.887000,4.829000,5.064000,5.025000,4.876000
210,45,2,5.268200,5.236000,5.144000,5.340000,5.370000,5.251000
210,46,2,5.123000,5.239000,5.073000,5.145000,5.107000,5.051000
210,47,2,5.173400,5.114000,5.095000,5.162000,5.269000,5.227000
210,48,2,5.014400,4.974000,4.958000,5.101000,5.050000,4.989000
210,49,2,4.984800,4.882000,4.929000,5.048000,5.005000,5.060000
210,50,2,5.151000,5.188000,5.062000,5.254000,5.117000,5.134000
210,51,2,4.981400,4.944000,5.024000,4.944000,4.978000,5.017000
210,52,2,4.993800,5.016000,4.951000,5.057000,4.985000,4.960000
210,53,2,5.014400,4.963000,5.024000,4.990000,4.991000,5.104000
210,54,2,5.116200,5.126000,5.052000,5.130000,5.111000,5.162000
210,55,2,5.114600,5.047000,5.050000,5.271000,5.106000,5.099000
210,56,2,5.166400,5.202000,5.038000,5.192000,5.222000,5.178000
210,57,2,5.096000,4.976000,5.160000,5.141000,5.107000,5.096000
210,58,2,4.742600,4.782000,4.644000,4.658000,4.847000,4.782000
210,59,2,5.003400,4.939000,4.980000,5.074000,4.968000,5.056000
210,60,3,4.953800,4.960000,4.938000,4.935000,5.018000,4.918000
210,61,3,5.087400,5.081000,5.080000,5.095000,5.038000,5.143000
210,62,3,4.995400,4.980000,5.028000,4.944000,4.868000,5.157000
210,63,3,5.192000,5.106000,5.226000,5.173000,5.179000,5.276000
210,64,3,4.980400,4.923000,5.005000,4.994000,5.010000,4.970000
210,65,3,4.939000,4.891000,4.799000,4.868000,5.044000,5.093000
210,66,3,4.953200,4.959000,4.828000,4.900000,5.042000,5.037000
210,67,3,5.221800,5.255000,5.158000,5.194000,5.230000,5.272000
210,68,3,5.260000,5.317000,5.226000,5.252000,5.281000,5.224000
210,69,3,4.986400,4.997000,4.927000,4.887000,5.064000,5.057000
210,70,3,4.995200,5.028000,4.966000,4.959000,4.921000,5.102000
210,71,3,5.123200,5.111000,5.132000,5.034000,5.138000,5.201000
210,72,3,4.957200,4.945000,4.961000,4.997000,4.912000,4.971000
210,73,3,5.164400,5.134000,5.103000,5.158000,5.263000,5.164000
210,74,3,5.176400,5.232000,5.057000,5.241000,5.149000,5.203000
210,75,3,5.064800,5.028000,5.004000,4.968000,5.081000,5.243000
210,76,3,5.000400,5.127000,4.892000,5.074000,4.914000,4.995000
210,77,3,4.942800,5.019000,4.882000,4.822000,4.939000,5.052000
210,78,3,4.860000,4.863000,4.862000,4.869000,4.783000,4.923000
210,79,3,4.968800,4.926000,4.818000,4.943000,5.078000,5.079000
210,80,4,4.859000,4.790000,4.672000,4.895000,4.873000,5.065000
210,81,4,4.971600,4.899000,4.937000,4.964000,5.095000,4.963000
210,82,4,4.814800,4.733000,4.649000,4.794000,4.904000,4.994000
210,83,4,5.146800,5.095000,4.971000,5.180000,5.292000,5.196000
210,84,4,4.925600,4.888000,4.850000,4.920000,4.999000,4.971000
210,85,4,4.746800,4.704000,4.696000,4.848000,4.820000,4.666000
210,86,4,4.870000,4.893000,4.911000,4.686000,5.019000,4.841000
210,87,4,4.943000,4.943000,4.858000,5.022000,4.994000,4.898000
210,88,4,4.865400,4.701000,4.939000,4.851000,4.987000,4.849000
210,89,4,4.679600,4.629000,4.620000,4.656000,4.738000,4.755000
210,90,4,4.951600,4.851000,4.897000,4.951000,5.084000,4.975000
210,91,4,4.957600,4.787000,4.986000,4.889000,4.997000,5.129000
210,92,4,4.953000,4.952000,4.919000,4.842000,5.095000,4.957000
210,93,4,4.900600,4.858000,4.743000,4.930000,4.960000,5.012000
210,94,4,4.941600,4.929000,4.901000,4.949000,5.041000,4.888000
210,95,4,5.048400,5.130000,4.835000,5.060000,5.133000,5.084000
210,96,4,4.763800,4.687000,4.756000,4.745000,4.854000,4.777000
210,97,4,4.917200,4.827000,4.822000,4.958000,5.007000,4.972000
210,98,4,4.699800,4.496000,4.586000,4.886000,4.683000,4.848000
210,99,4,4.558600,4.358000,4.615000,4.635000,4.593000,4.592000
211,0,1,7.623000,7.684000,7.672000,7.635000,7.539000,7.585000
211,1,1,7.752200,7.898000,7.764000,7.817000,7.635000,7.647000
211,2,1,7.775200,8.008000,7.740000,7.780000,7.708000,7.640000
211,3,1,7.675200,7.798000,7.662000,7.724000,7.532000,7.660000
211,4,1,7.685800,7.876000,7.649000,7.675000,7.577000,7.652000
211,5,1,7.629000,7.772000,7.615000,7.652000,7.479000,7.627000
211,6,1,7.631000,7.813000,7.611000,7.666000,7.485000,7.580000
211,7,1,7.779200,7.996000,7.777000,7.764000,7.732000,7.627000
211,8,1,7.684200,7.859000,7.680000,7.638000,7.600000,7.644000
211,9,1,7.745600,7.839000,7.762000,7.766000,7.668000,7.693000
211,10,1,7.699000,7.863000,7.758000,7.672000,7.547000,7.655000
211,11,1,7.755800,7.915000,7.855000,7.745000,7.618000,7.646000
211,12,1,7.615400,7.851000,7.712000,7.648000,7.434000,7.432000
211,13,1,7.736200,7.892000,7.739000,7.724000,7.653000,7.673000
211,14,1,7.765800,8.049000,7.799000,7.710000,7.619000,7.652000
211,15,1,7.644000,7.880000,7.559000,7.647000,7.551000,7.583000
211,16,1,7.583400,7.756000,7.621000,7.631000,7.511000,7.398000
211,17,1,7.690400,7.879000,7.725000,7.706000,7.616000,7.526000
211,18,1,7.702600,7.892000,7.680000,7.629000,7.663000,7.649000
211,19,1,7.702600,7.970000,7.681000,7.723000,7.558000,7.581000
212,0,1,7.726600,7.652000,7.702000,7.633000,7.909000,7.737000
212,1,1,7.736800,7.633000,7.712000,7.784000,7.810000,7.745000
212,2,1,7.549600,7.545000,7.459000,7.604000,7.672000,7.468000
212,3,1,7.746600,7.685000,7.723000,7.810000,7.828000,7.687000
212,4,1,7.814200,7.683000,7.770000,7.884000,7.836000,7.898000
212,5,1,7.703000,7.603000,7.637000,7.697000,7.878000,7.700000
212,6,1,7.599800,7.458000,7.629000,7.632000,7.708000,7.572000
212,7,1,7.783600,7.750000,7.702000,7.850000,7.801000,7.815000
212,8,1,7.754600,7.730000,7.684000,7.797000,7.789000,7.773000
212,9,1,7.660000,7.647000,7.611000,7.664000,7.765000,7.613000
212,10,1,7.734000,7.716000,7.709000,7.750000,7.883000,7.612000
212,11,1,7.796800,7.745000,7.769000,7.898000,7.786000,7.786000
212,12,1,7.787000,7.783000,7.688000,7.836000,7.873000,7.755000
212,13,1,7.622800,7.494000,7.630000,7.661000,7.657000,7.672000
212,14,1,7.770400,7.687000,7.613000,7.895000,7.890000,7.767000
212,15,1,7.599000,7.564000,7.549000,7.590000,7.683000,7.609000
212,16,1,7.678600,7.598000,7.690000,7.659000,7.770000,7.676000
212,17,1,7.706800,7.664000,7.728000,7.731000,7.689000,7.722000
212,18,1,7.700400,7.694000,7.695000,7.824000,7.802000,7.487000
212,19,1,7.720200,7.711000,7.702000,7.671000,7.818000,7.699000
213,0,1,7.483400,7.557000,7.450000,7.521000,7.551000,7.338000
213,1,1,7.796800,7.779000,7.845000,7.703000,7.863000,7.794000
213,2,1,7.591200,7.696000,7.602000,7.630000,7.554000,7.474000
213,3,1,7.841800,7.873000,7.761000,7.853000,7.930000,7.792000
213,4,1,7.800000,7.752000,7.789000,7.901000,7.893000,7.665000
213,5,1,7.773000,7.765000,7.751000,7.768000,7.856000,7.725000
213,6,1,7.736000,7.850000,7.624000,7.751000,7.776000,7.679000
213,7,1,7.684600,7.734000,7.709000,7.677000,7.715000,7.588000
213,8,1,7.797200,7.870000,7.849000,7.732000,7.896000,7.639000
213,9,1,7.822200,7.949000,7.775000,7.797000,7.835000,7.755000
213,10,1,7.790600,7.844000,7.832000,7.789000,7.783000,7.705000
213,11,1,7.735600,7.674000,7.728000,7.686000,7.830000,7.760000
213,12,1,7.704800,7.816000,7.618000,7.747000,7.750000,7.593000
213,13,1,7.800600,7.797000,7.893000,7.783000,7.815000,7.715000
213,14,1,7.636200,7.711000,7.627000,7.683000,7.662000,7.498000
213,15,1,7.673400,7.638000,7.656000,7.708000,7.744000,7.621000
213,16,1,7.658400,7.708000,7.530000,7.725000,7.808000,7.521000
213,17,1,7.712200,7.765000,7.740000,7.709000,7.653000,7.694000
213,18,1,7.690200,7.775000,7.751000,7.784000,7.684000,7.457000
213,19,1,7.807200,7.763000,7.826000,7.759000,7.834000,7.854000
214,0,1,7.726800,7.793000,7.802000,7.643000,7.690000,7.706000
214,1,1,7.712000,7.830000,7.825000,7.792000,7.660000,7.453000
214,2,1,7.828200,7.844000,7.737000,7.872000,7.785000,7.903000
214,3,1,7.799000,7.789000,7.817000,7.774000,7.745000,7.870000
214,4,1,7.810400,7.888000,7.924000,7.728000,7.695000,7.817000
214,5,1,7.694000,7.710000,7.644000,7.695000,7.617000,7.804000
214,6,1,7.849200,7.809000,7.858000,7.922000,7.773000,7.884000
214,7,1,7.791000,7.801000,7.815000,7.789000,7.816000,7.734000
214,8,1,7.781200,7.801000,7.726000,7.709000,7.753000,7.917000
214,9,1,7.823000,7.839000,7.762000,7.801000,7.835000,7.878000
214,10,1,7.721600,7.833000,7.671000,7.692000,7.630000,7.782000
214,11,1,7.650400,7.770000,7.531000,7.685000,7.709000,7.557000
214,12,1,7.712400,7.628000,7.761000,7.728000,7.682000,7.763000
214,13,1,7.782000,7.806000,7.785000,7.782000,7.725000,7.812000
214,14,1,7.783400,7.818000,7.828000,7.740000,7.775000,7.756000
214,15,1,7.772600,7.826000,7.777000,7.752000,7.821000,7.687000
214,16,1,7.531600,7.595000,7.551000,7.516000,7.471000,7.525000
214,17,1,7.693600,7.768000,7.686000,7.657000,7.618000,7.739000
214,18,1,7.832400,7.857000,7.835000,7.834000,7.825000,7.811000
214,19,1,7.658800,7.676000,7.626000,7.596000,7.583000,7.813000
215,0,1,7.544200,7.601000,7.439000,7.493000,7.515000,7.673000
215,1,1,7.664000,7.669000,7.603000,7.640000,7.770000,7.638000
215,2,1,7.767600,7.806000,7.779000,7.660000,7.926000,7.667000
215,3,1,7.761800,7.720000,7.785000,7.717000,7.920000,7.667000
215,4,1,7.722400,7.682000,7.736000,7.716000,7.772000,7.706000
215,5,1,7.760400,7.809000,7.737000,7.708000,7.801000,7.747000
215,6,1,7.811200,7.843000,7.857000,7.833000,7.817000,7.706000
215,7,1,7.753200,7.764000,7.613000,7.801000,7.817000,7.771000
215,8,1,7.675800,7.591000,7.765000,7.624000,7.700000,7.699000
215,9,1,7.712400,7.681000,7.615000,7.765000,7.749000,7.752000
215,10,1,7.688000,7.755000,7.586000,7.663000,7.724000,7.712000
215,11,1,7.710400,7.653000,7.741000,7.714000,7.705000,7.739000
215,12,1,7.758400,7.805000,7.700000,7.717000,7.827000,7.743000
215,13,1,7.697600,7.660000,7.681000,7.671000,7.841000,7.635000
215,14,1,7.584000,7.584000,7.487000,7.640000,7.696000,7.513000
215,15,1,7.738800,7.730000,7.742000,7.677000,7.853000,7.692000
215,16,1,7.795800,7.888000,7.816000,7.739000,7.867000,7.669000
215,17,1,7.469600,7.384000,7.448000,7.413000,7.524000,7.579000
215,18,1,7.701200,7.669000,7.781000,7.631000,7.810000,7.615000
215,19,1,7.735200,7.681000,7.765000,7.692000,7.893000,7.645000
216,0,1,7.775200,7.666000,7.779000,7.749000,7.825000,7.857000
216,1,1,7.845800,7.810000,7.791000,7.853000,7.860000,7.915000
216,2,1,7.849800,7.735000,7.758000,7.793000,7.916000,8.047000
216,3,1,7.869400,7.713000,7.852000,7.866000,7.935000,7.981000
216,4,1,7.804800,7.710000,7.838000,7.796000,7.763000,7.917000
216,5,1,7.748000,7.636000,7.781000,7.671000,7.792000,7.860000
216,6,1,7.788600,7.686000,7.798000,7.776000,7.804000,7.879000
216,7,1,7.814800,7.642000,7.846000,7.846000,7.789000,7.951000
216,8,1,7.702000,7.727000,7.717000,7.601000,7.722000,7.743000
216,9,1,7.552600,7.550000,7.501000,7.431000,7.635000,7.646000
216,10,1,7.761600,7.666000,7.757000,7.868000,7.764000,7.753000
216,11,1,7.783000,7.621000,7.775000,7.761000,7.789000,7.969000
216,12,1,7.783400,7.682000,7.842000,7.781000,7.770000,7.842000
216,13,1,7.840000,7.779000,7.840000,7.812000,7.828000,7.941000
216,14,1,7.753600,7.728000,7.735000,7.691000,7.752000,7.862000
216,15,1,7.761800,7.677000,7.799000,7.857000,7.774000,7.702000
216,16,1,7.759400,7.658000,7.762000,7.742000,7.743000,7.892000
216,17,1,7.709600,7.711000,7.654000,7.714000,7.706000,7.763000
216,18,1,7.766400,7.673000,7.722000,7.834000,7.821000,7.782000
216,19,1,7.784600,7.640000,7.733000,7.736000,7.837000,7.977000
217,0,1,7.800800,7.896000,7.812000,7.748000,7.783000,7.765000
217,1,1,7.719400,7.802000,7.673000,7.636000,7.784000,7.702000
217,2,1,7.736000,7.827000,7.722000,7.679000,7.740000,7.712000
217,3,1,7.771800,7.815000,7.788000,7.680000,7.844000,7.732000
217,4,1,7.767200,7.828000,7.795000,7.705000,7.748000,7.760000
217,5,1,7.826400,7.879000,7.758000,7.812000,7.857000,7.826000
217,6,1,7.653600,7.811000,7.742000,7.507000,7.737000,7.471000
217,7,1,7.875000,7.909000,7.880000,7.797000,7.980000,7.809000
217,8,1,7.828800,7.880000,7.784000,7.800000,7.841000,7.839000
217,9,1,7.752000,7.830000,7.698000,7.738000,7.773000,7.721000
217,10,1,7.828800,7.866000,7.830000,7.785000,7.888000,7.775000
217,11,1,7.810400,7.900000,7.762000,7.799000,7.778000,7.813000
217,12,1,7.928200,7.944000,7.891000,7.890000,7.955000,7.961000
217,13,1,7.768600,7.803000,7.745000,7.755000,7.814000,7.726000
217,14,1,7.656400,7.671000,7.741000,7.613000,7.633000,7.624000
217,15,1,7.725600,7.752000,7.777000,7.699000,7.746000,7.654000
217,16,1,7.655600,7.709000,7.686000,7.615000,7.696000,7.572000
217,17,1,7.775400,7.876000,7.692000,7.748000,7.876000,7.685000
217,18,1,7.809000,7.923000,7.763000,7.697000,7.831000,7.831000
217,19,1,7.654000,7.644000,7.670000,7.614000,7.723000,7.619000
218,0,1,7.764800,7.749000,7.859000,7.683000,7.706000,7.827000
218,1,1,7.832800,7.733000,7.967000,7.893000,7.764000,7.807000
218,2,1,7.863800,7.863000,7.999000,7.928000,7.726000,7.803000
218,3,1,7.805600,7.718000,7.867000,7.897000,7.752000,7.794000
218,4,1,7.769200,7.673000,7.910000,7.781000,7.748000,7.734000
218,5,1,7.763400,7.684000,7.816000,7.910000,7.635000,7.772000
218,6,1,7.809200,7.734000,7.854000,7.966000,7.817000,7.675000
218,7,1,7.734200,7.754000,7.886000,7.783000,7.618000,7.630000
218,8,1,7.754200,7.683000,7.893000,7.845000,7.655000,7.695000
218,9,1,7.786800,7.686000,7.918000,7.880000,7.696000,7.754000
218,10,1,7.732000,7.695000,7.859000,7.800000,7.577000,7.729000
218,11,1,7.791000,7.679000,7.916000,7.918000,7.688000,7.754000
218,12,1,7.818800,7.793000,7.923000,7.890000,7.687000,7.801000
218,13,1,7.740200,7.575000,7.864000,7.863000,7.699000,7.700000
218,14,1,7.865800,7.751000,8.018000,7.883000,7.788000,7.889000
218,15,1,7.638000,7.679000,7.694000,7.704000,7.557000,7.556000
218,16,1,7.772800,7.753000,7.859000,7.834000,7.660000,7.758000
218,17,1,7.817800,7.782000,7.949000,7.860000,7.824000,7.674000
218,18,1,7.843000,7.721000,7.966000,7.980000,7.764000,7.784000
218,19,1,7.817200,7.806000,7.862000,7.903000,7.887000,7.628000
219,0,1,7.705800,7.694000,7.779000,7.477000,7.773000,7.806000
219,1,1,7.627200,7.680000,7.641000,7.472000,7.752000,7.591000
219,2,1,7.526600,7.598000,7.539000,7.362000,7.616000,7.518000
219,3,1,7.765600,7.861000,7.762000,7.620000,7.824000,7.761000
219,4,1,7.569000,7.626000,7.669000,7.410000,7.681000,7.459000
219,5,1,7.265200,7.257000,7.275000,7.181000,7.422000,7.191000
219,6,1,7.840800,7.841000,7.892000,7.707000,7.897000,7.867000
219,7,1,7.771400,7.844000,7.769000,7.573000,7.815000,7.856000
219,8,1,7.670400,7.662000,7.718000,7.542000,7.742000,7.688000
219,9,1,7.570000,7.558000,7.579000,7.469000,7.667000,7.577000
219,10,1,7.580800,7.560000,7.704000,7.538000,7.522000,7.580000
219,11,1,7.692400,7.732000,7.750000,7.640000,7.681000,7.659000
219,12,1,7.765200,7.846000,7.796000,7.680000,7.810000,7.694000
219,13,1,7.557600,7.578000,7.686000,7.375000,7.601000,7.548000
219,14,1,7.783800,7.882000,7.798000,7.631000,7.800000,7.808000
219,15,1,7.741200,7.725000,7.816000,7.616000,7.787000,7.762000
219,16,1,7.705800,7.769000,7.656000,7.508000,7.843000,7.753000
219,17,1,7.748600,7.816000,7.711000,7.665000,7.786000,7.765000
219,18,1,7.662400,7.735000,7.745000,7.513000,7.698000,7.621000
219,19,1,7.766400,7.866000,7.822000,7.690000,7.807000,7.647000
220,0,0,5.138400,5.104000,5.269000,5.119000,5.078000,5.122000
220,1,0,5.233600,5.233000,5.279000,5.252000,5.108000,5.296000
220,2,0,5.121400,5.209000,5.121000,5.147000,4.992000,5.138000
220,3,0,5.083600,5.107000,5.183000,5.001000,5.035000,5.092000
220,4,0,5.159400,5.149000,5.139000,5.183000,5.059000,5.267000
220,5,0,4.926200,4.931000,5.042000,4.871000,4.850000,4.937000
220,6,0,5.030600,5.112000,5.047000,4.995000,4.989000,5.010000
220,7,0,5.233400,5.206000,5.218000,5.241000,5.212000,5.290000
220,8,0,5.128800,5.112000,5.243000,5.013000,5.113000,5.163000
220,9,0,4.884000,4.894000,5.000000,4.700000,4.879000,4.947000
220,10,0,5.095600,5.071000,5.125000,5.100000,5.051000,5.131000
220,11,0,5.028800,5.060000,5.033000,5.067000,4.930000,5.054000
220,12,0,5.111800,5.168000,5.164000,5.106000,4.975000,5.146000
220,13,0,5.143600,5.169000,5.121000,5.174000,5.041000,5.213000
220,14,0,4.975200,4.987000,4.951000,5.045000,4.879000,5.014000
220,15,0,4.983400,4.999000,5.099000,4.919000,4.943000,4.957000
220,16,0,4.961200,5.068000,4.923000,4.947000,4.873000,4.995000
220,17,0,5.098000,5.149000,5.198000,4.980000,4.983000,5.180000
220,18,0,5.116200,5.101000,5.191000,5.116000,4.988000,5.185000
220,19,0,5.022200,5.108000,5.040000,4.886000,5.078000,4.999000
220,20,1,7.715200,7.722000,7.744000,7.758000,7.681000,7.671000
220,21,1,7.762000,7.872000,7.687000,7.657000,7.802000,7.792000
220,22,1,7.693800,7.752000,7.632000,7.706000,7.647000,7.732000
220,23,1,7.802400,7.839000,7.762000,7.868000,7.744000,7.799000
220,24,1,7.751400,7.817000,7.774000,7.700000,7.775000,7.691000
220,25,1,7.863000,7.915000,7.831000,7.892000,7.798000,7.879000
220,26,1,7.779800,7.870000,7.680000,7.758000,7.765000,7.826000
220,27,1,7.811400,7.849000,7.773000,7.749000,7.830000,7.856000
220,28,1,7.867800,7.927000,7.896000,7.854000,7.834000,7.828000
220,29,1,7.801600,7.854000,7.778000,7.788000,7.749000,7.839000
220,30,1,7.794200,7.916000,7.756000,7.817000,7.742000,7.740000
220,31,1,7.803000,7.930000,7.710000,7.780000,7.817000,7.778000
220,32,1,7.765600,7.811000,7.791000,7.794000,7.648000,7.784000
220,33,1,7.677600,7.690000,7.701000,7.676000,7.628000,7.693000
220,34,1,7.806800,7.877000,7.762000,7.850000,7.694000,7.851000
220,35,1,7.801000,7.754000,7.751000,7.798000,7.834000,7.868000
220,36,1,7.682400,7.743000,7.668000,7.718000,7.621000,7.662000
220,37,1,7.811200,7.856000,7.821000,7.822000,7.691000,7.866000
220,38,1,7.802600,7.939000,7.708000,7.772000,7.794000,7.800000
220,39,1,7.721800,7.732000,7.721000,7.722000,7.738000,7.696000
220,40,2,4.982800,4.996000,5.044000,5.087000,4.842000,4.945000
220,41,2,4.781400,4.869000,4.789000,4.600000,4.731000,4.918000
220,42,2,4.952200,5.002000,5.094000,4.883000,4.871000,4.911000
220,43,2,5.050800,5.034000,5.153000,4.862000,5.054000,5.151000
220,44,2,4.914200,5.089000,4.949000,4.769000,4.728000,5.036000
220,45,2,4.874000,4.945000,5.070000,4.820000,4.691000,4.844000
220,46,2,4.780600,4.811000,4.830000,4.682000,4.605000,4.975000
220,47,2,4.748200,4.803000,4.746000,4.557000,4.822000,4.813000
220,48,2,4.941200,4.992000,5.041000,4.827000,4.870000,4.976000
220,49,2,4.795000,4.849000,4.736000,4.740000,4.825000,4.825000
220,50,2,4.952200,5.060000,5.091000,4.836000,4.832000,4.942000
220,51,2,4.780600,4.774000,4.847000,4.664000,4.692000,4.926000
220,52,2,4.911800,4.891000,4.946000,4.883000,4.837000,5.002000
220,53,2,4.882800,4.964000,4.937000,4.675000,4.848000,4.990000
220,54,2,5.026400,5.027000,5.077000,5.026000,4.958000,5.044000
220,55,2,4.915600,4.972000,5.030000,4.867000,4.819000,4.890000
220,56,2,4.935800,4.984000,4.940000,4.843000,4.824000,5.088000
220,57,2,4.785800,4.771000,4.934000,4.660000,4.718000,4.846000
220,58,2,4.899800,4.943000,4.936000,4.916000,4.812000,4.892000
220,59,2,5.065200,4.961000,5.144000,5.071000,4.949000,5.201000
220,60,3,4.965800,5.019000,4.973000,4.881000,4.901000,5.055000
220,61,3,4.978800,4.972000,4.939000,5.021000,4.915000,5.047000
220,62,3,4.857800,4.846000,4.930000,4.680000,4.907000,4.926000
220,63,3,5.135000,5.238000,5.124000,5.033000,5.050000,5.230000
220,64,3,4.918800,4.924000,4.968000,4.877000,4.917000,4.908000
220,65,3,5.073000,5.135000,5.075000,5.056000,5.029000,5.070000
220,66,3,5.063000,5.075000,5.057000,4.940000,5.078000,5.165000
220,67,3,4.944600,4.910000,4.947000,4.787000,5.080000,4.999000
220,68,3,5.094000,5.177000,5.115000,4.920000,5.055000,5.203000
220,69,3,5.275600,5.377000,5.306000,5.245000,5.177000,5.273000
220,70,3,4.920400,4.966000,4.989000,4.779000,4.859000,5.009000
220,71,3,5.065200,5.076000,5.081000,5.011000,5.088000,5.070000
220,72,3,5.200800,5.260000,5.170000,5.270000,5.153000,5.151000
220,73,3,5.101600,5.179000,5.006000,5.172000,5.015000,5.136000
220,74,3,4.928200,4.946000,4.897000,4.889000,4.884000,5.025000
220,75,3,5.189600,5.212000,5.264000,5.115000,5.147000,5.210000
220,76,3,5.120400,5.218000,5.056000,5.037000,5.148000,5.143000
220,77,3,4.933400,5.049000,4.932000,4.926000,4.778000,4.982000
220,78,3,4.924600,4.967000,4.965000,4.915000,4.916000,4.860000
220,79,3,5.105000,5.196000,5.163000,5.097000,4.981000,5.088000
220,80,4,4.839800,4.886000,4.858000,4.699000,4.845000,4.911000
220,81,4,4.653400,4.669000,4.643000,4.566000,4.608000,4.781000
220,82,4,4.865600,4.928000,4.918000,4.706000,4.865000,4.911000
220,83,4,4.771600,4.849000,4.893000,4.587000,4.674000,4.855000
220,84,4,4.635600,4.761000,4.631000,4.592000,4.545000,4.649000
220,85,4,4.971600,5.115000,5.087000,4.741000,5.016000,4.899000
220,86,4,4.891000,4.884000,4.977000,4.931000,4.783000,4.880000
220,87,4,5.010400,5.079000,5.058000,4.957000,4.938000,5.020000
220,88,4,4.889400,4.876000,4.859000,4.905000,4.746000,5.061000
220,89,4,4.710800,4.759000,4.656000,4.570000,4.784000,4.785000
220,90,4,4.660800,4.682000,4.812000,4.484000,4.593000,4.733000
220,91,4,4.814200,4.769000,4.742000,4.801000,4.850000,4.909000
220,92,4,4.787600,4.820000,4.749000,4.682000,4.848000,4.839000
220,93,4,4.632200,4.734000,4.637000,4.525000,4.634000,4.631000
220,94,4,4.613200,4.621000,4.675000,4.454000,4.694000,4.622000
220,95,4,4.903600,4.892000,4.842000,4.853000,4.950000,4.981000
220,96,4,4.849200,4.851000,4.836000,4.748000,4.909000,4.902000
220,97,4,4.912600,4.796000,4.950000,4.898000,4.879000,5.040000
220,98,4,4.791800,4.827000,4.786000,4.715000,4.778000,4.853000
220,99,4,4.694000,4.673000,4.627000,4.654000,4.724000,4.792000
221,0,1,7.715800,7.707000,7.739000,7.667000,7.729000,7.737000
221,1,1,7.842600,7.767000,7.826000,7.916000,7.810000,7.894000
221,2,1,7.684400,7.772000,7.629000,7.604000,7.734000,7.683000
221,3,1,7.652000,7.698000,7.572000,7.573000,7.777000,7.640000
221,4,1,7.330000,7.450000,7.270000,7.231000,7.323000,7.376000
221,5,1,7.807600,7.789000,7.756000,7.799000,7.842000,7.852000
221,6,1,7.742600,7.869000,7.696000,7.689000,7.732000,7.727000
221,7,1,7.781600,7.863000,7.720000,7.658000,7.851000,7.816000
221,8,1,7.755200,7.837000,7.668000,7.750000,7.820000,7.701000
221,9,1,7.836000,7.890000,7.755000,7.784000,7.875000,7.876000
221,10,1,7.772600,7.822000,7.747000,7.789000,7.715000,7.790000
221,11,1,7.872200,7.918000,7.875000,7.843000,7.906000,7.819000
221,12,1,7.768800,7.790000,7.693000,7.783000,7.871000,7.707000
221,13,1,7.442400,7.658000,7.336000,7.311000,7.414000,7.493000
221,14,1,7.789800,7.838000,7.703000,7.791000,7.819000,7.798000
221,15,1,7.589800,7.676000,7.426000,7.504000,7.763000,7.580000
221,16,1,7.790200,7.809000,7.724000,7.732000,7.843000,7.843000
221,17,1,7.776000,7.773000,7.750000,7.636000,7.911000,7.810000
221,18,1,7.706600,7.806000,7.507000,7.741000,7.814000,7.665000
221,19,1,7.880200,7.908000,7.841000,7.854000,7.944000,7.854000
222,0,1,7.832400,7.923000,7.744000,7.840000,7.842000,7.813000
222,1,1,7.462400,7.503000,7.457000,7.464000,7.433000,7.455000
222,2,1,7.781000,7.896000,7.709000,7.782000,7.680000,7.838000
222,3,1,7.743200,7.899000,7.683000,7.627000,7.800000,7.707000
222,4,1,7.733000,7.826000,7.621000,7.684000,7.791000,7.743000
222,5,1,7.799600,7.836000,7.739000,7.822000,7.729000,7.872000
222,6,1,7.785400,7.871000,7.754000,7.755000,7.811000,7.736000
222,7,1,7.882800,7.918000,7.794000,7.913000,7.839000,7.950000
222,8,1,7.823400,7.830000,7.801000,7.814000,7.872000,7.800000
222,9,1,7.832200,7.874000,7.740000,7.825000,7.869000,7.853000
222,10,1,7.864000,7.950000,7.890000,7.808000,7.822000,7.850000
222,11,1,7.620400,7.681000,7.658000,7.542000,7.629000,7.592000
222,12,1,7.741400,7.778000,7.741000,7.746000,7.731000,7.711000
222,13,1,7.807800,7.866000,7.828000,7.803000,7.751000,7.791000
222,14,1,7.757200,7.860000,7.610000,7.809000,7.686000,7.821000
222,15,1,7.655600,7.720000,7.614000,7.610000,7.718000,7.616000
222,16,1,7.728200,7.830000,7.659000,7.597000,7.790000,7.765000
222,17,1,7.789800,7.811000,7.783000,7.735000,7.824000,7.796000
222,18,1,7.844800,7.876000,7.846000,7.836000,7.821000,7.845000
222,19,1,7.878400,7.995000,7.749000,7.875000,7.836000,7.937000
223,0,1,7.887200,7.866000,7.842000,7.839000,7.999000,7.890000
223,1,1,7.724400,7.700000,7.711000,7.810000,7.728000,7.673000
223,2,1,7.867200,7.935000,7.807000,7.878000,7.959000,7.757000
223,3,1,7.786000,7.735000,7.764000,7.771000,7.894000,7.766000
223,4,1,7.820200,7.929000,7.792000,7.813000,7.897000,7.670000
223,5,1,7.840400,7.879000,7.910000,7.746000,7.976000,7.691000
223,6,1,7.687000,7.664000,7.595000,7.757000,7.765000,7.654000
223,7,1,7.935000,7.938000,7.916000,7.895000,8.049000,7.877000
223,8,1,7.866600,7.869000,7.851000,7.806000,7.923000,7.884000
223,9,1,7.759800,7.773000,7.770000,7.762000,7.783000,7.711000
223,10,1,7.821800,7.752000,7.752000,7.817000,7.967000,7.821000
223,11,1,7.812000,7.803000,7.788000,7.837000,7.914000,7.718000
223,12,1,7.857000,7.945000,7.688000,7.817000,7.967000,7.868000
223,13,1,7.868600,7.819000,7.856000,7.809000,8.021000,7.838000
223,14,1,7.853600,7.891000,7.866000,7.816000,7.892000,7.803000
223,15,1,7.844200,7.831000,7.832000,7.827000,7.912000,7.819000
223,16,1,7.773400,7.780000,7.713000,7.738000,7.890000,7.746000
223,17,1,7.761600,7.770000,7.762000,7.787000,7.772000,7.717000
223,18,1,7.834000,7.783000,7.812000,7.790000,7.957000,7.828000
223,19,1,7.826000,7.710000,7.721000,7.840000,8.045000,7.814000
224,0,1,7.770600,7.723000,7.792000,7.819000,7.693000,7.826000
224,1,1,7.853600,7.819000,7.885000,7.878000,7.734000,7.952000
224,2,1,7.825000,7.802000,7.831000,7.828000,7.723000,7.941000
224,3,1,7.665200,7.647000,7.655000,7.724000,7.570000,7.730000
224,4,1,7.810800,7.694000,7.861000,7.862000,7.684000,7.953000
224,5,1,7.542200,7.551000,7.576000,7.588000,7.427000,7.569000
224,6,1,7.798200,7.674000,7.870000,7.814000,7.746000,7.887000
224,7,1,7.751000,7.773000,7.770000,7.787000,7.659000,7.766000
224,8,1,7.805400,7.654000,7.970000,7.871000,7.632000,7.900000
224,9,1,7.806400,7.724000,7.840000,7.790000,7.670000,8.008000
224,10,1,7.767600,7.675000,7.889000,7.745000,7.569000,7.960000
224,11,1,7.774200,7.664000,7.873000,7.808000,7.662000,7.864000
224,12,1,7.708800,7.615000,7.710000,7.715000,7.704000,7.800000
224,13,1,7.857200,7.851000,7.816000,7.922000,7.709000,7.988000
224,14,1,7.806600,7.738000,7.780000,7.829000,7.724000,7.962000
224,15,1,7.828000,7.752000,7.927000,7.797000,7.731000,7.933000
224,16,1,7.887800,7.766000,7.966000,7.880000,7.793000,8.034000
224,17,1,7.814000,7.776000,7.873000,7.844000,7.645000,7.932000
224,18,1,7.711000,7.640000,7.753000,7.757000,7.549000,7.856000
224,19,1,7.783800,7.731000,7.815000,7.751000,7.712000,7.910000
225,0,1,7.830400,7.702000,7.799000,7.870000,7.844000,7.937000
225,1,1,7.861400,7.785000,7.755000,7.898000,7.865000,8.004000
225,2,1,7.847800,7.899000,7.819000,7.870000,7.801000,7.850000
225,3,1,7.875000,7.849000,7.736000,7.958000,7.875000,7.957000
225,4,1,7.793600,7.829000,7.717000,7.859000,7.710000,7.853000
225,5,1,7.664200,7.642000,7.553000,7.706000,7.634000,7.786000
225,6,1,7.869600,7.857000,7.757000,7.956000,7.827000,7.951000
225,7,1,7.847800,7.835000,7.825000,7.863000,7.803000,7.913000
225,8,1,7.729200,7.759000,7.621000,7.774000,7.755000,7.737000
225,9,1,7.825000,7.815000,7.756000,7.789000,7.803000,7.962000
225,10,1,7.705200,7.570000,7.751000,7.630000,7.718000,7.857000
225,11,1,7.821000,7.795000,7.690000,7.859000,7.841000,7.920000
225,12,1,7.874800,7.913000,7.760000,7.880000,7.878000,7.943000
225,13,1,7.689000,7.596000,7.606000,7.686000,7.781000,7.776000
225,14,1,7.818400,7.767000,7.788000,7.781000,7.799000,7.957000
225,15,1,7.870800,7.891000,7.805000,7.852000,7.797000,8.009000
225,16,1,7.903600,7.855000,7.898000,7.907000,7.862000,7.996000
225,17,1,7.879800,7.840000,7.757000,7.930000,7.924000,7.948000
225,18,1,7.845600,7.781000,7.774000,7.891000,7.850000,7.932000
225,19,1,7.684000,7.615000,7.713000,7.647000,7.753000,7.692000
226,0,1,7.834200,7.801000,7.930000,7.842000,7.790000,7.808000
226,1,1,7.724400,7.616000,7.769000,7.809000,7.715000,7.713000
226,2,1,7.795600,7.754000,7.888000,7.834000,7.752000,7.750000
226,3,1,7.837200,7.723000,7.908000,7.860000,7.805000,7.890000
226,4,1,7.856400,7.827000,7.933000,7.911000,7.813000,7.798000
226,5,1,7.786200,7.721000,7.878000,7.773000,7.748000,7.811000
226,6,1,7.743400,7.730000,7.775000,7.734000,7.677000,7.801000
226,7,1,7.722000,7.708000,7.823000,7.688000,7.654000,7.737000
226,8,1,7.793000,7.769000,7.841000,7.832000,7.748000,7.775000
226,9,1,7.720400,7.721000,7.836000,7.714000,7.636000,7.695000
226,10,1,7.714200,7.590000,7.780000,7.739000,7.696000,7.766000
226,11,1,7.779000,7.748000,7.813000,7.821000,7.725000,7.788000
226,12,1,7.665200,7.576000,7.781000,7.667000,7.586000,7.716000
226,13,1,7.819000,7.744000,7.835000,7.859000,7.831000,7.826000
226,14,1,7.817600,7.757000,7.819000,7.871000,7.789000,7.852000
226,15,1,7.850800,7.825000,7.853000,7.862000,7.886000,7.828000
226,16,1,7.782600,7.636000,7.846000,7.910000,7.722000,7.799000
226,17,1,7.790200,7.768000,7.758000,7.786000,7.839000,7.800000
226,18,1,7.825400,7.775000,7.768000,7.908000,7.858000,7.818000
226,19,1,7.638800,7.441000,7.764000,7.759000,7.547000,7.683000
227,0,1,7.803800,7.748000,7.844000,7.811000,7.817000,7.799000
227,1,1,7.895600,7.872000,7.851000,7.960000,7.970000,7.825000
227,2,1,7.837600,7.917000,7.656000,7.886000,7.900000,7.829000
227,3,1,7.874000,7.893000,7.935000,7.854000,7.845000,7.843000
227,4,1,7.874800,7.828000,7.848000,7.894000,7.923000,7.881000
227,5,1,7.922000,7.993000,7.886000,7.955000,7.944000,7.832000
227,6,1,7.849000,7.713000,7.902000,7.891000,7.899000,7.840000
227,7,1,7.818600,7.701000,7.862000,7.865000,7.882000,7.783000
227,8,1,7.704200,7.722000,7.665000,7.708000,7.722000,7.704000
227,9,1,7.865000,7.878000,7.776000,7.920000,7.960000,7.791000
227,10,1,7.782200,7.883000,7.695000,7.768000,7.822000,7.743000
227,11,1,7.861600,7.845000,7.793000,7.915000,7.952000,7.803000
227,12,1,7.936400,7.975000,7.925000,7.964000,8.011000,7.807000
227,13,1,7.839200,7.876000,7.777000,7.841000,7.931000,7.771000
227,14,1,7.903800,7.989000,7.747000,7.957000,8.025000,7.801000
227,15,1,7.722800,7.798000,7.736000,7.772000,7.799000,7.509000
227,16,1,7.888800,7.805000,7.935000,7.972000,7.879000,7.853000
227,17,1,7.599800,7.612000,7.534000,7.744000,7.631000,7.478000
227,18,1,7.887400,7.893000,7.915000,7.866000,7.964000,7.799000
227,19,1,7.922600,7.940000,7.922000,7.906000,7.994000,7.851000
228,0,1,7.697200,7.610000,7.688000,7.668000,7.808000,7.712000
228,1,1,7.849000,7.926000,7.761000,7.888000,7.872000,7.798000
228,2,1,7.775200,7.881000,7.752000,7.792000,7.759000,7.692000
228,3,1,7.813400,7.875000,7.820000,7.732000,7.925000,7.715000
228,4,1,7.770200,7.813000,7.708000,7.679000,7.863000,7.788000
228,5,1,7.877200,7.973000,7.859000,7.792000,7.894000,7.868000
228,6,1,7.798400,7.796000,7.813000,7.838000,7.894000,7.651000
228,7,1,7.906400,7.924000,7.856000,7.927000,7.936000,7.889000
228,8,1,7.932800,7.976000,7.917000,7.806000,8.021000,7.944000
228,9,1,7.735600,7.804000,7.623000,7.625000,7.894000,7.732000
228,10,1,7.677400,7.659000,7.581000,7.643000,7.904000,7.600000
228,11,1,7.788800,7.828000,7.754000,7.746000,7.843000,7.773000
228,12,1,7.874200,7.856000,7.816000,7.873000,7.919000,7.907000
228,13,1,7.828200,7.800000,7.786000,7.815000,7.934000,7.806000
228,14,1,7.875000,7.879000,7.847000,7.933000,7.838000,7.878000
228,15,1,7.740200,7.719000,7.714000,7.697000,7.812000,7.759000
228,16,1,7.714600,7.752000,7.635000,7.780000,7.664000,7.742000
228,17,1,7.850000,7.895000,7.777000,7.888000,7.928000,7.762000
228,18,1,7.912400,7.943000,7.909000,7.900000,7.927000,7.883000
228,19,1,7.842400,7.828000,7.835000,7.871000,7.930000,7.748000
229,0,1,7.842800,7.932000,7.898000,7.743000,7.814000,7.827000
229,1,1,7.841400,7.843000,7.937000,7.837000,7.817000,7.773000
229,2,1,7.858800,7.944000,7.841000,7.847000,7.776000,7.886000
229,3,1,7.839800,7.921000,7.854000,7.727000,7.852000,7.845000
229,4,1,7.798600,7.915000,7.824000,7.738000,7.742000,7.774000
229,5,1,7.812400,7.830000,7.899000,7.751000,7.766000,7.816000
229,6,1,7.839000,7.844000,7.852000,7.847000,7.784000,7.868000
229,7,1,7.682400,7.728000,7.738000,7.605000,7.703000,7.638000
229,8,1,7.797800,7.874000,7.819000,7.786000,7.762000,7.748000
229,9,1,7.826600,7.932000,7.824000,7.801000,7.780000,7.796000
229,10,1,7.754400,7.775000,7.773000,7.756000,7.785000,7.683000
229,11,1,7.815000,7.807000,7.903000,7.735000,7.850000,7.780000
229,12,1,7.702600,7.738000,7.779000,7.598000,7.755000,7.643000
229,13,1,7.748000,7.741000,7.783000,7.786000,7.710000,7.720000
229,14,1,7.583600,7.705000,7.549000,7.553000,7.626000,7.485000
229,15,1,7.774000,7.789000,7.896000,7.624000,7.755000,7.806000
229,16,1,7.802200,7.865000,7.817000,7.776000,7.778000,7.775000
229,17,1,7.835800,7.878000,7.870000,7.843000,7.840000,7.748000
229,18,1,7.813800,7.870000,7.813000,7.793000,7.842000,7.751000
229,19,1,7.672600,7.712000,7.787000,7.512000,7.702000,7.650000
230,0,0,5.149200,5.055000,5.166000,5.295000,5.108000,5.122000
230,1,0,5.051800,5.006000,5.220000,5.059000,4.988000,4.986000
230,2,0,5.161600,5.119000,5.333000,5.200000,5.092000,5.064000
230,3,0,5.129200,5.073000,5.169000,5.274000,5.060000,5.070000
230,4,0,5.158800,5.097000,5.243000,5.155000,5.205000,5.094000
230,5,0,5.352600,5.279000,5.408000,5.464000,5.365000,5.247000
230,6,0,5.132600,5.123000,5.258000,5.142000,5.190000,4.950000
230,7,0,5.118400,5.053000,5.313000,5.148000,5.064000,5.014000
230,8,0,5.114800,5.147000,5.092000,5.048000,5.115000,5.172000
230,9,0,5.213400,5.174000,5.336000,5.238000,5.280000,5.039000
230,10,0,5.279400,5.252000,5.203000,5.346000,5.274000,5.322000
230,11,0,5.196400,5.111000,5.298000,5.275000,5.144000,5.154000
230,12,0,5.113600,5.028000,5.159000,5.204000,5.062000,5.115000
230,13,0,5.168600,5.107000,5.284000,5.193000,5.168000,5.091000
230,14,0,5.089200,5.055000,5.352000,5.086000,4.950000,5.003000
230,15,0,4.986800,4.929000,5.064000,5.099000,4.841000,5.001000
230,16,0,5.118000,4.968000,5.231000,5.137000,5.112000,5.142000
230,17,0,5.080400,4.998000,5.224000,5.139000,5.085000,4.956000
230,18,0,5.110800,5.097000,5.195000,5.318000,5.043000,4.901000
230,19,0,4.995400,4.940000,5.010000,5.095000,5.060000,4.872000
230,20,1,7.869000,7.904000,7.889000,7.983000,7.733000,7.836000
230,21,1,7.859000,7.901000,7.824000,7.897000,7.821000,7.852000
230,22,1,7.633200,7.602000,7.728000,7.592000,7.584000,7.660000
230,23,1,7.807000,7.897000,7.693000,7.916000,7.808000,7.721000
230,24,1,7.796200,7.906000,7.691000,7.916000,7.795000,7.673000
230,25,1,7.855800,7.883000,7.783000,8.023000,7.723000,7.867000
230,26,1,7.459000,7.409000,7.521000,7.486000,7.332000,7.547000
230,27,1,7.873000,7.951000,7.847000,7.981000,7.728000,7.858000
230,28,1,7.769400,7.693000,7.787000,7.905000,7.716000,7.746000
230,29,1,7.806000,7.787000,7.731000,7.892000,7.782000,7.838000
230,30,1,7.856200,7.819000,7.916000,7.913000,7.865000,7.768000
230,31,1,7.801800,7.833000,7.692000,8.015000,7.714000,7.755000
230,32,1,7.860400,7.953000,7.827000,7.976000,7.740000,7.806000
230,33,1,7.869600,8.002000,7.812000,7.975000,7.865000,7.694000
230,34,1,7.775000,7.737000,7.846000,7.854000,7.763000,7.675000
230,35,1,7.848200,7.858000,7.806000,7.993000,7.805000,7.779000
230,36,1,7.871200,7.888000,7.833000,8.028000,7.828000,7.779000
230,37,1,7.897200,7.944000,7.789000,8.081000,7.827000,7.845000
230,38,1,7.791800,7.901000,7.602000,7.958000,7.699000,7.799000
230,39,1,7.854000,7.846000,7.845000,8.029000,7.785000,7.765000
230,40,2,5.047800,5.047000,5.074000,4.991000,5.043000,5.084000
230,41,2,5.034800,4.966000,5.122000,5.102000,5.018000,4.966000
230,42,2,4.961600,4.932000,5.072000,4.828000,5.035000,4.941000
230,43,2,5.000200,4.866000,5.147000,5.086000,5.000000,4.902000
230,44,2,4.957200,4.823000,5.051000,4.990000,5.024000,4.898000
230,45,2,4.906400,4.787000,4.980000,4.960000,4.865000,4.940000
230,46,2,4.999200,4.891000,5.011000,5.035000,5.084000,4.975000
230,47,2,5.029800,4.999000,5.029000,5.093000,4.995000,5.033000
230,48,2,5.100400,5.054000,5.115000,5.002000,5.189000,5.142000
230,49,2,4.904800,4.834000,5.025000,4.938000,4.931000,4.796000
230,50,2,5.208800,5.141000,5.207000,5.290000,5.263000,5.143000
230,51,2,5.032200,4.984000,5.111000,5.004000,5.020000,5.042000
230,52,2,5.089400,5.087000,5.144000,5.113000,5.157000,4.946000
230,53,2,5.031200,4.965000,5.074000,5.192000,4.907000,5.018000
230,54,2,5.199400,5.242000,5.242000,5.227000,5.209000,5.077000
230,55,2,5.017200,5.034000,5.123000,5.022000,5.010000,4.897000
230,56,2,4.976000,4.910000,5.012000,5.029000,4.943000,4.986000
230,57,2,5.012000,4.953000,5.058000,4.986000,5.064000,4.999000
230,58,2,5.106400,5.070000,5.203000,5.119000,5.129000,5.011000
230,59,2,5.028600,4.983000,5.041000,5.059000,5.045000,5.015000
230,60,3,5.110400,5.045000,5.161000,5.229000,5.084000,5.033000
230,61,3,5.267200,5.228000,5.392000,5.331000,5.300000,5.085000
230,62,3,5.252600,5.164000,5.234000,5.414000,5.237000,5.214000
230,63,3,5.251800,5.149000,5.398000,5.424000,5.149000,5.139000
230,64,3,5.271800,5.211000,5.396000,5.382000,5.247000,5.123000
230,65,3,5.278200,5.271000,5.351000,5.268000,5.354000,5.147000
230,66,3,4.925400,4.799000,4.944000,4.949000,4.977000,4.958000
230,67,3,5.383800,5.392000,5.411000,5.381000,5.370000,5.365000
230,68,3,5.132800,5.111000,5.188000,5.251000,5.080000,5.034000
230,69,3,5.353600,5.307000,5.414000,5.439000,5.325000,5.283000
230,70,3,5.207000,5.123000,5.248000,5.302000,5.150000,5.212000
230,71,3,5.133200,5.091000,5.151000,5.310000,5.077000,5.037000
230,72,3,5.194200,5.225000,5.352000,5.265000,5.052000,5.077000
230,73,3,5.412600,5.295000,5.406000,5.542000,5.498000,5.322000
230,74,3,5.169400,5.139000,5.263000,5.180000,5.070000,5.195000
230,75,3,5.212600,5.195000,5.204000,5.325000,5.239000,5.100000
230,76,3,5.284200,5.234000,5.457000,5.224000,5.301000,5.205000
230,77,3,5.047600,5.040000,5.133000,5.019000,5.114000,4.932000
230,78,3,5.227800,5.171000,5.264000,5.194000,5.217000,5.293000
230,79,3,4.966000,5.007000,4.928000,5.169000,4.971000,4.755000
230,80,4,4.903600,4.926000,5.123000,4.844000,4.805000,4.820000
230,81,4,5.172000,5.159000,5.275000,5.160000,5.104000,5.162000
230,82,4,5.131600,5.099000,5.236000,5.124000,5.085000,5.114000
230,83,4,5.020600,4.865000,5.247000,5.049000,4.952000,4.990000
230,84,4,5.035600,4.775000,5.116000,5.207000,4.993000,5.087000
230,85,4,5.059400,5.114000,5.135000,4.965000,4.988000,5.095000
230,86,4,4.947600,4.851000,5.046000,4.960000,4.998000,4.883000
230,87,4,5.087800,5.081000,5.030000,5.084000,5.132000,5.112000
230,88,4,4.924600,4.871000,4.908000,4.968000,4.900000,4.976000
230,89,4,4.925200,4.796000,5.009000,4.959000,4.949000,4.913000
230,90,4,4.775000,4.636000,4.910000,4.762000,4.791000,4.776000
230,91,4,4.993800,4.938000,5.119000,4.873000,5.042000,4.997000
230,92,4,4.850400,4.653000,5.020000,4.836000,4.978000,4.765000
230,93,4,5.091400,4.994000,5.217000,5.115000,5.158000,4.973000
230,94,4,4.918000,4.806000,4.964000,4.929000,4.968000,4.923000
230,95,4,4.983800,4.900000,5.106000,5.046000,4.940000,4.927000
230,96,4,4.833200,4.768000,4.862000,4.881000,4.762000,4.893000
230,97,4,4.955800,4.861000,5.111000,4.937000,4.973000,4.897000
230,98,4,5.012200,4.845000,5.141000,4.893000,5.109000,5.073000
230,99,4,4.933200,4.861000,5.039000,4.969000,4.885000,4.912000
231,0,1,7.845000,7.880000,7.787000,7.988000,7.845000,7.725000
231,1,1,7.820600,7.915000,7.741000,7.908000,7.800000,7.739000
231,2,1,7.642800,7.744000,7.569000,7.618000,7.651000,7.632000
231,3,1,7.811800,7.867000,7.858000,7.823000,7.772000,7.739000
231,4,1,7.850400,7.892000,7.770000,7.959000,7.845000,7.786000
231,5,1,7.901200,8.037000,7.791000,7.916000,7.907000,7.855000
231,6,1,7.860600,7.934000,7.835000,7.955000,7.901000,7.678000
231,7,1,7.879600,7.962000,7.830000,7.890000,7.880000,7.836000
231,8,1,7.896400,7.923000,7.801000,8.006000,7.912000,7.840000
231,9,1,7.806800,7.859000,7.736000,7.921000,7.801000,7.717000
231,10,1,7.792000,7.852000,7.655000,7.938000,7.799000,7.716000
231,11,1,7.884800,7.913000,7.855000,7.921000,7.888000,7.847000
231,12,1,7.834200,7.918000,7.761000,7.914000,7.794000,7.784000
231,13,1,7.859000,7.947000,7.744000,7.937000,7.863000,7.804000
231,14,1,7.850800,7.936000,7.746000,7.848000,7.900000,7.824000
231,15,1,7.921800,8.042000,7.840000,8.054000,7.901000,7.772000
231,16,1,7.826200,7.929000,7.679000,7.895000,7.859000,7.769000
231,17,1,7.749400,7.799000,7.780000,7.720000,7.738000,7.710000
231,18,1,7.911400,7.943000,7.882000,7.980000,7.914000,7.838000
231,19,1,7.755000,7.940000,7.679000,7.767000,7.701000,7.688000
232,0,1,7.792200,7.680000,7.804000,7.892000,7.775000,7.810000
232,1,1,7.826200,7.791000,7.826000,7.750000,7.926000,7.838000
232,2,1,7.693200,7.651000,7.653000,7.711000,7.788000,7.663000
232,3,1,7.706600,7.579000,7.667000,7.762000,7.853000,7.672000
232,4,1,7.698000,7.688000,7.621000,7.768000,7.755000,7.658000
232,5,1,7.748400,7.705000,7.751000,7.716000,7.809000,7.761000
232,6,1,7.819400,7.806000,7.788000,7.732000,7.883000,7.888000
232,7,1,7.784600,7.675000,7.753000,7.741000,7.943000,7.811000
232,8,1,7.867800,7.746000,7.918000,7.930000,7.952000,7.793000
232,9,1,7.696600,7.585000,7.700000,7.747000,7.775000,7.676000
232,10,1,7.890600,7.892000,7.857000,7.822000,7.979000,7.903000
232,11,1,7.844000,7.795000,7.830000,7.821000,7.928000,7.846000
232,12,1,7.814800,7.835000,7.772000,7.749000,7.871000,7.847000
232,13,1,7.756600,7.794000,7.779000,7.630000,7.785000,7.795000
232,14,1,7.807200,7.664000,7.840000,7.856000,7.890000,7.786000
232,15,1,7.852800,7.827000,7.792000,7.843000,7.934000,7.868000
232,16,1,7.832400,7.721000,7.814000,7.833000,7.883000,7.911000
232,17,1,7.807000,7.739000,7.803000,7.799000,7.886000,7.808000
232,18,1,7.833000,7.767000,7.750000,7.808000,8.001000,7.839000
232,19,1,7.853400,7.780000,7.869000,7.829000,7.942000,7.847000
233,0,1,7.725200,7.922000,7.687000,7.722000,7.676000,7.619000
233,1,1,7.728800,7.801000,7.724000,7.735000,7.793000,7.591000
233,2,1,7.811600,7.785000,7.942000,7.806000,7.824000,7.701000
233,3,1,7.810000,7.806000,7.849000,7.791000,7.843000,7.761000
233,4,1,7.744800,7.919000,7.856000,7.493000,7.742000,7.714000
233,5,1,7.761200,7.822000,7.854000,7.656000,7.775000,7.699000
233,6,1,7.794400,7.787000,7.862000,7.804000,7.760000,7.759000
233,7,1,7.807800,7.896000,7.786000,7.733000,7.891000,7.733000
233,8,1,7.779800,7.771000,7.838000,7.762000,7.769000,7.759000
233,9,1,7.696800,7.746000,7.674000,7.693000,7.780000,7.591000
233,10,1,7.825800,7.952000,7.783000,7.864000,7.828000,7.702000
233,11,1,7.821200,7.862000,7.809000,7.768000,7.913000,7.754000
233,12,1,7.836000,7.911000,7.861000,7.780000,7.875000,7.753000
233,13,1,7.774800,7.893000,7.785000,7.720000,7.744000,7.732000
233,14,1,7.810800,7.881000,7.856000,7.753000,7.853000,7.711000
233,15,1,7.833200,7.797000,7.878000,7.842000,7.838000,7.811000
233,16,1,7.782000,7.820000,7.805000,7.794000,7.781000,7.710000
233,17,1,7.759400,7.815000,7.838000,7.808000,7.687000,7.649000
233,18,1,7.744400,7.902000,7.676000,7.792000,7.753000,7.599000
233,19,1,7.851800,7.940000,7.818000,7.840000,7.871000,7.790000
234,0,1,7.886200,7.964000,7.848000,7.870000,7.843000,7.906000
234,1,1,7.852200,7.933000,7.830000,7.843000,7.814000,7.841000
234,2,1,7.656800,7.769000,7.507000,7.616000,7.711000,7.681000
234,3,1,7.869000,7.886000,7.906000,7.866000,7.765000,7.922000
234,4,1,7.863800,7.958000,7.698000,7.903000,7.825000,7.935000
234,5,1,7.841200,7.924000,7.821000,7.827000,7.756000,7.878000
234,6,1,7.847400,7.938000,7.828000,7.855000,7.854000,7.762000
234,7,1,7.879000,7.957000,7.798000,7.909000,7.782000,7.949000
234,8,1,7.885000,7.983000,7.842000,7.884000,7.810000,7.906000
234,9,1,7.806200,7.823000,7.782000,7.853000,7.807000,7.766000
234,10,1,7.885000,7.934000,7.818000,7.864000,7.898000,7.911000
234,11,1,7.928200,7.945000,7.905000,7.906000,7.908000,7.977000
234,12,1,7.802000,7.734000,7.861000,7.857000,7.753000,7.805000
234,13,1,7.886000,7.920000,7.886000,7.941000,7.813000,7.870000
234,14,1,7.883200,7.959000,7.834000,7.942000,7.863000,7.818000
234,15,1,7.838800,7.798000,7.863000,7.902000,7.731000,7.900000
234,16,1,7.846200,7.884000,7.819000,7.896000,7.796000,7.836000
234,17,1,7.858800,7.866000,7.854000,7.863000,7.826000,7.885000
234,18,1,7.910200,7.859000,7.897000,7.958000,7.949000,7.888000
234,19,1,7.830200,7.807000,7.764000,7.905000,7.826000,7.849000
235,0,1,7.903600,8.029000,7.894000,7.890000,7.905000,7.800000
235,1,1,7.886800,7.945000,7.782000,7.928000,7.900000,7.879000
235,2,1,7.881600,7.931000,7.727000,7.894000,7.961000,7.895000
235,3,1,7.781400,7.934000,7.638000,7.784000,7.807000,7.744000
235,4,1,7.948000,8.000000,7.895000,7.959000,8.022000,7.864000
235,5,1,7.857200,7.985000,7.760000,7.849000,7.828000,7.864000
235,6,1,7.816600,7.852000,7.735000,7.799000,7.927000,7.770000
235,7,1,7.911200,7.994000,7.899000,7.931000,7.888000,7.844000
235,8,1,7.891000,7.898000,7.852000,7.953000,7.908000,7.844000
235,9,1,7.929800,7.990000,7.843000,7.899000,7.988000,7.929000
235,10,1,7.887600,8.039000,7.721000,7.936000,7.925000,7.817000
235,11,1,7.838800,7.986000,7.746000,7.786000,7.860000,7.816000
235,12,1,7.878000,7.931000,7.849000,7.835000,7.894000,7.881000
235,13,1,7.888800,7.964000,7.899000,7.879000,7.904000,7.798000
235,14,1,7.902000,7.997000,7.909000,7.910000,7.900000,7.794000
235,15,1,7.818400,7.818000,7.825000,7.746000,7.851000,7.852000
235,16,1,7.745600,7.948000,7.647000,7.702000,7.698000,7.733000
235,17,1,7.918800,7.922000,7.868000,7.904000,7.995000,7.905000
235,18,1,7.887200,7.971000,7.811000,7.831000,7.941000,7.882000
235,19,1,7.879600,7.948000,7.754000,7.932000,7.959000,7.805000
236,0,1,7.878200,7.875000,7.859000,7.885000,7.871000,7.901000
236,1,1,7.934400,7.893000,8.010000,7.916000,7.874000,7.979000
236,2,1,7.850000,7.801000,7.835000,7.895000,7.849000,7.870000
236,3,1,7.718800,7.655000,7.707000,7.733000,7.709000,7.790000
236,4,1,7.585800,7.554000,7.592000,7.603000,7.539000,7.641000
236,5,1,7.956000,7.945000,7.973000,7.992000,7.938000,7.932000
236,6,1,7.895800,7.893000,7.946000,7.911000,7.817000,7.912000
236,7,1,7.875200,7.838000,7.869000,7.906000,7.862000,7.901000
236,8,1,7.881000,7.844000,7.942000,7.849000,7.839000,7.931000
236,9,1,7.870400,7.855000,7.864000,7.771000,7.872000,7.990000
236,10,1,7.925600,7.954000,7.879000,7.897000,7.910000,7.988000
236,11,1,7.974600,7.909000,7.929000,8.076000,7.955000,8.004000
236,12,1,7.880000,7.806000,7.902000,7.855000,7.888000,7.949000
236,13,1,7.901200,7.989000,7.882000,7.931000,7.777000,7.927000
236,14,1,7.829800,7.834000,7.814000,7.906000,7.817000,7.778000
236,15,1,7.898200,7.900000,7.845000,7.831000,7.912000,8.003000
236,16,1,7.882200,7.804000,7.908000,7.934000,7.865000,7.900000
236,17,1,7.859000,7.771000,7.832000,7.895000,7.893000,7.904000
236,18,1,7.865000,7.922000,7.794000,7.888000,7.866000,7.855000
236,19,1,7.990400,7.914000,7.943000,8.019000,8.045000,8.031000
237,0,1,7.889600,7.775000,7.990000,7.863000,7.846000,7.974000
237,1,1,7.683600,7.520000,7.784000,7.641000,7.708000,7.765000
237,2,1,7.770600,7.678000,7.858000,7.786000,7.752000,7.779000
237,3,1,7.823200,7.868000,7.824000,7.799000,7.741000,7.884000
237,4,1,7.805400,7.757000,7.925000,7.813000,7.702000,7.830000
237,5,1,7.834000,7.759000,7.904000,7.842000,7.736000,7.929000
237,6,1,7.858000,7.764000,7.887000,7.861000,7.840000,7.938000
237,7,1,7.912600,7.814000,8.015000,7.990000,7.823000,7.921000
237,8,1,7.783600,7.747000,7.753000,7.823000,7.712000,7.883000
237,9,1,7.655400,7.619000,7.646000,7.665000,7.614000,7.733000
237,10,1,7.815000,7.732000,7.913000,7.850000,7.707000,7.873000
237,11,1,7.599000,7.454000,7.742000,7.563000,7.634000,7.602000
237,12,1,7.829000,7.589000,8.014000,7.798000,7.760000,7.984000
237,13,1,7.704000,7.651000,7.711000,7.709000,7.625000,7.824000
237,14,1,7.858800,7.744000,7.825000,7.909000,7.875000,7.941000
237,15,1,7.720800,7.587000,7.845000,7.696000,7.719000,7.757000
237,16,1,7.824600,7.737000,7.781000,7.867000,7.804000,7.934000
237,17,1,7.874000,7.805000,7.840000,7.870000,7.853000,8.002000
237,18,1,7.725000,7.600000,7.851000,7.692000,7.772000,7.710000
237,19,1,7.683600,7.496000,7.791000,7.669000,7.646000,7.816000
238,0,1,7.889400,7.881000,7.823000,7.904000,8.009000,7.830000
238,1,1,7.946000,7.915000,7.923000,7.813000,8.019000,8.060000
238,2,1,7.845200,7.865000,7.761000,7.740000,7.972000,7.888000
238,3,1,7.630600,7.607000,7.498000,7.588000,7.830000,7.630000
238,4,1,7.949800,7.946000,7.896000,7.993000,7.928000,7.986000
238,5,1,7.901000,7.821000,7.963000,7.921000,7.882000,7.918000
238,6,1,7.860000,7.852000,7.723000,7.914000,7.893000,7.918000
238,7,1,7.741400,7.678000,7.685000,7.683000,7.836000,7.825000
238,8,1,7.825400,7.718000,7.849000,7.788000,7.939000,7.833000
238,9,1,7.745000,7.683000,7.653000,7.758000,7.851000,7.780000
238,10,1,7.777400,7.703000,7.773000,7.698000,7.814000,7.899000
238,11,1,7.867600,7.822000,7.883000,7.883000,7.804000,7.946000
238,12,1,7.765600,7.673000,7.746000,7.744000,7.804000,7.861000
238,13,1,7.767400,7.647000,7.743000,7.724000,7.889000,7.834000
238,14,1,7.827200,7.762000,7.788000,7.876000,7.873000,7.837000
238,15,1,7.813000,7.678000,7.810000,7.864000,7.862000,7.851000
238,16,1,7.875400,7.851000,7.847000,7.794000,7.935000,7.950000
238,17,1,7.588600,7.552000,7.431000,7.554000,7.738000,7.668000
238,18,1,7.842800,7.816000,7.779000,7.751000,7.978000,7.890000
238,19,1,7.741600,7.642000,7.740000,7.727000,7.841000,7.758000
239,0,1,7.635400,7.484000,7.603000,7.835000,7.628000,7.627000
239,1,1,7.797600,7.649000,7.868000,7.836000,7.781000,7.854000
239,2,1,7.876800,7.913000,7.928000,7.845000,7.894000,7.804000
239,3,1,7.879000,7.897000,7.979000,7.788000,7.830000,7.901000
239,4,1,7.922200,7.891000,7.905000,7.893000,7.935000,7.987000
239,5,1,7.866200,7.783000,7.873000,7.856000,7.881000,7.938000
239,6,1,7.838800,7.782000,7.830000,7.874000,7.870000,7.838000
239,7,1,7.903400,7.932000,7.963000,7.860000,7.830000,7.932000
239,8,1,7.812400,7.809000,7.750000,7.898000,7.834000,7.771000
239,9,1,7.758200,7.716000,7.732000,7.770000,7.750000,7.823000
239,10,1,7.921400,7.992000,7.915000,7.899000,7.923000,7.878000
239,11,1,7.946400,7.912000,8.034000,7.968000,7.936000,7.882000
239,12,1,7.889400,7.893000,7.926000,7.902000,7.892000,7.834000
239,13,1,7.843400,7.867000,7.827000,7.869000,7.824000,7.830000
239,14,1,7.805800,7.861000,7.752000,7.871000,7.792000,7.753000
239,15,1,7.911600,7.920000,7.859000,7.979000,7.914000,7.886000
239,16,1,7.803400,7.783000,7.753000,7.909000,7.807000,7.765000
239,17,1,7.853600,7.798000,7.925000,7.828000,7.871000,7.846000
239,18,1,7.954200,7.995000,7.909000,7.970000,7.985000,7.912000
239,19,1,7.835600,7.857000,7.808000,7.773000,7.819000,7.921000
240,0,0,5.017800,5.160000,5.008000,5.003000,5.088000,4.830000
240,1,0,5.040800,5.046000,5.088000,5.006000,5.066000,4.998000
240,2,0,4.987200,5.006000,5.037000,4.930000,4.983000,4.980000
240,3,0,5.032000,5.155000,5.123000,5.030000,4.900000,4.952000
240,4,0,5.014400,5.045000,5.082000,5.003000,5.041000,4.901000
240,5,0,5.007600,5.161000,4.926000,4.987000,5.017000,4.947000
240,6,0,5.123800,5.178000,5.225000,5.064000,5.027000,5.125000
240,7,0,4.910000,5.164000,4.916000,4.846000,4.891000,4.733000
240,8,0,4.850600,4.856000,4.832000,4.775000,4.943000,4.847000
240,9,0,5.012800,5.105000,5.097000,5.061000,4.946000,4.855000
240,10,0,5.104000,5.189000,5.201000,5.047000,5.101000,4.982000
240,11,0,5.106200,5.180000,5.139000,5.056000,5.081000,5.075000
240,12,0,5.068000,5.083000,5.078000,5.104000,5.020000,5.055000
240,13,0,4.986200,4.986000,5.036000,5.052000,4.980000,4.877000
240,14,0,5.022200,5.067000,5.162000,4.985000,5.021000,4.876000
240,15,0,4.884200,4.985000,4.908000,4.912000,4.840000,4.776000
240,16,0,4.928800,4.950000,5.003000,4.935000,4.932000,4.824000
240,17,0,5.185200,5.196000,5.248000,5.194000,5.159000,5.129000
240,18,0,5.074800,5.218000,5.089000,5.072000,5.002000,4.993000
240,19,0,5.066400,5.223000,5.109000,5.000000,5.082000,4.918000
240,20,1,7.957800,7.914000,8.024000,8.105000,7.926000,7.820000
240,21,1,7.927800,7.900000,7.893000,8.009000,7.962000,7.875000
240,22,1,7.933000,7.948000,7.991000,7.947000,7.875000,7.904000
240,23,1,7.939400,7.923000,7.925000,8.030000,7.915000,7.904000
240,24,1,7.709000,7.816000,7.781000,7.587000,7.679000,7.682000
240,25,1,7.842000,7.896000,7.883000,7.893000,7.780000,7.758000
240,26,1,7.924600,7.923000,7.913000,7.997000,7.947000,7.843000
240,27,1,7.848600,7.822000,7.976000,7.839000,7.818000,7.788000
240,28,1,7.963200,7.901000,7.980000,8.026000,7.993000,7.916000
240,29,1,7.709400,7.674000,7.848000,7.697000,7.646000,7.682000
240,30,1,7.828800,7.832000,7.900000,7.834000,7.823000,7.755000
240,31,1,7.928600,7.910000,7.932000,8.020000,7.885000,7.896000
240,32,1,7.923200,7.836000,8.007000,8.006000,7.897000,7.870000
240,33,1,7.779200,7.633000,7.877000,7.808000,7.882000,7.696000
240,34,1,7.711800,7.712000,7.782000,7.696000,7.709000,7.660000
240,35,1,7.923800,7.892000,7.991000,7.895000,7.930000,7.911000
240,36,1,7.884800,7.885000,7.963000,7.933000,7.857000,7.786000
240,37,1,7.888400,7.899000,7.938000,7.922000,7.844000,7.839000
240,38,1,7.947000,7.889000,8.017000,7.971000,7.911000,7.947000
240,39,1,7.929200,7.907000,7.949000,8.000000,7.908000,7.882000
240,40,2,5.049800,5.225000,5.041000,5.055000,4.920000,5.008000
240,41,2,5.127600,5.150000,5.157000,5.189000,5.065000,5.077000
240,42,2,5.105200,5.216000,5.173000,5.011000,5.065000,5.061000
240,43,2,4.960800,4.926000,4.983000,4.948000,5.059000,4.888000
240,44,2,5.128600,5.178000,5.144000,5.150000,5.145000,5.026000
240,45,2,5.061000,5.062000,5.076000,5.069000,5.061000,5.037000
240,46,2,5.040400,5.001000,5.073000,5.101000,5.173000,4.854000
240,47,2,5.063200,5.118000,5.229000,5.130000,4.889000,4.950000
240,48,2,5.163200,5.149000,5.164000,5.161000,5.154000,5.188000
240,49,2,5.018600,5.016000,4.974000,4.986000,5.081000,5.036000
240,50,2,5.053200,5.046000,5.046000,5.039000,5.082000,5.053000
240,51,2,5.081400,5.060000,5.137000,5.134000,5.083000,4.993000
240,52,2,4.995000,4.975000,5.040000,4.959000,4.993000,5.008000
240,53,2,4.982800,5.000000,4.947000,4.962000,4.942000,5.063000
240,54,2,5.182200,5.227000,5.398000,5.076000,5.104000,5.106000
240,55,2,5.061000,5.128000,5.124000,4.971000,5.060000,5.022000
240,56,2,5.114400,5.177000,5.132000,4.994000,5.183000,5.086000
240,57,2,5.192400,5.279000,5.285000,5.167000,5.149000,5.082000
240,58,2,5.100400,5.056000,5.148000,4.976000,5.170000,5.152000
240,59,2,5.162600,5.190000,5.167000,5.274000,5.064000,5.118000
240,60,3,5.208400,5.202000,5.207000,5.279000,5.245000,5.109000
240,61,3,5.265600,5.302000,5.318000,5.295000,5.235000,5.178000
240,62,3,5.308000,5.316000,5.303000,5.394000,5.332000,5.195000
240,63,3,5.190600,5.231000,5.200000,5.211000,5.207000,5.104000
240,64,3,5.201800,5.110000,5.311000,5.245000,5.128000,5.215000
240,65,3,5.169800,5.154000,5.229000,5.343000,5.148000,4.975000
240,66,3,5.324200,5.390000,5.309000,5.252000,5.284000,5.386000
240,67,3,5.327200,5.404000,5.438000,5.328000,5.293000,5.173000
240,68,3,5.146000,5.140000,5.264000,5.151000,5.085000,5.090000
240,69,3,5.411800,5.400000,5.417000,5.477000,5.443000,5.322000
240,70,3,5.265600,5.343000,5.358000,5.277000,5.175000,5.175000
240,71,3,5.228600,5.181000,5.308000,5.266000,5.264000,5.124000
240,72,3,5.119400,5.182000,5.169000,5.074000,5.161000,5.011000
240,73,3,5.119200,5.064000,5.197000,5.003000,5.165000,5.167000
240,74,3,5.190800,5.201000,5.251000,5.207000,5.193000,5.102000
240,75,3,5.202800,5.201000,5.285000,5.244000,5.142000,5.142000
240,76,3,5.179000,5.080000,5.308000,5.197000,5.166000,5.144000
240,77,3,5.108200,5.145000,5.094000,5.226000,5.015000,5.061000
240,78,3,5.111400,5.101000,5.227000,5.112000,5.064000,5.053000
240,79,3,5.287800,5.354000,5.303000,5.267000,5.222000,5.293000
240,80,4,5.032200,5.038000,5.134000,5.133000,4.921000,4.935000
240,81,4,5.038800,5.082000,5.081000,4.921000,5.072000,5.038000
240,82,4,5.018400,4.912000,5.070000,5.045000,5.115000,4.950000
240,83,4,4.950400,5.000000,4.893000,5.044000,4.996000,4.819000
240,84,4,5.024200,5.111000,5.088000,5.030000,4.865000,5.027000
240,85,4,4.882200,4.758000,4.961000,4.960000,4.829000,4.903000
240,86,4,5.014000,5.121000,5.041000,5.082000,4.811000,5.015000
240,87,4,4.886400,4.942000,5.032000,4.656000,4.875000,4.927000
240,88,4,4.936400,5.075000,5.056000,4.865000,4.913000,4.773000
240,89,4,4.823200,4.829000,5.016000,4.745000,4.749000,4.777000
240,90,4,4.951600,5.001000,5.095000,4.937000,4.965000,4.760000
240,91,4,4.912200,4.915000,5.079000,4.815000,4.886000,4.866000
240,92,4,4.996400,4.916000,5.076000,5.026000,4.953000,5.011000
240,93,4,4.937800,4.882000,5.138000,4.926000,4.916000,4.827000
240,94,4,5.001000,5.025000,5.051000,5.108000,4.913000,4.908000
240,95,4,5.049000,5.064000,5.251000,4.997000,4.901000,5.032000
240,96,4,4.921800,4.870000,5.040000,4.947000,4.843000,4.909000
240,97,4,5.017200,4.977000,5.091000,5.023000,5.029000,4.966000
240,98,4,5.005800,4.945000,5.085000,5.094000,4.940000,4.965000
240,99,4,4.991600,4.920000,5.146000,4.946000,4.857000,5.089000
241,0,1,7.957600,7.969000,7.985000,8.007000,7.891000,7.936000
241,1,1,7.893000,8.027000,7.806000,7.977000,7.833000,7.822000
241,2,1,7.841200,7.827000,7.854000,7.973000,7.778000,7.774000
241,3,1,7.943200,7.968000,7.966000,8.059000,7.825000,7.898000
241,4,1,7.889000,7.932000,7.866000,7.945000,7.846000,7.856000
241,5,1,7.897000,7.892000,7.952000,8.002000,7.825000,7.814000
241,6,1,7.820400,7.771000,7.880000,7.950000,7.679000,7.822000
241,7,1,7.901800,7.908000,7.865000,7.974000,7.830000,7.932000
241,8,1,7.813200,7.768000,7.844000,7.915000,7.722000,7.817000
241,9,1,7.884600,7.995000,7.867000,7.844000,7.862000,7.855000
241,10,1,7.859800,7.857000,7.818000,8.001000,7.767000,7.856000
241,11,1,7.832600,7.822000,7.772000,7.946000,7.744000,7.879000
241,12,1,7.642400,7.516000,7.780000,7.729000,7.643000,7.544000
241,13,1,7.911200,7.897000,7.917000,8.007000,7.849000,7.886000
241,14,1,7.954400,8.097000,7.908000,7.959000,7.838000,7.970000
241,15,1,7.849800,7.946000,7.854000,7.950000,7.729000,7.770000
241,16,1,7.860600,7.909000,7.932000,7.964000,7.734000,7.764000
241,17,1,7.803200,7.763000,7.770000,7.939000,7.757000,7.787000
241,18,1,7.910400,7.969000,7.922000,7.967000,7.844000,7.850000
241,19,1,7.885200,7.902000,7.853000,7.944000,7.807000,7.920000
242,0,1,7.981800,7.943000,8.031000,7.943000,8.060000,7.932000
242,1,1,7.925000,7.900000,7.911000,7.998000,7.943000,7.873000
242,2,1,7.893400,7.832000,7.806000,7.985000,8.045000,7.799000
242,3,1,7.891200,7.903000,7.935000,7.918000,7.969000,7.731000
242,4,1,7.928400,7.795000,8.006000,8.059000,7.999000,7.783000
242,5,1,7.907600,7.905000,7.927000,7.946000,7.937000,7.823000
242,6,1,7.844600,7.771000,7.787000,7.988000,7.929000,7.748000
242,7,1,7.858000,7.743000,7.899000,7.883000,7.989000,7.776000
242,8,1,7.978000,7.916000,8.054000,8.093000,7.936000,7.891000
242,9,1,7.922000,7.951000,7.917000,7.981000,7.952000,7.809000
242,10,1,7.793000,7.640000,7.784000,7.817000,8.002000,7.722000
242,11,1,7.925400,7.882000,7.934000,7.981000,8.040000,7.790000
242,12,1,7.854000,7.744000,7.926000,7.898000,7.977000,7.725000
242,13,1,7.935000,7.994000,7.898000,7.985000,7.923000,7.875000
242,14,1,7.973600,7.874000,7.999000,8.084000,8.052000,7.859000
242,15,1,7.907000,7.908000,7.922000,7.907000,7.975000,7.823000
242,16,1,7.757200,7.698000,7.779000,7.780000,7.843000,7.686000
242,17,1,7.945400,7.949000,7.997000,7.937000,7.994000,7.850000
242,18,1,7.935600,7.892000,7.930000,8.010000,8.070000,7.776000
242,19,1,7.873800,7.831000,7.865000,7.913000,7.948000,7.812000
243,0,1,7.822600,7.891000,7.757000,7.784000,7.896000,7.785000
243,1,1,7.923200,7.930000,7.961000,7.831000,7.998000,7.896000
243,2,1,7.858400,7.886000,7.787000,7.870000,7.906000,7.843000
243,3,1,7.898000,7.896000,7.892000,7.904000,7.928000,7.870000
243,4,1,7.873200,7.933000,7.753000,7.874000,7.953000,7.853000
243,5,1,7.904000,7.836000,7.985000,7.784000,8.027000,7.888000
243,6,1,7.919600,7.895000,7.949000,7.914000,7.989000,7.851000
243,7,1,7.701800,7.662000,7.739000,7.607000,7.875000,7.626000
243,8,1,7.936400,7.861000,7.932000,7.918000,8.003000,7.968000
243,9,1,7.923600,7.962000,7.901000,7.884000,7.995000,7.876000
243,10,1,7.765200,7.718000,7.795000,7.713000,7.847000,7.753000
243,11,1,7.971000,7.963000,8.013000,7.946000,7.918000,8.015000
243,12,1,7.894000,7.778000,7.919000,7.888000,7.975000,7.910000
243,13,1,7.970800,7.949000,7.931000,7.978000,8.044000,7.952000
243,14,1,7.875000,7.791000,7.833000,7.868000,7.943000,7.940000
243,15,1,7.935000,8.007000,7.872000,7.960000,7.983000,7.853000
243,16,1,7.913600,7.872000,7.871000,7.902000,8.015000,7.908000
243,17,1,7.951200,7.986000,7.972000,7.930000,8.025000,7.843000
243,18,1,7.946200,7.935000,7.935000,7.935000,8.006000,7.920000
243,19,1,7.762800,7.774000,7.714000,7.712000,7.893000,7.721000
244,0,1,7.929200,7.983000,7.890000,8.002000,7.860000,7.911000
244,1,1,7.848000,7.873000,7.797000,7.902000,7.802000,7.866000
244,2,1,7.763200,7.822000,7.740000,7.703000,7.790000,7.761000
244,3,1,7.884600,7.935000,7.987000,7.891000,7.810000,7.800000
244,4,1,7.824800,7.789000,7.809000,7.941000,7.784000,7.801000
244,5,1,7.824000,7.762000,7.861000,7.922000,7.747000,7.828000
244,6,1,7.882200,7.813000,7.999000,7.902000,7.890000,7.807000
244,7,1,7.847600,7.872000,7.861000,7.890000,7.794000,7.821000
244,8,1,7.911800,7.898000,7.985000,7.990000,7.863000,7.823000
244,9,1,7.904000,7.932000,7.993000,7.874000,7.883000,7.838000
244,10,1,7.761800,7.695000,7.793000,7.782000,7.735000,7.804000
244,11,1,7.816000,7.720000,7.841000,7.876000,7.794000,7.849000
244,12,1,7.872600,7.880000,7.962000,7.909000,7.785000,7.827000
244,13,1,7.873600,7.838000,7.970000,7.927000,7.767000,7.866000
244,14,1,7.879000,7.856000,7.985000,7.840000,7.846000,7.868000
244,15,1,7.749400,7.809000,7.717000,7.688000,7.767000,7.766000
244,16,1,7.744200,7.741000,7.723000,7.682000,7.695000,7.880000
244,17,1,7.830800,7.753000,7.828000,7.911000,7.795000,7.867000
244,18,1,7.867000,7.915000,7.857000,7.862000,7.836000,7.865000
244,19,1,7.690600,7.673000,7.617000,7.772000,7.650000,7.741000
245,0,1,7.947400,7.821000,7.948000,8.049000,7.866000,8.053000
245,1,1,7.917800,7.921000,7.692000,7.925000,7.965000,8.086000
245,2,1,7.935400,7.938000,7.858000,7.888000,8.029000,7.964000
245,3,1,7.888400,7.826000,7.906000,7.867000,7.854000,7.989000
245,4,1,7.749200,7.738000,7.688000,7.861000,7.528000,7.931000
245,5,1,7.945400,7.864000,7.897000,8.000000,7.937000,8.029000
245,6,1,7.953200,7.950000,7.864000,8.030000,7.930000,7.992000
245,7,1,7.885800,7.808000,7.812000,7.932000,7.913000,7.964000
245,8,1,7.850800,7.883000,7.712000,7.854000,7.922000,7.883000
245,9,1,8.005600,8.054000,7.938000,8.024000,7.986000,8.026000
245,10,1,7.905600,7.961000,7.825000,7.872000,7.881000,7.989000
245,11,1,7.958200,7.955000,7.843000,8.086000,7.969000,7.938000
245,12,1,7.914400,7.888000,7.874000,7.948000,7.845000,8.017000
245,13,1,7.887200,7.931000,7.866000,7.860000,7.909000,7.870000
245,14,1,7.921600,7.978000,7.802000,8.013000,7.924000,7.891000
245,15,1,7.924200,7.895000,7.813000,8.016000,7.949000,7.948000
245,16,1,7.950800,8.033000,7.840000,8.053000,7.836000,7.992000
245,17,1,7.908400,7.961000,7.684000,7.971000,7.934000,7.992000
245,18,1,7.994600,8.058000,7.934000,7.988000,7.964000,8.029000
245,19,1,7.978800,7.994000,7.914000,7.979000,7.955000,8.052000
246,0,1,7.892600,7.853000,7.843000,8.033000,7.763000,7.971000
246,1,1,7.892600,7.936000,7.775000,7.994000,7.845000,7.913000
246,2,1,7.830400,7.743000,7.748000,7.931000,7.875000,7.855000
246,3,1,7.921600,7.817000,7.767000,8.122000,7.963000,7.939000
246,4,1,7.890400,7.833000,7.868000,7.994000,7.898000,7.859000
246,5,1,7.851200,7.791000,7.883000,7.913000,7.802000,7.867000
246,6,1,7.923000,7.936000,7.847000,8.018000,7.843000,7.971000
246,7,1,7.932200,7.905000,7.869000,8.038000,7.934000,7.915000
246,8,1,7.798400,7.843000,7.704000,7.829000,7.786000,7.830000
246,9,1,7.907000,7.860000,7.933000,8.031000,7.749000,7.962000
246,10,1,7.849600,7.845000,7.808000,7.914000,7.891000,7.790000
246,11,1,7.796800,7.905000,7.793000,7.746000,7.735000,7.805000
246,12,1,7.858400,7.984000,7.852000,7.925000,7.768000,7.763000
246,13,1,7.859200,7.906000,7.758000,7.958000,7.773000,7.901000
246,14,1,7.837200,7.764000,7.806000,7.876000,7.739000,8.001000
246,15,1,7.880200,7.894000,7.784000,7.935000,7.862000,7.926000
246,16,1,7.899400,7.943000,7.811000,7.984000,7.869000,7.890000
246,17,1,7.832000,7.932000,7.758000,7.893000,7.787000,7.790000
246,18,1,7.914400,7.896000,7.924000,7.895000,7.864000,7.993000
246,19,1,7.890400,7.921000,7.858000,7.958000,7.948000,7.767000
247,0,1,7.733800,7.685000,7.696000,7.805000,7.698000,7.785000
247,1,1,7.951600,7.872000,7.995000,7.935000,7.922000,8.034000
247,2,1,7.862600,7.823000,7.883000,7.868000,7.768000,7.971000
247,3,1,7.837600,7.712000,7.881000,7.807000,7.915000,7.873000
247,4,1,7.779000,7.731000,7.864000,7.763000,7.618000,7.919000
247,5,1,7.812000,7.687000,7.907000,7.796000,7.784000,7.886000
247,6,1,7.839600,7.713000,7.904000,7.799000,7.755000,8.027000
247,7,1,7.901000,7.854000,7.867000,7.979000,7.901000,7.904000
247,8,1,7.657600,7.707000,7.692000,7.604000,7.637000,7.648000
247,9,1,7.850800,7.814000,7.849000,7.834000,7.794000,7.963000
247,10,1,7.892800,7.780000,7.923000,8.049000,7.794000,7.918000
247,11,1,7.829400,7.727000,7.918000,7.877000,7.776000,7.849000
247,12,1,7.897200,7.811000,7.955000,7.899000,7.860000,7.961000
247,13,1,7.927800,7.916000,7.954000,7.904000,7.904000,7.961000
247,14,1,7.893400,7.832000,7.968000,7.885000,7.829000,7.953000
247,15,1,7.916800,7.878000,7.865000,7.905000,7.927000,8.009000
247,16,1,7.825800,7.692000,7.810000,7.933000,7.835000,7.859000
247,17,1,7.850600,7.834000,7.890000,7.883000,7.775000,7.871000
247,18,1,7.937600,7.913000,7.985000,7.966000,7.771000,8.053000
247,19,1,7.871400,7.803000,7.833000,7.975000,7.877000,7.869000
248,0,1,7.921600,7.921000,7.955000,7.965000,7.840000,7.927000
248,1,1,7.743400,7.714000,7.889000,7.794000,7.702000,7.618000
248,2,1,7.841800,7.884000,7.908000,7.884000,7.770000,7.763000
248,3,1,7.829600,7.800000,7.923000,7.826000,7.797000,7.802000
248,4,1,7.905400,7.905000,8.017000,7.959000,7.889000,7.757000
248,5,1,7.895000,7.902000,7.950000,7.949000,7.878000,7.796000
248,6,1,7.890200,7.888000,7.996000,7.955000,7.842000,7.770000
248,7,1,7.903200,7.911000,7.982000,7.994000,7.818000,7.811000
248,8,1,7.711200,7.736000,7.891000,7.703000,7.682000,7.544000
248,9,1,7.910400,7.914000,7.844000,7.926000,7.879000,7.989000
248,10,1,7.364000,7.285000,7.502000,7.233000,7.441000,7.359000
248,11,1,7.825800,7.773000,7.755000,7.975000,7.752000,7.874000
248,12,1,7.864400,7.910000,7.973000,7.882000,7.761000,7.796000
248,13,1,7.886600,7.783000,7.914000,7.910000,7.874000,7.952000
248,14,1,7.833400,7.844000,7.817000,7.821000,7.856000,7.829000
248,15,1,7.859400,7.903000,7.886000,7.913000,7.778000,7.817000
248,16,1,7.860200,7.838000,7.889000,7.954000,7.838000,7.782000
248,17,1,7.847800,7.788000,7.881000,7.901000,7.795000,7.874000
248,18,1,7.830400,7.754000,7.915000,7.889000,7.789000,7.805000
248,19,1,7.805600,7.772000,7.777000,7.819000,7.827000,7.833000
249,0,1,7.845400,7.818000,7.972000,7.778000,7.789000,7.870000
249,1,1,7.892000,7.826000,7.892000,7.851000,7.888000,8.003000
249,2,1,7.914000,7.846000,7.961000,7.868000,7.953000,7.942000
249,3,1,7.820800,7.797000,7.722000,7.858000,7.818000,7.909000
249,4,1,7.841000,7.701000,7.898000,7.831000,7.842000,7.933000
249,5,1,7.848600,7.849000,7.919000,7.845000,7.833000,7.797000
249,6,1,7.871800,7.795000,7.782000,7.883000,7.971000,7.928000
249,7,1,7.890800,7.925000,7.845000,7.922000,7.897000,7.865000
249,8,1,7.747400,7.629000,7.699000,7.808000,7.812000,7.789000
249,9,1,7.900000,7.844000,7.980000,7.817000,7.908000,7.951000
249,10,1,7.865800,7.826000,7.839000,7.836000,7.971000,7.857000
249,11,1,7.861800,7.749000,7.919000,7.861000,7.882000,7.898000
249,12,1,7.780000,7.718000,7.794000,7.780000,7.909000,7.699000
249,13,1,7.873200,7.800000,7.882000,7.804000,7.940000,7.940000
249,14,1,7.911400,7.917000,7.867000,7.871000,7.940000,7.962000
249,15,1,7.828400,7.728000,7.868000,7.836000,7.871000,7.839000
249,16,1,7.861400,7.774000,7.871000,7.890000,7.896000,7.876000
249,17,1,7.872200,7.762000,7.886000,7.921000,7.852000,7.940000
249,18,1,7.756600,7.712000,7.795000,7.795000,7.739000,7.742000
249,19,1,7.859400,7.814000,7.893000,7.800000,7.909000,7.881000
250,0,0,4.953600,4.867000,4.952000,4.984000,4.845000,5.120000
250,1,0,4.862800,4.764000,4.908000,4.839000,4.808000,4.995000
250,2,0,5.059800,4.991000,5.040000,5.071000,4.910000,5.287000
250,3,0,4.918200,4.760000,4.954000,4.985000,4.839000,5.053000
250,4,0,5.016800,4.936000,4.982000,5.028000,4.965000,5.173000
250,5,0,4.907000,4.735000,5.030000,4.942000,4.783000,5.045000
250,6,0,5.044600,4.904000,4.995000,5.020000,4.966000,5.338000
250,7,0,4.843400,4.714000,4.881000,4.899000,4.590000,5.133000
250,8,0,5.003600,4.857000,5.075000,4.988000,4.852000,5.246000
250,9,0,4.942800,4.937000,4.930000,4.973000,4.870000,5.004000
250,10,0,4.922000,4.693000,4.946000,5.056000,4.776000,5.139000
250,11,0,5.035000,4.995000,5.000000,5.035000,4.918000,5.227000
250,12,0,5.023800,4.960000,4.961000,5.052000,4.993000,5.153000
250,13,0,4.852200,4.715000,4.867000,4.898000,4.815000,4.966000
250,14,0,4.880600,4.711000,4.800000,4.937000,4.856000,5.099000
250,15,0,5.123000,4.993000,5.047000,5.111000,5.113000,5.351000
250,16,0,4.801800,4.611000,4.891000,4.862000,4.761000,4.884000
250,17,0,4.994200,4.931000,5.009000,5.018000,4.932000,5.081000
250,18,0,5.052000,5.043000,5.111000,5.046000,4.905000,5.155000
250,19,0,5.011800,4.952000,5.078000,4.983000,4.890000,5.156000
250,20,1,7.790600,7.895000,7.762000,7.609000,7.687000,8.000000
250,21,1,7.850200,7.849000,7.801000,7.742000,7.845000,8.014000
250,22,1,7.845200,7.889000,7.835000,7.727000,7.851000,7.924000
250,23,1,7.865600,7.818000,7.923000,7.764000,7.912000,7.911000
250,24,1,7.895800,7.874000,7.936000,7.794000,7.935000,7.940000
250,25,1,7.743000,7.538000,7.828000,7.727000,7.783000,7.839000
250,26,1,7.855600,7.878000,7.773000,7.726000,7.891000,8.010000
250,27,1,7.772600,7.743000,7.762000,7.738000,7.771000,7.849000
250,28,1,7.916000,7.949000,7.867000,7.804000,7.966000,7.994000
250,29,1,7.835600,7.788000,7.790000,7.827000,7.836000,7.937000
250,30,1,7.815400,7.823000,7.792000,7.724000,7.853000,7.885000
250,31,1,7.880000,7.819000,7.935000,7.846000,7.837000,7.963000
250,32,1,7.845400,7.817000,7.885000,7.743000,7.775000,8.007000
250,33,1,7.841800,7.907000,7.911000,7.664000,7.840000,7.887000
250,34,1,7.858600,7.917000,7.883000,7.730000,7.730000,8.033000
250,35,1,7.839600,7.874000,7.814000,7.737000,7.864000,7.909000
250,36,1,7.827200,7.757000,7.808000,7.748000,7.871000,7.952000
250,37,1,7.831000,7.755000,7.772000,7.756000,7.873000,7.999000
250,38,1,7.782400,7.809000,7.733000,7.688000,7.824000,7.858000
250,39,1,7.868200,7.799000,7.870000,7.813000,7.937000,7.922000
250,40,2,5.132400,4.915000,5.131000,5.279000,5.150000,5.187000
250,41,2,5.012200,4.874000,5.034000,5.058000,4.937000,5.158000
250,42,2,5.124200,4.931000,5.164000,5.185000,5.093000,5.248000
250,43,2,5.174000,5.125000,5.162000,5.246000,5.089000,5.248000
250,44,2,5.056400,4.920000,5.060000,5.128000,4.900000,5.274000
250,45,2,5.061400,4.882000,5.155000,5.147000,5.036000,5.087000
250,46,2,5.187400,5.007000,5.245000,5.239000,5.135000,5.311000
250,47,2,5.103000,4.935000,5.111000,5.216000,5.109000,5.144000
250,48,2,5.108800,4.903000,5.170000,5.242000,5.143000,5.086000
250,49,2,5.117400,5.046000,5.073000,5.078000,5.181000,5.209000
250,50,2,5.085600,5.061000,5.127000,5.064000,4.980000,5.196000
250,51,2,5.045400,4.937000,5.002000,5.121000,5.036000,5.131000
250,52,2,5.335400,5.323000,5.320000,5.373000,5.349000,5.312000
250,53,2,5.168800,5.196000,5.233000,5.101000,5.151000,5.163000
250,54,2,4.853000,4.663000,4.805000,4.976000,4.850000,4.971000
250,55,2,5.201600,5.059000,5.218000,5.196000,5.172000,5.363000
250,56,2,5.035000,4.995000,4.977000,5.156000,5.016000,5.031000
250,57,2,4.949200,4.932000,4.987000,4.926000,4.860000,5.041000
250,58,2,5.018200,5.067000,4.957000,5.080000,4.996000,4.991000
250,59,2,5.234800,5.163000,5.257000,5.224000,5.226000,5.304000
250,60,3,5.218000,5.114000,5.365000,5.219000,5.001000,5.391000
250,61,3,5.227400,5.087000,5.235000,5.237000,5.158000,5.420000
250,62,3,5.266600,5.256000,5.335000,5.320000,5.128000,5.294000
250,63,3,5.125600,4.982000,5.260000,5.122000,5.006000,5.258000
250,64,3,5.118200,5.024000,5.236000,5.160000,4.941000,5.230000
250,65,3,5.076800,5.001000,5.166000,5.172000,5.008000,5.037000
250,66,3,5.213800,5.137000,5.331000,5.251000,5.135000,5.215000
250,67,3,5.338600,5.289000,5.319000,5.379000,5.243000,5.463000
250,68,3,5.171600,5.125000,5.286000,5.117000,5.037000,5.293000
250,69,3,5.099400,5.014000,5.180000,5.090000,4.972000,5.241000
250,70,3,5.108200,4.936000,5.244000,5.171000,4.929000,5.261000
250,71,3,5.169600,5.029000,5.234000,5.241000,5.049000,5.295000
250,72,3,5.137800,5.144000,5.139000,5.111000,5.009000,5.286000
250,73,3,5.304200,5.220000,5.401000,5.367000,5.268000,5.265000
250,74,3,5.159200,5.210000,5.202000,5.101000,5.077000,5.206000
250,75,3,5.122600,4.910000,5.213000,5.143000,5.027000,5.320000
250,76,3,5.297200,5.203000,5.363000,5.350000,5.139000,5.431000
250,77,3,5.221400,5.160000,5.309000,5.082000,5.106000,5.450000
250,78,3,5.202200,5.086000,5.384000,5.143000,5.098000,5.300000
250,79,3,5.101800,5.079000,5.164000,5.070000,5.018000,5.178000
250,80,4,4.898200,4.823000,4.853000,5.015000,4.780000,5.020000
250,81,4,4.738000,4.732000,4.666000,4.742000,4.646000,4.904000
250,82,4,4.708200,4.585000,4.932000,4.658000,4.738000,4.628000
250,83,4,4.833600,4.775000,4.920000,4.928000,4.636000,4.909000
250,84,4,4.637600,4.540000,4.579000,4.688000,4.578000,4.803000
250,85,4,4.659800,4.532000,4.554000,4.619000,4.651000,4.943000
250,86,4,4.779000,4.499000,4.805000,4.958000,4.724000,4.909000
250,87,4,4.714200,4.635000,4.733000,4.757000,4.578000,4.868000
250,88,4,4.626000,4.533000,4.763000,4.672000,4.503000,4.659000
250,89,4,4.725600,4.654000,4.881000,4.767000,4.579000,4.747000
250,90,4,4.826600,4.744000,4.856000,4.911000,4.730000,4.892000
250,91,4,4.685200,4.597000,4.703000,4.722000,4.657000,4.747000
250,92,4,4.790200,4.809000,4.749000,4.869000,4.646000,4.878000
250,93,4,4.836000,4.707000,4.844000,4.954000,4.669000,5.006000
250,94,4,4.787800,4.652000,4.829000,4.874000,4.740000,4.844000
250,95,4,4.816400,4.761000,4.821000,4.799000,4.843000,4.858000
250,96,4,4.740800,4.739000,4.793000,4.804000,4.657000,4.711000
250,97,4,4.882800,4.929000,4.876000,4.782000,4.815000,5.012000
250,98,4,4.727800,4.728000,4.659000,4.752000,4.574000,4.926000
250,99,4,4.794000,4.649000,4.799000,4.870000,4.818000,4.834000
251,0,1,7.696600,7.703000,7.728000,7.738000,7.824000,7.490000
251,1,1,7.815400,7.816000,7.889000,7.877000,7.843000,7.652000
251,2,1,7.891200,7.966000,7.924000,7.898000,7.838000,7.830000
251,3,1,7.846200,7.841000,7.929000,7.769000,7.945000,7.747000
251,4,1,7.748800,7.814000,7.794000,7.669000,7.761000,7.706000
251,5,1,7.890400,7.879000,7.923000,7.898000,7.953000,7.799000
251,6,1,7.920200,7.980000,7.952000,7.964000,7.905000,7.800000
251,7,1,7.869400,7.995000,7.856000,7.802000,7.934000,7.760000
251,8,1,7.800400,7.905000,7.844000,7.799000,7.732000,7.722000
251,9,1,7.888400,8.012000,7.880000,7.804000,7.841000,7.905000
251,10,1,7.850600,7.983000,7.845000,7.795000,7.786000,7.844000
251,11,1,7.849800,7.922000,7.743000,7.814000,7.991000,7.779000
251,12,1,7.790200,7.838000,7.826000,7.703000,7.870000,7.714000
251,13,1,7.826400,7.923000,7.899000,7.957000,7.771000,7.582000
251,14,1,7.797200,7.804000,7.811000,7.898000,7.842000,7.631000
251,15,1,7.810400,7.867000,7.750000,7.771000,7.888000,7.776000
251,16,1,7.748800,7.852000,7.866000,7.556000,7.807000,7.663000
251,17,1,7.869600,7.919000,7.922000,7.874000,7.884000,7.749000
251,18,1,7.726200,7.905000,7.800000,7.644000,7.656000,7.626000
251,19,1,7.900000,8.018000,7.867000,7.751000,8.004000,7.860000
252,0,1,7.920400,7.953000,7.909000,7.897000,7.914000,7.929000
252,1,1,7.890400,7.893000,7.792000,7.891000,7.954000,7.922000
252,2,1,7.956200,8.092000,7.968000,7.862000,7.953000,7.906000
252,3,1,7.919600,7.904000,7.901000,7.926000,7.891000,7.976000
252,4,1,7.901800,7.937000,7.843000,7.902000,7.956000,7.871000
252,5,1,7.916000,7.904000,7.926000,7.908000,7.978000,7.864000
252,6,1,7.926000,7.838000,7.959000,7.896000,7.950000,7.987000
252,7,1,7.912800,7.933000,7.841000,7.937000,7.873000,7.980000
252,8,1,7.975600,7.934000,7.968000,7.973000,7.989000,8.014000
252,9,1,7.964000,8.003000,7.982000,7.936000,7.932000,7.967000
252,10,1,7.917800,7.946000,7.909000,7.919000,7.952000,7.863000
252,11,1,7.916000,7.938000,7.906000,7.847000,8.024000,7.865000
252,12,1,7.940600,7.894000,7.895000,7.949000,7.921000,8.044000
252,13,1,7.930000,7.925000,7.936000,7.904000,7.901000,7.984000
252,14,1,7.920800,7.909000,7.935000,7.902000,7.891000,7.967000
252,15,1,7.884600,7.912000,7.879000,7.805000,7.855000,7.972000
252,16,1,7.891000,7.943000,7.887000,7.864000,7.901000,7.860000
252,17,1,7.938200,7.917000,7.958000,7.900000,7.961000,7.955000
252,18,1,7.930000,7.884000,7.916000,7.932000,7.962000,7.956000
252,19,1,7.912000,7.930000,7.889000,7.844000,7.969000,7.928000
253,0,1,7.892400,7.996000,7.803000,7.820000,8.009000,7.834000
253,1,1,7.882000,7.925000,7.684000,7.917000,8.011000,7.873000
253,2,1,7.851000,7.791000,7.837000,7.913000,7.884000,7.830000
253,3,1,7.885200,7.908000,7.758000,7.855000,7.961000,7.944000
253,4,1,7.821800,7.873000,7.711000,7.813000,7.855000,7.857000
253,5,1,7.873600,7.924000,7.761000,7.848000,7.912000,7.923000
253,6,1,7.863000,7.828000,7.748000,7.864000,7.965000,7.910000
253,7,1,7.912800,7.938000,7.842000,7.911000,7.929000,7.944000
253,8,1,7.945400,7.926000,7.871000,7.946000,8.052000,7.932000
253,9,1,7.819600,7.799000,7.704000,7.848000,7.975000,7.772000
253,10,1,7.918400,7.978000,7.838000,7.917000,7.925000,7.934000
253,11,1,7.889200,7.946000,7.720000,7.791000,7.978000,8.011000
253,12,1,7.886800,8.032000,7.569000,7.883000,7.930000,8.020000
253,13,1,7.753400,7.747000,7.638000,7.744000,7.886000,7.752000
253,14,1,7.875000,7.885000,7.744000,7.890000,7.938000,7.918000
253,15,1,7.761600,7.743000,7.682000,7.733000,7.879000,7.771000
253,16,1,7.792800,7.880000,7.778000,7.672000,7.831000,7.803000
253,17,1,7.768600,7.834000,7.636000,7.673000,7.907000,7.793000
253,18,1,7.929000,8.012000,7.839000,7.917000,7.943000,7.934000
253,19,1,7.905600,7.924000,7.741000,7.918000,8.054000,7.891000
254,0,1,7.909200,7.815000,7.928000,7.877000,8.038000,7.888000
254,1,1,7.896000,7.809000,7.806000,7.943000,8.012000,7.910000
254,2,1,7.921400,7.802000,7.795000,7.947000,8.016000,8.047000
254,3,1,7.813800,7.765000,7.735000,7.768000,7.916000,7.885000
254,4,1,7.922600,7.824000,7.810000,7.925000,8.059000,7.995000
254,5,1,7.834000,7.783000,7.716000,7.817000,7.999000,7.855000
254,6,1,7.920000,7.902000,7.867000,7.901000,8.055000,7.875000
254,7,1,7.808400,7.751000,7.767000,7.784000,7.941000,7.799000
254,8,1,7.920600,7.926000,7.837000,7.921000,7.921000,7.998000
254,9,1,7.761800,7.764000,7.725000,7.694000,7.855000,7.771000
254,10,1,7.890800,7.814000,7.803000,7.940000,7.973000,7.924000
254,11,1,7.904400,7.814000,7.899000,7.860000,8.005000,7.944000
254,12,1,7.842200,7.714000,7.667000,7.869000,8.015000,7.946000
254,13,1,7.875200,7.866000,7.826000,7.813000,7.998000,7.873000
254,14,1,7.883800,7.859000,7.783000,7.844000,8.039000,7.894000
254,15,1,7.808200,7.789000,7.652000,7.900000,7.880000,7.820000
254,16,1,7.783200,7.782000,7.771000,7.765000,7.855000,7.743000
254,17,1,7.749200,7.735000,7.693000,7.674000,7.868000,7.776000
254,18,1,7.824400,7.845000,7.674000,7.830000,7.919000,7.854000
254,19,1,7.936400,7.876000,7.879000,7.980000,7.977000,7.970000
255,0,1,7.711000,7.772000,7.803000,7.696000,7.731000,7.553000
255,1,1,7.925800,7.957000,7.906000,7.954000,7.861000,7.951000
255,2,1,7.832600,7.813000,7.914000,7.726000,7.879000,7.831000
255,3,1,7.769600,7.791000,7.832000,7.737000,7.805000,7.683000
255,4,1,7.790400,7.842000,7.743000,7.772000,7.836000,7.759000
255,5,1,7.858000,7.983000,7.837000,7.725000,7.874000,7.871000
255,6,1,7.497200,7.525000,7.451000,7.525000,7.508000,7.477000
255,7,1,7.854400,7.994000,7.905000,7.909000,7.715000,7.749000
255,8,1,7.865600,7.891000,7.866000,7.876000,7.798000,7.897000
255,9,1,7.860400,7.922000,7.798000,7.852000,7.910000,7.820000
255,10,1,7.867200,7.899000,7.891000,7.890000,7.837000,7.819000
255,11,1,7.847800,7.929000,7.855000,7.896000,7.820000,7.739000
255,12,1,7.830200,7.844000,7.828000,7.871000,7.854000,7.754000
255,13,1,7.900600,7.912000,7.933000,7.953000,7.820000,7.885000
255,14,1,7.869400,7.847000,7.935000,7.876000,7.841000,7.848000
255,15,1,7.791800,7.811000,7.868000,7.866000,7.667000,7.747000
255,16,1,7.886800,7.905000,7.937000,7.923000,7.864000,7.805000
255,17,1,7.801800,7.811000,7.853000,7.875000,7.752000,7.718000
255,18,1,7.821000,7.880000,7.726000,7.913000,7.756000,7.830000
255,19,1,7.773600,7.822000,7.863000,7.734000,7.805000,7.644000
256,0,1,7.887200,7.988000,7.938000,7.881000,7.719000,7.910000
256,1,1,7.945200,7.973000,7.859000,8.024000,7.871000,7.999000
256,2,1,7.932000,7.945000,7.912000,7.991000,7.867000,7.945000
256,3,1,7.956200,8.065000,7.850000,7.932000,7.995000,7.939000
256,4,1,7.832600,7.942000,7.777000,7.797000,7.772000,7.875000
256,5,1,7.927400,7.922000,7.824000,8.038000,7.878000,7.975000
256,6,1,7.847800,7.879000,7.743000,7.949000,7.724000,7.944000
256,7,1,7.925400,8.032000,7.837000,8.006000,7.866000,7.886000
256,8,1,7.932200,7.968000,7.943000,8.036000,7.827000,7.887000
256,9,1,7.792000,7.943000,7.610000,7.869000,7.663000,7.875000
256,10,1,7.959600,7.973000,7.867000,7.973000,7.940000,8.045000
256,11,1,7.742800,7.860000,7.659000,7.846000,7.638000,7.711000
256,12,1,7.899800,7.990000,7.822000,8.015000,7.797000,7.875000
256,13,1,7.967200,8.021000,7.900000,7.998000,7.935000,7.982000
256,14,1,7.713800,7.742000,7.662000,7.860000,7.574000,7.731000
256,15,1,7.902000,7.974000,7.827000,7.945000,7.786000,7.978000
256,16,1,7.822000,7.957000,7.798000,7.841000,7.696000,7.818000
256,17,1,7.934600,8.015000,7.865000,7.979000,7.840000,7.974000
256,18,1,7.845400,7.967000,7.734000,7.857000,7.733000,7.936000
256,19,1,7.946000,7.910000,7.896000,8.085000,7.891000,7.948000
257,0,1,7.902800,7.885000,7.976000,7.985000,7.788000,7.880000
257,1,1,7.884000,7.807000,7.926000,7.998000,7.814000,7.875000
257,2,1,7.909200,7.845000,7.904000,7.961000,7.821000,8.015000
257,3,1,7.913800,7.863000,8.003000,7.898000,7.770000,8.035000
257,4,1,7.888000,7.816000,7.955000,7.949000,7.812000,7.908000
257,5,1,7.923200,7.868000,8.009000,7.925000,7.825000,7.989000
257,6,1,7.942600,7.868000,8.004000,7.968000,7.926000,7.947000
257,7,1,7.871800,7.773000,7.919000,7.970000,7.785000,7.912000
257,8,1,7.719400,7.633000,7.752000,7.793000,7.626000,7.793000
257,9,1,7.904000,7.906000,7.929000,7.919000,7.836000,7.930000
257,10,1,7.794800,7.767000,7.880000,7.864000,7.697000,7.766000
257,11,1,7.897000,7.891000,7.981000,7.928000,7.688000,7.997000
257,12,1,7.826800,7.733000,7.946000,7.868000,7.711000,7.876000
257,13,1,7.940400,7.950000,7.953000,7.953000,7.843000,8.003000
257,14,1,7.847200,7.725000,7.887000,7.984000,7.796000,7.844000
257,15,1,7.883400,7.812000,7.926000,7.907000,7.878000,7.894000
257,16,1,7.905600,7.804000,7.969000,7.934000,7.781000,8.040000
257,17,1,7.925800,7.946000,7.895000,8.032000,7.878000,7.878000
257,18,1,7.917400,7.816000,7.918000,7.939000,7.912000,8.002000
257,19,1,7.591400,7.568000,7.730000,7.689000,7.338000,7.632000
258,0,1,7.976000,7.974000,8.036000,8.005000,7.872000,7.993000
258,1,1,7.757600,7.785000,7.862000,7.752000,7.675000,7.714000
258,2,1,7.890200,7.924000,7.821000,7.974000,7.847000,7.885000
258,3,1,8.015400,8.044000,8.097000,7.988000,7.890000,8.058000
258,4,1,7.787400,7.806000,7.777000,7.921000,7.756000,7.677000
258,5,1,7.941400,8.024000,7.988000,7.918000,7.867000,7.910000
258,6,1,7.833600,7.850000,7.904000,7.924000,7.768000,7.722000
258,7,1,7.922800,8.035000,7.922000,7.844000,7.921000,7.892000
258,8,1,7.910400,7.963000,7.949000,8.009000,7.827000,7.804000
258,9,1,7.889000,7.971000,7.959000,8.026000,7.754000,7.735000
258,10,1,7.950400,8.021000,7.978000,7.981000,7.906000,7.866000
258,11,1,7.847400,8.015000,7.921000,7.883000,7.728000,7.690000
258,12,1,7.886800,7.932000,7.903000,7.958000,7.832000,7.809000
258,13,1,7.753200,7.801000,7.779000,7.737000,7.731000,7.718000
258,14,1,7.661000,7.622000,7.587000,7.781000,7.652000,7.663000
258,15,1,7.865800,7.879000,7.849000,7.908000,7.851000,7.842000
258,16,1,7.963600,8.005000,7.976000,7.986000,7.901000,7.950000
258,17,1,7.853800,8.006000,7.865000,7.757000,7.869000,7.772000
258,18,1,7.771800,7.809000,7.809000,7.727000,7.815000,7.699000
258,19,1,7.856800,7.916000,7.873000,7.850000,7.820000,7.825000
259,0,1,7.884800,7.798000,7.974000,7.979000,7.713000,7.960000
259,1,1,7.625400,7.550000,7.576000,7.633000,7.700000,7.668000
259,2,1,7.874000,7.619000,7.927000,7.980000,7.888000,7.956000
259,3,1,7.826600,7.759000,7.799000,7.866000,7.818000,7.891000
259,4,1,7.847400,7.753000,7.885000,7.949000,7.814000,7.836000
259,5,1,7.830200,7.850000,7.836000,7.866000,7.713000,7.886000
259,6,1,7.846400,7.858000,7.810000,7.994000,7.603000,7.967000
259,7,1,7.932200,7.763000,8.009000,8.060000,7.791000,8.038000
259,8,1,7.877800,7.813000,7.932000,7.952000,7.689000,8.003000
259,9,1,7.848800,7.732000,7.838000,7.991000,7.724000,7.959000
259,10,1,7.856800,7.713000,7.893000,7.960000,7.854000,7.864000
259,11,1,7.915400,7.853000,7.929000,8.001000,7.833000,7.961000
259,12,1,7.789200,7.723000,7.703000,7.904000,7.852000,7.764000
259,13,1,7.854800,7.767000,7.940000,7.937000,7.753000,7.877000
259,14,1,7.941000,7.832000,7.876000,8.035000,7.931000,8.031000
259,15,1,7.799600,7.711000,7.819000,7.939000,7.732000,7.797000
259,16,1,7.821400,7.755000,7.808000,7.925000,7.784000,7.835000
259,17,1,7.760800,7.683000,7.798000,7.750000,7.711000,7.862000
259,18,1,7.831000,7.754000,7.849000,7.942000,7.786000,7.824000
259,19,1,7.780200,7.698000,7.807000,7.851000,7.839000,7.706000
260,0,0,5.118000,5.049000,5.161000,5.176000,4.956000,5.248000
260,1,0,5.111800,5.096000,5.084000,5.203000,4.973000,5.203000
260,2,0,5.072200,5.098000,5.075000,5.055000,4.991000,5.142000
260,3,0,5.008000,4.960000,4.915000,5.154000,4.873000,5.138000
260,4,0,5.051800,5.087000,5.172000,5.126000,4.883000,4.991000
260,5,0,5.162800,5.168000,5.250000,5.252000,4.965000,5.179000
260,6,0,4.920200,4.898000,5.066000,5.013000,4.797000,4.827000
260,7,0,5.111600,4.972000,5.152000,5.244000,5.026000,5.164000
260,8,0,5.129800,5.277000,5.099000,5.106000,5.031000,5.136000
260,9,0,5.083000,5.173000,5.119000,5.236000,4.842000,5.045000
260,10,0,5.083600,5.199000,5.011000,5.152000,4.858000,5.198000
260,11,0,5.136200,5.161000,5.137000,5.312000,4.862000,5.209000
260,12,0,4.977000,4.941000,4.906000,5.153000,4.791000,5.094000
260,13,0,5.143600,5.136000,5.284000,5.334000,4.967000,4.997000
260,14,0,5.074000,5.082000,5.089000,5.209000,4.980000,5.010000
260,15,0,5.125000,5.166000,5.169000,5.184000,4.895000,5.211000
260,16,0,5.089800,4.964000,5.086000,5.187000,4.935000,5.277000
260,17,0,4.927800,4.922000,4.933000,5.034000,4.799000,4.951000
260,18,0,5.059200,5.052000,5.031000,5.135000,4.983000,5.095000
260,19,0,5.052400,5.108000,5.061000,5.108000,4.932000,5.053000
260,20,1,7.847000,7.883000,7.948000,7.849000,7.694000,7.861000
260,21,1,7.958200,7.960000,7.917000,8.048000,7.828000,8.038000
260,22,1,7.782600,7.762000,7.834000,7.781000,7.670000,7.866000
260,23,1,7.865400,7.867000,7.953000,7.947000,7.773000,7.787000
260,24,1,7.873800,7.868000,7.924000,7.929000,7.707000,7.941000
260,25,1,7.900600,7.893000,7.921000,7.844000,7.934000,7.911000
260,26,1,7.930600,7.928000,7.978000,7.974000,7.848000,7.925000
260,27,1,7.909400,7.897000,7.926000,7.895000,7.895000,7.934000
260,28,1,7.838000,7.837000,7.850000,7.887000,7.710000,7.906000
260,29,1,7.967400,7.985000,8.003000,7.911000,7.902000,8.036000
260,30,1,7.965600,7.961000,8.056000,7.987000,7.849000,7.975000
260,31,1,7.844800,7.876000,7.878000,7.888000,7.670000,7.912000
260,32,1,7.866400,7.951000,7.898000,7.900000,7.717000,7.866000
260,33,1,7.797600,7.845000,7.771000,7.905000,7.603000,7.864000
260,34,1,7.894400,7.906000,7.941000,7.832000,7.777000,8.016000
260,35,1,7.694000,7.732000,7.570000,7.742000,7.658000,7.768000
260,36,1,7.882000,7.857000,7.841000,7.883000,7.759000,8.070000
260,37,1,7.867200,7.913000,7.895000,7.819000,7.773000,7.936000
260,38,1,7.962800,8.058000,7.945000,7.924000,7.898000,7.989000
260,39,1,7.932800,7.966000,7.974000,7.881000,7.881000,7.962000
260,40,2,5.226600,5.270000,5.196000,5.291000,5.084000,5.292000
260,41,2,5.357800,5.383000,5.262000,5.456000,5.247000,5.441000
260,42,2,5.308400,5.451000,5.369000,5.469000,4.862000,5.391000
260,43,2,5.520600,5.624000,5.462000,5.650000,5.302000,5.565000
260,44,2,5.160000,5.232000,5.141000,5.166000,4.955000,5.306000
260,45,2,5.483400,5.539000,5.432000,5.616000,5.305000,5.525000
260,46,2,5.428600,5.588000,5.413000,5.544000,5.143000,5.455000
260,47,2,5.260200,5.376000,5.149000,5.298000,5.152000,5.326000
260,48,2,5.448600,5.497000,5.409000,5.622000,5.253000,5.462000
260,49,2,5.350600,5.342000,5.378000,5.336000,5.253000,5.444000
260,50,2,5.227200,5.348000,5.150000,5.397000,5.005000,5.236000
260,51,2,5.158000,5.115000,5.205000,5.207000,4.991000,5.272000
260,52,2,5.389600,5.441000,5.345000,5.480000,5.192000,5.490000
260,53,2,5.267400,5.207000,5.201000,5.392000,5.214000,5.323000
260,54,2,5.543000,5.554000,5.550000,5.674000,5.443000,5.494000
260,55,2,5.400400,5.440000,5.431000,5.376000,5.259000,5.496000
260,56,2,5.240600,5.315000,5.265000,5.236000,5.145000,5.242000
260,57,2,5.349400,5.491000,5.253000,5.431000,5.206000,5.366000
260,58,2,5.314600,5.344000,5.323000,5.362000,5.161000,5.383000
260,59,2,5.190400,5.197000,5.213000,5.371000,4.973000,5.198000
260,60,3,5.291200,5.166000,5.319000,5.285000,5.318000,5.368000
260,61,3,5.029400,4.985000,5.059000,5.154000,4.868000,5.081000
260,62,3,5.070600,5.093000,5.118000,5.243000,4.813000,5.086000
260,63,3,5.147000,5.109000,5.106000,5.231000,5.092000,5.197000
260,64,3,5.097000,5.051000,4.984000,5.120000,5.159000,5.171000
260,65,3,5.108800,4.926000,5.231000,5.261000,4.905000,5.221000
260,66,3,5.151200,5.130000,5.185000,5.231000,5.095000,5.115000
260,67,3,5.219000,5.163000,5.276000,5.298000,5.089000,5.269000
260,68,3,5.012800,4.991000,5.011000,5.146000,4.812000,5.104000
260,69,3,5.132000,5.124000,5.026000,5.340000,5.090000,5.080000
260,70,3,5.042000,4.965000,5.088000,5.080000,5.019000,5.058000
260,71,3,5.257800,5.292000,5.283000,5.416000,4.995000,5.303000
260,72,3,5.159800,5.207000,5.127000,5.201000,5.063000,5.201000
260,73,3,5.103000,5.048000,5.035000,5.147000,5.014000,5.271000
260,74,3,5.079200,5.043000,5.059000,5.133000,4.910000,5.251000
260,75,3,5.214200,5.170000,5.407000,5.302000,4.993000,5.199000
260,76,3,5.210800,5.213000,5.389000,5.229000,5.017000,5.206000
260,77,3,5.060400,4.968000,4.989000,5.129000,5.095000,5.121000
260,78,3,5.106400,5.008000,5.182000,5.141000,4.989000,5.212000
260,79,3,5.082800,5.033000,5.138000,5.187000,4.996000,5.060000
260,80,4,4.735800,4.846000,4.689000,4.721000,4.595000,4.828000
260,81,4,4.904400,4.837000,4.816000,4.997000,4.755000,5.117000
260,82,4,4.764600,4.823000,4.712000,4.653000,4.705000,4.930000
260,83,4,4.888800,4.938000,4.817000,4.985000,4.767000,4.937000
260,84,4,4.647800,4.634000,4.656000,4.797000,4.507000,4.645000
260,85,4,4.876600,4.816000,4.883000,4.968000,4.739000,4.977000
260,86,4,5.057600,5.052000,5.041000,5.236000,4.827000,5.132000
260,87,4,4.831000,4.821000,4.812000,4.899000,4.625000,4.998000
260,88,4,4.760800,4.790000,4.760000,4.853000,4.580000,4.821000
260,89,4,4.653600,4.511000,4.691000,4.807000,4.568000,4.691000
260,90,4,4.951400,4.954000,4.833000,4.987000,4.815000,5.168000
260,91,4,4.907600,4.862000,4.754000,5.005000,4.873000,5.044000
260,92,4,4.984600,4.964000,5.060000,4.984000,4.813000,5.102000
260,93,4,5.018600,4.941000,4.961000,5.161000,4.935000,5.095000
260,94,4,4.842400,4.964000,4.724000,4.860000,4.667000,4.997000
260,95,4,4.941000,4.937000,4.981000,4.985000,4.826000,4.976000
260,96,4,4.951400,4.922000,4.999000,4.826000,4.880000,5.130000
260,97,4,4.809000,4.793000,4.733000,4.943000,4.635000,4.941000
260,98,4,4.841800,4.759000,4.795000,4.905000,4.715000,5.035000
260,99,4,5.037600,4.929000,5.210000,4.957000,4.910000,5.182000
261,0,1,7.849400,7.860000,7.968000,7.802000,7.810000,7.807000
261,1,1,7.883000,7.890000,7.958000,7.877000,7.762000,7.928000
261,2,1,7.911200,7.948000,7.846000,7.952000,7.831000,7.979000
261,3,1,7.999200,7.960000,7.914000,8.083000,7.996000,8.043000
261,4,1,7.932800,7.957000,7.837000,8.019000,7.925000,7.926000
261,5,1,7.936000,7.966000,7.854000,7.988000,7.916000,7.956000
261,6,1,7.937000,7.933000,7.946000,7.966000,7.872000,7.968000
261,7,1,7.927600,7.959000,7.871000,8.033000,7.768000,8.007000
261,8,1,7.888600,7.899000,7.929000,7.914000,7.828000,7.873000
261,9,1,7.922600,7.935000,7.863000,7.961000,7.871000,7.983000
261,10,1,7.772000,7.790000,7.815000,7.797000,7.687000,7.771000
261,11,1,7.941600,7.944000,7.936000,8.031000,7.920000,7.877000
261,12,1,7.947800,7.899000,8.001000,7.965000,7.920000,7.954000
261,13,1,7.912400,7.890000,7.822000,7.934000,7.899000,8.017000
261,14,1,7.828600,7.793000,7.740000,7.926000,7.819000,7.865000
261,15,1,7.939600,7.909000,7.864000,7.944000,7.967000,8.014000
261,16,1,7.932600,7.907000,7.882000,7.932000,7.987000,7.955000
261,17,1,7.874400,7.890000,7.787000,8.023000,7.832000,7.840000
261,18,1,7.860600,7.910000,7.901000,7.804000,7.764000,7.924000
261,19,1,7.979600,7.945000,7.922000,8.048000,8.000000,7.983000
262,0,1,7.925000,7.934000,7.903000,7.884000,7.961000,7.943000
262,1,1,7.943000,7.919000,7.934000,8.011000,7.881000,7.970000
262,2,1,7.929600,7.901000,7.940000,7.972000,7.873000,7.962000
262,3,1,7.915800,7.785000,7.938000,7.907000,7.949000,8.000000
262,4,1,7.933400,7.867000,7.925000,7.959000,7.913000,8.003000
262,5,1,7.973400,7.935000,8.041000,7.975000,7.920000,7.996000
262,6,1,7.979200,7.923000,8.006000,8.073000,7.919000,7.975000
262,7,1,7.922000,7.806000,7.903000,7.973000,8.019000,7.909000
262,8,1,7.875600,7.869000,7.860000,7.943000,7.714000,7.992000
262,9,1,7.990800,7.898000,7.970000,8.061000,7.957000,8.068000
262,10,1,7.959600,7.835000,7.931000,8.023000,8.000000,8.009000
262,11,1,7.984600,7.880000,8.039000,8.015000,8.002000,7.987000
262,12,1,7.751400,7.764000,7.764000,7.721000,7.649000,7.859000
262,13,1,7.954600,7.883000,7.895000,8.008000,7.944000,8.043000
262,14,1,7.735800,7.635000,7.688000,7.751000,7.750000,7.855000
262,15,1,7.943800,7.797000,7.925000,7.970000,8.002000,8.025000
262,16,1,7.913200,7.928000,7.851000,8.011000,7.850000,7.926000
262,17,1,7.907600,7.803000,7.918000,8.037000,7.888000,7.892000
262,18,1,7.967800,7.897000,7.954000,8.009000,7.965000,8.014000
262,19,1,7.987200,7.933000,7.884000,8.054000,8.055000,8.010000
263,0,1,7.882200,7.867000,7.958000,7.858000,7.901000,7.827000
263,1,1,7.947000,7.981000,8.000000,7.855000,7.949000,7.950000
263,2,1,7.908600,7.962000,7.972000,7.793000,7.843000,7.973000
263,3,1,7.805400,7.719000,7.961000,7.765000,7.679000,7.903000
263,4,1,7.924800,7.845000,8.006000,7.899000,7.944000,7.930000
263,5,1,7.895600,7.965000,7.982000,7.751000,7.763000,8.017000
263,6,1,7.952600,8.012000,7.975000,7.862000,7.886000,8.028000
263,7,1,7.918600,7.872000,8.012000,7.867000,7.855000,7.987000
263,8,1,7.835600,7.704000,7.926000,7.863000,7.726000,7.959000
263,9,1,7.837200,7.792000,7.892000,7.748000,7.913000,7.841000
263,10,1,7.906800,7.762000,8.074000,7.885000,7.838000,7.975000
263,11,1,7.956800,7.887000,8.034000,7.889000,7.909000,8.065000
263,12,1,7.745400,7.640000,7.837000,7.747000,7.603000,7.900000
263,13,1,7.897000,7.819000,7.993000,7.873000,7.812000,7.988000
263,14,1,7.924800,7.840000,8.020000,7.848000,7.954000,7.962000
263,15,1,7.657000,7.623000,7.611000,7.682000,7.560000,7.809000
263,16,1,7.940400,7.913000,8.067000,7.880000,7.852000,7.990000
263,17,1,7.923800,7.798000,7.985000,8.004000,7.884000,7.948000
263,18,1,7.866400,7.882000,7.871000,7.828000,7.804000,7.947000
263,19,1,7.909200,7.941000,7.945000,7.913000,7.841000,7.906000
264,0,1,7.837200,7.738000,7.761000,7.875000,7.938000,7.874000
264,1,1,7.846600,7.871000,7.835000,7.849000,7.828000,7.850000
264,2,1,7.901000,7.901000,7.853000,7.912000,7.974000,7.865000
264,3,1,7.921000,7.964000,7.926000,7.907000,7.936000,7.872000
264,4,1,7.710200,7.675000,7.569000,7.713000,7.796000,7.798000
264,5,1,7.901000,7.848000,7.900000,7.909000,8.007000,7.841000
264,6,1,7.913200,7.929000,7.946000,7.973000,7.909000,7.809000
264,7,1,7.583200,7.612000,7.458000,7.593000,7.603000,7.650000
264,8,1,7.973400,7.965000,7.928000,7.990000,8.004000,7.980000
264,9,1,7.532600,7.471000,7.474000,7.570000,7.596000,7.552000
264,10,1,7.964800,7.983000,7.965000,7.965000,7.990000,7.921000
264,11,1,7.970200,7.998000,8.017000,7.963000,7.992000,7.881000
264,12,1,7.971400,7.997000,7.879000,8.017000,8.028000,7.936000
264,13,1,7.858600,7.760000,7.830000,7.925000,7.899000,7.879000
264,14,1,7.940400,7.945000,7.916000,7.941000,7.932000,7.968000
264,15,1,7.896600,7.958000,7.864000,7.898000,7.864000,7.899000
264,16,1,7.939800,7.880000,7.918000,7.938000,7.993000,7.970000
264,17,1,7.983000,8.005000,7.947000,7.976000,8.029000,7.958000
264,18,1,7.931000,7.962000,8.050000,7.922000,8.035000,7.686000
264,19,1,7.895200,7.886000,7.896000,7.924000,7.934000,7.836000
265,0,1,7.926600,7.900000,7.956000,7.929000,7.882000,7.966000
265,1,1,7.929200,7.871000,8.008000,7.901000,7.910000,7.956000
265,2,1,7.919600,7.830000,8.000000,7.918000,7.883000,7.967000
265,3,1,8.006000,7.960000,8.125000,7.964000,7.950000,8.031000
265,4,1,8.010000,7.948000,8.093000,7.983000,8.028000,7.998000
265,5,1,7.984200,7.843000,8.080000,8.032000,7.855000,8.111000
265,6,1,7.930000,7.803000,8.003000,7.873000,7.964000,8.007000
265,7,1,7.982800,7.935000,8.013000,7.918000,7.924000,8.124000
265,8,1,7.960000,7.859000,8.055000,7.930000,7.963000,7.993000
265,9,1,8.016000,7.900000,8.068000,8.023000,8.005000,8.084000
265,10,1,7.893800,7.706000,7.972000,7.977000,7.844000,7.970000
265,11,1,7.900400,7.803000,7.984000,7.828000,7.923000,7.964000
265,12,1,7.861600,7.832000,7.927000,7.768000,7.884000,7.897000
265,13,1,7.810000,7.758000,7.804000,7.850000,7.824000,7.814000
265,14,1,7.979000,7.921000,7.988000,7.991000,7.919000,8.076000
265,15,1,7.971800,7.965000,8.092000,7.853000,7.915000,8.034000
265,16,1,7.793000,7.722000,7.751000,7.752000,7.850000,7.890000
265,17,1,7.841400,7.790000,7.920000,7.786000,7.839000,7.872000
265,18,1,7.837000,7.785000,7.878000,7.831000,7.776000,7.915000
265,19,1,7.976800,7.928000,8.082000,7.938000,7.848000,8.088000
266,0,1,7.931800,7.929000,7.944000,7.932000,7.979000,7.875000
266,1,1,7.861200,7.936000,7.828000,7.926000,7.848000,7.768000
266,2,1,7.788000,7.952000,7.656000,7.754000,7.856000,7.722000
266,3,1,7.913400,7.994000,7.859000,7.903000,7.910000,7.901000
266,4,1,7.895600,7.994000,7.803000,7.899000,7.892000,7.890000
266,5,1,7.855600,7.890000,7.928000,7.869000,7.785000,7.806000
266,6,1,8.020200,8.072000,8.079000,8.012000,7.985000,7.953000
266,7,1,7.836800,7.920000,7.812000,7.737000,7.880000,7.835000
266,8,1,7.823600,7.912000,7.814000,7.861000,7.711000,7.820000
266,9,1,7.903200,7.997000,7.860000,7.861000,7.959000,7.839000
266,10,1,7.924600,7.992000,7.923000,7.936000,7.964000,7.808000
266,11,1,7.689800,7.726000,7.715000,7.625000,7.720000,7.663000
266,12,1,7.962800,8.114000,7.918000,7.908000,8.011000,7.863000
266,13,1,7.809000,7.861000,7.849000,7.815000,7.788000,7.732000
266,14,1,7.926200,8.016000,7.904000,7.903000,7.957000,7.851000
266,15,1,7.791800,7.866000,7.752000,7.809000,7.863000,7.669000
266,16,1,7.928400,7.987000,7.938000,7.886000,7.980000,7.851000
266,17,1,7.906200,7.973000,8.008000,7.821000,7.961000,7.768000
266,18,1,8.005000,8.011000,8.045000,8.022000,8.083000,7.864000
266,19,1,7.895600,7.915000,7.824000,7.907000,7.950000,7.882000
267,0,1,7.872000,7.901000,7.896000,7.880000,7.840000,7.843000
267,1,1,7.952000,8.004000,7.994000,7.930000,7.927000,7.905000
267,2,1,7.931400,8.021000,8.024000,7.924000,7.829000,7.859000
267,3,1,7.903000,7.876000,7.960000,7.930000,7.876000,7.873000
267,4,1,7.931800,7.968000,7.985000,7.921000,7.909000,7.876000
267,5,1,7.901800,7.944000,7.989000,7.954000,7.770000,7.852000
267,6,1,7.859800,7.855000,7.918000,7.967000,7.862000,7.697000
267,7,1,7.735600,7.710000,7.868000,7.659000,7.672000,7.769000
267,8,1,7.905600,7.970000,7.963000,7.935000,7.804000,7.856000
267,9,1,7.921400,7.928000,7.932000,7.998000,7.876000,7.873000
267,10,1,7.908200,7.984000,7.926000,7.908000,7.870000,7.853000
267,11,1,7.914800,7.903000,8.071000,7.901000,7.884000,7.815000
267,12,1,7.959400,8.029000,7.941000,8.045000,7.960000,7.822000
267,13,1,7.839000,7.945000,7.909000,7.791000,7.781000,7.769000
267,14,1,7.880400,7.901000,7.931000,7.847000,7.872000,7.851000
267,15,1,7.908800,7.893000,7.969000,7.938000,7.932000,7.812000
267,16,1,7.940600,7.955000,8.050000,8.015000,7.877000,7.806000
267,17,1,7.890200,7.942000,7.988000,7.868000,7.862000,7.791000
267,18,1,7.854200,7.938000,7.934000,8.000000,7.705000,7.694000
267,19,1,7.930200,8.011000,8.053000,7.898000,7.912000,7.777000
268,0,1,7.922200,7.977000,8.049000,7.821000,7.815000,7.949000
268,1,1,7.947400,8.058000,8.022000,7.822000,7.837000,7.998000
268,2,1,8.014000,8.162000,8.087000,7.935000,7.919000,7.967000
268,3,1,7.916800,8.058000,7.960000,7.788000,7.876000,7.902000
268,4,1,8.014800,8.109000,8.046000,7.946000,7.933000,8.040000
268,5,1,7.946400,8.005000,8.004000,7.830000,7.928000,7.965000
268,6,1,7.930800,8.046000,7.970000,7.806000,7.823000,8.009000
268,7,1,7.969000,8.087000,7.985000,7.878000,7.907000,7.988000
268,8,1,7.944200,8.046000,8.007000,7.859000,7.891000,7.918000
268,9,1,7.947600,8.019000,7.932000,7.925000,7.886000,7.976000
268,10,1,7.725000,7.667000,7.768000,7.711000,7.560000,7.919000
268,11,1,7.893600,8.028000,7.963000,7.792000,7.733000,7.952000
268,12,1,7.963400,8.131000,7.892000,7.908000,7.945000,7.941000
268,13,1,7.904600,7.910000,8.067000,7.801000,7.778000,7.967000
268,14,1,8.006400,8.072000,8.071000,7.919000,7.874000,8.096000
268,15,1,7.954600,8.095000,8.005000,7.797000,7.867000,8.009000
268,16,1,7.956800,8.024000,8.030000,7.814000,7.935000,7.981000
268,17,1,7.915600,7.971000,7.919000,7.806000,7.840000,8.042000
268,18,1,7.961800,8.053000,8.014000,7.906000,7.861000,7.975000
268,19,1,7.965600,8.060000,7.978000,7.909000,7.878000,8.003000
269,0,1,7.901000,7.997000,7.867000,7.966000,7.824000,7.851000
269,1,1,7.853000,7.821000,7.795000,7.959000,7.830000,7.860000
269,2,1,7.767600,7.874000,7.644000,7.798000,7.668000,7.854000
269,3,1,7.973200,7.959000,7.926000,8.027000,8.018000,7.936000
269,4,1,7.947600,7.914000,7.933000,8.010000,7.963000,7.918000
269,5,1,7.920600,8.044000,7.695000,7.941000,7.911000,8.012000
269,6,1,7.862600,7.901000,7.814000,7.929000,7.839000,7.830000
269,7,1,7.873000,7.987000,7.834000,7.867000,7.886000,7.791000
269,8,1,7.919800,7.937000,7.842000,7.987000,7.925000,7.908000
269,9,1,7.869400,7.920000,7.884000,7.799000,7.822000,7.922000
269,10,1,7.948600,7.952000,7.964000,7.974000,7.954000,7.899000
269,11,1,7.871000,7.913000,7.727000,7.984000,7.853000,7.878000
269,12,1,7.945800,7.915000,7.907000,7.979000,7.970000,7.958000
269,13,1,7.957200,8.026000,7.863000,8.031000,7.982000,7.884000
269,14,1,7.905400,7.976000,7.813000,7.924000,7.853000,7.961000
269,15,1,7.913200,7.952000,7.798000,7.973000,7.920000,7.923000
269,16,1,7.955400,8.046000,7.927000,7.973000,7.929000,7.902000
269,17,1,7.877800,7.929000,7.760000,8.021000,7.878000,7.801000
269,18,1,7.904400,7.964000,7.811000,7.902000,7.931000,7.914000
269,19,1,7.924800,7.971000,7.935000,7.965000,7.889000,7.864000
270,0,0,5.332000,5.310000,5.438000,5.231000,5.338000,5.343000
270,1,0,5.093400,5.100000,5.248000,4.996000,5.114000,5.009000
270,2,0,5.071000,5.101000,5.248000,4.873000,5.048000,5.085000
270,3,0,5.050200,5.106000,5.054000,4.843000,5.305000,4.943000
270,4,0,5.161000,5.163000,5.236000,5.010000,5.269000,5.127000
270,5,0,5.069400,5.021000,5.197000,4.962000,5.159000,5.008000
270,6,0,5.242600,5.253000,5.309000,5.150000,5.326000,5.175000
270,7,0,5.326600,5.310000,5.424000,5.179000,5.401000,5.319000
270,8,0,5.271200,5.304000,5.351000,5.193000,5.370000,5.138000
270,9,0,4.976800,4.883000,5.020000,4.899000,5.091000,4.991000
270,10,0,5.203800,5.191000,5.329000,5.122000,5.130000,5.247000
270,11,0,5.258000,5.424000,5.239000,5.227000,5.282000,5.118000
270,12,0,5.129800,5.137000,5.264000,4.869000,5.215000,5.164000
270,13,0,5.392000,5.396000,5.528000,5.235000,5.522000,5.279000
270,14,0,5.202000,5.248000,5.286000,5.048000,5.297000,5.131000
270,15,0,5.365200,5.286000,5.473000,5.282000,5.475000,5.310000
270,16,0,5.354400,5.491000,5.516000,5.126000,5.309000,5.330000
270,17,0,5.149800,5.206000,5.261000,4.959000,5.295000,5.028000
270,18,0,5.220600,5.220000,5.325000,5.057000,5.247000,5.254000
270,19,0,5.182400,5.135000,5.334000,5.095000,5.219000,5.129000
270,20,1,7.914000,7.907000,7.982000,7.781000,8.005000,7.895000
270,21,1,7.989600,7.954000,7.972000,7.908000,8.148000,7.966000
270,22,1,7.938200,8.038000,7.929000,7.922000,7.954000,7.848000
270,23,1,7.989800,7.992000,8.052000,7.922000,8.066000,7.917000
270,24,1,7.902200,7.932000,7.982000,7.801000,7.933000,7.863000
270,25,1,8.003800,8.118000,8.119000,7.887000,8.032000,7.863000
270,26,1,7.921600,7.957000,7.991000,7.808000,7.961000,7.891000
270,27,1,8.005200,8.081000,8.090000,7.845000,8.099000,7.911000
270,28,1,8.033600,8.105000,8.024000,7.981000,8.107000,7.951000
270,29,1,8.037600,8.147000,8.122000,7.910000,8.118000,7.891000
270,30,1,7.963400,8.029000,8.081000,7.761000,8.079000,7.867000
270,31,1,7.913400,7.971000,7.958000,7.756000,8.073000,7.809000
270,32,1,7.970600,7.952000,8.051000,7.840000,8.044000,7.966000
270,33,1,7.868600,7.891000,7.984000,7.789000,7.955000,7.724000
270,34,1,7.988200,8.048000,8.081000,7.898000,8.088000,7.826000
270,35,1,7.894400,7.969000,7.906000,7.836000,7.946000,7.815000
270,36,1,7.944200,8.009000,7.898000,7.845000,8.099000,7.870000
270,37,1,8.006200,8.061000,8.178000,7.853000,8.108000,7.831000
270,38,1,8.017200,8.185000,8.006000,7.843000,8.097000,7.955000
270,39,1,7.959600,8.013000,7.998000,7.900000,8.007000,7.880000
270,40,2,5.373600,5.308000,5.439000,5.306000,5.355000,5.460000
270,41,2,5.461400,5.352000,5.580000,5.373000,5.514000,5.488000
270,42,2,5.397000,5.260000,5.536000,5.333000,5.442000,5.414000
270,43,2,5.321000,5.284000,5.451000,5.230000,5.337000,5.303000
270,44,2,5.473000,5.341000,5.484000,5.378000,5.631000,5.531000
270,45,2,5.198800,5.164000,5.295000,5.214000,5.239000,5.082000
270,46,2,5.408400,5.382000,5.643000,5.168000,5.418000,5.431000
270,47,2,5.380400,5.332000,5.540000,5.397000,5.350000,5.283000
270,48,2,5.562800,5.538000,5.571000,5.452000,5.668000,5.585000
270,49,2,5.437400,5.492000,5.568000,5.249000,5.586000,5.292000
270,50,2,5.507400,5.461000,5.670000,5.337000,5.497000,5.572000
270,51,2,5.576600,5.554000,5.580000,5.578000,5.591000,5.580000
270,52,2,5.322600,5.266000,5.347000,5.271000,5.381000,5.348000
270,53,2,5.511000,5.477000,5.625000,5.435000,5.514000,5.504000
270,54,2,5.226000,5.087000,5.355000,5.132000,5.345000,5.211000
270,55,2,5.496800,5.509000,5.629000,5.384000,5.578000,5.384000
270,56,2,5.323600,5.313000,5.307000,5.198000,5.425000,5.375000
270,57,2,5.610000,5.636000,5.635000,5.572000,5.672000,5.535000
270,58,2,5.383600,5.302000,5.465000,5.272000,5.466000,5.413000
270,59,2,5.474600,5.429000,5.589000,5.480000,5.487000,5.388000
270,60,3,5.402600,5.558000,5.422000,5.291000,5.591000,5.151000
270,61,3,5.318400,5.427000,5.514000,5.202000,5.261000,5.188000
270,62,3,5.279400,5.409000,5.352000,5.146000,5.370000,5.120000
270,63,3,5.190000,5.222000,5.135000,5.005000,5.399000,5.189000
270,64,3,5.141000,5.218000,5.215000,4.986000,5.138000,5.148000
270,65,3,5.225600,5.214000,5.231000,5.214000,5.339000,5.130000
270,66,3,5.255400,5.364000,5.326000,5.142000,5.335000,5.110000
270,67,3,5.293600,5.451000,5.325000,5.210000,5.326000,5.156000
270,68,3,5.330400,5.439000,5.315000,5.213000,5.426000,5.259000
270,69,3,5.107400,4.988000,5.272000,5.004000,5.106000,5.167000
270,70,3,5.181400,5.290000,5.153000,5.094000,5.336000,5.034000
270,71,3,5.283600,5.374000,5.245000,5.187000,5.388000,5.224000
270,72,3,5.313800,5.320000,5.451000,5.250000,5.440000,5.108000
270,73,3,5.289800,5.387000,5.317000,5.206000,5.303000,5.236000
270,74,3,5.334000,5.332000,5.381000,5.307000,5.508000,5.142000
270,75,3,5.329000,5.360000,5.370000,5.241000,5.450000,5.224000
270,76,3,5.284600,5.297000,5.299000,5.278000,5.379000,5.170000
270,77,3,5.259800,5.404000,5.198000,5.220000,5.342000,5.135000
270,78,3,5.295200,5.344000,5.318000,5.256000,5.343000,5.215000
270,79,3,5.383400,5.464000,5.403000,5.258000,5.519000,5.273000
270,80,4,4.868400,4.962000,4.801000,4.710000,4.987000,4.882000
270,81,4,4.983400,5.103000,5.015000,4.770000,5.052000,4.977000
270,82,4,4.960200,5.103000,5.006000,4.723000,5.027000,4.942000
270,83,4,4.842800,4.950000,4.900000,4.681000,4.980000,4.703000
270,84,4,4.926200,5.080000,5.015000,4.762000,5.004000,4.770000
270,85,4,5.144000,5.358000,5.235000,4.949000,5.101000,5.077000
270,86,4,4.862600,5.063000,4.884000,4.683000,4.884000,4.799000
270,87,4,4.970600,5.088000,5.100000,4.662000,5.022000,4.981000
270,88,4,5.025000,5.092000,5.087000,4.867000,5.109000,4.970000
270,89,4,4.910600,5.080000,4.845000,4.840000,4.890000,4.898000
270,90,4,4.878000,5.074000,4.819000,4.867000,4.787000,4.843000
270,91,4,4.997600,5.021000,5.053000,4.787000,5.009000,5.118000
270,92,4,4.905800,4.980000,5.111000,4.703000,4.902000,4.833000
270,93,4,4.911000,5.120000,4.973000,4.691000,4.916000,4.855000
270,94,4,4.934800,4.913000,4.856000,4.909000,5.023000,4.973000
270,95,4,4.795400,4.840000,4.826000,4.599000,4.909000,4.803000
270,96,4,4.938400,5.047000,4.787000,4.884000,4.935000,5.039000
270,97,4,4.819800,4.911000,4.878000,4.690000,4.757000,4.863000
270,98,4,4.918200,4.980000,4.885000,4.841000,4.875000,5.010000
270,99,4,4.936000,4.883000,5.033000,4.777000,5.039000,4.948000
271,0,1,7.958400,7.963000,7.969000,7.902000,7.993000,7.965000
271,1,1,7.998000,8.028000,7.960000,8.062000,7.914000,8.026000
271,2,1,7.671000,7.721000,7.716000,7.592000,7.668000,7.658000
271,3,1,8.035400,8.062000,8.030000,8.075000,7.993000,8.017000
271,4,1,8.032000,7.979000,8.027000,8.018000,8.056000,8.080000
271,5,1,7.948600,7.883000,7.938000,8.020000,7.943000,7.959000
271,6,1,7.889000,7.918000,7.883000,7.897000,7.933000,7.814000
271,7,1,7.916200,7.989000,8.037000,7.827000,7.827000,7.901000
271,8,1,7.951000,7.923000,7.958000,7.984000,7.946000,7.944000
271,9,1,8.058600,8.064000,8.076000,8.016000,8.076000,8.061000
271,10,1,7.983200,7.903000,8.056000,8.010000,7.974000,7.973000
271,11,1,7.946600,8.041000,7.973000,7.967000,7.886000,7.866000
271,12,1,8.013600,8.004000,8.049000,8.066000,8.005000,7.944000
271,13,1,7.919800,7.938000,7.861000,7.902000,7.984000,7.914000
271,14,1,7.849000,7.800000,7.952000,7.795000,7.914000,7.784000
271,15,1,7.964800,8.004000,7.954000,8.015000,7.844000,8.007000
271,16,1,7.963000,7.944000,7.903000,7.923000,8.045000,8.000000
271,17,1,8.042800,8.069000,8.017000,8.027000,8.063000,8.038000
271,18,1,7.811600,7.886000,7.790000,7.891000,7.854000,7.637000
271,19,1,8.020400,8.032000,7.955000,8.088000,8.006000,8.021000
272,0,1,7.956400,7.944000,7.956000,7.944000,8.067000,7.871000
272,1,1,7.995000,8.029000,8.041000,7.921000,7.957000,8.027000
272,2,1,8.032600,8.059000,7.977000,8.049000,8.064000,8.014000
272,3,1,7.866800,7.789000,7.874000,7.842000,7.887000,7.942000
272,4,1,7.887000,7.937000,8.033000,7.738000,7.889000,7.838000
272,5,1,7.925200,8.009000,7.942000,7.817000,8.022000,7.836000
272,6,1,7.925000,7.926000,7.995000,7.876000,7.975000,7.853000
272,7,1,7.970400,8.004000,8.015000,7.852000,7.975000,8.006000
272,8,1,7.950400,7.908000,7.936000,7.918000,8.065000,7.925000
272,9,1,7.919800,7.989000,7.887000,7.883000,7.989000,7.851000
272,10,1,7.981600,7.949000,8.073000,7.972000,7.941000,7.973000
272,11,1,7.899400,7.744000,7.947000,7.883000,7.974000,7.949000
272,12,1,7.778800,7.797000,7.927000,7.566000,7.845000,7.759000
272,13,1,7.938200,7.936000,7.916000,7.931000,7.995000,7.913000
272,14,1,7.952800,7.978000,8.022000,7.859000,7.954000,7.951000
272,15,1,7.944400,7.934000,8.081000,7.787000,7.989000,7.931000
272,16,1,7.967200,8.021000,8.040000,7.864000,7.929000,7.982000
272,17,1,8.003200,7.991000,7.983000,7.960000,8.081000,8.001000
272,18,1,7.901800,7.914000,7.976000,7.830000,7.901000,7.888000
272,19,1,7.973000,7.961000,8.128000,7.859000,7.978000,7.939000
273,0,1,7.998800,8.007000,7.957000,7.952000,8.106000,7.972000
273,1,1,7.891200,7.891000,7.850000,7.699000,8.063000,7.953000
273,2,1,7.943200,8.005000,7.900000,7.785000,8.028000,7.998000
273,3,1,7.948200,7.973000,7.987000,7.809000,8.044000,7.928000
273,4,1,7.998000,8.007000,7.942000,7.922000,8.084000,8.035000
273,5,1,8.028000,7.995000,8.030000,7.951000,8.113000,8.051000
273,6,1,8.024600,8.093000,7.915000,7.940000,8.113000,8.062000
273,7,1,7.936600,7.947000,7.807000,7.938000,7.991000,8.000000
273,8,1,7.886400,7.902000,7.871000,7.801000,7.976000,7.882000
273,9,1,7.959800,7.978000,7.971000,7.901000,8.061000,7.888000
273,10,1,7.943200,7.878000,7.863000,7.839000,8.080000,8.056000
273,11,1,7.952200,8.009000,7.894000,7.757000,8.079000,8.022000
273,12,1,8.004200,7.992000,7.950000,7.908000,8.147000,8.024000
273,13,1,7.897000,7.879000,7.811000,7.815000,8.003000,7.977000
273,14,1,7.883400,7.893000,7.867000,7.767000,7.954000,7.936000
273,15,1,7.899400,7.879000,7.867000,7.930000,8.012000,7.809000
273,16,1,7.986200,7.973000,7.957000,7.839000,8.069000,8.093000
273,17,1,8.002400,7.907000,7.955000,7.996000,8.166000,7.988000
273,18,1,7.851400,7.861000,7.846000,7.748000,7.937000,7.865000
273,19,1,7.887000,7.809000,7.734000,7.909000,8.062000,7.921000
274,0,1,7.844000,7.721000,7.932000,7.944000,7.850000,7.773000
274,1,1,7.932200,7.973000,7.906000,7.903000,7.964000,7.915000
274,2,1,7.837400,7.820000,7.883000,7.945000,7.769000,7.770000
274,3,1,7.973400,7.960000,8.030000,7.995000,7.964000,7.918000
274,4,1,7.869600,7.803000,7.861000,7.919000,7.883000,7.882000
274,5,1,7.744200,7.617000,7.802000,7.777000,7.785000,7.740000
274,6,1,7.736000,7.704000,7.787000,7.774000,7.739000,7.676000
274,7,1,7.914600,7.751000,8.042000,7.981000,7.977000,7.822000
274,8,1,7.773000,7.713000,7.821000,7.857000,7.715000,7.759000
274,9,1,7.869400,7.734000,7.888000,7.944000,7.981000,7.800000
274,10,1,7.993600,8.002000,8.008000,8.017000,7.947000,7.994000
274,11,1,7.927600,7.829000,7.902000,8.002000,7.926000,7.979000
274,12,1,7.935000,7.914000,7.946000,7.947000,7.913000,7.955000
274,13,1,7.939800,7.941000,7.857000,7.953000,7.954000,7.994000
274,14,1,7.860800,7.785000,7.913000,7.854000,7.918000,7.834000
274,15,1,7.891800,7.728000,7.943000,7.927000,8.003000,7.858000
274,16,1,7.994600,7.877000,8.044000,7.963000,8.039000,8.050000
274,17,1,7.931200,7.844000,8.003000,7.975000,7.928000,7.906000
274,18,1,7.879800,7.797000,7.785000,7.880000,7.877000,8.060000
274,19,1,7.966600,7.851000,8.013000,7.994000,8.014000,7.961000
275,0,1,7.915200,7.888000,7.965000,7.774000,8.129000,7.820000
275,1,1,7.951400,7.936000,7.968000,7.856000,8.046000,7.951000
275,2,1,7.966400,7.946000,7.926000,7.890000,8.180000,7.890000
275,3,1,7.894600,7.858000,7.903000,7.789000,8.100000,7.823000
275,4,1,7.973600,7.980000,7.999000,7.917000,8.111000,7.861000
275,5,1,7.902800,7.908000,7.961000,7.836000,8.009000,7.800000
275,6,1,7.709000,7.603000,7.790000,7.554000,7.979000,7.619000
275,7,1,7.932800,7.939000,7.967000,7.815000,8.053000,7.890000
275,8,1,7.910000,7.916000,7.955000,7.811000,8.056000,7.812000
275,9,1,7.740600,7.800000,7.727000,7.573000,7.940000,7.663000
275,10,1,7.879600,7.885000,7.853000,7.744000,8.050000,7.866000
275,11,1,7.971400,8.021000,8.019000,7.866000,8.027000,7.924000
275,12,1,7.670200,7.732000,7.618000,7.534000,7.886000,7.581000
275,13,1,7.894600,7.988000,7.964000,7.689000,8.021000,7.811000
275,14,1,7.870000,7.822000,7.869000,7.707000,8.052000,7.900000
275,15,1,7.843600,7.858000,7.824000,7.690000,8.030000,7.816000
275,16,1,7.882400,7.902000,7.866000,7.709000,8.081000,7.854000
275,17,1,8.009800,8.040000,8.023000,7.883000,8.164000,7.939000
275,18,1,7.896000,7.901000,7.887000,7.739000,8.035000,7.918000
275,19,1,7.958400,7.951000,8.009000,7.833000,8.086000,7.913000
276,0,1,7.731200,7.728000,7.795000,7.865000,7.728000,7.540000
276,1,1,7.886000,7.855000,7.903000,8.000000,7.908000,7.764000
276,2,1,7.911000,7.780000,7.949000,8.045000,7.946000,7.835000
276,3,1,7.964200,7.853000,8.024000,8.074000,7.942000,7.928000
276,4,1,7.984200,7.903000,8.005000,8.122000,7.980000,7.911000
276,5,1,7.955600,7.794000,8.091000,8.111000,7.930000,7.852000
276,6,1,8.013800,7.859000,8.059000,8.185000,7.981000,7.985000
276,7,1,7.856800,7.743000,8.011000,8.026000,7.827000,7.677000
276,8,1,7.972000,7.877000,8.010000,8.063000,8.040000,7.870000
276,9,1,7.891600,7.758000,8.043000,8.014000,7.843000,7.800000
276,10,1,7.836400,7.917000,7.825000,7.950000,7.816000,7.674000
276,11,1,7.954200,7.819000,8.050000,8.048000,7.979000,7.875000
276,12,1,7.773200,7.746000,7.873000,7.716000,7.768000,7.763000
276,13,1,7.891200,7.850000,8.028000,7.995000,7.812000,7.771000
276,14,1,7.898000,7.867000,7.943000,8.008000,7.834000,7.838000
276,15,1,7.994800,7.905000,8.083000,8.034000,8.020000,7.932000
276,16,1,7.939800,7.894000,8.066000,8.067000,7.923000,7.749000
276,17,1,7.990800,7.927000,8.007000,8.107000,8.037000,7.876000
276,18,1,7.972000,7.836000,8.082000,8.152000,7.979000,7.811000
276,19,1,7.936600,7.900000,7.983000,8.137000,7.872000,7.791000
277,0,1,7.995200,8.058000,7.893000,8.019000,8.027000,7.979000
277,1,1,7.936800,7.968000,7.803000,7.938000,7.966000,8.009000
277,2,1,7.776600,7.738000,7.600000,7.849000,7.920000,7.776000
277,3,1,8.057000,8.030000,7.999000,8.119000,8.012000,8.125000
277,4,1,7.842800,7.801000,7.727000,7.853000,7.968000,7.865000
277,5,1,7.963000,7.932000,7.838000,8.050000,8.042000,7.953000
277,6,1,7.810600,7.832000,7.653000,7.832000,7.859000,7.877000
277,7,1,7.881800,7.838000,7.816000,7.906000,7.966000,7.883000
277,8,1,7.968200,7.999000,7.873000,7.974000,7.979000,8.016000
277,9,1,7.761400,7.667000,7.652000,7.858000,7.876000,7.754000
277,10,1,7.915800,7.868000,7.889000,7.998000,7.955000,7.869000
277,11,1,7.902400,7.917000,7.732000,7.980000,8.016000,7.867000
277,12,1,7.795600,7.910000,7.604000,7.859000,7.759000,7.846000
277,13,1,7.751400,7.764000,7.600000,7.781000,7.867000,7.745000
277,14,1,7.810400,7.912000,7.752000,7.781000,7.861000,7.746000
277,15,1,7.875800,7.898000,7.718000,7.914000,7.981000,7.868000
277,16,1,7.765600,7.796000,7.590000,7.808000,7.926000,7.708000
277,17,1,7.948000,7.906000,7.850000,8.004000,8.014000,7.966000
277,18,1,7.936800,7.974000,7.875000,7.986000,7.996000,7.853000
277,19,1,7.722200,7.685000,7.666000,7.836000,7.809000,7.615000
278,0,1,7.995200,7.988000,7.999000,8.004000,8.047000,7.938000
278,1,1,7.883600,7.759000,7.936000,7.799000,7.980000,7.944000
278,2,1,7.943600,7.868000,7.994000,7.852000,7.998000,8.006000
278,3,1,7.980800,7.943000,8.009000,7.928000,8.036000,7.988000
278,4,1,7.892600,7.806000,7.882000,7.849000,7.928000,7.998000
278,5,1,7.982800,7.942000,7.986000,7.931000,8.079000,7.976000
278,6,1,7.906200,7.849000,7.977000,7.888000,7.883000,7.934000
278,7,1,7.738200,7.631000,7.827000,7.746000,7.713000,7.774000
278,8,1,7.816000,7.683000,7.919000,7.883000,7.800000,7.795000
278,9,1,7.780600,7.691000,7.829000,7.771000,7.838000,7.774000
278,10,1,7.948200,7.855000,7.985000,7.868000,8.052000,7.981000
278,11,1,7.926600,7.916000,7.960000,7.883000,7.959000,7.915000
278,12,1,7.734000,7.676000,7.774000,7.709000,7.719000,7.792000
278,13,1,7.893000,7.834000,7.948000,7.837000,7.967000,7.879000
278,14,1,7.931000,7.929000,7.999000,7.788000,7.968000,7.971000
278,15,1,7.798400,7.686000,7.851000,7.766000,7.844000,7.845000
278,16,1,7.916400,7.894000,7.900000,7.885000,7.898000,8.005000
278,17,1,7.882400,7.829000,7.956000,7.807000,7.915000,7.905000
278,18,1,7.673600,7.467000,7.776000,7.710000,7.624000,7.791000
278,19,1,7.861800,7.745000,7.863000,7.847000,7.916000,7.938000
279,0,1,7.857000,7.756000,8.000000,7.788000,7.806000,7.935000
279,1,1,7.937200,7.842000,8.065000,7.852000,7.947000,7.980000
279,2,1,7.734400,7.731000,7.897000,7.613000,7.604000,7.827000
279,3,1,7.763200,7.708000,7.986000,7.642000,7.593000,7.887000
279,4,1,7.869400,7.836000,8.055000,7.747000,7.779000,7.930000
279,5,1,7.891200,7.773000,8.036000,7.828000,7.805000,8.014000
279,6,1,7.861200,7.851000,7.881000,7.914000,7.758000,7.902000
279,7,1,7.991200,7.951000,8.169000,7.821000,7.985000,8.030000
279,8,1,7.863200,7.868000,7.945000,7.726000,7.849000,7.928000
279,9,1,7.839800,7.817000,8.052000,7.654000,7.724000,7.952000
279,10,1,7.979400,8.020000,8.101000,7.914000,7.833000,8.029000
279,11,1,7.853800,7.819000,7.918000,7.798000,7.792000,7.942000
279,12,1,7.877400,7.894000,8.041000,7.779000,7.767000,7.906000
279,13,1,7.967800,7.865000,8.104000,7.903000,7.942000,8.025000
279,14,1,7.850000,7.860000,7.942000,7.759000,7.738000,7.951000
279,15,1,7.934600,7.912000,8.128000,7.912000,7.838000,7.883000
279,16,1,7.790400,7.725000,7.940000,7.731000,7.628000,7.928000
279,17,1,7.887000,7.966000,7.988000,7.869000,7.729000,7.883000
279,18,1,7.843000,7.846000,7.944000,7.702000,7.860000,7.863000
279,19,1,7.893000,7.766000,8.021000,7.860000,7.840000,7.978000
280,0,0,5.276400,5.205000,5.461000,5.294000,5.269000,5.153000
280,1,0,5.119000,5.026000,5.365000,5.006000,5.210000,4.988000
280,2,0,5.227400,5.126000,5.359000,5.253000,5.218000,5.181000
280,3,0,5.288800,5.239000,5.335000,5.324000,5.338000,5.208000
280,4,0,5.336000,5.178000,5.423000,5.482000,5.341000,5.256000
280,5,0,5.088000,4.956000,5.276000,5.098000,5.115000,4.995000
280,6,0,5.074000,5.112000,5.117000,5.091000,5.026000,5.024000
280,7,0,5.066400,4.862000,5.267000,5.149000,5.079000,4.975000
280,8,0,5.007400,4.976000,5.100000,5.059000,5.047000,4.855000
280,9,0,5.233400,5.145000,5.298000,5.330000,5.228000,5.166000
280,10,0,5.209200,5.157000,5.265000,5.291000,5.226000,5.107000
280,11,0,5.179800,5.020000,5.307000,5.321000,5.127000,5.124000
280,12,0,5.221000,5.129000,5.254000,5.261000,5.208000,5.253000
280,13,0,5.283000,5.168000,5.382000,5.382000,5.208000,5.275000
280,14,0,5.064400,4.978000,5.254000,5.014000,5.008000,5.068000
280,15,0,5.084600,5.038000,5.127000,5.125000,5.115000,5.018000
280,16,0,5.138400,5.036000,5.321000,5.087000,5.158000,5.090000
280,17,0,5.217400,5.114000,5.258000,5.263000,5.283000,5.169000
280,18,0,5.223000,5.172000,5.379000,5.060000,5.229000,5.275000
280,19,0,5.226600,5.136000,5.347000,5.285000,5.265000,5.100000
280,20,1,7.963200,7.855000,8.055000,8.017000,7.953000,7.936000
280,21,1,7.931600,7.873000,7.953000,8.100000,7.890000,7.842000
280,22,1,8.013600,7.952000,7.993000,8.110000,8.004000,8.009000
280,23,1,7.617800,7.461000,7.655000,7.688000,7.671000,7.614000
280,24,1,7.939400,7.850000,8.040000,8.033000,7.845000,7.929000
280,25,1,7.862400,7.858000,7.890000,7.943000,7.728000,7.893000
280,26,1,7.910400,7.797000,8.016000,8.009000,7.870000,7.860000
280,27,1,7.821400,7.700000,7.907000,7.882000,7.850000,7.768000
280,28,1,7.908400,7.818000,7.958000,8.008000,7.849000,7.909000
280,29,1,7.839000,7.784000,7.901000,7.934000,7.877000,7.699000
280,30,1,7.972400,7.932000,7.965000,8.055000,7.952000,7.958000
280,31,1,7.909600,7.843000,8.020000,7.959000,7.875000,7.851000
280,32,1,7.702600,7.636000,7.715000,7.762000,7.790000,7.610000
280,33,1,7.892600,7.830000,7.965000,7.946000,7.938000,7.784000
280,34,1,7.796000,7.734000,7.843000,7.857000,7.866000,7.680000
280,35,1,7.868800,7.805000,7.940000,7.961000,7.836000,7.802000
280,36,1,7.703600,7.533000,7.781000,7.848000,7.808000,7.548000
280,37,1,7.888400,7.835000,7.923000,7.942000,7.912000,7.830000
280,38,1,7.732200,7.623000,7.961000,7.760000,7.736000,7.581000
280,39,1,7.916400,7.853000,8.021000,7.945000,7.897000,7.866000
280,40,2,5.425000,5.227000,5.506000,5.545000,5.396000,5.451000
280,41,2,5.433200,5.296000,5.564000,5.414000,5.410000,5.482000
280,42,2,5.372800,5.240000,5.516000,5.424000,5.264000,5.420000
280,43,2,5.181400,5.036000,5.324000,5.346000,5.061000,5.140000
280,44,2,5.453800,5.295000,5.608000,5.576000,5.375000,5.415000
280,45,2,5.299200,5.274000,5.359000,5.310000,5.253000,5.300000
280,46,2,5.456600,5.282000,5.432000,5.739000,5.445000,5.385000
280,47,2,5.289800,5.268000,5.282000,5.464000,5.231000,5.204000
280,48,2,5.524800,5.407000,5.618000,5.634000,5.485000,5.480000
280,49,2,5.356000,5.192000,5.578000,5.309000,5.317000,5.384000
280,50,2,5.500400,5.336000,5.608000,5.587000,5.553000,5.418000
280,51,2,5.195200,4.971000,5.176000,5.374000,5.229000,5.226000
280,52,2,5.439400,5.395000,5.547000,5.536000,5.467000,5.252000
280,53,2,5.206000,5.155000,5.302000,5.234000,5.176000,5.163000
280,54,2,5.494800,5.391000,5.617000,5.568000,5.479000,5.419000
280,55,2,5.136800,4.961000,5.287000,5.191000,5.099000,5.146000
280,56,2,5.333600,5.231000,5.511000,5.299000,5.402000,5.225000
280,57,2,5.342200,5.250000,5.370000,5.403000,5.342000,5.346000
280,58,2,5.358400,5.204000,5.419000,5.365000,5.423000,5.381000
280,59,2,5.433800,5.323000,5.502000,5.540000,5.385000,5.419000
280,60,3,5.130600,5.070000,5.208000,5.255000,5.035000,5.085000
280,61,3,5.172600,5.085000,5.224000,5.215000,5.247000,5.092000
280,62,3,5.006400,4.916000,5.052000,5.056000,5.009000,4.999000
280,63,3,5.138400,5.100000,5.204000,5.183000,5.168000,5.037000
280,64,3,5.094600,4.984000,5.150000,5.133000,5.168000,5.038000
280,65,3,5.079800,4.977000,5.126000,5.198000,4.976000,5.122000
280,66,3,5.131600,5.029000,5.127000,5.195000,5.112000,5.195000
280,67,3,5.110800,5.057000,5.166000,5.113000,5.070000,5.148000
280,68,3,5.099600,4.966000,5.144000,5.222000,5.085000,5.081000
280,69,3,5.057600,5.052000,5.028000,5.205000,5.017000,4.986000
280,70,3,5.186400,5.148000,5.254000,5.165000,5.174000,5.191000
280,71,3,5.179000,5.088000,5.272000,5.242000,5.147000,5.146000
280,72,3,5.106800,5.052000,5.113000,5.155000,5.159000,5.055000
280,73,3,5.197600,5.143000,5.203000,5.341000,5.171000,5.130000
280,74,3,5.217000,5.173000,5.358000,5.278000,5.060000,5.216000
280,75,3,5.278400,5.246000,5.381000,5.283000,5.262000,5.220000
280,76,3,5.240800,5.163000,5.270000,5.234000,5.212000,5.325000
280,77,3,5.246000,5.056000,5.347000,5.198000,5.286000,5.343000
280,78,3,5.216000,5.194000,5.263000,5.194000,5.127000,5.302000
280,79,3,5.170200,5.057000,5.265000,5.285000,5.114000,5.130000
280,80,4,5.205000,5.170000,5.197000,5.256000,5.162000,5.240000
280,81,4,5.259600,5.171000,5.294000,5.407000,5.091000,5.335000
280,82,4,5.062400,5.061000,5.015000,5.093000,5.102000,5.041000
280,83,4,5.019200,5.086000,5.088000,5.011000,4.938000,4.973000
280,84,4,5.303000,5.261000,5.374000,5.306000,5.231000,5.343000
280,85,4,5.033800,5.024000,5.097000,5.065000,5.056000,4.927000
280,86,4,5.089800,5.179000,5.123000,5.262000,4.797000,5.088000
280,87,4,4.845800,4.790000,4.843000,4.951000,4.803000,4.842000
280,88,4,5.196000,5.146000,5.372000,5.211000,5.110000,5.141000
280,89,4,5.033800,4.947000,5.101000,5.157000,4.938000,5.026000
280,90,4,4.963400,4.859000,4.962000,5.019000,4.947000,5.030000
280,91,4,5.046200,4.988000,5.003000,5.128000,5.078000,5.034000
280,92,4,5.022600,4.989000,5.073000,5.041000,4.973000,5.037000
280,93,4,5.108800,4.986000,5.061000,5.248000,5.078000,5.171000
280,94,4,4.788000,4.768000,4.787000,4.825000,4.789000,4.771000
280,95,4,5.054200,4.960000,5.215000,5.016000,4.899000,5.181000
280,96,4,4.915200,4.819000,5.020000,4.953000,4.913000,4.871000
280,97,4,5.139400,5.129000,5.048000,5.278000,5.064000,5.178000
280,98,4,4.751000,4.861000,4.745000,4.668000,4.632000,4.849000
280,99,4,5.036200,4.986000,5.258000,4.986000,4.996000,4.955000
281,0,1,7.958600,7.989000,7.946000,8.040000,7.905000,7.913000
281,1,1,7.902800,8.026000,7.937000,7.922000,7.804000,7.825000
281,2,1,8.062200,7.994000,8.039000,8.133000,8.061000,8.084000
281,3,1,7.995600,8.007000,8.068000,8.004000,7.938000,7.961000
281,4,1,8.067600,8.119000,8.036000,8.032000,8.046000,8.105000
281,5,1,7.925200,7.990000,7.958000,7.886000,7.841000,7.951000
281,6,1,7.993400,8.011000,7.987000,8.010000,8.002000,7.957000
281,7,1,7.986200,8.029000,8.084000,7.884000,7.938000,7.996000
281,8,1,7.679200,7.840000,7.738000,7.624000,7.582000,7.612000
281,9,1,7.849600,8.038000,7.883000,7.803000,7.709000,7.815000
281,10,1,8.005600,8.075000,8.092000,7.972000,7.862000,8.027000
281,11,1,8.020400,8.073000,8.041000,8.053000,7.939000,7.996000
281,12,1,7.871000,8.024000,7.834000,7.880000,7.713000,7.904000
281,13,1,7.881600,8.014000,7.872000,7.897000,7.786000,7.839000
281,14,1,7.885600,7.943000,7.891000,7.911000,7.900000,7.783000
281,15,1,8.003400,8.061000,8.041000,7.989000,7.926000,8.000000
281,16,1,7.937800,8.006000,7.967000,7.980000,7.835000,7.901000
281,17,1,7.752400,7.902000,7.781000,7.791000,7.665000,7.623000
281,18,1,7.955000,8.012000,7.923000,7.970000,7.885000,7.985000
281,19,1,7.856400,7.934000,7.883000,7.833000,7.875000,7.757000
282,0,1,7.957800,8.031000,7.952000,7.911000,7.903000,7.992000
282,1,1,8.019400,8.047000,8.075000,7.882000,7.953000,8.140000
282,2,1,8.023600,8.041000,8.061000,7.999000,8.063000,7.954000
282,3,1,7.988000,7.962000,7.984000,8.020000,8.050000,7.924000
282,4,1,7.963200,7.884000,7.906000,8.000000,7.928000,8.098000
282,5,1,7.978400,8.014000,7.954000,7.947000,7.943000,8.034000
282,6,1,7.940800,7.980000,7.905000,7.955000,7.904000,7.960000
282,7,1,7.952200,7.947000,8.014000,7.951000,7.895000,7.954000
282,8,1,7.950400,7.918000,8.005000,7.941000,7.919000,7.969000
282,9,1,7.947800,7.847000,7.983000,7.982000,7.960000,7.967000
282,10,1,7.987000,7.995000,8.041000,7.984000,7.962000,7.953000
282,11,1,7.892200,7.933000,7.944000,7.899000,7.751000,7.934000
282,12,1,7.964200,7.944000,7.957000,7.954000,7.949000,8.017000
282,13,1,7.978200,7.885000,7.880000,8.068000,8.059000,7.999000
282,14,1,7.944200,7.945000,8.003000,7.983000,7.944000,7.846000
282,15,1,7.886600,7.815000,7.910000,7.942000,7.889000,7.877000
282,16,1,7.909400,7.886000,7.815000,8.013000,7.874000,7.959000
282,17,1,7.862600,7.852000,7.855000,7.916000,7.819000,7.871000
282,18,1,7.924400,7.897000,8.017000,7.972000,7.779000,7.957000
282,19,1,7.887000,7.855000,7.898000,7.896000,7.865000,7.921000
283,0,1,7.929000,7.891000,7.967000,8.026000,7.815000,7.946000
283,1,1,7.815000,7.682000,7.748000,7.909000,7.870000,7.866000
283,2,1,7.865600,7.852000,7.957000,7.845000,7.841000,7.833000
283,3,1,7.965600,7.880000,7.929000,7.936000,8.045000,8.038000
283,4,1,8.013000,8.008000,7.972000,7.976000,8.105000,8.004000
283,5,1,7.923000,7.844000,7.929000,7.897000,7.929000,8.016000
283,6,1,7.888400,7.887000,7.875000,7.908000,7.838000,7.934000
283,7,1,7.859600,7.749000,7.899000,7.840000,8.001000,7.809000
283,8,1,7.989600,7.961000,8.087000,7.940000,7.957000,8.003000
283,9,1,7.961000,7.914000,8.024000,7.955000,7.956000,7.956000
283,10,1,7.970600,7.884000,7.990000,7.978000,8.010000,7.991000
283,11,1,7.902000,7.885000,7.928000,7.945000,7.879000,7.873000
283,12,1,7.952200,7.873000,7.957000,7.957000,8.008000,7.966000
283,13,1,7.840000,7.789000,7.906000,7.742000,7.909000,7.854000
283,14,1,7.948000,7.905000,7.996000,7.922000,7.987000,7.930000
283,15,1,7.902600,7.889000,7.957000,7.861000,7.852000,7.954000
283,16,1,7.929000,7.894000,7.997000,7.957000,7.902000,7.895000
283,17,1,8.002000,7.974000,7.986000,8.013000,7.944000,8.093000
283,18,1,7.836600,7.945000,7.837000,7.775000,7.765000,7.861000
283,19,1,7.812400,7.847000,7.829000,7.879000,7.730000,7.777000
284,0,1,7.979600,7.894000,7.967000,7.936000,8.045000,8.056000
284,1,1,7.993400,7.997000,8.023000,7.937000,7.986000,8.024000
284,2,1,7.871800,7.886000,7.924000,7.824000,7.875000,7.850000
284,3,1,7.808000,7.786000,7.807000,7.716000,7.879000,7.852000
284,4,1,7.978000,8.028000,8.057000,7.843000,7.983000,7.979000
284,5,1,8.023200,8.061000,8.024000,7.933000,8.057000,8.041000
284,6,1,8.072000,8.078000,8.133000,8.025000,8.064000,8.060000
284,7,1,7.912400,7.976000,7.943000,7.843000,7.935000,7.865000
284,8,1,7.942800,7.968000,7.889000,7.943000,7.914000,8.000000
284,9,1,8.008000,8.039000,8.135000,7.949000,7.977000,7.940000
284,10,1,7.876000,7.838000,7.839000,7.854000,7.904000,7.945000
284,11,1,7.987000,8.007000,7.911000,8.074000,8.043000,7.900000
284,12,1,7.776000,7.810000,7.826000,7.567000,7.838000,7.839000
284,13,1,7.827400,7.763000,7.827000,7.730000,7.945000,7.872000
284,14,1,7.893600,7.868000,7.846000,7.954000,7.926000,7.874000
284,15,1,7.921000,7.920000,7.979000,7.878000,7.871000,7.957000
284,16,1,7.966200,8.004000,8.013000,7.900000,8.057000,7.857000
284,17,1,8.005200,7.986000,7.960000,7.994000,8.035000,8.051000
284,18,1,7.967600,8.025000,7.929000,7.998000,7.921000,7.965000
284,19,1,7.970600,7.993000,8.002000,7.922000,7.929000,8.007000
285,0,1,7.785800,7.787000,7.808000,7.750000,7.693000,7.891000
285,1,1,7.994000,7.860000,7.959000,8.034000,7.976000,8.141000
285,2,1,7.989200,8.001000,7.934000,7.972000,8.038000,8.001000
285,3,1,7.937600,7.932000,7.984000,7.881000,7.880000,8.011000
285,4,1,7.929600,7.891000,7.909000,7.955000,7.960000,7.933000
285,5,1,7.827400,7.788000,7.762000,7.827000,7.856000,7.904000
285,6,1,8.005800,8.040000,8.005000,7.967000,7.939000,8.078000
285,7,1,8.019000,7.965000,7.998000,8.026000,7.992000,8.114000
285,8,1,7.789000,7.783000,7.758000,7.716000,7.816000,7.872000
285,9,1,7.883600,7.787000,7.900000,7.862000,7.815000,8.054000
285,10,1,7.964000,7.836000,8.017000,7.932000,8.027000,8.008000
285,11,1,8.020400,8.000000,7.941000,8.037000,8.036000,8.088000
285,12,1,7.870000,7.838000,7.858000,7.951000,7.817000,7.886000
285,13,1,7.815600,7.933000,7.733000,7.877000,7.743000,7.792000
285,14,1,7.878600,7.957000,7.746000,7.876000,7.796000,8.018000
285,15,1,8.016200,8.037000,8.051000,7.924000,7.992000,8.077000
285,16,1,7.835400,7.816000,7.834000,7.832000,7.869000,7.826000
285,17,1,7.920600,7.920000,7.914000,7.905000,7.846000,8.018000
285,18,1,7.990800,7.938000,7.956000,7.896000,8.073000,8.091000
285,19,1,7.974400,7.965000,7.919000,8.010000,7.915000,8.063000
286,0,1,7.840000,7.769000,7.905000,7.776000,7.870000,7.880000
286,1,1,8.007600,7.999000,8.011000,8.024000,7.978000,8.026000
286,2,1,7.962600,7.895000,7.974000,8.020000,7.971000,7.953000
286,3,1,7.917000,7.896000,7.921000,7.882000,7.895000,7.991000
286,4,1,8.001000,7.961000,8.048000,7.974000,8.046000,7.976000
286,5,1,7.693000,7.558000,7.699000,7.765000,7.743000,7.700000
286,6,1,7.855800,7.868000,7.786000,7.932000,7.790000,7.903000
286,7,1,7.801200,7.828000,7.856000,7.679000,7.811000,7.832000
286,8,1,7.573000,7.562000,7.582000,7.601000,7.447000,7.673000
286,9,1,7.948200,7.894000,7.887000,8.069000,7.980000,7.911000
286,10,1,7.962600,7.888000,7.892000,7.979000,8.022000,8.032000
286,11,1,7.964400,7.937000,7.918000,8.073000,7.971000,7.923000
286,12,1,7.884200,7.827000,7.910000,7.865000,7.892000,7.927000
286,13,1,7.904400,7.937000,7.901000,7.920000,7.906000,7.858000
286,14,1,7.915600,7.886000,7.925000,7.902000,7.968000,7.897000
286,15,1,7.980800,7.978000,7.980000,7.980000,7.970000,7.996000
286,16,1,7.821200,7.788000,7.790000,7.870000,7.784000,7.874000
286,17,1,7.998600,8.026000,7.956000,8.010000,8.057000,7.944000
286,18,1,7.936800,7.897000,7.867000,8.078000,7.883000,7.959000
286,19,1,7.942200,7.912000,7.832000,7.971000,8.041000,7.955000
287,0,1,8.054200,8.071000,8.053000,8.047000,8.025000,8.075000
287,1,1,8.058800,8.079000,8.027000,8.168000,8.009000,8.011000
287,2,1,7.977400,8.008000,8.035000,7.997000,7.908000,7.939000
287,3,1,8.052000,7.925000,8.095000,8.093000,8.086000,8.061000
287,4,1,8.012200,8.028000,8.012000,7.974000,7.962000,8.085000
287,5,1,7.893800,7.930000,7.922000,7.848000,7.891000,7.878000
287,6,1,8.094800,8.052000,8.166000,8.095000,8.050000,8.111000
287,7,1,8.070200,8.042000,8.065000,8.061000,8.066000,8.117000
287,8,1,7.931800,7.986000,7.916000,7.973000,7.906000,7.878000
287,9,1,7.944600,7.972000,7.998000,7.929000,7.894000,7.930000
287,10,1,8.113400,8.172000,8.111000,8.118000,8.101000,8.065000
287,11,1,8.072200,8.055000,8.120000,8.111000,8.041000,8.034000
287,12,1,8.069400,8.107000,8.197000,8.065000,7.950000,8.028000
287,13,1,8.048000,8.036000,8.037000,8.026000,8.027000,8.114000
287,14,1,8.017000,7.984000,8.112000,8.033000,7.965000,7.991000
287,15,1,8.014000,7.983000,8.024000,8.011000,8.051000,8.001000
287,16,1,7.990200,8.056000,8.003000,7.983000,8.002000,7.907000
287,17,1,8.017600,8.046000,8.059000,8.027000,8.015000,7.941000
287,18,1,8.048400,8.053000,8.022000,8.016000,8.064000,8.087000
287,19,1,8.089800,8.136000,8.070000,8.134000,8.038000,8.071000
288,0,1,8.026400,8.101000,7.969000,7.993000,8.027000,8.042000
288,1,1,7.993400,8.020000,7.993000,7.860000,8.019000,8.075000
288,2,1,7.993800,8.041000,8.023000,7.885000,7.971000,8.049000
288,3,1,8.014800,8.036000,8.007000,7.927000,8.046000,8.058000
288,4,1,8.019800,7.978000,8.093000,8.008000,7.972000,8.048000
288,5,1,7.984800,7.947000,8.026000,7.963000,7.958000,8.030000
288,6,1,7.959600,7.896000,7.984000,7.862000,7.948000,8.108000
288,7,1,8.014600,8.030000,8.057000,7.925000,7.971000,8.090000
288,8,1,7.994800,8.019000,7.984000,7.913000,8.041000,8.017000
288,9,1,7.956400,7.921000,8.051000,7.949000,7.876000,7.985000
288,10,1,8.029000,8.107000,8.056000,7.976000,7.886000,8.120000
288,11,1,8.034800,8.046000,8.082000,8.023000,7.962000,8.061000
288,12,1,8.040600,8.074000,8.013000,8.019000,7.957000,8.140000
288,13,1,7.958000,7.920000,8.046000,7.886000,7.895000,8.043000
288,14,1,8.038800,8.041000,8.098000,7.984000,7.990000,8.081000
288,15,1,7.837200,7.881000,7.760000,7.757000,7.823000,7.965000
288,16,1,7.961000,7.999000,7.923000,7.888000,8.017000,7.978000
288,17,1,7.906800,7.907000,8.001000,7.828000,7.888000,7.910000
288,18,1,7.973800,7.972000,7.965000,7.930000,7.940000,8.062000
288,19,1,7.889200,7.867000,7.911000,7.889000,7.883000,7.896000
289,0,1,7.946800,7.919000,7.839000,7.912000,8.020000,8.044000
289,1,1,7.945000,7.949000,7.857000,7.993000,8.087000,7.839000
289,2,1,7.951200,7.926000,7.905000,7.916000,7.976000,8.033000
289,3,1,7.778600,7.793000,7.698000,7.828000,7.890000,7.684000
289,4,1,7.894200,7.936000,7.774000,7.834000,8.008000,7.919000
289,5,1,7.963400,8.013000,7.859000,7.927000,8.095000,7.923000
289,6,1,8.007800,8.030000,7.975000,7.947000,8.116000,7.971000
289,7,1,7.955200,8.002000,7.860000,7.911000,8.032000,7.971000
289,8,1,7.934400,7.950000,7.859000,7.807000,8.082000,7.974000
289,9,1,7.876000,7.791000,7.806000,7.893000,8.034000,7.856000
289,10,1,7.996400,8.047000,7.989000,7.938000,8.037000,7.971000
289,11,1,7.874600,7.898000,7.912000,7.844000,7.896000,7.823000
289,12,1,7.862800,7.892000,7.832000,7.736000,7.962000,7.892000
289,13,1,8.013400,8.078000,7.927000,7.993000,8.076000,7.993000
289,14,1,7.906800,8.005000,7.810000,7.791000,8.038000,7.890000
289,15,1,7.891200,7.837000,7.886000,7.862000,7.930000,7.941000
289,16,1,7.943200,7.962000,7.899000,7.873000,8.107000,7.875000
289,17,1,7.939000,7.915000,7.986000,7.726000,8.083000,7.985000
289,18,1,8.007600,8.041000,8.013000,7.882000,8.081000,8.021000
289,19,1,7.987000,8.000000,7.881000,7.873000,8.188000,7.993000
290,0,0,5.113800,5.148000,5.021000,5.091000,5.152000,5.157000
290,1,0,5.218000,5.182000,5.055000,5.213000,5.337000,5.303000
290,2,0,4.982600,4.881000,4.894000,4.983000,5.083000,5.072000
290,3,0,5.057800,4.998000,5.100000,4.914000,5.080000,5.197000
290,4,0,5.248600,5.193000,5.117000,5.394000,5.242000,5.297000
290,5,0,5.066600,5.051000,5.065000,5.044000,4.982000,5.191000
290,6,0,5.157200,5.107000,5.074000,5.168000,5.162000,5.275000
290,7,0,5.087400,5.045000,4.959000,5.176000,5.069000,5.188000
290,8,0,5.155800,5.176000,4.941000,5.185000,5.183000,5.294000
290,9,0,5.156400,5.125000,5.101000,5.084000,5.246000,5.226000
290,10,0,5.101600,5.008000,5.076000,5.063000,5.114000,5.247000
290,11,0,5.079200,5.213000,4.843000,4.953000,5.240000,5.147000
290,12,0,5.162400,5.142000,5.084000,5.051000,5.225000,5.310000
290,13,0,5.120800,5.169000,4.893000,5.135000,5.115000,5.292000
290,14,0,5.183000,5.157000,5.111000,5.064000,5.216000,5.367000
290,15,0,5.314800,5.197000,5.278000,5.296000,5.416000,5.387000
290,16,0,5.094600,5.052000,5.055000,5.185000,4.975000,5.206000
290,17,0,5.127200,5.010000,4.992000,5.150000,5.290000,5.194000
290,18,0,5.146400,5.071000,5.038000,5.221000,5.103000,5.299000
290,19,0,5.194800,5.064000,5.185000,5.228000,5.242000,5.255000
290,20,1,7.550400,7.538000,7.546000,7.486000,7.579000,7.603000
290,21,1,7.459800,7.356000,7.380000,7.496000,7.463000,7.604000
290,22,1,7.888000,8.024000,7.728000,7.860000,7.830000,7.998000
290,23,1,7.941000,7.930000,7.818000,7.882000,7.987000,8.088000
290,24,1,7.933800,7.892000,7.785000,7.985000,7.947000,8.060000
290,25,1,7.955400,7.962000,7.893000,7.957000,7.979000,7.986000
290,26,1,7.913600,7.950000,7.847000,7.900000,7.906000,7.965000
290,27,1,7.841600,7.810000,7.820000,7.881000,7.806000,7.891000
290,28,1,7.892800,7.834000,7.834000,7.912000,7.919000,7.965000
290,29,1,7.950600,8.051000,7.827000,7.828000,7.981000,8.066000
290,30,1,7.938600,7.849000,7.921000,7.912000,8.000000,8.011000
290,31,1,7.923600,7.876000,7.848000,7.927000,7.983000,7.984000
290,32,1,7.935000,7.932000,7.766000,7.992000,8.000000,7.985000
290,33,1,7.785800,7.736000,7.726000,7.734000,7.862000,7.871000
290,34,1,7.930000,7.967000,7.729000,7.936000,8.016000,8.002000
290,35,1,7.839200,7.808000,7.737000,7.758000,7.964000,7.929000
290,36,1,7.992400,7.941000,7.889000,7.981000,7.996000,8.155000
290,37,1,8.001600,7.984000,7.929000,7.976000,8.093000,8.026000
290,38,1,7.790400,7.826000,7.659000,7.741000,7.747000,7.979000
290,39,1,7.891400,7.907000,7.790000,7.802000,7.971000,7.987000
290,40,2,5.402600,5.449000,5.343000,5.312000,5.384000,5.525000
290,41,2,5.379600,5.291000,5.319000,5.340000,5.368000,5.580000
290,42,2,5.514200,5.534000,5.442000,5.492000,5.555000,5.548000
290,43,2,5.396200,5.413000,5.317000,5.302000,5.400000,5.549000
290,44,2,5.343800,5.207000,5.348000,5.299000,5.393000,5.472000
290,45,2,5.238000,5.204000,5.009000,5.191000,5.321000,5.465000
290,46,2,5.427200,5.371000,5.311000,5.358000,5.529000,5.567000
290,47,2,5.603400,5.576000,5.523000,5.573000,5.612000,5.733000
290,48,2,5.245800,5.296000,5.062000,5.152000,5.256000,5.463000
290,49,2,5.243800,5.333000,5.091000,5.088000,5.290000,5.417000
290,50,2,5.419200,5.287000,5.292000,5.511000,5.438000,5.568000
290,51,2,5.434000,5.351000,5.432000,5.433000,5.402000,5.552000
290,52,2,5.235000,5.095000,5.198000,5.171000,5.280000,5.431000
290,53,2,5.407800,5.406000,5.310000,5.376000,5.398000,5.549000
290,54,2,5.342400,5.292000,5.352000,5.270000,5.366000,5.432000
290,55,2,5.543400,5.437000,5.453000,5.590000,5.592000,5.645000
290,56,2,5.605400,5.526000,5.565000,5.581000,5.722000,5.633000
290,57,2,5.315000,5.394000,5.382000,5.218000,5.233000,5.348000
290,58,2,5.299800,5.320000,5.171000,5.406000,5.247000,5.355000
290,59,2,5.565200,5.506000,5.483000,5.473000,5.707000,5.657000
290,60,3,5.081600,5.170000,4.918000,5.002000,5.130000,5.188000
290,61,3,5.122200,5.058000,4.981000,5.195000,5.185000,5.192000
290,62,3,4.896200,4.867000,4.876000,4.807000,4.841000,5.090000
290,63,3,5.059600,5.054000,5.008000,4.941000,5.098000,5.197000
290,64,3,4.984200,4.927000,4.948000,4.833000,5.128000,5.085000
290,65,3,4.995600,4.880000,5.021000,5.069000,4.920000,5.088000
290,66,3,5.176200,5.161000,5.084000,5.065000,5.218000,5.353000
290,67,3,5.090400,4.995000,5.003000,5.073000,5.128000,5.253000
290,68,3,5.081000,5.157000,5.151000,5.072000,4.956000,5.069000
290,69,3,4.960000,4.970000,4.863000,4.914000,4.949000,5.104000
290,70,3,5.306400,5.349000,5.242000,5.155000,5.370000,5.416000
290,71,3,5.163800,5.156000,5.176000,5.009000,5.211000,5.267000
290,72,3,4.976400,4.904000,4.987000,5.004000,5.042000,4.945000
290,73,3,5.246400,5.209000,5.158000,5.290000,5.237000,5.338000
290,74,3,5.137200,5.263000,5.113000,5.073000,5.088000,5.149000
290,75,3,5.169600,5.116000,5.066000,5.142000,5.162000,5.362000
290,76,3,5.162600,5.185000,5.032000,5.088000,5.197000,5.311000
290,77,3,5.265200,5.313000,5.252000,5.188000,5.258000,5.315000
290,78,3,5.204400,5.225000,5.138000,5.175000,5.200000,5.284000
290,79,3,5.229400,5.212000,5.166000,5.217000,5.189000,5.363000
290,80,4,5.150400,5.124000,5.085000,5.153000,5.068000,5.322000
290,81,4,5.099400,5.262000,4.888000,5.156000,4.998000,5.193000
290,82,4,5.228800,5.260000,5.094000,5.351000,5.149000,5.290000
290,83,4,5.119600,4.986000,5.097000,5.059000,5.061000,5.395000
290,84,4,5.165200,5.168000,5.125000,5.156000,5.176000,5.201000
290,85,4,5.122600,5.182000,5.145000,4.945000,5.131000,5.210000
290,86,4,5.211800,5.085000,5.099000,5.209000,5.318000,5.348000
290,87,4,5.073200,5.057000,4.852000,5.118000,5.160000,5.179000
290,88,4,4.977200,4.838000,4.937000,4.886000,5.058000,5.167000
290,89,4,5.252800,5.300000,5.201000,5.100000,5.257000,5.406000
290,90,4,5.170400,5.133000,5.215000,5.169000,5.086000,5.249000
290,91,4,5.077400,5.043000,4.991000,4.970000,5.118000,5.265000
290,92,4,5.200800,5.144000,5.137000,5.119000,5.326000,5.278000
290,93,4,5.234800,5.219000,5.075000,5.242000,5.229000,5.409000
290,94,4,5.120400,5.094000,5.089000,5.091000,5.187000,5.141000
290,95,4,5.164600,5.150000,5.042000,5.160000,5.134000,5.337000
290,96,4,5.207200,5.055000,5.180000,5.213000,5.326000,5.262000
290,97,4,5.159400,5.132000,5.126000,5.298000,5.085000,5.156000
290,98,4,5.367800,5.364000,5.217000,5.406000,5.292000,5.560000
290,99,4,5.251400,5.278000,5.136000,5.269000,5.290000,5.284000
291,0,1,7.924800,7.910000,7.734000,8.059000,7.816000,8.105000
291,1,1,7.911200,7.886000,7.766000,8.086000,7.930000,7.888000
291,2,1,7.499400,7.522000,7.432000,7.518000,7.500000,7.525000
291,3,1,7.928000,7.853000,7.879000,8.017000,7.919000,7.972000
291,4,1,7.855400,7.916000,7.665000,8.091000,7.804000,7.801000
291,5,1,7.854000,7.787000,7.709000,8.072000,7.828000,7.874000
291,6,1,7.975600,7.896000,7.821000,8.085000,7.999000,8.077000
291,7,1,7.961400,7.900000,7.883000,8.119000,7.896000,8.009000
291,8,1,7.774400,7.738000,7.658000,7.872000,7.812000,7.792000
291,9,1,7.932000,7.954000,7.729000,8.097000,7.918000,7.962000
291,10,1,7.877000,7.883000,7.776000,7.994000,7.864000,7.868000
291,11,1,7.873000,7.749000,7.916000,7.991000,7.887000,7.822000
291,12,1,7.907000,7.961000,7.748000,8.043000,7.863000,7.920000
291,13,1,7.922000,7.938000,7.633000,8.153000,7.917000,7.969000
291,14,1,7.868600,7.865000,7.818000,7.944000,7.795000,7.921000
291,15,1,7.884000,7.892000,7.793000,8.041000,7.884000,7.810000
291,16,1,7.830000,7.846000,7.705000,8.022000,7.791000,7.786000
291,17,1,8.000600,8.024000,7.854000,8.113000,7.984000,8.028000
291,18,1,7.840800,7.906000,7.551000,8.033000,7.811000,7.903000
291,19,1,7.768200,7.789000,7.656000,7.854000,7.834000,7.708000
292,0,1,8.037400,8.190000,8.004000,7.986000,7.982000,8.025000
292,1,1,7.942400,8.040000,7.886000,8.011000,7.961000,7.814000
292,2,1,8.094600,8.163000,7.972000,8.165000,8.090000,8.083000
292,3,1,8.003200,7.994000,7.968000,8.052000,8.014000,7.988000
292,4,1,7.966800,7.895000,7.982000,8.013000,8.034000,7.910000
292,5,1,8.049600,8.139000,8.026000,7.994000,8.126000,7.963000
292,6,1,7.985400,8.050000,7.911000,8.052000,8.035000,7.879000
292,7,1,7.988600,8.038000,7.843000,8.019000,8.027000,8.016000
292,8,1,8.039200,8.055000,8.035000,8.084000,8.053000,7.969000
292,9,1,7.865600,7.885000,7.941000,7.983000,7.742000,7.777000
292,10,1,8.010800,8.047000,7.934000,7.999000,8.124000,7.950000
292,11,1,7.890400,7.863000,7.797000,7.901000,7.960000,7.931000
292,12,1,8.067800,8.115000,7.996000,8.151000,8.049000,8.028000
292,13,1,7.946600,7.896000,7.945000,8.047000,7.982000,7.863000
292,14,1,8.038600,8.060000,7.975000,8.094000,8.078000,7.986000
292,15,1,8.021000,8.021000,8.017000,8.071000,8.100000,7.896000
292,16,1,7.958000,7.972000,8.000000,8.043000,7.853000,7.922000
292,17,1,8.009600,8.045000,7.943000,8.101000,8.040000,7.919000
292,18,1,7.860000,7.843000,7.860000,7.947000,7.838000,7.812000
292,19,1,7.893600,7.926000,7.890000,7.938000,7.890000,7.824000
293,0,1,7.859600,7.822000,7.827000,7.865000,7.851000,7.933000
293,1,1,8.003000,8.022000,7.981000,8.040000,7.937000,8.035000
293,2,1,8.053800,8.106000,7.986000,8.086000,8.028000,8.063000
293,3,1,7.983600,7.961000,8.047000,8.081000,7.872000,7.957000
293,4,1,7.897600,7.897000,7.925000,7.907000,7.841000,7.918000
293,5,1,8.056200,8.064000,7.976000,8.020000,8.076000,8.145000
293,6,1,8.023400,8.031000,7.992000,8.050000,8.018000,8.026000
293,7,1,8.073200,8.045000,8.029000,8.104000,8.085000,8.103000
293,8,1,7.918600,7.930000,7.905000,7.948000,7.890000,7.920000
293,9,1,8.008800,7.960000,7.989000,8.093000,7.937000,8.065000
293,10,1,7.649600,7.604000,7.646000,7.668000,7.624000,7.706000
293,11,1,7.914600,7.912000,7.850000,7.914000,7.932000,7.965000
293,12,1,8.020400,8.098000,7.914000,8.144000,7.969000,7.977000
293,13,1,8.058800,8.029000,8.005000,8.079000,8.047000,8.134000
293,14,1,7.991800,8.051000,7.830000,8.079000,7.949000,8.050000
293,15,1,7.883800,7.980000,7.854000,7.902000,7.800000,7.883000
293,16,1,7.956400,7.994000,7.868000,7.973000,7.973000,7.974000
293,17,1,7.984200,7.999000,7.920000,7.899000,8.050000,8.053000
293,18,1,7.858600,7.755000,7.830000,7.929000,7.947000,7.832000
293,19,1,8.009400,8.070000,8.011000,7.974000,8.011000,7.981000
294,0,1,7.883800,7.911000,7.925000,7.757000,7.968000,7.858000
294,1,1,8.006600,7.998000,8.091000,7.990000,7.964000,7.990000
294,2,1,8.050800,8.005000,8.181000,8.014000,7.991000,8.063000
294,3,1,8.093600,7.991000,8.174000,8.046000,8.112000,8.145000
294,4,1,7.826200,7.893000,7.756000,7.712000,7.894000,7.876000
294,5,1,7.980400,8.054000,8.014000,7.886000,8.058000,7.890000
294,6,1,8.024600,8.034000,8.030000,7.983000,8.134000,7.942000
294,7,1,7.966600,8.014000,7.960000,7.927000,7.896000,8.036000
294,8,1,7.805000,7.900000,7.820000,7.777000,7.779000,7.749000
294,9,1,8.020200,8.066000,8.043000,7.950000,8.011000,8.031000
294,10,1,8.020200,8.013000,8.126000,7.915000,8.041000,8.006000
294,11,1,8.028800,8.018000,8.100000,7.959000,8.080000,7.987000
294,12,1,8.029800,8.060000,8.020000,7.944000,8.034000,8.091000
294,13,1,7.984800,7.939000,8.116000,7.867000,7.993000,8.009000
294,14,1,7.776800,7.822000,7.825000,7.802000,7.780000,7.655000
294,15,1,7.824200,7.712000,7.860000,7.728000,7.937000,7.884000
294,16,1,8.035000,8.057000,7.994000,8.039000,8.009000,8.076000
294,17,1,8.082600,8.021000,8.157000,8.105000,8.004000,8.126000
294,18,1,8.046800,8.024000,8.064000,7.995000,8.108000,8.043000
294,19,1,8.028400,8.023000,8.041000,8.006000,8.007000,8.065000
295,0,1,7.895400,7.907000,8.045000,7.682000,8.018000,7.825000
295,1,1,7.917600,7.910000,7.968000,7.730000,8.028000,7.952000
295,2,1,8.005200,7.977000,8.094000,7.966000,7.998000,7.991000
295,3,1,7.949800,7.880000,8.149000,7.879000,7.848000,7.993000
295,4,1,8.003200,7.980000,8.092000,7.944000,8.010000,7.990000
295,5,1,7.996800,8.045000,8.076000,7.896000,8.024000,7.943000
295,6,1,7.999800,7.999000,8.117000,7.861000,7.969000,8.053000
295,7,1,8.006600,8.037000,8.084000,7.859000,8.030000,8.023000
295,8,1,7.883400,7.985000,7.946000,7.783000,7.888000,7.815000
295,9,1,7.911200,7.837000,7.937000,7.843000,7.966000,7.973000
295,10,1,8.030600,8.084000,8.144000,7.924000,8.044000,7.957000
295,11,1,7.995200,7.928000,8.038000,7.957000,8.097000,7.956000
295,12,1,7.876000,7.858000,8.033000,7.854000,7.816000,7.819000
295,13,1,7.974600,7.960000,8.100000,7.929000,7.935000,7.949000
295,14,1,7.963800,7.905000,8.125000,7.887000,7.932000,7.970000
295,15,1,7.946200,7.821000,8.004000,7.853000,8.070000,7.983000
295,16,1,7.972800,7.913000,8.098000,7.924000,7.943000,7.986000
295,17,1,7.893600,7.795000,8.030000,7.839000,7.943000,7.861000
295,18,1,7.898200,7.775000,8.000000,7.858000,7.954000,7.904000
295,19,1,7.934600,7.765000,8.042000,7.890000,7.953000,8.023000
296,0,1,8.008200,8.063000,7.879000,7.984000,7.997000,8.118000
296,1,1,7.915800,7.930000,7.874000,7.910000,7.900000,7.965000
296,2,1,8.031800,8.113000,7.918000,7.989000,8.021000,8.118000
296,3,1,8.040800,8.108000,7.905000,7.939000,8.147000,8.105000
296,4,1,8.009400,8.007000,8.008000,7.996000,8.042000,7.994000
296,5,1,7.973400,7.985000,7.900000,8.054000,7.822000,8.106000
296,6,1,8.062200,8.042000,8.078000,8.045000,8.027000,8.119000
296,7,1,7.975400,7.918000,7.888000,7.978000,7.995000,8.098000
296,8,1,8.058800,8.026000,8.076000,8.028000,8.054000,8.110000
296,9,1,7.983200,8.010000,7.982000,7.871000,8.024000,8.029000
296,10,1,7.913800,7.917000,7.926000,7.960000,7.882000,7.884000
296,11,1,7.925000,7.844000,7.889000,7.995000,7.876000,8.021000
296,12,1,8.060800,7.981000,8.033000,8.075000,8.093000,8.122000
296,13,1,7.856400,7.771000,7.842000,7.954000,7.842000,7.873000
296,14,1,7.959800,7.992000,7.964000,7.936000,7.978000,7.929000
296,15,1,8.000600,8.058000,7.887000,8.063000,7.963000,8.032000
296,16,1,8.026200,8.154000,7.960000,8.002000,7.970000,8.045000
296,17,1,7.999200,7.997000,7.912000,8.036000,7.971000,8.080000
296,18,1,8.066800,8.021000,8.021000,8.062000,8.138000,8.092000
296,19,1,7.999600,7.967000,7.976000,8.020000,7.907000,8.128000
297,0,1,7.931800,7.912000,7.843000,7.858000,8.091000,7.955000
297,1,1,7.893000,7.830000,7.910000,7.860000,7.925000,7.940000
297,2,1,7.987000,8.032000,8.001000,8.040000,7.888000,7.974000
297,3,1,7.980400,8.042000,7.941000,7.969000,7.948000,8.002000
297,4,1,8.021200,8.070000,7.977000,8.097000,7.950000,8.012000
297,5,1,7.931200,7.860000,7.949000,7.930000,7.969000,7.948000
297,6,1,7.911600,7.834000,7.798000,7.945000,8.014000,7.967000
297,7,1,7.964600,7.952000,8.017000,7.939000,7.980000,7.935000
297,8,1,7.871200,7.772000,7.817000,7.837000,7.961000,7.969000
297,9,1,7.984400,8.026000,7.951000,7.963000,8.026000,7.956000
297,10,1,7.910800,7.917000,7.895000,7.856000,7.949000,7.937000
297,11,1,7.968200,8.043000,7.847000,7.877000,8.016000,8.058000
297,12,1,8.013800,7.961000,7.951000,8.100000,8.037000,8.020000
297,13,1,7.943200,8.042000,7.896000,7.861000,7.965000,7.952000
297,14,1,7.910800,7.872000,7.873000,7.890000,7.996000,7.923000
297,15,1,7.976000,7.955000,7.895000,7.978000,7.963000,8.089000
297,16,1,7.834200,7.713000,7.905000,7.808000,7.848000,7.897000
297,17,1,7.781800,7.757000,7.615000,7.771000,7.920000,7.846000
297,18,1,7.905400,7.872000,7.791000,7.878000,7.986000,8.000000
297,19,1,7.943000,7.884000,7.872000,7.915000,8.010000,8.034000
298,0,1,8.060000,7.991000,8.129000,8.166000,8.021000,7.993000
298,1,1,8.062800,8.055000,8.119000,8.094000,8.068000,7.978000
298,2,1,7.951800,7.871000,7.998000,7.923000,8.020000,7.947000
298,3,1,7.953400,7.868000,7.972000,8.052000,7.904000,7.971000
298,4,1,8.018800,7.920000,8.033000,8.162000,8.085000,7.894000
298,5,1,7.892600,7.810000,7.932000,7.929000,7.907000,7.885000
298,6,1,8.078800,8.150000,8.129000,8.132000,7.983000,8.000000
298,7,1,8.045200,7.997000,8.091000,8.094000,8.026000,8.018000
298,8,1,7.965400,7.981000,8.014000,8.063000,7.923000,7.846000
298,9,1,7.835600,7.911000,7.912000,7.819000,7.807000,7.729000
298,10,1,7.891200,7.860000,7.865000,7.947000,7.945000,7.839000
298,11,1,7.965400,7.897000,7.969000,8.087000,7.877000,7.997000
298,12,1,7.987600,7.997000,7.969000,8.020000,8.022000,7.930000
298,13,1,7.932600,7.929000,7.833000,7.977000,7.975000,7.949000
298,14,1,8.012200,8.017000,8.047000,8.084000,8.033000,7.880000
298,15,1,8.031800,7.972000,7.936000,8.146000,8.062000,8.043000
298,16,1,7.956600,7.874000,7.980000,8.085000,7.855000,7.989000
298,17,1,8.047200,7.980000,8.076000,8.181000,7.982000,8.017000
298,18,1,8.053200,8.011000,8.070000,8.081000,8.099000,8.005000
298,19,1,8.020600,8.039000,7.993000,8.102000,8.012000,7.957000
299,0,1,8.010200,8.008000,7.926000,7.967000,8.091000,8.059000
299,1,1,7.934800,7.870000,8.005000,7.903000,8.002000,7.894000
299,2,1,7.951600,8.054000,7.927000,7.834000,8.030000,7.913000
299,3,1,7.891800,7.916000,7.890000,7.914000,7.928000,7.811000
299,4,1,7.835800,7.864000,7.877000,7.773000,7.918000,7.747000
299,5,1,7.914200,7.971000,7.971000,7.922000,7.962000,7.745000
299,6,1,7.851200,7.823000,7.951000,7.715000,7.948000,7.819000
299,7,1,7.945800,7.931000,7.921000,7.909000,8.053000,7.915000
299,8,1,7.966800,8.031000,8.009000,7.784000,8.047000,7.963000
299,9,1,7.972400,7.964000,7.936000,7.894000,8.046000,8.022000
299,10,1,7.954800,7.960000,7.920000,7.943000,8.086000,7.865000
299,11,1,7.951000,7.958000,7.917000,7.951000,8.055000,7.874000
299,12,1,7.885000,7.905000,7.896000,7.824000,7.960000,7.840000
299,13,1,7.970200,7.965000,7.969000,7.951000,8.020000,7.946000
299,14,1,7.954200,7.976000,7.905000,7.928000,8.027000,7.935000
299,15,1,7.847800,7.821000,7.928000,7.796000,7.918000,7.776000
299,16,1,7.897200,7.927000,7.879000,7.859000,7.995000,7.826000
299,17,1,7.959600,7.962000,7.989000,7.836000,8.018000,7.993000
299,18,1,7.991400,8.063000,7.993000,7.842000,8.091000,7.968000
299,19,1,7.932200,7.863000,7.952000,7.874000,8.030000,7.942000
