generation,sol_idx,emitter_id,mean_throughput,eval_0,eval_1,eval_2,eval_3,eval_4
0,0,0,3.205600,3.232000,3.115000,3.237000,3.203000,3.241000
0,1,0,2.767200,2.841000,2.744000,2.741000,2.819000,2.691000
0,2,0,2.880400,2.967000,2.957000,2.729000,2.902000,2.847000
0,3,0,3.178000,3.129000,3.183000,3.198000,3.275000,3.105000
0,4,0,3.128000,3.148000,3.052000,3.202000,3.085000,3.153000
0,5,0,3.242400,3.271000,3.199000,3.184000,3.256000,3.302000
0,6,0,2.956000,2.982000,2.920000,2.912000,2.913000,3.053000
0,7,0,3.118800,3.174000,3.100000,3.148000,3.013000,3.159000
0,8,0,3.109600,3.274000,3.028000,3.153000,2.984000,3.109000
0,9,0,3.002600,2.985000,2.968000,2.955000,3.108000,2.997000
0,10,0,3.041400,3.106000,3.075000,2.999000,3.043000,2.984000
0,11,0,3.287800,3.253000,3.200000,3.299000,3.326000,3.361000
0,12,0,3.186800,3.117000,3.128000,3.224000,3.266000,3.199000
0,13,0,3.053200,3.047000,3.022000,3.040000,3.105000,3.052000
0,14,0,2.630200,2.587000,2.651000,2.559000,2.676000,2.678000
0,15,0,2.788000,2.804000,2.791000,2.718000,2.827000,2.800000
0,16,0,2.894400,2.922000,2.939000,2.855000,2.849000,2.907000
0,17,0,3.335000,3.339000,3.325000,3.417000,3.279000,3.315000
0,18,0,2.972400,3.018000,2.971000,2.959000,3.074000,2.840000
0,19,0,3.162600,3.149000,3.246000,3.064000,3.195000,3.159000
0,20,1,2.813600,2.906000,2.799000,2.763000,2.777000,2.823000
0,21,1,3.291400,3.373000,3.314000,3.273000,3.295000,3.202000
0,22,1,2.954200,3.029000,2.981000,2.867000,2.950000,2.944000
0,23,1,3.184800,3.184000,3.210000,3.162000,3.258000,3.110000
0,24,1,2.937200,2.992000,2.935000,2.897000,2.916000,2.946000
0,25,1,3.352600,3.464000,3.388000,3.294000,3.344000,3.273000
0,26,1,2.897600,2.967000,2.885000,2.855000,2.932000,2.849000
0,27,1,3.097200,3.289000,3.046000,2.984000,3.043000,3.124000
0,28,1,3.462800,3.551000,3.496000,3.366000,3.412000,3.489000
0,29,1,3.110400,3.140000,3.099000,3.086000,3.094000,3.133000
0,30,1,2.804400,2.801000,2.745000,2.899000,2.752000,2.825000
0,31,1,2.886200,2.837000,2.979000,2.780000,2.938000,2.897000
0,32,1,3.044400,3.091000,3.015000,2.997000,3.015000,3.104000
0,33,1,3.233800,3.214000,3.145000,3.178000,3.310000,3.322000
0,34,1,3.082800,3.189000,3.003000,3.035000,3.090000,3.097000
0,35,1,2.957000,3.032000,2.947000,2.819000,2.896000,3.091000
0,36,1,3.027200,3.059000,2.996000,3.058000,2.974000,3.049000
0,37,1,2.908600,3.029000,2.775000,2.995000,2.863000,2.881000
0,38,1,2.834600,2.865000,2.708000,2.887000,2.797000,2.916000
0,39,1,3.230200,3.329000,3.141000,3.190000,3.196000,3.295000
0,40,2,3.319600,3.299000,3.350000,3.251000,3.420000,3.278000
0,41,2,3.051800,3.017000,3.037000,2.968000,3.022000,3.215000
0,42,2,2.904800,2.938000,2.911000,2.886000,2.915000,2.874000
0,43,2,3.015200,3.042000,3.042000,2.960000,3.053000,2.979000
0,44,2,3.179000,3.271000,3.117000,3.182000,3.130000,3.195000
0,45,2,3.143200,3.174000,3.099000,2.986000,3.216000,3.241000
0,46,2,3.133200,3.088000,2.997000,3.201000,3.246000,3.134000
0,47,2,2.810000,2.757000,2.843000,2.733000,2.867000,2.850000
0,48,2,2.903000,2.937000,2.851000,2.842000,2.866000,3.019000
0,49,2,3.155600,3.149000,3.211000,2.995000,3.184000,3.239000
0,50,2,2.995200,3.144000,2.962000,2.951000,2.969000,2.950000
0,51,2,2.861200,2.876000,2.872000,2.812000,2.841000,2.905000
0,52,2,3.073200,3.081000,3.069000,3.078000,3.013000,3.125000
0,53,2,2.768400,2.801000,2.734000,2.595000,2.852000,2.860000
0,54,2,3.151800,3.246000,3.071000,3.028000,3.192000,3.222000
0,55,2,3.055000,2.998000,3.073000,3.092000,3.061000,3.051000
0,56,2,2.779200,2.882000,2.814000,2.687000,2.714000,2.799000
0,57,2,2.862000,2.792000,2.943000,2.808000,2.841000,2.926000
0,58,2,2.936800,2.968000,2.895000,2.805000,3.060000,2.956000
0,59,2,3.290800,3.419000,3.185000,3.251000,3.264000,3.335000
0,60,3,3.018400,3.039000,3.052000,2.920000,3.052000,3.029000
0,61,3,3.098400,3.050000,3.135000,3.033000,3.129000,3.145000
0,62,3,2.976200,3.040000,2.986000,2.943000,2.924000,2.988000
0,63,3,3.098600,3.119000,3.044000,3.064000,3.104000,3.162000
0,64,3,3.075000,3.060000,3.049000,3.053000,3.174000,3.039000
0,65,3,3.071600,3.183000,3.121000,2.990000,2.982000,3.082000
0,66,3,3.126600,3.106000,3.144000,3.053000,3.138000,3.192000
0,67,3,3.125400,3.207000,3.058000,3.171000,3.163000,3.028000
0,68,3,3.225600,3.362000,3.154000,3.186000,3.171000,3.255000
0,69,3,2.881600,2.787000,2.809000,2.850000,3.000000,2.962000
0,70,3,3.215600,3.315000,3.133000,3.198000,3.279000,3.153000
0,71,3,3.068400,3.023000,3.140000,3.047000,3.117000,3.015000
0,72,3,2.976000,3.081000,2.990000,2.962000,2.943000,2.904000
0,73,3,2.933400,2.967000,2.859000,2.872000,2.989000,2.980000
0,74,3,2.958400,3.012000,2.919000,2.954000,2.962000,2.945000
0,75,3,3.306800,3.260000,3.405000,3.283000,3.319000,3.267000
0,76,3,3.020000,3.096000,3.060000,3.014000,2.948000,2.982000
0,77,3,2.953200,2.888000,2.926000,2.906000,3.016000,3.030000
0,78,3,3.045400,3.093000,3.157000,3.002000,3.041000,2.934000
0,79,3,2.729200,2.783000,2.637000,2.747000,2.810000,2.669000
0,80,4,2.805600,2.740000,2.850000,2.822000,2.828000,2.788000
0,81,4,2.950800,2.941000,2.806000,2.953000,3.006000,3.048000
0,82,4,2.700800,2.673000,2.637000,2.763000,2.691000,2.740000
0,83,4,3.049800,3.113000,3.050000,2.996000,3.101000,2.989000
0,84,4,3.199800,3.201000,3.086000,3.143000,3.303000,3.266000
0,85,4,3.565400,3.618000,3.521000,3.553000,3.668000,3.467000
0,86,4,3.193400,3.218000,3.201000,3.198000,3.211000,3.139000
0,87,4,2.843400,2.899000,2.817000,2.814000,2.892000,2.795000
0,88,4,2.849000,2.756000,2.868000,2.882000,2.857000,2.882000
0,89,4,3.248000,3.339000,3.259000,3.173000,3.234000,3.235000
0,90,4,3.160400,3.093000,3.259000,3.119000,3.075000,3.256000
0,91,4,3.223400,3.238000,3.122000,3.351000,3.241000,3.165000
0,92,4,2.981400,3.128000,2.990000,2.914000,2.903000,2.972000
0,93,4,3.121600,3.166000,3.057000,3.026000,3.142000,3.217000
0,94,4,2.844800,2.817000,2.897000,2.801000,2.806000,2.903000
0,95,4,3.170600,3.160000,3.217000,3.066000,3.205000,3.205000
0,96,4,2.770600,2.727000,2.806000,2.720000,2.795000,2.805000
0,97,4,3.053200,3.114000,3.050000,2.934000,3.144000,3.024000
0,98,4,2.870400,2.935000,2.967000,2.815000,2.859000,2.776000
0,99,4,2.860200,2.847000,2.813000,2.912000,2.856000,2.873000
1,0,0,3.250400,3.271000,3.159000,3.589000,3.082000,3.151000
1,1,0,3.339600,3.285000,3.323000,3.474000,3.250000,3.366000
1,2,0,3.364600,3.408000,3.177000,3.560000,3.322000,3.356000
1,3,0,3.297600,3.265000,3.145000,3.422000,3.306000,3.350000
1,4,0,3.302200,3.324000,3.176000,3.491000,3.259000,3.261000
1,5,0,3.213800,3.183000,3.233000,3.279000,3.178000,3.196000
1,6,0,3.440800,3.461000,3.320000,3.601000,3.358000,3.464000
1,7,0,3.213800,3.264000,3.121000,3.271000,3.221000,3.192000
1,8,0,2.954800,2.977000,2.901000,3.104000,2.840000,2.952000
1,9,0,3.156000,3.163000,3.088000,3.289000,3.121000,3.119000
1,10,0,3.436400,3.453000,3.278000,3.664000,3.355000,3.432000
1,11,0,3.068800,3.077000,2.983000,3.259000,3.002000,3.023000
1,12,0,2.947800,2.875000,2.920000,3.147000,2.858000,2.939000
1,13,0,3.252200,3.125000,3.210000,3.262000,3.277000,3.387000
1,14,0,3.347200,3.285000,3.276000,3.508000,3.283000,3.384000
1,15,0,3.195600,3.164000,3.150000,3.465000,3.110000,3.089000
1,16,0,3.133000,3.192000,2.980000,3.277000,3.135000,3.081000
1,17,0,3.477800,3.444000,3.489000,3.570000,3.340000,3.546000
1,18,0,2.965800,2.933000,2.834000,3.125000,2.930000,3.007000
1,19,0,3.552800,3.569000,3.481000,3.723000,3.449000,3.542000
1,20,1,3.251600,3.302000,3.245000,3.344000,3.115000,3.252000
1,21,1,3.101800,3.073000,2.939000,3.262000,3.063000,3.172000
1,22,1,3.456000,3.440000,3.436000,3.613000,3.381000,3.410000
1,23,1,2.783000,2.767000,2.735000,2.797000,2.808000,2.808000
1,24,1,3.146800,3.086000,3.186000,3.263000,3.085000,3.114000
1,25,1,3.262800,3.219000,3.073000,3.396000,3.301000,3.325000
1,26,1,2.957400,2.935000,2.842000,3.262000,2.859000,2.889000
1,27,1,3.224200,3.225000,3.097000,3.364000,3.169000,3.266000
1,28,1,3.329600,3.274000,3.253000,3.586000,3.261000,3.274000
1,29,1,3.380800,3.335000,3.224000,3.634000,3.300000,3.411000
1,30,1,3.145600,3.113000,3.104000,3.265000,3.172000,3.074000
1,31,1,3.377800,3.431000,3.255000,3.555000,3.275000,3.373000
1,32,1,3.346600,3.416000,3.376000,3.446000,3.294000,3.201000
1,33,1,3.279600,3.215000,3.140000,3.456000,3.262000,3.325000
1,34,1,3.186800,3.160000,3.195000,3.249000,3.161000,3.169000
1,35,1,3.156800,3.106000,3.162000,3.275000,3.134000,3.107000
1,36,1,3.237600,3.242000,3.203000,3.381000,3.184000,3.178000
1,37,1,3.164800,3.003000,3.077000,3.464000,3.131000,3.149000
1,38,1,3.173800,3.123000,3.093000,3.349000,3.158000,3.146000
1,39,1,3.335000,3.291000,3.349000,3.403000,3.245000,3.387000
1,40,2,3.226600,3.137000,3.231000,3.352000,3.146000,3.267000
1,41,2,3.174200,3.090000,3.161000,3.325000,3.073000,3.222000
1,42,2,3.053600,2.989000,3.109000,3.102000,3.051000,3.017000
1,43,2,2.920400,2.973000,2.760000,3.120000,2.872000,2.877000
1,44,2,3.285800,3.182000,3.243000,3.410000,3.207000,3.387000
1,45,2,3.291200,3.306000,3.264000,3.248000,3.319000,3.319000
1,46,2,3.202600,3.233000,3.119000,3.422000,3.089000,3.150000
1,47,2,3.090600,3.138000,2.988000,3.122000,3.059000,3.146000
1,48,2,3.132000,3.190000,3.105000,3.241000,2.933000,3.191000
1,49,2,3.508600,3.566000,3.425000,3.711000,3.400000,3.441000
1,50,2,3.144800,3.082000,2.960000,3.300000,3.202000,3.180000
1,51,2,3.065600,3.036000,3.013000,3.238000,3.085000,2.956000
1,52,2,3.178000,3.092000,3.063000,3.454000,3.139000,3.142000
1,53,2,3.229800,3.215000,3.086000,3.350000,3.205000,3.293000
1,54,2,3.216400,3.228000,3.148000,3.329000,3.144000,3.233000
1,55,2,2.991200,2.951000,2.943000,3.100000,2.956000,3.006000
1,56,2,3.253200,3.342000,3.172000,3.406000,3.236000,3.110000
1,57,2,3.500800,3.504000,3.365000,3.743000,3.427000,3.465000
1,58,2,3.079000,2.995000,2.913000,3.319000,2.997000,3.171000
1,59,2,3.553200,3.316000,3.504000,3.825000,3.545000,3.576000
1,60,3,3.290600,3.274000,3.250000,3.465000,3.271000,3.193000
1,61,3,3.171800,3.145000,3.161000,3.343000,3.059000,3.151000
1,62,3,3.251400,3.283000,3.167000,3.440000,3.122000,3.245000
1,63,3,3.065400,3.010000,3.044000,3.283000,3.059000,2.931000
1,64,3,3.132800,3.081000,3.071000,3.327000,3.149000,3.036000
1,65,3,2.933600,2.929000,2.755000,3.116000,2.878000,2.990000
1,66,3,3.044400,3.122000,2.850000,3.232000,3.075000,2.943000
1,67,3,3.225800,3.172000,3.180000,3.441000,3.079000,3.257000
1,68,3,3.175600,3.161000,3.185000,3.338000,3.085000,3.109000
1,69,3,3.047200,2.985000,3.118000,3.172000,2.935000,3.026000
1,70,3,2.824400,2.775000,2.737000,2.977000,2.722000,2.911000
1,71,3,3.029800,3.066000,3.048000,3.149000,2.917000,2.969000
1,72,3,3.135000,3.114000,3.161000,3.275000,3.047000,3.078000
1,73,3,3.079200,3.081000,2.984000,3.248000,2.967000,3.116000
1,74,3,3.315200,3.321000,3.317000,3.458000,3.276000,3.204000
1,75,3,3.115600,3.133000,3.078000,3.296000,2.948000,3.123000
1,76,3,3.244000,3.222000,3.290000,3.330000,3.194000,3.184000
1,77,3,3.159200,3.125000,3.130000,3.353000,3.122000,3.066000
1,78,3,3.103200,3.177000,2.955000,3.182000,3.032000,3.170000
1,79,3,3.121800,3.081000,2.981000,3.228000,3.061000,3.258000
1,80,4,3.123400,3.096000,2.983000,3.293000,3.103000,3.142000
1,81,4,3.394400,3.427000,3.308000,3.598000,3.336000,3.303000
1,82,4,3.177200,3.148000,3.112000,3.262000,3.197000,3.167000
1,83,4,3.217200,3.272000,3.126000,3.379000,3.088000,3.221000
1,84,4,3.343800,3.323000,3.285000,3.497000,3.315000,3.299000
1,85,4,3.161600,3.140000,3.049000,3.346000,3.202000,3.071000
1,86,4,3.124600,3.176000,3.134000,3.283000,2.930000,3.100000
1,87,4,3.600200,3.645000,3.449000,3.746000,3.587000,3.574000
1,88,4,3.261200,3.225000,3.132000,3.445000,3.226000,3.278000
1,89,4,3.035400,3.035000,2.908000,3.224000,3.002000,3.008000
1,90,4,3.211200,3.171000,3.161000,3.392000,3.165000,3.167000
1,91,4,3.033600,3.017000,2.931000,3.207000,2.928000,3.085000
1,92,4,3.220800,3.174000,3.127000,3.312000,3.263000,3.228000
1,93,4,3.174200,3.178000,3.123000,3.353000,3.091000,3.126000
1,94,4,3.133600,3.080000,3.096000,3.240000,3.112000,3.140000
1,95,4,3.311800,3.281000,3.243000,3.492000,3.255000,3.288000
1,96,4,3.250800,3.145000,3.298000,3.430000,3.121000,3.260000
1,97,4,3.085400,3.055000,3.131000,3.148000,3.025000,3.068000
1,98,4,3.208400,3.153000,3.141000,3.339000,3.169000,3.240000
1,99,4,3.333000,3.321000,3.216000,3.494000,3.230000,3.404000
2,0,0,3.797400,3.741000,3.841000,3.765000,3.786000,3.854000
2,1,0,3.525400,3.715000,3.419000,3.618000,3.386000,3.489000
2,2,0,3.544600,3.559000,3.475000,3.624000,3.582000,3.483000
2,3,0,3.521200,3.621000,3.431000,3.535000,3.447000,3.572000
2,4,0,3.211000,3.245000,3.188000,3.205000,3.205000,3.212000
2,5,0,3.255600,3.305000,3.292000,3.320000,3.162000,3.199000
2,6,0,3.403600,3.429000,3.420000,3.332000,3.475000,3.362000
2,7,0,3.235200,3.164000,3.344000,3.360000,3.157000,3.151000
2,8,0,3.485200,3.561000,3.479000,3.407000,3.480000,3.499000
2,9,0,3.343600,3.290000,3.406000,3.467000,3.335000,3.220000
2,10,0,3.115400,3.104000,3.075000,3.119000,3.102000,3.177000
2,11,0,3.237200,3.292000,3.177000,3.371000,3.104000,3.242000
2,12,0,3.116600,3.082000,3.191000,3.143000,3.122000,3.045000
2,13,0,3.429800,3.491000,3.475000,3.403000,3.468000,3.312000
2,14,0,3.332000,3.361000,3.266000,3.378000,3.317000,3.338000
2,15,0,3.337400,3.338000,3.319000,3.361000,3.311000,3.358000
2,16,0,3.488800,3.505000,3.575000,3.362000,3.537000,3.465000
2,17,0,3.270600,3.378000,3.347000,3.221000,3.131000,3.276000
2,18,0,3.676000,3.767000,3.659000,3.615000,3.656000,3.683000
2,19,0,3.404800,3.529000,3.363000,3.444000,3.318000,3.370000
2,20,1,3.339400,3.380000,3.418000,3.346000,3.256000,3.297000
2,21,1,3.316600,3.271000,3.355000,3.382000,3.253000,3.322000
2,22,1,3.318000,3.419000,3.257000,3.435000,3.294000,3.185000
2,23,1,3.201800,3.207000,3.202000,3.199000,3.110000,3.291000
2,24,1,3.383400,3.501000,3.387000,3.343000,3.368000,3.318000
2,25,1,3.153000,3.178000,3.153000,3.107000,3.169000,3.158000
2,26,1,3.563800,3.558000,3.618000,3.635000,3.516000,3.492000
2,27,1,3.274200,3.305000,3.312000,3.231000,3.334000,3.189000
2,28,1,3.170200,3.256000,3.115000,3.223000,3.077000,3.180000
2,29,1,3.216600,3.278000,3.221000,3.255000,3.180000,3.149000
2,30,1,3.413800,3.388000,3.407000,3.440000,3.356000,3.478000
2,31,1,3.372400,3.311000,3.424000,3.340000,3.387000,3.400000
2,32,1,3.132000,3.075000,3.154000,3.269000,3.065000,3.097000
2,33,1,3.129200,3.106000,3.204000,3.228000,3.111000,2.997000
2,34,1,3.283600,3.339000,3.192000,3.378000,3.269000,3.240000
2,35,1,3.354400,3.390000,3.333000,3.367000,3.326000,3.356000
2,36,1,3.455200,3.498000,3.429000,3.438000,3.440000,3.471000
2,37,1,3.354000,3.465000,3.444000,3.381000,3.263000,3.217000
2,38,1,3.362400,3.453000,3.419000,3.400000,3.257000,3.283000
2,39,1,3.382200,3.547000,3.266000,3.396000,3.387000,3.315000
2,40,2,3.405400,3.409000,3.379000,3.439000,3.382000,3.418000
2,41,2,3.468800,3.559000,3.500000,3.420000,3.387000,3.478000
2,42,2,3.232000,3.194000,3.238000,3.334000,3.201000,3.193000
2,43,2,3.343800,3.407000,3.417000,3.363000,3.222000,3.310000
2,44,2,3.433600,3.491000,3.413000,3.502000,3.432000,3.330000
2,45,2,3.081000,3.099000,3.161000,3.154000,3.016000,2.975000
2,46,2,3.322000,3.325000,3.342000,3.375000,3.249000,3.319000
2,47,2,3.360400,3.318000,3.449000,3.408000,3.373000,3.254000
2,48,2,3.306000,3.274000,3.341000,3.323000,3.319000,3.273000
2,49,2,3.243200,3.275000,3.264000,3.219000,3.313000,3.145000
2,50,2,3.544200,3.481000,3.607000,3.625000,3.508000,3.500000
2,51,2,3.509400,3.568000,3.569000,3.510000,3.312000,3.588000
2,52,2,3.213400,3.213000,3.118000,3.244000,3.168000,3.324000
2,53,2,3.249000,3.284000,3.298000,3.302000,3.167000,3.194000
2,54,2,3.241000,3.362000,3.163000,3.392000,3.020000,3.268000
2,55,2,3.386000,3.376000,3.375000,3.325000,3.482000,3.372000
2,56,2,3.201400,3.335000,3.147000,3.246000,3.192000,3.087000
2,57,2,3.541800,3.594000,3.543000,3.660000,3.377000,3.535000
2,58,2,3.375600,3.383000,3.366000,3.479000,3.335000,3.315000
2,59,2,3.231800,3.327000,3.244000,3.273000,3.245000,3.070000
2,60,3,2.795800,2.739000,2.875000,2.798000,2.847000,2.720000
2,61,3,3.131600,3.074000,3.206000,3.207000,3.089000,3.082000
2,62,3,2.978200,3.000000,2.978000,3.021000,2.932000,2.960000
2,63,3,3.113400,3.160000,3.156000,3.089000,3.104000,3.058000
2,64,3,3.213000,3.134000,3.309000,3.248000,3.213000,3.161000
2,65,3,3.215000,3.147000,3.234000,3.308000,3.198000,3.188000
2,66,3,3.028000,3.023000,2.998000,3.084000,3.085000,2.950000
2,67,3,3.132200,3.205000,3.124000,3.107000,3.205000,3.020000
2,68,3,3.121200,3.151000,3.224000,3.154000,2.925000,3.152000
2,69,3,3.056200,3.053000,3.099000,3.137000,3.050000,2.942000
2,70,3,3.325000,3.343000,3.348000,3.347000,3.319000,3.268000
2,71,3,3.184200,3.211000,3.188000,3.189000,3.244000,3.089000
2,72,3,3.279200,3.269000,3.323000,3.444000,3.126000,3.234000
2,73,3,3.118800,3.214000,3.205000,3.053000,3.030000,3.092000
2,74,3,3.253200,3.248000,3.280000,3.302000,3.317000,3.119000
2,75,3,3.326400,3.405000,3.360000,3.227000,3.341000,3.299000
2,76,3,2.855600,2.851000,2.985000,2.784000,2.815000,2.843000
2,77,3,3.038800,3.044000,3.073000,3.140000,3.044000,2.893000
2,78,3,2.911400,2.892000,2.872000,2.952000,2.930000,2.911000
2,79,3,3.376000,3.496000,3.417000,3.292000,3.270000,3.405000
2,80,4,3.417000,3.461000,3.435000,3.451000,3.408000,3.330000
2,81,4,2.898200,2.893000,2.932000,2.912000,2.844000,2.910000
2,82,4,3.120000,3.104000,3.168000,3.110000,3.057000,3.161000
2,83,4,3.022400,3.015000,3.005000,3.066000,3.084000,2.942000
2,84,4,3.392200,3.469000,3.483000,3.364000,3.307000,3.338000
2,85,4,3.575200,3.695000,3.669000,3.512000,3.440000,3.560000
2,86,4,3.304600,3.375000,3.209000,3.350000,3.269000,3.320000
2,87,4,3.134600,3.219000,3.108000,3.134000,3.103000,3.109000
2,88,4,3.337000,3.435000,3.350000,3.303000,3.276000,3.321000
2,89,4,3.305200,3.334000,3.349000,3.306000,3.260000,3.277000
2,90,4,3.165800,3.193000,3.194000,3.099000,3.176000,3.167000
2,91,4,3.019000,3.062000,2.980000,3.076000,3.020000,2.957000
2,92,4,3.239800,3.292000,3.261000,3.183000,3.260000,3.203000
2,93,4,3.390400,3.468000,3.445000,3.391000,3.276000,3.372000
2,94,4,3.195800,3.284000,3.088000,3.247000,3.190000,3.170000
2,95,4,3.188400,3.210000,3.180000,3.071000,3.274000,3.207000
2,96,4,3.323200,3.414000,3.287000,3.367000,3.305000,3.243000
2,97,4,3.326000,3.332000,3.255000,3.444000,3.264000,3.335000
2,98,4,3.388200,3.430000,3.363000,3.397000,3.376000,3.375000
2,99,4,3.373200,3.408000,3.412000,3.350000,3.268000,3.428000
3,0,0,3.542800,3.497000,3.703000,3.536000,3.443000,3.535000
3,1,0,3.532200,3.319000,3.700000,3.536000,3.505000,3.601000
3,2,0,3.408400,3.392000,3.431000,3.416000,3.308000,3.495000
3,3,0,3.443800,3.377000,3.521000,3.366000,3.434000,3.521000
3,4,0,3.633400,3.626000,3.730000,3.677000,3.379000,3.755000
3,5,0,3.727000,3.673000,3.794000,3.819000,3.580000,3.769000
3,6,0,3.525200,3.506000,3.621000,3.488000,3.461000,3.550000
3,7,0,3.610200,3.555000,3.771000,3.564000,3.500000,3.661000
3,8,0,3.666000,3.568000,3.774000,3.652000,3.636000,3.700000
3,9,0,3.560600,3.512000,3.767000,3.541000,3.494000,3.489000
3,10,0,3.590800,3.613000,3.723000,3.494000,3.539000,3.585000
3,11,0,3.355200,3.356000,3.381000,3.304000,3.312000,3.423000
3,12,0,3.743800,3.772000,3.811000,3.806000,3.648000,3.682000
3,13,0,3.458200,3.496000,3.573000,3.458000,3.246000,3.518000
3,14,0,3.060200,3.043000,3.222000,2.956000,3.062000,3.018000
3,15,0,3.509000,3.556000,3.527000,3.493000,3.486000,3.483000
3,16,0,3.362200,3.380000,3.447000,3.361000,3.315000,3.308000
3,17,0,3.515800,3.431000,3.605000,3.470000,3.489000,3.584000
3,18,0,3.653600,3.726000,3.675000,3.627000,3.511000,3.729000
3,19,0,3.335400,3.054000,3.484000,3.441000,3.313000,3.385000
3,20,1,3.477600,3.317000,3.764000,3.481000,3.344000,3.482000
3,21,1,3.494600,3.486000,3.603000,3.501000,3.308000,3.575000
3,22,1,3.396800,3.334000,3.511000,3.415000,3.405000,3.319000
3,23,1,3.386800,3.377000,3.483000,3.325000,3.336000,3.413000
3,24,1,3.368200,3.384000,3.587000,3.217000,3.368000,3.285000
3,25,1,3.456600,3.344000,3.636000,3.490000,3.459000,3.354000
3,26,1,3.383800,3.344000,3.466000,3.338000,3.356000,3.415000
3,27,1,3.338000,3.140000,3.567000,3.344000,3.273000,3.366000
3,28,1,3.423200,3.440000,3.462000,3.430000,3.447000,3.337000
3,29,1,3.375200,3.338000,3.398000,3.316000,3.445000,3.379000
3,30,1,3.267600,3.169000,3.273000,3.273000,3.275000,3.348000
3,31,1,3.361200,3.406000,3.426000,3.404000,3.258000,3.312000
3,32,1,3.465600,3.416000,3.632000,3.433000,3.380000,3.467000
3,33,1,3.211000,3.101000,3.373000,3.130000,3.235000,3.216000
3,34,1,3.476000,3.501000,3.486000,3.565000,3.361000,3.467000
3,35,1,3.395200,3.317000,3.474000,3.325000,3.265000,3.595000
3,36,1,3.372800,3.294000,3.543000,3.398000,3.206000,3.423000
3,37,1,3.357200,3.332000,3.459000,3.388000,3.318000,3.289000
3,38,1,3.521400,3.470000,3.598000,3.484000,3.476000,3.579000
3,39,1,3.240000,3.097000,3.336000,3.334000,3.196000,3.237000
3,40,2,3.101000,3.111000,3.200000,2.987000,3.086000,3.121000
3,41,2,3.577600,3.511000,3.563000,3.704000,3.505000,3.605000
3,42,2,3.402800,3.367000,3.533000,3.329000,3.315000,3.470000
3,43,2,3.454200,3.451000,3.615000,3.318000,3.491000,3.396000
3,44,2,3.433600,3.332000,3.521000,3.465000,3.307000,3.543000
3,45,2,3.256000,3.318000,3.271000,3.228000,3.201000,3.262000
3,46,2,3.323200,3.246000,3.446000,3.266000,3.303000,3.355000
3,47,2,3.228000,3.169000,3.232000,3.261000,3.174000,3.304000
3,48,2,3.366600,3.411000,3.607000,3.233000,3.172000,3.410000
3,49,2,3.538800,3.301000,3.724000,3.426000,3.594000,3.649000
3,50,2,3.614200,3.569000,3.747000,3.678000,3.523000,3.554000
3,51,2,3.592000,3.574000,3.638000,3.584000,3.512000,3.652000
3,52,2,3.597600,3.534000,3.743000,3.579000,3.446000,3.686000
3,53,2,3.013000,3.125000,3.040000,2.901000,2.942000,3.057000
3,54,2,3.392600,3.372000,3.516000,3.347000,3.387000,3.341000
3,55,2,3.339800,3.340000,3.365000,3.305000,3.267000,3.422000
3,56,2,3.545400,3.573000,3.598000,3.444000,3.559000,3.553000
3,57,2,3.268000,3.277000,3.406000,3.169000,3.219000,3.269000
3,58,2,3.255600,3.134000,3.355000,3.256000,3.226000,3.307000
3,59,2,3.603200,3.475000,3.744000,3.641000,3.400000,3.756000
3,60,3,2.938600,2.934000,2.980000,2.972000,2.880000,2.927000
3,61,3,3.401400,3.407000,3.440000,3.323000,3.409000,3.428000
3,62,3,3.357400,3.284000,3.431000,3.292000,3.321000,3.459000
3,63,3,3.256600,3.250000,3.158000,3.267000,3.279000,3.329000
3,64,3,3.477200,3.386000,3.575000,3.487000,3.449000,3.489000
3,65,3,3.376600,3.241000,3.523000,3.317000,3.357000,3.445000
3,66,3,3.451600,3.397000,3.512000,3.364000,3.449000,3.536000
3,67,3,3.286200,3.375000,3.435000,3.143000,3.202000,3.276000
3,68,3,3.417200,3.248000,3.541000,3.409000,3.414000,3.474000
3,69,3,3.109000,3.038000,3.135000,3.041000,3.143000,3.188000
3,70,3,3.436600,3.411000,3.541000,3.422000,3.339000,3.470000
3,71,3,3.359800,3.349000,3.501000,3.232000,3.330000,3.387000
3,72,3,3.388000,3.325000,3.566000,3.404000,3.216000,3.429000
3,73,3,3.589600,3.628000,3.759000,3.475000,3.535000,3.551000
3,74,3,3.446000,3.460000,3.544000,3.384000,3.412000,3.430000
3,75,3,3.320800,3.102000,3.501000,3.380000,3.340000,3.281000
3,76,3,3.031400,3.106000,3.002000,2.881000,3.152000,3.016000
3,77,3,3.449000,3.480000,3.499000,3.362000,3.380000,3.524000
3,78,3,3.327400,3.252000,3.466000,3.267000,3.272000,3.380000
3,79,3,3.314600,3.283000,3.474000,3.279000,3.225000,3.312000
3,80,4,3.445200,3.496000,3.486000,3.360000,3.427000,3.457000
3,81,4,3.621400,3.605000,3.705000,3.664000,3.507000,3.626000
3,82,4,3.522000,3.487000,3.557000,3.572000,3.423000,3.571000
3,83,4,3.503600,3.509000,3.577000,3.452000,3.411000,3.569000
3,84,4,3.520400,3.484000,3.619000,3.431000,3.546000,3.522000
3,85,4,3.370200,3.387000,3.501000,3.389000,3.258000,3.316000
3,86,4,3.440800,3.411000,3.448000,3.393000,3.462000,3.490000
3,87,4,3.334200,3.322000,3.335000,3.328000,3.294000,3.392000
3,88,4,3.395200,3.401000,3.516000,3.338000,3.287000,3.434000
3,89,4,3.440000,3.397000,3.597000,3.423000,3.271000,3.512000
3,90,4,3.615800,3.451000,3.739000,3.616000,3.572000,3.701000
3,91,4,3.722400,3.637000,3.853000,3.748000,3.661000,3.713000
3,92,4,3.540800,3.500000,3.671000,3.501000,3.484000,3.548000
3,93,4,3.475000,3.420000,3.640000,3.417000,3.367000,3.531000
3,94,4,3.505400,3.449000,3.607000,3.473000,3.396000,3.602000
3,95,4,3.285200,3.279000,3.370000,3.270000,3.198000,3.309000
3,96,4,3.394600,3.251000,3.511000,3.358000,3.349000,3.504000
3,97,4,3.526200,3.534000,3.487000,3.563000,3.472000,3.575000
3,98,4,3.452600,3.494000,3.368000,3.362000,3.534000,3.505000
3,99,4,3.233000,3.143000,3.401000,3.120000,3.229000,3.272000
4,0,0,3.653200,3.618000,3.501000,3.704000,3.710000,3.733000
4,1,0,3.988600,4.057000,4.001000,3.865000,4.061000,3.959000
4,2,0,3.946800,3.879000,3.988000,3.929000,4.097000,3.841000
4,3,0,3.774400,3.664000,3.778000,3.793000,3.800000,3.837000
4,4,0,3.563000,3.456000,3.698000,3.441000,3.646000,3.574000
4,5,0,3.639400,3.738000,3.616000,3.474000,3.628000,3.741000
4,6,0,3.343200,3.418000,3.351000,3.254000,3.314000,3.379000
4,7,0,3.652600,3.533000,3.704000,3.653000,3.617000,3.756000
4,8,0,3.376800,3.324000,3.232000,3.441000,3.467000,3.420000
4,9,0,3.486200,3.579000,3.435000,3.404000,3.569000,3.444000
4,10,0,3.687800,3.633000,3.793000,3.630000,3.710000,3.673000
4,11,0,3.511200,3.485000,3.469000,3.401000,3.648000,3.553000
4,12,0,3.452600,3.425000,3.351000,3.466000,3.564000,3.457000
4,13,0,3.925200,3.937000,3.916000,3.825000,4.077000,3.871000
4,14,0,3.727200,3.705000,3.737000,3.638000,3.846000,3.710000
4,15,0,3.802000,3.799000,3.775000,3.738000,3.819000,3.879000
4,16,0,3.675600,3.770000,3.596000,3.501000,3.784000,3.727000
4,17,0,3.684400,3.744000,3.635000,3.658000,3.725000,3.660000
4,18,0,3.702200,3.603000,3.666000,3.693000,3.725000,3.824000
4,19,0,3.763200,3.805000,3.659000,3.702000,3.822000,3.828000
4,20,1,3.661800,3.589000,3.675000,3.666000,3.695000,3.684000
4,21,1,3.155200,3.100000,3.118000,3.130000,3.253000,3.175000
4,22,1,3.654400,3.684000,3.500000,3.662000,3.750000,3.676000
4,23,1,3.398600,3.339000,3.329000,3.453000,3.459000,3.413000
4,24,1,3.097000,3.100000,3.077000,3.022000,3.105000,3.181000
4,25,1,3.517400,3.579000,3.490000,3.469000,3.609000,3.440000
4,26,1,3.537200,3.517000,3.530000,3.528000,3.583000,3.528000
4,27,1,3.646800,3.675000,3.749000,3.522000,3.599000,3.689000
4,28,1,3.273200,3.277000,3.057000,3.336000,3.265000,3.431000
4,29,1,3.471000,3.500000,3.363000,3.427000,3.547000,3.518000
4,30,1,3.364000,3.509000,3.264000,3.354000,3.369000,3.324000
4,31,1,3.417400,3.479000,3.323000,3.437000,3.502000,3.346000
4,32,1,3.314000,3.235000,3.250000,3.313000,3.387000,3.385000
4,33,1,3.417800,3.516000,3.345000,3.396000,3.469000,3.363000
4,34,1,3.287600,3.230000,3.350000,3.257000,3.298000,3.303000
4,35,1,3.370600,3.387000,3.353000,3.270000,3.489000,3.354000
4,36,1,3.441400,3.415000,3.369000,3.466000,3.530000,3.427000
4,37,1,3.350000,3.389000,3.258000,3.410000,3.422000,3.271000
4,38,1,3.561000,3.526000,3.592000,3.584000,3.486000,3.617000
4,39,1,3.337800,3.306000,3.382000,3.308000,3.351000,3.342000
4,40,2,3.602600,3.617000,3.566000,3.487000,3.637000,3.706000
4,41,2,3.503000,3.446000,3.534000,3.447000,3.660000,3.428000
4,42,2,3.516400,3.429000,3.380000,3.500000,3.661000,3.612000
4,43,2,3.327200,3.348000,3.285000,3.340000,3.280000,3.383000
4,44,2,3.563200,3.525000,3.548000,3.551000,3.623000,3.569000
4,45,2,3.010800,3.033000,3.028000,2.975000,2.891000,3.127000
4,46,2,3.370000,3.351000,3.431000,3.211000,3.418000,3.439000
4,47,2,3.568200,3.605000,3.576000,3.538000,3.529000,3.593000
4,48,2,3.348800,3.420000,3.398000,3.310000,3.316000,3.300000
4,49,2,3.569400,3.473000,3.570000,3.522000,3.578000,3.704000
4,50,2,3.508800,3.565000,3.498000,3.413000,3.530000,3.538000
4,51,2,3.459600,3.486000,3.406000,3.341000,3.624000,3.441000
4,52,2,3.544200,3.513000,3.541000,3.420000,3.600000,3.647000
4,53,2,3.245000,3.324000,3.288000,3.130000,3.301000,3.182000
4,54,2,3.034600,2.999000,3.188000,2.940000,3.112000,2.934000
4,55,2,3.648200,3.705000,3.725000,3.541000,3.650000,3.620000
4,56,2,3.556400,3.561000,3.694000,3.513000,3.560000,3.454000
4,57,2,3.561800,3.475000,3.541000,3.552000,3.658000,3.583000
4,58,2,3.358000,3.402000,3.367000,3.227000,3.478000,3.316000
4,59,2,3.573000,3.707000,3.526000,3.488000,3.581000,3.563000
4,60,3,3.474200,3.440000,3.305000,3.563000,3.554000,3.509000
4,61,3,3.245000,3.374000,3.109000,3.188000,3.305000,3.249000
4,62,3,3.170000,3.201000,3.043000,3.079000,3.411000,3.116000
4,63,3,3.529000,3.542000,3.432000,3.481000,3.646000,3.544000
4,64,3,3.379800,3.416000,3.307000,3.371000,3.453000,3.352000
4,65,3,3.316200,3.346000,3.203000,3.292000,3.387000,3.353000
4,66,3,3.486800,3.584000,3.401000,3.492000,3.456000,3.501000
4,67,3,3.466000,3.516000,3.366000,3.398000,3.559000,3.491000
4,68,3,3.393800,3.439000,3.313000,3.442000,3.392000,3.383000
4,69,3,3.202000,3.235000,3.129000,3.169000,3.294000,3.183000
4,70,3,3.396800,3.380000,3.356000,3.369000,3.526000,3.353000
4,71,3,3.542000,3.505000,3.474000,3.518000,3.697000,3.516000
4,72,3,3.361400,3.408000,3.316000,3.402000,3.397000,3.284000
4,73,3,3.400000,3.364000,3.372000,3.455000,3.485000,3.324000
4,74,3,3.251800,3.305000,3.212000,3.186000,3.227000,3.329000
4,75,3,3.344400,3.498000,3.197000,3.292000,3.282000,3.453000
4,76,3,3.486600,3.510000,3.411000,3.449000,3.602000,3.461000
4,77,3,3.323800,3.425000,3.219000,3.359000,3.387000,3.229000
4,78,3,3.161600,3.129000,3.050000,3.173000,3.227000,3.229000
4,79,3,3.294800,3.394000,3.313000,3.184000,3.413000,3.170000
4,80,4,3.275200,3.285000,3.256000,3.235000,3.316000,3.284000
4,81,4,3.456000,3.419000,3.366000,3.387000,3.651000,3.457000
4,82,4,3.341400,3.384000,3.347000,3.280000,3.336000,3.360000
4,83,4,3.630400,3.706000,3.550000,3.583000,3.590000,3.723000
4,84,4,3.324800,3.317000,3.270000,3.257000,3.406000,3.374000
4,85,4,3.672800,3.738000,3.572000,3.694000,3.743000,3.617000
4,86,4,3.400800,3.362000,3.383000,3.369000,3.488000,3.402000
4,87,4,3.677200,3.725000,3.590000,3.635000,3.833000,3.603000
4,88,4,3.472200,3.448000,3.520000,3.443000,3.490000,3.460000
4,89,4,3.382600,3.445000,3.271000,3.293000,3.499000,3.405000
4,90,4,3.464000,3.538000,3.434000,3.463000,3.440000,3.445000
4,91,4,3.329000,3.266000,3.271000,3.307000,3.361000,3.440000
4,92,4,3.574400,3.642000,3.500000,3.463000,3.720000,3.547000
4,93,4,3.320000,3.358000,3.235000,3.255000,3.435000,3.317000
4,94,4,3.260200,3.338000,3.369000,3.257000,3.154000,3.183000
4,95,4,3.504200,3.528000,3.492000,3.521000,3.506000,3.474000
4,96,4,3.446000,3.419000,3.360000,3.410000,3.581000,3.460000
4,97,4,3.549400,3.637000,3.544000,3.553000,3.506000,3.507000
4,98,4,3.495000,3.513000,3.444000,3.464000,3.606000,3.448000
4,99,4,3.374400,3.268000,3.471000,3.117000,3.490000,3.526000
5,0,0,3.617600,3.711000,3.585000,3.673000,3.332000,3.787000
5,1,0,3.693000,3.693000,3.605000,3.517000,3.848000,3.802000
5,2,0,3.707800,3.717000,3.564000,3.632000,3.740000,3.886000
5,3,0,3.697600,3.814000,3.613000,3.660000,3.596000,3.805000
5,4,0,3.619200,3.646000,3.579000,3.608000,3.563000,3.700000
5,5,0,4.113000,4.213000,4.028000,3.936000,4.188000,4.200000
5,6,0,3.513800,3.648000,3.449000,3.444000,3.414000,3.614000
5,7,0,3.788600,3.757000,3.752000,3.741000,3.813000,3.880000
5,8,0,3.460200,3.565000,3.410000,3.296000,3.442000,3.588000
5,9,0,3.758800,3.782000,3.739000,3.624000,3.812000,3.837000
5,10,0,3.481400,3.564000,3.463000,3.328000,3.535000,3.517000
5,11,0,3.826000,3.952000,3.803000,3.629000,3.797000,3.949000
5,12,0,3.466200,3.546000,3.430000,3.351000,3.385000,3.619000
5,13,0,3.838400,3.864000,3.795000,3.819000,3.840000,3.874000
5,14,0,3.836800,3.881000,3.781000,3.729000,3.784000,4.009000
5,15,0,4.143000,4.138000,4.164000,4.119000,4.033000,4.261000
5,16,0,3.961000,4.135000,3.827000,3.940000,3.844000,4.059000
5,17,0,3.794400,3.725000,3.790000,3.779000,3.702000,3.976000
5,18,0,3.597400,3.597000,3.386000,3.565000,3.629000,3.810000
5,19,0,3.890600,3.903000,3.839000,3.719000,3.911000,4.081000
5,20,1,3.735600,3.871000,3.548000,3.594000,3.751000,3.914000
5,21,1,3.498800,3.568000,3.428000,3.409000,3.486000,3.603000
5,22,1,3.514800,3.501000,3.495000,3.436000,3.471000,3.671000
5,23,1,3.415200,3.471000,3.268000,3.459000,3.328000,3.550000
5,24,1,3.342800,3.328000,3.244000,3.279000,3.402000,3.461000
5,25,1,3.554800,3.628000,3.511000,3.444000,3.519000,3.672000
5,26,1,3.470800,3.447000,3.429000,3.396000,3.445000,3.637000
5,27,1,3.440400,3.498000,3.449000,3.374000,3.375000,3.506000
5,28,1,3.712400,3.739000,3.615000,3.735000,3.681000,3.792000
5,29,1,3.515200,3.600000,3.518000,3.292000,3.428000,3.738000
5,30,1,3.744000,3.805000,3.593000,3.684000,3.661000,3.977000
5,31,1,3.334600,3.462000,3.353000,3.268000,3.155000,3.435000
5,32,1,3.489800,3.677000,3.353000,3.418000,3.320000,3.681000
5,33,1,3.619000,3.727000,3.601000,3.537000,3.437000,3.793000
5,34,1,3.296200,3.373000,3.291000,3.153000,3.172000,3.492000
5,35,1,3.483000,3.469000,3.453000,3.205000,3.593000,3.695000
5,36,1,3.656000,3.692000,3.608000,3.543000,3.581000,3.856000
5,37,1,3.550800,3.511000,3.589000,3.467000,3.558000,3.629000
5,38,1,3.576200,3.710000,3.521000,3.472000,3.433000,3.745000
5,39,1,3.396000,3.518000,3.416000,3.331000,3.371000,3.344000
5,40,2,3.551200,3.644000,3.556000,3.467000,3.413000,3.676000
5,41,2,3.639000,3.825000,3.584000,3.553000,3.446000,3.787000
5,42,2,3.450400,3.490000,3.318000,3.380000,3.474000,3.590000
5,43,2,3.791400,3.780000,3.721000,3.589000,3.957000,3.910000
5,44,2,3.616200,3.690000,3.571000,3.554000,3.593000,3.673000
5,45,2,3.909400,3.982000,3.798000,3.797000,3.959000,4.011000
5,46,2,3.512800,3.567000,3.390000,3.426000,3.412000,3.769000
5,47,2,3.677000,3.653000,3.636000,3.629000,3.712000,3.755000
5,48,2,3.416200,3.484000,3.361000,3.314000,3.374000,3.548000
5,49,2,3.309800,3.341000,3.187000,3.110000,3.345000,3.566000
5,50,2,3.583200,3.557000,3.520000,3.492000,3.610000,3.737000
5,51,2,3.824200,3.775000,3.802000,3.737000,3.747000,4.060000
5,52,2,3.455200,3.480000,3.401000,3.515000,3.364000,3.516000
5,53,2,3.404400,3.430000,3.242000,3.318000,3.453000,3.579000
5,54,2,3.772600,3.797000,3.753000,3.567000,3.757000,3.989000
5,55,2,3.403200,3.461000,3.452000,3.240000,3.396000,3.467000
5,56,2,3.535000,3.566000,3.531000,3.402000,3.503000,3.673000
5,57,2,3.734600,3.659000,3.633000,3.694000,3.820000,3.867000
5,58,2,3.641200,3.716000,3.478000,3.509000,3.637000,3.866000
5,59,2,3.499600,3.560000,3.478000,3.395000,3.424000,3.641000
5,60,3,3.301600,3.428000,3.233000,3.300000,3.161000,3.386000
5,61,3,3.716400,3.736000,3.643000,3.709000,3.658000,3.836000
5,62,3,3.403200,3.568000,3.331000,3.405000,3.265000,3.447000
5,63,3,3.213200,3.390000,3.145000,3.111000,3.013000,3.407000
5,64,3,3.239600,3.255000,3.265000,3.197000,3.079000,3.402000
5,65,3,3.480400,3.520000,3.479000,3.454000,3.232000,3.717000
5,66,3,3.254800,3.410000,3.299000,3.025000,3.230000,3.310000
5,67,3,3.523600,3.575000,3.469000,3.370000,3.419000,3.785000
5,68,3,3.435000,3.513000,3.425000,3.358000,3.392000,3.487000
5,69,3,3.389600,3.472000,3.301000,3.377000,3.409000,3.389000
5,70,3,3.390000,3.456000,3.314000,3.424000,3.242000,3.514000
5,71,3,3.498200,3.529000,3.398000,3.369000,3.450000,3.745000
5,72,3,3.340400,3.422000,3.265000,3.281000,3.285000,3.449000
5,73,3,3.471200,3.389000,3.396000,3.597000,3.452000,3.522000
5,74,3,3.518600,3.535000,3.424000,3.427000,3.500000,3.707000
5,75,3,3.351800,3.482000,3.433000,3.200000,3.279000,3.365000
5,76,3,3.359000,3.404000,3.332000,3.179000,3.411000,3.469000
5,77,3,3.510400,3.624000,3.453000,3.400000,3.407000,3.668000
5,78,3,3.428800,3.436000,3.439000,3.450000,3.363000,3.456000
5,79,3,3.624600,3.687000,3.640000,3.454000,3.565000,3.777000
5,80,4,3.557400,3.672000,3.545000,3.478000,3.476000,3.616000
5,81,4,3.752000,3.878000,3.595000,3.652000,3.785000,3.850000
5,82,4,3.646200,3.842000,3.660000,3.416000,3.518000,3.795000
5,83,4,3.828800,3.947000,3.820000,3.679000,3.730000,3.968000
5,84,4,3.472200,3.563000,3.441000,3.420000,3.446000,3.491000
5,85,4,3.559600,3.675000,3.550000,3.460000,3.499000,3.614000
5,86,4,3.416200,3.431000,3.348000,3.259000,3.310000,3.733000
5,87,4,3.658200,3.723000,3.603000,3.595000,3.516000,3.854000
5,88,4,3.374000,3.422000,3.263000,3.249000,3.421000,3.515000
5,89,4,3.555600,3.658000,3.524000,3.378000,3.513000,3.705000
5,90,4,3.361400,3.446000,3.265000,3.343000,3.304000,3.449000
5,91,4,3.603800,3.723000,3.535000,3.541000,3.509000,3.711000
5,92,4,3.671800,3.742000,3.682000,3.531000,3.781000,3.623000
5,93,4,3.469600,3.471000,3.393000,3.547000,3.362000,3.575000
5,94,4,3.327800,3.482000,3.317000,3.230000,3.272000,3.338000
5,95,4,3.826800,3.918000,3.661000,3.784000,3.750000,4.021000
5,96,4,3.621200,3.713000,3.604000,3.507000,3.576000,3.706000
5,97,4,3.277800,3.351000,3.172000,3.238000,3.193000,3.435000
5,98,4,3.489600,3.510000,3.484000,3.475000,3.412000,3.567000
5,99,4,3.686400,3.807000,3.506000,3.713000,3.655000,3.751000
6,0,0,3.931600,3.829000,3.847000,3.987000,4.042000,3.953000
6,1,0,3.610800,3.715000,3.497000,3.567000,3.689000,3.586000
6,2,0,3.762000,3.759000,3.723000,3.852000,3.740000,3.736000
6,3,0,4.128600,4.208000,3.943000,4.124000,4.211000,4.157000
6,4,0,3.704000,3.780000,3.525000,3.695000,3.822000,3.698000
6,5,0,3.523800,3.643000,3.320000,3.572000,3.528000,3.556000
6,6,0,3.612600,3.655000,3.547000,3.619000,3.694000,3.548000
6,7,0,3.662000,3.724000,3.543000,3.651000,3.721000,3.671000
6,8,0,3.806200,3.827000,3.709000,3.883000,3.810000,3.802000
6,9,0,3.656800,3.666000,3.663000,3.622000,3.665000,3.668000
6,10,0,3.863600,3.913000,3.813000,3.905000,3.872000,3.815000
6,11,0,3.967200,4.095000,3.781000,3.876000,3.994000,4.090000
6,12,0,3.930600,4.126000,3.757000,3.785000,3.999000,3.986000
6,13,0,3.728600,3.656000,3.668000,3.681000,3.826000,3.812000
6,14,0,4.038600,4.097000,4.000000,4.093000,3.983000,4.020000
6,15,0,3.876600,3.924000,3.824000,3.852000,3.952000,3.831000
6,16,0,3.657800,3.635000,3.517000,3.618000,3.839000,3.680000
6,17,0,3.752400,3.785000,3.604000,3.855000,3.787000,3.731000
6,18,0,3.909400,4.077000,3.730000,3.838000,3.961000,3.941000
6,19,0,3.829400,3.847000,3.744000,3.875000,3.840000,3.841000
6,20,1,3.156600,3.143000,3.119000,3.127000,3.191000,3.203000
6,21,1,3.326200,3.378000,3.183000,3.320000,3.381000,3.369000
6,22,1,3.602200,3.735000,3.504000,3.521000,3.659000,3.592000
6,23,1,3.584800,3.551000,3.477000,3.635000,3.671000,3.590000
6,24,1,3.588600,3.606000,3.571000,3.503000,3.620000,3.643000
6,25,1,3.563600,3.680000,3.527000,3.601000,3.497000,3.513000
6,26,1,3.614600,3.700000,3.522000,3.581000,3.602000,3.668000
6,27,1,3.628400,3.742000,3.506000,3.591000,3.738000,3.565000
6,28,1,3.434200,3.548000,3.388000,3.380000,3.527000,3.328000
6,29,1,3.753000,3.707000,3.695000,3.864000,3.782000,3.717000
6,30,1,3.518600,3.550000,3.415000,3.480000,3.574000,3.574000
6,31,1,3.461000,3.366000,3.453000,3.410000,3.519000,3.557000
6,32,1,3.842800,3.886000,3.637000,3.910000,3.987000,3.794000
6,33,1,3.761600,3.833000,3.717000,3.777000,3.747000,3.734000
6,34,1,3.752000,3.764000,3.762000,3.684000,3.835000,3.715000
6,35,1,3.542000,3.545000,3.547000,3.558000,3.504000,3.556000
6,36,1,3.645000,3.714000,3.502000,3.603000,3.719000,3.687000
6,37,1,3.492800,3.463000,3.518000,3.401000,3.511000,3.571000
6,38,1,3.583800,3.594000,3.517000,3.614000,3.694000,3.500000
6,39,1,3.472600,3.491000,3.484000,3.515000,3.438000,3.435000
6,40,2,3.818600,3.840000,3.794000,3.849000,3.880000,3.730000
6,41,2,3.855000,3.925000,3.771000,3.848000,3.972000,3.759000
6,42,2,3.963800,3.944000,3.936000,3.926000,4.000000,4.013000
6,43,2,3.676400,3.712000,3.514000,3.738000,3.748000,3.670000
6,44,2,4.014000,4.069000,4.012000,3.988000,4.052000,3.949000
6,45,2,3.873600,3.878000,3.749000,3.869000,4.083000,3.789000
6,46,2,3.556800,3.594000,3.452000,3.584000,3.589000,3.565000
6,47,2,3.756400,3.812000,3.492000,3.750000,3.975000,3.753000
6,48,2,3.554000,3.593000,3.409000,3.610000,3.597000,3.561000
6,49,2,3.765800,3.829000,3.729000,3.755000,3.875000,3.641000
6,50,2,3.777000,3.782000,3.703000,3.726000,3.830000,3.844000
6,51,2,3.870200,3.968000,3.767000,3.881000,3.879000,3.856000
6,52,2,3.678000,3.657000,3.509000,3.652000,3.714000,3.858000
6,53,2,3.452800,3.533000,3.419000,3.382000,3.511000,3.419000
6,54,2,3.830800,3.855000,3.782000,3.899000,3.872000,3.746000
6,55,2,3.737200,3.729000,3.710000,3.836000,3.699000,3.712000
6,56,2,3.833200,3.908000,3.794000,3.693000,3.891000,3.880000
6,57,2,3.635400,3.692000,3.485000,3.628000,3.637000,3.735000
6,58,2,3.572000,3.617000,3.540000,3.534000,3.626000,3.543000
6,59,2,3.652600,3.788000,3.567000,3.629000,3.675000,3.604000
6,60,3,3.578000,3.488000,3.374000,3.762000,3.636000,3.630000
6,61,3,3.464000,3.424000,3.366000,3.449000,3.615000,3.466000
6,62,3,3.498800,3.374000,3.450000,3.546000,3.636000,3.488000
6,63,3,3.371800,3.503000,3.357000,3.391000,3.291000,3.317000
6,64,3,3.264200,3.297000,3.220000,3.278000,3.219000,3.307000
6,65,3,3.592000,3.541000,3.543000,3.534000,3.683000,3.659000
6,66,3,3.345000,3.360000,3.354000,3.342000,3.337000,3.332000
6,67,3,3.329600,3.320000,3.257000,3.388000,3.353000,3.330000
6,68,3,3.514800,3.601000,3.384000,3.564000,3.521000,3.504000
6,69,3,3.502600,3.556000,3.394000,3.613000,3.460000,3.490000
6,70,3,3.383000,3.380000,3.247000,3.343000,3.521000,3.424000
6,71,3,3.578600,3.568000,3.463000,3.633000,3.599000,3.630000
6,72,3,3.459800,3.456000,3.457000,3.423000,3.503000,3.460000
6,73,3,3.515200,3.570000,3.516000,3.450000,3.508000,3.532000
6,74,3,3.659000,3.685000,3.502000,3.674000,3.734000,3.700000
6,75,3,3.499000,3.538000,3.449000,3.442000,3.615000,3.451000
6,76,3,3.418200,3.434000,3.262000,3.345000,3.530000,3.520000
6,77,3,3.462800,3.457000,3.467000,3.465000,3.437000,3.488000
6,78,3,3.754600,3.835000,3.650000,3.721000,3.840000,3.727000
6,79,3,3.517600,3.565000,3.306000,3.543000,3.529000,3.645000
6,80,4,3.838800,3.884000,3.827000,3.836000,3.807000,3.840000
6,81,4,3.611400,3.664000,3.526000,3.624000,3.608000,3.635000
6,82,4,3.546200,3.546000,3.419000,3.684000,3.585000,3.497000
6,83,4,3.723600,3.772000,3.728000,3.643000,3.789000,3.686000
6,84,4,3.429400,3.575000,3.336000,3.392000,3.465000,3.379000
6,85,4,3.679000,3.624000,3.636000,3.701000,3.750000,3.684000
6,86,4,3.637200,3.635000,3.540000,3.698000,3.804000,3.509000
6,87,4,3.461400,3.520000,3.331000,3.407000,3.536000,3.513000
6,88,4,3.825000,3.835000,3.720000,3.908000,3.859000,3.803000
6,89,4,3.746400,3.717000,3.619000,3.901000,3.894000,3.601000
6,90,4,3.689800,3.741000,3.583000,3.656000,3.727000,3.742000
6,91,4,3.670000,3.618000,3.613000,3.755000,3.666000,3.698000
6,92,4,3.580000,3.553000,3.517000,3.586000,3.682000,3.562000
6,93,4,3.434600,3.470000,3.288000,3.473000,3.480000,3.462000
6,94,4,3.561400,3.681000,3.448000,3.575000,3.549000,3.554000
6,95,4,3.696800,3.702000,3.649000,3.688000,3.771000,3.674000
6,96,4,3.842000,3.828000,3.805000,3.914000,3.914000,3.749000
6,97,4,3.488400,3.391000,3.422000,3.427000,3.532000,3.670000
6,98,4,3.573400,3.669000,3.436000,3.625000,3.581000,3.556000
6,99,4,3.516000,3.502000,3.514000,3.553000,3.484000,3.527000
7,0,0,3.751200,3.713000,3.706000,3.854000,3.567000,3.916000
7,1,0,3.705200,3.510000,3.659000,3.658000,3.719000,3.980000
7,2,0,3.864600,3.771000,3.869000,3.892000,3.813000,3.978000
7,3,0,4.171000,4.082000,4.167000,4.123000,4.225000,4.258000
7,4,0,4.068200,4.046000,4.050000,4.019000,4.063000,4.163000
7,5,0,3.780600,3.803000,3.699000,3.764000,3.771000,3.866000
7,6,0,3.874400,3.870000,3.826000,3.852000,3.859000,3.965000
7,7,0,3.870400,3.888000,3.834000,3.817000,3.844000,3.969000
7,8,0,3.759800,3.620000,3.805000,3.697000,3.650000,4.027000
7,9,0,3.710000,3.593000,3.762000,3.667000,3.682000,3.846000
7,10,0,3.823400,3.720000,3.813000,3.878000,3.788000,3.918000
7,11,0,3.787400,3.741000,3.754000,3.781000,3.745000,3.916000
7,12,0,3.985000,3.888000,4.020000,3.933000,3.987000,4.097000
7,13,0,3.913800,3.823000,3.778000,3.974000,3.924000,4.070000
7,14,0,3.919200,3.816000,3.911000,3.941000,3.983000,3.945000
7,15,0,3.779600,3.710000,3.753000,3.769000,3.771000,3.895000
7,16,0,3.646800,3.510000,3.583000,3.700000,3.663000,3.778000
7,17,0,3.680600,3.571000,3.628000,3.733000,3.689000,3.782000
7,18,0,4.096800,3.967000,4.082000,4.102000,4.091000,4.242000
7,19,0,3.690000,3.624000,3.760000,3.678000,3.601000,3.787000
7,20,1,3.630800,3.550000,3.729000,3.709000,3.550000,3.616000
7,21,1,3.589200,3.507000,3.598000,3.700000,3.506000,3.635000
7,22,1,3.718000,3.717000,3.620000,3.780000,3.792000,3.681000
7,23,1,3.591200,3.602000,3.486000,3.597000,3.562000,3.709000
7,24,1,3.556800,3.494000,3.522000,3.567000,3.549000,3.652000
7,25,1,3.814200,3.637000,3.878000,3.852000,3.770000,3.934000
7,26,1,3.445400,3.332000,3.449000,3.379000,3.487000,3.580000
7,27,1,3.573800,3.527000,3.499000,3.625000,3.592000,3.626000
7,28,1,3.492200,3.470000,3.580000,3.542000,3.425000,3.444000
7,29,1,3.547600,3.516000,3.559000,3.474000,3.585000,3.604000
7,30,1,3.523800,3.531000,3.356000,3.558000,3.537000,3.637000
7,31,1,3.873000,3.747000,3.859000,3.847000,3.885000,4.027000
7,32,1,3.611000,3.684000,3.482000,3.558000,3.581000,3.750000
7,33,1,3.647200,3.709000,3.657000,3.589000,3.607000,3.674000
7,34,1,3.557600,3.461000,3.523000,3.531000,3.535000,3.738000
7,35,1,3.824600,3.884000,3.715000,4.016000,3.708000,3.800000
7,36,1,3.517400,3.448000,3.481000,3.518000,3.529000,3.611000
7,37,1,3.438000,3.376000,3.388000,3.413000,3.439000,3.574000
7,38,1,3.650800,3.683000,3.578000,3.632000,3.674000,3.687000
7,39,1,3.688200,3.615000,3.649000,3.736000,3.597000,3.844000
7,40,2,3.674600,3.641000,3.702000,3.639000,3.682000,3.709000
7,41,2,3.704000,3.602000,3.677000,3.723000,3.705000,3.813000
7,42,2,3.707000,3.616000,3.647000,3.775000,3.685000,3.812000
7,43,2,3.753000,3.705000,3.781000,3.767000,3.703000,3.809000
7,44,2,3.771600,3.726000,3.823000,3.802000,3.668000,3.839000
7,45,2,3.969000,3.962000,3.902000,4.053000,3.825000,4.103000
7,46,2,3.570600,3.509000,3.545000,3.564000,3.481000,3.754000
7,47,2,3.990600,3.915000,3.926000,3.946000,4.098000,4.068000
7,48,2,3.842000,3.729000,3.802000,3.820000,3.820000,4.039000
7,49,2,3.747200,3.640000,3.630000,3.869000,3.723000,3.874000
7,50,2,3.822800,3.681000,3.915000,3.913000,3.719000,3.886000
7,51,2,3.734200,3.586000,3.660000,3.827000,3.798000,3.800000
7,52,2,3.652000,3.480000,3.661000,3.720000,3.595000,3.804000
7,53,2,3.695000,3.587000,3.668000,3.770000,3.655000,3.795000
7,54,2,3.916800,3.819000,3.846000,3.994000,3.787000,4.138000
7,55,2,3.951400,3.987000,3.840000,3.964000,3.918000,4.048000
7,56,2,3.864200,3.807000,3.841000,3.840000,3.914000,3.919000
7,57,2,3.720800,3.564000,3.763000,3.679000,3.863000,3.735000
7,58,2,3.642600,3.533000,3.607000,3.635000,3.694000,3.744000
7,59,2,3.981400,3.850000,3.934000,4.174000,3.922000,4.027000
7,60,3,3.504000,3.404000,3.452000,3.618000,3.572000,3.474000
7,61,3,3.502800,3.364000,3.451000,3.586000,3.541000,3.572000
7,62,3,3.507200,3.267000,3.377000,3.588000,3.587000,3.717000
7,63,3,3.920400,3.826000,3.780000,3.998000,3.888000,4.110000
7,64,3,3.341800,3.264000,3.319000,3.344000,3.385000,3.397000
7,65,3,3.343000,3.340000,3.306000,3.305000,3.313000,3.451000
7,66,3,3.404400,3.280000,3.388000,3.456000,3.357000,3.541000
7,67,3,3.634200,3.623000,3.615000,3.760000,3.590000,3.583000
7,68,3,3.623400,3.506000,3.516000,3.693000,3.587000,3.815000
7,69,3,3.545800,3.516000,3.377000,3.573000,3.589000,3.674000
7,70,3,3.479400,3.308000,3.409000,3.456000,3.503000,3.721000
7,71,3,3.410800,3.337000,3.303000,3.502000,3.387000,3.525000
7,72,3,3.547600,3.356000,3.464000,3.562000,3.556000,3.800000
7,73,3,3.463000,3.293000,3.345000,3.531000,3.476000,3.670000
7,74,3,3.546400,3.425000,3.575000,3.529000,3.456000,3.747000
7,75,3,3.512200,3.447000,3.436000,3.579000,3.476000,3.623000
7,76,3,3.418800,3.338000,3.403000,3.374000,3.511000,3.468000
7,77,3,3.463200,3.385000,3.369000,3.450000,3.490000,3.622000
7,78,3,3.520200,3.396000,3.534000,3.651000,3.476000,3.544000
7,79,3,3.393000,3.336000,3.321000,3.446000,3.418000,3.444000
7,80,4,3.757200,3.748000,3.728000,3.738000,3.752000,3.820000
7,81,4,3.674600,3.587000,3.723000,3.721000,3.716000,3.626000
7,82,4,3.577800,3.427000,3.521000,3.561000,3.635000,3.745000
7,83,4,3.839000,3.917000,3.825000,3.766000,3.781000,3.906000
7,84,4,3.615800,3.493000,3.689000,3.541000,3.637000,3.719000
7,85,4,3.558000,3.523000,3.529000,3.605000,3.501000,3.632000
7,86,4,3.462000,3.495000,3.327000,3.455000,3.568000,3.465000
7,87,4,3.838000,3.772000,3.723000,3.873000,3.897000,3.925000
7,88,4,3.542200,3.415000,3.485000,3.517000,3.605000,3.689000
7,89,4,3.444000,3.290000,3.445000,3.405000,3.426000,3.654000
7,90,4,3.626600,3.621000,3.562000,3.689000,3.699000,3.562000
7,91,4,3.853400,3.807000,3.779000,3.901000,3.841000,3.939000
7,92,4,3.587000,3.384000,3.622000,3.680000,3.538000,3.711000
7,93,4,3.763600,3.648000,3.733000,3.752000,3.748000,3.937000
7,94,4,3.661800,3.627000,3.652000,3.727000,3.642000,3.661000
7,95,4,3.790800,3.870000,3.683000,3.769000,3.748000,3.884000
7,96,4,3.716400,3.681000,3.679000,3.734000,3.789000,3.699000
7,97,4,3.841000,3.817000,3.755000,3.911000,3.779000,3.943000
7,98,4,3.726000,3.693000,3.705000,3.762000,3.693000,3.777000
7,99,4,3.767400,3.729000,3.674000,3.828000,3.681000,3.925000
8,0,0,3.968400,4.123000,3.810000,4.014000,3.921000,3.974000
8,1,0,4.006000,4.190000,3.779000,4.003000,4.098000,3.960000
8,2,0,3.796000,3.977000,3.597000,3.902000,3.739000,3.765000
8,3,0,3.921000,4.135000,3.751000,3.997000,3.827000,3.895000
8,4,0,3.792800,4.052000,3.750000,3.812000,3.622000,3.728000
8,5,0,3.786800,4.000000,3.575000,3.856000,3.780000,3.723000
8,6,0,4.249800,4.358000,4.092000,4.409000,4.077000,4.313000
8,7,0,4.096800,4.274000,3.975000,4.214000,3.948000,4.073000
8,8,0,3.957800,4.207000,3.872000,3.959000,3.862000,3.889000
8,9,0,3.730200,3.925000,3.556000,3.827000,3.595000,3.748000
8,10,0,4.001600,4.064000,3.920000,4.107000,3.950000,3.967000
8,11,0,4.166200,4.372000,4.113000,4.118000,4.035000,4.193000
8,12,0,3.983600,4.110000,3.840000,3.998000,3.973000,3.997000
8,13,0,3.908600,4.083000,3.722000,3.926000,3.925000,3.887000
8,14,0,3.800400,3.997000,3.660000,3.854000,3.722000,3.769000
8,15,0,3.897800,4.077000,3.770000,3.902000,3.797000,3.943000
8,16,0,3.766600,4.021000,3.557000,3.872000,3.630000,3.753000
8,17,0,4.085600,4.293000,3.943000,4.174000,3.917000,4.101000
8,18,0,4.127600,4.283000,3.905000,4.168000,4.148000,4.134000
8,19,0,3.788200,3.995000,3.630000,3.713000,3.730000,3.873000
8,20,1,3.663000,3.905000,3.479000,3.634000,3.560000,3.737000
8,21,1,3.807600,3.998000,3.632000,3.788000,3.787000,3.833000
8,22,1,3.813400,3.996000,3.582000,3.897000,3.707000,3.885000
8,23,1,3.675400,3.777000,3.488000,3.809000,3.603000,3.700000
8,24,1,3.797600,3.870000,3.752000,3.769000,3.817000,3.780000
8,25,1,3.792800,4.009000,3.631000,3.871000,3.734000,3.719000
8,26,1,3.945800,3.874000,3.838000,4.000000,3.967000,4.050000
8,27,1,3.617200,3.722000,3.503000,3.717000,3.524000,3.620000
8,28,1,3.932600,3.973000,3.848000,4.036000,3.878000,3.928000
8,29,1,3.709400,3.838000,3.474000,3.847000,3.708000,3.680000
8,30,1,3.969000,4.245000,3.798000,3.966000,3.929000,3.907000
8,31,1,3.728800,3.856000,3.500000,3.817000,3.745000,3.726000
8,32,1,3.713600,3.919000,3.567000,3.737000,3.612000,3.733000
8,33,1,4.050000,4.231000,3.869000,4.127000,4.004000,4.019000
8,34,1,3.921400,4.073000,3.861000,3.976000,3.771000,3.926000
8,35,1,3.751600,3.951000,3.752000,3.671000,3.679000,3.705000
8,36,1,3.931600,4.008000,3.771000,3.970000,3.927000,3.982000
8,37,1,3.773000,3.915000,3.675000,3.859000,3.674000,3.742000
8,38,1,3.878000,4.121000,3.587000,3.931000,3.805000,3.946000
8,39,1,3.836600,4.023000,3.753000,3.827000,3.737000,3.843000
8,40,2,3.712800,3.873000,3.565000,3.768000,3.722000,3.636000
8,41,2,3.841400,4.102000,3.669000,3.834000,3.767000,3.835000
8,42,2,3.842000,4.006000,3.740000,3.869000,3.704000,3.891000
8,43,2,3.979200,4.027000,3.959000,4.030000,3.959000,3.921000
8,44,2,4.039200,4.245000,3.947000,3.965000,4.048000,3.991000
8,45,2,4.058600,4.201000,3.984000,4.104000,3.968000,4.036000
8,46,2,3.764800,3.876000,3.607000,3.873000,3.688000,3.780000
8,47,2,3.963800,4.037000,3.859000,4.042000,3.913000,3.968000
8,48,2,3.834600,3.993000,3.611000,3.919000,3.822000,3.828000
8,49,2,3.943600,4.059000,3.766000,4.041000,3.849000,4.003000
8,50,2,3.869400,3.989000,3.723000,3.951000,3.781000,3.903000
8,51,2,3.783800,3.916000,3.595000,3.833000,3.783000,3.792000
8,52,2,3.774600,3.974000,3.534000,3.827000,3.734000,3.804000
8,53,2,3.882800,4.016000,3.682000,3.833000,3.889000,3.994000
8,54,2,4.134400,4.255000,3.948000,4.265000,4.024000,4.180000
8,55,2,3.638200,3.785000,3.669000,3.552000,3.593000,3.592000
8,56,2,4.119800,4.282000,3.973000,4.133000,4.030000,4.181000
8,57,2,3.714000,3.813000,3.538000,3.786000,3.744000,3.689000
8,58,2,3.854000,4.045000,3.696000,3.775000,3.891000,3.863000
8,59,2,3.781600,4.005000,3.705000,3.824000,3.725000,3.649000
8,60,3,3.753200,3.921000,3.412000,3.920000,3.818000,3.695000
8,61,3,3.716200,3.834000,3.670000,3.715000,3.688000,3.674000
8,62,3,3.412600,3.570000,3.324000,3.451000,3.277000,3.441000
8,63,3,3.493600,3.748000,3.295000,3.525000,3.483000,3.417000
8,64,3,3.591400,3.726000,3.397000,3.617000,3.573000,3.644000
8,65,3,3.806400,3.988000,3.661000,3.864000,3.728000,3.791000
8,66,3,3.659000,3.929000,3.402000,3.691000,3.575000,3.698000
8,67,3,3.521600,3.676000,3.345000,3.484000,3.475000,3.628000
8,68,3,3.580000,3.840000,3.452000,3.597000,3.476000,3.535000
8,69,3,3.544200,3.747000,3.383000,3.572000,3.493000,3.526000
8,70,3,3.735800,3.931000,3.610000,3.805000,3.579000,3.754000
8,71,3,3.869600,4.135000,3.626000,3.952000,3.832000,3.803000
8,72,3,3.626600,3.790000,3.601000,3.500000,3.549000,3.693000
8,73,3,3.567200,3.718000,3.407000,3.643000,3.553000,3.515000
8,74,3,3.588800,3.797000,3.397000,3.550000,3.567000,3.633000
8,75,3,3.752800,4.019000,3.491000,3.803000,3.722000,3.729000
8,76,3,3.754800,3.877000,3.588000,3.812000,3.765000,3.732000
8,77,3,3.695000,3.897000,3.504000,3.792000,3.596000,3.686000
8,78,3,3.706000,3.809000,3.483000,3.604000,3.766000,3.868000
8,79,3,3.732000,3.953000,3.653000,3.698000,3.666000,3.690000
8,80,4,3.837800,3.934000,3.695000,3.890000,3.908000,3.762000
8,81,4,3.736800,3.927000,3.566000,3.823000,3.663000,3.705000
8,82,4,3.790800,3.958000,3.784000,3.728000,3.750000,3.734000
8,83,4,3.644200,3.888000,3.596000,3.527000,3.602000,3.608000
8,84,4,3.728400,3.916000,3.645000,3.765000,3.678000,3.638000
8,85,4,3.793000,3.831000,3.699000,3.915000,3.732000,3.788000
8,86,4,3.658400,3.957000,3.552000,3.604000,3.551000,3.628000
8,87,4,3.818800,3.995000,3.728000,3.792000,3.707000,3.872000
8,88,4,3.500400,3.544000,3.487000,3.509000,3.433000,3.529000
8,89,4,3.771400,3.961000,3.632000,3.804000,3.734000,3.726000
8,90,4,3.830800,3.997000,3.629000,3.962000,3.787000,3.779000
8,91,4,3.643000,3.788000,3.585000,3.766000,3.506000,3.570000
8,92,4,3.435200,3.569000,3.349000,3.466000,3.436000,3.356000
8,93,4,3.680400,3.823000,3.559000,3.671000,3.678000,3.671000
8,94,4,3.660600,3.821000,3.447000,3.635000,3.717000,3.683000
8,95,4,3.676600,3.975000,3.487000,3.619000,3.743000,3.559000
8,96,4,3.715400,3.841000,3.512000,3.958000,3.545000,3.721000
8,97,4,3.502000,3.790000,3.409000,3.426000,3.442000,3.443000
8,98,4,3.721800,3.921000,3.572000,3.697000,3.672000,3.747000
8,99,4,3.829400,4.011000,3.750000,3.797000,3.891000,3.698000
9,0,0,3.703400,3.627000,3.552000,3.776000,3.814000,3.748000
9,1,0,3.859000,3.974000,3.850000,3.779000,3.982000,3.710000
9,2,0,3.880600,3.809000,3.807000,3.905000,4.013000,3.869000
9,3,0,3.947400,3.983000,3.889000,3.885000,4.096000,3.884000
9,4,0,3.888000,3.883000,3.824000,3.909000,4.114000,3.710000
9,5,0,3.902000,3.992000,3.762000,3.906000,4.023000,3.827000
9,6,0,3.893800,3.975000,3.843000,3.886000,4.078000,3.687000
9,7,0,3.664200,3.673000,3.589000,3.716000,3.727000,3.616000
9,8,0,4.201200,4.155000,4.114000,4.071000,4.413000,4.253000
9,9,0,3.777600,3.773000,3.749000,3.807000,3.845000,3.714000
9,10,0,4.026600,4.004000,3.909000,3.958000,4.245000,4.017000
9,11,0,3.917600,3.980000,3.750000,3.902000,4.124000,3.832000
9,12,0,4.018000,4.084000,3.915000,3.935000,4.184000,3.972000
9,13,0,3.935600,3.996000,3.906000,3.862000,3.992000,3.922000
9,14,0,3.973200,4.008000,3.792000,3.993000,4.184000,3.889000
9,15,0,4.085600,4.083000,3.991000,4.058000,4.137000,4.159000
9,16,0,4.038800,4.126000,3.864000,3.961000,4.212000,4.031000
9,17,0,3.962400,3.956000,3.847000,3.968000,4.077000,3.964000
9,18,0,3.897400,3.938000,3.857000,3.827000,4.064000,3.801000
9,19,0,3.999200,3.988000,3.939000,4.020000,4.073000,3.976000
9,20,1,3.611600,3.571000,3.640000,3.518000,3.699000,3.630000
9,21,1,3.868600,3.849000,3.843000,3.838000,3.901000,3.912000
9,22,1,3.543200,3.475000,3.489000,3.599000,3.675000,3.478000
9,23,1,3.763600,3.849000,3.758000,3.633000,3.933000,3.645000
9,24,1,3.744000,3.719000,3.717000,3.698000,3.914000,3.672000
9,25,1,3.915800,3.929000,3.810000,4.014000,3.952000,3.874000
9,26,1,3.627800,3.620000,3.489000,3.679000,3.742000,3.609000
9,27,1,3.591000,3.566000,3.650000,3.668000,3.630000,3.441000
9,28,1,3.651200,3.556000,3.649000,3.734000,3.638000,3.679000
9,29,1,3.859800,3.923000,3.751000,3.859000,4.025000,3.741000
9,30,1,3.817000,3.779000,3.802000,3.742000,3.985000,3.777000
9,31,1,3.833000,3.867000,3.851000,3.799000,3.870000,3.778000
9,32,1,3.873800,3.891000,3.937000,3.787000,3.928000,3.826000
9,33,1,3.863000,3.907000,3.751000,3.777000,4.042000,3.838000
9,34,1,3.786600,3.824000,3.676000,3.910000,3.909000,3.614000
9,35,1,3.685400,3.725000,3.593000,3.774000,3.779000,3.556000
9,36,1,3.633400,3.658000,3.587000,3.651000,3.775000,3.496000
9,37,1,3.976800,3.979000,3.811000,4.020000,4.119000,3.955000
9,38,1,3.697400,3.720000,3.543000,3.688000,3.821000,3.715000
9,39,1,3.741000,3.828000,3.676000,3.614000,3.884000,3.703000
9,40,2,3.623800,3.592000,3.623000,3.651000,3.711000,3.542000
9,41,2,4.088200,4.096000,4.054000,4.021000,4.127000,4.143000
9,42,2,3.740800,3.903000,3.723000,3.734000,3.693000,3.651000
9,43,2,3.972600,3.984000,3.976000,3.969000,4.062000,3.872000
9,44,2,4.164600,4.174000,4.184000,4.109000,4.294000,4.062000
9,45,2,3.879200,3.872000,3.807000,3.990000,3.930000,3.797000
9,46,2,3.736000,3.755000,3.677000,3.714000,3.857000,3.677000
9,47,2,3.969800,3.989000,3.937000,3.935000,4.067000,3.921000
9,48,2,3.933800,3.937000,3.974000,3.898000,4.050000,3.810000
9,49,2,3.834600,3.901000,3.739000,3.751000,3.973000,3.809000
9,50,2,3.943400,3.938000,3.831000,3.980000,4.135000,3.833000
9,51,2,3.818200,3.888000,3.737000,3.845000,3.827000,3.794000
9,52,2,3.842400,3.884000,3.853000,3.769000,3.906000,3.800000
9,53,2,4.145000,4.169000,4.077000,4.024000,4.356000,4.099000
9,54,2,3.977000,4.010000,3.895000,3.986000,4.074000,3.920000
9,55,2,3.954200,3.938000,3.947000,3.888000,4.103000,3.895000
9,56,2,3.869600,3.865000,3.874000,3.915000,3.901000,3.793000
9,57,2,3.672600,3.716000,3.538000,3.606000,3.808000,3.695000
9,58,2,3.935200,3.862000,3.861000,4.060000,4.034000,3.859000
9,59,2,3.661200,3.668000,3.609000,3.602000,3.860000,3.567000
9,60,3,3.492800,3.548000,3.402000,3.466000,3.691000,3.357000
9,61,3,3.692200,3.793000,3.563000,3.608000,3.781000,3.716000
9,62,3,3.601600,3.491000,3.648000,3.643000,3.672000,3.554000
9,63,3,3.688800,3.662000,3.548000,3.746000,3.839000,3.649000
9,64,3,3.853400,3.829000,3.883000,3.867000,3.993000,3.695000
9,65,3,3.539200,3.530000,3.455000,3.529000,3.683000,3.499000
9,66,3,3.607600,3.615000,3.595000,3.549000,3.696000,3.583000
9,67,3,3.458000,3.577000,3.427000,3.469000,3.409000,3.408000
9,68,3,3.457200,3.477000,3.467000,3.395000,3.615000,3.332000
9,69,3,3.691200,3.811000,3.745000,3.566000,3.796000,3.538000
9,70,3,3.523000,3.568000,3.480000,3.440000,3.617000,3.510000
9,71,3,3.617400,3.627000,3.532000,3.644000,3.871000,3.413000
9,72,3,3.852600,3.765000,3.713000,3.984000,3.963000,3.838000
9,73,3,3.553200,3.556000,3.571000,3.446000,3.703000,3.490000
9,74,3,3.958200,3.898000,3.986000,4.006000,4.048000,3.853000
9,75,3,3.599000,3.635000,3.497000,3.558000,3.681000,3.624000
9,76,3,3.360600,3.435000,3.326000,3.275000,3.443000,3.324000
9,77,3,3.586800,3.537000,3.522000,3.566000,3.662000,3.647000
9,78,3,3.752800,3.771000,3.729000,3.782000,3.792000,3.690000
9,79,3,3.564000,3.593000,3.585000,3.528000,3.724000,3.390000
9,80,4,3.792600,3.845000,3.579000,3.852000,3.900000,3.787000
9,81,4,3.897000,3.881000,4.023000,3.891000,3.832000,3.858000
9,82,4,3.815000,3.780000,3.898000,3.739000,3.943000,3.715000
9,83,4,3.785800,3.795000,3.763000,3.569000,3.978000,3.824000
9,84,4,3.678200,3.716000,3.707000,3.642000,3.682000,3.644000
9,85,4,3.632400,3.628000,3.557000,3.697000,3.677000,3.603000
9,86,4,3.926800,3.984000,3.862000,3.823000,4.065000,3.900000
9,87,4,3.704200,3.619000,3.630000,3.685000,3.827000,3.760000
9,88,4,3.737800,3.801000,3.625000,3.748000,3.822000,3.693000
9,89,4,3.684400,3.756000,3.610000,3.537000,3.743000,3.776000
9,90,4,3.924600,3.990000,3.847000,3.935000,3.926000,3.925000
9,91,4,3.814800,3.799000,3.846000,3.773000,3.841000,3.815000
9,92,4,3.737000,3.842000,3.544000,3.663000,3.905000,3.731000
9,93,4,3.804000,3.880000,3.703000,3.751000,3.853000,3.833000
9,94,4,3.776600,3.774000,3.585000,3.849000,3.849000,3.826000
9,95,4,4.093800,4.117000,4.063000,4.054000,4.216000,4.019000
9,96,4,3.684600,3.785000,3.705000,3.516000,3.694000,3.723000
9,97,4,3.795400,3.753000,3.861000,3.720000,3.858000,3.785000
9,98,4,3.867800,3.991000,3.781000,3.782000,3.954000,3.831000
9,99,4,3.686400,3.630000,3.713000,3.505000,3.790000,3.794000
10,0,0,4.117200,4.149000,4.077000,4.136000,4.173000,4.051000
10,1,0,3.967000,3.949000,3.967000,4.031000,3.939000,3.949000
10,2,0,3.807000,3.794000,3.713000,3.950000,3.787000,3.791000
10,3,0,3.912200,3.952000,3.868000,3.930000,3.946000,3.865000
10,4,0,4.012800,4.037000,3.993000,4.008000,4.090000,3.936000
10,5,0,4.334000,4.468000,4.103000,4.389000,4.368000,4.342000
10,6,0,3.626800,3.715000,3.519000,3.623000,3.648000,3.629000
10,7,0,4.059600,4.123000,4.067000,4.101000,4.081000,3.926000
10,8,0,4.299600,4.318000,4.258000,4.403000,4.289000,4.230000
10,9,0,4.017800,4.029000,3.952000,4.018000,4.060000,4.030000
10,10,0,3.933400,3.997000,3.891000,3.971000,4.075000,3.733000
10,11,0,4.437200,4.555000,4.397000,4.461000,4.348000,4.425000
10,12,0,3.883600,3.756000,3.848000,3.947000,3.969000,3.898000
10,13,0,4.159600,4.177000,4.019000,4.197000,4.225000,4.180000
10,14,0,4.042400,4.096000,4.033000,3.985000,4.121000,3.977000
10,15,0,4.164000,4.183000,4.058000,4.289000,4.122000,4.168000
10,16,0,3.984400,4.010000,3.961000,3.923000,4.082000,3.946000
10,17,0,4.118800,4.133000,4.037000,4.215000,4.168000,4.041000
10,18,0,3.771000,3.758000,3.698000,3.840000,3.894000,3.665000
10,19,0,3.877400,3.914000,3.894000,3.938000,3.794000,3.847000
10,20,1,4.035600,3.965000,3.931000,4.025000,4.137000,4.120000
10,21,1,3.948800,3.986000,3.785000,4.145000,3.973000,3.855000
10,22,1,3.906800,3.849000,3.826000,4.093000,3.874000,3.892000
10,23,1,3.806000,3.863000,3.773000,3.789000,3.792000,3.813000
10,24,1,4.194000,4.116000,4.226000,4.243000,4.169000,4.216000
10,25,1,3.637400,3.709000,3.650000,3.656000,3.644000,3.528000
10,26,1,3.674400,3.602000,3.744000,3.911000,3.585000,3.530000
10,27,1,4.083600,4.087000,4.042000,4.098000,4.234000,3.957000
10,28,1,3.661600,3.663000,3.642000,3.694000,3.663000,3.646000
10,29,1,3.816400,3.791000,3.875000,3.805000,3.846000,3.765000
10,30,1,3.819000,3.851000,3.813000,3.855000,3.761000,3.815000
10,31,1,3.973800,3.953000,3.970000,4.048000,3.969000,3.929000
10,32,1,3.628800,3.608000,3.548000,3.724000,3.681000,3.583000
10,33,1,3.966200,3.803000,3.951000,4.041000,4.047000,3.989000
10,34,1,3.914000,3.830000,3.846000,4.028000,3.927000,3.939000
10,35,1,3.806600,3.842000,3.745000,3.872000,3.893000,3.681000
10,36,1,3.688000,3.703000,3.655000,3.717000,3.653000,3.712000
10,37,1,3.614600,3.559000,3.590000,3.710000,3.597000,3.617000
10,38,1,4.057800,4.084000,4.121000,3.999000,4.111000,3.974000
10,39,1,3.805200,3.893000,3.680000,3.842000,3.899000,3.712000
10,40,2,4.161000,4.243000,4.124000,4.155000,4.190000,4.093000
10,41,2,3.592600,3.628000,3.597000,3.528000,3.694000,3.516000
10,42,2,4.117800,4.159000,4.191000,4.216000,3.977000,4.046000
10,43,2,3.902600,3.894000,3.813000,3.992000,3.924000,3.890000
10,44,2,3.781800,3.850000,3.813000,3.766000,3.838000,3.642000
10,45,2,4.098800,4.092000,4.091000,4.213000,3.984000,4.114000
10,46,2,4.057600,4.092000,4.063000,4.158000,3.971000,4.004000
10,47,2,3.772600,3.777000,3.737000,3.779000,3.845000,3.725000
10,48,2,3.976200,3.966000,3.983000,4.028000,3.929000,3.975000
10,49,2,4.169000,4.212000,4.096000,4.235000,4.169000,4.133000
10,50,2,3.768200,3.800000,3.614000,3.853000,3.788000,3.786000
10,51,2,3.935800,3.926000,3.840000,3.975000,3.963000,3.975000
10,52,2,4.240400,4.259000,4.285000,4.416000,4.117000,4.125000
10,53,2,3.971000,3.874000,3.996000,3.974000,4.065000,3.946000
10,54,2,3.947400,3.952000,3.911000,3.999000,4.009000,3.866000
10,55,2,3.946600,3.954000,3.952000,4.049000,3.862000,3.916000
10,56,2,4.050800,3.857000,3.974000,4.145000,4.131000,4.147000
10,57,2,3.992200,3.960000,4.025000,3.990000,3.989000,3.997000
10,58,2,4.012000,4.065000,4.017000,3.940000,4.011000,4.027000
10,59,2,4.113600,4.086000,4.196000,4.137000,4.069000,4.080000
10,60,3,3.749000,3.700000,3.652000,3.752000,3.759000,3.882000
10,61,3,3.701600,3.808000,3.705000,3.708000,3.639000,3.648000
10,62,3,3.817600,3.738000,3.895000,3.892000,3.808000,3.755000
10,63,3,3.728400,3.903000,3.617000,3.704000,3.655000,3.763000
10,64,3,3.752800,3.801000,3.653000,3.810000,3.753000,3.747000
10,65,3,3.673400,3.777000,3.640000,3.670000,3.702000,3.578000
10,66,3,3.828000,3.817000,3.744000,3.934000,3.816000,3.829000
10,67,3,4.012600,3.948000,4.036000,4.029000,3.999000,4.051000
10,68,3,3.637400,3.641000,3.739000,3.593000,3.635000,3.579000
10,69,3,3.715000,3.805000,3.647000,3.732000,3.724000,3.667000
10,70,3,3.648600,3.686000,3.788000,3.598000,3.673000,3.498000
10,71,3,3.788000,3.747000,3.731000,3.763000,3.841000,3.858000
10,72,3,3.709200,3.719000,3.584000,3.823000,3.803000,3.617000
10,73,3,3.692600,3.620000,3.631000,3.740000,3.760000,3.712000
10,74,3,3.499800,3.539000,3.483000,3.452000,3.583000,3.442000
10,75,3,3.702400,3.681000,3.852000,3.702000,3.670000,3.607000
10,76,3,3.660400,3.723000,3.670000,3.633000,3.656000,3.620000
10,77,3,3.732400,3.735000,3.734000,3.742000,3.659000,3.792000
10,78,3,3.648000,3.637000,3.580000,3.658000,3.677000,3.688000
10,79,3,3.807800,3.811000,3.775000,3.955000,3.776000,3.722000
10,80,4,3.814600,3.769000,3.848000,3.902000,3.961000,3.593000
10,81,4,3.870400,3.859000,3.912000,3.917000,3.793000,3.871000
10,82,4,3.804200,3.826000,3.689000,3.778000,3.902000,3.826000
10,83,4,3.730400,3.782000,3.657000,3.625000,3.837000,3.751000
10,84,4,3.684800,3.638000,3.590000,3.696000,3.815000,3.685000
10,85,4,4.055400,4.080000,4.047000,4.108000,4.076000,3.966000
10,86,4,3.836000,3.878000,3.791000,3.824000,3.822000,3.865000
10,87,4,3.903600,3.890000,3.899000,3.968000,3.892000,3.869000
10,88,4,3.821000,3.774000,3.813000,3.908000,3.869000,3.741000
10,89,4,3.459200,3.484000,3.356000,3.554000,3.432000,3.470000
10,90,4,3.729800,3.612000,3.740000,3.797000,3.749000,3.751000
10,91,4,3.890000,3.766000,3.891000,3.991000,3.910000,3.892000
10,92,4,3.858400,3.900000,3.734000,3.857000,3.856000,3.945000
10,93,4,3.550600,3.584000,3.539000,3.608000,3.486000,3.536000
10,94,4,3.704000,3.691000,3.572000,3.886000,3.726000,3.645000
10,95,4,3.648400,3.595000,3.651000,3.675000,3.725000,3.596000
10,96,4,3.989800,3.957000,3.963000,4.064000,3.976000,3.989000
10,97,4,3.769200,3.613000,3.898000,3.791000,3.807000,3.737000
10,98,4,3.834600,3.863000,3.892000,3.833000,3.868000,3.717000
10,99,4,3.820800,3.744000,3.726000,3.865000,3.945000,3.824000
11,0,0,4.320600,4.293000,4.245000,4.348000,4.264000,4.453000
11,1,0,4.247000,4.213000,4.313000,4.108000,4.229000,4.372000
11,2,0,4.032800,3.988000,4.047000,4.019000,4.074000,4.036000
11,3,0,4.506600,4.597000,4.351000,4.519000,4.699000,4.367000
11,4,0,3.940000,3.944000,4.008000,3.935000,3.942000,3.871000
11,5,0,4.104600,4.251000,4.087000,4.128000,3.968000,4.089000
11,6,0,4.471600,4.372000,4.449000,4.514000,4.554000,4.469000
11,7,0,4.454400,4.395000,4.422000,4.439000,4.503000,4.513000
11,8,0,4.107400,4.122000,4.120000,4.093000,4.138000,4.064000
11,9,0,4.233400,4.306000,4.141000,4.180000,4.221000,4.319000
11,10,0,4.081400,3.930000,4.126000,4.108000,4.094000,4.149000
11,11,0,4.146400,4.156000,4.012000,4.201000,4.147000,4.216000
11,12,0,4.222000,4.191000,4.260000,4.190000,4.211000,4.258000
11,13,0,4.174200,4.115000,4.213000,4.249000,4.129000,4.165000
11,14,0,3.989600,4.037000,3.953000,3.971000,3.986000,4.001000
11,15,0,4.156600,4.106000,4.104000,4.192000,4.219000,4.162000
11,16,0,4.455000,4.520000,4.392000,4.368000,4.492000,4.503000
11,17,0,4.140000,4.040000,4.115000,4.182000,4.068000,4.295000
11,18,0,4.099600,3.972000,4.167000,4.030000,4.146000,4.183000
11,19,0,4.204400,4.208000,4.242000,4.222000,4.280000,4.070000
11,20,1,4.087800,4.068000,4.029000,4.101000,4.193000,4.048000
11,21,1,3.959200,4.089000,3.945000,3.983000,3.767000,4.012000
11,22,1,4.192800,4.134000,4.195000,4.265000,4.197000,4.173000
11,23,1,3.852000,3.888000,3.865000,3.744000,3.865000,3.898000
11,24,1,3.727000,3.727000,3.806000,3.745000,3.710000,3.647000
11,25,1,3.776600,3.844000,3.761000,3.817000,3.765000,3.696000
11,26,1,3.867400,3.994000,3.911000,3.853000,3.858000,3.721000
11,27,1,3.979000,4.090000,3.946000,3.977000,3.861000,4.021000
11,28,1,3.878200,3.923000,3.877000,3.979000,3.805000,3.807000
11,29,1,3.812400,3.825000,3.851000,3.961000,3.815000,3.610000
11,30,1,3.900800,3.933000,3.956000,3.913000,3.790000,3.912000
11,31,1,3.943600,4.021000,3.916000,3.876000,3.982000,3.923000
11,32,1,4.020800,4.065000,4.023000,3.995000,4.100000,3.921000
11,33,1,4.082000,4.193000,4.034000,4.069000,3.972000,4.142000
11,34,1,4.220200,4.222000,4.305000,4.206000,4.246000,4.122000
11,35,1,3.684800,3.570000,3.772000,3.786000,3.743000,3.553000
11,36,1,3.918800,4.056000,3.841000,3.814000,4.167000,3.716000
11,37,1,3.894000,3.743000,3.952000,3.966000,3.858000,3.951000
11,38,1,3.919800,3.967000,3.925000,3.992000,3.902000,3.813000
11,39,1,3.919200,3.876000,4.027000,4.024000,3.824000,3.845000
11,40,2,3.890200,3.931000,3.856000,3.950000,3.906000,3.808000
11,41,2,4.112800,4.093000,4.118000,4.021000,4.194000,4.138000
11,42,2,3.963400,3.965000,3.959000,3.969000,4.001000,3.923000
11,43,2,4.034000,4.133000,4.048000,3.973000,4.102000,3.914000
11,44,2,4.142800,4.105000,4.209000,4.233000,4.109000,4.058000
11,45,2,3.833400,3.831000,3.802000,3.879000,3.919000,3.736000
11,46,2,4.306200,4.295000,4.212000,4.269000,4.379000,4.376000
11,47,2,3.760200,3.722000,3.743000,3.822000,3.772000,3.742000
11,48,2,4.018800,3.955000,3.990000,4.163000,3.944000,4.042000
11,49,2,4.055200,4.063000,3.945000,4.124000,3.982000,4.162000
11,50,2,3.851600,3.778000,3.773000,3.975000,3.899000,3.833000
11,51,2,4.225200,4.251000,4.234000,4.245000,4.207000,4.189000
11,52,2,4.045800,3.969000,4.118000,4.005000,4.089000,4.048000
11,53,2,4.280600,4.300000,4.228000,4.286000,4.274000,4.315000
11,54,2,3.958600,3.968000,3.899000,3.953000,4.028000,3.945000
11,55,2,3.765800,3.693000,3.761000,3.926000,3.811000,3.638000
11,56,2,4.005800,3.954000,3.999000,4.083000,4.019000,3.974000
11,57,2,4.317400,4.390000,4.237000,4.392000,4.321000,4.247000
11,58,2,3.795400,3.840000,3.850000,3.797000,3.750000,3.740000
11,59,2,4.057800,4.100000,4.101000,3.989000,4.111000,3.988000
11,60,3,3.870200,3.916000,3.851000,3.870000,3.912000,3.802000
11,61,3,3.998400,4.089000,4.051000,3.837000,4.128000,3.887000
11,62,3,3.901400,3.943000,3.847000,3.946000,3.888000,3.883000
11,63,3,3.934000,3.981000,3.891000,3.946000,3.907000,3.945000
11,64,3,3.564800,3.531000,3.530000,3.544000,3.680000,3.539000
11,65,3,3.573600,3.601000,3.503000,3.564000,3.557000,3.643000
11,66,3,3.962000,3.945000,4.010000,3.889000,4.038000,3.928000
11,67,3,3.817200,3.793000,3.911000,3.853000,3.841000,3.688000
11,68,3,3.786600,3.754000,3.828000,3.821000,3.740000,3.790000
11,69,3,4.045000,4.046000,4.046000,4.060000,4.029000,4.044000
11,70,3,3.871800,3.793000,3.988000,3.787000,3.980000,3.811000
11,71,3,4.001200,4.053000,3.985000,3.984000,4.018000,3.966000
11,72,3,3.964600,3.958000,3.833000,4.047000,4.055000,3.930000
11,73,3,4.033200,4.003000,3.937000,4.084000,4.209000,3.933000
11,74,3,3.526600,3.491000,3.561000,3.551000,3.515000,3.515000
11,75,3,3.811800,3.770000,3.704000,3.872000,3.834000,3.879000
11,76,3,4.068600,4.071000,4.087000,4.105000,4.054000,4.026000
11,77,3,3.561200,3.605000,3.616000,3.587000,3.561000,3.437000
11,78,3,3.896000,3.701000,3.977000,4.004000,3.900000,3.898000
11,79,3,3.961800,4.034000,3.967000,3.915000,3.950000,3.943000
11,80,4,3.905600,3.873000,3.853000,3.840000,3.969000,3.993000
11,81,4,3.802600,3.861000,3.833000,3.817000,3.829000,3.673000
11,82,4,3.758200,3.758000,3.837000,3.753000,3.841000,3.602000
11,83,4,3.794200,3.819000,3.841000,3.740000,3.875000,3.696000
11,84,4,3.636000,3.601000,3.720000,3.639000,3.661000,3.559000
11,85,4,3.817000,3.874000,3.880000,3.852000,3.766000,3.713000
11,86,4,3.802400,3.734000,3.750000,3.930000,3.933000,3.665000
11,87,4,3.681000,3.718000,3.570000,3.730000,3.715000,3.672000
11,88,4,3.887600,3.845000,4.009000,3.928000,3.975000,3.681000
11,89,4,3.771000,3.768000,3.745000,3.753000,3.864000,3.725000
11,90,4,3.853200,3.870000,3.879000,3.903000,3.847000,3.767000
11,91,4,3.717800,3.717000,3.783000,3.670000,3.773000,3.646000
11,92,4,3.917600,3.948000,3.818000,3.880000,3.932000,4.010000
11,93,4,3.886600,3.905000,3.925000,3.876000,3.932000,3.795000
11,94,4,3.916800,3.824000,4.017000,3.890000,3.991000,3.862000
11,95,4,3.854400,3.798000,3.843000,3.898000,3.856000,3.877000
11,96,4,4.160600,4.153000,4.088000,4.169000,4.281000,4.112000
11,97,4,4.104000,4.104000,4.122000,4.101000,4.102000,4.091000
11,98,4,3.821600,3.823000,3.761000,3.914000,3.873000,3.737000
11,99,4,3.809800,3.846000,3.822000,3.790000,3.928000,3.663000
12,0,0,4.134600,4.170000,4.133000,4.142000,4.115000,4.113000
12,1,0,4.068000,4.083000,4.003000,4.094000,4.069000,4.091000
12,2,0,4.325000,4.372000,4.293000,4.337000,4.369000,4.254000
12,3,0,4.281400,4.400000,4.288000,4.152000,4.231000,4.336000
12,4,0,4.319200,4.425000,4.349000,4.333000,4.145000,4.344000
12,5,0,4.430600,4.497000,4.444000,4.448000,4.395000,4.369000
12,6,0,4.255000,4.275000,4.351000,4.246000,4.103000,4.300000
12,7,0,3.896600,3.919000,3.941000,3.801000,3.824000,3.998000
12,8,0,4.389400,4.463000,4.384000,4.377000,4.303000,4.420000
12,9,0,4.107000,4.149000,4.026000,4.112000,4.098000,4.150000
12,10,0,4.105600,4.097000,4.108000,4.036000,4.141000,4.146000
12,11,0,4.127800,3.979000,4.152000,4.092000,4.207000,4.209000
12,12,0,4.222000,4.128000,4.283000,4.243000,4.177000,4.279000
12,13,0,3.777800,3.770000,3.719000,3.772000,3.734000,3.894000
12,14,0,4.112200,4.134000,4.193000,4.110000,3.995000,4.129000
12,15,0,4.415600,4.339000,4.428000,4.508000,4.319000,4.484000
12,16,0,4.129000,4.156000,4.143000,4.096000,4.125000,4.125000
12,17,0,4.174600,4.281000,4.105000,4.148000,4.148000,4.191000
12,18,0,3.908800,3.892000,3.981000,3.755000,4.042000,3.874000
12,19,0,4.082600,4.142000,4.082000,3.963000,4.095000,4.131000
12,20,1,3.853200,3.859000,3.834000,3.767000,3.919000,3.887000
12,21,1,3.837000,3.736000,3.739000,3.882000,3.882000,3.946000
12,22,1,3.949000,4.045000,3.962000,3.916000,3.888000,3.934000
12,23,1,3.873200,3.846000,3.872000,3.901000,3.839000,3.908000
12,24,1,4.037600,3.987000,3.979000,4.027000,4.145000,4.050000
12,25,1,3.938800,3.872000,3.854000,3.828000,4.018000,4.122000
12,26,1,3.741000,3.771000,3.772000,3.783000,3.670000,3.709000
12,27,1,4.186000,4.281000,4.129000,4.165000,4.119000,4.236000
12,28,1,3.733000,3.671000,3.690000,3.819000,3.783000,3.702000
12,29,1,4.283200,4.306000,4.264000,4.247000,4.247000,4.352000
12,30,1,3.934600,3.892000,3.902000,4.021000,3.991000,3.867000
12,31,1,4.033800,4.075000,4.030000,3.918000,4.111000,4.035000
12,32,1,3.966800,4.077000,3.853000,3.960000,3.924000,4.020000
12,33,1,4.123400,4.177000,3.963000,3.999000,4.235000,4.243000
12,34,1,4.077000,4.010000,4.075000,4.178000,4.028000,4.094000
12,35,1,3.977800,3.936000,4.010000,3.905000,4.065000,3.973000
12,36,1,4.127200,4.025000,4.115000,4.124000,4.238000,4.134000
12,37,1,3.975400,4.099000,3.925000,3.877000,3.943000,4.033000
12,38,1,4.084000,4.067000,4.079000,3.980000,4.100000,4.194000
12,39,1,4.249200,4.343000,4.140000,4.218000,4.305000,4.240000
12,40,2,4.304200,4.369000,4.272000,4.197000,4.358000,4.325000
12,41,2,4.173400,4.209000,4.048000,4.099000,4.248000,4.263000
12,42,2,3.957800,4.004000,3.937000,3.733000,4.026000,4.089000
12,43,2,4.032400,4.060000,4.013000,4.007000,3.949000,4.133000
12,44,2,4.303800,4.135000,4.263000,4.367000,4.361000,4.393000
12,45,2,3.966200,4.053000,4.003000,3.812000,4.004000,3.959000
12,46,2,3.925800,3.999000,3.867000,3.970000,3.901000,3.892000
12,47,2,4.307200,4.288000,4.251000,4.294000,4.366000,4.337000
12,48,2,4.039200,3.977000,4.005000,4.035000,4.160000,4.019000
12,49,2,3.994400,4.059000,3.930000,3.907000,4.056000,4.020000
12,50,2,4.221600,4.310000,4.300000,4.149000,4.222000,4.127000
12,51,2,4.103000,4.128000,4.025000,4.161000,4.159000,4.042000
12,52,2,4.399000,4.384000,4.304000,4.315000,4.511000,4.481000
12,53,2,3.920400,3.997000,3.887000,3.967000,3.876000,3.875000
12,54,2,4.061000,4.064000,3.981000,4.071000,4.127000,4.062000
12,55,2,3.875600,3.894000,3.786000,3.859000,3.902000,3.937000
12,56,2,3.926800,3.972000,3.933000,3.868000,3.982000,3.879000
12,57,2,4.169400,4.196000,4.078000,4.138000,4.278000,4.157000
12,58,2,4.240600,4.283000,4.105000,4.269000,4.290000,4.256000
12,59,2,3.973000,3.981000,3.980000,4.057000,3.926000,3.921000
12,60,3,3.912000,3.966000,3.741000,3.973000,3.992000,3.888000
12,61,3,3.788000,3.762000,3.878000,3.687000,3.784000,3.829000
12,62,3,3.782800,3.763000,3.709000,3.775000,3.794000,3.873000
12,63,3,3.626600,3.656000,3.581000,3.580000,3.577000,3.739000
12,64,3,3.800000,3.794000,3.818000,3.735000,3.787000,3.866000
12,65,3,3.906400,3.896000,3.968000,3.970000,3.890000,3.808000
12,66,3,3.752600,3.776000,3.696000,3.709000,3.752000,3.830000
12,67,3,3.864000,3.770000,3.861000,3.848000,3.860000,3.981000
12,68,3,3.806800,3.887000,3.740000,3.900000,3.855000,3.652000
12,69,3,3.751200,3.815000,3.720000,3.637000,3.622000,3.962000
12,70,3,3.788200,3.710000,3.759000,3.843000,3.758000,3.871000
12,71,3,4.070400,4.189000,3.993000,4.056000,4.018000,4.096000
12,72,3,3.760800,3.782000,3.777000,3.798000,3.709000,3.738000
12,73,3,3.943400,3.913000,3.991000,3.943000,3.825000,4.045000
12,74,3,3.925800,3.926000,3.895000,3.913000,3.932000,3.963000
12,75,3,3.841000,3.891000,3.842000,3.864000,3.711000,3.897000
12,76,3,3.812400,3.797000,3.750000,3.737000,3.846000,3.932000
12,77,3,3.732800,3.788000,3.626000,3.670000,3.795000,3.785000
12,78,3,3.983600,4.075000,3.858000,3.949000,3.939000,4.097000
12,79,3,3.737200,3.788000,3.739000,3.697000,3.672000,3.790000
12,80,4,3.963600,4.010000,3.922000,3.939000,4.000000,3.947000
12,81,4,3.977600,4.116000,3.911000,3.938000,4.045000,3.878000
12,82,4,4.141000,4.100000,4.132000,4.172000,4.154000,4.147000
12,83,4,3.955400,3.978000,3.878000,3.954000,3.994000,3.973000
12,84,4,4.034800,3.999000,3.961000,4.025000,4.040000,4.149000
12,85,4,4.158400,4.204000,4.048000,4.190000,4.187000,4.163000
12,86,4,3.861200,3.744000,3.911000,3.888000,3.859000,3.904000
12,87,4,3.636600,3.654000,3.548000,3.724000,3.656000,3.601000
12,88,4,3.814000,3.929000,3.790000,3.711000,3.779000,3.861000
12,89,4,4.074000,4.114000,4.027000,4.050000,4.110000,4.069000
12,90,4,3.739000,3.748000,3.782000,3.635000,3.710000,3.820000
12,91,4,4.118400,4.159000,4.144000,3.997000,4.147000,4.145000
12,92,4,3.852800,3.921000,3.777000,3.809000,3.913000,3.844000
12,93,4,3.838200,3.850000,3.841000,3.742000,3.908000,3.850000
12,94,4,3.754600,3.836000,3.629000,3.671000,3.798000,3.839000
12,95,4,3.993000,4.100000,3.784000,3.947000,4.043000,4.091000
12,96,4,3.823800,3.844000,3.793000,3.750000,3.854000,3.878000
12,97,4,4.009800,4.140000,3.908000,3.915000,4.050000,4.036000
12,98,4,3.894000,3.891000,3.804000,3.983000,3.828000,3.964000
12,99,4,3.724400,3.801000,3.694000,3.640000,3.734000,3.753000
13,0,0,4.172200,4.159000,4.146000,4.118000,4.303000,4.135000
13,1,0,4.049800,4.015000,4.129000,4.070000,4.035000,4.000000
13,2,0,4.007200,3.972000,3.868000,4.001000,3.992000,4.203000
13,3,0,4.201800,4.042000,4.257000,4.223000,4.279000,4.208000
13,4,0,4.067600,4.015000,4.035000,4.103000,4.124000,4.061000
13,5,0,4.235400,4.260000,4.159000,4.241000,4.312000,4.205000
13,6,0,4.094000,4.079000,4.000000,4.147000,4.213000,4.031000
13,7,0,3.926200,3.883000,3.845000,3.880000,3.975000,4.048000
13,8,0,3.995000,4.032000,3.914000,3.897000,4.020000,4.112000
13,9,0,4.140800,4.280000,4.065000,4.136000,4.085000,4.138000
13,10,0,4.211600,4.284000,4.165000,4.172000,4.207000,4.230000
13,11,0,4.115000,4.063000,4.122000,4.079000,4.173000,4.138000
13,12,0,4.193200,4.211000,4.113000,4.217000,4.069000,4.356000
13,13,0,4.010000,3.909000,4.087000,4.014000,4.022000,4.018000
13,14,0,4.106400,4.049000,4.014000,4.232000,4.100000,4.137000
13,15,0,4.121000,4.155000,4.013000,4.164000,4.203000,4.070000
13,16,0,4.075400,4.134000,4.034000,4.050000,4.072000,4.087000
13,17,0,4.500400,4.616000,4.413000,4.484000,4.519000,4.470000
13,18,0,3.985800,3.861000,3.987000,4.049000,3.936000,4.096000
13,19,0,4.023200,3.920000,3.990000,4.017000,3.969000,4.220000
13,20,1,4.200000,4.236000,4.159000,4.126000,4.173000,4.306000
13,21,1,4.199200,4.250000,4.189000,4.139000,4.162000,4.256000
13,22,1,4.054000,4.126000,4.128000,3.867000,4.114000,4.035000
13,23,1,4.131400,4.093000,4.054000,4.115000,4.226000,4.169000
13,24,1,4.141000,4.279000,4.019000,4.155000,4.169000,4.083000
13,25,1,4.048000,3.977000,4.093000,4.088000,4.183000,3.899000
13,26,1,4.142400,4.061000,4.304000,4.019000,4.112000,4.216000
13,27,1,4.396200,4.377000,4.321000,4.337000,4.475000,4.471000
13,28,1,3.861400,3.817000,3.901000,3.664000,3.873000,4.052000
13,29,1,4.313400,4.229000,4.360000,4.296000,4.375000,4.307000
13,30,1,4.213000,4.142000,4.313000,4.134000,4.267000,4.209000
13,31,1,4.406600,4.340000,4.343000,4.487000,4.417000,4.446000
13,32,1,4.163800,4.184000,4.161000,4.105000,4.096000,4.273000
13,33,1,4.132800,4.156000,4.029000,4.185000,4.140000,4.154000
13,34,1,4.329600,4.276000,4.449000,4.267000,4.404000,4.252000
13,35,1,4.029000,4.021000,4.043000,4.099000,3.999000,3.983000
13,36,1,4.308600,4.367000,4.302000,4.212000,4.256000,4.406000
13,37,1,4.073800,4.012000,4.120000,4.113000,4.042000,4.082000
13,38,1,4.399200,4.455000,4.246000,4.425000,4.506000,4.364000
13,39,1,3.839400,3.856000,3.931000,3.733000,3.817000,3.860000
13,40,2,4.188600,4.160000,4.163000,4.170000,4.189000,4.261000
13,41,2,4.260600,4.329000,4.316000,4.156000,4.217000,4.285000
13,42,2,4.270600,4.308000,4.354000,4.165000,4.303000,4.223000
13,43,2,4.189800,4.144000,4.285000,4.164000,4.086000,4.270000
13,44,2,4.186800,4.230000,4.163000,4.222000,4.088000,4.231000
13,45,2,4.021000,4.060000,3.959000,3.972000,4.025000,4.089000
13,46,2,4.191200,4.114000,4.229000,4.117000,4.256000,4.240000
13,47,2,4.448000,4.424000,4.501000,4.446000,4.305000,4.564000
13,48,2,4.183400,4.175000,4.150000,4.089000,4.175000,4.328000
13,49,2,4.018200,3.931000,4.090000,3.992000,4.027000,4.051000
13,50,2,3.926800,3.850000,3.889000,3.843000,3.949000,4.103000
13,51,2,4.181000,4.151000,4.168000,4.192000,4.185000,4.209000
13,52,2,4.212800,4.146000,4.204000,4.190000,4.237000,4.287000
13,53,2,4.281400,4.202000,4.224000,4.462000,4.153000,4.366000
13,54,2,4.150400,4.100000,4.194000,4.095000,4.080000,4.283000
13,55,2,4.066400,4.015000,4.051000,4.052000,4.146000,4.068000
13,56,2,4.174400,4.105000,4.128000,4.196000,4.142000,4.301000
13,57,2,4.105800,4.081000,4.101000,4.095000,4.074000,4.178000
13,58,2,4.103800,4.130000,4.024000,4.088000,4.130000,4.147000
13,59,2,3.989200,4.046000,3.833000,4.014000,3.984000,4.069000
13,60,3,3.817200,3.788000,3.727000,3.871000,3.820000,3.880000
13,61,3,3.737000,3.624000,3.711000,3.727000,3.864000,3.759000
13,62,3,4.070800,4.091000,4.118000,3.988000,4.031000,4.126000
13,63,3,3.733400,3.816000,3.713000,3.839000,3.594000,3.705000
13,64,3,3.800200,3.771000,3.755000,3.824000,3.866000,3.785000
13,65,3,3.803600,3.698000,3.814000,3.835000,3.759000,3.912000
13,66,3,4.055600,4.113000,4.009000,3.995000,4.050000,4.111000
13,67,3,3.895400,3.891000,3.898000,3.831000,3.905000,3.952000
13,68,3,3.966000,4.015000,4.021000,3.947000,3.895000,3.952000
13,69,3,3.826200,3.758000,3.825000,3.791000,3.867000,3.890000
13,70,3,3.744000,3.906000,3.560000,3.768000,3.792000,3.694000
13,71,3,3.903600,3.800000,3.878000,3.948000,3.894000,3.998000
13,72,3,3.952000,4.007000,3.826000,3.964000,3.929000,4.034000
13,73,3,3.682400,3.698000,3.645000,3.641000,3.724000,3.704000
13,74,3,4.013200,3.986000,3.818000,4.092000,4.103000,4.067000
13,75,3,4.005200,3.898000,4.001000,4.033000,3.990000,4.104000
13,76,3,4.001800,3.932000,3.908000,4.029000,4.024000,4.116000
13,77,3,3.880400,3.818000,3.795000,3.955000,3.859000,3.975000
13,78,3,3.954200,3.963000,3.939000,3.994000,4.007000,3.868000
13,79,3,3.785000,3.639000,3.726000,3.811000,3.891000,3.858000
13,80,4,3.875600,3.777000,3.894000,3.804000,3.863000,4.040000
13,81,4,4.035600,4.043000,4.010000,4.026000,4.057000,4.042000
13,82,4,4.104600,3.990000,4.148000,4.108000,4.138000,4.139000
13,83,4,3.898600,3.804000,3.901000,3.935000,3.973000,3.880000
13,84,4,4.073000,4.024000,4.073000,4.078000,4.114000,4.076000
13,85,4,3.866800,3.806000,3.850000,3.816000,3.891000,3.971000
13,86,4,3.931000,3.936000,3.925000,3.899000,3.927000,3.968000
13,87,4,3.824200,3.767000,3.811000,3.815000,3.861000,3.867000
13,88,4,4.263200,4.165000,4.339000,4.342000,4.240000,4.230000
13,89,4,3.808400,3.628000,3.832000,3.794000,3.997000,3.791000
13,90,4,3.666400,3.517000,3.694000,3.699000,3.717000,3.705000
13,91,4,3.869800,3.817000,3.828000,3.835000,3.962000,3.907000
13,92,4,3.931000,3.713000,3.984000,3.909000,3.893000,4.156000
13,93,4,3.917600,3.945000,3.990000,3.887000,3.930000,3.836000
13,94,4,4.093600,4.068000,4.110000,3.985000,4.140000,4.165000
13,95,4,4.046800,4.005000,3.990000,4.055000,4.013000,4.171000
13,96,4,3.852400,3.821000,3.828000,3.868000,3.916000,3.829000
13,97,4,3.941200,3.914000,3.932000,3.937000,3.958000,3.965000
13,98,4,4.245000,4.234000,4.222000,4.203000,4.405000,4.161000
13,99,4,3.749800,3.653000,3.704000,3.731000,3.823000,3.838000
14,0,0,4.152800,4.158000,4.175000,4.078000,4.250000,4.103000
14,1,0,4.090000,4.067000,4.091000,4.007000,4.157000,4.128000
14,2,0,3.929400,3.853000,3.957000,3.953000,3.917000,3.967000
14,3,0,4.171200,3.959000,4.257000,4.042000,4.294000,4.304000
14,4,0,4.272000,4.167000,4.238000,4.171000,4.458000,4.326000
14,5,0,4.293000,4.163000,4.310000,4.285000,4.469000,4.238000
14,6,0,3.864200,3.803000,3.902000,3.778000,3.934000,3.904000
14,7,0,4.183400,4.139000,4.122000,4.117000,4.334000,4.205000
14,8,0,3.904800,3.768000,3.883000,3.888000,3.969000,4.016000
14,9,0,3.984200,3.879000,3.958000,3.998000,4.007000,4.079000
14,10,0,3.950800,3.751000,3.983000,3.972000,3.909000,4.139000
14,11,0,4.087200,3.936000,4.205000,4.029000,4.142000,4.124000
14,12,0,4.030200,3.942000,4.121000,3.871000,4.127000,4.090000
14,13,0,4.331800,4.334000,4.418000,4.205000,4.348000,4.354000
14,14,0,4.380400,4.281000,4.390000,4.258000,4.465000,4.508000
14,15,0,4.228600,4.171000,4.281000,4.100000,4.336000,4.255000
14,16,0,3.876000,3.891000,3.941000,3.701000,3.876000,3.971000
14,17,0,4.357600,4.443000,4.393000,4.151000,4.464000,4.337000
14,18,0,4.606600,4.479000,4.505000,4.546000,4.835000,4.668000
14,19,0,3.779800,3.730000,3.829000,3.729000,3.779000,3.832000
14,20,1,4.101200,4.035000,4.102000,4.097000,4.111000,4.161000
14,21,1,3.976400,3.825000,3.943000,3.991000,4.059000,4.064000
14,22,1,3.960800,3.789000,3.928000,4.090000,4.008000,3.989000
14,23,1,4.413800,4.308000,4.398000,4.396000,4.410000,4.557000
14,24,1,4.507400,4.425000,4.423000,4.519000,4.542000,4.628000
14,25,1,4.210600,4.082000,4.290000,4.186000,4.275000,4.220000
14,26,1,4.164000,4.141000,4.150000,4.123000,4.228000,4.178000
14,27,1,4.247000,4.211000,4.308000,4.209000,4.244000,4.263000
14,28,1,3.890200,3.849000,3.850000,3.879000,3.990000,3.883000
14,29,1,4.176800,4.157000,4.222000,4.107000,4.197000,4.201000
14,30,1,4.448400,4.348000,4.470000,4.443000,4.614000,4.367000
14,31,1,3.837200,3.751000,3.815000,3.925000,3.822000,3.873000
14,32,1,4.255800,4.115000,4.257000,4.233000,4.462000,4.212000
14,33,1,4.510800,4.340000,4.562000,4.557000,4.536000,4.559000
14,34,1,4.376600,4.345000,4.304000,4.312000,4.412000,4.510000
14,35,1,4.089000,3.964000,4.137000,4.082000,4.149000,4.113000
14,36,1,3.975600,3.996000,3.967000,3.962000,3.946000,4.007000
14,37,1,4.250400,4.159000,4.260000,4.274000,4.278000,4.281000
14,38,1,4.047400,3.933000,4.104000,3.933000,4.218000,4.049000
14,39,1,4.385000,4.276000,4.244000,4.354000,4.573000,4.478000
14,40,2,4.131200,4.137000,3.961000,4.122000,4.307000,4.129000
14,41,2,3.846600,3.766000,3.751000,3.832000,3.924000,3.960000
14,42,2,4.055200,3.976000,3.919000,4.018000,4.228000,4.135000
14,43,2,4.464400,4.501000,4.406000,4.465000,4.588000,4.362000
14,44,2,4.076000,3.791000,4.073000,4.119000,4.208000,4.189000
14,45,2,4.165400,4.076000,4.157000,4.163000,4.283000,4.148000
14,46,2,4.094800,3.965000,4.020000,4.035000,4.295000,4.159000
14,47,2,4.245400,4.144000,4.278000,4.265000,4.240000,4.300000
14,48,2,4.164800,4.038000,4.258000,3.935000,4.294000,4.299000
14,49,2,4.168400,4.075000,4.037000,4.158000,4.297000,4.275000
14,50,2,4.103600,4.097000,4.028000,3.929000,4.224000,4.240000
14,51,2,4.074600,4.009000,3.988000,4.066000,4.213000,4.097000
14,52,2,4.096800,3.992000,3.989000,4.053000,4.357000,4.093000
14,53,2,4.377400,4.151000,4.420000,4.448000,4.492000,4.376000
14,54,2,4.558800,4.531000,4.538000,4.452000,4.703000,4.570000
14,55,2,4.320200,4.140000,4.353000,4.316000,4.351000,4.441000
14,56,2,4.046400,3.919000,4.132000,3.932000,4.100000,4.149000
14,57,2,4.377600,4.237000,4.347000,4.404000,4.540000,4.360000
14,58,2,4.024800,3.869000,3.907000,3.971000,4.234000,4.143000
14,59,2,4.246600,4.295000,4.132000,4.150000,4.355000,4.301000
14,60,3,3.918600,3.835000,3.935000,3.879000,4.074000,3.870000
14,61,3,4.121000,3.910000,4.067000,4.153000,4.301000,4.174000
14,62,3,4.062800,4.054000,3.967000,4.040000,4.155000,4.098000
14,63,3,3.709200,3.625000,3.658000,3.620000,3.859000,3.784000
14,64,3,3.829000,3.815000,3.743000,3.822000,3.834000,3.931000
14,65,3,4.069400,3.991000,4.003000,3.977000,4.248000,4.128000
14,66,3,3.828400,3.740000,3.713000,3.847000,3.901000,3.941000
14,67,3,3.745200,3.646000,3.584000,3.706000,3.863000,3.927000
14,68,3,4.240600,4.125000,4.097000,4.202000,4.454000,4.325000
14,69,3,4.175800,3.989000,4.157000,4.204000,4.281000,4.248000
14,70,3,3.907200,3.867000,3.825000,3.863000,4.008000,3.973000
14,71,3,3.786600,3.690000,3.822000,3.675000,3.958000,3.788000
14,72,3,4.054000,3.974000,3.964000,3.984000,4.225000,4.123000
14,73,3,4.201200,3.992000,4.269000,4.207000,4.316000,4.222000
14,74,3,3.942200,3.860000,3.870000,4.032000,4.020000,3.929000
14,75,3,3.789000,3.699000,3.715000,3.814000,3.884000,3.833000
14,76,3,4.014800,3.930000,3.993000,3.981000,4.114000,4.056000
14,77,3,3.820600,3.754000,3.763000,3.721000,4.019000,3.846000
14,78,3,4.017400,3.875000,3.988000,4.020000,4.194000,4.010000
14,79,3,3.830200,3.715000,3.788000,3.826000,3.977000,3.845000
14,80,4,4.066600,4.008000,4.063000,4.070000,4.065000,4.127000
14,81,4,3.892600,3.914000,3.978000,3.836000,3.832000,3.903000
14,82,4,4.102000,3.943000,4.139000,4.092000,4.138000,4.198000
14,83,4,4.274600,4.196000,4.163000,4.279000,4.370000,4.365000
14,84,4,4.256200,4.226000,4.164000,4.242000,4.244000,4.405000
14,85,4,3.968000,3.960000,3.992000,3.921000,4.072000,3.895000
14,86,4,3.993400,3.961000,3.835000,3.970000,4.142000,4.059000
14,87,4,4.076600,4.060000,4.072000,4.034000,4.121000,4.096000
14,88,4,3.787800,3.774000,3.786000,3.821000,3.861000,3.697000
14,89,4,4.042200,3.910000,4.100000,4.010000,4.144000,4.047000
14,90,4,3.761600,3.775000,3.729000,3.715000,3.767000,3.822000
14,91,4,3.871000,3.800000,3.768000,3.897000,3.943000,3.947000
14,92,4,4.228800,4.034000,4.221000,4.317000,4.282000,4.290000
14,93,4,4.169800,4.136000,3.993000,4.147000,4.332000,4.241000
14,94,4,3.814000,3.769000,3.726000,3.843000,3.945000,3.787000
14,95,4,4.038800,3.985000,4.069000,3.891000,4.159000,4.090000
14,96,4,4.266800,4.238000,4.195000,4.255000,4.368000,4.278000
14,97,4,4.019000,4.026000,3.963000,3.883000,4.131000,4.092000
14,98,4,4.170800,4.070000,4.142000,4.099000,4.403000,4.140000
14,99,4,4.025400,4.048000,3.958000,4.043000,4.122000,3.956000
15,0,0,4.414600,4.517000,4.420000,4.298000,4.387000,4.451000
15,1,0,4.139800,4.151000,4.256000,3.987000,4.152000,4.153000
15,2,0,4.250000,4.241000,4.306000,4.236000,4.245000,4.222000
15,3,0,4.368800,4.377000,4.447000,4.334000,4.316000,4.370000
15,4,0,4.328800,4.353000,4.394000,4.205000,4.313000,4.379000
15,5,0,4.185200,4.218000,4.318000,4.076000,4.037000,4.277000
15,6,0,4.121600,4.150000,4.168000,3.940000,4.026000,4.324000
15,7,0,4.335600,4.435000,4.347000,4.208000,4.259000,4.429000
15,8,0,4.425400,4.416000,4.642000,4.363000,4.282000,4.424000
15,9,0,3.948600,3.978000,3.970000,3.884000,3.935000,3.976000
15,10,0,3.995400,3.878000,4.120000,4.016000,3.928000,4.035000
15,11,0,4.434800,4.351000,4.607000,4.237000,4.405000,4.574000
15,12,0,4.258600,4.217000,4.374000,4.184000,4.263000,4.255000
15,13,0,4.263800,4.378000,4.343000,3.922000,4.312000,4.364000
15,14,0,4.342000,4.414000,4.393000,4.134000,4.408000,4.361000
15,15,0,4.391400,4.504000,4.522000,4.026000,4.403000,4.502000
15,16,0,4.057200,4.085000,4.072000,3.913000,4.031000,4.185000
15,17,0,4.070200,4.050000,4.125000,3.968000,4.115000,4.093000
15,18,0,4.221800,4.218000,4.333000,4.041000,4.188000,4.329000
15,19,0,4.521400,4.632000,4.652000,4.323000,4.499000,4.501000
15,20,1,4.271200,4.387000,4.401000,4.209000,4.105000,4.254000
15,21,1,4.292800,4.198000,4.363000,4.324000,4.285000,4.294000
15,22,1,4.418200,4.474000,4.405000,4.448000,4.408000,4.356000
15,23,1,4.195200,4.224000,4.282000,4.108000,4.253000,4.109000
15,24,1,4.273200,4.338000,4.348000,4.120000,4.215000,4.345000
15,25,1,4.200200,4.214000,4.343000,4.054000,4.092000,4.298000
15,26,1,4.323200,4.307000,4.402000,4.270000,4.308000,4.329000
15,27,1,4.076400,4.056000,4.087000,4.034000,4.104000,4.101000
15,28,1,4.295600,4.330000,4.315000,4.335000,4.110000,4.388000
15,29,1,4.044000,4.053000,4.179000,4.018000,3.938000,4.032000
15,30,1,4.285800,4.318000,4.305000,4.185000,4.225000,4.396000
15,31,1,4.221000,4.251000,4.240000,4.103000,4.206000,4.305000
15,32,1,4.366600,4.482000,4.357000,4.285000,4.316000,4.393000
15,33,1,4.224000,4.253000,4.412000,4.100000,4.159000,4.196000
15,34,1,4.211800,4.256000,4.254000,4.123000,4.167000,4.259000
15,35,1,4.478800,4.613000,4.511000,4.333000,4.397000,4.540000
15,36,1,4.165800,4.145000,4.218000,4.048000,4.130000,4.288000
15,37,1,4.254600,4.235000,4.409000,4.097000,4.246000,4.286000
15,38,1,4.150600,4.220000,4.113000,4.144000,4.078000,4.198000
15,39,1,3.933000,3.916000,4.027000,3.745000,3.944000,4.033000
15,40,2,4.546400,4.548000,4.657000,4.555000,4.420000,4.552000
15,41,2,4.230400,4.221000,4.380000,4.142000,4.158000,4.251000
15,42,2,4.266400,4.221000,4.222000,4.204000,4.358000,4.327000
15,43,2,4.311200,4.414000,4.385000,4.161000,4.228000,4.368000
15,44,2,4.295800,4.322000,4.342000,4.231000,4.258000,4.326000
15,45,2,4.294800,4.309000,4.452000,4.149000,4.140000,4.424000
15,46,2,4.442200,4.468000,4.441000,4.420000,4.511000,4.371000
15,47,2,4.111400,4.281000,4.205000,4.037000,3.997000,4.037000
15,48,2,4.030800,4.001000,4.145000,3.882000,4.004000,4.122000
15,49,2,4.445000,4.614000,4.507000,4.252000,4.347000,4.505000
15,50,2,4.253200,4.237000,4.231000,4.242000,4.355000,4.201000
15,51,2,4.431200,4.448000,4.439000,4.488000,4.456000,4.325000
15,52,2,4.413400,4.413000,4.454000,4.371000,4.390000,4.439000
15,53,2,4.156400,4.138000,4.129000,4.178000,4.094000,4.243000
15,54,2,4.208600,4.249000,4.256000,4.174000,4.131000,4.233000
15,55,2,4.366800,4.396000,4.459000,4.289000,4.253000,4.437000
15,56,2,4.246000,4.251000,4.224000,4.187000,4.301000,4.267000
15,57,2,4.167000,4.237000,4.297000,3.976000,4.132000,4.193000
15,58,2,4.121400,4.187000,4.189000,4.047000,4.079000,4.105000
15,59,2,4.317000,4.295000,4.344000,4.243000,4.231000,4.472000
15,60,3,4.048400,4.007000,4.194000,3.967000,4.135000,3.939000
15,61,3,3.895400,3.908000,4.052000,3.873000,3.787000,3.857000
15,62,3,4.310600,4.240000,4.346000,4.200000,4.301000,4.466000
15,63,3,3.996600,4.056000,4.022000,3.940000,3.901000,4.064000
15,64,3,3.999000,4.039000,4.062000,3.948000,3.910000,4.036000
15,65,3,4.034800,4.080000,4.092000,3.970000,3.992000,4.040000
15,66,3,3.936600,3.953000,3.982000,3.826000,4.026000,3.896000
15,67,3,4.164200,4.232000,4.265000,4.058000,4.097000,4.169000
15,68,3,4.032800,4.132000,4.102000,3.888000,3.963000,4.079000
15,69,3,4.157600,4.165000,4.141000,4.051000,4.164000,4.267000
15,70,3,3.847200,4.018000,3.895000,3.549000,3.795000,3.979000
15,71,3,4.215600,4.272000,4.340000,4.060000,4.190000,4.216000
15,72,3,4.013000,4.088000,4.024000,3.912000,3.975000,4.066000
15,73,3,4.117600,4.161000,4.163000,4.115000,4.101000,4.048000
15,74,3,4.038000,4.058000,4.222000,3.774000,4.137000,3.999000
15,75,3,3.851800,3.950000,3.850000,3.771000,3.821000,3.867000
15,76,3,4.240800,4.238000,4.391000,4.108000,4.203000,4.264000
15,77,3,4.199600,4.151000,4.250000,4.171000,4.226000,4.200000
15,78,3,3.933200,3.900000,3.983000,3.898000,3.924000,3.961000
15,79,3,4.053800,4.083000,4.144000,4.004000,3.992000,4.046000
15,80,4,4.297600,4.385000,4.394000,4.086000,4.308000,4.315000
15,81,4,4.261400,4.336000,4.374000,3.974000,4.171000,4.452000
15,82,4,4.293800,4.251000,4.365000,4.250000,4.249000,4.354000
15,83,4,4.243600,4.250000,4.252000,4.152000,4.169000,4.395000
15,84,4,4.369000,4.422000,4.329000,4.267000,4.407000,4.420000
15,85,4,4.551800,4.486000,4.584000,4.585000,4.446000,4.658000
15,86,4,4.202200,4.319000,4.220000,4.043000,4.165000,4.264000
15,87,4,4.354400,4.459000,4.342000,4.267000,4.242000,4.462000
15,88,4,4.268200,4.347000,4.270000,4.172000,4.259000,4.293000
15,89,4,4.066800,4.131000,4.077000,3.998000,4.027000,4.101000
15,90,4,4.162000,4.197000,4.209000,4.048000,4.055000,4.301000
15,91,4,4.151400,4.139000,4.270000,4.045000,4.100000,4.203000
15,92,4,4.154400,4.251000,4.107000,4.027000,4.134000,4.253000
15,93,4,3.854400,3.837000,4.002000,3.694000,3.751000,3.988000
15,94,4,4.021400,4.079000,4.112000,3.850000,3.946000,4.120000
15,95,4,4.054800,4.002000,4.096000,3.903000,4.099000,4.174000
15,96,4,4.284800,4.432000,4.315000,4.098000,4.200000,4.379000
15,97,4,4.466200,4.509000,4.476000,4.357000,4.357000,4.632000
15,98,4,4.015600,3.961000,4.035000,3.942000,4.044000,4.096000
15,99,4,4.237200,4.389000,4.274000,4.238000,4.151000,4.134000
16,0,0,4.126200,4.189000,4.031000,4.120000,4.193000,4.098000
16,1,0,4.350200,4.276000,4.361000,4.355000,4.368000,4.391000
16,2,0,4.480800,4.422000,4.434000,4.505000,4.440000,4.603000
16,3,0,4.157600,4.072000,4.100000,4.153000,4.248000,4.215000
16,4,0,4.364000,4.260000,4.279000,4.447000,4.441000,4.393000
16,5,0,4.425400,4.427000,4.392000,4.339000,4.472000,4.497000
16,6,0,4.351400,4.263000,4.258000,4.393000,4.352000,4.491000
16,7,0,4.186400,4.140000,4.144000,4.260000,4.212000,4.176000
16,8,0,4.317000,4.233000,4.344000,4.375000,4.260000,4.373000
16,9,0,4.376000,4.353000,4.442000,4.266000,4.420000,4.399000
16,10,0,4.559000,4.518000,4.610000,4.505000,4.590000,4.572000
16,11,0,4.347000,4.238000,4.426000,4.308000,4.345000,4.418000
16,12,0,4.164800,4.078000,4.058000,4.170000,4.214000,4.304000
16,13,0,4.417400,4.349000,4.318000,4.409000,4.479000,4.532000
16,14,0,4.381600,4.442000,4.388000,4.275000,4.323000,4.480000
16,15,0,4.423800,4.318000,4.335000,4.417000,4.502000,4.547000
16,16,0,4.174600,4.137000,3.971000,4.295000,4.148000,4.322000
16,17,0,4.204200,4.189000,4.067000,4.214000,4.247000,4.304000
16,18,0,4.234800,4.101000,4.132000,4.300000,4.294000,4.347000
16,19,0,4.365000,4.353000,4.239000,4.333000,4.385000,4.515000
16,20,1,4.177400,4.230000,4.171000,4.100000,4.229000,4.157000
16,21,1,4.637200,4.680000,4.650000,4.587000,4.602000,4.667000
16,22,1,4.266600,4.196000,4.276000,4.221000,4.317000,4.323000
16,23,1,4.437800,4.370000,4.381000,4.549000,4.381000,4.508000
16,24,1,4.246600,4.171000,4.270000,4.240000,4.246000,4.306000
16,25,1,4.163800,4.093000,4.081000,4.179000,4.229000,4.237000
16,26,1,4.082800,4.018000,4.130000,4.000000,4.093000,4.173000
16,27,1,4.510600,4.510000,4.446000,4.597000,4.504000,4.496000
16,28,1,4.158200,4.180000,4.091000,4.086000,4.223000,4.211000
16,29,1,4.345200,4.287000,4.262000,4.362000,4.443000,4.372000
16,30,1,4.202800,4.255000,4.113000,4.256000,4.167000,4.223000
16,31,1,4.148400,4.123000,4.138000,4.163000,4.193000,4.125000
16,32,1,4.286600,4.337000,4.231000,4.302000,4.283000,4.280000
16,33,1,4.492400,4.512000,4.593000,4.465000,4.359000,4.533000
16,34,1,4.308200,4.354000,4.258000,4.203000,4.349000,4.377000
16,35,1,4.352000,4.350000,4.338000,4.302000,4.399000,4.371000
16,36,1,4.278000,4.372000,4.275000,4.228000,4.199000,4.316000
16,37,1,4.513200,4.489000,4.512000,4.483000,4.501000,4.581000
16,38,1,4.169600,4.176000,4.157000,4.219000,4.153000,4.143000
16,39,1,4.433600,4.458000,4.452000,4.525000,4.262000,4.471000
16,40,2,4.304400,4.236000,4.323000,4.252000,4.279000,4.432000
16,41,2,4.263000,4.348000,4.171000,4.308000,4.290000,4.198000
16,42,2,4.454400,4.479000,4.390000,4.545000,4.384000,4.474000
16,43,2,4.203600,4.157000,4.172000,4.212000,4.294000,4.183000
16,44,2,4.760000,4.828000,4.714000,4.665000,4.857000,4.736000
16,45,2,4.340400,4.364000,4.231000,4.408000,4.376000,4.323000
16,46,2,4.314800,4.273000,4.224000,4.299000,4.405000,4.373000
16,47,2,4.412600,4.470000,4.394000,4.352000,4.342000,4.505000
16,48,2,4.288800,4.341000,4.213000,4.365000,4.336000,4.189000
16,49,2,4.523600,4.526000,4.429000,4.525000,4.572000,4.566000
16,50,2,4.044600,3.954000,4.078000,4.040000,3.959000,4.192000
16,51,2,4.493800,4.534000,4.394000,4.585000,4.424000,4.532000
16,52,2,4.153600,4.171000,4.116000,4.165000,4.208000,4.108000
16,53,2,4.246400,4.275000,4.212000,4.215000,4.217000,4.313000
16,54,2,4.288600,4.282000,4.250000,4.339000,4.228000,4.344000
16,55,2,4.505200,4.478000,4.590000,4.317000,4.693000,4.448000
16,56,2,4.374000,4.293000,4.278000,4.481000,4.485000,4.333000
16,57,2,4.130600,4.121000,3.954000,4.090000,4.221000,4.267000
16,58,2,4.454400,4.504000,4.467000,4.327000,4.441000,4.533000
16,59,2,4.061800,3.998000,4.044000,4.038000,4.104000,4.125000
16,60,3,4.368400,4.390000,4.184000,4.400000,4.466000,4.402000
16,61,3,4.104200,4.114000,4.127000,4.114000,4.011000,4.155000
16,62,3,4.077200,4.041000,4.086000,4.147000,3.969000,4.143000
16,63,3,3.796600,3.835000,3.669000,3.773000,3.760000,3.946000
16,64,3,4.086800,3.984000,4.086000,4.150000,4.079000,4.135000
16,65,3,4.136400,4.123000,4.099000,4.183000,4.075000,4.202000
16,66,3,3.980000,4.046000,3.875000,3.937000,4.005000,4.037000
16,67,3,4.190800,4.092000,4.179000,4.157000,4.284000,4.242000
16,68,3,3.912000,3.752000,3.832000,4.042000,3.895000,4.039000
16,69,3,3.952000,3.918000,3.828000,3.958000,3.999000,4.057000
16,70,3,4.050200,4.009000,3.993000,4.118000,4.078000,4.053000
16,71,3,4.017600,3.985000,3.927000,4.011000,4.005000,4.160000
16,72,3,4.097800,4.016000,4.027000,4.137000,4.109000,4.200000
16,73,3,4.220200,4.154000,4.218000,4.222000,4.261000,4.246000
16,74,3,4.421400,4.495000,4.408000,4.453000,4.375000,4.376000
16,75,3,4.165000,4.104000,4.163000,4.286000,4.114000,4.158000
16,76,3,4.181200,4.119000,4.082000,4.241000,4.171000,4.293000
16,77,3,4.161400,4.107000,3.996000,4.281000,4.175000,4.248000
16,78,3,4.057000,4.094000,3.978000,3.998000,4.083000,4.132000
16,79,3,4.241600,4.197000,4.181000,4.194000,4.277000,4.359000
16,80,4,4.162400,3.985000,4.192000,4.210000,4.178000,4.247000
16,81,4,4.003000,3.927000,4.046000,4.014000,4.055000,3.973000
16,82,4,4.102400,4.191000,4.076000,4.044000,4.062000,4.139000
16,83,4,4.212600,4.160000,4.285000,4.151000,4.235000,4.232000
16,84,4,4.372800,4.356000,4.326000,4.298000,4.378000,4.506000
16,85,4,4.397000,4.385000,4.354000,4.404000,4.395000,4.447000
16,86,4,4.360200,4.309000,4.374000,4.387000,4.339000,4.392000
16,87,4,4.073400,3.990000,4.137000,4.056000,4.011000,4.173000
16,88,4,4.166400,4.114000,4.105000,4.107000,4.268000,4.238000
16,89,4,4.224600,4.166000,4.177000,4.226000,4.286000,4.268000
16,90,4,4.267000,4.210000,4.165000,4.307000,4.293000,4.360000
16,91,4,4.071400,4.026000,4.021000,4.075000,4.146000,4.089000
16,92,4,4.164400,4.186000,4.024000,4.083000,4.333000,4.196000
16,93,4,4.288800,4.336000,4.306000,4.231000,4.268000,4.303000
16,94,4,4.067000,4.019000,3.958000,4.130000,4.042000,4.186000
16,95,4,4.178800,4.180000,4.090000,4.145000,4.136000,4.343000
16,96,4,4.464000,4.646000,4.341000,4.484000,4.321000,4.528000
16,97,4,4.014800,3.918000,4.062000,4.087000,4.012000,3.995000
16,98,4,4.081000,4.045000,4.110000,3.932000,4.166000,4.152000
16,99,4,4.328200,4.352000,4.296000,4.351000,4.236000,4.406000
17,0,0,4.240600,4.075000,4.280000,4.296000,4.318000,4.234000
17,1,0,4.300400,4.286000,4.311000,4.133000,4.387000,4.385000
17,2,0,4.193400,4.114000,4.248000,4.110000,4.282000,4.213000
17,3,0,4.247200,4.181000,4.366000,4.202000,4.171000,4.316000
17,4,0,4.250400,4.134000,4.380000,4.161000,4.275000,4.302000
17,5,0,4.313400,4.287000,4.364000,4.143000,4.318000,4.455000
17,6,0,4.261400,4.210000,4.345000,4.205000,4.316000,4.231000
17,7,0,4.171200,4.217000,4.121000,4.156000,4.107000,4.255000
17,8,0,4.491400,4.405000,4.598000,4.481000,4.438000,4.535000
17,9,0,4.014200,3.987000,4.101000,3.944000,3.903000,4.136000
17,10,0,4.336000,4.284000,4.356000,4.291000,4.296000,4.453000
17,11,0,4.116400,3.971000,4.140000,4.085000,4.154000,4.232000
17,12,0,4.250800,4.162000,4.323000,4.245000,4.243000,4.281000
17,13,0,3.938400,3.949000,3.962000,3.845000,3.833000,4.103000
17,14,0,4.365400,4.244000,4.338000,4.378000,4.397000,4.470000
17,15,0,4.309600,4.192000,4.409000,4.218000,4.341000,4.388000
17,16,0,4.422400,4.362000,4.452000,4.383000,4.364000,4.551000
17,17,0,4.079200,3.968000,4.184000,3.991000,4.064000,4.189000
17,18,0,4.181000,4.162000,4.227000,4.176000,4.123000,4.217000
17,19,0,4.121200,4.141000,4.238000,4.158000,3.944000,4.125000
17,20,1,4.258200,4.164000,4.320000,4.262000,4.206000,4.339000
17,21,1,4.375600,4.342000,4.503000,4.403000,4.246000,4.384000
17,22,1,4.571200,4.527000,4.521000,4.607000,4.561000,4.640000
17,23,1,4.381200,4.332000,4.425000,4.334000,4.328000,4.487000
17,24,1,4.237800,4.199000,4.263000,4.158000,4.283000,4.286000
17,25,1,4.246200,4.075000,4.268000,4.275000,4.325000,4.288000
17,26,1,4.414000,4.441000,4.455000,4.242000,4.435000,4.497000
17,27,1,4.066000,4.005000,4.105000,4.032000,4.052000,4.136000
17,28,1,4.172400,4.099000,4.173000,4.088000,4.193000,4.309000
17,29,1,4.352200,4.283000,4.438000,4.300000,4.316000,4.424000
17,30,1,4.294600,4.272000,4.240000,4.323000,4.249000,4.389000
17,31,1,4.355000,4.262000,4.280000,4.348000,4.401000,4.484000
17,32,1,4.238600,4.243000,4.281000,4.266000,4.108000,4.295000
17,33,1,4.463000,4.299000,4.456000,4.425000,4.518000,4.617000
17,34,1,4.264000,4.206000,4.238000,4.292000,4.312000,4.272000
17,35,1,4.218400,4.230000,4.348000,4.150000,4.180000,4.184000
17,36,1,4.282800,4.215000,4.268000,4.286000,4.240000,4.405000
17,37,1,3.917000,3.867000,3.875000,3.988000,3.885000,3.970000
17,38,1,4.130800,4.039000,4.174000,4.067000,4.169000,4.205000
17,39,1,4.265200,4.175000,4.304000,4.149000,4.263000,4.435000
17,40,2,4.695800,4.736000,4.655000,4.699000,4.649000,4.740000
17,41,2,4.035600,3.901000,4.186000,4.118000,3.949000,4.024000
17,42,2,4.291800,4.282000,4.347000,4.087000,4.315000,4.428000
17,43,2,4.373800,4.352000,4.389000,4.240000,4.408000,4.480000
17,44,2,4.339200,4.309000,4.327000,4.369000,4.331000,4.360000
17,45,2,4.089200,4.132000,3.953000,4.101000,4.133000,4.127000
17,46,2,4.408000,4.349000,4.525000,4.374000,4.369000,4.423000
17,47,2,4.569800,4.543000,4.572000,4.507000,4.493000,4.734000
17,48,2,4.278200,4.217000,4.224000,4.232000,4.307000,4.411000
17,49,2,4.424200,4.345000,4.456000,4.418000,4.424000,4.478000
17,50,2,4.463000,4.420000,4.464000,4.367000,4.528000,4.536000
17,51,2,4.173600,4.064000,4.255000,4.207000,4.100000,4.242000
17,52,2,4.470800,4.568000,4.464000,4.381000,4.417000,4.524000
17,53,2,4.193800,4.143000,4.180000,4.156000,4.341000,4.149000
17,54,2,4.195600,4.172000,4.288000,4.131000,4.090000,4.297000
17,55,2,4.449600,4.351000,4.493000,4.374000,4.502000,4.528000
17,56,2,4.457600,4.516000,4.405000,4.544000,4.495000,4.328000
17,57,2,4.268000,4.304000,4.265000,4.198000,4.291000,4.282000
17,58,2,4.552400,4.418000,4.669000,4.484000,4.517000,4.674000
17,59,2,4.410400,4.439000,4.489000,4.414000,4.336000,4.374000
17,60,3,4.016400,4.073000,4.077000,4.011000,3.871000,4.050000
17,61,3,4.020400,3.987000,4.096000,3.962000,3.961000,4.096000
17,62,3,4.046800,3.974000,4.186000,3.948000,4.049000,4.077000
17,63,3,3.989600,3.996000,4.059000,3.939000,3.956000,3.998000
17,64,3,4.147000,4.145000,4.149000,4.079000,4.141000,4.221000
17,65,3,3.767800,3.831000,3.788000,3.687000,3.721000,3.812000
17,66,3,4.027400,3.971000,4.107000,3.978000,4.114000,3.967000
17,67,3,4.030200,4.004000,4.026000,4.071000,4.051000,3.999000
17,68,3,4.054600,3.984000,4.110000,3.998000,4.027000,4.154000
17,69,3,3.992400,3.971000,4.007000,3.926000,3.876000,4.182000
17,70,3,4.099400,4.017000,4.082000,4.037000,4.101000,4.260000
17,71,3,4.285600,4.331000,4.222000,4.222000,4.294000,4.359000
17,72,3,4.169400,4.187000,4.123000,4.210000,4.230000,4.097000
17,73,3,3.911400,3.826000,3.946000,3.893000,3.918000,3.974000
17,74,3,4.194200,4.256000,4.287000,4.069000,4.144000,4.215000
17,75,3,4.405600,4.453000,4.495000,4.267000,4.375000,4.438000
17,76,3,4.095600,4.002000,4.082000,4.143000,4.093000,4.158000
17,77,3,3.792400,3.811000,3.855000,3.754000,3.775000,3.767000
17,78,3,4.141200,4.051000,4.123000,4.127000,4.121000,4.284000
17,79,3,4.060400,4.081000,4.174000,3.939000,4.038000,4.070000
17,80,4,4.278600,4.284000,4.397000,4.254000,4.171000,4.287000
17,81,4,4.302800,4.299000,4.359000,4.236000,4.261000,4.359000
17,82,4,4.317400,4.406000,4.407000,4.344000,4.137000,4.293000
17,83,4,4.181600,4.094000,4.286000,4.175000,4.200000,4.153000
17,84,4,4.036000,4.088000,4.084000,4.014000,3.973000,4.021000
17,85,4,3.979200,3.956000,3.942000,4.003000,3.947000,4.048000
17,86,4,3.855400,3.819000,3.824000,3.810000,3.903000,3.921000
17,87,4,4.268400,4.215000,4.440000,4.141000,4.287000,4.259000
17,88,4,4.128600,4.130000,4.311000,4.161000,4.035000,4.006000
17,89,4,4.050200,4.110000,4.005000,4.074000,3.909000,4.153000
17,90,4,4.140800,3.994000,4.278000,4.122000,4.123000,4.187000
17,91,4,4.307800,4.303000,4.358000,4.261000,4.375000,4.242000
17,92,4,3.952000,3.894000,3.924000,3.923000,3.942000,4.077000
17,93,4,4.175000,4.109000,4.216000,4.145000,4.134000,4.271000
17,94,4,4.300600,4.203000,4.300000,4.296000,4.303000,4.401000
17,95,4,4.285400,4.425000,4.163000,4.119000,4.343000,4.377000
17,96,4,3.936000,3.887000,3.976000,3.921000,3.892000,4.004000
17,97,4,4.365800,4.409000,4.334000,4.388000,4.382000,4.316000
17,98,4,4.391400,4.162000,4.520000,4.386000,4.332000,4.557000
17,99,4,4.185800,4.161000,4.328000,4.113000,4.175000,4.152000
18,0,0,4.397200,4.341000,4.560000,4.301000,4.379000,4.405000
18,1,0,4.221200,4.174000,4.253000,4.145000,4.317000,4.217000
18,2,0,4.189400,4.193000,4.070000,4.196000,4.224000,4.264000
18,3,0,4.239200,4.204000,4.293000,4.219000,4.308000,4.172000
18,4,0,4.189200,4.168000,4.338000,4.150000,4.300000,3.990000
18,5,0,4.352600,4.281000,4.301000,4.291000,4.494000,4.396000
18,6,0,4.221400,4.312000,4.261000,4.117000,4.290000,4.127000
18,7,0,4.033000,4.068000,4.023000,4.048000,4.026000,4.000000
18,8,0,4.300800,4.380000,4.320000,4.217000,4.340000,4.247000
18,9,0,4.576200,4.549000,4.692000,4.463000,4.646000,4.531000
18,10,0,4.219200,4.124000,4.293000,4.189000,4.270000,4.220000
18,11,0,4.302200,4.300000,4.360000,4.270000,4.396000,4.185000
18,12,0,4.223800,4.389000,4.208000,4.043000,4.284000,4.195000
18,13,0,4.492200,4.562000,4.529000,4.507000,4.419000,4.444000
18,14,0,4.389200,4.414000,4.363000,4.261000,4.482000,4.426000
18,15,0,4.203000,4.085000,4.280000,4.212000,4.309000,4.129000
18,16,0,4.345600,4.372000,4.233000,4.353000,4.464000,4.306000
18,17,0,4.189200,4.267000,4.177000,4.065000,4.323000,4.114000
18,18,0,4.331200,4.429000,4.356000,4.182000,4.393000,4.296000
18,19,0,3.996200,4.094000,3.941000,3.851000,4.104000,3.991000
18,20,1,4.344400,4.352000,4.281000,4.355000,4.434000,4.300000
18,21,1,4.450800,4.621000,4.419000,4.352000,4.506000,4.356000
18,22,1,4.080200,4.057000,4.031000,4.104000,4.150000,4.059000
18,23,1,4.138800,4.161000,4.169000,4.162000,4.165000,4.037000
18,24,1,4.059600,4.013000,4.125000,4.116000,4.036000,4.008000
18,25,1,4.159200,4.202000,4.174000,4.093000,4.219000,4.108000
18,26,1,4.231600,4.187000,4.177000,4.311000,4.230000,4.253000
18,27,1,4.271600,4.249000,4.260000,4.353000,4.342000,4.154000
18,28,1,4.188600,4.208000,4.186000,4.043000,4.257000,4.249000
18,29,1,4.352000,4.340000,4.362000,4.247000,4.518000,4.293000
18,30,1,4.365600,4.365000,4.420000,4.352000,4.453000,4.238000
18,31,1,4.253400,4.299000,4.261000,4.147000,4.390000,4.170000
18,32,1,4.321200,4.221000,4.413000,4.213000,4.506000,4.253000
18,33,1,4.289200,4.245000,4.462000,4.266000,4.365000,4.108000
18,34,1,4.257600,4.329000,4.164000,4.306000,4.285000,4.204000
18,35,1,4.367400,4.408000,4.376000,4.273000,4.506000,4.274000
18,36,1,4.374800,4.377000,4.376000,4.324000,4.459000,4.338000
18,37,1,4.644600,4.546000,4.638000,4.567000,4.885000,4.587000
18,38,1,4.276200,4.364000,4.273000,4.309000,4.252000,4.183000
18,39,1,4.126200,4.128000,4.137000,4.087000,4.292000,3.987000
18,40,2,4.299800,4.314000,4.348000,4.224000,4.318000,4.295000
18,41,2,4.325400,4.312000,4.382000,4.283000,4.437000,4.213000
18,42,2,4.411800,4.583000,4.371000,4.438000,4.377000,4.290000
18,43,2,4.303800,4.263000,4.264000,4.372000,4.295000,4.325000
18,44,2,4.297600,4.437000,4.308000,4.247000,4.236000,4.260000
18,45,2,4.202200,4.125000,4.208000,4.205000,4.308000,4.165000
18,46,2,4.633400,4.692000,4.559000,4.621000,4.725000,4.570000
18,47,2,4.223800,4.105000,4.327000,4.217000,4.402000,4.068000
18,48,2,4.566000,4.556000,4.553000,4.508000,4.713000,4.500000
18,49,2,4.351400,4.355000,4.407000,4.383000,4.332000,4.280000
18,50,2,4.343000,4.465000,4.395000,4.337000,4.414000,4.104000
18,51,2,4.357200,4.480000,4.242000,4.400000,4.424000,4.240000
18,52,2,4.330200,4.258000,4.348000,4.374000,4.456000,4.215000
18,53,2,4.421200,4.418000,4.499000,4.344000,4.494000,4.351000
18,54,2,4.412800,4.420000,4.485000,4.399000,4.392000,4.368000
18,55,2,4.340400,4.399000,4.407000,4.227000,4.341000,4.328000
18,56,2,4.484600,4.669000,4.421000,4.531000,4.437000,4.365000
18,57,2,4.252800,4.285000,4.194000,4.258000,4.364000,4.163000
18,58,2,4.177000,4.299000,4.156000,4.159000,4.246000,4.025000
18,59,2,4.544800,4.583000,4.583000,4.489000,4.605000,4.464000
18,60,3,3.962800,3.918000,4.174000,3.939000,3.831000,3.952000
18,61,3,4.120800,4.139000,4.209000,3.987000,4.203000,4.066000
18,62,3,4.152200,4.208000,4.179000,4.130000,4.152000,4.092000
18,63,3,4.088400,4.113000,4.043000,4.143000,4.203000,3.940000
18,64,3,4.432000,4.501000,4.446000,4.387000,4.509000,4.317000
18,65,3,4.310200,4.301000,4.262000,4.330000,4.344000,4.314000
18,66,3,4.223000,4.301000,4.358000,4.132000,4.267000,4.057000
18,67,3,4.404800,4.452000,4.409000,4.381000,4.469000,4.313000
18,68,3,3.989800,4.046000,4.130000,3.940000,3.916000,3.917000
18,69,3,4.316000,4.442000,4.392000,4.275000,4.339000,4.132000
18,70,3,4.279000,4.271000,4.336000,4.295000,4.277000,4.216000
18,71,3,4.031400,4.015000,4.074000,4.047000,4.004000,4.017000
18,72,3,4.272200,4.303000,4.360000,4.247000,4.328000,4.123000
18,73,3,4.289400,4.275000,4.292000,4.355000,4.319000,4.206000
18,74,3,3.892400,3.917000,3.967000,3.789000,3.908000,3.881000
18,75,3,4.176000,4.240000,4.233000,4.224000,4.098000,4.085000
18,76,3,4.169400,4.140000,4.285000,3.989000,4.243000,4.190000
18,77,3,4.223000,4.418000,4.158000,4.167000,4.279000,4.093000
18,78,3,4.177800,4.223000,4.319000,4.010000,4.313000,4.024000
18,79,3,4.335600,4.299000,4.355000,4.320000,4.368000,4.336000
18,80,4,4.263800,4.328000,4.325000,4.177000,4.409000,4.080000
18,81,4,4.229800,4.280000,4.214000,4.016000,4.410000,4.229000
18,82,4,4.375800,4.451000,4.355000,4.307000,4.508000,4.258000
18,83,4,4.276200,4.399000,4.339000,4.197000,4.328000,4.118000
18,84,4,4.261400,4.243000,4.241000,4.186000,4.345000,4.292000
18,85,4,4.526400,4.623000,4.459000,4.596000,4.625000,4.329000
18,86,4,4.406200,4.405000,4.461000,4.445000,4.515000,4.205000
18,87,4,4.333400,4.395000,4.356000,4.210000,4.502000,4.204000
18,88,4,4.171400,4.082000,4.203000,4.222000,4.314000,4.036000
18,89,4,4.276400,4.328000,4.359000,4.108000,4.355000,4.232000
18,90,4,4.053200,4.115000,4.104000,3.967000,4.146000,3.934000
18,91,4,4.277200,4.342000,4.443000,4.149000,4.348000,4.104000
18,92,4,4.390400,4.525000,4.325000,4.316000,4.429000,4.357000
18,93,4,4.383400,4.337000,4.554000,4.262000,4.481000,4.283000
18,94,4,4.211800,4.350000,4.219000,4.212000,4.226000,4.052000
18,95,4,4.197400,4.120000,4.251000,4.182000,4.392000,4.042000
18,96,4,4.275000,4.271000,4.330000,4.271000,4.378000,4.125000
18,97,4,4.030600,4.103000,4.145000,3.938000,4.091000,3.876000
18,98,4,4.383200,4.296000,4.489000,4.307000,4.494000,4.330000
18,99,4,4.316200,4.474000,4.258000,4.325000,4.375000,4.149000
19,0,0,4.058800,4.051000,4.086000,4.017000,4.128000,4.012000
19,1,0,4.238000,4.152000,4.219000,4.264000,4.312000,4.243000
19,2,0,3.760000,3.766000,3.842000,3.737000,3.692000,3.763000
19,3,0,4.087400,3.924000,4.205000,4.120000,4.076000,4.112000
19,4,0,4.357200,4.338000,4.332000,4.419000,4.423000,4.274000
19,5,0,4.679600,4.677000,4.802000,4.726000,4.608000,4.585000
19,6,0,4.218000,4.085000,4.297000,4.256000,4.187000,4.265000
19,7,0,4.160400,4.137000,4.146000,4.131000,4.269000,4.119000
19,8,0,4.101600,4.102000,4.156000,4.030000,4.173000,4.047000
19,9,0,4.416600,4.409000,4.439000,4.371000,4.408000,4.456000
19,10,0,4.406800,4.438000,4.491000,4.360000,4.427000,4.318000
19,11,0,4.224000,4.281000,4.201000,4.210000,4.129000,4.299000
19,12,0,4.391200,4.455000,4.362000,4.468000,4.280000,4.391000
19,13,0,4.158200,4.134000,4.158000,4.168000,4.223000,4.108000
19,14,0,4.442200,4.385000,4.440000,4.428000,4.516000,4.442000
19,15,0,4.270600,4.274000,4.186000,4.323000,4.264000,4.306000
19,16,0,4.216800,4.199000,4.225000,4.263000,4.252000,4.145000
19,17,0,4.400800,4.499000,4.420000,4.370000,4.389000,4.326000
19,18,0,4.131800,4.059000,4.165000,4.115000,4.147000,4.173000
19,19,0,4.233000,4.151000,4.336000,4.259000,4.135000,4.284000
19,20,1,4.205800,4.199000,4.141000,4.265000,4.179000,4.245000
19,21,1,4.197000,4.144000,4.160000,4.236000,4.246000,4.199000
19,22,1,4.098600,4.060000,4.151000,4.091000,4.077000,4.114000
19,23,1,4.303000,4.259000,4.214000,4.305000,4.311000,4.426000
19,24,1,4.292800,4.187000,4.342000,4.276000,4.357000,4.302000
19,25,1,4.207000,4.134000,4.442000,4.115000,4.237000,4.107000
19,26,1,4.404200,4.455000,4.398000,4.418000,4.426000,4.324000
19,27,1,4.190800,4.043000,4.171000,4.131000,4.345000,4.264000
19,28,1,4.388400,4.358000,4.408000,4.288000,4.443000,4.445000
19,29,1,4.590000,4.667000,4.623000,4.451000,4.555000,4.654000
19,30,1,4.638200,4.568000,4.579000,4.739000,4.633000,4.672000
19,31,1,4.263600,4.200000,4.370000,4.211000,4.291000,4.246000
19,32,1,4.149600,4.128000,4.306000,4.204000,4.033000,4.077000
19,33,1,4.236000,4.294000,4.219000,4.268000,4.218000,4.181000
19,34,1,4.271800,4.239000,4.472000,4.027000,4.364000,4.257000
19,35,1,3.958800,3.979000,3.842000,4.047000,3.944000,3.982000
19,36,1,4.140200,4.112000,4.101000,4.160000,4.202000,4.126000
19,37,1,4.138400,4.124000,4.230000,4.041000,4.146000,4.151000
19,38,1,4.181600,4.146000,4.185000,4.147000,4.199000,4.231000
19,39,1,4.142600,4.095000,4.210000,4.180000,4.024000,4.204000
19,40,2,4.249000,4.254000,4.318000,4.238000,4.217000,4.218000
19,41,2,4.255000,4.242000,4.265000,4.243000,4.294000,4.231000
19,42,2,4.787400,4.730000,4.830000,4.816000,4.871000,4.690000
19,43,2,4.425600,4.438000,4.375000,4.434000,4.422000,4.459000
19,44,2,4.147200,4.249000,4.044000,4.149000,4.183000,4.111000
19,45,2,4.259800,4.208000,4.335000,4.283000,4.209000,4.264000
19,46,2,4.275600,4.206000,4.276000,4.383000,4.298000,4.215000
19,47,2,4.358000,4.384000,4.379000,4.292000,4.387000,4.348000
19,48,2,4.528600,4.514000,4.612000,4.544000,4.608000,4.365000
19,49,2,4.591000,4.578000,4.561000,4.599000,4.623000,4.594000
19,50,2,4.423000,4.450000,4.511000,4.380000,4.445000,4.329000
19,51,2,4.106200,4.037000,4.161000,3.998000,4.156000,4.179000
19,52,2,4.234600,4.260000,4.149000,4.366000,4.256000,4.142000
19,53,2,4.343800,4.386000,4.364000,4.370000,4.313000,4.286000
19,54,2,4.334200,4.288000,4.267000,4.404000,4.378000,4.334000
19,55,2,4.318800,4.385000,4.325000,4.297000,4.324000,4.263000
19,56,2,4.581200,4.568000,4.693000,4.658000,4.403000,4.584000
19,57,2,4.582000,4.591000,4.545000,4.579000,4.606000,4.589000
19,58,2,4.559600,4.539000,4.613000,4.673000,4.603000,4.370000
19,59,2,4.327000,4.414000,4.285000,4.363000,4.249000,4.324000
19,60,3,4.514600,4.467000,4.501000,4.495000,4.651000,4.459000
19,61,3,4.234600,4.290000,4.325000,4.062000,4.273000,4.223000
19,62,3,4.123400,4.112000,4.115000,4.109000,4.146000,4.135000
19,63,3,4.184200,4.135000,4.197000,4.182000,4.175000,4.232000
19,64,3,4.206400,4.202000,4.223000,4.105000,4.344000,4.158000
19,65,3,4.237200,4.376000,4.278000,4.200000,4.166000,4.166000
19,66,3,4.251600,4.100000,4.232000,4.235000,4.330000,4.361000
19,67,3,4.248800,4.290000,4.346000,4.273000,4.232000,4.103000
19,68,3,4.243200,4.234000,4.304000,4.213000,4.215000,4.250000
19,69,3,4.046800,3.953000,4.083000,4.144000,4.023000,4.031000
19,70,3,4.362400,4.412000,4.229000,4.386000,4.421000,4.364000
19,71,3,4.286600,4.206000,4.264000,4.369000,4.286000,4.308000
19,72,3,4.223600,4.174000,4.163000,4.320000,4.142000,4.319000
19,73,3,4.086400,3.968000,4.134000,4.141000,4.187000,4.002000
19,74,3,4.077800,4.006000,4.118000,4.140000,4.028000,4.097000
19,75,3,4.254800,4.238000,4.282000,4.332000,4.215000,4.207000
19,76,3,4.223600,4.106000,4.218000,4.304000,4.264000,4.226000
19,77,3,3.941600,3.980000,3.939000,3.842000,3.956000,3.991000
19,78,3,4.409400,4.419000,4.424000,4.507000,4.288000,4.409000
19,79,3,4.366400,4.315000,4.461000,4.334000,4.368000,4.354000
19,80,4,4.107800,3.929000,4.055000,4.190000,4.243000,4.122000
19,81,4,4.416800,4.514000,4.447000,4.403000,4.394000,4.326000
19,82,4,4.231000,4.171000,4.145000,4.306000,4.413000,4.120000
19,83,4,4.333200,4.271000,4.285000,4.497000,4.278000,4.335000
19,84,4,4.056800,3.968000,4.002000,4.119000,4.051000,4.144000
19,85,4,4.419200,4.403000,4.462000,4.431000,4.300000,4.500000
19,86,4,4.208400,4.276000,4.134000,4.318000,4.186000,4.128000
19,87,4,4.271000,4.194000,4.193000,4.239000,4.465000,4.264000
19,88,4,4.238000,4.200000,4.305000,4.271000,4.272000,4.142000
19,89,4,4.066200,4.041000,4.068000,3.970000,4.168000,4.084000
19,90,4,4.422000,4.372000,4.385000,4.454000,4.471000,4.428000
19,91,4,4.161200,4.078000,4.159000,4.180000,4.384000,4.005000
19,92,4,4.174200,4.095000,4.242000,4.282000,4.101000,4.151000
19,93,4,4.197400,4.100000,4.159000,4.193000,4.349000,4.186000
19,94,4,4.427800,4.435000,4.380000,4.437000,4.397000,4.490000
19,95,4,4.341000,4.307000,4.296000,4.305000,4.375000,4.422000
19,96,4,4.239600,4.297000,4.254000,4.277000,4.327000,4.043000
19,97,4,4.248800,4.254000,4.141000,4.297000,4.351000,4.201000
19,98,4,4.350600,4.338000,4.356000,4.387000,4.395000,4.277000
19,99,4,4.189800,4.126000,4.156000,4.163000,4.276000,4.228000
20,0,0,4.084000,4.148000,3.939000,3.919000,4.259000,4.155000
20,1,0,4.300400,4.343000,4.252000,4.305000,4.282000,4.320000
20,2,0,4.878800,4.953000,4.936000,4.841000,4.855000,4.809000
20,3,0,4.190600,4.367000,4.248000,3.966000,4.166000,4.206000
20,4,0,4.168200,4.325000,4.129000,3.995000,4.229000,4.163000
20,5,0,4.475200,4.666000,4.408000,4.447000,4.423000,4.432000
20,6,0,4.204200,4.248000,4.215000,4.069000,4.326000,4.163000
20,7,0,4.236200,4.317000,4.283000,4.082000,4.262000,4.237000
20,8,0,4.354600,4.431000,4.431000,4.093000,4.484000,4.334000
20,9,0,4.260800,4.261000,4.293000,4.194000,4.276000,4.280000
20,10,0,4.207600,4.212000,4.206000,4.049000,4.291000,4.280000
20,11,0,4.677400,4.783000,4.714000,4.633000,4.628000,4.629000
20,12,0,4.177400,4.284000,4.042000,4.122000,4.274000,4.165000
20,13,0,4.664000,4.823000,4.625000,4.594000,4.558000,4.720000
20,14,0,4.340200,4.428000,4.343000,4.205000,4.383000,4.342000
20,15,0,4.401200,4.532000,4.321000,4.295000,4.486000,4.372000
20,16,0,4.316400,4.557000,4.193000,4.206000,4.365000,4.261000
20,17,0,4.283600,4.327000,4.226000,4.206000,4.313000,4.346000
20,18,0,4.206600,4.355000,4.123000,4.073000,4.236000,4.246000
20,19,0,4.589000,4.706000,4.462000,4.508000,4.627000,4.642000
20,20,1,4.176200,4.358000,4.179000,3.935000,4.301000,4.108000
20,21,1,4.219600,4.347000,4.251000,4.090000,4.209000,4.201000
20,22,1,4.401600,4.576000,4.289000,4.282000,4.440000,4.421000
20,23,1,4.455000,4.455000,4.360000,4.475000,4.452000,4.533000
20,24,1,4.577600,4.812000,4.395000,4.415000,4.693000,4.573000
20,25,1,4.135200,4.157000,4.151000,4.006000,4.128000,4.234000
20,26,1,4.310000,4.437000,4.217000,4.126000,4.381000,4.389000
20,27,1,4.536000,4.764000,4.535000,4.297000,4.507000,4.577000
20,28,1,4.311400,4.414000,4.226000,4.266000,4.428000,4.223000
20,29,1,4.081400,4.301000,3.995000,3.862000,4.067000,4.182000
20,30,1,4.646800,4.791000,4.676000,4.486000,4.608000,4.673000
20,31,1,4.262000,4.423000,4.353000,3.989000,4.209000,4.336000
20,32,1,4.118600,4.235000,4.079000,4.029000,4.091000,4.159000
20,33,1,4.401200,4.538000,4.361000,4.377000,4.419000,4.311000
20,34,1,4.067800,4.189000,4.102000,3.840000,4.086000,4.122000
20,35,1,4.208400,4.215000,4.270000,4.044000,4.188000,4.325000
20,36,1,4.523200,4.689000,4.458000,4.408000,4.592000,4.469000
20,37,1,4.253800,4.257000,4.239000,4.059000,4.349000,4.365000
20,38,1,4.587600,4.818000,4.536000,4.488000,4.529000,4.567000
20,39,1,4.486800,4.659000,4.525000,4.275000,4.393000,4.582000
20,40,2,4.559600,4.749000,4.530000,4.439000,4.447000,4.633000
20,41,2,4.605800,4.638000,4.607000,4.439000,4.653000,4.692000
20,42,2,4.285200,4.382000,4.303000,4.017000,4.322000,4.402000
20,43,2,4.534000,4.608000,4.458000,4.446000,4.520000,4.638000
20,44,2,4.692000,4.856000,4.639000,4.498000,4.694000,4.773000
20,45,2,4.566800,4.631000,4.552000,4.383000,4.541000,4.727000
20,46,2,4.389200,4.605000,4.433000,4.251000,4.282000,4.375000
20,47,2,4.453000,4.488000,4.513000,4.293000,4.491000,4.480000
20,48,2,4.673000,4.759000,4.790000,4.608000,4.695000,4.513000
20,49,2,4.597800,4.764000,4.638000,4.502000,4.552000,4.533000
20,50,2,4.614000,4.665000,4.665000,4.556000,4.699000,4.485000
20,51,2,4.638200,4.618000,4.586000,4.504000,4.722000,4.761000
20,52,2,4.635800,4.772000,4.695000,4.559000,4.560000,4.593000
20,53,2,4.707600,4.836000,4.714000,4.615000,4.559000,4.814000
20,54,2,4.812200,5.024000,4.895000,4.692000,4.689000,4.761000
20,55,2,4.394800,4.482000,4.390000,4.207000,4.348000,4.547000
20,56,2,4.565600,4.727000,4.492000,4.409000,4.592000,4.608000
20,57,2,4.343600,4.372000,4.328000,4.298000,4.325000,4.395000
20,58,2,4.679400,4.829000,4.765000,4.527000,4.585000,4.691000
20,59,2,4.692000,4.910000,4.537000,4.664000,4.699000,4.650000
20,60,3,4.277800,4.391000,4.279000,4.184000,4.339000,4.196000
20,61,3,4.187400,4.305000,4.107000,4.106000,4.151000,4.268000
20,62,3,4.337600,4.388000,4.257000,4.125000,4.463000,4.455000
20,63,3,4.743200,4.830000,4.735000,4.621000,4.809000,4.721000
20,64,3,3.952800,3.948000,3.955000,3.794000,3.983000,4.084000
20,65,3,4.391800,4.560000,4.267000,4.275000,4.452000,4.405000
20,66,3,4.161400,4.312000,4.300000,3.963000,3.994000,4.238000
20,67,3,4.315200,4.267000,4.282000,4.220000,4.423000,4.384000
20,68,3,4.245000,4.316000,4.154000,4.101000,4.343000,4.311000
20,69,3,4.360800,4.501000,4.340000,4.155000,4.415000,4.393000
20,70,3,4.381600,4.449000,4.355000,4.390000,4.355000,4.359000
20,71,3,4.210800,4.452000,4.223000,4.005000,4.194000,4.180000
20,72,3,4.406600,4.562000,4.375000,4.274000,4.464000,4.358000
20,73,3,4.243200,4.395000,4.143000,4.029000,4.307000,4.342000
20,74,3,4.269800,4.429000,4.212000,4.151000,4.313000,4.244000
20,75,3,4.206000,4.340000,4.175000,4.043000,4.196000,4.276000
20,76,3,4.125800,4.168000,4.108000,3.948000,4.130000,4.275000
20,77,3,4.497600,4.571000,4.518000,4.381000,4.546000,4.472000
20,78,3,4.355400,4.494000,4.297000,4.195000,4.410000,4.381000
20,79,3,4.167800,4.301000,4.059000,4.027000,4.197000,4.255000
20,80,4,4.343400,4.420000,4.446000,4.125000,4.399000,4.327000
20,81,4,4.251600,4.369000,4.252000,4.017000,4.239000,4.381000
20,82,4,4.296600,4.391000,4.191000,4.194000,4.373000,4.334000
20,83,4,4.572800,4.608000,4.637000,4.400000,4.659000,4.560000
20,84,4,4.577600,4.675000,4.581000,4.425000,4.652000,4.555000
20,85,4,4.174800,4.286000,4.191000,3.949000,4.124000,4.324000
20,86,4,4.453600,4.567000,4.513000,4.246000,4.489000,4.453000
20,87,4,4.414800,4.475000,4.404000,4.210000,4.496000,4.489000
20,88,4,4.646200,4.671000,4.538000,4.660000,4.683000,4.679000
20,89,4,4.208400,4.336000,4.222000,4.094000,4.121000,4.269000
20,90,4,4.633600,4.723000,4.629000,4.518000,4.712000,4.586000
20,91,4,4.307000,4.453000,4.170000,4.135000,4.462000,4.315000
20,92,4,4.378200,4.405000,4.397000,4.237000,4.395000,4.457000
20,93,4,4.558200,4.750000,4.560000,4.305000,4.555000,4.621000
20,94,4,4.384000,4.456000,4.480000,4.129000,4.488000,4.367000
20,95,4,4.306200,4.364000,4.209000,4.231000,4.429000,4.298000
20,96,4,4.404400,4.406000,4.511000,4.250000,4.389000,4.466000
20,97,4,4.156600,4.169000,4.177000,3.861000,4.291000,4.285000
20,98,4,4.340800,4.528000,4.379000,4.144000,4.373000,4.280000
20,99,4,4.162400,4.281000,4.131000,3.962000,4.204000,4.234000
21,0,2,4.348400,4.425000,4.520000,4.201000,4.337000,4.259000
21,1,2,4.786800,4.825000,4.906000,4.768000,4.735000,4.700000
21,2,2,4.315800,4.326000,4.470000,4.294000,4.189000,4.300000
21,3,2,4.699800,4.871000,4.799000,4.567000,4.563000,4.699000
21,4,2,4.540200,4.661000,4.622000,4.570000,4.456000,4.392000
21,5,2,4.248000,4.327000,4.318000,4.156000,4.155000,4.284000
21,6,2,4.635200,4.786000,4.724000,4.595000,4.567000,4.504000
21,7,2,4.747600,4.821000,4.846000,4.709000,4.691000,4.671000
21,8,2,4.561200,4.739000,4.539000,4.506000,4.463000,4.559000
21,9,2,4.672200,4.786000,4.795000,4.540000,4.618000,4.622000
21,10,2,4.718400,4.764000,4.799000,4.677000,4.694000,4.658000
21,11,2,4.725000,4.829000,4.889000,4.643000,4.578000,4.686000
21,12,2,4.341800,4.525000,4.313000,4.277000,4.267000,4.327000
21,13,2,4.189200,4.335000,4.322000,4.210000,4.041000,4.038000
21,14,2,4.749000,4.857000,4.820000,4.596000,4.736000,4.736000
21,15,2,4.346000,4.435000,4.462000,4.333000,4.254000,4.246000
21,16,2,4.611200,4.702000,4.774000,4.580000,4.512000,4.488000
21,17,2,4.316000,4.357000,4.469000,4.273000,4.213000,4.268000
21,18,2,4.805000,4.990000,4.919000,4.716000,4.721000,4.679000
21,19,2,4.291800,4.402000,4.388000,4.184000,4.170000,4.315000
22,0,2,4.494000,4.619000,4.526000,4.386000,4.485000,4.454000
22,1,2,4.779000,4.914000,4.770000,4.703000,4.810000,4.698000
22,2,2,4.728600,4.805000,4.767000,4.719000,4.753000,4.599000
22,3,2,4.760400,4.838000,4.860000,4.738000,4.772000,4.594000
22,4,2,4.685000,4.648000,4.698000,4.738000,4.712000,4.629000
22,5,2,4.526400,4.646000,4.701000,4.530000,4.399000,4.356000
22,6,2,4.706400,4.777000,4.792000,4.728000,4.625000,4.610000
22,7,2,4.411000,4.543000,4.439000,4.496000,4.374000,4.203000
22,8,2,4.538400,4.646000,4.661000,4.481000,4.486000,4.418000
22,9,2,4.473200,4.548000,4.452000,4.397000,4.507000,4.462000
22,10,2,4.652800,4.734000,4.733000,4.691000,4.622000,4.484000
22,11,2,4.378000,4.343000,4.368000,4.526000,4.337000,4.316000
22,12,2,4.566400,4.685000,4.646000,4.545000,4.436000,4.520000
22,13,1,4.382000,4.410000,4.415000,4.437000,4.403000,4.245000
22,14,2,4.396400,4.517000,4.532000,4.325000,4.334000,4.274000
22,15,2,4.614000,4.765000,4.607000,4.591000,4.630000,4.477000
22,16,2,4.730800,4.814000,4.775000,4.640000,4.725000,4.700000
22,17,2,4.608400,4.685000,4.758000,4.509000,4.617000,4.473000
22,18,1,4.442600,4.553000,4.383000,4.427000,4.410000,4.440000
22,19,1,4.572400,4.615000,4.636000,4.686000,4.522000,4.403000
23,0,2,4.372600,4.372000,4.417000,4.399000,4.445000,4.230000
23,1,2,5.007000,5.087000,4.927000,5.007000,5.133000,4.881000
23,2,2,4.573000,4.669000,4.519000,4.560000,4.688000,4.429000
23,3,2,4.786400,4.804000,4.644000,5.016000,4.880000,4.588000
23,4,2,4.813800,4.799000,4.824000,4.863000,4.976000,4.607000
23,5,2,4.370000,4.475000,4.382000,4.404000,4.428000,4.161000
23,6,2,4.385800,4.313000,4.460000,4.463000,4.564000,4.129000
23,7,2,4.720600,4.793000,4.655000,4.831000,4.834000,4.490000
23,8,2,4.894800,4.963000,4.804000,4.948000,4.995000,4.764000
23,9,2,4.474000,4.555000,4.431000,4.612000,4.549000,4.223000
23,10,2,4.578400,4.615000,4.453000,4.678000,4.610000,4.536000
23,11,2,4.822600,4.890000,4.746000,4.748000,4.997000,4.732000
23,12,2,4.480800,4.531000,4.375000,4.508000,4.669000,4.321000
23,13,2,4.611200,4.633000,4.659000,4.706000,4.570000,4.488000
23,14,2,4.645400,4.663000,4.572000,4.693000,4.758000,4.541000
23,15,2,4.582000,4.562000,4.578000,4.710000,4.664000,4.396000
23,16,2,4.498400,4.573000,4.395000,4.613000,4.634000,4.277000
23,17,2,4.578400,4.662000,4.600000,4.600000,4.651000,4.379000
23,18,2,4.788400,4.770000,4.641000,4.967000,4.974000,4.590000
23,19,2,4.488400,4.520000,4.478000,4.516000,4.576000,4.352000
24,0,2,4.820000,4.875000,4.851000,4.828000,4.687000,4.859000
24,1,2,4.510800,4.559000,4.534000,4.526000,4.458000,4.477000
24,2,2,4.948600,4.956000,4.899000,4.997000,4.898000,4.993000
24,3,2,4.463800,4.436000,4.509000,4.381000,4.583000,4.410000
24,4,2,4.633200,4.645000,4.594000,4.630000,4.615000,4.682000
24,5,2,4.774600,4.884000,4.646000,4.762000,4.754000,4.827000
24,6,2,4.438600,4.529000,4.402000,4.443000,4.379000,4.440000
24,7,2,4.971400,5.136000,4.802000,4.978000,4.900000,5.041000
24,8,2,4.556600,4.676000,4.492000,4.553000,4.466000,4.596000
24,9,2,4.650400,4.692000,4.597000,4.508000,4.692000,4.763000
24,10,2,4.825000,4.832000,4.848000,4.788000,4.874000,4.783000
24,11,2,4.551200,4.521000,4.565000,4.533000,4.583000,4.554000
24,12,2,4.637800,4.631000,4.646000,4.645000,4.569000,4.698000
24,13,2,4.593600,4.735000,4.567000,4.460000,4.541000,4.665000
24,14,2,4.665000,4.830000,4.571000,4.750000,4.548000,4.626000
24,15,2,4.774000,4.878000,4.706000,4.743000,4.785000,4.758000
24,16,2,4.648600,4.770000,4.596000,4.630000,4.526000,4.721000
24,17,2,4.709600,4.748000,4.699000,4.684000,4.722000,4.695000
24,18,2,4.711200,4.701000,4.617000,4.600000,4.824000,4.814000
24,19,2,4.576000,4.673000,4.549000,4.550000,4.559000,4.549000
25,0,2,4.530200,4.547000,4.542000,4.588000,4.449000,4.525000
25,1,2,4.797000,4.820000,4.765000,4.874000,4.757000,4.769000
25,2,2,4.470200,4.529000,4.410000,4.405000,4.468000,4.539000
25,3,2,4.656000,4.651000,4.724000,4.586000,4.659000,4.660000
25,4,2,4.845800,4.883000,4.836000,4.856000,4.708000,4.946000
25,5,2,4.626600,4.860000,4.663000,4.561000,4.544000,4.505000
25,6,2,4.660800,4.786000,4.541000,4.762000,4.483000,4.732000
25,7,2,4.822600,4.948000,4.897000,4.813000,4.686000,4.769000
25,8,2,4.642600,4.704000,4.637000,4.684000,4.636000,4.552000
25,9,2,4.807200,4.738000,4.779000,4.914000,4.753000,4.852000
25,10,2,4.799400,4.812000,4.919000,4.792000,4.762000,4.712000
25,11,2,4.658400,4.628000,4.696000,4.578000,4.544000,4.846000
25,12,2,4.731000,4.664000,4.734000,4.729000,4.766000,4.762000
25,13,2,4.577000,4.648000,4.581000,4.588000,4.504000,4.564000
25,14,2,4.388600,4.425000,4.295000,4.529000,4.351000,4.343000
25,15,2,4.469800,4.460000,4.412000,4.523000,4.384000,4.570000
25,16,2,4.719800,4.823000,4.794000,4.634000,4.613000,4.735000
25,17,2,4.404000,4.421000,4.446000,4.309000,4.416000,4.428000
25,18,2,4.642000,4.758000,4.519000,4.765000,4.530000,4.638000
25,19,2,4.299000,4.242000,4.397000,4.311000,4.278000,4.267000
26,0,2,4.877000,4.956000,4.857000,4.759000,4.931000,4.882000
26,1,2,4.583400,4.588000,4.675000,4.544000,4.571000,4.539000
26,2,2,4.770000,4.750000,4.791000,4.735000,4.800000,4.774000
26,3,2,4.759200,4.924000,4.698000,4.770000,4.688000,4.716000
26,4,2,4.922800,5.003000,4.943000,4.897000,4.974000,4.797000
26,5,2,4.534000,4.596000,4.440000,4.623000,4.611000,4.400000
26,6,2,4.816200,4.917000,4.799000,4.900000,4.845000,4.620000
26,7,2,4.684800,4.692000,4.703000,4.914000,4.552000,4.563000
26,8,2,4.984800,5.057000,4.940000,4.912000,5.063000,4.952000
26,9,2,4.647600,4.714000,4.672000,4.749000,4.598000,4.505000
26,10,2,4.623200,4.681000,4.674000,4.641000,4.505000,4.615000
26,11,2,4.868200,4.900000,4.802000,4.967000,4.824000,4.848000
26,12,2,4.562400,4.617000,4.680000,4.507000,4.489000,4.519000
26,13,2,4.617800,4.658000,4.793000,4.626000,4.571000,4.441000
26,14,2,4.538400,4.479000,4.605000,4.634000,4.448000,4.526000
26,15,2,4.821000,4.892000,4.750000,4.829000,4.819000,4.815000
26,16,2,4.623200,4.681000,4.635000,4.729000,4.619000,4.452000
26,17,2,4.671600,4.741000,4.732000,4.648000,4.689000,4.548000
26,18,2,4.735400,4.748000,4.670000,4.928000,4.778000,4.553000
26,19,2,4.675400,4.781000,4.702000,4.697000,4.590000,4.607000
27,0,2,4.717800,4.808000,4.630000,4.658000,4.745000,4.748000
27,1,2,4.611000,4.664000,4.609000,4.553000,4.587000,4.642000
27,2,2,4.729200,4.863000,4.635000,4.581000,4.758000,4.809000
27,3,2,4.556200,4.599000,4.494000,4.565000,4.630000,4.493000
27,4,2,4.892000,4.904000,4.892000,4.859000,4.854000,4.951000
27,5,2,4.826600,4.874000,4.763000,4.896000,4.765000,4.835000
27,6,2,4.617200,4.645000,4.586000,4.613000,4.625000,4.617000
27,7,2,4.775000,4.790000,4.728000,4.820000,4.755000,4.782000
27,8,2,4.583800,4.596000,4.417000,4.574000,4.693000,4.639000
27,9,2,4.579400,4.603000,4.615000,4.543000,4.613000,4.523000
27,10,2,4.978800,4.904000,4.884000,5.018000,5.102000,4.986000
27,11,2,4.657000,4.590000,4.596000,4.782000,4.548000,4.769000
27,12,2,4.909600,4.863000,4.885000,4.989000,4.858000,4.953000
27,13,2,4.632600,4.740000,4.616000,4.620000,4.570000,4.617000
27,14,2,4.581400,4.510000,4.584000,4.686000,4.516000,4.611000
27,15,2,4.584400,4.507000,4.636000,4.625000,4.574000,4.580000
27,16,2,4.840400,4.919000,4.681000,4.837000,4.794000,4.971000
27,17,2,4.693000,4.818000,4.606000,4.637000,4.649000,4.755000
27,18,2,4.857200,4.898000,4.721000,4.867000,4.906000,4.894000
27,19,2,4.723600,4.773000,4.714000,4.761000,4.661000,4.709000
28,0,2,4.796000,4.826000,4.793000,4.755000,4.817000,4.789000
28,1,2,4.706000,4.556000,4.720000,4.862000,4.654000,4.738000
28,2,2,4.897600,4.741000,4.871000,4.911000,4.954000,5.011000
28,3,2,4.947600,4.943000,4.961000,4.942000,4.903000,4.989000
28,4,2,4.702400,4.671000,4.685000,4.751000,4.772000,4.633000
28,5,2,4.692200,4.587000,4.702000,4.768000,4.713000,4.691000
28,6,2,4.901600,4.880000,4.856000,4.921000,4.907000,4.944000
28,7,2,4.643800,4.592000,4.681000,4.663000,4.727000,4.556000
28,8,2,4.882200,4.716000,4.893000,4.840000,5.023000,4.939000
28,9,2,4.985400,4.971000,5.038000,4.960000,5.049000,4.909000
28,10,2,4.674200,4.711000,4.546000,4.646000,4.774000,4.694000
28,11,2,4.718400,4.643000,4.840000,4.731000,4.687000,4.691000
28,12,2,4.482200,4.354000,4.617000,4.415000,4.548000,4.477000
28,13,2,4.680200,4.612000,4.769000,4.696000,4.699000,4.625000
28,14,2,4.984600,4.805000,4.986000,5.032000,5.128000,4.972000
28,15,2,4.272800,4.243000,4.257000,4.248000,4.337000,4.279000
28,16,2,4.663200,4.536000,4.723000,4.649000,4.678000,4.730000
28,17,2,4.820800,4.742000,4.795000,4.814000,4.897000,4.856000
28,18,2,4.589600,4.452000,4.533000,4.718000,4.629000,4.616000
28,19,2,4.860200,4.738000,4.861000,4.945000,4.933000,4.824000
29,0,2,4.713000,4.856000,4.626000,4.786000,4.740000,4.557000
29,1,2,4.779200,4.811000,4.812000,4.956000,4.732000,4.585000
29,2,2,4.868400,4.826000,4.833000,5.049000,4.760000,4.874000
29,3,2,5.055800,5.171000,5.093000,5.151000,4.980000,4.884000
29,4,2,4.591000,4.710000,4.485000,4.692000,4.552000,4.516000
29,5,2,5.192000,5.183000,5.197000,5.218000,5.280000,5.082000
29,6,2,4.826800,4.848000,4.806000,4.911000,4.725000,4.844000
29,7,2,4.540000,4.625000,4.417000,4.755000,4.389000,4.514000
29,8,2,4.623000,4.643000,4.689000,4.776000,4.588000,4.419000
29,9,2,4.674200,4.686000,4.719000,4.798000,4.599000,4.569000
29,10,2,4.695600,4.610000,4.814000,4.807000,4.595000,4.652000
29,11,2,4.802400,4.868000,4.813000,4.926000,4.691000,4.714000
29,12,2,4.775800,4.824000,4.766000,4.850000,4.742000,4.697000
29,13,2,4.763400,4.817000,4.745000,4.934000,4.628000,4.693000
29,14,2,4.648400,4.819000,4.563000,4.681000,4.526000,4.653000
29,15,2,4.625000,4.733000,4.632000,4.786000,4.499000,4.475000
29,16,2,4.456200,4.539000,4.524000,4.454000,4.314000,4.450000
29,17,2,4.410400,4.347000,4.440000,4.431000,4.422000,4.412000
29,18,2,4.864400,4.828000,4.783000,4.942000,5.004000,4.765000
29,19,2,4.907200,4.944000,4.903000,5.020000,4.908000,4.761000
30,0,0,4.334200,4.290000,4.328000,4.425000,4.262000,4.366000
30,1,0,4.321600,4.358000,4.234000,4.286000,4.435000,4.295000
30,2,0,4.386600,4.277000,4.382000,4.459000,4.423000,4.392000
30,3,0,4.348800,4.360000,4.409000,4.305000,4.367000,4.303000
30,4,0,4.407400,4.245000,4.492000,4.393000,4.501000,4.406000
30,5,0,4.455400,4.493000,4.452000,4.419000,4.477000,4.436000
30,6,0,4.634000,4.588000,4.727000,4.535000,4.748000,4.572000
30,7,0,4.187000,4.121000,4.186000,4.096000,4.314000,4.218000
30,8,0,4.212400,4.144000,4.226000,4.182000,4.378000,4.132000
30,9,0,4.489000,4.487000,4.514000,4.380000,4.580000,4.484000
30,10,0,4.553000,4.550000,4.571000,4.521000,4.598000,4.525000
30,11,0,4.206200,4.190000,4.155000,4.178000,4.290000,4.218000
30,12,0,4.140600,4.184000,4.073000,4.085000,4.224000,4.137000
30,13,0,4.507000,4.519000,4.479000,4.361000,4.576000,4.600000
30,14,0,4.116200,4.074000,4.184000,4.018000,4.236000,4.069000
30,15,0,4.275000,4.188000,4.252000,4.274000,4.455000,4.206000
30,16,0,4.497600,4.435000,4.454000,4.543000,4.582000,4.474000
30,17,0,4.244600,4.300000,4.192000,4.241000,4.250000,4.240000
30,18,0,4.505400,4.598000,4.479000,4.534000,4.426000,4.490000
30,19,0,4.482800,4.549000,4.481000,4.424000,4.625000,4.335000
30,20,1,4.201600,4.177000,4.255000,4.074000,4.300000,4.202000
30,21,1,4.636400,4.671000,4.578000,4.615000,4.747000,4.571000
30,22,1,4.375800,4.321000,4.379000,4.340000,4.412000,4.427000
30,23,1,4.375600,4.371000,4.474000,4.252000,4.445000,4.336000
30,24,1,4.152600,4.116000,4.214000,4.098000,4.288000,4.047000
30,25,1,4.446000,4.426000,4.477000,4.412000,4.462000,4.453000
30,26,1,4.418000,4.337000,4.471000,4.333000,4.489000,4.460000
30,27,1,4.260600,4.294000,4.351000,4.201000,4.270000,4.187000
30,28,1,4.509400,4.467000,4.445000,4.533000,4.521000,4.581000
30,29,1,4.443800,4.470000,4.502000,4.357000,4.472000,4.418000
30,30,1,4.340600,4.356000,4.314000,4.250000,4.387000,4.396000
30,31,1,4.423400,4.376000,4.455000,4.242000,4.624000,4.420000
30,32,1,4.282800,4.285000,4.249000,4.266000,4.377000,4.237000
30,33,1,4.336600,4.306000,4.230000,4.420000,4.475000,4.252000
30,34,1,4.406800,4.358000,4.432000,4.361000,4.527000,4.356000
30,35,1,4.263200,4.165000,4.273000,4.266000,4.310000,4.302000
30,36,1,4.270400,4.100000,4.429000,4.287000,4.291000,4.245000
30,37,1,4.244800,4.257000,4.239000,4.252000,4.219000,4.257000
30,38,1,4.417200,4.391000,4.433000,4.335000,4.514000,4.413000
30,39,1,4.237000,4.210000,4.302000,4.159000,4.255000,4.259000
30,40,2,5.007200,4.952000,4.896000,5.006000,5.055000,5.127000
30,41,2,4.703800,4.551000,4.637000,4.824000,4.874000,4.633000
30,42,2,4.512200,4.499000,4.676000,4.457000,4.573000,4.356000
30,43,2,4.922800,4.832000,4.748000,4.941000,5.114000,4.979000
30,44,2,4.946600,4.738000,4.991000,4.931000,5.066000,5.007000
30,45,2,5.013600,4.962000,4.856000,5.041000,5.147000,5.062000
30,46,2,5.032200,5.089000,4.864000,4.969000,5.131000,5.108000
30,47,2,4.859000,4.844000,4.870000,4.718000,4.945000,4.918000
30,48,2,4.810200,4.731000,4.763000,4.678000,5.060000,4.819000
30,49,2,4.920400,4.965000,4.827000,4.987000,5.112000,4.711000
30,50,2,4.944400,4.794000,4.968000,5.006000,5.014000,4.940000
30,51,2,4.950400,4.896000,4.934000,4.793000,5.086000,5.043000
30,52,2,4.884800,4.774000,4.746000,4.813000,5.139000,4.952000
30,53,2,4.880400,4.730000,4.802000,4.901000,5.064000,4.905000
30,54,2,4.987000,4.962000,4.916000,4.936000,5.175000,4.946000
30,55,2,4.925000,4.975000,4.906000,4.898000,4.985000,4.861000
30,56,2,4.728400,4.741000,4.678000,4.667000,4.878000,4.678000
30,57,2,4.948600,4.924000,4.881000,4.927000,5.056000,4.955000
30,58,2,4.895400,4.878000,4.734000,4.914000,5.098000,4.853000
30,59,2,4.824000,4.846000,4.658000,4.771000,4.991000,4.854000
30,60,3,4.201400,4.203000,4.213000,4.156000,4.279000,4.156000
30,61,3,4.220600,4.086000,4.254000,4.344000,4.172000,4.247000
30,62,3,4.374000,4.424000,4.375000,4.290000,4.359000,4.422000
30,63,3,4.102600,4.078000,4.030000,4.120000,4.205000,4.080000
30,64,3,4.189800,4.172000,4.278000,4.145000,4.199000,4.155000
30,65,3,4.277200,4.130000,4.359000,4.257000,4.343000,4.297000
30,66,3,4.341400,4.307000,4.405000,4.394000,4.266000,4.335000
30,67,3,4.163000,4.130000,4.198000,4.179000,4.162000,4.146000
30,68,3,4.267000,4.197000,4.406000,4.343000,4.090000,4.299000
30,69,3,4.305400,4.157000,4.331000,4.356000,4.325000,4.358000
30,70,3,4.305800,4.182000,4.340000,4.245000,4.348000,4.414000
30,71,3,4.177400,4.132000,4.180000,4.221000,4.188000,4.166000
30,72,3,4.265200,4.259000,4.362000,4.262000,4.313000,4.130000
30,73,3,4.269600,4.316000,4.385000,4.133000,4.228000,4.286000
30,74,3,4.307800,4.225000,4.423000,4.330000,4.250000,4.311000
30,75,3,4.129400,4.125000,4.142000,4.159000,4.108000,4.113000
30,76,3,4.058600,3.990000,4.033000,4.053000,4.120000,4.097000
30,77,3,4.210800,4.155000,4.318000,4.182000,4.179000,4.220000
30,78,3,4.272800,4.240000,4.287000,4.168000,4.336000,4.333000
30,79,3,4.192600,4.154000,4.355000,4.112000,4.170000,4.172000
30,80,4,4.599000,4.520000,4.506000,4.543000,4.731000,4.695000
30,81,4,4.555000,4.526000,4.529000,4.512000,4.711000,4.497000
30,82,4,4.298800,4.274000,4.349000,4.243000,4.367000,4.261000
30,83,4,4.651000,4.767000,4.627000,4.576000,4.672000,4.613000
30,84,4,4.261800,4.298000,4.145000,4.142000,4.444000,4.280000
30,85,4,4.547000,4.426000,4.557000,4.537000,4.639000,4.576000
30,86,4,4.352400,4.335000,4.412000,4.224000,4.419000,4.372000
30,87,4,4.495800,4.442000,4.413000,4.572000,4.559000,4.493000
30,88,4,4.510400,4.398000,4.482000,4.398000,4.647000,4.627000
30,89,4,4.186200,4.165000,4.216000,4.214000,4.204000,4.132000
30,90,4,4.254000,4.179000,4.173000,4.251000,4.494000,4.173000
30,91,4,4.359000,4.333000,4.351000,4.300000,4.460000,4.351000
30,92,4,4.179800,4.104000,4.212000,4.109000,4.302000,4.172000
30,93,4,4.444800,4.594000,4.394000,4.422000,4.481000,4.333000
30,94,4,4.248000,4.222000,4.323000,4.132000,4.389000,4.174000
30,95,4,4.428000,4.304000,4.410000,4.347000,4.487000,4.592000
30,96,4,4.330600,4.426000,4.300000,4.224000,4.351000,4.352000
30,97,4,4.653000,4.676000,4.635000,4.621000,4.704000,4.629000
30,98,4,4.224600,4.246000,4.250000,4.127000,4.280000,4.220000
30,99,4,4.241000,4.178000,4.283000,4.175000,4.317000,4.252000
31,0,2,4.957400,4.872000,5.039000,4.951000,4.961000,4.964000
31,1,2,4.772000,4.824000,4.714000,4.747000,4.731000,4.844000
31,2,2,4.795200,4.885000,4.827000,4.821000,4.619000,4.824000
31,3,2,4.898200,4.854000,4.959000,4.876000,4.918000,4.884000
31,4,2,4.960000,4.881000,5.001000,4.942000,4.948000,5.028000
31,5,2,4.859600,4.774000,4.954000,4.834000,4.787000,4.949000
31,6,2,5.034600,5.120000,4.994000,5.100000,4.923000,5.036000
31,7,2,4.969800,4.873000,4.918000,5.052000,5.032000,4.974000
31,8,2,5.165800,5.121000,5.137000,5.209000,5.110000,5.252000
31,9,2,4.802400,4.799000,4.802000,4.890000,4.679000,4.842000
31,10,2,5.012200,5.030000,5.039000,4.951000,4.955000,5.086000
31,11,2,5.020600,5.152000,5.109000,5.009000,5.010000,4.823000
31,12,2,4.935400,4.923000,5.006000,4.817000,4.826000,5.105000
31,13,2,4.919600,4.853000,4.927000,4.962000,4.805000,5.051000
31,14,2,4.514400,4.555000,4.459000,4.543000,4.480000,4.535000
31,15,2,4.857400,4.902000,4.880000,4.782000,4.771000,4.952000
31,16,2,4.922800,4.912000,4.855000,4.965000,4.964000,4.918000
31,17,2,4.749600,4.684000,4.758000,4.741000,4.734000,4.831000
31,18,2,4.835800,4.698000,4.890000,4.842000,4.949000,4.800000
31,19,2,4.922800,4.902000,4.950000,4.849000,4.902000,5.011000
32,0,2,4.951600,4.902000,4.937000,5.021000,4.826000,5.072000
32,1,2,4.937800,4.876000,4.897000,5.034000,4.866000,5.016000
32,2,2,4.815800,4.762000,4.671000,4.859000,4.818000,4.969000
32,3,2,5.023000,4.919000,5.002000,5.072000,5.048000,5.074000
32,4,2,4.894400,4.887000,4.799000,4.858000,4.903000,5.025000
32,5,2,5.004200,5.082000,4.964000,5.002000,4.910000,5.063000
32,6,2,5.097200,5.002000,5.132000,5.072000,5.082000,5.198000
32,7,2,4.904000,4.856000,4.955000,4.957000,4.800000,4.952000
32,8,2,4.808200,4.832000,4.847000,4.888000,4.705000,4.769000
32,9,2,4.746600,4.730000,4.838000,4.672000,4.677000,4.816000
32,10,2,5.038200,5.005000,5.164000,4.990000,4.913000,5.119000
32,11,2,4.970200,4.844000,4.996000,5.058000,4.899000,5.054000
32,12,2,4.912200,4.887000,4.997000,5.024000,4.737000,4.916000
32,13,2,5.030000,5.044000,5.110000,5.061000,4.985000,4.950000
32,14,2,5.220600,5.079000,5.331000,5.263000,5.128000,5.302000
32,15,2,5.059000,5.028000,5.141000,5.082000,4.992000,5.052000
32,16,2,4.973600,4.948000,5.058000,4.947000,4.846000,5.069000
32,17,2,4.880600,4.714000,4.923000,5.019000,4.846000,4.901000
32,18,2,4.923400,4.886000,4.928000,4.954000,4.851000,4.998000
32,19,2,4.738400,4.737000,4.857000,4.702000,4.618000,4.778000
33,0,2,5.091200,5.119000,5.158000,4.981000,5.106000,5.092000
33,1,2,4.791400,5.007000,4.791000,4.727000,4.721000,4.711000
33,2,2,4.683400,4.945000,4.575000,4.738000,4.678000,4.481000
33,3,2,4.978000,5.022000,5.018000,4.916000,4.926000,5.008000
33,4,2,4.940000,4.988000,4.904000,4.855000,4.985000,4.968000
33,5,2,4.886000,4.906000,4.936000,4.885000,4.825000,4.878000
33,6,2,4.865200,4.994000,4.895000,4.938000,4.762000,4.737000
33,7,2,5.036600,5.134000,5.029000,4.963000,5.070000,4.987000
33,8,2,4.914600,4.979000,4.958000,4.865000,4.885000,4.886000
33,9,2,4.845400,5.010000,4.895000,4.819000,4.826000,4.677000
33,10,2,4.944600,5.099000,4.985000,5.016000,4.853000,4.770000
33,11,2,4.918400,5.130000,4.864000,4.896000,4.831000,4.871000
33,12,2,4.538800,4.611000,4.530000,4.513000,4.460000,4.580000
33,13,2,5.264000,5.313000,5.206000,5.323000,5.297000,5.181000
33,14,2,5.002200,5.139000,4.997000,4.907000,4.995000,4.973000
33,15,2,4.843800,5.025000,4.900000,4.817000,4.704000,4.773000
33,16,2,4.890400,5.048000,4.820000,4.844000,4.918000,4.822000
33,17,2,4.455000,4.562000,4.449000,4.375000,4.499000,4.390000
33,18,2,5.045400,5.185000,5.028000,5.016000,5.031000,4.967000
33,19,2,4.819200,4.902000,4.855000,4.909000,4.654000,4.776000
34,0,2,4.923600,4.991000,4.970000,4.864000,4.830000,4.963000
34,1,2,4.991400,5.014000,4.841000,5.113000,4.937000,5.052000
34,2,2,5.025000,4.968000,4.841000,5.022000,5.143000,5.151000
34,3,2,5.056200,4.974000,4.912000,5.170000,5.097000,5.128000
34,4,2,5.001800,5.085000,4.683000,4.856000,5.124000,5.261000
34,5,2,5.115600,5.024000,4.968000,5.169000,5.152000,5.265000
34,6,2,4.892000,4.846000,4.967000,4.896000,4.829000,4.922000
34,7,2,5.158800,5.154000,5.066000,5.192000,5.152000,5.230000
34,8,2,5.163600,5.169000,5.139000,5.217000,5.146000,5.147000
34,9,2,5.066600,4.972000,5.083000,4.993000,5.084000,5.201000
34,10,2,4.839000,4.889000,4.707000,4.863000,4.915000,4.821000
34,11,2,5.047800,5.029000,4.978000,5.081000,5.077000,5.074000
34,12,2,5.007200,5.024000,4.874000,5.044000,5.070000,5.024000
34,13,2,5.020800,4.999000,4.969000,5.023000,5.000000,5.113000
34,14,2,4.778400,4.758000,4.626000,4.791000,4.884000,4.833000
34,15,2,4.973200,4.923000,4.917000,4.945000,4.861000,5.220000
34,16,2,4.927600,4.857000,4.862000,5.016000,4.920000,4.983000
34,17,2,4.806000,4.850000,4.721000,4.755000,4.789000,4.915000
34,18,2,5.001600,4.998000,4.919000,5.053000,4.960000,5.078000
34,19,2,5.086400,5.049000,4.823000,5.243000,5.055000,5.262000
35,0,2,4.956800,4.833000,4.892000,5.018000,5.020000,5.021000
35,1,2,4.892800,4.741000,4.826000,4.971000,5.051000,4.875000
35,2,2,5.007800,4.709000,5.062000,5.014000,5.159000,5.095000
35,3,2,4.991200,4.937000,5.037000,4.921000,5.006000,5.055000
35,4,2,5.164800,5.065000,5.145000,5.176000,5.271000,5.167000
35,5,2,4.943400,4.940000,4.911000,4.969000,4.954000,4.943000
35,6,2,5.068400,5.041000,5.025000,5.108000,5.095000,5.073000
35,7,2,4.720800,4.597000,4.844000,4.639000,4.763000,4.761000
35,8,2,4.915400,4.769000,4.962000,4.884000,4.923000,5.039000
35,9,2,4.918000,4.729000,4.835000,4.932000,4.996000,5.098000
35,10,2,4.977400,4.792000,5.010000,5.035000,4.979000,5.071000
35,11,2,5.154000,5.087000,5.175000,5.168000,5.288000,5.052000
35,12,2,5.028000,4.833000,5.031000,5.125000,5.090000,5.061000
35,13,2,4.785000,4.715000,4.749000,4.733000,4.792000,4.936000
35,14,2,4.800600,4.734000,4.759000,4.747000,4.869000,4.894000
35,15,2,4.809800,4.535000,4.948000,4.748000,4.875000,4.943000
35,16,2,5.035400,4.855000,5.092000,5.015000,5.033000,5.182000
35,17,2,4.830400,4.722000,4.759000,4.739000,4.907000,5.025000
35,18,2,4.946000,4.748000,5.045000,4.846000,4.975000,5.116000
35,19,2,4.772200,4.504000,4.932000,4.808000,4.858000,4.759000
36,0,2,4.948400,4.826000,4.951000,4.957000,4.972000,5.036000
36,1,2,5.008800,4.880000,5.072000,5.014000,5.001000,5.077000
36,2,2,4.954600,4.807000,5.020000,4.918000,4.971000,5.057000
36,3,2,4.822200,4.784000,4.882000,4.831000,4.701000,4.913000
36,4,2,4.878800,4.955000,4.934000,4.843000,4.803000,4.859000
36,5,2,4.978000,4.989000,4.917000,5.082000,4.921000,4.981000
36,6,2,4.892600,4.902000,4.898000,4.782000,4.894000,4.987000
36,7,2,5.095400,5.113000,5.034000,5.171000,5.000000,5.159000
36,8,2,5.141800,5.168000,5.109000,5.100000,5.094000,5.238000
36,9,2,5.092000,4.988000,5.074000,5.155000,5.100000,5.143000
36,10,2,5.376400,5.331000,5.481000,5.242000,5.384000,5.444000
36,11,2,5.247600,5.178000,5.262000,5.237000,5.225000,5.336000
36,12,2,4.987200,4.879000,4.941000,5.018000,5.067000,5.031000
36,13,2,5.169800,4.989000,5.277000,4.979000,5.247000,5.357000
36,14,2,5.142000,5.112000,5.208000,5.015000,5.185000,5.190000
36,15,2,5.214000,5.026000,5.371000,5.023000,5.229000,5.421000
36,16,2,5.215800,5.193000,5.289000,5.099000,5.225000,5.273000
36,17,2,5.225200,5.144000,5.256000,5.172000,5.292000,5.262000
36,18,2,4.819200,4.677000,4.764000,4.938000,4.829000,4.888000
36,19,2,5.040200,5.083000,5.042000,5.065000,4.994000,5.017000
37,0,2,5.064200,5.155000,4.978000,4.981000,5.096000,5.111000
37,1,2,5.107200,5.157000,5.047000,5.186000,5.073000,5.073000
37,2,2,5.356200,5.445000,5.384000,5.313000,5.346000,5.293000
37,3,2,4.951600,4.964000,4.784000,5.065000,5.072000,4.873000
37,4,2,5.130200,5.181000,5.092000,5.130000,5.106000,5.142000
37,5,2,5.044600,5.098000,4.881000,5.096000,5.102000,5.046000
37,6,2,4.984200,5.061000,4.902000,4.957000,4.982000,5.019000
37,7,2,4.804600,4.861000,4.689000,4.801000,4.840000,4.832000
37,8,2,5.299200,5.465000,5.220000,5.316000,5.296000,5.199000
37,9,2,5.219600,5.257000,5.175000,5.243000,5.344000,5.079000
37,10,2,4.967800,5.056000,4.824000,5.002000,4.989000,4.968000
37,11,2,5.257800,5.351000,5.146000,5.281000,5.303000,5.208000
37,12,2,5.162000,5.313000,5.119000,5.069000,5.197000,5.112000
37,13,2,4.857200,4.843000,4.740000,4.946000,4.940000,4.817000
37,14,2,5.207400,5.260000,5.094000,5.201000,5.365000,5.117000
37,15,2,4.996600,5.094000,4.918000,4.996000,5.087000,4.888000
37,16,2,4.966800,5.006000,4.799000,4.981000,5.020000,5.028000
37,17,2,5.309400,5.290000,5.247000,5.266000,5.428000,5.316000
37,18,2,5.052600,5.116000,5.069000,5.086000,5.105000,4.887000
37,19,2,5.118000,5.213000,4.995000,5.089000,5.201000,5.092000
38,0,2,4.993800,5.046000,5.155000,4.937000,4.846000,4.985000
38,1,2,5.114600,5.081000,5.169000,5.097000,5.094000,5.132000
38,2,2,5.079600,5.149000,5.117000,4.924000,5.069000,5.139000
38,3,2,5.291800,5.323000,5.428000,5.125000,5.274000,5.309000
38,4,2,5.130000,5.119000,5.165000,4.998000,5.125000,5.243000
38,5,2,5.240800,5.262000,5.334000,5.128000,5.224000,5.256000
38,6,2,4.678000,4.757000,4.782000,4.493000,4.780000,4.578000
38,7,2,4.899200,4.899000,5.025000,4.795000,4.891000,4.886000
38,8,2,5.125200,5.139000,5.258000,4.954000,5.154000,5.121000
38,9,2,4.903800,5.002000,4.972000,4.862000,4.786000,4.897000
38,10,2,5.294600,5.407000,5.321000,5.186000,5.292000,5.267000
38,11,2,5.020200,5.125000,5.052000,4.890000,4.911000,5.123000
38,12,2,4.891200,4.874000,4.981000,4.865000,4.871000,4.865000
38,13,2,5.238600,5.273000,5.303000,5.218000,5.189000,5.210000
38,14,2,4.941200,4.925000,5.087000,4.787000,4.941000,4.966000
38,15,2,5.079800,5.037000,5.174000,5.002000,5.035000,5.151000
38,16,2,4.941000,4.963000,4.953000,4.882000,5.004000,4.903000
38,17,2,5.031200,5.136000,5.085000,4.892000,4.956000,5.087000
38,18,2,4.859600,4.863000,4.900000,4.803000,4.954000,4.778000
38,19,2,4.960800,4.990000,5.080000,4.802000,4.926000,5.006000
39,0,2,5.150200,5.194000,5.294000,5.062000,4.942000,5.259000
39,1,2,5.139600,5.100000,5.237000,4.917000,5.186000,5.258000
39,2,2,5.619400,5.782000,5.547000,5.495000,5.491000,5.782000
39,3,2,5.140200,5.268000,5.084000,5.157000,5.082000,5.110000
39,4,2,5.148800,5.331000,5.271000,4.951000,4.921000,5.270000
39,5,2,5.056400,5.205000,5.009000,4.936000,4.997000,5.135000
39,6,2,5.321000,5.450000,5.276000,5.209000,5.243000,5.427000
39,7,2,5.180400,5.443000,5.113000,5.056000,5.076000,5.214000
39,8,2,5.184400,5.358000,5.130000,5.063000,5.071000,5.300000
39,9,2,5.039800,5.035000,5.074000,5.048000,4.989000,5.053000
39,10,2,5.188600,5.394000,5.168000,4.970000,5.007000,5.404000
39,11,2,4.987400,5.122000,4.976000,4.918000,4.857000,5.064000
39,12,2,5.197000,5.347000,5.217000,5.018000,5.156000,5.247000
39,13,2,5.139200,5.243000,5.094000,5.023000,5.053000,5.283000
39,14,2,5.032400,5.125000,4.991000,4.914000,4.974000,5.158000
39,15,2,5.276200,5.362000,5.388000,5.109000,5.222000,5.300000
39,16,2,4.805000,4.945000,4.821000,4.606000,4.731000,4.922000
39,17,2,5.272400,5.427000,5.414000,5.071000,5.187000,5.263000
39,18,2,5.140400,5.272000,5.116000,4.997000,5.047000,5.270000
39,19,2,4.934000,5.036000,5.046000,4.777000,4.867000,4.944000
40,0,0,4.598000,4.464000,4.604000,4.598000,4.657000,4.667000
40,1,0,4.490000,4.435000,4.389000,4.601000,4.506000,4.519000
40,2,0,4.748000,4.581000,4.741000,4.823000,4.875000,4.720000
40,3,0,4.793000,4.665000,4.753000,4.831000,4.869000,4.847000
40,4,0,4.635200,4.552000,4.582000,4.692000,4.677000,4.673000
40,5,0,4.737400,4.709000,4.713000,4.828000,4.857000,4.580000
40,6,0,4.734800,4.728000,4.773000,4.736000,4.766000,4.671000
40,7,0,4.697800,4.701000,4.654000,4.715000,4.637000,4.782000
40,8,0,4.909200,4.782000,4.903000,4.943000,4.990000,4.928000
40,9,0,4.416200,4.282000,4.394000,4.531000,4.442000,4.432000
40,10,0,4.505200,4.519000,4.398000,4.495000,4.507000,4.607000
40,11,0,4.541600,4.549000,4.506000,4.506000,4.577000,4.570000
40,12,0,4.788400,4.846000,4.758000,4.908000,4.774000,4.656000
40,13,0,4.567000,4.501000,4.560000,4.595000,4.575000,4.604000
40,14,0,4.780000,4.628000,4.867000,4.823000,4.749000,4.833000
40,15,0,4.452400,4.301000,4.419000,4.585000,4.481000,4.476000
40,16,0,4.535800,4.373000,4.481000,4.765000,4.480000,4.580000
40,17,0,4.377400,4.345000,4.438000,4.478000,4.310000,4.316000
40,18,0,4.404800,4.446000,4.377000,4.420000,4.442000,4.339000
40,19,0,4.392800,4.353000,4.428000,4.318000,4.463000,4.402000
40,20,1,4.727200,4.743000,4.618000,4.856000,4.605000,4.814000
40,21,1,4.314400,4.330000,4.270000,4.376000,4.226000,4.370000
40,22,1,4.575600,4.502000,4.571000,4.621000,4.588000,4.596000
40,23,1,4.336600,4.250000,4.349000,4.330000,4.359000,4.395000
40,24,1,4.702000,4.630000,4.669000,4.841000,4.674000,4.696000
40,25,1,4.349400,4.304000,4.359000,4.346000,4.329000,4.409000
40,26,1,4.477200,4.423000,4.423000,4.498000,4.469000,4.573000
40,27,1,4.531400,4.396000,4.463000,4.617000,4.547000,4.634000
40,28,1,4.550400,4.507000,4.612000,4.500000,4.510000,4.623000
40,29,1,4.352600,4.128000,4.368000,4.418000,4.445000,4.404000
40,30,1,4.738800,4.625000,4.733000,4.864000,4.620000,4.852000
40,31,1,4.539600,4.551000,4.542000,4.588000,4.534000,4.483000
40,32,1,4.773800,4.821000,4.701000,4.824000,4.724000,4.799000
40,33,1,4.820200,4.811000,4.717000,4.899000,4.781000,4.893000
40,34,1,4.433400,4.362000,4.363000,4.421000,4.404000,4.617000
40,35,1,4.483400,4.409000,4.499000,4.631000,4.442000,4.436000
40,36,1,4.496800,4.426000,4.458000,4.492000,4.571000,4.537000
40,37,1,4.523400,4.589000,4.356000,4.650000,4.572000,4.450000
40,38,1,4.600200,4.657000,4.554000,4.591000,4.685000,4.514000
40,39,1,4.458800,4.422000,4.418000,4.533000,4.362000,4.559000
40,40,2,5.107800,5.027000,5.153000,5.080000,5.182000,5.097000
40,41,2,5.049400,5.038000,4.933000,5.108000,5.190000,4.978000
40,42,2,4.863000,4.899000,4.763000,4.860000,4.781000,5.012000
40,43,2,5.068000,4.993000,4.988000,5.124000,5.134000,5.101000
40,44,2,5.188000,5.171000,5.174000,5.210000,5.175000,5.210000
40,45,2,5.285200,5.224000,5.367000,5.404000,5.276000,5.155000
40,46,2,4.909600,4.816000,4.801000,4.922000,5.026000,4.983000
40,47,2,5.025000,4.898000,4.873000,5.158000,5.150000,5.046000
40,48,2,5.150400,5.185000,5.196000,5.216000,4.991000,5.164000
40,49,2,5.114600,5.100000,5.101000,4.999000,5.177000,5.196000
40,50,2,4.996200,4.985000,4.884000,5.082000,4.998000,5.032000
40,51,2,5.297200,5.286000,5.229000,5.376000,5.296000,5.299000
40,52,2,5.324400,5.183000,5.248000,5.365000,5.478000,5.348000
40,53,2,4.995400,4.910000,4.871000,5.068000,5.083000,5.045000
40,54,2,5.153000,5.202000,5.061000,5.217000,5.135000,5.150000
40,55,2,5.102000,5.065000,5.142000,5.012000,5.092000,5.199000
40,56,2,5.292600,5.251000,5.172000,5.318000,5.347000,5.375000
40,57,2,4.890600,4.981000,4.872000,4.911000,4.867000,4.822000
40,58,2,5.060800,4.954000,5.032000,5.122000,5.107000,5.089000
40,59,2,5.319800,5.276000,5.294000,5.317000,5.374000,5.338000
40,60,3,4.220200,4.140000,4.048000,4.344000,4.314000,4.255000
40,61,3,4.245000,4.204000,4.135000,4.273000,4.277000,4.336000
40,62,3,4.309600,4.228000,4.308000,4.361000,4.302000,4.349000
40,63,3,4.091000,3.901000,4.082000,4.161000,4.049000,4.262000
40,64,3,4.286200,4.182000,4.272000,4.357000,4.383000,4.237000
40,65,3,4.216600,4.163000,4.054000,4.254000,4.257000,4.355000
40,66,3,4.263400,4.187000,4.280000,4.176000,4.267000,4.407000
40,67,3,4.007800,3.932000,3.987000,4.080000,4.029000,4.011000
40,68,3,4.233200,4.017000,4.251000,4.281000,4.312000,4.305000
40,69,3,4.297000,4.161000,4.350000,4.264000,4.361000,4.349000
40,70,3,4.185400,4.266000,4.034000,4.118000,4.319000,4.190000
40,71,3,3.923400,3.787000,3.878000,4.007000,3.957000,3.988000
40,72,3,4.215800,4.045000,4.133000,4.295000,4.271000,4.335000
40,73,3,4.160200,4.057000,4.025000,4.260000,4.207000,4.252000
40,74,3,4.150800,4.104000,4.163000,4.267000,4.079000,4.141000
40,75,3,4.165600,4.155000,3.986000,4.223000,4.239000,4.225000
40,76,3,4.097600,4.001000,4.079000,4.103000,4.092000,4.213000
40,77,3,4.006200,3.883000,3.993000,4.046000,3.978000,4.131000
40,78,3,4.068600,3.936000,4.150000,4.119000,4.074000,4.064000
40,79,3,4.009800,3.980000,3.995000,4.088000,3.989000,3.997000
40,80,4,4.355200,4.272000,4.372000,4.333000,4.407000,4.392000
40,81,4,4.168000,4.101000,4.167000,4.041000,4.231000,4.300000
40,82,4,4.569200,4.530000,4.574000,4.544000,4.641000,4.557000
40,83,4,4.363200,4.226000,4.250000,4.400000,4.430000,4.510000
40,84,4,4.572200,4.573000,4.516000,4.590000,4.611000,4.571000
40,85,4,4.295800,4.169000,4.221000,4.255000,4.427000,4.407000
40,86,4,4.916400,4.712000,4.878000,5.017000,5.011000,4.964000
40,87,4,4.530400,4.487000,4.509000,4.470000,4.604000,4.582000
40,88,4,4.248000,4.276000,4.263000,4.134000,4.301000,4.266000
40,89,4,4.366200,4.243000,4.276000,4.365000,4.392000,4.555000
40,90,4,4.412800,4.378000,4.378000,4.487000,4.298000,4.523000
40,91,4,4.356400,4.298000,4.214000,4.387000,4.389000,4.494000
40,92,4,4.282000,4.120000,4.335000,4.337000,4.199000,4.419000
40,93,4,4.552800,4.450000,4.559000,4.582000,4.654000,4.519000
40,94,4,4.579400,4.455000,4.490000,4.701000,4.673000,4.578000
40,95,4,4.611200,4.551000,4.474000,4.652000,4.692000,4.687000
40,96,4,4.492800,4.457000,4.370000,4.581000,4.561000,4.495000
40,97,4,4.550600,4.546000,4.516000,4.528000,4.574000,4.589000
40,98,4,4.338800,4.271000,4.370000,4.304000,4.407000,4.342000
40,99,4,4.299400,4.188000,4.312000,4.192000,4.461000,4.344000
41,0,2,5.389600,5.483000,5.445000,5.410000,5.175000,5.435000
41,1,2,4.895800,4.967000,4.909000,4.937000,4.692000,4.974000
41,2,2,5.170600,5.078000,5.194000,5.299000,5.053000,5.229000
41,3,2,5.244800,5.394000,5.391000,5.304000,5.081000,5.054000
41,4,2,4.949400,4.999000,4.940000,5.027000,4.803000,4.978000
41,5,2,4.657200,4.699000,4.638000,4.857000,4.423000,4.669000
41,6,2,5.146000,5.133000,5.252000,5.283000,4.968000,5.094000
41,7,2,5.126200,5.047000,5.217000,5.329000,5.034000,5.004000
41,8,2,5.397600,5.383000,5.397000,5.451000,5.342000,5.415000
41,9,2,5.418200,5.497000,5.387000,5.518000,5.171000,5.518000
41,10,2,5.054400,5.144000,5.125000,5.120000,4.829000,5.054000
41,11,2,5.135000,5.249000,5.068000,5.169000,4.948000,5.241000
41,12,2,5.108800,5.141000,5.093000,5.193000,5.027000,5.090000
41,13,2,5.274200,5.379000,5.349000,5.336000,5.159000,5.148000
41,14,2,5.012000,5.129000,4.985000,5.033000,4.936000,4.977000
41,15,2,5.321000,5.303000,5.335000,5.424000,5.202000,5.341000
41,16,2,5.298800,5.230000,5.341000,5.341000,5.322000,5.260000
41,17,2,4.889800,4.906000,4.882000,5.089000,4.726000,4.846000
41,18,2,4.954000,5.050000,4.881000,5.041000,4.815000,4.983000
41,19,2,5.065200,4.983000,5.156000,5.119000,4.974000,5.094000
42,0,2,5.029600,5.146000,4.939000,4.907000,5.150000,5.006000
42,1,2,5.494200,5.483000,5.460000,5.544000,5.467000,5.517000
42,2,2,5.335000,5.371000,5.260000,5.330000,5.267000,5.447000
42,3,2,5.400200,5.462000,5.315000,5.437000,5.462000,5.325000
42,4,2,4.995400,5.020000,4.950000,5.034000,4.973000,5.000000
42,5,2,5.140000,5.123000,5.076000,5.200000,5.131000,5.170000
42,6,2,5.321400,5.320000,5.260000,5.294000,5.374000,5.359000
42,7,2,5.323600,5.274000,5.191000,5.314000,5.503000,5.336000
42,8,2,5.295200,5.336000,5.359000,5.256000,5.198000,5.327000
42,9,2,5.254400,5.350000,5.102000,5.253000,5.268000,5.299000
42,10,2,4.990200,5.054000,4.962000,5.022000,4.843000,5.070000
42,11,2,5.095800,5.080000,5.019000,5.034000,5.150000,5.196000
42,12,2,5.179600,5.258000,5.241000,5.149000,5.176000,5.074000
42,13,2,5.373000,5.362000,5.283000,5.397000,5.331000,5.492000
42,14,2,5.199200,5.180000,5.086000,5.205000,5.260000,5.265000
42,15,2,5.023800,5.069000,4.925000,5.060000,5.085000,4.980000
42,16,2,5.191000,5.179000,5.246000,5.160000,5.208000,5.162000
42,17,2,5.307400,5.340000,5.297000,5.351000,5.264000,5.285000
42,18,2,5.436800,5.478000,5.313000,5.512000,5.440000,5.441000
42,19,2,5.078000,5.127000,4.989000,5.205000,4.988000,5.081000
43,0,2,5.398200,5.293000,5.539000,5.429000,5.177000,5.553000
43,1,2,5.494600,5.440000,5.641000,5.473000,5.372000,5.547000
43,2,2,5.264000,5.243000,5.256000,5.291000,5.163000,5.367000
43,3,2,5.384000,5.377000,5.480000,5.308000,5.255000,5.500000
43,4,2,4.848800,4.913000,4.957000,4.809000,4.728000,4.837000
43,5,2,5.292600,5.389000,5.276000,5.260000,5.177000,5.361000
43,6,2,5.292800,5.234000,5.229000,5.419000,5.167000,5.415000
43,7,2,5.502400,5.466000,5.587000,5.434000,5.434000,5.591000
43,8,2,4.978800,5.065000,4.772000,4.903000,5.027000,5.127000
43,9,2,5.129800,5.133000,5.179000,5.120000,5.047000,5.170000
43,10,2,5.236800,5.206000,5.330000,5.170000,5.109000,5.369000
43,11,2,5.307200,5.375000,5.068000,5.224000,5.364000,5.505000
43,12,2,5.210200,5.120000,5.431000,5.150000,5.139000,5.211000
43,13,2,5.004800,4.904000,5.073000,5.025000,5.002000,5.020000
43,14,2,5.081000,5.065000,5.202000,5.019000,4.918000,5.201000
43,15,2,5.185600,5.208000,5.227000,5.140000,5.071000,5.282000
43,16,2,5.065600,4.991000,5.073000,4.997000,5.106000,5.161000
43,17,2,5.309200,5.354000,5.353000,5.296000,5.184000,5.359000
43,18,2,5.261400,5.219000,5.335000,5.308000,5.136000,5.309000
43,19,2,5.037200,5.006000,5.160000,5.080000,4.810000,5.130000
44,0,2,5.332800,5.378000,5.354000,5.311000,5.253000,5.368000
44,1,2,5.208800,5.187000,5.176000,5.161000,5.254000,5.266000
44,2,2,5.166000,5.226000,5.211000,5.002000,5.215000,5.176000
44,3,2,5.163600,5.245000,5.144000,4.998000,5.260000,5.171000
44,4,2,5.203600,4.940000,5.224000,5.203000,5.310000,5.341000
44,5,2,5.143800,5.178000,5.094000,5.056000,5.216000,5.175000
44,6,2,5.168000,5.175000,5.157000,4.944000,5.254000,5.310000
44,7,2,5.098600,5.065000,5.046000,4.956000,5.228000,5.198000
44,8,2,4.795200,4.855000,4.730000,4.738000,4.759000,4.894000
44,9,2,5.045000,4.961000,5.025000,4.937000,5.172000,5.130000
44,10,2,5.105600,5.152000,5.067000,5.051000,5.110000,5.148000
44,11,2,5.345200,5.349000,5.317000,5.260000,5.365000,5.435000
44,12,2,5.364200,5.434000,5.359000,5.335000,5.400000,5.293000
44,13,2,5.094600,4.933000,5.200000,5.048000,5.139000,5.153000
44,14,2,5.250800,5.313000,5.275000,5.132000,5.291000,5.243000
44,15,2,5.308200,5.266000,5.298000,5.273000,5.385000,5.319000
44,16,2,5.115400,5.146000,5.093000,5.106000,5.139000,5.093000
44,17,2,5.338000,5.424000,5.251000,5.366000,5.269000,5.380000
44,18,2,5.168600,5.207000,5.201000,5.102000,5.109000,5.224000
44,19,2,5.014400,5.059000,5.082000,4.857000,5.060000,5.014000
45,0,2,4.966200,4.969000,4.985000,5.014000,4.906000,4.957000
45,1,2,5.017600,4.922000,5.108000,5.064000,5.018000,4.976000
45,2,2,5.381000,5.363000,5.438000,5.485000,5.269000,5.350000
45,3,2,5.312600,5.269000,5.355000,5.318000,5.355000,5.266000
45,4,2,5.234000,5.178000,5.339000,5.128000,5.243000,5.282000
45,5,2,5.018400,5.027000,5.172000,4.915000,5.034000,4.944000
45,6,2,5.372600,5.220000,5.475000,5.357000,5.449000,5.362000
45,7,2,5.324400,5.331000,5.329000,5.304000,5.344000,5.314000
45,8,2,5.230200,5.212000,5.187000,5.243000,5.186000,5.323000
45,9,2,5.170400,5.144000,5.216000,5.112000,5.176000,5.204000
45,10,2,5.452200,5.372000,5.474000,5.420000,5.495000,5.500000
45,11,2,5.341200,5.322000,5.396000,5.415000,5.352000,5.221000
45,12,2,5.103800,5.100000,5.200000,5.054000,5.045000,5.120000
45,13,2,5.037000,4.994000,5.164000,5.069000,4.942000,5.016000
45,14,2,4.948800,4.922000,5.123000,4.911000,4.923000,4.865000
45,15,2,5.312800,5.234000,5.378000,5.280000,5.305000,5.367000
45,16,2,5.347800,5.336000,5.333000,5.415000,5.270000,5.385000
45,17,2,5.240200,5.107000,5.262000,5.192000,5.346000,5.294000
45,18,2,5.430000,5.377000,5.501000,5.375000,5.411000,5.486000
45,19,2,5.265400,5.290000,5.265000,5.396000,5.154000,5.222000
46,0,2,5.190000,5.103000,5.284000,5.254000,5.218000,5.091000
46,1,2,4.925600,4.814000,4.922000,4.972000,5.010000,4.910000
46,2,2,5.476600,5.494000,5.478000,5.623000,5.357000,5.431000
46,3,2,5.453200,5.422000,5.497000,5.505000,5.408000,5.434000
46,4,2,5.342800,5.291000,5.392000,5.447000,5.315000,5.269000
46,5,2,5.203800,5.111000,5.207000,5.302000,5.266000,5.133000
46,6,2,5.263400,5.119000,5.228000,5.426000,5.319000,5.225000
46,7,2,5.367200,5.269000,5.238000,5.524000,5.395000,5.410000
46,8,2,5.276800,5.235000,5.222000,5.338000,5.366000,5.223000
46,9,2,5.323600,5.241000,5.478000,5.357000,5.193000,5.349000
46,10,2,5.356400,5.313000,5.406000,5.298000,5.327000,5.438000
46,11,2,5.300000,5.019000,5.591000,5.594000,5.005000,5.291000
46,12,2,5.365000,5.303000,5.300000,5.391000,5.508000,5.323000
46,13,2,5.343000,5.449000,5.314000,5.407000,5.258000,5.287000
46,14,2,5.350800,5.292000,5.591000,5.310000,5.182000,5.379000
46,15,2,5.203000,5.098000,5.290000,5.246000,5.239000,5.142000
46,16,2,5.159800,5.202000,5.217000,5.194000,5.137000,5.049000
46,17,2,5.354000,5.348000,5.455000,5.303000,5.340000,5.324000
46,18,2,5.345400,5.262000,5.508000,5.374000,5.367000,5.216000
46,19,2,4.995800,5.001000,4.919000,5.080000,5.006000,4.973000
47,0,2,5.320400,5.252000,5.229000,5.362000,5.421000,5.338000
47,1,2,4.885400,4.779000,4.787000,4.969000,5.006000,4.886000
47,2,2,5.164600,4.961000,5.153000,5.295000,5.261000,5.153000
47,3,2,5.219000,5.136000,5.137000,5.302000,5.253000,5.267000
47,4,2,5.252000,5.242000,5.318000,5.238000,5.284000,5.178000
47,5,2,4.993000,4.842000,5.016000,5.054000,5.164000,4.889000
47,6,2,5.082400,5.150000,5.071000,5.055000,5.082000,5.054000
47,7,2,5.374200,5.273000,5.421000,5.337000,5.488000,5.352000
47,8,2,5.191600,5.136000,5.062000,5.396000,5.205000,5.159000
47,9,2,5.050600,4.891000,5.081000,5.171000,5.151000,4.959000
47,10,2,5.245400,5.178000,5.145000,5.193000,5.387000,5.324000
47,11,2,5.274600,5.072000,5.299000,5.387000,5.300000,5.315000
47,12,2,5.357600,5.278000,5.435000,5.476000,5.197000,5.402000
47,13,2,5.213200,5.188000,5.203000,5.228000,5.299000,5.148000
47,14,2,5.290000,5.134000,5.324000,5.361000,5.337000,5.294000
47,15,2,5.163400,4.919000,5.237000,5.259000,5.236000,5.166000
47,16,2,4.970000,4.925000,4.936000,5.045000,4.937000,5.007000
47,17,2,5.105400,5.063000,5.049000,5.237000,5.234000,4.944000
47,18,2,5.231200,5.083000,5.122000,5.295000,5.396000,5.260000
47,19,2,5.084600,5.059000,5.060000,5.112000,5.182000,5.010000
48,0,2,5.464000,5.455000,5.444000,5.492000,5.478000,5.451000
48,1,2,5.139200,5.178000,5.088000,5.257000,5.197000,4.976000
48,2,2,5.205400,5.078000,5.188000,5.296000,5.170000,5.295000
48,3,2,5.230400,5.091000,5.152000,5.356000,5.258000,5.295000
48,4,2,5.242000,5.184000,5.288000,5.296000,5.275000,5.167000
48,5,2,5.406600,5.384000,5.444000,5.498000,5.359000,5.348000
48,6,2,5.171600,5.151000,5.153000,5.155000,5.146000,5.253000
48,7,2,5.160600,5.303000,4.901000,5.198000,5.225000,5.176000
48,8,2,5.296200,5.287000,5.217000,5.358000,5.314000,5.305000
48,9,2,5.292400,5.213000,5.292000,5.325000,5.368000,5.264000
48,10,2,5.432600,5.460000,5.487000,5.486000,5.329000,5.401000
48,11,2,5.271000,5.226000,5.371000,5.267000,5.228000,5.263000
48,12,2,5.225800,5.243000,5.212000,5.306000,5.157000,5.211000
48,13,2,5.437800,5.328000,5.410000,5.530000,5.417000,5.504000
48,14,2,4.920800,4.947000,4.878000,5.020000,4.921000,4.838000
48,15,2,5.214400,5.194000,5.223000,5.338000,5.124000,5.193000
48,16,2,5.204200,5.212000,5.082000,5.296000,5.230000,5.201000
48,17,2,5.366200,5.296000,5.400000,5.403000,5.402000,5.330000
48,18,2,5.379800,5.293000,5.457000,5.462000,5.403000,5.284000
48,19,2,5.330800,5.264000,5.297000,5.436000,5.292000,5.365000
49,0,2,5.215800,5.364000,5.349000,5.214000,4.903000,5.249000
49,1,2,5.327200,5.257000,5.360000,5.400000,5.244000,5.375000
49,2,2,5.228000,5.344000,5.325000,5.246000,5.029000,5.196000
49,3,2,5.230600,5.324000,5.302000,5.318000,4.900000,5.309000
49,4,2,5.156200,5.250000,5.150000,5.270000,4.957000,5.154000
49,5,2,5.436800,5.451000,5.488000,5.485000,5.309000,5.451000
49,6,2,5.036000,5.126000,5.103000,5.008000,4.819000,5.124000
49,7,2,5.377000,5.532000,5.450000,5.413000,5.131000,5.359000
49,8,2,5.296200,5.198000,5.382000,5.300000,5.178000,5.423000
49,9,2,5.140600,5.250000,5.162000,5.175000,4.969000,5.147000
49,10,2,5.505400,5.529000,5.531000,5.481000,5.507000,5.479000
49,11,2,5.483400,5.552000,5.481000,5.622000,5.324000,5.438000
49,12,2,5.339600,5.369000,5.328000,5.340000,5.236000,5.425000
49,13,2,5.423800,5.439000,5.573000,5.458000,5.152000,5.497000
49,14,2,5.269800,5.342000,5.385000,5.306000,5.116000,5.200000
49,15,2,5.374600,5.446000,5.177000,5.514000,5.262000,5.474000
49,16,2,5.226400,5.220000,5.213000,5.266000,5.108000,5.325000
49,17,2,5.214000,5.294000,5.279000,5.287000,5.004000,5.206000
49,18,2,5.191600,5.274000,5.284000,5.233000,4.946000,5.221000
49,19,2,5.032000,5.194000,4.999000,5.063000,4.870000,5.034000
50,0,0,4.521400,4.677000,4.343000,4.494000,4.555000,4.538000
50,1,0,4.707000,4.856000,4.517000,4.725000,4.715000,4.722000
50,2,0,4.622000,4.813000,4.357000,4.490000,4.809000,4.641000
50,3,0,4.933400,4.966000,4.868000,4.816000,5.093000,4.924000
50,4,0,4.688000,4.769000,4.607000,4.703000,4.694000,4.667000
50,5,0,4.589200,4.715000,4.451000,4.582000,4.497000,4.701000
50,6,0,4.517200,4.691000,4.293000,4.476000,4.600000,4.526000
50,7,0,4.660800,4.774000,4.519000,4.654000,4.705000,4.652000
50,8,0,4.597400,4.588000,4.588000,4.371000,4.710000,4.730000
50,9,0,4.982000,4.984000,4.891000,4.970000,4.994000,5.071000
50,10,0,4.412600,4.473000,4.297000,4.241000,4.565000,4.487000
50,11,0,4.491400,4.705000,4.342000,4.389000,4.571000,4.450000
50,12,0,4.490200,4.514000,4.386000,4.394000,4.560000,4.597000
50,13,0,4.686800,4.819000,4.565000,4.623000,4.738000,4.689000
50,14,0,4.473200,4.532000,4.286000,4.430000,4.494000,4.624000
50,15,0,4.693800,4.822000,4.622000,4.611000,4.678000,4.736000
50,16,0,4.629400,4.633000,4.497000,4.673000,4.645000,4.699000
50,17,0,4.657000,4.756000,4.521000,4.654000,4.615000,4.739000
50,18,0,4.529600,4.587000,4.474000,4.391000,4.518000,4.678000
50,19,0,4.454400,4.564000,4.288000,4.352000,4.509000,4.559000
50,20,1,4.525400,4.591000,4.459000,4.464000,4.600000,4.513000
50,21,1,4.362000,4.454000,4.382000,4.155000,4.324000,4.495000
50,22,1,4.523200,4.608000,4.462000,4.396000,4.650000,4.500000
50,23,1,4.678200,4.775000,4.520000,4.568000,4.772000,4.756000
50,24,1,4.668000,4.758000,4.600000,4.563000,4.681000,4.738000
50,25,1,4.526000,4.723000,4.354000,4.376000,4.604000,4.573000
50,26,1,4.398600,4.537000,4.263000,4.240000,4.444000,4.509000
50,27,1,4.569200,4.671000,4.474000,4.441000,4.570000,4.690000
50,28,1,4.684200,4.790000,4.599000,4.540000,4.733000,4.759000
50,29,1,4.618600,4.716000,4.440000,4.550000,4.638000,4.749000
50,30,1,4.672000,4.749000,4.581000,4.637000,4.762000,4.631000
50,31,1,4.481400,4.596000,4.326000,4.349000,4.514000,4.622000
50,32,1,4.447200,4.566000,4.257000,4.353000,4.454000,4.606000
50,33,1,4.752200,4.826000,4.664000,4.561000,4.800000,4.910000
50,34,1,4.569000,4.599000,4.432000,4.497000,4.600000,4.717000
50,35,1,4.703600,4.670000,4.693000,4.626000,4.744000,4.785000
50,36,1,4.639200,4.701000,4.609000,4.513000,4.643000,4.730000
50,37,1,4.677200,4.825000,4.471000,4.682000,4.618000,4.790000
50,38,1,4.545600,4.587000,4.534000,4.410000,4.516000,4.681000
50,39,1,4.315800,4.365000,4.216000,4.302000,4.357000,4.339000
50,40,2,5.507200,5.624000,5.506000,5.501000,5.370000,5.535000
50,41,2,5.292200,5.283000,5.210000,5.179000,5.450000,5.339000
50,42,2,4.952800,4.889000,4.931000,4.910000,4.951000,5.083000
50,43,2,5.244200,5.250000,5.132000,5.233000,5.310000,5.296000
50,44,2,5.480800,5.452000,5.482000,5.466000,5.506000,5.498000
50,45,2,4.935600,4.951000,4.889000,4.836000,5.041000,4.961000
50,46,2,5.461400,5.575000,5.258000,5.416000,5.426000,5.632000
50,47,2,5.338200,5.320000,5.294000,5.309000,5.379000,5.389000
50,48,2,5.326600,5.401000,5.282000,5.188000,5.357000,5.405000
50,49,2,5.165400,5.168000,5.167000,5.079000,5.132000,5.281000
50,50,2,4.984200,5.162000,5.093000,4.864000,4.921000,4.881000
50,51,2,5.276000,5.267000,5.118000,5.276000,5.353000,5.366000
50,52,2,5.503200,5.580000,5.384000,5.532000,5.559000,5.461000
50,53,2,5.373200,5.458000,5.226000,5.357000,5.324000,5.501000
50,54,2,5.450000,5.557000,5.276000,5.455000,5.368000,5.594000
50,55,2,5.367800,5.490000,5.226000,5.232000,5.331000,5.560000
50,56,2,5.287400,5.358000,5.162000,5.158000,5.319000,5.440000
50,57,2,5.121000,5.207000,4.980000,5.100000,5.115000,5.203000
50,58,2,5.412000,5.514000,5.429000,5.379000,5.236000,5.502000
50,59,2,4.899400,5.001000,4.813000,4.764000,4.900000,5.019000
50,60,3,4.320600,4.344000,4.230000,4.190000,4.450000,4.389000
50,61,3,4.360400,4.345000,4.368000,4.235000,4.453000,4.401000
50,62,3,4.127400,4.176000,4.167000,4.039000,4.121000,4.134000
50,63,3,3.949800,3.963000,3.907000,3.932000,4.037000,3.910000
50,64,3,4.172600,4.166000,4.153000,4.109000,4.290000,4.145000
50,65,3,4.093600,4.115000,4.052000,3.955000,4.196000,4.150000
50,66,3,3.940800,3.970000,3.829000,3.912000,3.979000,4.014000
50,67,3,4.235200,4.191000,4.191000,4.223000,4.332000,4.239000
50,68,3,4.137000,4.112000,4.079000,4.066000,4.240000,4.188000
50,69,3,4.124000,4.172000,4.188000,3.969000,4.139000,4.152000
50,70,3,4.105000,4.144000,4.108000,4.065000,4.077000,4.131000
50,71,3,4.005400,4.011000,3.958000,3.954000,4.070000,4.034000
50,72,3,3.972800,3.964000,4.053000,3.866000,3.979000,4.002000
50,73,3,4.129800,4.140000,3.981000,4.034000,4.183000,4.311000
50,74,3,4.092000,4.035000,4.064000,4.059000,4.193000,4.109000
50,75,3,4.008400,4.083000,4.042000,3.929000,4.041000,3.947000
50,76,3,4.074800,4.133000,4.088000,4.019000,4.121000,4.013000
50,77,3,4.204000,4.257000,4.187000,4.167000,4.287000,4.122000
50,78,3,4.316800,4.314000,4.299000,4.194000,4.322000,4.455000
50,79,3,4.185400,4.260000,4.210000,4.067000,4.232000,4.158000
50,80,4,4.534400,4.576000,4.513000,4.434000,4.552000,4.597000
50,81,4,4.576800,4.505000,4.431000,4.498000,4.736000,4.714000
50,82,4,4.588000,4.609000,4.638000,4.466000,4.602000,4.625000
50,83,4,4.555200,4.568000,4.591000,4.423000,4.634000,4.560000
50,84,4,4.562200,4.562000,4.447000,4.521000,4.631000,4.650000
50,85,4,4.310000,4.219000,4.323000,4.155000,4.453000,4.400000
50,86,4,4.872600,4.997000,4.828000,4.618000,4.996000,4.924000
50,87,4,4.456800,4.440000,4.435000,4.392000,4.565000,4.452000
50,88,4,4.537000,4.566000,4.534000,4.420000,4.589000,4.576000
50,89,4,4.605400,4.606000,4.630000,4.439000,4.597000,4.755000
50,90,4,4.618600,4.701000,4.737000,4.401000,4.634000,4.620000
50,91,4,4.666400,4.679000,4.632000,4.580000,4.774000,4.667000
50,92,4,4.499200,4.563000,4.427000,4.397000,4.502000,4.607000
50,93,4,4.562200,4.674000,4.567000,4.363000,4.607000,4.600000
50,94,4,4.611800,4.602000,4.569000,4.555000,4.762000,4.571000
50,95,4,4.466200,4.475000,4.498000,4.352000,4.529000,4.477000
50,96,4,4.482400,4.485000,4.455000,4.393000,4.564000,4.515000
50,97,4,4.238800,4.339000,4.292000,4.088000,4.209000,4.266000
50,98,4,4.964200,5.022000,4.918000,4.812000,5.034000,5.035000
50,99,4,4.700400,4.674000,4.725000,4.660000,4.808000,4.635000
51,0,2,5.429000,5.347000,5.592000,5.425000,5.361000,5.420000
51,1,2,5.472400,5.465000,5.490000,5.535000,5.466000,5.406000
51,2,2,5.192600,5.111000,5.198000,5.293000,5.257000,5.104000
51,3,2,5.229600,5.266000,5.267000,5.326000,5.183000,5.106000
51,4,2,5.237600,5.243000,5.321000,5.289000,5.103000,5.232000
51,5,2,5.404000,5.519000,5.316000,5.435000,5.321000,5.429000
51,6,2,5.723400,5.762000,5.739000,5.654000,5.762000,5.700000
51,7,2,5.085600,5.003000,5.196000,5.082000,5.131000,5.016000
51,8,2,5.577800,5.682000,5.580000,5.599000,5.485000,5.543000
51,9,2,5.431800,5.410000,5.484000,5.513000,5.378000,5.374000
51,10,2,5.409800,5.327000,5.480000,5.485000,5.404000,5.353000
51,11,2,5.199600,5.152000,5.291000,5.269000,5.142000,5.144000
51,12,2,5.301600,5.338000,5.239000,5.332000,5.324000,5.275000
51,13,2,5.179600,5.255000,5.112000,5.206000,5.212000,5.113000
51,14,2,5.535600,5.574000,5.587000,5.523000,5.532000,5.462000
51,15,2,5.332400,5.381000,5.299000,5.447000,5.291000,5.244000
51,16,2,5.582400,5.612000,5.675000,5.690000,5.427000,5.508000
51,17,2,5.252400,5.170000,5.228000,5.299000,5.270000,5.295000
51,18,2,5.497000,5.476000,5.572000,5.606000,5.390000,5.441000
51,19,2,5.481800,5.428000,5.539000,5.482000,5.517000,5.443000
52,0,2,5.700600,5.775000,5.708000,5.551000,5.753000,5.716000
52,1,2,5.392800,5.463000,5.331000,5.309000,5.389000,5.472000
52,2,2,5.592800,5.590000,5.480000,5.548000,5.576000,5.770000
52,3,2,5.183200,5.205000,5.171000,5.094000,5.288000,5.158000
52,4,2,5.279000,5.214000,5.301000,5.239000,5.368000,5.273000
52,5,2,5.093000,5.101000,5.084000,4.968000,5.144000,5.168000
52,6,2,5.199600,5.187000,5.261000,5.189000,5.191000,5.170000
52,7,2,5.328200,5.355000,5.381000,5.150000,5.327000,5.428000
52,8,2,5.272800,5.228000,5.196000,5.235000,5.344000,5.361000
52,9,2,5.071600,4.994000,5.043000,5.049000,5.049000,5.223000
52,10,2,5.329200,5.379000,5.239000,5.261000,5.441000,5.326000
52,11,2,5.353600,5.388000,5.258000,5.316000,5.412000,5.394000
52,12,2,5.361200,5.382000,5.346000,5.264000,5.425000,5.389000
52,13,2,5.236800,5.154000,5.268000,5.127000,5.231000,5.404000
52,14,2,5.484800,5.374000,5.424000,5.493000,5.576000,5.557000
52,15,2,5.432000,5.383000,5.354000,5.422000,5.507000,5.494000
52,16,2,5.346000,5.354000,5.311000,5.319000,5.375000,5.371000
52,17,2,5.475800,5.429000,5.497000,5.439000,5.434000,5.580000
52,18,2,5.124800,5.080000,5.201000,5.088000,5.093000,5.162000
52,19,2,5.452200,5.508000,5.417000,5.340000,5.476000,5.520000
53,0,2,5.505000,5.675000,5.212000,5.471000,5.553000,5.614000
53,1,2,5.586400,5.580000,5.653000,5.640000,5.541000,5.518000
53,2,2,5.326800,5.363000,5.312000,5.266000,5.332000,5.361000
53,3,2,5.392600,5.472000,5.385000,5.317000,5.458000,5.331000
53,4,2,5.543400,5.551000,5.490000,5.561000,5.569000,5.546000
53,5,2,5.589800,5.562000,5.584000,5.720000,5.499000,5.584000
53,6,2,5.712200,5.786000,5.636000,5.724000,5.772000,5.643000
53,7,2,5.584800,5.639000,5.614000,5.528000,5.598000,5.545000
53,8,2,5.616000,5.706000,5.528000,5.726000,5.611000,5.509000
53,9,2,5.465600,5.425000,5.441000,5.551000,5.444000,5.467000
53,10,2,5.314600,5.366000,5.332000,5.386000,5.238000,5.251000
53,11,2,5.180400,5.197000,5.172000,5.211000,5.205000,5.117000
53,12,2,5.597000,5.561000,5.541000,5.623000,5.612000,5.648000
53,13,2,5.471200,5.464000,5.472000,5.506000,5.452000,5.462000
53,14,2,5.622800,5.632000,5.564000,5.622000,5.596000,5.700000
53,15,2,5.490800,5.407000,5.544000,5.566000,5.462000,5.475000
53,16,2,5.260400,5.280000,5.313000,5.250000,5.203000,5.256000
53,17,2,5.353200,5.366000,5.455000,5.359000,5.236000,5.350000
53,18,2,5.231600,5.295000,5.242000,5.220000,5.275000,5.126000
53,19,2,5.452000,5.516000,5.528000,5.263000,5.499000,5.454000
54,0,2,5.249400,5.209000,5.218000,5.166000,5.420000,5.234000
54,1,2,5.499600,5.389000,5.489000,5.408000,5.727000,5.485000
54,2,2,5.399400,5.427000,5.355000,5.313000,5.307000,5.595000
54,3,2,5.354000,5.323000,5.398000,5.343000,5.460000,5.246000
54,4,2,5.475000,5.378000,5.356000,5.557000,5.527000,5.557000
54,5,2,5.268600,5.235000,5.322000,5.219000,5.382000,5.185000
54,6,2,5.376800,5.275000,5.323000,5.377000,5.511000,5.398000
54,7,2,5.431600,5.348000,5.345000,5.444000,5.484000,5.537000
54,8,2,5.594800,5.565000,5.476000,5.622000,5.804000,5.507000
54,9,2,5.581000,5.477000,5.559000,5.592000,5.728000,5.549000
54,10,2,5.320800,5.175000,5.343000,5.287000,5.446000,5.353000
54,11,2,5.453400,5.294000,5.413000,5.435000,5.661000,5.464000
54,12,2,5.475800,5.538000,5.363000,5.524000,5.598000,5.356000
54,13,2,5.206400,5.044000,5.230000,5.214000,5.253000,5.291000
54,14,2,5.211400,5.152000,5.139000,5.227000,5.337000,5.202000
54,15,2,5.571200,5.607000,5.500000,5.497000,5.706000,5.546000
54,16,2,5.599800,5.500000,5.503000,5.664000,5.650000,5.682000
54,17,2,5.133200,5.137000,5.050000,5.102000,5.254000,5.123000
54,18,2,5.630600,5.560000,5.595000,5.612000,5.689000,5.697000
54,19,2,5.395400,5.556000,5.501000,5.345000,5.157000,5.418000
55,0,2,5.367400,5.311000,5.383000,5.163000,5.423000,5.557000
55,1,2,5.536800,5.196000,5.661000,5.697000,5.273000,5.857000
55,2,2,5.456200,5.499000,5.386000,5.419000,5.370000,5.607000
55,3,2,5.106600,5.053000,5.025000,5.198000,5.158000,5.099000
55,4,2,5.515400,5.594000,5.612000,5.323000,5.475000,5.573000
55,5,2,5.420200,5.496000,5.336000,5.377000,5.426000,5.466000
55,6,2,5.747000,5.817000,5.620000,5.751000,5.682000,5.865000
55,7,2,5.033000,5.105000,5.122000,4.966000,4.976000,4.996000
55,8,2,5.480000,5.579000,5.423000,5.474000,5.362000,5.562000
55,9,2,5.379400,5.607000,5.369000,5.174000,5.318000,5.429000
55,10,2,5.306800,5.304000,5.415000,5.219000,5.207000,5.389000
55,11,2,5.713800,5.688000,5.753000,5.730000,5.632000,5.766000
55,12,2,5.150600,5.107000,5.165000,5.136000,5.100000,5.245000
55,13,2,5.496200,5.552000,5.462000,5.468000,5.335000,5.664000
55,14,2,5.317200,5.364000,5.307000,5.311000,5.197000,5.407000
55,15,2,5.312600,5.389000,5.393000,5.262000,5.158000,5.361000
55,16,2,5.546400,5.564000,5.494000,5.475000,5.457000,5.742000
55,17,2,5.422800,5.431000,5.412000,5.413000,5.284000,5.574000
55,18,2,5.194200,5.351000,5.173000,5.154000,5.036000,5.257000
55,19,2,5.217200,5.268000,5.240000,5.244000,5.054000,5.280000
56,0,2,5.379000,4.849000,5.514000,5.617000,5.342000,5.573000
56,1,2,5.405000,5.358000,5.445000,5.388000,5.419000,5.415000
56,2,2,5.235800,5.251000,5.127000,5.216000,5.228000,5.357000
56,3,2,5.414200,5.507000,5.247000,5.391000,5.430000,5.496000
56,4,2,5.374400,5.387000,5.372000,5.384000,5.328000,5.401000
56,5,2,5.278800,5.266000,5.115000,5.244000,5.307000,5.462000
56,6,2,5.218200,5.307000,5.063000,5.209000,5.270000,5.242000
56,7,2,5.566200,5.589000,5.416000,5.564000,5.577000,5.685000
56,8,2,5.248600,5.279000,5.208000,5.199000,5.223000,5.334000
56,9,2,5.587800,5.695000,5.590000,5.465000,5.596000,5.593000
56,10,2,5.428600,5.271000,5.437000,5.414000,5.416000,5.605000
56,11,2,5.562800,5.566000,5.513000,5.574000,5.481000,5.680000
56,12,2,5.371600,5.380000,5.386000,5.302000,5.380000,5.410000
56,13,2,5.392800,5.351000,5.354000,5.400000,5.428000,5.431000
56,14,2,5.446000,5.400000,5.362000,5.468000,5.440000,5.560000
56,15,2,5.528200,5.506000,5.500000,5.407000,5.582000,5.646000
56,16,2,4.875800,4.853000,4.829000,4.876000,4.867000,4.954000
56,17,2,5.384800,5.399000,5.258000,5.361000,5.499000,5.407000
56,18,2,5.597200,5.646000,5.551000,5.516000,5.628000,5.645000
56,19,2,5.447000,5.461000,5.316000,5.408000,5.380000,5.670000
57,0,2,5.292200,5.322000,5.456000,5.249000,5.225000,5.209000
57,1,2,4.716400,4.935000,4.765000,4.691000,4.617000,4.574000
57,2,2,5.403400,5.381000,5.456000,5.358000,5.348000,5.474000
57,3,2,5.482800,5.321000,5.543000,5.524000,5.443000,5.583000
57,4,2,5.337800,5.297000,5.411000,5.388000,5.214000,5.379000
57,5,2,5.565200,5.469000,5.733000,5.654000,5.420000,5.550000
57,6,2,5.421200,5.269000,5.512000,5.525000,5.406000,5.394000
57,7,2,5.119800,5.045000,5.147000,5.189000,5.079000,5.139000
57,8,2,5.492600,5.400000,5.626000,5.509000,5.429000,5.499000
57,9,2,5.302800,5.253000,5.501000,5.299000,5.206000,5.255000
57,10,2,5.722200,5.706000,5.742000,5.717000,5.765000,5.681000
57,11,2,5.689000,5.691000,5.797000,5.668000,5.602000,5.687000
57,12,2,5.567600,5.632000,5.697000,5.655000,5.452000,5.402000
57,13,2,5.597400,5.595000,5.813000,5.585000,5.510000,5.484000
57,14,2,5.425800,5.426000,5.522000,5.417000,5.339000,5.425000
57,15,2,5.253400,5.241000,5.352000,5.272000,5.166000,5.236000
57,16,2,5.297600,5.158000,5.374000,5.323000,5.316000,5.317000
57,17,2,5.630200,5.405000,5.682000,5.767000,5.656000,5.641000
57,18,2,5.310200,5.273000,5.468000,5.345000,5.258000,5.207000
57,19,2,5.448400,5.448000,5.603000,5.457000,5.384000,5.350000
58,0,2,5.524200,5.574000,5.553000,5.482000,5.473000,5.539000
58,1,2,5.280800,5.415000,5.359000,5.229000,5.224000,5.177000
58,2,2,5.616600,5.649000,5.591000,5.547000,5.557000,5.739000
58,3,2,5.409800,5.443000,5.446000,5.268000,5.475000,5.417000
58,4,2,5.398400,5.437000,5.495000,5.277000,5.406000,5.377000
58,5,2,5.541400,5.568000,5.670000,5.432000,5.499000,5.538000
58,6,2,5.402600,5.486000,5.399000,5.354000,5.332000,5.442000
58,7,2,5.475600,5.491000,5.490000,5.455000,5.440000,5.502000
58,8,2,5.446800,5.617000,5.385000,5.469000,5.158000,5.605000
58,9,2,5.366400,5.457000,5.399000,5.230000,5.291000,5.455000
58,10,2,5.252200,5.375000,5.121000,5.166000,5.316000,5.283000
58,11,2,5.627200,5.639000,5.587000,5.572000,5.656000,5.682000
58,12,2,5.139000,5.237000,5.162000,5.051000,5.115000,5.130000
58,13,2,5.676000,5.708000,5.649000,5.724000,5.542000,5.757000
58,14,2,5.328600,5.353000,5.426000,5.252000,5.201000,5.411000
58,15,2,5.444800,5.510000,5.444000,5.379000,5.337000,5.554000
58,16,2,5.228600,5.321000,5.191000,5.253000,5.195000,5.183000
58,17,2,5.192800,5.210000,5.285000,5.114000,5.201000,5.154000
58,18,2,5.510000,5.516000,5.566000,5.466000,5.484000,5.518000
58,19,2,5.432600,5.474000,5.260000,5.451000,5.533000,5.445000
59,0,2,5.333400,5.410000,5.349000,5.252000,5.260000,5.396000
59,1,2,5.470000,5.621000,5.512000,5.287000,5.427000,5.503000
59,2,2,5.620600,5.818000,5.497000,5.491000,5.515000,5.782000
59,3,2,5.457600,5.553000,5.517000,5.539000,5.032000,5.647000
59,4,2,5.258400,5.448000,5.234000,5.063000,5.146000,5.401000
59,5,2,5.536600,5.736000,5.676000,5.335000,5.261000,5.675000
59,6,2,5.319400,5.532000,5.216000,5.216000,5.208000,5.425000
59,7,2,5.803800,5.948000,5.738000,5.777000,5.718000,5.838000
59,8,2,5.689800,5.815000,5.731000,5.618000,5.615000,5.670000
59,9,2,5.707200,5.884000,5.622000,5.538000,5.663000,5.829000
59,10,2,5.519200,5.726000,5.494000,5.412000,5.543000,5.421000
59,11,2,5.250800,5.322000,5.150000,5.249000,5.125000,5.408000
59,12,2,5.492400,5.674000,5.445000,5.447000,5.340000,5.556000
59,13,2,5.516000,5.745000,5.503000,5.551000,5.078000,5.703000
59,14,2,5.592600,5.664000,5.594000,5.514000,5.499000,5.692000
59,15,2,5.732800,5.818000,5.706000,5.713000,5.655000,5.772000
59,16,2,5.823800,6.003000,5.764000,5.695000,5.760000,5.897000
59,17,2,5.654400,5.795000,5.610000,5.571000,5.543000,5.753000
59,18,2,5.625800,5.772000,5.664000,5.525000,5.516000,5.652000
59,19,2,5.410600,5.589000,5.392000,5.275000,5.301000,5.496000
60,0,0,4.486600,4.412000,4.636000,4.463000,4.603000,4.319000
60,1,0,4.767000,4.732000,4.929000,4.757000,4.760000,4.657000
60,2,0,4.439600,4.521000,4.529000,4.389000,4.349000,4.410000
60,3,0,4.716800,4.739000,4.709000,4.598000,4.776000,4.762000
60,4,0,4.341400,4.262000,4.339000,4.323000,4.434000,4.349000
60,5,0,4.709600,4.540000,4.862000,4.718000,4.846000,4.582000
60,6,0,4.370600,4.285000,4.507000,4.378000,4.321000,4.362000
60,7,0,4.435800,4.458000,4.437000,4.424000,4.471000,4.389000
60,8,0,4.779600,4.725000,4.928000,4.740000,4.849000,4.656000
60,9,0,4.452800,4.465000,4.575000,4.362000,4.465000,4.397000
60,10,0,4.648000,4.437000,4.725000,4.658000,4.839000,4.581000
60,11,0,4.594000,4.540000,4.661000,4.596000,4.582000,4.591000
60,12,0,4.411000,4.350000,4.525000,4.370000,4.421000,4.389000
60,13,0,4.557400,4.505000,4.599000,4.606000,4.421000,4.656000
60,14,0,4.593600,4.543000,4.649000,4.587000,4.609000,4.580000
60,15,0,4.332200,4.294000,4.425000,4.259000,4.368000,4.315000
60,16,0,4.774600,4.663000,4.878000,4.684000,4.919000,4.729000
60,17,0,4.679400,4.742000,4.723000,4.618000,4.763000,4.551000
60,18,0,4.768000,4.765000,4.826000,4.732000,4.811000,4.706000
60,19,0,4.398000,4.323000,4.489000,4.297000,4.446000,4.435000
60,20,1,4.650000,4.558000,4.679000,4.639000,4.713000,4.661000
60,21,1,4.252000,4.127000,4.298000,4.298000,4.288000,4.249000
60,22,1,4.537400,4.516000,4.531000,4.618000,4.558000,4.464000
60,23,1,4.322200,4.296000,4.301000,4.329000,4.380000,4.305000
60,24,1,4.579400,4.475000,4.692000,4.622000,4.545000,4.563000
60,25,1,4.534800,4.522000,4.587000,4.560000,4.626000,4.379000
60,26,1,4.871000,4.829000,4.858000,4.846000,4.947000,4.875000
60,27,1,4.658800,4.605000,4.641000,4.679000,4.660000,4.709000
60,28,1,4.476600,4.429000,4.503000,4.485000,4.519000,4.447000
60,29,1,4.384800,4.309000,4.493000,4.275000,4.495000,4.352000
60,30,1,4.588400,4.480000,4.696000,4.569000,4.585000,4.612000
60,31,1,4.575600,4.554000,4.616000,4.650000,4.577000,4.481000
60,32,1,4.291400,4.205000,4.354000,4.273000,4.403000,4.222000
60,33,1,4.574400,4.566000,4.572000,4.616000,4.556000,4.562000
60,34,1,4.530400,4.614000,4.516000,4.540000,4.544000,4.438000
60,35,1,4.467200,4.515000,4.444000,4.502000,4.497000,4.378000
60,36,1,4.630000,4.598000,4.734000,4.535000,4.668000,4.615000
60,37,1,4.687000,4.635000,4.739000,4.571000,4.769000,4.721000
60,38,1,4.308000,4.269000,4.375000,4.260000,4.380000,4.256000
60,39,1,4.458400,4.405000,4.531000,4.392000,4.498000,4.466000
60,40,2,5.378000,5.323000,5.294000,5.389000,5.434000,5.450000
60,41,2,5.289200,5.216000,5.237000,5.360000,5.223000,5.410000
60,42,2,5.620200,5.646000,5.612000,5.563000,5.621000,5.659000
60,43,2,5.576000,5.574000,5.497000,5.582000,5.659000,5.568000
60,44,2,5.541200,5.523000,5.609000,5.504000,5.577000,5.493000
60,45,2,5.628600,5.596000,5.643000,5.715000,5.502000,5.687000
60,46,2,5.650600,5.665000,5.656000,5.687000,5.621000,5.624000
60,47,2,5.817600,5.762000,5.778000,5.832000,5.910000,5.806000
60,48,2,5.285200,5.244000,5.305000,5.294000,5.295000,5.288000
60,49,2,5.455800,4.959000,5.773000,5.191000,5.622000,5.734000
60,50,2,5.246800,5.156000,5.327000,5.191000,5.268000,5.292000
60,51,2,5.504800,5.568000,5.535000,5.425000,5.508000,5.488000
60,52,2,5.388200,5.437000,5.354000,5.417000,5.357000,5.376000
60,53,2,5.417600,5.462000,5.441000,5.388000,5.446000,5.351000
60,54,2,5.448600,5.538000,5.389000,5.480000,5.375000,5.461000
60,55,2,5.440400,5.354000,5.546000,5.452000,5.460000,5.390000
60,56,2,5.354200,5.357000,5.444000,5.448000,5.242000,5.280000
60,57,2,5.659200,5.719000,5.628000,5.557000,5.723000,5.669000
60,58,2,5.540000,5.602000,5.595000,5.402000,5.495000,5.606000
60,59,2,5.317200,5.343000,5.360000,5.255000,5.321000,5.307000
60,60,3,4.134200,4.086000,4.247000,4.193000,4.244000,3.901000
60,61,3,3.998000,3.891000,4.002000,4.143000,4.010000,3.944000
60,62,3,4.129400,4.110000,4.092000,4.145000,4.209000,4.091000
60,63,3,3.889400,3.871000,3.838000,3.870000,4.017000,3.851000
60,64,3,4.157600,4.058000,4.248000,4.181000,4.229000,4.072000
60,65,3,4.056600,4.079000,4.075000,4.092000,4.056000,3.981000
60,66,3,4.051000,4.046000,4.050000,4.169000,3.982000,4.008000
60,67,3,4.277800,4.073000,4.378000,4.349000,4.291000,4.298000
60,68,3,4.096400,3.957000,4.259000,4.135000,4.033000,4.098000
60,69,3,4.044200,4.104000,3.988000,4.130000,4.109000,3.890000
60,70,3,4.243200,4.197000,4.373000,4.250000,4.339000,4.057000
60,71,3,4.344200,4.278000,4.349000,4.403000,4.400000,4.291000
60,72,3,4.166800,4.027000,4.154000,4.201000,4.262000,4.190000
60,73,3,4.163800,4.124000,4.234000,4.122000,4.263000,4.076000
60,74,3,4.246000,4.106000,4.328000,4.222000,4.333000,4.241000
60,75,3,4.237200,4.206000,4.274000,4.273000,4.271000,4.162000
60,76,3,4.165200,4.116000,4.205000,4.156000,4.145000,4.204000
60,77,3,4.146400,4.120000,4.189000,4.147000,4.162000,4.114000
60,78,3,4.096200,3.999000,4.219000,4.156000,4.060000,4.047000
60,79,3,4.101800,4.041000,4.156000,4.252000,4.018000,4.042000
60,80,4,4.508200,4.384000,4.448000,4.605000,4.673000,4.431000
60,81,4,4.686600,4.538000,4.699000,4.698000,4.864000,4.634000
60,82,4,4.947400,4.863000,4.989000,4.917000,4.949000,5.019000
60,83,4,4.852000,4.782000,4.929000,4.811000,4.970000,4.768000
60,84,4,4.741000,4.792000,4.812000,4.749000,4.798000,4.554000
60,85,4,4.842400,4.746000,4.929000,4.810000,4.898000,4.829000
60,86,4,4.560600,4.642000,4.750000,4.503000,4.562000,4.346000
60,87,4,4.609200,4.472000,4.652000,4.582000,4.699000,4.641000
60,88,4,4.901600,4.847000,4.881000,5.013000,4.989000,4.778000
60,89,4,5.019400,4.932000,5.017000,5.113000,5.056000,4.979000
60,90,4,4.933200,4.851000,4.927000,4.891000,5.012000,4.985000
60,91,4,4.474400,4.440000,4.466000,4.520000,4.506000,4.440000
60,92,4,4.548800,4.538000,4.542000,4.616000,4.576000,4.472000
60,93,4,4.669600,4.497000,4.797000,4.709000,4.637000,4.708000
60,94,4,4.783000,4.764000,4.872000,4.757000,4.814000,4.708000
60,95,4,4.745000,4.555000,4.817000,4.693000,4.927000,4.733000
60,96,4,5.093000,5.112000,5.119000,5.052000,5.034000,5.148000
60,97,4,4.966200,4.987000,5.003000,5.035000,4.943000,4.863000
60,98,4,4.718400,4.515000,4.710000,4.731000,4.823000,4.813000
60,99,4,4.591800,4.545000,4.637000,4.643000,4.562000,4.572000
61,0,2,5.216200,5.311000,5.362000,5.175000,5.147000,5.086000
61,1,2,5.708200,5.737000,5.732000,5.587000,5.720000,5.765000
61,2,2,5.230800,5.195000,5.429000,5.141000,5.204000,5.185000
61,3,2,5.337200,5.363000,5.436000,5.301000,5.290000,5.296000
61,4,2,5.604000,5.625000,5.528000,5.635000,5.655000,5.577000
61,5,2,5.570000,5.563000,5.696000,5.291000,5.676000,5.624000
61,6,2,5.757800,5.716000,5.881000,5.830000,5.749000,5.613000
61,7,2,5.668000,5.638000,5.630000,5.742000,5.667000,5.663000
61,8,2,5.540200,5.538000,5.685000,5.554000,5.447000,5.477000
61,9,2,5.546000,5.546000,5.688000,5.365000,5.598000,5.533000
61,10,2,5.303400,5.355000,5.379000,5.126000,5.345000,5.312000
61,11,2,5.498200,5.560000,5.589000,5.544000,5.399000,5.399000
61,12,2,5.447200,5.520000,5.567000,5.392000,5.446000,5.311000
61,13,2,5.474600,5.458000,5.551000,5.531000,5.431000,5.402000
61,14,2,5.544000,5.640000,5.607000,5.501000,5.498000,5.474000
61,15,2,5.523200,5.508000,5.607000,5.542000,5.518000,5.441000
61,16,2,5.654200,5.681000,5.700000,5.611000,5.689000,5.590000
61,17,2,5.706600,5.660000,5.904000,5.740000,5.599000,5.630000
61,18,2,5.508400,5.483000,5.607000,5.420000,5.590000,5.442000
61,19,2,5.661800,5.675000,5.815000,5.461000,5.711000,5.647000
62,0,2,5.528400,5.461000,5.490000,5.605000,5.560000,5.526000
62,1,2,5.674800,5.866000,5.462000,5.669000,5.743000,5.634000
62,2,2,5.577800,5.680000,5.444000,5.543000,5.674000,5.548000
62,3,2,5.490200,5.565000,5.397000,5.513000,5.517000,5.459000
62,4,2,5.604600,5.597000,5.562000,5.622000,5.710000,5.532000
62,5,2,5.585400,5.653000,5.626000,5.472000,5.716000,5.460000
62,6,2,5.636200,5.700000,5.578000,5.579000,5.611000,5.713000
62,7,2,5.625600,5.667000,5.596000,5.632000,5.672000,5.561000
62,8,2,5.706400,5.836000,5.606000,5.744000,5.683000,5.663000
62,9,2,5.325000,5.525000,5.226000,5.265000,5.318000,5.291000
62,10,2,5.685800,5.767000,5.566000,5.627000,5.782000,5.687000
62,11,2,5.629200,5.798000,5.551000,5.565000,5.679000,5.553000
62,12,2,5.770800,5.881000,5.805000,5.741000,5.712000,5.715000
62,13,2,5.547200,5.663000,5.532000,5.517000,5.569000,5.455000
62,14,2,5.578600,5.687000,5.625000,5.571000,5.545000,5.465000
62,15,2,5.731000,5.854000,5.668000,5.677000,5.753000,5.703000
62,16,2,5.444800,5.616000,5.311000,5.393000,5.472000,5.432000
62,17,2,5.839400,5.944000,5.707000,5.824000,5.861000,5.861000
62,18,2,5.625600,5.653000,5.540000,5.665000,5.638000,5.632000
62,19,2,5.573000,5.586000,5.487000,5.652000,5.637000,5.503000
63,0,2,5.738400,5.769000,5.725000,5.766000,5.694000,5.738000
63,1,2,5.600200,5.653000,5.638000,5.631000,5.685000,5.394000
63,2,2,5.693400,5.725000,5.652000,5.736000,5.621000,5.733000
63,3,2,5.581600,5.607000,5.639000,5.585000,5.580000,5.497000
63,4,2,5.636000,5.668000,5.643000,5.675000,5.617000,5.577000
63,5,2,5.884800,5.916000,5.813000,5.905000,5.943000,5.847000
63,6,2,5.472000,5.495000,5.378000,5.427000,5.465000,5.595000
63,7,2,5.791200,5.728000,5.762000,5.837000,5.820000,5.809000
63,8,2,5.709400,5.751000,5.631000,5.737000,5.744000,5.684000
63,9,2,5.642200,5.667000,5.671000,5.713000,5.546000,5.614000
63,10,2,5.555000,5.585000,5.529000,5.667000,5.414000,5.580000
63,11,2,5.499800,5.490000,5.475000,5.526000,5.509000,5.499000
63,12,2,5.640200,5.706000,5.619000,5.654000,5.573000,5.649000
63,13,2,5.378600,5.335000,5.354000,5.552000,5.362000,5.290000
63,14,2,5.578800,5.571000,5.627000,5.600000,5.465000,5.631000
63,15,2,5.644600,5.691000,5.619000,5.673000,5.673000,5.567000
63,16,2,5.624600,5.608000,5.695000,5.675000,5.600000,5.545000
63,17,2,5.547200,5.667000,5.505000,5.509000,5.491000,5.564000
63,18,2,5.424600,5.559000,5.293000,5.403000,5.403000,5.465000
63,19,2,5.377400,5.396000,5.314000,5.521000,5.419000,5.237000
64,0,2,5.656600,5.759000,5.608000,5.686000,5.541000,5.689000
64,1,2,5.642600,5.719000,5.616000,5.803000,5.494000,5.581000
64,2,2,5.540600,5.630000,5.471000,5.575000,5.487000,5.540000
64,3,2,5.483000,5.360000,5.354000,5.641000,5.357000,5.703000
64,4,2,5.572400,5.518000,5.550000,5.615000,5.507000,5.672000
64,5,2,5.749200,5.852000,5.654000,5.753000,5.626000,5.861000
64,6,2,5.873400,5.797000,5.904000,5.922000,5.883000,5.861000
64,7,2,5.746600,5.789000,5.672000,5.811000,5.632000,5.829000
64,8,2,5.696200,5.778000,5.619000,5.706000,5.596000,5.782000
64,9,2,5.598000,5.614000,5.470000,5.730000,5.498000,5.678000
64,10,2,5.714200,5.704000,5.616000,5.868000,5.540000,5.843000
64,11,2,5.646000,5.706000,5.559000,5.667000,5.540000,5.758000
64,12,2,5.592000,5.425000,5.567000,5.711000,5.516000,5.741000
64,13,2,5.535000,5.563000,5.493000,5.579000,5.429000,5.611000
64,14,2,5.849000,5.831000,5.741000,5.919000,5.819000,5.935000
64,15,2,5.454800,5.424000,5.348000,5.543000,5.288000,5.671000
64,16,2,5.796600,5.852000,5.731000,5.751000,5.660000,5.989000
64,17,2,5.676000,5.716000,5.644000,5.685000,5.574000,5.761000
64,18,2,5.653000,5.628000,5.645000,5.781000,5.528000,5.683000
64,19,2,5.537400,5.578000,5.563000,5.502000,5.457000,5.587000
65,0,2,5.016400,4.956000,4.990000,5.089000,5.011000,5.036000
65,1,2,5.452800,5.326000,5.452000,5.438000,5.428000,5.620000
65,2,2,5.598600,5.560000,5.631000,5.547000,5.576000,5.679000
65,3,2,5.637600,5.603000,5.635000,5.631000,5.651000,5.668000
65,4,2,5.630200,5.520000,5.768000,5.524000,5.623000,5.716000
65,5,2,5.699400,5.658000,5.756000,5.710000,5.663000,5.710000
65,6,2,5.953800,5.828000,6.003000,5.842000,6.001000,6.095000
65,7,2,5.639000,5.437000,5.747000,5.621000,5.684000,5.706000
65,8,2,5.474400,5.396000,5.408000,5.515000,5.499000,5.554000
65,9,2,5.505600,5.446000,5.608000,5.408000,5.508000,5.558000
65,10,2,5.433800,5.333000,5.471000,5.468000,5.387000,5.510000
65,11,2,5.521800,5.507000,5.615000,5.502000,5.441000,5.544000
65,12,2,5.644600,5.587000,5.731000,5.640000,5.627000,5.638000
65,13,2,5.603400,5.430000,5.676000,5.543000,5.694000,5.674000
65,14,2,5.266600,5.228000,5.293000,5.314000,5.243000,5.255000
65,15,2,5.855600,5.797000,5.895000,5.802000,5.913000,5.871000
65,16,2,5.603800,5.546000,5.546000,5.560000,5.607000,5.760000
65,17,2,5.335400,5.258000,5.397000,5.346000,5.307000,5.369000
65,18,2,5.737400,5.626000,5.788000,5.747000,5.745000,5.781000
65,19,2,5.609200,5.462000,5.669000,5.649000,5.638000,5.628000
66,0,2,5.798400,5.716000,5.713000,5.792000,5.884000,5.887000
66,1,2,5.774400,5.785000,5.739000,5.846000,5.745000,5.757000
66,2,2,5.484400,5.428000,5.403000,5.624000,5.617000,5.350000
66,3,2,5.886000,5.815000,5.799000,5.952000,5.979000,5.885000
66,4,2,5.569200,5.590000,5.565000,5.477000,5.795000,5.419000
66,5,2,5.640600,5.694000,5.604000,5.703000,5.623000,5.579000
66,6,2,5.751600,5.603000,5.720000,5.850000,5.840000,5.745000
66,7,2,5.883400,5.858000,5.871000,5.940000,6.004000,5.744000
66,8,2,5.744600,5.761000,5.690000,5.791000,5.702000,5.779000
66,9,2,5.885000,5.837000,5.889000,5.786000,6.026000,5.887000
66,10,2,5.791600,5.739000,5.880000,5.814000,5.889000,5.636000
66,11,2,5.587400,5.631000,5.488000,5.613000,5.655000,5.550000
66,12,2,5.620200,5.639000,5.449000,5.656000,5.751000,5.606000
66,13,2,5.749400,5.666000,5.741000,5.772000,5.818000,5.750000
66,14,2,5.640200,5.744000,5.489000,5.720000,5.615000,5.633000
66,15,2,5.345000,5.479000,5.257000,5.336000,5.357000,5.296000
66,16,2,5.694400,5.738000,5.708000,5.663000,5.676000,5.687000
66,17,2,5.756400,5.705000,5.735000,5.839000,5.791000,5.712000
66,18,2,5.825600,5.843000,5.733000,5.924000,5.842000,5.786000
66,19,2,5.519600,5.549000,5.362000,5.552000,5.636000,5.499000
67,0,2,5.832000,5.891000,5.831000,5.889000,5.791000,5.758000
67,1,2,5.454600,5.492000,5.394000,5.439000,5.504000,5.444000
67,2,2,5.779800,5.587000,5.844000,5.901000,5.731000,5.836000
67,3,2,5.763000,5.636000,5.839000,5.732000,5.736000,5.872000
67,4,2,5.470600,5.459000,5.509000,5.526000,5.383000,5.476000
67,5,2,5.883600,5.879000,5.948000,5.942000,5.764000,5.885000
67,6,2,5.798800,5.714000,5.769000,5.917000,5.754000,5.840000
67,7,2,5.784000,5.775000,5.736000,5.769000,5.753000,5.887000
67,8,2,5.794200,5.840000,5.873000,5.810000,5.639000,5.809000
67,9,2,5.698000,5.705000,5.681000,5.696000,5.687000,5.721000
67,10,2,5.637400,5.611000,5.665000,5.581000,5.675000,5.655000
67,11,2,5.671800,5.746000,5.619000,5.647000,5.708000,5.639000
67,12,2,5.570000,5.623000,5.420000,5.663000,5.569000,5.575000
67,13,2,5.744400,5.777000,5.741000,5.732000,5.695000,5.777000
67,14,2,5.178400,5.055000,5.220000,5.314000,5.113000,5.190000
67,15,2,5.715200,5.793000,5.705000,5.736000,5.669000,5.673000
67,16,2,5.770200,5.801000,5.759000,5.750000,5.755000,5.786000
67,17,2,5.598800,5.670000,5.585000,5.600000,5.555000,5.584000
67,18,2,5.694200,5.694000,5.668000,5.782000,5.643000,5.684000
67,19,2,5.535200,5.642000,5.619000,5.468000,5.380000,5.567000
68,0,2,5.641600,5.601000,5.654000,5.608000,5.672000,5.673000
68,1,2,5.860000,5.878000,5.991000,5.719000,5.883000,5.829000
68,2,2,5.683200,5.610000,5.709000,5.691000,5.665000,5.741000
68,3,2,6.053400,6.138000,6.073000,6.044000,5.958000,6.054000
68,4,2,5.786400,5.876000,5.765000,5.736000,5.691000,5.864000
68,5,2,5.689600,5.539000,5.867000,5.656000,5.646000,5.740000
68,6,2,5.632600,5.795000,5.704000,5.432000,5.439000,5.793000
68,7,2,5.652600,5.618000,5.714000,5.621000,5.606000,5.704000
68,8,2,5.867800,5.807000,5.792000,5.951000,5.879000,5.910000
68,9,2,5.658200,5.666000,5.641000,5.539000,5.705000,5.740000
68,10,2,5.552400,5.525000,5.645000,5.454000,5.552000,5.586000
68,11,2,5.749000,5.711000,5.750000,5.656000,5.710000,5.918000
68,12,2,5.592800,5.609000,5.564000,5.558000,5.523000,5.710000
68,13,2,5.706400,5.674000,5.744000,5.623000,5.692000,5.799000
68,14,2,5.640400,5.635000,5.728000,5.575000,5.614000,5.650000
68,15,2,5.783600,5.802000,5.896000,5.687000,5.727000,5.806000
68,16,2,5.552400,5.633000,5.659000,5.486000,5.437000,5.547000
68,17,2,5.379800,5.411000,5.495000,5.178000,5.347000,5.468000
68,18,2,5.653600,5.636000,5.639000,5.682000,5.644000,5.667000
68,19,2,5.447600,5.472000,5.495000,5.138000,5.482000,5.651000
69,0,2,5.575200,5.571000,5.554000,5.608000,5.639000,5.504000
69,1,2,5.570600,5.570000,5.478000,5.627000,5.664000,5.514000
69,2,2,5.628000,5.415000,5.871000,5.574000,5.628000,5.652000
69,3,2,5.533200,5.420000,5.551000,5.561000,5.563000,5.571000
69,4,2,5.664800,5.548000,5.758000,5.658000,5.709000,5.651000
69,5,2,5.435600,5.386000,5.351000,5.547000,5.444000,5.450000
69,6,2,5.541200,5.607000,5.487000,5.563000,5.603000,5.446000
69,7,2,5.745800,5.638000,5.764000,5.762000,5.861000,5.704000
69,8,2,5.753200,5.703000,5.724000,5.819000,5.884000,5.636000
69,9,2,5.841400,5.843000,5.745000,5.881000,5.893000,5.845000
69,10,2,5.653800,5.617000,5.688000,5.572000,5.790000,5.602000
69,11,2,5.814800,5.791000,5.721000,5.858000,5.958000,5.746000
69,12,2,5.734800,5.613000,5.777000,5.757000,5.813000,5.714000
69,13,2,5.559000,5.532000,5.533000,5.481000,5.727000,5.522000
69,14,2,5.714800,5.646000,5.717000,5.787000,5.733000,5.691000
69,15,2,5.437400,5.412000,5.244000,5.499000,5.642000,5.390000
69,16,2,5.820400,5.752000,5.842000,5.856000,5.846000,5.806000
69,17,2,5.417000,5.430000,5.405000,5.447000,5.463000,5.340000
69,18,2,5.576600,5.572000,5.526000,5.599000,5.716000,5.470000
69,19,2,5.448200,5.496000,5.419000,5.476000,5.489000,5.361000
70,0,0,4.407000,4.454000,4.359000,4.427000,4.374000,4.421000
70,1,0,4.359600,4.367000,4.415000,4.425000,4.290000,4.301000
70,2,0,4.362000,4.372000,4.264000,4.444000,4.290000,4.440000
70,3,0,4.226600,4.218000,4.150000,4.274000,4.244000,4.247000
70,4,0,4.357000,4.269000,4.293000,4.485000,4.418000,4.320000
70,5,0,4.245800,4.332000,4.237000,4.163000,4.251000,4.246000
70,6,0,4.261400,4.242000,4.249000,4.179000,4.320000,4.317000
70,7,0,4.372400,4.455000,4.352000,4.407000,4.247000,4.401000
70,8,0,4.567400,4.517000,4.613000,4.581000,4.439000,4.687000
70,9,0,4.395000,4.385000,4.389000,4.449000,4.400000,4.352000
70,10,0,4.216800,4.148000,4.184000,4.256000,4.257000,4.239000
70,11,0,4.328000,4.277000,4.379000,4.294000,4.345000,4.345000
70,12,0,4.344800,4.366000,4.303000,4.349000,4.337000,4.369000
70,13,0,4.310200,4.228000,4.361000,4.434000,4.179000,4.349000
70,14,0,4.349800,4.326000,4.397000,4.265000,4.373000,4.388000
70,15,0,4.467000,4.448000,4.443000,4.469000,4.465000,4.510000
70,16,0,4.388600,4.377000,4.372000,4.410000,4.377000,4.407000
70,17,0,4.412400,4.425000,4.384000,4.398000,4.332000,4.523000
70,18,0,4.348200,4.244000,4.448000,4.458000,4.284000,4.307000
70,19,0,4.108200,4.123000,4.120000,4.198000,4.050000,4.050000
70,20,1,4.258000,4.239000,4.215000,4.274000,4.212000,4.350000
70,21,1,4.409000,4.208000,4.379000,4.459000,4.484000,4.515000
70,22,1,4.636200,4.524000,4.733000,4.680000,4.538000,4.706000
70,23,1,4.478600,4.317000,4.550000,4.473000,4.425000,4.628000
70,24,1,4.493800,4.429000,4.604000,4.504000,4.393000,4.539000
70,25,1,4.664800,4.536000,4.770000,4.681000,4.630000,4.707000
70,26,1,4.460600,4.491000,4.505000,4.462000,4.370000,4.475000
70,27,1,4.578000,4.635000,4.569000,4.644000,4.435000,4.607000
70,28,1,4.454800,4.411000,4.545000,4.471000,4.389000,4.458000
70,29,1,4.463600,4.319000,4.401000,4.543000,4.535000,4.520000
70,30,1,4.486200,4.464000,4.498000,4.517000,4.417000,4.535000
70,31,1,4.411600,4.334000,4.392000,4.552000,4.248000,4.532000
70,32,1,4.452800,4.534000,4.415000,4.392000,4.437000,4.486000
70,33,1,4.495800,4.353000,4.527000,4.586000,4.431000,4.582000
70,34,1,4.430200,4.449000,4.446000,4.474000,4.295000,4.487000
70,35,1,4.463600,4.363000,4.548000,4.480000,4.421000,4.506000
70,36,1,4.434000,4.320000,4.589000,4.343000,4.358000,4.560000
70,37,1,4.504200,4.314000,4.453000,4.595000,4.613000,4.546000
70,38,1,4.560600,4.430000,4.620000,4.570000,4.499000,4.684000
70,39,1,4.297000,4.268000,4.352000,4.304000,4.233000,4.328000
70,40,2,5.788000,5.804000,5.839000,5.885000,5.425000,5.987000
70,41,2,5.791800,5.704000,5.769000,5.906000,5.702000,5.878000
70,42,2,5.569600,5.538000,5.599000,5.627000,5.422000,5.662000
70,43,2,5.759800,5.760000,5.796000,5.793000,5.721000,5.729000
70,44,2,5.877600,6.009000,5.884000,5.863000,5.707000,5.925000
70,45,2,5.842400,5.855000,5.805000,5.882000,5.774000,5.896000
70,46,2,5.820000,5.729000,5.894000,5.869000,5.691000,5.917000
70,47,2,5.724200,5.691000,5.871000,5.695000,5.549000,5.815000
70,48,2,5.845600,5.737000,5.778000,6.025000,5.751000,5.937000
70,49,2,5.827800,5.787000,5.844000,5.851000,5.805000,5.852000
70,50,2,5.685000,5.619000,5.745000,5.765000,5.636000,5.660000
70,51,2,5.847000,5.764000,5.884000,5.815000,5.796000,5.976000
70,52,2,5.804000,5.816000,5.684000,5.891000,5.785000,5.844000
70,53,2,5.868400,5.895000,5.892000,5.910000,5.752000,5.893000
70,54,2,5.552800,5.516000,5.429000,5.658000,5.392000,5.769000
70,55,2,5.897800,5.835000,5.997000,5.944000,5.804000,5.909000
70,56,2,5.600200,5.504000,5.662000,5.618000,5.436000,5.781000
70,57,2,5.793000,5.870000,5.779000,5.827000,5.707000,5.782000
70,58,2,5.461600,5.438000,5.434000,5.427000,5.417000,5.592000
70,59,2,5.728000,5.640000,5.899000,5.723000,5.596000,5.782000
70,60,3,4.141400,4.164000,4.018000,4.184000,4.151000,4.190000
70,61,3,4.297400,4.223000,4.224000,4.335000,4.287000,4.418000
70,62,3,4.223800,4.154000,4.216000,4.127000,4.258000,4.364000
70,63,3,4.246400,4.103000,4.257000,4.344000,4.165000,4.363000
70,64,3,4.265400,4.155000,4.301000,4.334000,4.291000,4.246000
70,65,3,4.302200,4.319000,4.176000,4.406000,4.212000,4.398000
70,66,3,4.252600,4.247000,4.251000,4.320000,4.241000,4.204000
70,67,3,4.235800,4.224000,4.148000,4.176000,4.216000,4.415000
70,68,3,4.232000,4.196000,4.193000,4.278000,4.145000,4.348000
70,69,3,4.460400,4.400000,4.451000,4.596000,4.296000,4.559000
70,70,3,4.212800,4.149000,4.159000,4.196000,4.225000,4.335000
70,71,3,4.120400,4.049000,4.024000,4.228000,4.113000,4.188000
70,72,3,4.261400,4.155000,4.287000,4.272000,4.262000,4.331000
70,73,3,4.255200,4.218000,4.253000,4.232000,4.276000,4.297000
70,74,3,4.214000,4.144000,4.227000,4.291000,4.024000,4.384000
70,75,3,4.155400,4.224000,4.044000,4.180000,4.140000,4.189000
70,76,3,4.224400,4.135000,4.210000,4.298000,4.051000,4.428000
70,77,3,4.060400,4.071000,3.905000,4.107000,4.134000,4.085000
70,78,3,4.294600,4.260000,4.300000,4.179000,4.343000,4.391000
70,79,3,4.172800,4.091000,4.107000,4.246000,4.202000,4.218000
70,80,4,4.595200,4.408000,4.603000,4.626000,4.608000,4.731000
70,81,4,4.943400,4.717000,4.922000,5.128000,4.872000,5.078000
70,82,4,4.483000,4.272000,4.481000,4.595000,4.513000,4.554000
70,83,4,4.649600,4.564000,4.655000,4.662000,4.627000,4.740000
70,84,4,4.800200,4.714000,4.803000,4.784000,4.863000,4.837000
70,85,4,4.739600,4.773000,4.722000,4.824000,4.582000,4.797000
70,86,4,4.566400,4.500000,4.663000,4.559000,4.464000,4.646000
70,87,4,4.526200,4.518000,4.412000,4.462000,4.633000,4.606000
70,88,4,4.719400,4.426000,4.840000,4.772000,4.771000,4.788000
70,89,4,4.954400,4.918000,4.924000,5.004000,4.931000,4.995000
70,90,4,4.843800,4.820000,4.874000,4.902000,4.709000,4.914000
70,91,4,4.867800,4.794000,4.796000,4.871000,4.920000,4.958000
70,92,4,4.804400,4.768000,4.847000,4.856000,4.741000,4.810000
70,93,4,4.705600,4.681000,4.743000,4.653000,4.735000,4.716000
70,94,4,4.686600,4.575000,4.653000,4.785000,4.677000,4.743000
70,95,4,4.729600,4.707000,4.738000,4.789000,4.694000,4.720000
70,96,4,4.714000,4.620000,4.563000,4.807000,4.761000,4.819000
70,97,4,4.906600,4.849000,4.804000,4.996000,4.883000,5.001000
70,98,4,4.567400,4.471000,4.596000,4.580000,4.518000,4.672000
70,99,4,4.898000,4.723000,4.911000,4.925000,4.959000,4.972000
71,0,2,5.561800,5.578000,5.504000,5.478000,5.685000,5.564000
71,1,2,5.837200,5.774000,5.884000,5.907000,5.754000,5.867000
71,2,2,5.729600,5.665000,5.730000,5.722000,5.836000,5.695000
71,3,2,5.605600,5.576000,5.532000,5.519000,5.736000,5.665000
71,4,2,5.967400,5.916000,5.923000,5.902000,6.162000,5.934000
71,5,2,5.670400,5.643000,5.740000,5.492000,5.823000,5.654000
71,6,2,5.537800,5.539000,5.422000,5.399000,5.646000,5.683000
71,7,2,5.595000,5.593000,5.586000,5.577000,5.624000,5.595000
71,8,2,5.243000,5.175000,5.172000,5.269000,5.296000,5.303000
71,9,2,5.645600,5.695000,5.579000,5.623000,5.777000,5.554000
71,10,2,5.246600,5.275000,5.176000,5.064000,5.512000,5.206000
71,11,2,5.576600,5.651000,5.498000,5.558000,5.748000,5.428000
71,12,2,5.489800,5.472000,5.333000,5.464000,5.725000,5.455000
71,13,2,5.632800,5.618000,5.605000,5.563000,5.793000,5.585000
71,14,2,5.757000,5.684000,5.809000,5.661000,5.864000,5.767000
71,15,2,5.999400,5.959000,6.026000,5.837000,6.194000,5.981000
71,16,2,5.748400,5.726000,5.789000,5.605000,5.918000,5.704000
71,17,2,5.680400,5.737000,5.718000,5.620000,5.817000,5.510000
71,18,2,5.825200,5.785000,5.809000,5.814000,6.045000,5.673000
71,19,2,5.799000,5.844000,5.803000,5.641000,5.912000,5.795000
72,0,2,5.695200,5.670000,5.677000,5.672000,5.715000,5.742000
72,1,2,5.507400,5.419000,5.622000,5.408000,5.635000,5.453000
72,2,2,5.394200,5.298000,5.511000,5.468000,5.371000,5.323000
72,3,2,5.705400,5.675000,5.689000,5.708000,5.784000,5.671000
72,4,2,5.740000,5.673000,5.740000,5.711000,5.869000,5.707000
72,5,2,6.043600,6.094000,6.106000,6.144000,5.945000,5.929000
72,6,2,5.873200,5.911000,5.999000,5.878000,5.827000,5.751000
72,7,2,5.757000,5.675000,5.797000,5.800000,5.767000,5.746000
72,8,2,5.843000,5.721000,5.840000,5.952000,5.936000,5.766000
72,9,2,5.639000,5.636000,5.832000,5.596000,5.691000,5.440000
72,10,2,5.825200,5.749000,5.843000,5.881000,5.945000,5.708000
72,11,2,5.715400,5.778000,5.692000,5.696000,5.757000,5.654000
72,12,2,5.642800,5.520000,5.674000,5.616000,5.798000,5.606000
72,13,2,5.824800,5.698000,5.774000,5.897000,5.924000,5.831000
72,14,2,5.443000,5.287000,5.466000,5.422000,5.633000,5.407000
72,15,2,5.868400,5.749000,5.836000,5.827000,6.053000,5.877000
72,16,2,5.818800,5.673000,5.965000,5.857000,5.824000,5.775000
72,17,2,5.852800,5.803000,5.818000,5.902000,5.966000,5.775000
72,18,2,5.868400,5.854000,6.030000,5.854000,5.709000,5.895000
72,19,2,5.907800,5.917000,5.964000,5.890000,5.894000,5.874000
73,0,2,5.788800,5.875000,5.715000,5.797000,5.788000,5.769000
73,1,2,5.709000,5.831000,5.595000,5.737000,5.669000,5.713000
73,2,2,5.791000,5.939000,5.623000,5.850000,5.776000,5.767000
73,3,2,5.675600,5.732000,5.536000,5.753000,5.777000,5.580000
73,4,2,5.797200,5.890000,5.494000,5.862000,5.888000,5.852000
73,5,2,5.688000,5.788000,5.479000,5.629000,5.732000,5.812000
73,6,2,5.399000,5.570000,5.334000,5.402000,5.347000,5.342000
73,7,2,5.929200,6.051000,5.767000,5.924000,6.022000,5.882000
73,8,2,5.926600,5.951000,5.873000,5.970000,5.986000,5.853000
73,9,2,5.271400,5.320000,5.282000,5.184000,5.266000,5.305000
73,10,2,5.794600,5.811000,5.652000,5.779000,5.766000,5.965000
73,11,2,5.770600,5.858000,5.699000,5.833000,5.787000,5.676000
73,12,2,5.624800,5.602000,5.444000,5.687000,5.710000,5.681000
73,13,2,5.843800,5.953000,5.753000,5.932000,5.766000,5.815000
73,14,2,5.769000,5.817000,5.469000,5.833000,5.841000,5.885000
73,15,2,5.696200,5.904000,5.628000,5.628000,5.625000,5.696000
73,16,2,6.006000,6.177000,5.913000,5.921000,6.062000,5.957000
73,17,2,5.761000,5.828000,5.626000,5.825000,5.795000,5.731000
73,18,2,5.646800,5.694000,5.565000,5.558000,5.769000,5.648000
73,19,2,5.883000,6.027000,5.645000,5.813000,6.006000,5.924000
74,0,2,5.774600,5.813000,5.734000,5.741000,5.827000,5.758000
74,1,2,5.653400,5.689000,5.790000,5.615000,5.609000,5.564000
74,2,2,5.602600,5.561000,5.687000,5.634000,5.620000,5.511000
74,3,2,5.723000,5.712000,5.750000,5.712000,5.740000,5.701000
74,4,2,6.038200,6.174000,6.139000,6.041000,6.126000,5.711000
74,5,2,5.977800,5.938000,6.107000,5.997000,5.943000,5.904000
74,6,2,5.939600,5.934000,6.034000,5.846000,5.982000,5.902000
74,7,2,5.582600,5.672000,5.610000,5.598000,5.516000,5.517000
74,8,2,5.678400,5.586000,5.789000,5.758000,5.647000,5.612000
74,9,2,5.818000,5.927000,5.902000,5.702000,5.852000,5.707000
74,10,2,5.426000,5.541000,5.487000,5.356000,5.357000,5.389000
74,11,2,5.573600,5.616000,5.674000,5.489000,5.539000,5.550000
74,12,2,5.580600,5.650000,5.639000,5.558000,5.592000,5.464000
74,13,2,5.345200,5.341000,5.379000,5.258000,5.414000,5.334000
74,14,2,5.648800,5.730000,5.796000,5.501000,5.602000,5.615000
74,15,2,5.213600,5.243000,5.280000,5.039000,5.192000,5.314000
74,16,2,5.324400,5.389000,5.248000,5.388000,5.256000,5.341000
74,17,2,5.784200,5.747000,5.838000,5.768000,5.810000,5.758000
74,18,2,5.657400,5.795000,5.614000,5.625000,5.580000,5.673000
74,19,2,5.890800,5.987000,5.998000,5.732000,5.918000,5.819000
75,0,2,5.836200,5.752000,5.864000,5.759000,5.802000,6.004000
75,1,2,5.999200,5.913000,5.893000,6.063000,6.068000,6.059000
75,2,2,5.590200,5.297000,5.552000,5.575000,5.683000,5.844000
75,3,2,5.513800,5.322000,5.418000,5.564000,5.652000,5.613000
75,4,2,5.749000,5.665000,5.596000,5.756000,5.930000,5.798000
75,5,2,5.700600,5.693000,5.628000,5.738000,5.661000,5.783000
75,6,2,5.608000,5.531000,5.547000,5.643000,5.618000,5.701000
75,7,2,5.732600,5.709000,5.631000,5.830000,5.700000,5.793000
75,8,2,5.818000,5.718000,5.751000,5.717000,6.015000,5.889000
75,9,2,5.159400,5.175000,4.936000,5.115000,5.326000,5.245000
75,10,2,5.611800,5.541000,5.556000,5.650000,5.636000,5.676000
75,11,2,5.889600,5.898000,5.802000,5.833000,5.933000,5.982000
75,12,2,5.795000,5.758000,5.783000,5.780000,5.943000,5.711000
75,13,2,5.767000,5.614000,5.709000,5.910000,5.810000,5.792000
75,14,2,5.649400,5.509000,5.558000,5.717000,5.719000,5.744000
75,15,2,5.369800,5.146000,5.284000,5.487000,5.435000,5.497000
75,16,2,5.616600,5.497000,5.471000,5.778000,5.577000,5.760000
75,17,2,5.337000,5.211000,5.251000,5.322000,5.470000,5.431000
75,18,2,5.678400,5.598000,5.629000,5.648000,5.727000,5.790000
75,19,2,5.972600,5.934000,6.006000,5.883000,5.911000,6.129000
76,0,2,5.513200,5.358000,5.427000,5.699000,5.506000,5.576000
76,1,2,5.799600,5.787000,5.752000,5.970000,5.714000,5.775000
76,2,2,5.941000,5.862000,6.015000,6.050000,5.764000,6.014000
76,3,2,5.680600,5.703000,5.633000,5.798000,5.541000,5.728000
76,4,2,6.013600,5.913000,6.041000,6.185000,6.003000,5.926000
76,5,2,5.606400,5.444000,5.607000,5.775000,5.601000,5.605000
76,6,2,5.786800,5.677000,5.698000,5.913000,5.838000,5.808000
76,7,2,5.630800,5.456000,5.700000,5.792000,5.592000,5.614000
76,8,2,5.798800,5.628000,5.914000,5.956000,5.709000,5.787000
76,9,2,5.858600,5.797000,5.878000,5.924000,5.828000,5.866000
76,10,2,6.091600,5.940000,6.185000,6.151000,6.083000,6.099000
76,11,2,5.809200,5.748000,5.784000,5.950000,5.785000,5.779000
76,12,2,5.484600,5.354000,5.466000,5.592000,5.504000,5.507000
76,13,2,5.925800,5.780000,5.998000,6.065000,5.848000,5.938000
76,14,2,6.123800,5.971000,6.086000,6.196000,6.158000,6.208000
76,15,2,5.799800,5.722000,5.698000,6.013000,5.762000,5.804000
76,16,2,5.552800,5.464000,5.629000,5.627000,5.471000,5.573000
76,17,2,5.911200,5.663000,6.011000,6.053000,5.833000,5.996000
76,18,2,5.699200,5.574000,5.569000,5.885000,5.741000,5.727000
76,19,2,5.821000,5.773000,5.852000,5.958000,5.735000,5.787000
77,0,2,5.489200,5.467000,5.683000,5.441000,5.489000,5.366000
77,1,2,5.728200,5.674000,5.836000,5.864000,5.725000,5.542000
77,2,2,6.020600,6.038000,6.101000,5.992000,6.009000,5.963000
77,3,2,5.933600,5.861000,6.082000,5.924000,5.962000,5.839000
77,4,2,5.742600,5.764000,5.734000,5.750000,5.717000,5.748000
77,5,2,5.786800,5.717000,5.992000,5.842000,5.770000,5.613000
77,6,2,6.044800,5.882000,6.119000,6.149000,6.002000,6.072000
77,7,2,5.858200,5.868000,5.977000,5.865000,5.843000,5.738000
77,8,2,5.656000,5.576000,5.797000,5.696000,5.636000,5.575000
77,9,2,5.987800,5.966000,6.055000,6.038000,5.958000,5.922000
77,10,2,5.632800,5.639000,5.680000,5.515000,5.662000,5.668000
77,11,2,5.876400,5.756000,5.989000,6.001000,5.881000,5.755000
77,12,2,5.796600,5.803000,5.921000,5.891000,5.651000,5.717000
77,13,2,5.976000,6.054000,5.930000,5.967000,6.048000,5.881000
77,14,2,5.768200,5.809000,5.881000,5.723000,5.695000,5.733000
77,15,2,5.606000,5.525000,5.673000,5.600000,5.644000,5.588000
77,16,2,5.877400,5.968000,5.897000,5.875000,5.923000,5.724000
77,17,2,5.722600,5.692000,5.745000,5.753000,5.787000,5.636000
77,18,2,5.615200,5.582000,5.602000,5.694000,5.647000,5.551000
77,19,2,5.634000,5.767000,5.694000,5.683000,5.526000,5.500000
78,0,2,5.874400,5.942000,5.762000,5.871000,5.858000,5.939000
78,1,2,5.958600,6.033000,6.002000,5.887000,5.914000,5.957000
78,2,2,5.611800,5.758000,5.529000,5.517000,5.590000,5.665000
78,3,2,6.153600,6.315000,6.082000,6.098000,6.052000,6.221000
78,4,2,5.980200,6.104000,5.970000,5.778000,6.016000,6.033000
78,5,2,5.842000,5.891000,5.823000,5.754000,5.798000,5.944000
78,6,2,5.886600,5.986000,5.805000,5.802000,5.868000,5.972000
78,7,2,5.865200,6.014000,5.842000,5.772000,5.814000,5.884000
78,8,2,6.034800,6.166000,6.036000,6.002000,5.912000,6.058000
78,9,2,5.800400,5.973000,5.705000,5.780000,5.729000,5.815000
78,10,2,5.845000,5.958000,5.792000,5.813000,5.838000,5.824000
78,11,2,5.824200,5.958000,5.722000,5.728000,5.874000,5.839000
78,12,2,5.987400,6.044000,5.973000,5.935000,5.891000,6.094000
78,13,2,5.947200,6.095000,5.942000,5.910000,5.819000,5.970000
78,14,2,5.958400,6.064000,5.969000,5.859000,5.958000,5.942000
78,15,2,5.987600,6.065000,5.994000,5.959000,5.976000,5.944000
78,16,2,6.101200,6.172000,6.047000,6.099000,6.008000,6.180000
78,17,2,5.778200,5.857000,5.701000,5.688000,5.780000,5.865000
78,18,2,5.740000,5.816000,5.690000,5.656000,5.758000,5.780000
78,19,2,5.922600,5.997000,5.865000,5.869000,5.840000,6.042000
79,0,2,5.796000,5.727000,5.746000,5.807000,5.801000,5.899000
79,1,2,5.923200,5.927000,6.000000,5.888000,5.815000,5.986000
79,2,2,5.656000,5.555000,5.612000,5.759000,5.623000,5.731000
79,3,2,6.074600,6.073000,6.074000,6.093000,5.995000,6.138000
79,4,2,5.892800,5.764000,5.882000,5.989000,5.808000,6.021000
79,5,2,5.757400,5.698000,5.747000,5.806000,5.617000,5.919000
79,6,2,5.832200,5.857000,5.918000,5.863000,5.626000,5.897000
79,7,2,5.671400,5.602000,5.656000,5.645000,5.676000,5.778000
79,8,2,6.055600,6.035000,6.054000,6.086000,6.052000,6.051000
79,9,2,5.836800,5.837000,5.798000,5.921000,5.755000,5.873000
79,10,2,5.970600,5.950000,5.987000,5.917000,5.894000,6.105000
79,11,2,5.990800,5.875000,5.868000,6.104000,5.957000,6.150000
79,12,2,5.788600,5.659000,5.773000,5.916000,5.709000,5.886000
79,13,2,5.591000,5.439000,5.583000,5.688000,5.536000,5.709000
79,14,2,5.892000,5.826000,5.957000,5.869000,5.860000,5.948000
79,15,2,5.718000,5.688000,5.640000,5.712000,5.748000,5.802000
79,16,2,5.965600,5.946000,6.104000,5.966000,5.774000,6.038000
79,17,2,6.061000,6.188000,6.168000,6.124000,5.641000,6.184000
79,18,2,5.522000,5.451000,5.563000,5.580000,5.455000,5.561000
79,19,2,5.716000,5.696000,5.717000,5.741000,5.714000,5.712000
80,0,0,4.647000,4.742000,4.638000,4.511000,4.561000,4.783000
80,1,0,4.577800,4.678000,4.603000,4.540000,4.469000,4.599000
80,2,0,4.379400,4.411000,4.489000,4.365000,4.378000,4.254000
80,3,0,4.474600,4.617000,4.448000,4.328000,4.475000,4.505000
80,4,0,4.432000,4.584000,4.455000,4.486000,4.354000,4.281000
80,5,0,4.508800,4.643000,4.577000,4.442000,4.428000,4.454000
80,6,0,4.524400,4.721000,4.581000,4.468000,4.382000,4.470000
80,7,0,4.546400,4.602000,4.576000,4.510000,4.488000,4.556000
80,8,0,4.322000,4.333000,4.341000,4.316000,4.287000,4.333000
80,9,0,4.503800,4.494000,4.632000,4.455000,4.442000,4.496000
80,10,0,4.525200,4.550000,4.628000,4.532000,4.430000,4.486000
80,11,0,4.476800,4.572000,4.593000,4.437000,4.379000,4.403000
80,12,0,4.461800,4.652000,4.449000,4.492000,4.352000,4.364000
80,13,0,4.376400,4.462000,4.490000,4.266000,4.280000,4.384000
80,14,0,4.558800,4.640000,4.630000,4.531000,4.419000,4.574000
80,15,0,4.432600,4.525000,4.599000,4.324000,4.356000,4.359000
80,16,0,4.380200,4.390000,4.456000,4.334000,4.240000,4.481000
80,17,0,4.440200,4.353000,4.462000,4.540000,4.479000,4.367000
80,18,0,4.433800,4.405000,4.665000,4.356000,4.464000,4.279000
80,19,0,4.586200,4.685000,4.645000,4.575000,4.529000,4.497000
80,20,1,4.273200,4.228000,4.366000,4.313000,4.192000,4.267000
80,21,1,4.351400,4.485000,4.477000,4.314000,4.242000,4.239000
80,22,1,4.199600,4.268000,4.275000,4.012000,4.152000,4.291000
80,23,1,4.289000,4.398000,4.289000,4.268000,4.252000,4.238000
80,24,1,4.243600,4.307000,4.341000,4.123000,4.230000,4.217000
80,25,1,4.425400,4.480000,4.517000,4.423000,4.397000,4.310000
80,26,1,4.196000,4.309000,4.236000,4.100000,4.148000,4.187000
80,27,1,4.530200,4.578000,4.566000,4.482000,4.476000,4.549000
80,28,1,4.365400,4.439000,4.407000,4.390000,4.233000,4.358000
80,29,1,4.203400,4.224000,4.411000,4.075000,4.133000,4.174000
80,30,1,4.357000,4.505000,4.263000,4.415000,4.306000,4.296000
80,31,1,4.453600,4.549000,4.496000,4.450000,4.413000,4.360000
80,32,1,4.345400,4.357000,4.448000,4.242000,4.309000,4.371000
80,33,1,4.309800,4.494000,4.416000,4.118000,4.228000,4.293000
80,34,1,4.411000,4.363000,4.512000,4.332000,4.394000,4.454000
80,35,1,4.501000,4.602000,4.623000,4.501000,4.271000,4.508000
80,36,1,4.353000,4.431000,4.422000,4.222000,4.324000,4.366000
80,37,1,4.378200,4.518000,4.496000,4.146000,4.428000,4.303000
80,38,1,4.501200,4.614000,4.511000,4.376000,4.526000,4.479000
80,39,1,4.283200,4.383000,4.251000,4.156000,4.248000,4.378000
80,40,2,5.766400,5.840000,5.809000,5.683000,5.671000,5.829000
80,41,2,5.717400,5.609000,5.832000,5.831000,5.591000,5.724000
80,42,2,6.002800,5.921000,6.182000,6.048000,5.905000,5.958000
80,43,2,6.187800,6.195000,6.338000,6.094000,6.110000,6.202000
80,44,2,5.762800,5.833000,5.933000,5.644000,5.700000,5.704000
80,45,2,5.888800,5.932000,5.929000,5.865000,5.766000,5.952000
80,46,2,5.657400,5.635000,5.763000,5.623000,5.601000,5.665000
80,47,2,5.880400,6.008000,5.862000,5.882000,5.803000,5.847000
80,48,2,5.804200,5.769000,5.861000,5.847000,5.657000,5.887000
80,49,2,5.985800,5.906000,6.092000,6.059000,5.865000,6.007000
80,50,2,5.647800,5.611000,5.735000,5.641000,5.643000,5.609000
80,51,2,6.092800,6.113000,6.125000,6.119000,6.004000,6.103000
80,52,2,5.772400,5.856000,5.871000,5.657000,5.727000,5.751000
80,53,2,5.871000,5.857000,5.897000,5.891000,5.834000,5.876000
80,54,2,5.580000,5.701000,5.587000,5.439000,5.591000,5.582000
80,55,2,5.675800,5.663000,5.753000,5.645000,5.635000,5.683000
80,56,2,5.858200,5.928000,5.859000,5.843000,5.755000,5.906000
80,57,2,5.928800,5.918000,5.954000,6.010000,5.822000,5.940000
80,58,2,5.842600,5.906000,5.880000,5.827000,5.727000,5.873000
80,59,2,5.941400,5.922000,6.030000,5.886000,5.881000,5.988000
80,60,3,4.412200,4.428000,4.409000,4.386000,4.461000,4.377000
80,61,3,4.375200,4.348000,4.515000,4.303000,4.377000,4.333000
80,62,3,4.586800,4.611000,4.680000,4.437000,4.532000,4.674000
80,63,3,4.574600,4.637000,4.619000,4.514000,4.568000,4.535000
80,64,3,4.381400,4.350000,4.449000,4.400000,4.388000,4.320000
80,65,3,4.583600,4.656000,4.567000,4.545000,4.444000,4.706000
80,66,3,4.217000,4.187000,4.181000,4.221000,4.269000,4.227000
80,67,3,4.261200,4.144000,4.404000,4.270000,4.248000,4.240000
80,68,3,4.545000,4.616000,4.615000,4.448000,4.491000,4.555000
80,69,3,4.377000,4.345000,4.547000,4.294000,4.350000,4.349000
80,70,3,4.359200,4.422000,4.460000,4.324000,4.269000,4.321000
80,71,3,4.333000,4.430000,4.338000,4.280000,4.345000,4.272000
80,72,3,4.609400,4.656000,4.718000,4.592000,4.506000,4.575000
80,73,3,4.589200,4.569000,4.789000,4.560000,4.488000,4.540000
80,74,3,4.561000,4.529000,4.677000,4.552000,4.590000,4.457000
80,75,3,4.436600,4.505000,4.563000,4.352000,4.297000,4.466000
80,76,3,4.336800,4.381000,4.379000,4.328000,4.322000,4.274000
80,77,3,4.380200,4.482000,4.447000,4.322000,4.351000,4.299000
80,78,3,4.672800,4.781000,4.664000,4.745000,4.590000,4.584000
80,79,3,4.288400,4.287000,4.255000,4.360000,4.249000,4.291000
80,80,4,4.702200,4.823000,4.716000,4.633000,4.610000,4.729000
80,81,4,4.583400,4.522000,4.560000,4.534000,4.629000,4.672000
80,82,4,4.862200,4.990000,4.853000,4.803000,4.796000,4.869000
80,83,4,4.777000,4.862000,4.701000,4.854000,4.752000,4.716000
80,84,4,4.652800,4.654000,4.756000,4.636000,4.566000,4.652000
80,85,4,4.964800,5.018000,5.127000,4.789000,4.850000,5.040000
80,86,4,4.658800,4.629000,4.764000,4.671000,4.541000,4.689000
80,87,4,4.849400,4.901000,4.991000,4.825000,4.771000,4.759000
80,88,4,4.582000,4.651000,4.651000,4.496000,4.597000,4.515000
80,89,4,4.831400,4.761000,4.964000,4.766000,4.796000,4.870000
80,90,4,4.877200,4.922000,4.961000,4.849000,4.758000,4.896000
80,91,4,4.803000,4.817000,4.819000,4.856000,4.750000,4.773000
80,92,4,4.740800,4.818000,4.760000,4.794000,4.574000,4.758000
80,93,4,4.590000,4.732000,4.669000,4.468000,4.635000,4.446000
80,94,4,4.912400,4.941000,4.991000,4.887000,4.811000,4.932000
80,95,4,4.589600,4.555000,4.639000,4.500000,4.685000,4.569000
80,96,4,4.666400,4.730000,4.707000,4.594000,4.608000,4.693000
80,97,4,4.858200,4.998000,4.886000,4.807000,4.803000,4.797000
80,98,4,4.935400,4.940000,5.036000,4.940000,4.880000,4.881000
80,99,4,4.922600,4.949000,4.949000,4.995000,4.846000,4.874000
81,0,2,5.401000,5.334000,5.451000,5.473000,5.360000,5.387000
81,1,2,5.763000,5.686000,5.762000,5.817000,5.768000,5.782000
81,2,2,5.865200,5.901000,5.785000,6.003000,5.730000,5.907000
81,3,2,5.980400,5.903000,5.934000,6.032000,5.980000,6.053000
81,4,2,5.839800,5.818000,5.648000,5.877000,5.840000,6.016000
81,5,2,5.267400,5.216000,5.194000,5.421000,5.216000,5.290000
81,6,2,5.850000,5.859000,5.761000,5.738000,5.954000,5.938000
81,7,2,5.725000,5.721000,5.604000,5.869000,5.634000,5.797000
81,8,2,5.509400,5.604000,5.481000,5.581000,5.430000,5.451000
81,9,2,6.033000,6.022000,5.961000,6.016000,6.006000,6.160000
81,10,2,5.799600,5.803000,5.763000,5.873000,5.700000,5.859000
81,11,2,6.160800,6.246000,6.095000,6.114000,6.143000,6.206000
81,12,2,5.829800,5.815000,5.859000,5.842000,5.767000,5.866000
81,13,2,5.796600,5.848000,5.641000,5.802000,5.805000,5.887000
81,14,2,5.560800,5.558000,5.477000,5.656000,5.609000,5.504000
81,15,2,5.898400,5.858000,5.836000,5.946000,5.879000,5.973000
81,16,2,6.011000,6.061000,5.928000,6.014000,5.946000,6.106000
81,17,2,5.932600,5.931000,5.833000,5.955000,5.929000,6.015000
81,18,2,5.843400,5.808000,5.772000,5.884000,5.922000,5.831000
81,19,2,5.694000,5.651000,5.622000,5.850000,5.593000,5.754000
82,0,2,5.887600,5.902000,5.945000,5.769000,5.894000,5.928000
82,1,2,5.862800,5.900000,5.992000,5.736000,5.811000,5.875000
82,2,2,5.644000,5.669000,5.696000,5.692000,5.507000,5.656000
82,3,2,6.233000,6.222000,6.304000,6.251000,6.212000,6.176000
82,4,2,5.874800,5.721000,5.975000,5.988000,5.840000,5.850000
82,5,2,5.919200,5.876000,6.053000,5.944000,5.890000,5.833000
82,6,2,5.933400,5.828000,6.070000,5.916000,5.891000,5.962000
82,7,2,6.062200,5.910000,6.181000,6.019000,6.101000,6.100000
82,8,2,6.217000,6.268000,6.155000,6.195000,6.259000,6.208000
82,9,2,6.051000,6.029000,6.087000,5.993000,6.091000,6.055000
82,10,2,6.170000,6.077000,6.253000,6.168000,6.106000,6.246000
82,11,2,5.955400,5.862000,5.964000,5.972000,5.976000,6.003000
82,12,2,6.142400,6.212000,6.128000,6.168000,6.110000,6.094000
82,13,2,5.919800,5.855000,6.051000,5.890000,5.842000,5.961000
82,14,2,5.761600,5.793000,5.860000,5.719000,5.707000,5.729000
82,15,2,5.821400,5.808000,5.920000,5.826000,5.771000,5.782000
82,16,2,5.790800,5.830000,5.841000,5.771000,5.747000,5.765000
82,17,2,6.125600,6.009000,6.075000,6.126000,6.210000,6.208000
82,18,2,6.013800,5.583000,6.178000,6.107000,5.996000,6.205000
82,19,2,6.227400,6.175000,6.348000,6.199000,6.202000,6.213000
83,0,2,5.957600,5.992000,5.911000,6.014000,5.912000,5.959000
83,1,2,6.145800,6.060000,6.128000,6.232000,6.190000,6.119000
83,2,2,6.155400,6.112000,6.125000,6.195000,6.186000,6.159000
83,3,2,6.057400,6.124000,5.993000,6.090000,6.029000,6.051000
83,4,2,6.168200,6.188000,6.107000,6.187000,6.194000,6.165000
83,5,2,5.720200,5.687000,5.601000,5.777000,5.827000,5.709000
83,6,2,5.843600,5.776000,5.676000,5.902000,6.024000,5.840000
83,7,2,6.201600,6.271000,6.102000,6.319000,6.187000,6.129000
83,8,2,5.882400,5.946000,5.911000,5.829000,5.952000,5.774000
83,9,2,5.919400,5.911000,5.893000,6.071000,5.895000,5.827000
83,10,2,6.098000,6.165000,6.046000,6.132000,6.215000,5.932000
83,11,2,5.699000,5.751000,5.685000,5.786000,5.651000,5.622000
83,12,2,5.759000,5.753000,5.807000,5.819000,5.767000,5.649000
83,13,2,5.856200,5.982000,5.798000,5.913000,5.781000,5.807000
83,14,2,6.131800,6.136000,6.007000,6.223000,6.173000,6.120000
83,15,2,6.136600,6.141000,6.045000,6.145000,6.203000,6.149000
83,16,2,5.993800,5.961000,5.919000,6.131000,6.021000,5.937000
83,17,2,5.769400,5.779000,5.654000,5.876000,5.847000,5.691000
83,18,2,6.250200,6.280000,6.246000,6.212000,6.276000,6.237000
83,19,2,6.070800,5.997000,5.935000,6.121000,6.191000,6.110000
84,0,2,5.815000,5.793000,5.878000,5.897000,5.639000,5.868000
84,1,2,6.123400,6.145000,6.233000,6.164000,5.939000,6.136000
84,2,2,6.108000,6.060000,6.308000,6.097000,6.004000,6.071000
84,3,2,6.179400,6.190000,6.326000,6.294000,5.965000,6.122000
84,4,2,6.093000,6.189000,6.089000,6.163000,5.946000,6.078000
84,5,2,6.208400,6.178000,6.338000,6.206000,6.100000,6.220000
84,6,2,5.944600,6.042000,5.962000,5.944000,5.938000,5.837000
84,7,2,6.209200,6.237000,6.267000,6.193000,6.148000,6.201000
84,8,2,5.951600,5.915000,5.960000,6.005000,5.943000,5.935000
84,9,2,6.001400,5.924000,6.159000,6.070000,5.943000,5.911000
84,10,2,6.011600,6.018000,6.153000,6.013000,5.909000,5.965000
84,11,2,6.158000,6.168000,6.287000,6.130000,6.044000,6.161000
84,12,2,5.954000,5.966000,6.070000,5.941000,5.943000,5.850000
84,13,2,5.932800,5.884000,6.120000,5.821000,5.897000,5.942000
84,14,2,6.158600,6.091000,6.212000,6.206000,6.115000,6.169000
84,15,2,6.209800,6.160000,6.300000,6.279000,6.099000,6.211000
84,16,2,5.995600,5.915000,6.151000,6.040000,5.976000,5.896000
84,17,2,5.578000,5.631000,5.641000,5.617000,5.468000,5.533000
84,18,2,6.192800,6.182000,6.280000,6.221000,6.169000,6.112000
84,19,2,5.785400,5.826000,5.938000,5.743000,5.803000,5.617000
85,0,2,5.994800,5.991000,5.822000,6.069000,6.053000,6.039000
85,1,2,5.631200,5.550000,5.565000,5.706000,5.626000,5.709000
85,2,2,5.823400,5.854000,5.620000,6.042000,5.752000,5.849000
85,3,2,6.186000,6.190000,6.076000,6.260000,6.137000,6.267000
85,4,2,6.083800,6.052000,5.982000,6.199000,6.111000,6.075000
85,5,2,6.290200,6.241000,6.128000,6.398000,6.306000,6.378000
85,6,2,5.824800,5.755000,5.657000,5.899000,5.976000,5.837000
85,7,2,5.982000,5.978000,5.784000,6.106000,5.994000,6.048000
85,8,2,6.184600,6.276000,6.000000,6.326000,6.147000,6.174000
85,9,2,6.077200,6.133000,5.977000,6.259000,5.952000,6.065000
85,10,2,6.236200,6.167000,6.212000,6.304000,6.179000,6.319000
85,11,2,5.612400,5.525000,5.543000,5.843000,5.596000,5.555000
85,12,2,6.168000,6.187000,6.054000,6.217000,6.188000,6.194000
85,13,2,5.724800,5.548000,5.735000,5.715000,5.746000,5.880000
85,14,2,6.304400,6.253000,6.011000,6.485000,6.390000,6.383000
85,15,2,6.226400,6.201000,6.056000,6.398000,6.212000,6.265000
85,16,2,5.808800,5.744000,5.731000,5.863000,5.841000,5.865000
85,17,2,6.115600,6.110000,6.019000,6.229000,6.082000,6.138000
85,18,2,5.907400,5.986000,5.828000,5.948000,5.939000,5.836000
85,19,2,6.012600,6.019000,5.857000,6.179000,5.966000,6.042000
86,0,2,6.089600,5.990000,6.054000,6.117000,6.049000,6.238000
86,1,2,6.060600,5.944000,6.051000,5.991000,6.138000,6.179000
86,2,2,5.772600,5.575000,5.751000,5.744000,5.868000,5.925000
86,3,2,6.378400,6.197000,6.450000,6.354000,6.505000,6.386000
86,4,2,6.104200,5.917000,6.084000,6.084000,6.253000,6.183000
86,5,2,5.941800,5.791000,5.874000,5.973000,6.049000,6.022000
86,6,2,5.921600,5.849000,5.851000,5.967000,5.985000,5.956000
86,7,2,6.180600,6.126000,6.135000,6.123000,6.276000,6.243000
86,8,2,5.908600,5.859000,5.994000,5.885000,5.947000,5.858000
86,9,2,6.115000,5.833000,6.082000,6.210000,6.236000,6.214000
86,10,2,5.802000,5.610000,5.856000,5.740000,5.970000,5.834000
86,11,2,6.083800,5.926000,6.066000,6.132000,6.154000,6.141000
86,12,2,5.860200,5.633000,5.848000,5.915000,5.936000,5.969000
86,13,2,6.073600,5.949000,5.982000,6.059000,6.225000,6.153000
86,14,2,5.867000,5.859000,5.734000,5.900000,5.923000,5.919000
86,15,2,6.139400,5.920000,6.104000,6.166000,6.300000,6.207000
86,16,2,6.020000,5.817000,6.041000,5.953000,6.126000,6.163000
86,17,2,5.829400,5.705000,5.917000,5.871000,5.788000,5.866000
86,18,2,5.821000,5.652000,5.769000,5.833000,5.982000,5.869000
86,19,2,6.053800,5.911000,6.018000,6.104000,6.169000,6.067000
87,0,2,5.861000,5.913000,5.883000,5.766000,5.802000,5.941000
87,1,2,5.923000,5.981000,5.819000,5.878000,6.010000,5.927000
87,2,2,5.931200,5.922000,5.902000,5.980000,5.956000,5.896000
87,3,2,6.062000,6.117000,6.122000,6.028000,5.961000,6.082000
87,4,2,6.210200,6.213000,6.164000,6.168000,6.205000,6.301000
87,5,2,6.032200,6.150000,6.020000,5.853000,6.047000,6.091000
87,6,2,6.128200,6.106000,6.234000,6.034000,6.118000,6.149000
87,7,2,6.347800,6.305000,6.392000,6.352000,6.411000,6.279000
87,8,2,5.892800,5.862000,5.951000,5.851000,5.869000,5.931000
87,9,2,6.071200,6.047000,6.064000,5.987000,6.098000,6.160000
87,10,2,5.937200,5.892000,5.919000,5.896000,6.067000,5.912000
87,11,2,5.866400,5.854000,5.819000,5.817000,5.910000,5.932000
87,12,2,5.765200,5.770000,5.855000,5.724000,5.711000,5.766000
87,13,2,6.022400,6.052000,6.012000,6.000000,6.057000,5.991000
87,14,2,5.900200,5.964000,5.892000,5.885000,5.949000,5.811000
87,15,2,5.658400,5.769000,5.569000,5.643000,5.687000,5.624000
87,16,2,5.778600,5.855000,5.778000,5.760000,5.823000,5.677000
87,17,2,5.858000,5.926000,5.968000,5.692000,5.858000,5.846000
87,18,2,5.697000,5.618000,5.765000,5.693000,5.707000,5.702000
87,19,2,5.886800,5.908000,6.009000,5.857000,5.869000,5.791000
88,0,2,6.143200,6.174000,6.274000,6.046000,6.167000,6.055000
88,1,2,6.051600,6.052000,6.074000,6.054000,6.093000,5.985000
88,2,2,6.053000,5.938000,6.039000,6.104000,6.057000,6.127000
88,3,2,6.113600,6.140000,6.139000,6.066000,6.129000,6.094000
88,4,2,6.162000,6.024000,6.272000,6.219000,6.171000,6.124000
88,5,2,6.238200,6.074000,6.352000,6.188000,6.264000,6.313000
88,6,2,5.572400,5.510000,5.656000,5.505000,5.655000,5.536000
88,7,2,6.308800,6.332000,6.270000,6.365000,6.326000,6.251000
88,8,2,6.283000,6.232000,6.386000,6.255000,6.228000,6.314000
88,9,2,6.308800,6.240000,6.376000,6.315000,6.347000,6.266000
88,10,2,5.873800,5.800000,5.712000,5.933000,6.023000,5.901000
88,11,2,5.858400,5.782000,5.892000,5.819000,5.968000,5.831000
88,12,2,6.076200,5.949000,6.131000,6.012000,6.143000,6.146000
88,13,2,5.674600,5.553000,5.769000,5.627000,5.725000,5.699000
88,14,2,6.076200,6.008000,6.037000,6.171000,6.093000,6.072000
88,15,2,6.149600,6.043000,6.254000,6.178000,6.153000,6.120000
88,16,2,6.122600,5.963000,6.247000,6.056000,6.208000,6.139000
88,17,2,5.940800,5.885000,6.044000,5.912000,5.906000,5.957000
88,18,2,6.105400,5.955000,6.189000,6.083000,6.064000,6.236000
88,19,2,5.817200,5.745000,5.867000,5.687000,5.886000,5.901000
89,0,2,6.213800,6.390000,6.249000,6.211000,6.119000,6.100000
89,1,2,5.982200,6.137000,6.085000,5.948000,5.950000,5.791000
89,2,2,6.071400,6.173000,6.192000,6.020000,6.020000,5.952000
89,3,2,5.850200,5.829000,5.926000,5.800000,5.994000,5.702000
89,4,2,6.062000,6.155000,6.206000,5.981000,6.065000,5.903000
89,5,2,6.236800,6.376000,6.374000,6.092000,6.274000,6.068000
89,6,2,5.864000,5.928000,6.040000,5.809000,5.805000,5.738000
89,7,2,6.319600,6.318000,6.392000,6.374000,6.350000,6.164000
89,8,2,5.984400,6.059000,6.006000,6.064000,5.946000,5.847000
89,9,2,5.810000,5.917000,5.887000,5.833000,5.747000,5.666000
89,10,2,6.202000,6.362000,6.302000,6.183000,6.135000,6.028000
89,11,2,6.164200,6.335000,6.322000,6.084000,6.132000,5.948000
89,12,2,6.255400,6.411000,6.193000,6.276000,6.298000,6.099000
89,13,2,6.100600,6.199000,6.203000,6.037000,6.081000,5.983000
89,14,2,6.136800,6.243000,6.149000,6.188000,6.190000,5.914000
89,15,2,6.146800,6.288000,6.222000,6.130000,6.073000,6.021000
89,16,2,6.027800,6.113000,6.128000,5.921000,5.983000,5.994000
89,17,2,6.059400,6.171000,6.169000,5.977000,6.084000,5.896000
89,18,2,6.182000,6.305000,6.262000,6.176000,6.101000,6.066000
89,19,2,5.732800,5.900000,5.925000,5.644000,5.625000,5.570000
90,0,0,4.385800,4.519000,4.411000,4.235000,4.453000,4.311000
90,1,0,4.475000,4.545000,4.437000,4.577000,4.379000,4.437000
90,2,0,4.419400,4.579000,4.601000,4.303000,4.437000,4.177000
90,3,0,4.381400,4.530000,4.514000,4.325000,4.432000,4.106000
90,4,0,4.509200,4.538000,4.605000,4.414000,4.558000,4.431000
90,5,0,4.390000,4.374000,4.449000,4.318000,4.439000,4.370000
90,6,0,4.449000,4.554000,4.538000,4.395000,4.411000,4.347000
90,7,0,4.323400,4.374000,4.406000,4.297000,4.297000,4.243000
90,8,0,4.404400,4.428000,4.537000,4.411000,4.385000,4.261000
90,9,0,4.453200,4.439000,4.588000,4.414000,4.406000,4.419000
90,10,0,4.517800,4.542000,4.573000,4.554000,4.530000,4.390000
90,11,0,4.314400,4.358000,4.340000,4.310000,4.348000,4.216000
90,12,0,4.360200,4.341000,4.454000,4.303000,4.323000,4.380000
90,13,0,4.570000,4.599000,4.713000,4.397000,4.563000,4.578000
90,14,0,4.462200,4.488000,4.500000,4.449000,4.457000,4.417000
90,15,0,4.542000,4.591000,4.665000,4.594000,4.379000,4.481000
90,16,0,4.579800,4.808000,4.679000,4.483000,4.502000,4.427000
90,17,0,4.475800,4.428000,4.634000,4.384000,4.510000,4.423000
90,18,0,4.482600,4.536000,4.541000,4.427000,4.408000,4.501000
90,19,0,4.474400,4.558000,4.576000,4.392000,4.502000,4.344000
90,20,1,4.519600,4.526000,4.535000,4.558000,4.627000,4.352000
90,21,1,4.554400,4.675000,4.696000,4.537000,4.526000,4.338000
90,22,1,4.592200,4.589000,4.594000,4.584000,4.624000,4.570000
90,23,1,4.567600,4.691000,4.565000,4.570000,4.634000,4.378000
90,24,1,4.587200,4.618000,4.610000,4.576000,4.624000,4.508000
90,25,1,4.921400,4.996000,5.002000,4.901000,4.963000,4.745000
90,26,1,4.671400,4.741000,4.772000,4.614000,4.696000,4.534000
90,27,1,4.578400,4.589000,4.675000,4.474000,4.592000,4.562000
90,28,1,4.637400,4.733000,4.627000,4.707000,4.706000,4.414000
90,29,1,4.664200,4.732000,4.704000,4.661000,4.721000,4.503000
90,30,1,4.591200,4.629000,4.713000,4.495000,4.700000,4.419000
90,31,1,4.616400,4.682000,4.791000,4.538000,4.637000,4.434000
90,32,1,4.619800,4.752000,4.667000,4.535000,4.617000,4.528000
90,33,1,4.488600,4.504000,4.631000,4.467000,4.544000,4.297000
90,34,1,4.418600,4.525000,4.473000,4.355000,4.410000,4.330000
90,35,1,4.491000,4.501000,4.627000,4.474000,4.464000,4.389000
90,36,1,4.595000,4.639000,4.687000,4.467000,4.610000,4.572000
90,37,1,4.480800,4.540000,4.606000,4.391000,4.412000,4.455000
90,38,1,4.662400,4.738000,4.724000,4.638000,4.657000,4.555000
90,39,1,4.480400,4.543000,4.498000,4.440000,4.580000,4.341000
90,40,2,6.291000,6.274000,6.411000,6.268000,6.326000,6.176000
90,41,2,6.036200,6.040000,6.002000,5.975000,6.090000,6.074000
90,42,2,6.034200,6.004000,6.074000,6.020000,6.036000,6.037000
90,43,2,6.327200,6.401000,6.412000,6.169000,6.338000,6.316000
90,44,2,5.892400,5.899000,5.888000,5.983000,5.883000,5.809000
90,45,2,6.063600,6.116000,6.143000,5.975000,6.049000,6.035000
90,46,2,5.713800,5.784000,5.762000,5.685000,5.746000,5.592000
90,47,2,6.207000,6.154000,6.322000,6.254000,6.144000,6.161000
90,48,2,6.154400,6.075000,6.177000,6.177000,6.111000,6.232000
90,49,2,6.290400,6.295000,6.369000,6.284000,6.302000,6.202000
90,50,2,6.225800,6.231000,6.318000,6.223000,6.381000,5.976000
90,51,2,5.777800,5.840000,5.936000,5.686000,5.813000,5.614000
90,52,2,6.163800,6.092000,6.243000,6.078000,6.263000,6.143000
90,53,2,6.199800,6.180000,6.173000,6.181000,6.296000,6.169000
90,54,2,5.922600,5.846000,6.097000,6.009000,5.854000,5.807000
90,55,2,6.287600,6.318000,6.363000,6.349000,6.133000,6.275000
90,56,2,6.029800,6.044000,6.183000,6.079000,5.943000,5.900000
90,57,2,6.161600,6.264000,6.138000,6.167000,6.203000,6.036000
90,58,2,6.282800,6.287000,6.411000,6.290000,6.290000,6.136000
90,59,2,5.762800,5.742000,5.800000,5.693000,5.962000,5.617000
90,60,3,4.542400,4.523000,4.698000,4.462000,4.494000,4.535000
90,61,3,4.603400,4.688000,4.714000,4.580000,4.571000,4.464000
90,62,3,4.657600,4.786000,4.775000,4.672000,4.523000,4.532000
90,63,3,4.719600,4.710000,4.823000,4.792000,4.520000,4.753000
90,64,3,4.392400,4.499000,4.523000,4.529000,4.261000,4.150000
90,65,3,4.466400,4.493000,4.660000,4.422000,4.347000,4.410000
90,66,3,4.474600,4.407000,4.605000,4.534000,4.450000,4.377000
90,67,3,4.631800,4.758000,4.682000,4.630000,4.489000,4.600000
90,68,3,4.602400,4.654000,4.763000,4.545000,4.532000,4.518000
90,69,3,4.625400,4.656000,4.752000,4.736000,4.544000,4.439000
90,70,3,4.544000,4.553000,4.674000,4.542000,4.515000,4.436000
90,71,3,4.627800,4.624000,4.727000,4.629000,4.655000,4.504000
90,72,3,4.569200,4.700000,4.696000,4.587000,4.451000,4.412000
90,73,3,4.326600,4.407000,4.447000,4.347000,4.352000,4.080000
90,74,3,4.511200,4.573000,4.690000,4.445000,4.409000,4.439000
90,75,3,4.451600,4.537000,4.567000,4.321000,4.431000,4.402000
90,76,3,4.722800,4.794000,4.741000,4.675000,4.743000,4.661000
90,77,3,4.341600,4.493000,4.277000,4.390000,4.411000,4.137000
90,78,3,4.455600,4.562000,4.597000,4.447000,4.438000,4.234000
90,79,3,4.695000,4.731000,4.848000,4.627000,4.686000,4.583000
90,80,4,4.456600,4.586000,4.490000,4.414000,4.501000,4.292000
90,81,4,4.725000,4.718000,4.787000,4.717000,4.794000,4.609000
90,82,4,4.711800,4.801000,4.776000,4.743000,4.703000,4.536000
90,83,4,4.778200,4.738000,4.859000,4.721000,4.801000,4.772000
90,84,4,4.661800,4.717000,4.672000,4.663000,4.746000,4.511000
90,85,4,4.713600,4.719000,4.748000,4.770000,4.822000,4.509000
90,86,4,4.682400,4.764000,4.701000,4.633000,4.747000,4.567000
90,87,4,4.571200,4.635000,4.544000,4.600000,4.587000,4.490000
90,88,4,4.653400,4.653000,4.660000,4.624000,4.778000,4.552000
90,89,4,4.503800,4.567000,4.653000,4.517000,4.512000,4.270000
90,90,4,4.542000,4.521000,4.514000,4.572000,4.540000,4.563000
90,91,4,4.639400,4.641000,4.638000,4.634000,4.716000,4.568000
90,92,4,4.599800,4.639000,4.708000,4.601000,4.582000,4.469000
90,93,4,4.651400,4.596000,4.863000,4.625000,4.698000,4.475000
90,94,4,4.680400,4.681000,4.770000,4.703000,4.645000,4.603000
90,95,4,4.663200,4.702000,4.734000,4.660000,4.656000,4.564000
90,96,4,4.611400,4.627000,4.690000,4.590000,4.715000,4.435000
90,97,4,4.794000,4.826000,4.816000,4.820000,4.862000,4.646000
90,98,4,4.895000,4.907000,5.017000,4.916000,4.890000,4.745000
90,99,4,4.720200,4.789000,4.698000,4.673000,4.793000,4.648000
91,0,2,6.010400,5.884000,6.130000,6.012000,5.999000,6.027000
91,1,2,6.192800,6.171000,6.323000,6.176000,6.218000,6.076000
91,2,2,6.307600,6.313000,6.403000,6.114000,6.370000,6.338000
91,3,2,5.972400,5.938000,5.973000,5.827000,6.121000,6.003000
91,4,2,6.184200,6.202000,6.107000,6.178000,6.183000,6.251000
91,5,2,6.251000,6.340000,6.145000,6.169000,6.295000,6.306000
91,6,2,6.055200,6.035000,6.152000,5.952000,6.142000,5.995000
91,7,2,6.490400,6.593000,6.454000,6.419000,6.508000,6.478000
91,8,2,6.224200,6.230000,6.235000,6.190000,6.299000,6.167000
91,9,2,6.247000,6.251000,6.231000,6.263000,6.224000,6.266000
91,10,2,5.809200,5.714000,5.793000,5.811000,5.913000,5.815000
91,11,2,6.222200,6.251000,6.228000,6.174000,6.246000,6.212000
91,12,2,6.144200,6.234000,6.156000,5.983000,6.225000,6.123000
91,13,2,6.202800,6.267000,6.266000,6.095000,6.247000,6.139000
91,14,2,6.194600,6.160000,6.191000,6.183000,6.159000,6.280000
91,15,2,6.152400,6.146000,6.136000,6.057000,6.246000,6.177000
91,16,2,6.172200,6.294000,6.186000,6.081000,6.210000,6.090000
91,17,2,6.158400,6.144000,6.203000,6.166000,6.202000,6.077000
91,18,2,6.212200,6.278000,6.267000,6.159000,6.232000,6.125000
91,19,2,5.905000,5.926000,5.866000,5.936000,5.863000,5.934000
92,0,2,6.252000,6.296000,6.232000,6.284000,6.355000,6.093000
92,1,2,6.217600,6.223000,6.258000,6.207000,6.267000,6.133000
92,2,2,5.684200,5.677000,5.685000,5.822000,5.783000,5.454000
92,3,2,6.117000,6.121000,6.184000,6.124000,6.183000,5.973000
92,4,2,6.077400,6.143000,6.126000,6.111000,6.071000,5.936000
92,5,2,6.350600,6.422000,6.357000,6.463000,6.361000,6.150000
92,6,2,6.118000,6.179000,6.155000,6.130000,6.143000,5.983000
92,7,2,6.281800,6.288000,6.269000,6.364000,6.335000,6.153000
92,8,2,6.345000,6.507000,6.310000,6.345000,6.314000,6.249000
92,9,2,6.260800,6.428000,6.260000,6.264000,6.337000,6.015000
92,10,2,6.260400,6.297000,6.332000,6.215000,6.257000,6.201000
92,11,2,6.076400,6.099000,6.017000,6.173000,6.105000,5.988000
92,12,2,6.105600,6.176000,6.214000,6.190000,6.111000,5.837000
92,13,2,6.143600,6.196000,6.134000,6.157000,6.230000,6.001000
92,14,2,5.982000,6.036000,6.130000,5.989000,5.947000,5.808000
92,15,2,6.246600,6.278000,6.325000,6.359000,6.132000,6.139000
92,16,2,6.057800,5.995000,6.078000,6.115000,6.175000,5.926000
92,17,2,6.293800,6.400000,6.386000,6.314000,6.211000,6.158000
92,18,2,6.195200,6.316000,6.297000,6.193000,6.049000,6.121000
92,19,2,5.979800,5.983000,5.964000,6.014000,6.076000,5.862000
93,0,2,6.197800,6.190000,6.243000,6.086000,6.267000,6.203000
93,1,2,6.027800,6.036000,6.036000,5.780000,6.233000,6.054000
93,2,2,6.106600,6.166000,6.089000,6.001000,6.203000,6.074000
93,3,2,6.004600,6.070000,6.028000,5.908000,6.054000,5.963000
93,4,2,6.091600,6.064000,6.211000,5.937000,6.164000,6.082000
93,5,2,5.961200,5.873000,5.898000,5.898000,6.072000,6.065000
93,6,2,6.208200,6.255000,6.230000,6.114000,6.262000,6.180000
93,7,2,6.014000,6.070000,6.025000,5.924000,6.091000,5.960000
93,8,2,5.869400,5.923000,5.905000,5.745000,5.975000,5.799000
93,9,2,5.408000,5.469000,5.439000,5.178000,5.490000,5.464000
93,10,2,6.194600,6.301000,6.187000,6.049000,6.243000,6.193000
93,11,2,6.281800,6.136000,6.293000,6.273000,6.326000,6.381000
93,12,2,6.423200,6.485000,6.461000,6.370000,6.482000,6.318000
93,13,2,6.184600,6.131000,6.237000,6.194000,6.278000,6.083000
93,14,2,6.081400,6.170000,6.107000,5.867000,6.156000,6.107000
93,15,2,5.962600,5.885000,5.913000,5.974000,6.055000,5.986000
93,16,2,5.924200,5.972000,5.944000,5.840000,6.006000,5.859000
93,17,2,6.058600,6.061000,6.055000,6.006000,6.088000,6.083000
93,18,2,6.159000,6.103000,6.179000,6.063000,6.276000,6.174000
93,19,2,5.706800,5.707000,5.726000,5.570000,5.806000,5.725000
94,0,2,6.336600,6.243000,6.224000,6.301000,6.399000,6.516000
94,1,2,6.115800,5.907000,6.219000,6.126000,6.043000,6.284000
94,2,2,6.216200,6.161000,6.261000,6.173000,6.098000,6.388000
94,3,2,5.967200,5.834000,5.945000,6.024000,5.860000,6.173000
94,4,2,6.264400,6.138000,6.281000,6.272000,6.221000,6.410000
94,5,2,6.131200,5.927000,6.237000,6.162000,6.026000,6.304000
94,6,2,6.102600,6.008000,6.082000,6.070000,5.955000,6.398000
94,7,2,6.074600,5.933000,6.188000,6.018000,5.954000,6.280000
94,8,2,6.085000,5.895000,6.121000,6.059000,6.120000,6.230000
94,9,2,5.827800,5.620000,5.903000,5.817000,5.768000,6.031000
94,10,2,5.871000,5.681000,5.915000,5.994000,5.743000,6.022000
94,11,2,5.998400,5.778000,6.029000,6.105000,5.912000,6.168000
94,12,2,6.068200,5.941000,6.122000,6.126000,5.878000,6.274000
94,13,2,6.244000,6.144000,6.328000,6.241000,6.218000,6.289000
94,14,2,6.157800,6.036000,6.219000,6.062000,6.129000,6.343000
94,15,2,5.858600,5.593000,5.972000,5.880000,5.781000,6.067000
94,16,2,5.644400,5.330000,5.758000,5.710000,5.509000,5.915000
94,17,2,5.826000,5.637000,5.839000,5.787000,5.780000,6.087000
94,18,2,6.035000,5.744000,6.135000,6.052000,6.012000,6.232000
94,19,2,6.068400,5.863000,6.044000,6.107000,6.089000,6.239000
95,0,2,6.154400,6.254000,6.089000,6.104000,6.231000,6.094000
95,1,2,6.190200,6.284000,6.108000,6.067000,6.281000,6.211000
95,2,2,6.310200,6.403000,6.248000,6.241000,6.444000,6.215000
95,3,2,6.131600,6.179000,5.978000,6.137000,6.195000,6.169000
95,4,2,6.476600,6.539000,6.355000,6.488000,6.566000,6.435000
95,5,2,6.317400,6.345000,6.282000,6.208000,6.494000,6.258000
95,6,2,6.261600,6.333000,6.174000,6.350000,6.242000,6.209000
95,7,2,6.194200,6.216000,6.112000,6.289000,6.212000,6.142000
95,8,2,6.383200,6.504000,6.293000,6.321000,6.471000,6.327000
95,9,2,6.244800,6.325000,6.087000,6.293000,6.255000,6.264000
95,10,2,6.177000,6.360000,6.062000,6.231000,6.157000,6.075000
95,11,2,6.167200,6.288000,6.046000,6.248000,6.200000,6.054000
95,12,2,6.088000,6.206000,6.015000,6.113000,6.153000,5.953000
95,13,2,6.181800,6.222000,6.063000,6.254000,6.245000,6.125000
95,14,2,6.121800,6.163000,6.010000,6.136000,6.166000,6.134000
95,15,2,6.113000,6.006000,6.063000,6.197000,6.210000,6.089000
95,16,2,6.025800,5.970000,5.961000,6.072000,6.124000,6.002000
95,17,2,6.259000,6.270000,6.233000,6.235000,6.330000,6.227000
95,18,2,6.054000,6.075000,5.979000,5.987000,6.229000,6.000000
95,19,2,6.516000,6.543000,6.443000,6.509000,6.644000,6.441000
96,0,2,6.187800,6.184000,6.193000,6.203000,6.148000,6.211000
96,1,2,6.259000,6.315000,6.219000,6.313000,6.148000,6.300000
96,2,2,6.417800,6.366000,6.392000,6.457000,6.480000,6.394000
96,3,2,6.305000,6.125000,6.426000,6.286000,6.272000,6.416000
96,4,2,6.470200,6.249000,6.603000,6.476000,6.526000,6.497000
96,5,2,6.298400,6.289000,6.354000,6.310000,6.246000,6.293000
96,6,2,6.154600,6.134000,6.240000,6.115000,6.086000,6.198000
96,7,2,6.426200,6.391000,6.482000,6.412000,6.315000,6.531000
96,8,2,6.238200,6.103000,6.257000,6.262000,6.251000,6.318000
96,9,2,6.182000,6.192000,6.137000,6.242000,6.034000,6.305000
96,10,2,6.451000,6.440000,6.470000,6.493000,6.454000,6.398000
96,11,2,6.256800,6.259000,6.295000,6.298000,6.137000,6.295000
96,12,2,6.417600,6.415000,6.498000,6.459000,6.398000,6.318000
96,13,2,6.187000,6.129000,6.104000,6.222000,6.102000,6.378000
96,14,2,6.154000,6.231000,6.125000,6.181000,5.972000,6.261000
96,15,2,5.812200,5.931000,5.803000,5.853000,5.709000,5.765000
96,16,2,6.313600,6.269000,6.365000,6.327000,6.352000,6.255000
96,17,2,6.328600,6.269000,6.406000,6.548000,6.155000,6.265000
96,18,2,5.911600,5.490000,5.995000,6.052000,6.108000,5.913000
96,19,2,6.400400,6.451000,6.443000,6.417000,6.384000,6.307000
97,0,2,6.210000,6.326000,6.162000,6.216000,6.089000,6.257000
97,1,2,6.373800,6.342000,6.396000,6.289000,6.388000,6.454000
97,2,2,6.420400,6.494000,6.383000,6.377000,6.465000,6.383000
97,3,2,6.259000,6.310000,6.185000,6.182000,6.227000,6.391000
97,4,2,6.217600,6.272000,6.173000,6.142000,6.142000,6.359000
97,5,2,6.248200,6.290000,6.356000,6.178000,6.216000,6.201000
97,6,2,6.228200,6.276000,6.253000,6.176000,6.142000,6.294000
97,7,2,6.201800,6.206000,6.224000,6.073000,6.213000,6.293000
97,8,2,6.508200,6.583000,6.509000,6.457000,6.527000,6.465000
97,9,2,6.346000,6.348000,6.284000,6.302000,6.393000,6.403000
97,10,2,6.248200,6.200000,6.344000,6.159000,6.238000,6.300000
97,11,2,6.272600,6.300000,6.291000,6.269000,6.328000,6.175000
97,12,2,6.517400,6.553000,6.540000,6.372000,6.610000,6.512000
97,13,2,6.500200,6.508000,6.449000,6.427000,6.534000,6.583000
97,14,2,6.305400,6.300000,6.368000,6.286000,6.182000,6.391000
97,15,2,6.201000,6.359000,6.165000,6.177000,6.101000,6.203000
97,16,2,6.304400,6.245000,6.310000,6.203000,6.374000,6.390000
97,17,2,6.224800,6.267000,6.206000,6.014000,6.269000,6.368000
97,18,2,6.367000,6.369000,6.407000,6.379000,6.224000,6.456000
97,19,2,6.311600,6.285000,6.362000,6.280000,6.296000,6.335000
98,0,2,6.303400,6.388000,6.102000,6.371000,6.343000,6.313000
98,1,2,6.507600,6.541000,6.407000,6.579000,6.559000,6.452000
98,2,2,6.287000,6.300000,6.179000,6.305000,6.287000,6.364000
98,3,2,6.156200,5.978000,6.206000,6.239000,6.204000,6.154000
98,4,2,6.284600,6.278000,6.312000,6.343000,6.097000,6.393000
98,5,2,6.201000,6.111000,6.143000,6.278000,6.276000,6.197000
98,6,2,6.420000,6.484000,6.431000,6.490000,6.467000,6.228000
98,7,2,6.229400,5.968000,6.275000,6.413000,5.970000,6.521000
98,8,2,6.087800,5.789000,6.139000,6.159000,6.185000,6.167000
98,9,2,6.197000,6.222000,6.168000,6.100000,6.297000,6.198000
98,10,2,6.125600,6.229000,5.998000,5.976000,6.266000,6.159000
98,11,2,6.077600,5.995000,6.014000,6.147000,6.107000,6.125000
98,12,2,6.234600,6.254000,6.184000,6.269000,6.268000,6.198000
98,13,2,6.564000,6.551000,6.500000,6.593000,6.583000,6.593000
98,14,2,6.365600,6.303000,6.420000,6.340000,6.347000,6.418000
98,15,2,6.376800,6.355000,6.386000,6.393000,6.384000,6.366000
98,16,2,6.054000,5.985000,6.048000,6.017000,6.200000,6.020000
98,17,2,6.285800,6.203000,6.264000,6.347000,6.131000,6.484000
98,18,2,6.363800,6.349000,6.241000,6.441000,6.346000,6.442000
98,19,2,6.332400,6.278000,6.358000,6.202000,6.381000,6.443000
99,0,2,6.376400,6.258000,6.459000,6.354000,6.459000,6.352000
99,1,2,6.449200,6.351000,6.484000,6.404000,6.533000,6.474000
99,2,2,6.284400,6.172000,6.374000,6.232000,6.232000,6.412000
99,3,2,6.445800,6.378000,6.508000,6.378000,6.485000,6.480000
99,4,2,6.151000,6.087000,6.141000,6.152000,6.084000,6.291000
99,5,2,6.184000,6.201000,6.139000,6.180000,6.209000,6.191000
99,6,2,6.397400,6.366000,6.387000,6.334000,6.468000,6.432000
99,7,2,6.530400,6.378000,6.538000,6.503000,6.616000,6.617000
99,8,2,6.377600,6.284000,6.455000,6.351000,6.335000,6.463000
99,9,2,6.218000,6.176000,6.152000,6.207000,6.303000,6.252000
99,10,2,6.343800,6.273000,6.336000,6.301000,6.376000,6.433000
99,11,2,6.301600,6.291000,6.267000,6.409000,6.367000,6.174000
99,12,2,6.134600,6.006000,6.239000,6.045000,6.126000,6.257000
99,13,2,6.295600,6.285000,6.363000,6.184000,6.328000,6.318000
99,14,2,6.537000,6.471000,6.527000,6.495000,6.540000,6.652000
99,15,2,6.215600,6.175000,6.235000,6.182000,6.186000,6.300000
99,16,2,6.353800,6.316000,6.255000,6.329000,6.407000,6.462000
99,17,2,6.141200,6.063000,6.230000,6.122000,6.168000,6.123000
99,18,2,6.270800,6.280000,6.243000,6.278000,6.180000,6.373000
99,19,2,6.396800,6.306000,6.357000,6.407000,6.450000,6.464000
100,0,0,4.639800,4.590000,4.661000,4.733000,4.668000,4.547000
100,1,0,4.451800,4.518000,4.376000,4.441000,4.463000,4.461000
100,2,0,4.776000,4.913000,4.678000,4.764000,4.809000,4.716000
100,3,0,4.836600,4.974000,4.827000,4.831000,4.854000,4.697000
100,4,0,4.625600,4.763000,4.442000,4.573000,4.828000,4.522000
100,5,0,4.754400,4.696000,4.653000,4.788000,4.861000,4.774000
100,6,0,4.379200,4.528000,4.305000,4.437000,4.268000,4.358000
100,7,0,4.708000,4.733000,4.721000,4.768000,4.711000,4.607000
100,8,0,4.654000,4.682000,4.600000,4.738000,4.558000,4.692000
100,9,0,4.485400,4.529000,4.412000,4.544000,4.540000,4.402000
100,10,0,4.760400,4.854000,4.600000,4.789000,4.821000,4.738000
100,11,0,4.434800,4.509000,4.513000,4.367000,4.373000,4.412000
100,12,0,4.570200,4.676000,4.378000,4.726000,4.628000,4.443000
100,13,0,4.455400,4.348000,4.406000,4.499000,4.591000,4.433000
100,14,0,4.742400,4.824000,4.669000,4.796000,4.801000,4.622000
100,15,0,4.732400,4.748000,4.598000,4.844000,4.706000,4.766000
100,16,0,4.502200,4.522000,4.452000,4.548000,4.541000,4.448000
100,17,0,4.563000,4.677000,4.419000,4.593000,4.588000,4.538000
100,18,0,4.439600,4.594000,4.364000,4.373000,4.565000,4.302000
100,19,0,4.629600,4.652000,4.612000,4.568000,4.669000,4.647000
100,20,1,4.597600,4.774000,4.614000,4.474000,4.614000,4.512000
100,21,1,4.481800,4.603000,4.512000,4.440000,4.426000,4.428000
100,22,1,4.592600,4.696000,4.597000,4.562000,4.486000,4.622000
100,23,1,4.353400,4.414000,4.257000,4.277000,4.477000,4.342000
100,24,1,4.605600,4.638000,4.579000,4.607000,4.668000,4.536000
100,25,1,4.555200,4.651000,4.472000,4.455000,4.718000,4.480000
100,26,1,4.519600,4.495000,4.539000,4.415000,4.652000,4.497000
100,27,1,4.695800,4.705000,4.587000,4.801000,4.737000,4.649000
100,28,1,4.539400,4.548000,4.583000,4.571000,4.438000,4.557000
100,29,1,4.276200,4.334000,4.278000,4.263000,4.275000,4.231000
100,30,1,4.398000,4.430000,4.290000,4.399000,4.498000,4.373000
100,31,1,4.498800,4.567000,4.350000,4.474000,4.560000,4.543000
100,32,1,4.466600,4.613000,4.401000,4.429000,4.398000,4.492000
100,33,1,4.501200,4.589000,4.515000,4.412000,4.452000,4.538000
100,34,1,4.431200,4.463000,4.368000,4.462000,4.522000,4.341000
100,35,1,4.619400,4.783000,4.483000,4.634000,4.654000,4.543000
100,36,1,4.542000,4.567000,4.428000,4.570000,4.705000,4.440000
100,37,1,4.441200,4.576000,4.346000,4.436000,4.454000,4.394000
100,38,1,4.534000,4.590000,4.565000,4.505000,4.559000,4.451000
100,39,1,4.588400,4.509000,4.530000,4.751000,4.617000,4.535000
100,40,2,6.358000,6.601000,6.211000,6.538000,6.194000,6.246000
100,41,2,6.117400,6.195000,6.116000,6.170000,6.041000,6.065000
100,42,2,5.942600,5.914000,5.954000,6.056000,5.936000,5.853000
100,43,2,6.440800,6.499000,6.350000,6.525000,6.472000,6.358000
100,44,2,6.353000,6.422000,6.329000,6.526000,6.278000,6.210000
100,45,2,5.780200,5.766000,6.019000,6.080000,5.400000,5.636000
100,46,2,6.381400,6.534000,6.280000,6.406000,6.445000,6.242000
100,47,2,6.048800,6.167000,5.996000,6.184000,6.014000,5.883000
100,48,2,6.311800,6.387000,6.323000,6.287000,6.324000,6.238000
100,49,2,6.243000,6.350000,6.288000,6.290000,6.191000,6.096000
100,50,2,6.377000,6.354000,6.287000,6.577000,6.306000,6.361000
100,51,2,6.478000,6.505000,6.491000,6.651000,6.376000,6.367000
100,52,2,6.351200,6.351000,6.336000,6.507000,6.365000,6.197000
100,53,2,6.414800,6.513000,6.268000,6.461000,6.436000,6.396000
100,54,2,6.275600,6.460000,6.245000,6.360000,6.193000,6.120000
100,55,2,6.355200,6.470000,6.313000,6.424000,6.315000,6.254000
100,56,2,6.511200,6.411000,6.552000,6.601000,6.509000,6.483000
100,57,2,5.940000,5.884000,6.005000,6.079000,5.931000,5.801000
100,58,2,6.111600,6.120000,6.141000,6.168000,6.063000,6.066000
100,59,2,6.437800,6.564000,6.378000,6.496000,6.278000,6.473000
100,60,3,4.485400,4.366000,4.505000,4.534000,4.536000,4.486000
100,61,3,4.461400,4.514000,4.361000,4.624000,4.487000,4.321000
100,62,3,4.612600,4.630000,4.490000,4.644000,4.679000,4.620000
100,63,3,4.553400,4.613000,4.476000,4.591000,4.614000,4.473000
100,64,3,4.552600,4.590000,4.521000,4.610000,4.616000,4.426000
100,65,3,4.403000,4.470000,4.440000,4.336000,4.375000,4.394000
100,66,3,4.559600,4.620000,4.550000,4.569000,4.506000,4.553000
100,67,3,4.548000,4.603000,4.475000,4.583000,4.629000,4.450000
100,68,3,4.212400,4.291000,4.233000,4.352000,4.031000,4.155000
100,69,3,4.582200,4.531000,4.497000,4.668000,4.635000,4.580000
100,70,3,4.627200,4.757000,4.539000,4.681000,4.575000,4.584000
100,71,3,4.534000,4.480000,4.564000,4.614000,4.551000,4.461000
100,72,3,4.576400,4.478000,4.492000,4.612000,4.794000,4.506000
100,73,3,4.604400,4.687000,4.551000,4.616000,4.621000,4.547000
100,74,3,4.428800,4.480000,4.307000,4.484000,4.492000,4.381000
100,75,3,4.484800,4.614000,4.336000,4.491000,4.589000,4.394000
100,76,3,4.562000,4.567000,4.463000,4.720000,4.534000,4.526000
100,77,3,4.507000,4.534000,4.516000,4.561000,4.505000,4.419000
100,78,3,4.524200,4.463000,4.450000,4.702000,4.574000,4.432000
100,79,3,4.559600,4.564000,4.598000,4.517000,4.577000,4.542000
100,80,4,4.746600,4.798000,4.597000,4.803000,4.753000,4.782000
100,81,4,4.678400,4.640000,4.669000,4.661000,4.647000,4.775000
100,82,4,4.711600,4.766000,4.620000,4.766000,4.621000,4.785000
100,83,4,4.621200,4.634000,4.526000,4.651000,4.644000,4.651000
100,84,4,4.743800,4.842000,4.617000,4.740000,4.751000,4.769000
100,85,4,4.517400,4.517000,4.504000,4.485000,4.538000,4.543000
100,86,4,4.832400,4.727000,4.828000,4.834000,4.876000,4.897000
100,87,4,4.850800,4.823000,4.820000,4.817000,4.813000,4.981000
100,88,4,4.644000,4.708000,4.557000,4.679000,4.665000,4.611000
100,89,4,4.510800,4.645000,4.468000,4.463000,4.537000,4.441000
100,90,4,4.707600,4.778000,4.654000,4.718000,4.689000,4.699000
100,91,4,4.635400,4.609000,4.568000,4.673000,4.644000,4.683000
100,92,4,4.706800,4.807000,4.636000,4.681000,4.681000,4.729000
100,93,4,4.612000,4.524000,4.663000,4.689000,4.585000,4.599000
100,94,4,4.739200,4.690000,4.745000,4.837000,4.692000,4.732000
100,95,4,4.738000,4.824000,4.685000,4.799000,4.727000,4.655000
100,96,4,4.370600,4.475000,4.347000,4.361000,4.406000,4.264000
100,97,4,4.496000,4.492000,4.509000,4.525000,4.486000,4.468000
100,98,4,4.611000,4.555000,4.535000,4.619000,4.657000,4.689000
100,99,4,4.757600,4.894000,4.616000,4.740000,4.754000,4.784000
101,0,2,6.494200,6.595000,6.436000,6.492000,6.455000,6.493000
101,1,2,6.287000,6.328000,6.305000,6.279000,6.358000,6.165000
101,2,2,6.093200,5.961000,6.077000,6.308000,6.189000,5.931000
101,3,2,6.346000,6.303000,6.371000,6.312000,6.403000,6.341000
101,4,2,6.279200,6.123000,6.153000,6.526000,6.213000,6.381000
101,5,2,6.213200,6.137000,6.113000,6.242000,6.226000,6.348000
101,6,2,6.408400,6.358000,6.318000,6.453000,6.495000,6.418000
101,7,2,6.392400,6.391000,6.353000,6.395000,6.383000,6.440000
101,8,2,6.285400,6.221000,6.224000,6.475000,6.120000,6.387000
101,9,2,6.251600,6.216000,6.101000,6.349000,6.385000,6.207000
101,10,2,6.474600,6.545000,6.404000,6.510000,6.473000,6.441000
101,11,2,6.388200,6.426000,6.293000,6.520000,6.315000,6.387000
101,12,2,6.325200,6.412000,6.262000,6.359000,6.284000,6.309000
101,13,2,6.390000,6.284000,6.276000,6.549000,6.407000,6.434000
101,14,2,6.346600,6.371000,6.200000,6.378000,6.377000,6.407000
101,15,2,6.065200,5.935000,5.989000,6.134000,5.987000,6.281000
101,16,2,6.362600,6.318000,6.264000,6.458000,6.428000,6.345000
101,17,2,6.406400,6.174000,6.413000,6.563000,6.484000,6.398000
101,18,2,6.377800,6.349000,6.286000,6.438000,6.462000,6.354000
101,19,2,6.134800,6.161000,6.109000,6.302000,5.986000,6.116000
102,0,2,6.447600,6.484000,6.517000,6.437000,6.434000,6.366000
102,1,2,6.564400,6.473000,6.581000,6.713000,6.561000,6.494000
102,2,2,6.427600,6.436000,6.529000,6.525000,6.407000,6.241000
102,3,2,6.332200,6.388000,6.394000,6.337000,6.404000,6.138000
102,4,2,6.335000,6.329000,6.407000,6.345000,6.424000,6.170000
102,5,2,6.226800,6.335000,6.199000,6.262000,6.356000,5.982000
102,6,2,6.590800,6.595000,6.656000,6.555000,6.575000,6.573000
102,7,2,6.460800,6.412000,6.386000,6.583000,6.462000,6.461000
102,8,2,5.971600,5.880000,6.158000,6.051000,5.843000,5.926000
102,9,2,6.342600,6.390000,6.336000,6.471000,6.402000,6.114000
102,10,2,6.401000,6.541000,6.377000,6.430000,6.446000,6.211000
102,11,2,6.181400,6.056000,6.182000,6.281000,6.169000,6.219000
102,12,2,6.513200,6.505000,6.492000,6.589000,6.534000,6.446000
102,13,2,6.207400,6.281000,6.145000,6.300000,6.199000,6.112000
102,14,2,5.970800,6.107000,6.036000,6.067000,5.878000,5.766000
102,15,2,6.567800,6.589000,6.560000,6.571000,6.589000,6.530000
102,16,2,6.384000,6.427000,6.340000,6.470000,6.389000,6.294000
102,17,2,6.337800,6.379000,6.355000,6.406000,6.440000,6.109000
102,18,2,6.435400,6.407000,6.513000,6.435000,6.469000,6.353000
102,19,2,6.586200,6.602000,6.605000,6.621000,6.603000,6.500000
103,0,2,6.353000,6.332000,6.355000,6.455000,6.411000,6.212000
103,1,2,6.192000,6.237000,6.190000,6.341000,6.116000,6.076000
103,2,2,5.837800,5.757000,5.924000,5.959000,5.830000,5.719000
103,3,2,6.454800,6.401000,6.445000,6.566000,6.465000,6.397000
103,4,2,6.295800,6.146000,6.414000,6.480000,6.216000,6.223000
103,5,2,6.274400,6.318000,6.188000,6.388000,6.230000,6.248000
103,6,2,6.351200,6.287000,5.892000,6.712000,6.434000,6.431000
103,7,2,6.548400,6.581000,6.476000,6.694000,6.437000,6.554000
103,8,2,6.559800,6.585000,6.517000,6.678000,6.568000,6.451000
103,9,2,6.291200,6.326000,6.247000,6.278000,6.319000,6.286000
103,10,2,6.462200,6.445000,6.293000,6.626000,6.537000,6.410000
103,11,2,6.363200,6.384000,6.360000,6.414000,6.341000,6.317000
103,12,2,6.423600,6.309000,6.414000,6.491000,6.473000,6.431000
103,13,2,6.378000,6.364000,6.424000,6.422000,6.343000,6.337000
103,14,2,5.677400,5.673000,5.658000,5.845000,5.620000,5.591000
103,15,2,6.455400,6.311000,6.348000,6.586000,6.515000,6.517000
103,16,2,6.364000,6.223000,6.426000,6.546000,6.384000,6.241000
103,17,2,6.231200,6.195000,6.294000,6.325000,6.222000,6.120000
103,18,2,6.199000,6.101000,6.208000,6.279000,6.244000,6.163000
103,19,2,6.384200,6.354000,6.390000,6.538000,6.376000,6.263000
104,0,2,6.662000,6.696000,6.619000,6.678000,6.656000,6.661000
104,1,2,6.155000,6.065000,6.179000,6.258000,6.157000,6.116000
104,2,2,6.414600,6.425000,6.391000,6.447000,6.383000,6.427000
104,3,2,6.430200,6.391000,6.421000,6.559000,6.356000,6.424000
104,4,2,6.491600,6.329000,6.537000,6.537000,6.594000,6.461000
104,5,2,6.325800,6.327000,6.309000,6.401000,6.323000,6.269000
104,6,2,6.341600,6.254000,6.285000,6.475000,6.324000,6.370000
104,7,2,6.486200,6.383000,6.504000,6.545000,6.520000,6.479000
104,8,2,6.460000,6.499000,6.458000,6.464000,6.466000,6.413000
104,9,2,6.424400,6.319000,6.357000,6.471000,6.409000,6.566000
104,10,2,6.697200,6.672000,6.627000,6.695000,6.845000,6.647000
104,11,2,6.499400,6.557000,6.412000,6.602000,6.389000,6.537000
104,12,2,6.374000,6.249000,6.384000,6.570000,6.319000,6.348000
104,13,2,6.486400,6.445000,6.491000,6.553000,6.480000,6.463000
104,14,2,6.438400,6.322000,6.389000,6.419000,6.585000,6.477000
104,15,2,6.313000,6.239000,6.302000,6.388000,6.295000,6.341000
104,16,2,6.562200,6.515000,6.577000,6.650000,6.555000,6.514000
104,17,2,6.471800,6.111000,6.493000,6.609000,6.536000,6.610000
104,18,2,6.378800,6.311000,6.367000,6.538000,6.309000,6.369000
104,19,2,6.433000,6.469000,6.367000,6.520000,6.458000,6.351000
105,0,2,6.472000,6.466000,6.374000,6.614000,6.547000,6.359000
105,1,2,6.618400,6.557000,6.623000,6.668000,6.644000,6.600000
105,2,2,6.407400,6.391000,6.300000,6.545000,6.398000,6.403000
105,3,2,6.415400,6.404000,6.330000,6.571000,6.403000,6.369000
105,4,2,6.460200,6.510000,6.329000,6.609000,6.474000,6.379000
105,5,2,6.505600,6.569000,6.418000,6.650000,6.436000,6.455000
105,6,2,6.440200,6.284000,6.577000,6.309000,6.663000,6.368000
105,7,2,6.712000,6.773000,6.624000,6.752000,6.628000,6.783000
105,8,2,6.534800,6.537000,6.476000,6.634000,6.537000,6.490000
105,9,2,6.561200,6.627000,6.535000,6.657000,6.530000,6.457000
105,10,2,6.483600,6.488000,6.482000,6.575000,6.434000,6.439000
105,11,2,6.475800,6.498000,6.395000,6.616000,6.457000,6.413000
105,12,2,6.549000,6.498000,6.559000,6.676000,6.580000,6.432000
105,13,2,6.351800,6.417000,6.258000,6.470000,6.415000,6.199000
105,14,2,6.588800,6.584000,6.496000,6.672000,6.647000,6.545000
105,15,2,6.029800,6.125000,5.978000,6.105000,5.985000,5.956000
105,16,2,6.245200,6.251000,6.088000,6.293000,6.251000,6.343000
105,17,2,6.459200,6.506000,6.381000,6.562000,6.391000,6.456000
105,18,2,6.290800,6.382000,6.236000,6.371000,6.204000,6.261000
105,19,2,6.488600,6.529000,6.448000,6.549000,6.445000,6.472000
106,0,2,6.032200,6.123000,5.959000,6.111000,5.926000,6.042000
106,1,2,6.747200,6.806000,6.745000,6.747000,6.663000,6.775000
106,2,2,6.426800,6.479000,6.456000,6.478000,6.266000,6.455000
106,3,2,6.664600,6.811000,6.625000,6.608000,6.582000,6.697000
106,4,2,6.359400,6.446000,6.261000,6.346000,6.200000,6.544000
106,5,2,6.107600,6.247000,6.027000,6.141000,5.950000,6.173000
106,6,2,6.131200,6.220000,6.184000,5.947000,6.027000,6.278000
106,7,2,6.258800,6.386000,6.245000,6.228000,6.153000,6.282000
106,8,2,6.074400,6.165000,6.035000,5.997000,5.962000,6.213000
106,9,2,6.533000,6.526000,6.538000,6.469000,6.431000,6.701000
106,10,2,6.412200,6.562000,6.438000,6.259000,6.312000,6.490000
106,11,2,6.319600,6.434000,6.307000,6.326000,6.064000,6.467000
106,12,2,6.192000,6.245000,6.161000,6.092000,6.064000,6.398000
106,13,2,6.642200,6.688000,6.688000,6.545000,6.529000,6.761000
106,14,2,6.580600,6.701000,6.546000,6.553000,6.471000,6.632000
106,15,2,6.729600,6.738000,6.698000,6.735000,6.626000,6.851000
106,16,2,6.521200,6.673000,6.516000,6.576000,6.326000,6.515000
106,17,2,6.380600,6.427000,6.343000,6.301000,6.304000,6.528000
106,18,2,6.249400,6.303000,6.273000,6.213000,6.069000,6.389000
106,19,2,6.480200,6.628000,6.397000,6.492000,6.402000,6.482000
107,0,2,6.316000,6.203000,6.274000,6.335000,6.247000,6.521000
107,1,2,6.446800,6.311000,6.421000,6.603000,6.327000,6.572000
107,2,2,6.562600,6.507000,6.443000,6.661000,6.511000,6.691000
107,3,2,6.383400,6.235000,6.416000,6.488000,6.326000,6.452000
107,4,2,6.671600,6.520000,6.600000,6.755000,6.668000,6.815000
107,5,2,6.605200,6.445000,6.513000,6.668000,6.732000,6.668000
107,6,2,6.630000,6.425000,6.643000,6.727000,6.612000,6.743000
107,7,2,6.390200,6.283000,6.381000,6.465000,6.241000,6.581000
107,8,2,6.688000,6.526000,6.657000,6.717000,6.711000,6.829000
107,9,2,6.534600,6.399000,6.414000,6.655000,6.544000,6.661000
107,10,2,6.492800,6.353000,6.464000,6.604000,6.417000,6.626000
107,11,2,6.605000,6.481000,6.529000,6.700000,6.645000,6.670000
107,12,2,6.626400,6.598000,6.638000,6.694000,6.521000,6.681000
107,13,2,6.705800,6.535000,6.601000,6.820000,6.764000,6.809000
107,14,2,6.569800,6.465000,6.532000,6.569000,6.506000,6.777000
107,15,2,6.364200,6.197000,6.319000,6.449000,6.421000,6.435000
107,16,2,6.505800,6.373000,6.445000,6.601000,6.515000,6.595000
107,17,2,6.388200,6.184000,6.435000,6.520000,6.431000,6.371000
107,18,2,6.458600,6.277000,6.351000,6.633000,6.464000,6.568000
107,19,2,6.375200,6.212000,6.248000,6.540000,6.333000,6.543000
108,0,2,6.622400,6.745000,6.520000,6.565000,6.619000,6.663000
108,1,2,6.550600,6.531000,6.404000,6.588000,6.581000,6.649000
108,2,2,6.532200,6.468000,6.528000,6.500000,6.606000,6.559000
108,3,2,6.740400,6.799000,6.660000,6.720000,6.690000,6.833000
108,4,2,6.623800,6.734000,6.482000,6.542000,6.612000,6.749000
108,5,2,6.567200,6.611000,6.558000,6.423000,6.596000,6.648000
108,6,2,6.672800,6.641000,6.560000,6.617000,6.739000,6.807000
108,7,2,6.603600,6.680000,6.461000,6.573000,6.660000,6.644000
108,8,2,6.670800,6.730000,6.556000,6.607000,6.709000,6.752000
108,9,2,6.613600,6.783000,6.500000,6.577000,6.573000,6.635000
108,10,2,6.759000,6.774000,6.572000,6.757000,6.771000,6.921000
108,11,2,6.663800,6.686000,6.554000,6.711000,6.572000,6.796000
108,12,2,6.260800,6.340000,6.172000,6.125000,6.284000,6.383000
108,13,2,6.647400,6.698000,6.529000,6.613000,6.628000,6.769000
108,14,2,6.690800,6.812000,6.591000,6.658000,6.699000,6.694000
108,15,2,6.654000,6.629000,6.492000,6.717000,6.676000,6.756000
108,16,2,6.159200,6.258000,6.010000,6.146000,6.173000,6.209000
108,17,2,6.611600,6.650000,6.513000,6.670000,6.546000,6.679000
108,18,2,6.566400,6.633000,6.388000,6.484000,6.632000,6.695000
108,19,2,6.538800,6.612000,6.455000,6.554000,6.468000,6.605000
109,0,2,6.515400,6.496000,6.700000,6.449000,6.452000,6.480000
109,1,2,6.393400,6.319000,6.553000,6.414000,6.312000,6.369000
109,2,2,6.561200,6.428000,6.720000,6.535000,6.486000,6.637000
109,3,2,6.538000,6.507000,6.613000,6.536000,6.465000,6.569000
109,4,2,6.461800,6.430000,6.679000,6.553000,6.246000,6.401000
109,5,2,6.636800,6.573000,6.835000,6.653000,6.589000,6.534000
109,6,2,6.628400,6.665000,6.773000,6.658000,6.519000,6.527000
109,7,2,6.241600,6.131000,6.418000,6.259000,6.148000,6.252000
109,8,2,6.480600,6.495000,6.698000,6.438000,6.417000,6.355000
109,9,2,6.394200,6.295000,6.670000,6.362000,6.317000,6.327000
109,10,2,6.461600,6.489000,6.679000,6.485000,6.299000,6.356000
109,11,2,6.454400,6.501000,6.676000,6.319000,6.434000,6.342000
109,12,2,6.398200,6.378000,6.630000,6.412000,6.194000,6.377000
109,13,2,6.315600,6.298000,6.462000,6.333000,6.125000,6.360000
109,14,2,6.459200,6.447000,6.668000,6.331000,6.353000,6.497000
109,15,2,6.587200,6.548000,6.748000,6.615000,6.448000,6.577000
109,16,2,6.581200,6.642000,6.752000,6.492000,6.379000,6.641000
109,17,2,6.651000,6.636000,6.870000,6.572000,6.526000,6.651000
109,18,2,6.559800,6.543000,6.727000,6.493000,6.462000,6.574000
109,19,2,6.205800,6.133000,6.379000,6.221000,6.195000,6.101000
110,0,0,4.417400,4.490000,4.404000,4.541000,4.318000,4.334000
110,1,0,4.238400,4.244000,4.245000,4.272000,4.213000,4.218000
110,2,0,4.475000,4.397000,4.543000,4.624000,4.337000,4.474000
110,3,0,4.379000,4.420000,4.333000,4.506000,4.218000,4.418000
110,4,0,4.684800,4.602000,4.726000,4.718000,4.743000,4.635000
110,5,0,4.576800,4.503000,4.443000,4.715000,4.592000,4.631000
110,6,0,4.400600,4.264000,4.416000,4.603000,4.383000,4.337000
110,7,0,4.882000,4.852000,4.853000,4.926000,4.820000,4.959000
110,8,0,4.565800,4.453000,4.566000,4.673000,4.528000,4.609000
110,9,0,4.601600,4.364000,4.656000,4.738000,4.559000,4.691000
110,10,0,4.649800,4.471000,4.741000,4.717000,4.639000,4.681000
110,11,0,4.516400,4.470000,4.535000,4.719000,4.285000,4.573000
110,12,0,4.650400,4.566000,4.507000,4.746000,4.658000,4.775000
110,13,0,4.626400,4.445000,4.641000,4.725000,4.694000,4.627000
110,14,0,4.490000,4.507000,4.434000,4.513000,4.455000,4.541000
110,15,0,4.510400,4.359000,4.545000,4.593000,4.454000,4.601000
110,16,0,4.490200,4.483000,4.456000,4.616000,4.527000,4.369000
110,17,0,4.575000,4.478000,4.494000,4.705000,4.575000,4.623000
110,18,0,4.282600,4.356000,4.158000,4.463000,4.150000,4.286000
110,19,0,4.603000,4.608000,4.494000,4.717000,4.634000,4.562000
110,20,1,4.340600,4.299000,4.298000,4.437000,4.363000,4.306000
110,21,1,4.596200,4.470000,4.523000,4.894000,4.514000,4.580000
110,22,1,4.668000,4.559000,4.557000,4.849000,4.594000,4.781000
110,23,1,4.413600,4.419000,4.349000,4.603000,4.401000,4.296000
110,24,1,4.544400,4.429000,4.471000,4.768000,4.450000,4.604000
110,25,1,4.541600,4.487000,4.377000,4.752000,4.504000,4.588000
110,26,1,4.326200,4.153000,4.345000,4.447000,4.305000,4.381000
110,27,1,4.401600,4.257000,4.410000,4.484000,4.366000,4.491000
110,28,1,4.469600,4.381000,4.430000,4.645000,4.414000,4.478000
110,29,1,4.366600,4.239000,4.386000,4.476000,4.342000,4.390000
110,30,1,4.237800,4.092000,4.228000,4.429000,4.189000,4.251000
110,31,1,4.591800,4.553000,4.422000,4.735000,4.629000,4.620000
110,32,1,4.436000,4.481000,4.378000,4.538000,4.316000,4.467000
110,33,1,4.781800,4.804000,4.719000,5.059000,4.715000,4.612000
110,34,1,4.750200,4.616000,4.676000,4.856000,4.703000,4.900000
110,35,1,4.673400,4.636000,4.575000,4.825000,4.647000,4.684000
110,36,1,4.423800,4.330000,4.319000,4.507000,4.390000,4.573000
110,37,1,4.241800,4.106000,4.173000,4.376000,4.258000,4.296000
110,38,1,4.439600,4.245000,4.346000,4.681000,4.373000,4.553000
110,39,1,4.399600,4.309000,4.372000,4.442000,4.310000,4.565000
110,40,2,6.440600,6.366000,6.358000,6.527000,6.488000,6.464000
110,41,2,6.517200,6.482000,6.563000,6.592000,6.464000,6.485000
110,42,2,6.227200,6.183000,6.220000,6.357000,6.171000,6.205000
110,43,2,6.486200,6.311000,6.533000,6.631000,6.470000,6.486000
110,44,2,6.411000,6.349000,6.368000,6.589000,6.343000,6.406000
110,45,2,6.147800,6.099000,6.091000,6.223000,6.248000,6.078000
110,46,2,6.207000,6.126000,6.025000,6.457000,6.290000,6.137000
110,47,2,6.486200,6.455000,6.458000,6.557000,6.542000,6.419000
110,48,2,6.330000,6.362000,6.288000,6.402000,6.240000,6.358000
110,49,2,6.616600,6.611000,6.641000,6.718000,6.486000,6.627000
110,50,2,6.442400,6.402000,6.418000,6.412000,6.521000,6.459000
110,51,2,6.515600,6.412000,6.587000,6.506000,6.544000,6.529000
110,52,2,6.058800,6.022000,5.983000,6.169000,6.004000,6.116000
110,53,2,6.477200,6.457000,6.458000,6.583000,6.398000,6.490000
110,54,2,6.478600,6.470000,6.490000,6.574000,6.484000,6.375000
110,55,2,6.653600,6.601000,6.579000,6.671000,6.690000,6.727000
110,56,2,6.463400,6.421000,6.416000,6.547000,6.398000,6.535000
110,57,2,6.649600,6.606000,6.539000,6.718000,6.636000,6.749000
110,58,2,6.477800,6.327000,6.455000,6.334000,6.703000,6.570000
110,59,2,6.358000,6.288000,6.331000,6.479000,6.383000,6.309000
110,60,3,4.561800,4.470000,4.563000,4.653000,4.570000,4.553000
110,61,3,4.442600,4.321000,4.444000,4.527000,4.413000,4.508000
110,62,3,4.393600,4.370000,4.343000,4.537000,4.415000,4.303000
110,63,3,4.245800,4.288000,4.259000,4.344000,4.128000,4.210000
110,64,3,4.370200,4.291000,4.287000,4.526000,4.327000,4.420000
110,65,3,4.490800,4.391000,4.386000,4.654000,4.559000,4.464000
110,66,3,4.416000,4.382000,4.470000,4.496000,4.332000,4.400000
110,67,3,4.181800,4.076000,4.132000,4.325000,4.133000,4.243000
110,68,3,4.377200,4.311000,4.371000,4.444000,4.370000,4.390000
110,69,3,4.369200,4.280000,4.269000,4.542000,4.375000,4.380000
110,70,3,4.248200,4.249000,4.125000,4.403000,4.182000,4.282000
110,71,3,4.367800,4.322000,4.343000,4.462000,4.340000,4.372000
110,72,3,4.432400,4.356000,4.419000,4.698000,4.256000,4.433000
110,73,3,4.493600,4.408000,4.354000,4.617000,4.502000,4.587000
110,74,3,4.510600,4.411000,4.369000,4.717000,4.602000,4.454000
110,75,3,4.406200,4.264000,4.394000,4.618000,4.256000,4.499000
110,76,3,4.482000,4.451000,4.464000,4.684000,4.382000,4.429000
110,77,3,4.386000,4.289000,4.283000,4.531000,4.394000,4.433000
110,78,3,4.375000,4.305000,4.367000,4.561000,4.406000,4.236000
110,79,3,4.272000,4.224000,4.089000,4.454000,4.306000,4.287000
110,80,4,4.583200,4.513000,4.527000,4.678000,4.558000,4.640000
110,81,4,4.558200,4.430000,4.550000,4.633000,4.554000,4.624000
110,82,4,4.709800,4.702000,4.654000,4.835000,4.689000,4.669000
110,83,4,4.658200,4.511000,4.575000,4.777000,4.725000,4.703000
110,84,4,4.684400,4.584000,4.564000,4.855000,4.700000,4.719000
110,85,4,4.693400,4.732000,4.612000,4.716000,4.637000,4.770000
110,86,4,4.539400,4.389000,4.465000,4.692000,4.516000,4.635000
110,87,4,4.616800,4.461000,4.617000,4.736000,4.585000,4.685000
110,88,4,4.569000,4.586000,4.522000,4.646000,4.560000,4.531000
110,89,4,4.740400,4.602000,4.691000,4.753000,4.769000,4.887000
110,90,4,4.614000,4.509000,4.491000,4.748000,4.609000,4.713000
110,91,4,4.541400,4.427000,4.516000,4.557000,4.647000,4.560000
110,92,4,4.719600,4.733000,4.617000,4.831000,4.702000,4.715000
110,93,4,4.597800,4.647000,4.537000,4.548000,4.698000,4.559000
110,94,4,4.563600,4.468000,4.536000,4.672000,4.555000,4.587000
110,95,4,4.465000,4.316000,4.439000,4.662000,4.450000,4.458000
110,96,4,4.638000,4.564000,4.593000,4.725000,4.682000,4.626000
110,97,4,4.531000,4.574000,4.446000,4.634000,4.511000,4.490000
110,98,4,4.686400,4.632000,4.605000,4.845000,4.778000,4.572000
110,99,4,4.522200,4.543000,4.509000,4.581000,4.379000,4.599000
111,0,2,6.704800,6.629000,6.749000,6.723000,6.637000,6.786000
111,1,2,6.520000,6.403000,6.588000,6.599000,6.333000,6.677000
111,2,2,6.665800,6.643000,6.700000,6.737000,6.576000,6.673000
111,3,2,6.865200,6.783000,6.859000,6.885000,6.788000,7.011000
111,4,2,6.795800,6.823000,6.789000,6.793000,6.702000,6.872000
111,5,2,6.535000,6.555000,6.510000,6.578000,6.389000,6.643000
111,6,2,6.672600,6.617000,6.724000,6.704000,6.618000,6.700000
111,7,2,6.734400,6.733000,6.603000,6.802000,6.635000,6.899000
111,8,2,6.593600,6.486000,6.502000,6.702000,6.587000,6.691000
111,9,2,6.607800,6.624000,6.480000,6.638000,6.572000,6.725000
111,10,2,6.634000,6.533000,6.603000,6.755000,6.611000,6.668000
111,11,2,6.571600,6.449000,6.549000,6.629000,6.487000,6.744000
111,12,2,6.615200,6.619000,6.570000,6.645000,6.436000,6.806000
111,13,2,6.477800,6.429000,6.450000,6.553000,6.423000,6.534000
111,14,2,6.663600,6.672000,6.663000,6.607000,6.627000,6.749000
111,15,2,6.316200,6.240000,6.246000,6.377000,6.324000,6.394000
111,16,2,6.408600,6.302000,6.423000,6.409000,6.374000,6.535000
111,17,2,6.848800,6.753000,6.821000,7.043000,6.740000,6.887000
111,18,2,6.524600,6.388000,6.657000,6.625000,6.685000,6.268000
111,19,2,6.695400,6.620000,6.703000,6.669000,6.638000,6.847000
112,0,2,6.609200,6.613000,6.563000,6.387000,6.789000,6.694000
112,1,2,6.640000,6.520000,6.564000,6.531000,6.825000,6.760000
112,2,2,6.707000,6.615000,6.669000,6.640000,6.818000,6.793000
112,3,2,6.859600,6.909000,6.791000,6.716000,6.938000,6.944000
112,4,2,6.679000,6.516000,6.667000,6.571000,6.815000,6.826000
112,5,2,6.691600,6.677000,6.640000,6.606000,6.761000,6.774000
112,6,2,6.682400,6.624000,6.629000,6.617000,6.847000,6.695000
112,7,2,6.330600,6.221000,6.268000,6.195000,6.472000,6.497000
112,8,2,6.706200,6.560000,6.745000,6.648000,6.707000,6.871000
112,9,2,6.387800,6.264000,6.312000,6.322000,6.511000,6.530000
112,10,2,6.453800,6.348000,6.376000,6.388000,6.643000,6.514000
112,11,2,6.731000,6.586000,6.655000,6.658000,6.888000,6.868000
112,12,2,6.638200,6.656000,6.563000,6.581000,6.659000,6.732000
112,13,2,6.375800,6.303000,6.332000,6.348000,6.407000,6.489000
112,14,2,6.631400,6.694000,6.518000,6.505000,6.692000,6.748000
112,15,2,6.729600,6.730000,6.547000,6.640000,6.867000,6.864000
112,16,2,6.553000,6.457000,6.503000,6.418000,6.710000,6.677000
112,17,2,6.324600,6.201000,6.238000,6.343000,6.395000,6.446000
112,18,2,6.629800,6.593000,6.629000,6.533000,6.657000,6.737000
112,19,2,6.577600,6.631000,6.630000,6.407000,6.612000,6.608000
113,0,2,6.574000,6.564000,6.635000,6.626000,6.497000,6.548000
113,1,2,6.433200,6.517000,6.461000,6.313000,6.494000,6.381000
113,2,2,6.315000,6.327000,6.346000,6.301000,6.272000,6.329000
113,3,2,6.771400,6.745000,6.819000,6.660000,6.817000,6.816000
113,4,2,6.660000,6.646000,6.648000,6.509000,6.713000,6.784000
113,5,2,6.438400,6.480000,6.536000,6.333000,6.405000,6.438000
113,6,2,6.389800,6.403000,6.348000,6.378000,6.358000,6.462000
113,7,2,6.606600,6.631000,6.633000,6.543000,6.568000,6.658000
113,8,2,6.123000,6.194000,6.134000,6.105000,6.025000,6.157000
113,9,2,6.620400,6.660000,6.709000,6.736000,6.483000,6.514000
113,10,2,6.677600,6.692000,6.733000,6.640000,6.650000,6.673000
113,11,2,6.521000,6.509000,6.603000,6.576000,6.359000,6.558000
113,12,2,6.522600,6.534000,6.442000,6.533000,6.617000,6.487000
113,13,2,6.640000,6.654000,6.665000,6.524000,6.708000,6.649000
113,14,2,6.635600,6.679000,6.645000,6.513000,6.707000,6.634000
113,15,2,6.640800,6.538000,6.651000,6.559000,6.744000,6.712000
113,16,2,6.541800,6.558000,6.599000,6.462000,6.489000,6.601000
113,17,2,6.604200,6.595000,6.582000,6.603000,6.685000,6.556000
113,18,2,6.516400,6.530000,6.590000,6.461000,6.585000,6.416000
113,19,2,6.610600,6.686000,6.635000,6.518000,6.665000,6.549000
114,0,2,6.608800,6.669000,6.669000,6.754000,6.400000,6.552000
114,1,2,6.489600,6.544000,6.667000,6.564000,6.267000,6.406000
114,2,2,6.589600,6.550000,6.519000,6.841000,6.361000,6.677000
114,3,2,6.462800,6.491000,6.457000,6.493000,6.365000,6.508000
114,4,2,6.451600,6.435000,6.454000,6.566000,6.212000,6.591000
114,5,2,6.566600,6.811000,6.718000,6.683000,6.091000,6.530000
114,6,2,6.408000,6.424000,6.444000,6.381000,6.380000,6.411000
114,7,2,6.336600,6.195000,6.316000,6.449000,6.253000,6.470000
114,8,2,6.556200,6.518000,6.586000,6.643000,6.391000,6.643000
114,9,2,6.511400,6.453000,6.484000,6.541000,6.495000,6.584000
114,10,2,6.244200,6.186000,6.205000,6.325000,6.079000,6.426000
114,11,2,6.450600,6.509000,6.343000,6.599000,6.280000,6.522000
114,12,2,6.620400,6.643000,6.632000,6.692000,6.446000,6.689000
114,13,2,6.511000,6.500000,6.495000,6.538000,6.335000,6.687000
114,14,2,6.527800,6.428000,6.689000,6.560000,6.308000,6.654000
114,15,2,6.619400,6.581000,6.616000,6.708000,6.532000,6.660000
114,16,2,6.329800,6.298000,6.254000,6.367000,6.254000,6.476000
114,17,2,6.620400,6.563000,6.567000,6.792000,6.492000,6.688000
114,18,2,6.345600,6.343000,6.342000,6.420000,6.187000,6.436000
114,19,2,6.344200,6.169000,6.378000,6.412000,6.322000,6.440000
115,0,2,6.492400,6.474000,6.529000,6.530000,6.456000,6.473000
115,1,2,6.618000,6.687000,6.720000,6.644000,6.490000,6.549000
115,2,2,6.738400,6.749000,6.767000,6.724000,6.723000,6.729000
115,3,2,6.508800,6.629000,6.672000,6.463000,6.237000,6.543000
115,4,2,6.758400,6.748000,6.823000,6.765000,6.799000,6.657000
115,5,2,6.556200,6.568000,6.629000,6.508000,6.460000,6.616000
115,6,2,6.259600,6.221000,6.456000,6.265000,6.231000,6.125000
115,7,2,6.552800,6.559000,6.650000,6.475000,6.523000,6.557000
115,8,2,6.539800,6.584000,6.607000,6.542000,6.423000,6.543000
115,9,2,6.436000,6.486000,6.442000,6.490000,6.401000,6.361000
115,10,2,6.312400,6.443000,6.384000,6.325000,6.129000,6.281000
115,11,2,6.498800,6.520000,6.598000,6.444000,6.464000,6.468000
115,12,2,6.482000,6.531000,6.350000,6.490000,6.528000,6.511000
115,13,2,6.271600,6.183000,6.436000,6.286000,6.277000,6.176000
115,14,2,6.266800,6.325000,6.326000,6.119000,6.224000,6.340000
115,15,2,6.466800,6.494000,6.497000,6.422000,6.481000,6.440000
115,16,2,6.680800,6.794000,6.688000,6.701000,6.655000,6.566000
115,17,2,6.602600,6.584000,6.652000,6.592000,6.572000,6.613000
115,18,2,6.671400,6.668000,6.774000,6.687000,6.535000,6.693000
115,19,2,6.594000,6.568000,6.703000,6.591000,6.598000,6.510000
116,0,2,6.348600,6.295000,6.367000,6.403000,6.301000,6.377000
116,1,2,6.666800,6.710000,6.604000,6.652000,6.674000,6.694000
116,2,2,6.466600,6.409000,6.536000,6.442000,6.392000,6.554000
116,3,2,6.513200,6.519000,6.569000,6.435000,6.447000,6.596000
116,4,2,6.373600,6.293000,6.394000,6.386000,6.311000,6.484000
116,5,2,6.711400,6.675000,6.805000,6.797000,6.526000,6.754000
116,6,2,6.593000,6.611000,6.557000,6.710000,6.474000,6.613000
116,7,2,6.568800,6.492000,6.573000,6.650000,6.511000,6.618000
116,8,2,6.682000,6.588000,6.569000,6.647000,6.797000,6.809000
116,9,2,6.720200,6.651000,6.800000,6.756000,6.615000,6.779000
116,10,2,6.752400,6.756000,6.772000,6.686000,6.726000,6.822000
116,11,2,6.561200,6.410000,6.600000,6.654000,6.464000,6.678000
116,12,2,6.540800,6.437000,6.539000,6.612000,6.441000,6.675000
116,13,2,6.356800,6.343000,6.349000,6.473000,6.153000,6.466000
116,14,2,6.456000,6.364000,6.553000,6.405000,6.377000,6.581000
116,15,2,6.505400,6.512000,6.660000,6.522000,6.355000,6.478000
116,16,2,6.130800,6.236000,5.980000,6.343000,5.921000,6.174000
116,17,2,6.590400,6.470000,6.541000,6.693000,6.549000,6.699000
116,18,2,6.511200,6.550000,6.547000,6.437000,6.382000,6.640000
116,19,2,6.459600,6.422000,6.481000,6.453000,6.460000,6.482000
117,0,2,6.568600,6.669000,6.585000,6.572000,6.547000,6.470000
117,1,2,6.321600,6.363000,6.230000,6.379000,6.324000,6.312000
117,2,2,6.527000,6.613000,6.500000,6.465000,6.596000,6.461000
117,3,2,6.287200,6.449000,6.214000,6.305000,6.180000,6.288000
117,4,2,6.418200,6.502000,6.316000,6.455000,6.331000,6.487000
117,5,2,6.517600,6.577000,6.446000,6.712000,6.450000,6.403000
117,6,2,6.475600,6.570000,6.469000,6.421000,6.469000,6.449000
117,7,2,6.640800,6.740000,6.634000,6.578000,6.683000,6.569000
117,8,2,6.352000,6.435000,6.235000,6.370000,6.352000,6.368000
117,9,2,6.550800,6.656000,6.576000,6.477000,6.500000,6.545000
117,10,2,6.763200,6.768000,6.812000,6.651000,6.848000,6.737000
117,11,2,6.418000,6.583000,6.395000,6.361000,6.401000,6.350000
117,12,2,6.597800,6.724000,6.598000,6.648000,6.544000,6.475000
117,13,2,6.523800,6.628000,6.557000,6.486000,6.513000,6.435000
117,14,2,6.661400,6.696000,6.652000,6.657000,6.698000,6.604000
117,15,2,6.718200,6.797000,6.621000,6.657000,6.802000,6.714000
117,16,2,6.752200,6.827000,6.742000,6.753000,6.854000,6.585000
117,17,2,6.550000,6.623000,6.586000,6.483000,6.552000,6.506000
117,18,2,6.272400,6.423000,6.082000,6.200000,6.346000,6.311000
117,19,2,6.376400,6.596000,6.304000,6.286000,6.379000,6.317000
118,0,2,6.645400,6.464000,6.651000,6.732000,6.710000,6.670000
118,1,2,6.682000,6.627000,6.595000,6.714000,6.703000,6.771000
118,2,2,6.556600,6.343000,6.467000,6.628000,6.692000,6.653000
118,3,2,6.402600,6.289000,6.222000,6.504000,6.427000,6.571000
118,4,2,6.553400,6.404000,6.474000,6.709000,6.603000,6.577000
118,5,2,6.658000,6.517000,6.636000,6.730000,6.684000,6.723000
118,6,2,6.616800,6.473000,6.639000,6.655000,6.609000,6.708000
118,7,2,6.805600,6.629000,6.765000,6.876000,6.887000,6.871000
118,8,2,6.516600,6.319000,6.342000,6.751000,6.565000,6.606000
118,9,2,6.503000,6.482000,6.481000,6.550000,6.551000,6.451000
118,10,2,6.796800,6.678000,6.724000,6.915000,6.815000,6.852000
118,11,2,6.725400,6.645000,6.610000,6.741000,6.770000,6.861000
118,12,2,6.481800,6.367000,6.429000,6.529000,6.593000,6.491000
118,13,2,6.636400,6.487000,6.614000,6.711000,6.735000,6.635000
118,14,2,6.775400,6.642000,6.752000,6.838000,6.873000,6.772000
118,15,2,6.553200,6.414000,6.479000,6.667000,6.666000,6.540000
118,16,2,6.658000,6.509000,6.594000,6.770000,6.664000,6.753000
118,17,2,6.797800,6.651000,6.814000,6.875000,6.819000,6.830000
118,18,2,6.578200,6.500000,6.451000,6.620000,6.690000,6.630000
118,19,2,6.443800,6.342000,6.442000,6.460000,6.467000,6.508000
119,0,2,6.612400,6.597000,6.563000,6.684000,6.714000,6.504000
119,1,2,6.799400,6.563000,6.863000,6.786000,6.922000,6.863000
119,2,2,6.549600,6.557000,6.521000,6.475000,6.636000,6.559000
119,3,2,6.742400,6.656000,6.646000,6.737000,6.885000,6.788000
119,4,2,6.767800,6.723000,6.657000,6.713000,6.955000,6.791000
119,5,2,6.663400,6.620000,6.644000,6.556000,6.753000,6.744000
119,6,2,6.676000,6.605000,6.620000,6.650000,6.772000,6.733000
119,7,2,6.870600,6.878000,6.877000,6.904000,6.902000,6.792000
119,8,2,6.816600,6.909000,6.802000,6.671000,6.854000,6.847000
119,9,2,6.512600,6.398000,6.405000,6.598000,6.678000,6.484000
119,10,2,6.774800,6.735000,6.777000,6.665000,6.881000,6.816000
119,11,2,6.238200,6.223000,6.084000,6.185000,6.368000,6.331000
119,12,2,6.733800,6.726000,6.810000,6.723000,6.833000,6.577000
119,13,2,6.664600,6.620000,6.662000,6.604000,6.765000,6.672000
119,14,2,6.781400,6.666000,6.837000,6.759000,6.887000,6.758000
119,15,2,6.750600,6.667000,6.736000,6.810000,6.880000,6.660000
119,16,2,6.858400,6.859000,6.862000,6.791000,6.895000,6.885000
119,17,2,6.576800,6.580000,6.482000,6.522000,6.594000,6.706000
119,18,2,6.838400,6.806000,6.822000,6.803000,6.901000,6.860000
119,19,2,6.814600,6.813000,6.725000,6.828000,6.852000,6.855000
120,0,0,4.859800,4.762000,4.873000,4.906000,4.979000,4.779000
120,1,0,4.706600,4.656000,4.633000,4.751000,4.807000,4.686000
120,2,0,4.639200,4.681000,4.438000,4.713000,4.734000,4.630000
120,3,0,4.888200,4.933000,4.756000,4.954000,4.906000,4.892000
120,4,0,4.798600,4.818000,4.688000,4.747000,4.870000,4.870000
120,5,0,4.609000,4.658000,4.566000,4.579000,4.689000,4.553000
120,6,0,5.048800,5.090000,4.896000,5.098000,5.069000,5.091000
120,7,0,4.705400,4.793000,4.619000,4.708000,4.681000,4.726000
120,8,0,4.671000,4.722000,4.636000,4.650000,4.694000,4.653000
120,9,0,4.990200,4.990000,4.859000,5.023000,5.002000,5.077000
120,10,0,4.822400,4.858000,4.682000,4.908000,4.756000,4.908000
120,11,0,4.660000,4.692000,4.454000,4.802000,4.745000,4.607000
120,12,0,4.865800,4.855000,4.789000,4.882000,4.839000,4.964000
120,13,0,4.794000,4.858000,4.627000,4.870000,4.908000,4.707000
120,14,0,4.877600,4.939000,4.785000,4.868000,4.854000,4.942000
120,15,0,4.614000,4.530000,4.592000,4.621000,4.680000,4.647000
120,16,0,4.909000,5.004000,4.791000,4.925000,4.937000,4.888000
120,17,0,4.869000,4.922000,4.727000,4.890000,4.816000,4.990000
120,18,0,4.782800,4.864000,4.658000,4.684000,4.853000,4.855000
120,19,0,4.792000,4.825000,4.643000,4.777000,4.907000,4.808000
120,20,1,4.643600,4.629000,4.615000,4.722000,4.618000,4.634000
120,21,1,4.719800,4.775000,4.734000,4.662000,4.844000,4.584000
120,22,1,4.543800,4.605000,4.435000,4.560000,4.597000,4.522000
120,23,1,4.503200,4.418000,4.462000,4.567000,4.595000,4.474000
120,24,1,4.700600,4.755000,4.682000,4.752000,4.664000,4.650000
120,25,1,4.529600,4.679000,4.453000,4.413000,4.589000,4.514000
120,26,1,4.412200,4.434000,4.405000,4.374000,4.441000,4.407000
120,27,1,4.567600,4.652000,4.428000,4.644000,4.592000,4.522000
120,28,1,4.465800,4.585000,4.337000,4.404000,4.531000,4.472000
120,29,1,4.695400,4.604000,4.635000,4.788000,4.722000,4.728000
120,30,1,4.587600,4.682000,4.539000,4.655000,4.588000,4.474000
120,31,1,4.516400,4.391000,4.500000,4.641000,4.526000,4.524000
120,32,1,4.540200,4.549000,4.562000,4.474000,4.503000,4.613000
120,33,1,4.541800,4.469000,4.583000,4.572000,4.558000,4.527000
120,34,1,4.728200,4.768000,4.776000,4.800000,4.580000,4.717000
120,35,1,4.768000,4.760000,4.601000,4.772000,4.754000,4.953000
120,36,1,4.487200,4.585000,4.393000,4.465000,4.550000,4.443000
120,37,1,4.649200,4.671000,4.626000,4.529000,4.713000,4.707000
120,38,1,4.632800,4.775000,4.553000,4.662000,4.622000,4.552000
120,39,1,4.475800,4.368000,4.470000,4.582000,4.518000,4.441000
120,40,2,6.668800,6.653000,6.665000,6.615000,6.679000,6.732000
120,41,2,6.593400,6.602000,6.505000,6.577000,6.520000,6.763000
120,42,2,6.347600,6.307000,6.257000,6.321000,6.445000,6.408000
120,43,2,6.644200,6.587000,6.556000,6.645000,6.769000,6.664000
120,44,2,6.747600,6.767000,6.670000,6.700000,6.772000,6.829000
120,45,2,6.745400,6.774000,6.716000,6.757000,6.756000,6.724000
120,46,2,6.758000,6.672000,6.773000,6.682000,6.743000,6.920000
120,47,2,6.444000,6.447000,6.367000,6.514000,6.380000,6.512000
120,48,2,6.383400,6.434000,6.244000,6.352000,6.442000,6.445000
120,49,2,6.454800,6.403000,6.337000,6.423000,6.575000,6.536000
120,50,2,6.760800,6.760000,6.626000,6.728000,6.766000,6.924000
120,51,2,6.690600,6.683000,6.636000,6.714000,6.684000,6.736000
120,52,2,6.956200,6.916000,6.916000,7.019000,6.916000,7.014000
120,53,2,6.818600,6.827000,6.820000,6.768000,6.733000,6.945000
120,54,2,6.525400,6.577000,6.415000,6.576000,6.462000,6.597000
120,55,2,6.487200,6.483000,6.430000,6.498000,6.537000,6.488000
120,56,2,6.601800,6.637000,6.568000,6.554000,6.584000,6.666000
120,57,2,6.701800,6.604000,6.607000,6.725000,6.779000,6.794000
120,58,2,6.416400,6.207000,6.511000,6.395000,6.508000,6.461000
120,59,2,6.628000,6.662000,6.511000,6.469000,6.686000,6.812000
120,60,3,4.484200,4.534000,4.411000,4.497000,4.502000,4.477000
120,61,3,4.422400,4.412000,4.361000,4.505000,4.458000,4.376000
120,62,3,4.500600,4.389000,4.499000,4.516000,4.457000,4.642000
120,63,3,4.570800,4.521000,4.531000,4.544000,4.688000,4.570000
120,64,3,4.531400,4.650000,4.449000,4.486000,4.483000,4.589000
120,65,3,4.147400,4.123000,4.215000,4.105000,4.232000,4.062000
120,66,3,4.215400,4.182000,4.118000,4.237000,4.293000,4.247000
120,67,3,4.511600,4.519000,4.518000,4.455000,4.476000,4.590000
120,68,3,4.386400,4.324000,4.404000,4.365000,4.309000,4.530000
120,69,3,4.500000,4.547000,4.493000,4.451000,4.439000,4.570000
120,70,3,4.428800,4.475000,4.406000,4.363000,4.512000,4.388000
120,71,3,4.415800,4.480000,4.382000,4.379000,4.472000,4.366000
120,72,3,4.384600,4.380000,4.433000,4.411000,4.253000,4.446000
120,73,3,4.430000,4.353000,4.373000,4.458000,4.491000,4.475000
120,74,3,4.435000,4.380000,4.443000,4.450000,4.437000,4.465000
120,75,3,4.666800,4.523000,4.648000,4.672000,4.732000,4.759000
120,76,3,4.402600,4.378000,4.425000,4.402000,4.431000,4.377000
120,77,3,4.369400,4.395000,4.356000,4.363000,4.368000,4.365000
120,78,3,4.496800,4.524000,4.464000,4.375000,4.590000,4.531000
120,79,3,4.562400,4.595000,4.528000,4.597000,4.553000,4.539000
120,80,4,4.781600,4.900000,4.699000,4.808000,4.610000,4.891000
120,81,4,4.599800,4.660000,4.447000,4.688000,4.556000,4.648000
120,82,4,4.670800,4.702000,4.558000,4.704000,4.684000,4.706000
120,83,4,4.721000,4.808000,4.614000,4.777000,4.613000,4.793000
120,84,4,4.891000,4.953000,4.767000,5.021000,4.845000,4.869000
120,85,4,4.653200,4.698000,4.506000,4.765000,4.581000,4.716000
120,86,4,4.712600,4.760000,4.647000,4.681000,4.680000,4.795000
120,87,4,4.711400,4.797000,4.661000,4.610000,4.705000,4.784000
120,88,4,4.588200,4.445000,4.621000,4.687000,4.597000,4.591000
120,89,4,4.464800,4.407000,4.456000,4.460000,4.442000,4.559000
120,90,4,4.685000,4.686000,4.573000,4.835000,4.686000,4.645000
120,91,4,4.562600,4.488000,4.501000,4.627000,4.578000,4.619000
120,92,4,4.785600,4.842000,4.728000,4.749000,4.780000,4.829000
120,93,4,4.572000,4.601000,4.580000,4.547000,4.484000,4.648000
120,94,4,4.672800,4.744000,4.603000,4.630000,4.589000,4.798000
120,95,4,4.734800,4.686000,4.795000,4.619000,4.795000,4.779000
120,96,4,4.902600,4.933000,4.892000,4.877000,4.863000,4.948000
120,97,4,4.512400,4.568000,4.509000,4.464000,4.413000,4.608000
120,98,4,4.609000,4.646000,4.493000,4.687000,4.620000,4.599000
120,99,4,4.746600,4.628000,4.733000,4.810000,4.753000,4.809000
121,0,2,6.354800,6.372000,6.380000,6.346000,6.322000,6.354000
121,1,2,6.640800,6.633000,6.703000,6.606000,6.664000,6.598000
121,2,2,6.652400,6.582000,6.693000,6.686000,6.702000,6.599000
121,3,2,6.558000,6.478000,6.551000,6.535000,6.678000,6.548000
121,4,2,6.546600,6.496000,6.604000,6.639000,6.471000,6.523000
121,5,2,6.568800,6.558000,6.559000,6.549000,6.488000,6.690000
121,6,2,6.803600,6.786000,6.806000,6.881000,6.769000,6.776000
121,7,2,6.466800,6.473000,6.512000,6.356000,6.589000,6.404000
121,8,2,6.744800,6.661000,6.786000,6.874000,6.718000,6.685000
121,9,2,6.685000,6.646000,6.652000,6.684000,6.729000,6.714000
121,10,2,6.869400,6.793000,6.978000,6.791000,6.907000,6.878000
121,11,2,6.633200,6.624000,6.680000,6.491000,6.708000,6.663000
121,12,2,6.636600,6.594000,6.725000,6.690000,6.740000,6.434000
121,13,2,6.677000,6.671000,6.653000,6.724000,6.784000,6.553000
121,14,2,6.813200,6.755000,6.777000,6.910000,6.819000,6.805000
121,15,2,6.573400,6.484000,6.689000,6.537000,6.633000,6.524000
121,16,2,6.559000,6.452000,6.605000,6.566000,6.679000,6.493000
121,17,2,6.530600,6.502000,6.547000,6.518000,6.615000,6.471000
121,18,2,6.713400,6.675000,6.831000,6.711000,6.666000,6.684000
121,19,2,6.771200,6.723000,6.738000,6.781000,6.896000,6.718000
122,0,2,6.442800,6.436000,6.341000,6.516000,6.403000,6.518000
122,1,2,6.825800,6.897000,6.853000,6.833000,6.755000,6.791000
122,2,2,6.757600,6.831000,6.673000,6.846000,6.797000,6.641000
122,3,2,6.826200,6.838000,6.863000,6.823000,6.827000,6.780000
122,4,2,6.861800,6.825000,6.834000,6.879000,6.836000,6.935000
122,5,2,6.805200,6.806000,6.782000,6.802000,6.860000,6.776000
122,6,2,6.818400,6.818000,6.886000,6.757000,6.895000,6.736000
122,7,2,6.894600,6.946000,6.880000,6.746000,6.987000,6.914000
122,8,2,6.925000,6.899000,6.923000,6.929000,6.958000,6.916000
122,9,2,6.857200,6.889000,6.892000,6.801000,6.887000,6.817000
122,10,2,6.517400,6.546000,6.567000,6.448000,6.487000,6.539000
122,11,2,6.422800,6.490000,6.390000,6.495000,6.321000,6.418000
122,12,2,6.552800,6.660000,6.459000,6.634000,6.478000,6.533000
122,13,2,6.658400,6.647000,6.608000,6.743000,6.575000,6.719000
122,14,2,6.367800,6.382000,6.294000,6.414000,6.406000,6.343000
122,15,2,6.766600,6.895000,6.773000,6.790000,6.698000,6.677000
122,16,2,6.619600,6.793000,6.564000,6.597000,6.542000,6.602000
122,17,2,6.697200,6.807000,6.651000,6.802000,6.678000,6.548000
122,18,2,6.667200,6.613000,6.690000,6.589000,6.729000,6.715000
122,19,2,6.868200,6.775000,6.957000,6.886000,6.888000,6.835000
123,0,2,6.752200,6.745000,6.676000,6.650000,6.813000,6.877000
123,1,2,6.898800,7.003000,6.766000,6.920000,6.860000,6.945000
123,2,2,6.513000,6.573000,6.337000,6.509000,6.575000,6.571000
123,3,2,6.549600,6.691000,6.339000,6.452000,6.504000,6.762000
123,4,2,6.819200,6.985000,6.631000,6.768000,6.728000,6.984000
123,5,2,6.746200,6.875000,6.655000,6.700000,6.774000,6.727000
123,6,2,6.662600,6.671000,6.551000,6.647000,6.647000,6.797000
123,7,2,6.954800,7.006000,6.967000,6.845000,7.002000,6.954000
123,8,2,6.706400,6.742000,6.669000,6.645000,6.648000,6.828000
123,9,2,6.832400,6.900000,6.790000,6.768000,6.870000,6.834000
123,10,2,6.475600,6.551000,6.293000,6.440000,6.480000,6.614000
123,11,2,6.477600,6.580000,6.367000,6.416000,6.507000,6.518000
123,12,2,6.656800,6.745000,6.691000,6.532000,6.565000,6.751000
123,13,2,6.679800,6.800000,6.491000,6.587000,6.757000,6.764000
123,14,2,6.780200,6.784000,6.692000,6.802000,6.876000,6.747000
123,15,2,6.506400,6.629000,6.328000,6.541000,6.532000,6.502000
123,16,2,6.931200,7.061000,6.701000,6.959000,6.921000,7.014000
123,17,2,6.730600,6.853000,6.577000,6.684000,6.727000,6.812000
123,18,2,6.875000,7.001000,6.733000,6.823000,6.887000,6.931000
123,19,2,6.386600,6.429000,6.181000,6.429000,6.312000,6.582000
124,0,2,6.655400,6.687000,6.710000,6.616000,6.656000,6.608000
124,1,2,6.731200,6.672000,6.817000,6.741000,6.634000,6.792000
124,2,2,6.856200,6.834000,6.862000,6.908000,6.899000,6.778000
124,3,2,6.864200,6.942000,6.898000,6.840000,6.829000,6.812000
124,4,2,6.838600,6.884000,6.826000,6.749000,6.843000,6.891000
124,5,2,6.726000,6.805000,6.705000,6.650000,6.655000,6.815000
124,6,2,6.818800,6.891000,6.871000,6.752000,6.710000,6.870000
124,7,2,6.811400,6.793000,6.877000,6.788000,6.840000,6.759000
124,8,2,6.626800,6.653000,6.750000,6.612000,6.590000,6.529000
124,9,2,6.704800,6.716000,6.705000,6.710000,6.646000,6.747000
124,10,2,6.794000,6.789000,6.804000,6.797000,6.858000,6.722000
124,11,2,6.732200,6.704000,6.812000,6.705000,6.677000,6.763000
124,12,2,6.590000,6.673000,6.629000,6.525000,6.513000,6.610000
124,13,2,6.870600,6.967000,6.858000,6.859000,6.843000,6.826000
124,14,2,6.746000,6.923000,6.764000,6.719000,6.627000,6.697000
124,15,2,6.544800,6.466000,6.680000,6.495000,6.465000,6.618000
124,16,2,6.791000,6.872000,6.780000,6.790000,6.789000,6.724000
124,17,2,6.425200,6.431000,6.499000,6.463000,6.399000,6.334000
124,18,2,6.841000,6.861000,6.784000,6.937000,6.763000,6.860000
124,19,2,6.842400,6.867000,6.815000,6.878000,6.783000,6.869000
125,0,2,6.604400,6.637000,6.583000,6.575000,6.510000,6.717000
125,1,2,6.711000,6.634000,6.711000,6.631000,6.728000,6.851000
125,2,2,6.594600,6.530000,6.520000,6.614000,6.622000,6.687000
125,3,2,6.726000,6.631000,6.776000,6.729000,6.783000,6.711000
125,4,2,6.483600,6.516000,6.513000,6.454000,6.384000,6.551000
125,5,2,6.732800,6.756000,6.727000,6.658000,6.685000,6.838000
125,6,2,6.818000,6.817000,6.680000,6.867000,6.885000,6.841000
125,7,2,6.644800,6.644000,6.708000,6.691000,6.554000,6.627000
125,8,2,6.931600,7.066000,6.978000,6.876000,6.816000,6.922000
125,9,2,6.814200,6.854000,6.803000,6.883000,6.716000,6.815000
125,10,2,6.569600,6.628000,6.450000,6.575000,6.560000,6.635000
125,11,2,6.617600,6.660000,6.526000,6.613000,6.566000,6.723000
125,12,2,6.885600,6.875000,6.905000,6.897000,6.843000,6.908000
125,13,2,6.698200,6.602000,6.801000,6.730000,6.616000,6.742000
125,14,2,6.806600,6.777000,6.752000,6.849000,6.761000,6.894000
125,15,2,6.611800,6.670000,6.617000,6.470000,6.553000,6.749000
125,16,2,6.748000,6.845000,6.664000,6.750000,6.684000,6.797000
125,17,2,6.600200,6.654000,6.583000,6.640000,6.527000,6.597000
125,18,2,6.757000,6.767000,6.640000,6.808000,6.730000,6.840000
125,19,2,6.780200,6.797000,6.687000,6.825000,6.766000,6.826000
126,0,2,6.375800,6.331000,6.507000,6.231000,6.417000,6.393000
126,1,2,6.854200,6.824000,7.015000,6.749000,6.743000,6.940000
126,2,2,6.946200,6.713000,7.064000,6.911000,6.895000,7.148000
126,3,2,6.556200,6.543000,6.634000,6.411000,6.534000,6.659000
126,4,2,6.804600,6.768000,6.924000,6.751000,6.723000,6.857000
126,5,2,6.838200,6.783000,6.894000,6.785000,6.829000,6.900000
126,6,2,6.820800,6.851000,6.871000,6.672000,6.762000,6.948000
126,7,2,6.819800,6.683000,6.932000,6.848000,6.901000,6.735000
126,8,2,6.708000,6.670000,6.821000,6.647000,6.697000,6.705000
126,9,2,6.550800,6.621000,6.665000,6.492000,6.414000,6.562000
126,10,2,6.868600,6.718000,6.954000,6.895000,6.757000,7.019000
126,11,2,6.650000,6.588000,6.837000,6.537000,6.614000,6.674000
126,12,2,6.820000,6.872000,6.813000,6.797000,6.711000,6.907000
126,13,2,6.264600,6.249000,6.428000,6.109000,6.355000,6.182000
126,14,2,6.742200,6.754000,6.750000,6.786000,6.726000,6.695000
126,15,2,6.799200,6.798000,6.880000,6.710000,6.791000,6.817000
126,16,2,6.919000,6.759000,7.081000,6.869000,6.842000,7.044000
126,17,2,6.862200,6.826000,6.941000,6.809000,6.866000,6.869000
126,18,2,6.701600,6.603000,6.938000,6.584000,6.697000,6.686000
126,19,2,6.591800,6.500000,6.718000,6.462000,6.603000,6.676000
127,0,2,6.792200,6.808000,6.800000,6.782000,6.880000,6.691000
127,1,2,6.655400,6.697000,6.580000,6.737000,6.663000,6.600000
127,2,2,6.833000,6.662000,6.803000,6.929000,6.843000,6.928000
127,3,2,6.586000,6.573000,6.520000,6.663000,6.568000,6.606000
127,4,2,6.787600,6.605000,6.760000,6.878000,6.862000,6.833000
127,5,2,6.332600,6.211000,6.331000,6.309000,6.478000,6.334000
127,6,2,6.752800,6.645000,6.667000,6.767000,6.782000,6.903000
127,7,2,6.543800,6.550000,6.412000,6.593000,6.592000,6.572000
127,8,2,6.739600,6.722000,6.777000,6.771000,6.596000,6.832000
127,9,2,6.500000,6.457000,6.447000,6.504000,6.566000,6.526000
127,10,2,6.793600,6.740000,6.696000,6.883000,6.828000,6.821000
127,11,2,6.801400,6.711000,6.759000,6.892000,6.786000,6.859000
127,12,2,6.356600,6.207000,6.227000,6.463000,6.411000,6.475000
127,13,2,6.518000,6.551000,6.480000,6.519000,6.531000,6.509000
127,14,2,6.711200,6.673000,6.745000,6.735000,6.681000,6.722000
127,15,2,6.905800,6.808000,6.868000,7.028000,6.862000,6.963000
127,16,2,6.785200,6.720000,6.773000,6.864000,6.884000,6.685000
127,17,2,6.644800,6.605000,6.626000,6.644000,6.660000,6.689000
127,18,2,6.634000,6.597000,6.479000,6.746000,6.745000,6.603000
127,19,2,6.704800,6.689000,6.616000,6.700000,6.723000,6.796000
128,0,2,6.847600,6.880000,6.780000,6.770000,6.836000,6.972000
128,1,2,6.913800,6.882000,6.846000,6.882000,6.947000,7.012000
128,2,2,6.796000,6.800000,6.698000,6.764000,6.956000,6.762000
128,3,2,6.837200,6.925000,6.689000,6.809000,6.925000,6.838000
128,4,2,6.509600,6.451000,6.440000,6.576000,6.595000,6.486000
128,5,2,6.991400,7.056000,7.019000,7.017000,6.864000,7.001000
128,6,2,6.462800,6.472000,6.431000,6.432000,6.443000,6.536000
128,7,2,6.695600,6.771000,6.728000,6.647000,6.642000,6.690000
128,8,2,6.717800,6.734000,6.789000,6.644000,6.669000,6.753000
128,9,2,6.897800,6.980000,6.878000,6.834000,6.932000,6.865000
128,10,2,6.867400,6.880000,6.780000,6.948000,6.818000,6.911000
128,11,2,6.890200,6.929000,6.859000,6.827000,6.879000,6.957000
128,12,2,6.887800,6.886000,6.903000,6.851000,6.923000,6.876000
128,13,2,6.586200,6.613000,6.577000,6.499000,6.561000,6.681000
128,14,2,7.003400,7.063000,7.002000,6.925000,6.984000,7.043000
128,15,2,6.747600,6.816000,6.653000,6.778000,6.710000,6.781000
128,16,2,6.733000,6.800000,6.660000,6.824000,6.699000,6.682000
128,17,2,6.640800,6.741000,6.649000,6.622000,6.615000,6.577000
128,18,2,6.870600,6.873000,6.865000,6.855000,6.920000,6.840000
128,19,2,6.620200,6.677000,6.558000,6.569000,6.622000,6.675000
129,0,2,7.062200,7.050000,7.012000,7.221000,7.038000,6.990000
129,1,2,6.868400,6.820000,6.982000,6.914000,6.814000,6.812000
129,2,2,6.891000,6.875000,6.900000,7.021000,6.917000,6.742000
129,3,2,6.658800,6.662000,6.679000,6.780000,6.724000,6.449000
129,4,2,6.698400,6.660000,6.762000,6.741000,6.748000,6.581000
129,5,2,6.989800,6.952000,7.089000,6.885000,7.066000,6.957000
129,6,2,6.767800,6.686000,6.782000,6.825000,6.778000,6.768000
129,7,2,6.890000,6.976000,6.921000,6.966000,6.866000,6.721000
129,8,2,6.994000,6.977000,6.998000,7.098000,6.984000,6.913000
129,9,2,6.879200,6.855000,6.826000,7.013000,6.973000,6.729000
129,10,2,6.614400,6.670000,6.639000,6.762000,6.586000,6.415000
129,11,2,6.895800,6.966000,6.880000,6.902000,6.920000,6.811000
129,12,2,7.000600,7.045000,6.932000,7.083000,7.076000,6.867000
129,13,2,6.772600,6.692000,6.716000,6.792000,6.910000,6.753000
129,14,2,6.774800,6.770000,6.795000,6.864000,6.742000,6.703000
129,15,2,6.513400,6.567000,6.534000,6.521000,6.552000,6.393000
129,16,2,6.890000,6.992000,6.909000,6.880000,6.827000,6.842000
129,17,2,6.841200,6.968000,6.668000,6.902000,6.955000,6.713000
129,18,2,6.893000,6.802000,6.886000,6.990000,6.951000,6.836000
129,19,2,6.984800,6.962000,6.994000,6.962000,7.169000,6.837000
130,0,0,4.567600,4.601000,4.546000,4.506000,4.624000,4.561000
130,1,0,4.705200,4.843000,4.795000,4.574000,4.621000,4.693000
130,2,0,4.718000,4.806000,4.705000,4.646000,4.595000,4.838000
130,3,0,4.676600,4.695000,4.615000,4.524000,4.760000,4.789000
130,4,0,4.802000,4.822000,4.733000,4.795000,4.841000,4.819000
130,5,0,4.763000,4.710000,4.828000,4.691000,4.792000,4.794000
130,6,0,4.883000,5.052000,4.938000,4.700000,4.832000,4.893000
130,7,0,4.651800,4.606000,4.674000,4.644000,4.703000,4.632000
130,8,0,4.708400,4.912000,4.515000,4.771000,4.624000,4.720000
130,9,0,4.789400,4.893000,4.759000,4.727000,4.670000,4.898000
130,10,0,4.599000,4.564000,4.661000,4.532000,4.648000,4.590000
130,11,0,4.671400,4.752000,4.642000,4.675000,4.702000,4.586000
130,12,0,5.007400,5.123000,5.074000,5.008000,4.832000,5.000000
130,13,0,4.623800,4.750000,4.675000,4.436000,4.515000,4.743000
130,14,0,4.851400,4.954000,4.829000,4.841000,4.851000,4.782000
130,15,0,4.619400,4.589000,4.556000,4.547000,4.684000,4.721000
130,16,0,4.849600,4.801000,4.821000,4.808000,4.923000,4.895000
130,17,0,4.660200,4.608000,4.624000,4.587000,4.731000,4.751000
130,18,0,4.758200,4.968000,4.635000,4.621000,4.791000,4.776000
130,19,0,4.711000,4.776000,4.778000,4.700000,4.660000,4.641000
130,20,1,4.706000,4.827000,4.649000,4.586000,4.787000,4.681000
130,21,1,4.668800,4.749000,4.640000,4.655000,4.661000,4.639000
130,22,1,4.734800,4.783000,4.695000,4.675000,4.810000,4.711000
130,23,1,4.508000,4.538000,4.456000,4.583000,4.455000,4.508000
130,24,1,4.763400,4.811000,4.741000,4.790000,4.736000,4.739000
130,25,1,4.590400,4.673000,4.568000,4.575000,4.563000,4.573000
130,26,1,4.662200,4.662000,4.717000,4.639000,4.619000,4.674000
130,27,1,4.544600,4.566000,4.470000,4.538000,4.465000,4.684000
130,28,1,4.557200,4.604000,4.483000,4.632000,4.508000,4.559000
130,29,1,4.644400,4.700000,4.511000,4.750000,4.670000,4.591000
130,30,1,4.506200,4.530000,4.485000,4.482000,4.489000,4.545000
130,31,1,4.785600,4.932000,4.654000,4.782000,4.741000,4.819000
130,32,1,4.614400,4.723000,4.636000,4.555000,4.521000,4.637000
130,33,1,4.482600,4.624000,4.462000,4.407000,4.390000,4.530000
130,34,1,4.644600,4.740000,4.542000,4.668000,4.670000,4.603000
130,35,1,4.545000,4.619000,4.445000,4.576000,4.412000,4.673000
130,36,1,4.586600,4.664000,4.458000,4.584000,4.548000,4.679000
130,37,1,4.491800,4.470000,4.509000,4.519000,4.402000,4.559000
130,38,1,4.570200,4.690000,4.602000,4.599000,4.444000,4.516000
130,39,1,4.577000,4.664000,4.566000,4.564000,4.498000,4.593000
130,40,2,6.434000,6.559000,6.253000,6.411000,6.455000,6.492000
130,41,2,6.726400,6.817000,6.673000,6.692000,6.823000,6.627000
130,42,2,6.989800,7.146000,6.804000,6.954000,7.056000,6.989000
130,43,2,6.993600,7.189000,6.817000,7.036000,7.059000,6.867000
130,44,2,6.759000,6.815000,6.673000,6.830000,6.806000,6.671000
130,45,2,6.766600,6.835000,6.726000,6.758000,6.781000,6.733000
130,46,2,6.700600,6.948000,6.477000,6.729000,6.741000,6.608000
130,47,2,6.281600,6.448000,6.157000,6.298000,6.262000,6.243000
130,48,2,6.751000,6.816000,6.703000,6.791000,6.792000,6.653000
130,49,2,6.866200,6.944000,6.668000,6.836000,7.004000,6.879000
130,50,2,6.595400,6.672000,6.438000,6.575000,6.646000,6.646000
130,51,2,6.673000,6.669000,6.629000,6.608000,6.727000,6.732000
130,52,2,6.853200,6.859000,6.808000,6.880000,6.901000,6.818000
130,53,2,6.839000,6.854000,6.792000,6.859000,6.910000,6.780000
130,54,2,6.875400,7.054000,6.839000,6.782000,6.926000,6.776000
130,55,2,6.635400,6.684000,6.600000,6.539000,6.723000,6.631000
130,56,2,6.776200,6.889000,6.697000,6.670000,6.828000,6.797000
130,57,2,6.707800,6.868000,6.544000,6.721000,6.770000,6.636000
130,58,2,7.003000,7.216000,6.918000,6.899000,7.011000,6.971000
130,59,2,7.022400,7.064000,6.990000,6.943000,7.121000,6.994000
130,60,3,4.475400,4.557000,4.320000,4.412000,4.474000,4.614000
130,61,3,4.459600,4.616000,4.462000,4.408000,4.382000,4.430000
130,62,3,4.461000,4.503000,4.378000,4.403000,4.480000,4.541000
130,63,3,4.461200,4.601000,4.340000,4.450000,4.377000,4.538000
130,64,3,4.557800,4.691000,4.547000,4.476000,4.461000,4.614000
130,65,3,4.585800,4.616000,4.518000,4.497000,4.718000,4.580000
130,66,3,4.612000,4.611000,4.551000,4.598000,4.630000,4.670000
130,67,3,4.614000,4.773000,4.588000,4.548000,4.474000,4.687000
130,68,3,4.284400,4.418000,4.161000,4.311000,4.254000,4.278000
130,69,3,4.750800,4.835000,4.702000,4.723000,4.733000,4.761000
130,70,3,4.551600,4.595000,4.491000,4.532000,4.514000,4.626000
130,71,3,4.439800,4.490000,4.407000,4.342000,4.383000,4.577000
130,72,3,4.486200,4.549000,4.412000,4.510000,4.473000,4.487000
130,73,3,4.684400,4.852000,4.703000,4.524000,4.669000,4.674000
130,74,3,4.452600,4.528000,4.454000,4.367000,4.444000,4.470000
130,75,3,4.514000,4.694000,4.427000,4.525000,4.457000,4.467000
130,76,3,4.605600,4.638000,4.517000,4.647000,4.536000,4.690000
130,77,3,4.668800,4.623000,4.654000,4.634000,4.661000,4.772000
130,78,3,4.512800,4.628000,4.415000,4.549000,4.461000,4.511000
130,79,3,4.573200,4.517000,4.532000,4.528000,4.614000,4.675000
130,80,4,4.820200,4.869000,4.800000,4.726000,4.856000,4.850000
130,81,4,4.895000,5.009000,4.829000,4.909000,4.825000,4.903000
130,82,4,4.809600,4.977000,4.734000,4.747000,4.711000,4.879000
130,83,4,4.836000,4.912000,4.860000,4.732000,4.717000,4.959000
130,84,4,4.604600,4.677000,4.617000,4.599000,4.556000,4.574000
130,85,4,4.742800,4.718000,4.692000,4.689000,4.848000,4.767000
130,86,4,4.724000,4.814000,4.822000,4.592000,4.711000,4.681000
130,87,4,4.709200,4.838000,4.598000,4.681000,4.742000,4.687000
130,88,4,4.783000,4.921000,4.708000,4.800000,4.647000,4.839000
130,89,4,4.576000,4.569000,4.485000,4.650000,4.640000,4.536000
130,90,4,4.654200,4.764000,4.720000,4.613000,4.570000,4.604000
130,91,4,4.568600,4.613000,4.568000,4.452000,4.577000,4.633000
130,92,4,4.644000,4.659000,4.663000,4.507000,4.718000,4.673000
130,93,4,4.756000,4.803000,4.698000,4.581000,4.813000,4.885000
130,94,4,4.714400,4.827000,4.599000,4.662000,4.774000,4.710000
130,95,4,4.704800,4.784000,4.570000,4.738000,4.585000,4.847000
130,96,4,4.517400,4.664000,4.372000,4.493000,4.521000,4.537000
130,97,4,4.929400,5.107000,4.903000,4.864000,4.851000,4.922000
130,98,4,4.618200,4.655000,4.617000,4.552000,4.640000,4.627000
130,99,4,4.746600,4.819000,4.666000,4.727000,4.730000,4.791000
131,0,2,6.525400,6.425000,6.605000,6.541000,6.517000,6.539000
131,1,2,6.812600,6.718000,6.824000,6.824000,6.800000,6.897000
131,2,2,6.676400,6.608000,6.771000,6.557000,6.741000,6.705000
131,3,2,7.139800,7.130000,7.214000,7.072000,7.095000,7.188000
131,4,2,6.924400,6.885000,6.972000,6.850000,6.884000,7.031000
131,5,2,6.927400,6.907000,6.971000,6.884000,6.919000,6.956000
131,6,2,6.790800,6.655000,6.836000,6.820000,6.840000,6.803000
131,7,2,6.949200,6.889000,7.015000,6.951000,6.938000,6.953000
131,8,2,6.893200,6.854000,6.936000,6.836000,6.866000,6.974000
131,9,2,6.744600,6.734000,6.772000,6.644000,6.779000,6.794000
131,10,2,7.123600,7.014000,7.175000,7.056000,7.143000,7.230000
131,11,2,6.875600,6.737000,6.979000,6.756000,6.934000,6.972000
131,12,2,6.891000,6.708000,6.981000,6.927000,6.894000,6.945000
131,13,2,6.915600,6.841000,6.905000,6.871000,6.938000,7.023000
131,14,2,6.752400,6.674000,6.808000,6.801000,6.737000,6.742000
131,15,2,6.943600,6.951000,7.023000,6.842000,6.893000,7.009000
131,16,2,6.933600,6.843000,6.982000,6.967000,6.878000,6.998000
131,17,2,6.991800,6.915000,7.043000,6.969000,6.966000,7.066000
131,18,2,6.995800,6.937000,7.101000,6.967000,6.949000,7.025000
131,19,2,6.790400,6.741000,6.795000,6.837000,6.737000,6.842000
132,0,2,6.888000,6.844000,6.931000,6.794000,6.875000,6.996000
132,1,2,6.943800,7.073000,6.990000,6.932000,6.866000,6.858000
132,2,2,6.752800,6.690000,6.806000,6.732000,6.755000,6.781000
132,3,2,6.794000,6.830000,6.884000,6.665000,6.814000,6.777000
132,4,2,6.660200,6.645000,6.716000,6.576000,6.726000,6.638000
132,5,2,6.948000,6.956000,6.973000,6.856000,6.984000,6.971000
132,6,2,6.787200,6.859000,6.736000,6.745000,6.754000,6.842000
132,7,2,7.036200,7.053000,7.078000,6.997000,7.032000,7.021000
132,8,2,7.011200,6.974000,7.093000,6.975000,6.957000,7.057000
132,9,2,6.646600,6.724000,6.714000,6.656000,6.541000,6.598000
132,10,2,6.950200,6.965000,6.980000,6.896000,6.847000,7.063000
132,11,2,7.251400,7.233000,7.294000,7.205000,7.269000,7.256000
132,12,2,6.567800,6.610000,6.647000,6.599000,6.498000,6.485000
132,13,2,6.757600,6.879000,6.751000,6.834000,6.670000,6.654000
132,14,2,6.750600,6.655000,6.765000,6.716000,6.852000,6.765000
132,15,2,6.901800,6.911000,6.924000,6.839000,6.900000,6.935000
132,16,2,6.944000,6.946000,7.021000,6.913000,6.894000,6.946000
132,17,2,6.719000,6.664000,6.754000,6.630000,6.788000,6.759000
132,18,2,7.074200,7.178000,7.044000,6.933000,7.057000,7.159000
132,19,2,6.769400,6.790000,6.776000,6.704000,6.827000,6.750000
133,0,2,7.133400,7.018000,7.121000,7.139000,7.052000,7.337000
133,1,2,6.964200,6.958000,6.983000,6.921000,6.919000,7.040000
133,2,2,6.843200,6.805000,6.869000,6.858000,6.813000,6.871000
133,3,2,6.802000,6.639000,6.810000,6.903000,6.790000,6.868000
133,4,2,6.988600,7.017000,6.929000,7.101000,7.060000,6.836000
133,5,2,7.009000,7.005000,6.982000,6.940000,7.023000,7.095000
133,6,2,6.939000,6.890000,6.879000,7.022000,6.855000,7.049000
133,7,2,7.074400,7.022000,7.054000,7.073000,7.060000,7.163000
133,8,2,6.856800,6.713000,6.795000,6.893000,6.907000,6.976000
133,9,2,7.049400,6.993000,7.029000,7.011000,7.044000,7.170000
133,10,2,6.817600,6.804000,6.860000,6.900000,6.770000,6.754000
133,11,2,7.098800,6.988000,7.092000,7.171000,7.067000,7.176000
133,12,2,6.734000,6.638000,6.797000,6.699000,6.784000,6.752000
133,13,2,6.940400,6.789000,6.942000,6.934000,7.007000,7.030000
133,14,2,6.732800,6.712000,6.741000,6.608000,6.697000,6.906000
133,15,2,6.875000,6.843000,6.829000,6.843000,6.814000,7.046000
133,16,2,6.969600,6.960000,6.991000,7.031000,6.868000,6.998000
133,17,2,6.819600,6.693000,6.779000,6.897000,6.771000,6.958000
133,18,2,6.947600,6.850000,6.902000,6.902000,6.934000,7.150000
133,19,2,6.952000,6.861000,6.913000,6.945000,6.972000,7.069000
134,0,2,7.023600,7.107000,7.010000,6.963000,6.981000,7.057000
134,1,2,6.738000,6.785000,6.578000,6.819000,6.663000,6.845000
134,2,2,6.856400,6.954000,6.781000,6.914000,6.737000,6.896000
134,3,2,6.845000,6.943000,6.846000,6.861000,6.658000,6.917000
134,4,2,6.978800,7.079000,6.956000,6.928000,6.943000,6.988000
134,5,2,6.649800,6.607000,6.651000,6.678000,6.507000,6.806000
134,6,2,7.249600,7.178000,7.258000,7.266000,7.242000,7.304000
134,7,2,6.743000,6.703000,6.773000,6.681000,6.675000,6.883000
134,8,2,6.880200,6.901000,6.882000,6.857000,6.791000,6.970000
134,9,2,7.053400,7.068000,6.997000,7.110000,6.985000,7.107000
134,10,2,6.597000,6.645000,6.466000,6.608000,6.479000,6.787000
134,11,2,6.938400,6.944000,7.020000,6.934000,6.841000,6.953000
134,12,2,6.948800,6.991000,6.919000,6.945000,6.873000,7.016000
134,13,2,6.919400,6.969000,6.823000,6.903000,6.995000,6.907000
134,14,2,7.101000,7.175000,7.056000,7.011000,7.097000,7.166000
134,15,2,7.075600,7.104000,7.084000,7.046000,6.927000,7.217000
134,16,2,6.460000,6.548000,6.335000,6.453000,6.317000,6.647000
134,17,2,6.520800,6.608000,6.427000,6.502000,6.381000,6.686000
134,18,2,6.742200,6.721000,6.761000,6.678000,6.645000,6.906000
134,19,2,7.092200,7.097000,7.028000,7.083000,7.121000,7.132000
135,0,2,7.048600,7.125000,7.047000,7.004000,7.078000,6.989000
135,1,2,6.926200,6.922000,6.980000,6.956000,6.910000,6.863000
135,2,2,7.016000,6.968000,7.089000,7.018000,7.117000,6.888000
135,3,2,6.927000,6.992000,6.997000,6.962000,6.909000,6.775000
135,4,2,6.938200,6.976000,7.050000,6.929000,6.907000,6.829000
135,5,2,7.190200,7.164000,7.261000,7.142000,7.213000,7.171000
135,6,2,6.979600,6.846000,6.986000,7.091000,6.946000,7.029000
135,7,2,6.693000,6.675000,6.913000,6.786000,6.587000,6.504000
135,8,2,6.929600,6.969000,7.017000,6.975000,6.877000,6.810000
135,9,2,7.107000,7.267000,7.095000,7.091000,6.991000,7.091000
135,10,2,7.147600,7.168000,7.194000,7.169000,7.092000,7.115000
135,11,2,6.950400,6.996000,6.998000,7.071000,6.749000,6.938000
135,12,2,6.960800,6.949000,7.069000,7.146000,6.850000,6.790000
135,13,2,6.961600,6.961000,7.019000,7.007000,6.918000,6.903000
135,14,2,7.126600,7.185000,7.160000,7.111000,7.149000,7.028000
135,15,2,6.800400,6.737000,6.887000,6.841000,6.871000,6.666000
135,16,2,7.216200,7.271000,7.293000,7.204000,7.313000,7.000000
135,17,2,7.097800,7.115000,7.209000,7.103000,7.080000,6.982000
135,18,2,6.984800,7.056000,6.993000,6.912000,6.986000,6.977000
135,19,2,7.232800,7.233000,7.313000,7.169000,7.233000,7.216000
136,0,2,6.998400,7.179000,6.963000,6.930000,6.920000,7.000000
136,1,2,7.151000,7.216000,7.123000,7.175000,7.089000,7.152000
136,2,2,6.785400,6.958000,6.633000,6.856000,6.672000,6.808000
136,3,2,6.971800,7.144000,6.893000,6.879000,6.917000,7.026000
136,4,2,7.054400,7.174000,6.991000,7.076000,6.947000,7.084000
136,5,2,7.122200,7.156000,7.063000,7.238000,6.962000,7.192000
136,6,2,7.126200,7.287000,6.992000,7.188000,7.047000,7.117000
136,7,2,7.052600,7.106000,6.999000,7.076000,6.950000,7.132000
136,8,2,7.072400,7.225000,6.997000,7.051000,6.991000,7.098000
136,9,2,7.199400,7.222000,7.115000,7.209000,7.096000,7.355000
136,10,2,6.935600,7.137000,6.916000,6.904000,6.757000,6.964000
136,11,2,7.001000,7.196000,6.921000,6.944000,6.974000,6.970000
136,12,2,7.087400,7.238000,6.924000,7.105000,6.964000,7.206000
136,13,2,7.123000,7.276000,7.065000,7.213000,6.915000,7.146000
136,14,2,6.516400,6.718000,6.413000,6.507000,6.424000,6.520000
136,15,2,7.010200,7.098000,6.961000,7.020000,6.910000,7.062000
136,16,2,7.158200,7.340000,7.123000,7.092000,7.059000,7.177000
136,17,2,6.909000,7.012000,6.800000,6.940000,6.855000,6.938000
136,18,2,6.942000,7.015000,6.837000,7.007000,6.809000,7.042000
136,19,2,7.086000,7.227000,7.090000,7.107000,6.928000,7.078000
137,0,2,7.054400,7.032000,7.229000,7.004000,6.928000,7.079000
137,1,2,6.917000,6.861000,7.106000,6.865000,6.880000,6.873000
137,2,2,6.834200,6.869000,6.961000,6.903000,6.674000,6.764000
137,3,2,7.284800,7.263000,7.498000,7.290000,7.198000,7.175000
137,4,2,6.901400,6.781000,7.106000,6.969000,6.812000,6.839000
137,5,2,7.133000,7.166000,7.213000,7.226000,6.995000,7.065000
137,6,2,7.085200,7.121000,7.183000,7.082000,7.030000,7.010000
137,7,2,6.864600,6.827000,6.969000,6.897000,6.808000,6.822000
137,8,2,6.903400,6.815000,7.082000,6.943000,6.898000,6.779000
137,9,2,7.129600,7.057000,7.235000,7.126000,7.102000,7.128000
137,10,2,7.259000,7.227000,7.433000,7.260000,7.180000,7.195000
137,11,2,6.989000,6.971000,7.025000,6.958000,6.981000,7.010000
137,12,2,6.798800,6.805000,6.972000,6.750000,6.786000,6.681000
137,13,2,6.771000,6.651000,6.951000,6.827000,6.670000,6.756000
137,14,2,7.028200,6.979000,7.170000,7.024000,6.977000,6.991000
137,15,2,6.571600,6.490000,6.749000,6.624000,6.501000,6.494000
137,16,2,7.106000,7.150000,7.233000,7.030000,7.078000,7.039000
137,17,2,7.221200,7.171000,7.312000,7.352000,7.142000,7.129000
137,18,2,7.068800,7.000000,7.212000,7.132000,6.974000,7.026000
137,19,2,7.119600,7.020000,7.293000,6.997000,7.141000,7.147000
138,0,2,6.747000,6.508000,6.737000,6.747000,6.908000,6.835000
138,1,2,6.852800,6.641000,6.867000,6.833000,6.957000,6.966000
138,2,2,7.231400,7.064000,7.254000,7.194000,7.298000,7.347000
138,3,2,7.098400,6.949000,7.175000,7.129000,7.125000,7.114000
138,4,2,6.959000,6.784000,6.999000,6.979000,7.083000,6.950000
138,5,2,6.883000,6.751000,6.907000,6.829000,7.053000,6.875000
138,6,2,7.175800,7.072000,7.221000,7.062000,7.303000,7.221000
138,7,2,6.824600,6.676000,6.833000,6.826000,6.958000,6.830000
138,8,2,6.860400,6.712000,6.845000,6.776000,6.890000,7.079000
138,9,2,6.961000,6.848000,6.962000,6.914000,7.089000,6.992000
138,10,2,7.134800,6.908000,7.115000,7.218000,7.271000,7.162000
138,11,2,7.076000,6.962000,7.081000,7.023000,7.180000,7.134000
138,12,2,6.779000,6.673000,6.775000,6.837000,6.816000,6.794000
138,13,2,6.765000,6.579000,6.824000,6.635000,6.903000,6.884000
138,14,2,7.012800,6.814000,7.043000,7.008000,7.209000,6.990000
138,15,2,6.835200,6.621000,6.842000,6.656000,7.031000,7.026000
138,16,2,7.141800,7.069000,7.164000,7.058000,7.267000,7.151000
138,17,2,7.113400,6.939000,7.132000,7.091000,7.223000,7.182000
138,18,2,6.630800,6.456000,6.779000,6.526000,6.754000,6.639000
138,19,2,7.103400,7.075000,7.030000,7.114000,7.166000,7.132000
139,0,2,7.279800,7.243000,7.251000,7.259000,7.356000,7.290000
139,1,2,6.853000,6.834000,6.897000,7.024000,6.796000,6.714000
139,2,2,6.815800,6.711000,6.815000,6.951000,6.880000,6.722000
139,3,2,6.933400,6.941000,6.924000,7.030000,6.829000,6.943000
139,4,2,7.115200,7.098000,7.209000,7.103000,7.123000,7.043000
139,5,2,7.155400,7.193000,7.162000,7.198000,7.081000,7.143000
139,6,2,7.286000,7.269000,7.383000,7.258000,7.201000,7.319000
139,7,2,7.115400,7.026000,7.225000,7.151000,7.056000,7.119000
139,8,2,7.093200,7.056000,7.054000,7.135000,7.101000,7.120000
139,9,2,7.101800,7.041000,7.109000,7.078000,7.187000,7.094000
139,10,2,7.065000,7.025000,7.053000,7.176000,6.966000,7.105000
139,11,2,7.274400,7.219000,7.293000,7.297000,7.267000,7.296000
139,12,2,7.081400,7.080000,7.149000,7.212000,6.915000,7.051000
139,13,2,7.217200,7.146000,7.335000,7.236000,7.167000,7.202000
139,14,2,6.923000,6.849000,6.934000,6.996000,6.957000,6.879000
139,15,2,7.183600,7.147000,7.130000,7.219000,7.146000,7.276000
139,16,2,7.187400,7.163000,7.191000,7.266000,7.096000,7.221000
139,17,2,6.933000,6.893000,6.865000,7.031000,6.947000,6.929000
139,18,2,6.987400,6.983000,7.016000,7.124000,7.000000,6.814000
139,19,2,6.991600,6.928000,7.015000,7.050000,6.994000,6.971000
140,0,0,4.651600,4.763000,4.622000,4.698000,4.640000,4.535000
140,1,0,4.675200,4.759000,4.718000,4.646000,4.715000,4.538000
140,2,0,4.736600,4.706000,4.746000,4.757000,4.807000,4.667000
140,3,0,4.605400,4.709000,4.532000,4.576000,4.593000,4.617000
140,4,0,4.833600,4.794000,4.732000,4.905000,4.874000,4.863000
140,5,0,4.818600,4.824000,4.859000,4.850000,4.734000,4.826000
140,6,0,4.606600,4.774000,4.362000,4.723000,4.578000,4.596000
140,7,0,4.869000,4.762000,4.925000,4.953000,4.885000,4.820000
140,8,0,4.650000,4.544000,4.598000,4.717000,4.682000,4.709000
140,9,0,4.903600,4.873000,4.951000,4.931000,4.904000,4.859000
140,10,0,4.562000,4.408000,4.643000,4.657000,4.487000,4.615000
140,11,0,4.783600,4.811000,4.798000,4.690000,4.906000,4.713000
140,12,0,4.988600,4.983000,4.980000,5.142000,4.968000,4.870000
140,13,0,4.594800,4.716000,4.674000,4.649000,4.487000,4.448000
140,14,0,4.591400,4.677000,4.585000,4.606000,4.504000,4.585000
140,15,0,4.648000,4.721000,4.696000,4.737000,4.570000,4.516000
140,16,0,4.720600,4.676000,4.780000,4.657000,4.824000,4.666000
140,17,0,4.811200,4.708000,4.917000,4.875000,4.835000,4.721000
140,18,0,4.811800,4.871000,4.834000,4.908000,4.877000,4.569000
140,19,0,4.627200,4.584000,4.628000,4.658000,4.593000,4.673000
140,20,1,4.543000,4.628000,4.488000,4.528000,4.521000,4.550000
140,21,1,4.849600,4.965000,4.789000,4.897000,4.748000,4.849000
140,22,1,4.593800,4.732000,4.584000,4.608000,4.556000,4.489000
140,23,1,4.592200,4.821000,4.515000,4.608000,4.465000,4.552000
140,24,1,4.816600,4.788000,4.816000,4.961000,4.750000,4.768000
140,25,1,4.725400,4.768000,4.628000,4.724000,4.743000,4.764000
140,26,1,4.594800,4.797000,4.662000,4.455000,4.473000,4.587000
140,27,1,4.728200,4.763000,4.642000,4.844000,4.744000,4.648000
140,28,1,4.650800,4.714000,4.660000,4.704000,4.670000,4.506000
140,29,1,4.627400,4.671000,4.746000,4.769000,4.470000,4.481000
140,30,1,4.738200,4.740000,4.781000,4.882000,4.620000,4.668000
140,31,1,4.603200,4.630000,4.610000,4.608000,4.600000,4.568000
140,32,1,4.754800,4.906000,4.694000,4.771000,4.681000,4.722000
140,33,1,4.698800,4.794000,4.719000,4.620000,4.699000,4.662000
140,34,1,4.545400,4.632000,4.551000,4.521000,4.563000,4.460000
140,35,1,4.761000,4.857000,4.712000,4.743000,4.662000,4.831000
140,36,1,4.702200,4.845000,4.603000,4.612000,4.706000,4.745000
140,37,1,4.568000,4.759000,4.590000,4.525000,4.493000,4.473000
140,38,1,4.798000,4.786000,4.808000,4.886000,4.734000,4.776000
140,39,1,4.647000,4.789000,4.589000,4.577000,4.681000,4.599000
140,40,2,6.824600,6.973000,6.863000,6.779000,6.741000,6.767000
140,41,2,6.963600,7.081000,6.853000,6.885000,6.981000,7.018000
140,42,2,6.889400,6.936000,6.853000,6.840000,6.997000,6.821000
140,43,2,7.081800,7.228000,7.088000,7.115000,6.998000,6.980000
140,44,2,6.971800,7.090000,6.929000,7.011000,6.909000,6.920000
140,45,2,6.726200,6.745000,6.821000,6.728000,6.613000,6.724000
140,46,2,6.894600,6.944000,6.862000,6.928000,6.931000,6.808000
140,47,2,6.983200,6.977000,6.937000,7.072000,7.052000,6.878000
140,48,2,7.002000,6.990000,6.898000,7.149000,7.004000,6.969000
140,49,2,6.979600,7.057000,6.952000,6.982000,6.894000,7.013000
140,50,2,7.027800,7.138000,6.965000,7.035000,6.973000,7.028000
140,51,2,6.900000,6.964000,6.874000,6.833000,6.914000,6.915000
140,52,2,6.726000,6.760000,6.712000,6.780000,6.663000,6.715000
140,53,2,7.217400,7.406000,7.087000,7.222000,7.186000,7.186000
140,54,2,6.971200,7.111000,6.985000,6.907000,6.848000,7.005000
140,55,2,6.672200,6.760000,6.672000,6.676000,6.551000,6.702000
140,56,2,7.119600,7.214000,7.041000,7.180000,7.069000,7.094000
140,57,2,7.037400,7.106000,7.028000,7.070000,6.925000,7.058000
140,58,2,7.081000,7.126000,7.119000,7.093000,6.963000,7.104000
140,59,2,6.992800,7.107000,6.828000,7.057000,6.967000,7.005000
140,60,3,4.488800,4.585000,4.467000,4.612000,4.376000,4.404000
140,61,3,4.600600,4.679000,4.635000,4.681000,4.470000,4.538000
140,62,3,4.617600,4.748000,4.611000,4.705000,4.588000,4.436000
140,63,3,4.591400,4.710000,4.504000,4.602000,4.612000,4.529000
140,64,3,4.605400,4.783000,4.524000,4.629000,4.534000,4.557000
140,65,3,4.630800,4.681000,4.596000,4.708000,4.541000,4.628000
140,66,3,4.555200,4.467000,4.505000,4.663000,4.525000,4.616000
140,67,3,4.429600,4.488000,4.530000,4.483000,4.257000,4.390000
140,68,3,4.543400,4.624000,4.470000,4.682000,4.475000,4.466000
140,69,3,4.601600,4.649000,4.651000,4.670000,4.497000,4.541000
140,70,3,4.627600,4.658000,4.695000,4.750000,4.516000,4.519000
140,71,3,4.478000,4.614000,4.342000,4.635000,4.394000,4.405000
140,72,3,4.638200,4.682000,4.674000,4.725000,4.473000,4.637000
140,73,3,4.545400,4.600000,4.513000,4.639000,4.407000,4.568000
140,74,3,4.510000,4.580000,4.407000,4.642000,4.396000,4.525000
140,75,3,4.581400,4.646000,4.533000,4.680000,4.476000,4.572000
140,76,3,4.774400,4.923000,4.746000,4.824000,4.641000,4.738000
140,77,3,4.547600,4.568000,4.614000,4.680000,4.393000,4.483000
140,78,3,4.434200,4.541000,4.478000,4.436000,4.360000,4.356000
140,79,3,4.661400,4.652000,4.700000,4.731000,4.615000,4.609000
140,80,4,4.558200,4.634000,4.615000,4.527000,4.514000,4.501000
140,81,4,4.701400,4.817000,4.646000,4.766000,4.595000,4.683000
140,82,4,4.667000,4.697000,4.586000,4.760000,4.648000,4.644000
140,83,4,4.662600,4.819000,4.663000,4.667000,4.585000,4.579000
140,84,4,4.548000,4.616000,4.445000,4.631000,4.521000,4.527000
140,85,4,4.575800,4.689000,4.438000,4.622000,4.540000,4.590000
140,86,4,4.848200,4.954000,4.905000,4.745000,4.780000,4.857000
140,87,4,4.724000,4.878000,4.733000,4.759000,4.576000,4.674000
140,88,4,4.748200,4.766000,4.808000,4.728000,4.732000,4.707000
140,89,4,4.913000,4.904000,5.033000,4.939000,4.826000,4.863000
140,90,4,4.761800,4.929000,4.661000,4.884000,4.578000,4.757000
140,91,4,4.739600,4.840000,4.652000,4.781000,4.767000,4.658000
140,92,4,4.762000,4.884000,4.716000,4.731000,4.719000,4.760000
140,93,4,4.646000,4.734000,4.634000,4.694000,4.574000,4.594000
140,94,4,4.728800,4.819000,4.724000,4.733000,4.582000,4.786000
140,95,4,4.522400,4.538000,4.483000,4.547000,4.502000,4.542000
140,96,4,4.707000,4.814000,4.795000,4.643000,4.606000,4.677000
140,97,4,4.611600,4.650000,4.593000,4.683000,4.606000,4.526000
140,98,4,4.501800,4.669000,4.497000,4.596000,4.364000,4.383000
140,99,4,4.712200,4.835000,4.693000,4.843000,4.588000,4.602000
141,0,2,7.003200,6.974000,6.980000,7.060000,7.127000,6.875000
141,1,2,6.918600,6.807000,6.963000,6.876000,7.051000,6.896000
141,2,2,7.018400,6.972000,6.996000,7.040000,7.140000,6.944000
141,3,2,7.051800,6.980000,7.144000,6.927000,7.219000,6.989000
141,4,2,7.036200,6.981000,6.939000,7.099000,7.154000,7.008000
141,5,2,7.146000,7.118000,7.165000,7.080000,7.190000,7.177000
141,6,2,7.240000,7.161000,7.186000,7.225000,7.316000,7.312000
141,7,2,7.266200,7.232000,7.192000,7.255000,7.325000,7.327000
141,8,2,6.986000,6.769000,6.977000,7.092000,7.115000,6.977000
141,9,2,7.020000,6.979000,7.005000,6.927000,7.097000,7.092000
141,10,2,6.964600,7.012000,6.951000,6.942000,6.916000,7.002000
141,11,2,7.160200,7.066000,7.182000,7.138000,7.184000,7.231000
141,12,2,6.989800,6.966000,6.917000,6.945000,7.153000,6.968000
141,13,2,7.152800,7.013000,7.239000,7.233000,7.197000,7.082000
141,14,2,6.996800,6.983000,7.014000,6.916000,7.032000,7.039000
141,15,2,7.170000,7.100000,7.068000,7.274000,7.330000,7.078000
141,16,2,6.843800,6.965000,6.759000,6.809000,6.905000,6.781000
141,17,2,7.074200,7.026000,7.014000,7.179000,7.066000,7.086000
141,18,2,6.916600,6.763000,6.993000,6.940000,6.958000,6.929000
141,19,2,6.687200,6.751000,6.730000,6.651000,6.823000,6.481000
142,0,2,7.136000,7.080000,7.230000,6.925000,7.157000,7.288000
142,1,2,7.194200,7.166000,7.214000,7.087000,7.179000,7.325000
142,2,2,7.089200,7.112000,7.101000,6.953000,7.109000,7.171000
142,3,2,7.106600,7.121000,7.027000,7.025000,7.181000,7.179000
142,4,2,6.950000,6.870000,6.948000,6.926000,7.010000,6.996000
142,5,2,7.105000,7.115000,7.051000,7.067000,7.154000,7.138000
142,6,2,6.857200,6.881000,6.799000,6.730000,6.981000,6.895000
142,7,2,6.940000,6.792000,6.952000,6.903000,7.033000,7.020000
142,8,2,7.283200,7.232000,7.277000,7.145000,7.355000,7.407000
142,9,2,7.194600,7.218000,7.247000,7.059000,7.137000,7.312000
142,10,2,7.079600,7.028000,7.127000,6.998000,7.060000,7.185000
142,11,2,7.103200,7.008000,7.113000,6.978000,7.175000,7.242000
142,12,2,6.543200,6.557000,6.465000,6.394000,6.563000,6.737000
142,13,2,6.921800,6.952000,6.994000,6.724000,6.952000,6.987000
142,14,2,6.788200,6.758000,6.811000,6.619000,6.843000,6.910000
142,15,2,7.206600,7.132000,7.242000,7.137000,7.176000,7.346000
142,16,2,7.259800,7.253000,7.277000,7.147000,7.233000,7.389000
142,17,2,7.077200,7.028000,7.012000,7.014000,7.055000,7.277000
142,18,2,7.147000,7.024000,7.175000,7.067000,7.168000,7.301000
142,19,2,6.838000,6.827000,6.747000,6.641000,6.926000,7.049000
143,0,2,7.139400,7.083000,7.275000,7.042000,7.297000,7.000000
143,1,2,7.284200,7.140000,7.470000,7.281000,7.304000,7.226000
143,2,2,7.233000,7.242000,7.338000,7.255000,7.289000,7.041000
143,3,2,6.875800,6.756000,7.023000,6.715000,7.123000,6.762000
143,4,2,7.086000,7.052000,7.226000,6.958000,7.143000,7.051000
143,5,2,6.990600,6.743000,7.199000,6.939000,7.171000,6.901000
143,6,2,7.113800,7.116000,7.176000,7.004000,7.188000,7.085000
143,7,2,7.065200,6.956000,7.147000,7.000000,7.216000,7.007000
143,8,2,7.037200,7.000000,7.209000,6.991000,7.150000,6.836000
143,9,2,7.124000,6.891000,7.289000,7.101000,7.375000,6.964000
143,10,2,7.164400,7.049000,7.272000,7.141000,7.325000,7.035000
143,11,2,7.076800,7.020000,7.271000,6.965000,7.151000,6.977000
143,12,2,7.162200,7.118000,7.237000,7.094000,7.308000,7.054000
143,13,2,6.771400,6.589000,7.018000,6.590000,6.947000,6.713000
143,14,2,6.784400,6.684000,7.072000,6.613000,6.932000,6.621000
143,15,2,6.677600,6.627000,6.816000,6.573000,6.849000,6.523000
143,16,2,7.184600,7.206000,7.342000,7.167000,7.206000,7.002000
143,17,2,6.771000,6.668000,6.847000,6.635000,6.953000,6.752000
143,18,2,7.102400,7.026000,7.254000,7.080000,7.182000,6.970000
143,19,2,7.152200,7.113000,7.321000,7.059000,7.229000,7.039000
144,0,2,7.085000,7.058000,7.105000,7.154000,7.110000,6.998000
144,1,2,7.123000,7.139000,7.219000,7.072000,7.165000,7.020000
144,2,2,7.010600,7.026000,7.149000,6.920000,7.002000,6.956000
144,3,2,6.830400,6.864000,6.875000,6.760000,6.813000,6.840000
144,4,2,7.293600,7.408000,7.316000,7.248000,7.217000,7.279000
144,5,2,7.168600,7.129000,7.270000,7.226000,7.051000,7.167000
144,6,2,7.107000,7.099000,7.198000,7.047000,7.102000,7.089000
144,7,2,7.252800,7.283000,7.201000,7.223000,7.246000,7.311000
144,8,2,7.021400,7.048000,7.110000,6.972000,7.024000,6.953000
144,9,2,7.227000,7.278000,7.214000,7.237000,7.223000,7.183000
144,10,2,7.185600,7.187000,7.308000,7.151000,7.178000,7.104000
144,11,2,6.855000,6.865000,6.821000,6.781000,6.830000,6.978000
144,12,2,7.177200,7.186000,7.215000,7.106000,7.244000,7.135000
144,13,2,6.788000,6.762000,6.835000,6.646000,6.878000,6.819000
144,14,2,7.240200,7.313000,7.240000,7.106000,7.340000,7.202000
144,15,2,7.172600,7.056000,7.225000,7.099000,7.201000,7.282000
144,16,2,6.907000,6.888000,6.928000,6.836000,7.024000,6.859000
144,17,2,6.996400,6.929000,7.053000,6.992000,7.001000,7.007000
144,18,2,7.008200,6.962000,7.054000,6.954000,7.098000,6.973000
144,19,2,7.053400,7.014000,7.139000,7.048000,7.145000,6.921000
145,0,2,7.099200,6.968000,7.146000,7.188000,7.154000,7.040000
145,1,2,7.137200,7.089000,7.168000,7.040000,7.241000,7.148000
145,2,2,7.190600,7.152000,7.232000,7.205000,7.228000,7.136000
145,3,2,7.174200,7.193000,7.265000,7.102000,7.244000,7.067000
145,4,2,7.146400,7.149000,7.108000,7.145000,7.195000,7.135000
145,5,2,7.137600,7.012000,7.195000,7.061000,7.303000,7.117000
145,6,2,6.970400,6.894000,6.963000,6.940000,7.050000,7.005000
145,7,2,7.067400,7.021000,7.151000,7.065000,7.032000,7.068000
145,8,2,6.903600,6.851000,6.924000,6.900000,6.958000,6.885000
145,9,2,6.727600,6.638000,6.725000,6.679000,6.710000,6.886000
145,10,2,7.185000,7.123000,7.188000,7.222000,7.178000,7.214000
145,11,2,7.118600,7.119000,7.166000,7.055000,7.154000,7.099000
145,12,2,6.676400,6.599000,6.733000,6.632000,6.701000,6.717000
145,13,2,7.017800,6.866000,7.097000,6.978000,7.100000,7.048000
145,14,2,7.086200,6.997000,7.081000,7.068000,7.156000,7.129000
145,15,2,6.925200,6.911000,6.936000,6.875000,7.047000,6.857000
145,16,2,7.015200,6.963000,7.056000,6.931000,7.034000,7.092000
145,17,2,7.112400,7.076000,7.215000,7.097000,7.127000,7.047000
145,18,2,6.753000,6.660000,6.781000,6.745000,6.799000,6.780000
145,19,2,7.040600,6.867000,7.145000,6.949000,7.104000,7.138000
146,0,2,6.987800,6.851000,7.124000,6.971000,7.067000,6.926000
146,1,2,7.067600,7.013000,7.265000,7.025000,6.980000,7.055000
146,2,2,7.084600,7.063000,7.196000,6.992000,7.126000,7.046000
146,3,2,7.096600,7.004000,7.150000,7.109000,7.173000,7.047000
146,4,2,7.197600,7.150000,7.304000,7.238000,7.209000,7.087000
146,5,2,7.223800,7.248000,7.247000,7.208000,7.193000,7.223000
146,6,2,7.133000,7.121000,7.263000,7.166000,7.108000,7.007000
146,7,2,7.154600,7.133000,7.217000,7.161000,7.200000,7.062000
146,8,2,7.090200,7.053000,7.219000,7.080000,7.058000,7.041000
146,9,2,7.201200,7.096000,7.243000,7.221000,7.201000,7.245000
146,10,2,7.180400,7.028000,7.350000,7.184000,7.256000,7.084000
146,11,2,7.081400,6.956000,7.235000,7.028000,7.115000,7.073000
146,12,2,7.110600,7.044000,7.208000,7.157000,7.052000,7.092000
146,13,2,7.252600,7.176000,7.393000,7.260000,7.250000,7.184000
146,14,2,7.036800,6.964000,7.126000,7.087000,6.988000,7.019000
146,15,2,7.095000,7.020000,7.264000,7.094000,6.996000,7.101000
146,16,2,7.149200,7.052000,7.303000,7.222000,7.111000,7.058000
146,17,2,7.128600,6.919000,7.350000,7.136000,7.151000,7.087000
146,18,2,6.950200,6.831000,7.118000,6.857000,7.041000,6.904000
146,19,2,7.125000,6.972000,7.263000,7.104000,7.179000,7.107000
147,0,2,6.993800,6.970000,7.046000,7.028000,6.888000,7.037000
147,1,2,7.039000,7.041000,7.088000,7.024000,6.942000,7.100000
147,2,2,7.058600,7.076000,7.055000,7.088000,6.952000,7.122000
147,3,2,7.093600,7.010000,7.212000,7.095000,6.996000,7.155000
147,4,2,6.935200,6.935000,6.959000,6.906000,6.899000,6.977000
147,5,2,6.944600,6.847000,6.985000,6.913000,6.941000,7.037000
147,6,2,7.259400,7.356000,7.270000,7.264000,7.104000,7.303000
147,7,2,7.053800,6.927000,7.137000,7.103000,7.011000,7.091000
147,8,2,7.168400,7.088000,7.198000,7.251000,7.086000,7.219000
147,9,2,7.251800,7.282000,7.261000,7.312000,7.190000,7.214000
147,10,2,7.041400,7.016000,7.125000,7.074000,6.947000,7.045000
147,11,2,7.113000,7.082000,7.175000,7.152000,7.050000,7.106000
147,12,2,7.131600,7.123000,7.188000,7.162000,7.059000,7.126000
147,13,2,7.207200,7.164000,7.247000,7.322000,7.172000,7.131000
147,14,2,7.071800,7.095000,7.062000,7.060000,7.008000,7.134000
147,15,2,6.927800,6.901000,7.081000,6.980000,6.735000,6.942000
147,16,2,7.117200,6.971000,7.159000,7.160000,7.013000,7.283000
147,17,2,7.058800,7.067000,6.969000,7.245000,6.974000,7.039000
147,18,2,7.236400,7.207000,7.193000,7.368000,7.181000,7.233000
147,19,2,6.805400,6.817000,6.854000,6.802000,6.676000,6.878000
148,0,2,7.101600,7.139000,7.121000,6.980000,7.145000,7.123000
148,1,2,7.167800,7.145000,7.282000,7.135000,7.113000,7.164000
148,2,2,7.090400,7.169000,7.193000,7.021000,7.073000,6.996000
148,3,2,7.207400,7.228000,7.186000,7.100000,7.259000,7.264000
148,4,2,7.223600,7.211000,7.219000,7.148000,7.255000,7.285000
148,5,2,6.990600,7.009000,7.086000,6.947000,6.991000,6.920000
148,6,2,7.085200,7.155000,6.991000,7.047000,7.159000,7.074000
148,7,2,7.062400,7.149000,7.192000,6.890000,7.066000,7.015000
148,8,2,7.271200,7.340000,7.314000,7.137000,7.367000,7.198000
148,9,2,7.026800,7.088000,7.150000,6.995000,6.965000,6.936000
148,10,2,7.163800,7.053000,7.295000,7.101000,7.211000,7.159000
148,11,2,7.281600,7.317000,7.375000,7.175000,7.281000,7.260000
148,12,2,7.087000,7.143000,7.060000,7.039000,7.170000,7.023000
148,13,2,7.151400,7.066000,7.296000,7.049000,7.169000,7.177000
148,14,2,7.286000,7.298000,7.422000,7.203000,7.338000,7.169000
148,15,2,7.123000,7.114000,7.200000,7.090000,7.151000,7.060000
148,16,2,7.255200,7.217000,7.262000,7.193000,7.379000,7.225000
148,17,2,7.072000,7.096000,7.227000,6.953000,7.036000,7.048000
148,18,2,7.176600,7.233000,7.088000,7.170000,7.267000,7.125000
148,19,2,7.167800,7.078000,7.218000,7.112000,7.256000,7.175000
149,0,2,7.183600,7.188000,7.048000,7.313000,7.157000,7.212000
149,1,2,7.158200,7.123000,7.134000,7.167000,7.184000,7.183000
149,2,2,7.119200,7.127000,7.081000,7.201000,7.171000,7.016000
149,3,2,7.197800,7.114000,7.232000,7.213000,7.265000,7.165000
149,4,2,7.183800,7.192000,7.040000,7.409000,7.221000,7.057000
149,5,2,6.885600,6.923000,6.732000,6.944000,7.036000,6.793000
149,6,2,7.189000,7.193000,7.187000,7.234000,7.100000,7.231000
149,7,2,6.941400,6.915000,6.808000,7.137000,7.078000,6.769000
149,8,2,6.792400,6.785000,6.827000,6.890000,6.660000,6.800000
149,9,2,7.348400,7.314000,7.307000,7.455000,7.343000,7.323000
149,10,2,7.206400,7.147000,7.175000,7.362000,7.292000,7.056000
149,11,2,7.062800,6.962000,7.135000,7.207000,7.094000,6.916000
149,12,2,6.973800,6.926000,6.912000,7.098000,7.039000,6.894000
149,13,2,6.937200,6.808000,6.868000,7.147000,6.898000,6.965000
149,14,2,7.080400,7.053000,7.185000,7.145000,7.165000,6.854000
149,15,2,7.210200,7.204000,7.179000,7.293000,7.176000,7.199000
149,16,2,7.119200,7.092000,7.094000,7.225000,7.173000,7.012000
149,17,2,7.211600,7.118000,7.180000,7.295000,7.347000,7.118000
149,18,2,7.104200,7.066000,7.097000,7.276000,7.094000,6.988000
149,19,2,7.213400,7.195000,7.231000,7.289000,7.309000,7.043000
150,0,0,4.774600,4.745000,4.760000,4.804000,4.831000,4.733000
150,1,0,4.863800,4.757000,5.033000,4.898000,4.736000,4.895000
150,2,0,4.718800,4.750000,4.724000,4.781000,4.681000,4.658000
150,3,0,4.891000,4.824000,4.898000,4.915000,4.934000,4.884000
150,4,0,4.782600,4.829000,4.809000,4.781000,4.777000,4.717000
150,5,0,4.641600,4.590000,4.690000,4.631000,4.577000,4.720000
150,6,0,4.908400,4.832000,4.974000,5.009000,4.888000,4.839000
150,7,0,4.744200,4.611000,4.893000,4.753000,4.671000,4.793000
150,8,0,4.860600,4.753000,4.901000,4.972000,4.962000,4.715000
150,9,0,4.724000,4.717000,4.820000,4.746000,4.654000,4.683000
150,10,0,4.698800,4.635000,4.772000,4.782000,4.642000,4.663000
150,11,0,4.763000,4.698000,4.850000,4.788000,4.727000,4.752000
150,12,0,4.891600,4.895000,4.852000,4.854000,4.891000,4.966000
150,13,0,4.652200,4.687000,4.680000,4.647000,4.601000,4.646000
150,14,0,4.817000,4.776000,4.849000,4.875000,4.725000,4.860000
150,15,0,4.861200,4.864000,4.904000,4.892000,4.781000,4.865000
150,16,0,4.773000,4.697000,4.793000,4.852000,4.684000,4.839000
150,17,0,4.746400,4.621000,4.834000,4.727000,4.727000,4.823000
150,18,0,4.842000,4.774000,4.949000,4.885000,4.784000,4.818000
150,19,0,4.728800,4.748000,4.733000,4.714000,4.747000,4.702000
150,20,1,4.367200,4.324000,4.316000,4.482000,4.328000,4.386000
150,21,1,4.562400,4.524000,4.576000,4.663000,4.565000,4.484000
150,22,1,4.428200,4.439000,4.459000,4.377000,4.373000,4.493000
150,23,1,4.389000,4.390000,4.402000,4.450000,4.335000,4.368000
150,24,1,4.677400,4.509000,4.747000,4.745000,4.748000,4.638000
150,25,1,4.464800,4.259000,4.420000,4.645000,4.422000,4.578000
150,26,1,4.444400,4.326000,4.483000,4.519000,4.434000,4.460000
150,27,1,4.508400,4.422000,4.331000,4.687000,4.507000,4.595000
150,28,1,4.616600,4.724000,4.573000,4.683000,4.572000,4.531000
150,29,1,4.642800,4.572000,4.575000,4.799000,4.714000,4.554000
150,30,1,4.627600,4.587000,4.704000,4.681000,4.581000,4.585000
150,31,1,4.571400,4.345000,4.715000,4.609000,4.553000,4.635000
150,32,1,4.425600,4.409000,4.433000,4.398000,4.468000,4.420000
150,33,1,4.385800,4.402000,4.327000,4.421000,4.339000,4.440000
150,34,1,4.657800,4.614000,4.553000,4.850000,4.611000,4.661000
150,35,1,4.597600,4.632000,4.598000,4.715000,4.412000,4.631000
150,36,1,4.527800,4.525000,4.522000,4.637000,4.505000,4.450000
150,37,1,4.469000,4.401000,4.447000,4.433000,4.526000,4.538000
150,38,1,4.602400,4.628000,4.553000,4.724000,4.550000,4.557000
150,39,1,4.473000,4.298000,4.444000,4.518000,4.549000,4.556000
150,40,2,7.168400,7.212000,7.096000,7.210000,7.138000,7.186000
150,41,2,6.898600,6.879000,6.916000,6.995000,6.789000,6.914000
150,42,2,7.197400,7.181000,7.096000,7.269000,7.212000,7.229000
150,43,2,7.233400,7.291000,7.279000,7.258000,7.162000,7.177000
150,44,2,7.095200,7.160000,6.993000,7.203000,7.041000,7.079000
150,45,2,7.370600,7.353000,7.399000,7.292000,7.420000,7.389000
150,46,2,6.919600,6.952000,6.926000,6.990000,6.739000,6.991000
150,47,2,7.257600,7.329000,7.239000,7.353000,7.175000,7.192000
150,48,2,7.316600,7.325000,7.287000,7.364000,7.284000,7.323000
150,49,2,7.143400,7.192000,7.179000,7.204000,7.058000,7.084000
150,50,2,7.090800,7.082000,7.096000,7.190000,6.969000,7.117000
150,51,2,7.246200,7.274000,7.249000,7.202000,7.201000,7.305000
150,52,2,7.091400,7.077000,7.072000,7.152000,7.081000,7.075000
150,53,2,7.147200,7.100000,7.199000,7.244000,7.036000,7.157000
150,54,2,6.973400,6.926000,6.946000,6.983000,6.847000,7.165000
150,55,2,6.992600,7.016000,7.004000,7.066000,6.924000,6.953000
150,56,2,7.371400,7.292000,7.354000,7.406000,7.429000,7.376000
150,57,2,7.266200,7.288000,7.260000,7.231000,7.219000,7.333000
150,58,2,7.314400,7.256000,7.342000,7.380000,7.260000,7.334000
150,59,2,7.088200,7.191000,7.185000,7.101000,6.869000,7.095000
150,60,3,4.729000,4.759000,4.629000,4.740000,4.805000,4.712000
150,61,3,4.777000,4.841000,4.763000,4.858000,4.767000,4.656000
150,62,3,4.718800,4.709000,4.730000,4.662000,4.818000,4.675000
150,63,3,4.792800,4.889000,4.807000,4.771000,4.782000,4.715000
150,64,3,4.775800,4.896000,4.728000,4.663000,4.766000,4.826000
150,65,3,4.631600,4.719000,4.643000,4.596000,4.572000,4.628000
150,66,3,4.694400,4.804000,4.604000,4.763000,4.679000,4.622000
150,67,3,4.765800,4.805000,4.831000,4.773000,4.677000,4.743000
150,68,3,4.540600,4.543000,4.599000,4.515000,4.564000,4.482000
150,69,3,4.638400,4.668000,4.641000,4.668000,4.655000,4.560000
150,70,3,4.696400,4.687000,4.588000,4.756000,4.806000,4.645000
150,71,3,4.777400,4.878000,4.816000,4.712000,4.781000,4.700000
150,72,3,4.833000,4.874000,4.899000,4.767000,4.839000,4.786000
150,73,3,4.577000,4.631000,4.536000,4.543000,4.610000,4.565000
150,74,3,4.706200,4.727000,4.783000,4.615000,4.736000,4.670000
150,75,3,4.678200,4.694000,4.615000,4.724000,4.660000,4.698000
150,76,3,4.848600,4.864000,4.903000,4.882000,4.853000,4.741000
150,77,3,4.628600,4.783000,4.560000,4.577000,4.683000,4.540000
150,78,3,4.488000,4.512000,4.496000,4.468000,4.508000,4.456000
150,79,3,4.616200,4.619000,4.545000,4.732000,4.599000,4.586000
150,80,4,4.634800,4.665000,4.584000,4.667000,4.662000,4.596000
150,81,4,5.026400,4.917000,5.137000,5.037000,4.974000,5.067000
150,82,4,4.841200,4.675000,4.853000,4.800000,4.953000,4.925000
150,83,4,4.921800,4.959000,4.857000,4.894000,4.925000,4.974000
150,84,4,5.025600,4.911000,5.055000,5.171000,5.019000,4.972000
150,85,4,4.664200,4.664000,4.592000,4.739000,4.665000,4.661000
150,86,4,4.856400,4.776000,4.870000,4.914000,4.835000,4.887000
150,87,4,4.847400,4.714000,4.896000,4.922000,4.809000,4.896000
150,88,4,4.842000,4.731000,4.925000,4.807000,4.881000,4.866000
150,89,4,4.915400,4.874000,4.979000,4.905000,4.931000,4.888000
150,90,4,4.955200,4.832000,5.097000,5.000000,4.874000,4.973000
150,91,4,4.723000,4.590000,4.847000,4.772000,4.747000,4.659000
150,92,4,4.732600,4.631000,4.758000,4.735000,4.799000,4.740000
150,93,4,4.869600,4.884000,4.863000,4.857000,4.867000,4.877000
150,94,4,4.880000,4.775000,5.016000,4.964000,4.850000,4.795000
150,95,4,4.816000,4.722000,4.797000,5.007000,4.751000,4.803000
150,96,4,4.827400,4.769000,4.874000,4.910000,4.780000,4.804000
150,97,4,4.611400,4.510000,4.660000,4.640000,4.553000,4.694000
150,98,4,4.742200,4.626000,4.723000,4.769000,4.754000,4.839000
150,99,4,4.956200,5.008000,4.978000,4.928000,4.913000,4.954000
151,0,2,7.068200,7.071000,7.098000,7.032000,7.162000,6.978000
151,1,2,7.174400,7.265000,7.038000,7.090000,7.249000,7.230000
151,2,2,7.068800,7.032000,7.059000,7.064000,7.087000,7.102000
151,3,2,7.307400,7.324000,7.286000,7.296000,7.329000,7.302000
151,4,2,6.982800,7.028000,7.007000,6.967000,6.989000,6.923000
151,5,2,7.173800,7.209000,7.085000,7.183000,7.284000,7.108000
151,6,2,7.370600,7.424000,7.265000,7.378000,7.392000,7.394000
151,7,2,7.285200,7.331000,7.203000,7.264000,7.330000,7.298000
151,8,2,7.262400,7.276000,7.116000,7.414000,7.235000,7.271000
151,9,2,7.174600,7.167000,7.062000,7.256000,7.156000,7.232000
151,10,2,6.822000,6.804000,6.751000,6.908000,6.971000,6.676000
151,11,2,7.068000,7.142000,7.110000,7.090000,7.129000,6.869000
151,12,2,7.055200,7.061000,6.962000,7.030000,7.095000,7.128000
151,13,2,7.262800,7.273000,7.147000,7.293000,7.360000,7.241000
151,14,2,7.170000,7.274000,6.982000,7.149000,7.272000,7.173000
151,15,2,7.375800,7.415000,7.352000,7.380000,7.303000,7.429000
151,16,2,7.317000,7.389000,7.312000,7.308000,7.329000,7.247000
151,17,2,7.146800,7.215000,6.971000,7.162000,7.192000,7.194000
151,18,2,7.179000,7.211000,7.135000,7.150000,7.245000,7.154000
151,19,2,7.246600,7.300000,7.215000,7.172000,7.260000,7.286000
152,0,2,7.153400,7.106000,6.991000,7.282000,7.193000,7.195000
152,1,2,7.327600,7.297000,7.192000,7.488000,7.399000,7.262000
152,2,2,7.278600,7.210000,7.118000,7.398000,7.367000,7.300000
152,3,2,7.005600,6.830000,6.987000,6.955000,7.152000,7.104000
152,4,2,7.248600,7.145000,7.136000,7.272000,7.328000,7.362000
152,5,2,7.387800,7.345000,7.312000,7.437000,7.444000,7.401000
152,6,2,6.765800,6.638000,6.549000,6.932000,6.884000,6.826000
152,7,2,7.181400,7.087000,7.113000,7.324000,7.107000,7.276000
152,8,2,7.229200,7.047000,7.198000,7.412000,7.304000,7.185000
152,9,2,7.186200,7.170000,7.074000,7.226000,7.154000,7.307000
152,10,2,7.370800,7.336000,7.271000,7.466000,7.430000,7.351000
152,11,2,6.977000,6.819000,6.914000,7.094000,6.964000,7.094000
152,12,2,7.104400,7.047000,6.961000,7.256000,7.064000,7.194000
152,13,2,7.328200,7.271000,7.221000,7.424000,7.368000,7.357000
152,14,2,7.298000,7.272000,7.145000,7.442000,7.401000,7.230000
152,15,2,7.240000,7.119000,7.130000,7.313000,7.311000,7.327000
152,16,2,7.150400,7.030000,7.004000,7.258000,7.239000,7.221000
152,17,2,7.327000,7.266000,7.165000,7.460000,7.391000,7.353000
152,18,2,7.258200,7.180000,7.120000,7.394000,7.361000,7.236000
152,19,2,7.122000,7.084000,7.040000,7.115000,7.180000,7.191000
153,0,2,7.295000,7.501000,7.232000,7.268000,7.276000,7.198000
153,1,2,7.351400,7.359000,7.446000,7.378000,7.333000,7.241000
153,2,2,7.061600,7.061000,6.995000,7.128000,7.071000,7.053000
153,3,2,7.183400,7.253000,7.177000,7.273000,7.140000,7.074000
153,4,2,7.069200,7.111000,6.976000,7.073000,7.111000,7.075000
153,5,2,7.261400,7.274000,7.320000,7.291000,7.328000,7.094000
153,6,2,7.352600,7.221000,7.392000,7.314000,7.477000,7.359000
153,7,2,7.304600,7.338000,7.324000,7.306000,7.356000,7.199000
153,8,2,7.233400,7.250000,7.305000,7.157000,7.330000,7.125000
153,9,2,7.341400,7.357000,7.380000,7.274000,7.340000,7.356000
153,10,2,7.301000,7.372000,7.293000,7.262000,7.334000,7.244000
153,11,2,7.213000,7.207000,7.161000,7.216000,7.270000,7.211000
153,12,2,7.237400,7.229000,7.281000,7.248000,7.231000,7.198000
153,13,2,7.301200,7.266000,7.422000,7.325000,7.299000,7.194000
153,14,2,7.188600,7.193000,7.136000,7.236000,7.204000,7.174000
153,15,2,7.316800,7.227000,7.375000,7.341000,7.371000,7.270000
153,16,2,7.249000,7.180000,7.295000,7.238000,7.324000,7.208000
153,17,2,7.041400,7.142000,6.928000,7.022000,7.097000,7.018000
153,18,2,7.221000,7.204000,7.269000,7.216000,7.232000,7.184000
153,19,2,7.119400,7.218000,7.155000,7.143000,7.115000,6.966000
154,0,2,7.325800,7.344000,7.281000,7.342000,7.293000,7.369000
154,1,2,7.268400,7.322000,7.124000,7.380000,7.294000,7.222000
154,2,2,7.179000,7.127000,7.135000,7.271000,7.175000,7.187000
154,3,2,7.238400,7.227000,7.200000,7.341000,7.169000,7.255000
154,4,2,6.956600,6.970000,6.926000,7.010000,6.877000,7.000000
154,5,2,7.346400,7.307000,7.332000,7.324000,7.340000,7.429000
154,6,2,7.159600,7.138000,7.026000,7.304000,7.153000,7.177000
154,7,2,7.377800,7.337000,7.368000,7.430000,7.414000,7.340000
154,8,2,7.329200,7.293000,7.232000,7.347000,7.394000,7.380000
154,9,2,7.263800,7.193000,7.245000,7.285000,7.313000,7.283000
154,10,2,6.955000,6.834000,6.803000,7.129000,6.925000,7.084000
154,11,2,7.134200,6.991000,7.172000,7.234000,7.127000,7.147000
154,12,2,7.126400,7.056000,7.012000,7.190000,7.225000,7.149000
154,13,2,7.370000,7.341000,7.242000,7.530000,7.420000,7.317000
154,14,2,7.418400,7.289000,7.441000,7.459000,7.349000,7.554000
154,15,2,7.255000,7.155000,7.214000,7.334000,7.305000,7.267000
154,16,2,7.238400,7.159000,7.232000,7.267000,7.216000,7.318000
154,17,2,7.035200,6.950000,7.035000,7.221000,6.950000,7.020000
154,18,2,7.369200,7.368000,7.255000,7.396000,7.430000,7.397000
154,19,2,7.233000,7.173000,7.209000,7.390000,7.259000,7.134000
155,0,2,6.986800,7.087000,6.826000,6.984000,6.961000,7.076000
155,1,2,6.987200,7.020000,6.883000,6.937000,7.015000,7.081000
155,2,2,7.176000,7.378000,7.018000,7.193000,7.119000,7.172000
155,3,2,7.129600,7.184000,7.093000,7.105000,7.131000,7.135000
155,4,2,7.218200,7.361000,7.130000,7.245000,7.197000,7.158000
155,5,2,7.244000,7.389000,7.190000,7.239000,7.211000,7.191000
155,6,2,7.126000,7.242000,7.002000,7.052000,7.176000,7.158000
155,7,2,7.141200,7.174000,7.092000,7.239000,7.077000,7.124000
155,8,2,7.160400,7.352000,7.030000,7.131000,7.078000,7.211000
155,9,2,7.133400,7.187000,7.115000,7.112000,7.177000,7.076000
155,10,2,7.206000,7.317000,7.168000,7.278000,7.179000,7.088000
155,11,2,7.231200,7.406000,7.170000,7.261000,7.108000,7.211000
155,12,2,7.218000,7.318000,7.203000,7.231000,7.224000,7.114000
155,13,2,7.089200,7.216000,6.911000,7.121000,6.977000,7.221000
155,14,2,7.152000,7.250000,7.039000,7.294000,7.077000,7.100000
155,15,2,7.208200,7.248000,7.166000,7.211000,7.325000,7.091000
155,16,2,7.051400,7.145000,6.968000,7.069000,6.978000,7.097000
155,17,2,7.116800,7.199000,7.038000,7.118000,7.035000,7.194000
155,18,2,7.223000,7.305000,7.143000,7.172000,7.237000,7.258000
155,19,2,7.259200,7.333000,7.286000,7.188000,7.272000,7.217000
156,0,2,7.331600,7.393000,7.277000,7.421000,7.317000,7.250000
156,1,2,7.097400,7.139000,6.980000,7.232000,7.131000,7.005000
156,2,2,7.337000,7.226000,7.350000,7.446000,7.391000,7.272000
156,3,2,7.286600,7.391000,7.138000,7.358000,7.322000,7.224000
156,4,2,7.147200,7.206000,7.034000,7.163000,7.199000,7.134000
156,5,2,7.053800,7.135000,6.917000,7.036000,7.103000,7.078000
156,6,2,7.042600,7.109000,6.901000,6.974000,7.113000,7.116000
156,7,2,7.160800,7.153000,7.021000,7.193000,7.269000,7.168000
156,8,2,7.489400,7.404000,7.379000,7.595000,7.614000,7.455000
156,9,2,7.096000,7.197000,6.992000,7.142000,7.134000,7.015000
156,10,2,7.225200,7.329000,7.020000,7.312000,7.346000,7.119000
156,11,2,7.085800,7.014000,7.004000,7.088000,7.174000,7.149000
156,12,2,7.310600,7.320000,7.225000,7.272000,7.393000,7.343000
156,13,2,7.069800,7.078000,7.089000,7.076000,7.161000,6.945000
156,14,2,7.370400,7.277000,7.335000,7.409000,7.449000,7.382000
156,15,2,7.036400,7.116000,6.900000,7.089000,7.019000,7.058000
156,16,2,7.188400,7.242000,7.143000,7.176000,7.254000,7.127000
156,17,2,7.250000,7.256000,7.153000,7.322000,7.300000,7.219000
156,18,2,7.321200,7.362000,7.334000,7.415000,7.338000,7.157000
156,19,2,7.127800,7.196000,7.074000,7.166000,7.134000,7.069000
157,0,2,7.295400,7.258000,7.334000,7.315000,7.263000,7.307000
157,1,2,7.066400,6.822000,7.194000,7.099000,6.998000,7.219000
157,2,2,7.415000,7.209000,7.545000,7.496000,7.315000,7.510000
157,3,2,7.300200,7.162000,7.449000,7.362000,7.193000,7.335000
157,4,2,7.294600,7.194000,7.413000,7.241000,7.282000,7.343000
157,5,2,7.238800,7.133000,7.343000,7.285000,7.137000,7.296000
157,6,2,7.210400,7.099000,7.309000,7.251000,7.130000,7.263000
157,7,2,7.275800,7.114000,7.387000,7.378000,7.228000,7.272000
157,8,2,7.304200,7.200000,7.470000,7.285000,7.277000,7.289000
157,9,2,7.179800,7.056000,7.311000,7.140000,7.090000,7.302000
157,10,2,7.373200,7.309000,7.391000,7.422000,7.339000,7.405000
157,11,2,7.254600,7.123000,7.417000,7.248000,7.151000,7.334000
157,12,2,7.368200,7.173000,7.494000,7.454000,7.293000,7.427000
157,13,2,7.060800,6.855000,7.201000,7.028000,7.051000,7.169000
157,14,2,7.197600,7.114000,7.356000,7.100000,7.166000,7.252000
157,15,2,7.276000,7.193000,7.427000,7.249000,7.237000,7.274000
157,16,2,7.433200,7.333000,7.520000,7.530000,7.297000,7.486000
157,17,2,7.276200,7.076000,7.473000,7.306000,7.234000,7.292000
157,18,2,7.155200,6.910000,7.395000,7.181000,7.085000,7.205000
157,19,2,7.219000,7.017000,7.342000,7.235000,7.191000,7.310000
158,0,2,7.321400,7.252000,7.374000,7.315000,7.418000,7.248000
158,1,2,7.377200,7.297000,7.405000,7.292000,7.468000,7.424000
158,2,2,7.277000,7.186000,7.343000,7.194000,7.363000,7.299000
158,3,2,7.203800,7.094000,7.239000,7.115000,7.302000,7.269000
158,4,2,7.520400,7.454000,7.511000,7.484000,7.679000,7.474000
158,5,2,7.379800,7.298000,7.438000,7.328000,7.461000,7.374000
158,6,2,7.234200,7.092000,7.289000,7.211000,7.272000,7.307000
158,7,2,7.399200,7.288000,7.442000,7.366000,7.440000,7.460000
158,8,2,7.212200,7.148000,7.277000,7.114000,7.300000,7.222000
158,9,2,7.181400,7.080000,7.309000,7.095000,7.247000,7.176000
158,10,2,7.342800,7.177000,7.349000,7.360000,7.484000,7.344000
158,11,2,7.356600,7.327000,7.341000,7.279000,7.397000,7.439000
158,12,2,7.235600,7.121000,7.284000,7.200000,7.309000,7.264000
158,13,2,7.022200,6.948000,7.087000,6.952000,7.115000,7.009000
158,14,2,7.286000,7.233000,7.413000,7.233000,7.370000,7.181000
158,15,2,7.287600,7.150000,7.278000,7.308000,7.413000,7.289000
158,16,2,7.408600,7.381000,7.439000,7.295000,7.451000,7.477000
158,17,2,7.390600,7.278000,7.406000,7.359000,7.456000,7.454000
158,18,2,7.126200,7.047000,7.207000,7.061000,7.170000,7.146000
158,19,2,7.459800,7.338000,7.477000,7.432000,7.527000,7.525000
159,0,2,7.307200,7.236000,7.439000,7.284000,7.211000,7.366000
159,1,2,7.349800,7.355000,7.404000,7.348000,7.287000,7.355000
159,2,2,7.412600,7.373000,7.468000,7.310000,7.434000,7.478000
159,3,2,7.318000,7.236000,7.397000,7.332000,7.186000,7.439000
159,4,2,7.353000,7.332000,7.436000,7.268000,7.320000,7.409000
159,5,2,7.416800,7.283000,7.499000,7.479000,7.324000,7.499000
159,6,2,7.434800,7.357000,7.452000,7.452000,7.400000,7.513000
159,7,2,7.432400,7.303000,7.530000,7.468000,7.375000,7.486000
159,8,2,7.418800,7.309000,7.417000,7.476000,7.357000,7.535000
159,9,2,7.468200,7.450000,7.425000,7.481000,7.411000,7.574000
159,10,2,7.376800,7.294000,7.516000,7.310000,7.375000,7.389000
159,11,2,7.378000,7.242000,7.382000,7.474000,7.331000,7.461000
159,12,2,7.357400,7.262000,7.420000,7.343000,7.294000,7.468000
159,13,2,7.337600,7.232000,7.436000,7.377000,7.219000,7.424000
159,14,2,7.036600,7.030000,6.967000,7.011000,6.941000,7.234000
159,15,2,7.439000,7.371000,7.462000,7.443000,7.346000,7.573000
159,16,2,7.415600,7.393000,7.545000,7.342000,7.300000,7.498000
159,17,2,7.383200,7.255000,7.440000,7.378000,7.424000,7.419000
159,18,2,7.408600,7.381000,7.434000,7.408000,7.336000,7.484000
159,19,2,7.238000,7.170000,7.326000,7.109000,7.199000,7.386000
160,0,0,4.731800,4.847000,4.684000,4.643000,4.683000,4.802000
160,1,0,4.886800,4.846000,4.740000,4.971000,5.005000,4.872000
160,2,0,4.858800,4.956000,4.823000,4.906000,4.799000,4.810000
160,3,0,4.759000,4.780000,4.653000,4.766000,4.839000,4.757000
160,4,0,4.722200,4.859000,4.610000,4.716000,4.662000,4.764000
160,5,0,4.810600,4.778000,4.766000,4.825000,4.771000,4.913000
160,6,0,4.737800,4.774000,4.797000,4.713000,4.733000,4.672000
160,7,0,5.011000,5.055000,4.844000,5.110000,5.049000,4.997000
160,8,0,4.820200,4.732000,4.782000,4.859000,4.848000,4.880000
160,9,0,4.728400,4.701000,4.634000,4.772000,4.794000,4.741000
160,10,0,4.574200,4.541000,4.471000,4.634000,4.545000,4.680000
160,11,0,4.772600,4.628000,4.676000,4.878000,4.833000,4.848000
160,12,0,4.502000,4.625000,4.341000,4.554000,4.509000,4.481000
160,13,0,4.789600,4.479000,4.773000,4.884000,4.952000,4.860000
160,14,0,4.765800,4.767000,4.635000,4.708000,4.864000,4.855000
160,15,0,4.704400,4.822000,4.520000,4.666000,4.757000,4.757000
160,16,0,4.886400,4.909000,4.775000,4.950000,4.956000,4.842000
160,17,0,4.610800,4.644000,4.507000,4.650000,4.564000,4.689000
160,18,0,4.844400,4.661000,4.828000,4.795000,4.964000,4.974000
160,19,0,4.704600,4.671000,4.508000,4.778000,4.718000,4.848000
160,20,1,4.619400,4.590000,4.550000,4.736000,4.686000,4.535000
160,21,1,4.682600,4.672000,4.570000,4.716000,4.873000,4.582000
160,22,1,4.551600,4.495000,4.347000,4.693000,4.711000,4.512000
160,23,1,4.645000,4.748000,4.496000,4.679000,4.627000,4.675000
160,24,1,4.524800,4.526000,4.435000,4.447000,4.862000,4.354000
160,25,1,4.521400,4.562000,4.394000,4.558000,4.587000,4.506000
160,26,1,4.549600,4.588000,4.431000,4.550000,4.705000,4.474000
160,27,1,4.499000,4.600000,4.427000,4.409000,4.522000,4.537000
160,28,1,4.481400,4.531000,4.477000,4.537000,4.572000,4.290000
160,29,1,4.748200,4.789000,4.640000,4.805000,4.902000,4.605000
160,30,1,4.544600,4.497000,4.446000,4.620000,4.674000,4.486000
160,31,1,4.629000,4.565000,4.572000,4.766000,4.782000,4.460000
160,32,1,4.427800,4.427000,4.358000,4.495000,4.418000,4.441000
160,33,1,4.654000,4.742000,4.432000,4.684000,4.781000,4.631000
160,34,1,4.631200,4.616000,4.603000,4.607000,4.795000,4.535000
160,35,1,4.864000,4.841000,4.708000,4.975000,4.871000,4.925000
160,36,1,4.678200,4.710000,4.544000,4.796000,4.736000,4.605000
160,37,1,4.783000,4.773000,4.533000,4.866000,4.991000,4.752000
160,38,1,4.567600,4.623000,4.452000,4.749000,4.574000,4.440000
160,39,1,4.513800,4.616000,4.381000,4.502000,4.652000,4.418000
160,40,2,7.405200,7.540000,7.491000,7.325000,7.350000,7.320000
160,41,2,7.318800,7.375000,7.335000,7.339000,7.316000,7.229000
160,42,2,7.508600,7.510000,7.569000,7.499000,7.522000,7.443000
160,43,2,7.384200,7.379000,7.447000,7.334000,7.430000,7.331000
160,44,2,7.458200,7.406000,7.502000,7.439000,7.547000,7.397000
160,45,2,7.307000,7.317000,7.323000,7.294000,7.418000,7.183000
160,46,2,7.352400,7.314000,7.394000,7.331000,7.403000,7.320000
160,47,2,7.357600,7.398000,7.302000,7.427000,7.334000,7.327000
160,48,2,7.162000,7.293000,7.039000,7.097000,7.264000,7.117000
160,49,2,7.311600,7.382000,7.227000,7.301000,7.388000,7.260000
160,50,2,7.416200,7.428000,7.433000,7.389000,7.452000,7.379000
160,51,2,7.177400,7.272000,7.085000,7.253000,7.236000,7.041000
160,52,2,7.282800,7.298000,7.329000,7.258000,7.381000,7.148000
160,53,2,7.408600,7.405000,7.433000,7.391000,7.538000,7.276000
160,54,2,7.271000,7.247000,7.261000,7.361000,7.310000,7.176000
160,55,2,7.404200,7.437000,7.382000,7.394000,7.453000,7.355000
160,56,2,7.404600,7.415000,7.474000,7.401000,7.430000,7.303000
160,57,2,7.364000,7.500000,7.348000,7.288000,7.393000,7.291000
160,58,2,7.362000,7.300000,7.417000,7.329000,7.365000,7.399000
160,59,2,7.390800,7.488000,7.340000,7.350000,7.439000,7.337000
160,60,3,4.830600,4.910000,4.695000,4.932000,4.858000,4.758000
160,61,3,4.792200,4.954000,4.734000,4.701000,4.867000,4.705000
160,62,3,4.773400,4.913000,4.588000,4.772000,4.858000,4.736000
160,63,3,4.532600,4.533000,4.395000,4.441000,4.694000,4.600000
160,64,3,4.623600,4.661000,4.513000,4.538000,4.797000,4.609000
160,65,3,4.536200,4.586000,4.540000,4.439000,4.707000,4.409000
160,66,3,4.837200,4.889000,4.844000,4.780000,4.979000,4.694000
160,67,3,4.576400,4.630000,4.553000,4.559000,4.512000,4.628000
160,68,3,4.622800,4.692000,4.523000,4.525000,4.745000,4.629000
160,69,3,4.601200,4.631000,4.469000,4.618000,4.623000,4.665000
160,70,3,4.814600,4.923000,4.627000,4.744000,4.929000,4.850000
160,71,3,4.762400,4.828000,4.690000,4.670000,4.792000,4.832000
160,72,3,4.733600,4.875000,4.661000,4.624000,4.772000,4.736000
160,73,3,4.604400,4.686000,4.525000,4.534000,4.678000,4.599000
160,74,3,4.650400,4.629000,4.438000,4.648000,4.837000,4.700000
160,75,3,4.782800,4.899000,4.704000,4.713000,4.860000,4.738000
160,76,3,4.604200,4.589000,4.561000,4.573000,4.712000,4.586000
160,77,3,4.842600,4.951000,4.702000,4.765000,4.995000,4.800000
160,78,3,4.701600,4.797000,4.592000,4.643000,4.771000,4.705000
160,79,3,4.696600,4.734000,4.631000,4.675000,4.710000,4.733000
160,80,4,4.898200,4.886000,4.766000,4.949000,5.016000,4.874000
160,81,4,4.950200,4.905000,4.896000,5.027000,4.988000,4.935000
160,82,4,4.857200,4.911000,4.711000,4.962000,4.981000,4.721000
160,83,4,4.790000,4.809000,4.683000,4.890000,4.828000,4.740000
160,84,4,4.909600,4.929000,4.857000,4.947000,5.040000,4.775000
160,85,4,4.693000,4.713000,4.579000,4.812000,4.654000,4.707000
160,86,4,4.943800,4.983000,4.838000,5.042000,5.016000,4.840000
160,87,4,4.887000,5.002000,4.843000,4.726000,5.016000,4.848000
160,88,4,4.927600,4.912000,4.877000,4.937000,4.996000,4.916000
160,89,4,4.782000,4.813000,4.577000,4.863000,4.905000,4.752000
160,90,4,4.816800,4.875000,4.717000,4.847000,4.850000,4.795000
160,91,4,4.886400,4.851000,4.815000,4.923000,4.922000,4.921000
160,92,4,4.911200,4.969000,4.812000,4.876000,4.958000,4.941000
160,93,4,5.007600,4.890000,5.113000,5.003000,5.111000,4.921000
160,94,4,5.172400,5.238000,4.926000,5.202000,5.304000,5.192000
160,95,4,4.850200,5.012000,4.792000,4.816000,4.908000,4.723000
160,96,4,4.880200,4.914000,4.723000,4.873000,4.986000,4.905000
160,97,4,4.980200,4.970000,4.796000,5.122000,5.068000,4.945000
160,98,4,4.711800,4.717000,4.513000,4.797000,4.802000,4.730000
160,99,4,4.904400,4.956000,4.689000,4.935000,5.037000,4.905000
161,0,2,7.305400,7.364000,7.286000,7.305000,7.272000,7.300000
161,1,2,7.366200,7.383000,7.305000,7.384000,7.323000,7.436000
161,2,2,7.366000,7.455000,7.334000,7.292000,7.235000,7.514000
161,3,2,7.298200,7.334000,7.225000,7.326000,7.256000,7.350000
161,4,2,7.376000,7.364000,7.257000,7.373000,7.367000,7.519000
161,5,2,7.320800,7.330000,7.294000,7.253000,7.303000,7.424000
161,6,2,7.267200,7.403000,7.197000,7.244000,7.168000,7.324000
161,7,2,7.449400,7.360000,7.441000,7.465000,7.423000,7.558000
161,8,2,7.413000,7.502000,7.360000,7.369000,7.330000,7.504000
161,9,2,7.448000,7.433000,7.365000,7.446000,7.437000,7.559000
161,10,2,7.217400,7.290000,7.244000,7.131000,7.102000,7.320000
161,11,2,7.294400,7.366000,7.204000,7.287000,7.204000,7.411000
161,12,2,7.254600,7.321000,7.175000,7.237000,7.235000,7.305000
161,13,2,7.295200,7.388000,7.315000,7.232000,7.243000,7.298000
161,14,2,7.270600,7.255000,7.350000,7.121000,7.205000,7.422000
161,15,2,7.299400,7.326000,7.362000,7.197000,7.172000,7.440000
161,16,2,7.351400,7.372000,7.283000,7.248000,7.377000,7.477000
161,17,2,7.382600,7.490000,7.384000,7.310000,7.298000,7.431000
161,18,2,7.234800,7.345000,7.262000,7.191000,7.109000,7.267000
161,19,2,7.255200,7.238000,7.382000,7.187000,7.127000,7.342000
162,0,2,7.253200,7.152000,7.246000,7.346000,7.253000,7.269000
162,1,2,7.241600,7.109000,7.338000,7.340000,7.267000,7.154000
162,2,2,7.285600,7.231000,7.281000,7.295000,7.229000,7.392000
162,3,2,7.253000,7.233000,7.205000,7.358000,7.252000,7.217000
162,4,2,7.271600,7.234000,7.205000,7.426000,7.170000,7.323000
162,5,2,7.370400,7.288000,7.421000,7.430000,7.322000,7.391000
162,6,2,7.061600,6.976000,7.122000,7.151000,6.993000,7.066000
162,7,2,7.292600,7.180000,7.293000,7.336000,7.262000,7.392000
162,8,2,7.381000,7.323000,7.347000,7.501000,7.355000,7.379000
162,9,2,7.389200,7.249000,7.441000,7.435000,7.344000,7.477000
162,10,2,7.467600,7.376000,7.468000,7.550000,7.413000,7.531000
162,11,2,7.316600,7.282000,7.295000,7.341000,7.308000,7.357000
162,12,2,7.280800,7.251000,7.311000,7.374000,7.296000,7.172000
162,13,2,7.484400,7.428000,7.428000,7.580000,7.471000,7.515000
162,14,2,7.555000,7.435000,7.576000,7.634000,7.505000,7.625000
162,15,2,7.327600,7.260000,7.286000,7.517000,7.282000,7.293000
162,16,2,7.424400,7.349000,7.484000,7.440000,7.351000,7.498000
162,17,2,7.260600,7.190000,7.322000,7.307000,7.241000,7.243000
162,18,2,7.373000,7.266000,7.368000,7.483000,7.394000,7.354000
162,19,2,7.272000,7.165000,7.322000,7.307000,7.279000,7.287000
163,0,2,7.206400,7.091000,7.313000,7.223000,7.293000,7.112000
163,1,2,7.150800,7.076000,7.148000,7.152000,7.315000,7.063000
163,2,2,7.358000,7.252000,7.406000,7.460000,7.399000,7.273000
163,3,2,7.409400,7.326000,7.391000,7.415000,7.602000,7.313000
163,4,2,7.314200,7.090000,7.363000,7.424000,7.476000,7.218000
163,5,2,7.408600,7.249000,7.478000,7.427000,7.524000,7.365000
163,6,2,7.203200,6.989000,7.212000,7.093000,7.529000,7.193000
163,7,2,7.503600,7.402000,7.500000,7.530000,7.602000,7.484000
163,8,2,7.130200,7.007000,7.099000,7.205000,7.299000,7.041000
163,9,2,7.397600,7.370000,7.453000,7.435000,7.471000,7.259000
163,10,2,7.333800,7.271000,7.374000,7.306000,7.378000,7.340000
163,11,2,7.231400,7.176000,7.284000,7.229000,7.319000,7.149000
163,12,2,7.315800,7.258000,7.298000,7.350000,7.451000,7.222000
163,13,2,7.367800,7.298000,7.418000,7.377000,7.446000,7.300000
163,14,2,7.280200,7.185000,7.353000,7.267000,7.444000,7.152000
163,15,2,7.307200,7.199000,7.327000,7.324000,7.414000,7.272000
163,16,2,7.476400,7.381000,7.472000,7.441000,7.596000,7.492000
163,17,2,7.410800,7.352000,7.473000,7.301000,7.527000,7.401000
163,18,2,7.330000,7.299000,7.384000,7.394000,7.321000,7.252000
163,19,2,7.311200,7.202000,7.394000,7.294000,7.373000,7.293000
164,0,2,7.391800,7.420000,7.345000,7.333000,7.352000,7.509000
164,1,2,7.435400,7.412000,7.409000,7.337000,7.554000,7.465000
164,2,2,7.377000,7.367000,7.314000,7.318000,7.363000,7.523000
164,3,2,7.345200,7.348000,7.275000,7.273000,7.366000,7.464000
164,4,2,7.282600,7.393000,7.332000,7.245000,7.179000,7.264000
164,5,2,7.357600,7.366000,7.344000,7.277000,7.318000,7.483000
164,6,2,7.281800,7.285000,7.252000,7.187000,7.240000,7.445000
164,7,2,7.451200,7.458000,7.387000,7.384000,7.434000,7.593000
164,8,2,7.562200,7.575000,7.453000,7.463000,7.666000,7.654000
164,9,2,7.402000,7.427000,7.362000,7.289000,7.439000,7.493000
164,10,2,7.240000,7.291000,7.199000,7.057000,7.254000,7.399000
164,11,2,7.098400,7.141000,6.997000,6.990000,7.141000,7.223000
164,12,2,7.217400,7.205000,7.177000,7.192000,7.247000,7.266000
164,13,2,7.312000,7.328000,7.270000,7.256000,7.342000,7.364000
164,14,2,7.347800,7.420000,7.228000,7.337000,7.324000,7.430000
164,15,2,7.408800,7.406000,7.364000,7.345000,7.366000,7.563000
164,16,2,7.417400,7.486000,7.428000,7.226000,7.391000,7.556000
164,17,2,7.357600,7.294000,7.262000,7.333000,7.407000,7.492000
164,18,2,7.417600,7.518000,7.287000,7.264000,7.496000,7.523000
164,19,2,7.150600,7.149000,7.080000,7.179000,7.173000,7.172000
165,0,2,6.958200,6.778000,7.052000,6.892000,7.113000,6.956000
165,1,2,7.336000,7.293000,7.401000,7.249000,7.354000,7.383000
165,2,2,7.146400,7.117000,7.154000,7.187000,7.059000,7.215000
165,3,2,7.208400,7.143000,7.212000,7.140000,7.168000,7.379000
165,4,2,7.376600,7.294000,7.345000,7.443000,7.419000,7.382000
165,5,2,7.405200,7.454000,7.442000,7.464000,7.279000,7.387000
165,6,2,7.364200,7.304000,7.332000,7.357000,7.359000,7.469000
165,7,2,7.182400,7.160000,7.125000,7.122000,7.268000,7.237000
165,8,2,7.407400,7.332000,7.377000,7.402000,7.503000,7.423000
165,9,2,7.126400,7.102000,6.980000,7.040000,7.245000,7.265000
165,10,2,7.473000,7.365000,7.441000,7.517000,7.569000,7.473000
165,11,2,7.064400,7.061000,7.182000,7.082000,6.959000,7.038000
165,12,2,6.858400,6.879000,6.687000,6.774000,6.985000,6.967000
165,13,2,7.214600,7.167000,7.204000,7.133000,7.311000,7.258000
165,14,2,7.310000,7.186000,7.377000,7.251000,7.372000,7.364000
165,15,2,7.318200,7.262000,7.377000,7.252000,7.310000,7.390000
165,16,2,7.449400,7.423000,7.492000,7.480000,7.485000,7.367000
165,17,2,7.214200,7.206000,7.257000,7.216000,7.101000,7.291000
165,18,2,6.934600,6.765000,6.944000,6.966000,6.942000,7.056000
165,19,2,7.147000,6.932000,7.131000,7.107000,7.223000,7.342000
166,0,2,7.311800,7.366000,7.265000,7.292000,7.256000,7.380000
166,1,2,7.257800,7.340000,7.169000,7.251000,7.238000,7.291000
166,2,2,6.854800,6.988000,6.809000,6.791000,6.919000,6.767000
166,3,2,7.312000,7.345000,7.343000,7.306000,7.296000,7.270000
166,4,2,7.274200,7.376000,7.226000,7.197000,7.240000,7.332000
166,5,2,6.843000,6.985000,6.764000,6.812000,6.886000,6.768000
166,6,2,7.326200,7.441000,7.333000,7.313000,7.275000,7.269000
166,7,2,7.390200,7.577000,7.329000,7.374000,7.339000,7.332000
166,8,2,7.325800,7.446000,7.258000,7.356000,7.346000,7.223000
166,9,2,7.300200,7.439000,7.220000,7.316000,7.249000,7.277000
166,10,2,7.299000,7.405000,7.224000,7.296000,7.296000,7.274000
166,11,2,7.209800,7.295000,7.242000,7.016000,7.216000,7.280000
166,12,2,7.183600,7.194000,7.070000,7.183000,7.198000,7.273000
166,13,2,7.433400,7.564000,7.383000,7.484000,7.355000,7.381000
166,14,2,6.914600,7.086000,6.847000,6.883000,6.849000,6.908000
166,15,2,7.129800,7.252000,7.102000,7.081000,7.082000,7.132000
166,16,2,7.246400,7.280000,7.220000,7.270000,7.263000,7.199000
166,17,2,7.164600,7.290000,7.138000,7.209000,7.016000,7.170000
166,18,2,7.399400,7.446000,7.363000,7.386000,7.437000,7.365000
166,19,2,7.452000,7.464000,7.377000,7.557000,7.433000,7.429000
167,0,2,7.220200,7.177000,7.116000,7.489000,7.207000,7.112000
167,1,2,7.423400,7.485000,7.390000,7.454000,7.333000,7.455000
167,2,2,7.068800,6.900000,7.059000,7.233000,6.961000,7.191000
167,3,2,7.389200,7.430000,7.349000,7.476000,7.309000,7.382000
167,4,2,7.371800,7.386000,7.407000,7.420000,7.295000,7.351000
167,5,2,7.486200,7.490000,7.460000,7.490000,7.488000,7.503000
167,6,2,6.888200,6.890000,6.813000,7.037000,6.796000,6.905000
167,7,2,7.319600,7.311000,7.296000,7.278000,7.372000,7.341000
167,8,2,7.392400,7.427000,7.366000,7.430000,7.266000,7.473000
167,9,2,7.415800,7.488000,7.434000,7.343000,7.363000,7.451000
167,10,2,7.437600,7.485000,7.286000,7.519000,7.361000,7.537000
167,11,2,7.053400,6.976000,7.051000,7.162000,7.026000,7.052000
167,12,2,7.382000,7.405000,7.428000,7.430000,7.210000,7.437000
167,13,2,7.219800,7.172000,7.085000,7.293000,7.270000,7.279000
167,14,2,7.424600,7.352000,7.332000,7.513000,7.439000,7.487000
167,15,2,7.496400,7.487000,7.541000,7.495000,7.450000,7.509000
167,16,2,7.351600,7.458000,7.347000,7.362000,7.199000,7.392000
167,17,2,7.262400,7.076000,7.191000,7.441000,7.186000,7.418000
167,18,2,7.244200,7.184000,7.152000,7.429000,7.203000,7.253000
167,19,2,7.439000,7.368000,7.527000,7.461000,7.349000,7.490000
168,0,2,7.148800,7.226000,7.067000,7.246000,7.010000,7.195000
168,1,2,7.434200,7.529000,7.329000,7.484000,7.404000,7.425000
168,2,2,7.367800,7.385000,7.260000,7.453000,7.376000,7.365000
168,3,2,6.974200,7.097000,6.830000,7.037000,6.864000,7.043000
168,4,2,7.434000,7.498000,7.431000,7.428000,7.273000,7.540000
168,5,2,7.380200,7.449000,7.340000,7.295000,7.352000,7.465000
168,6,2,7.331600,7.410000,7.275000,7.388000,7.209000,7.376000
168,7,2,7.240800,7.325000,7.088000,7.377000,7.224000,7.190000
168,8,2,7.214200,7.331000,7.105000,7.241000,7.071000,7.323000
168,9,2,7.411000,7.454000,7.417000,7.451000,7.283000,7.450000
168,10,2,7.292600,7.427000,7.254000,7.400000,7.047000,7.335000
168,11,2,7.362200,7.425000,7.269000,7.359000,7.296000,7.462000
168,12,2,7.434600,7.490000,7.391000,7.485000,7.319000,7.488000
168,13,2,7.373200,7.478000,7.311000,7.411000,7.249000,7.417000
168,14,2,7.370800,7.401000,7.423000,7.420000,7.226000,7.384000
168,15,2,7.464400,7.594000,7.419000,7.442000,7.388000,7.479000
168,16,2,7.175000,7.282000,6.945000,7.378000,7.060000,7.210000
168,17,2,7.307600,7.451000,7.205000,7.375000,7.192000,7.315000
168,18,2,7.371000,7.426000,7.343000,7.423000,7.239000,7.424000
168,19,2,7.417200,7.473000,7.339000,7.462000,7.409000,7.403000
169,0,2,7.263000,7.171000,7.371000,7.169000,7.331000,7.273000
169,1,2,7.102000,7.121000,7.153000,7.040000,7.217000,6.979000
169,2,2,7.185200,7.170000,7.121000,7.114000,7.193000,7.328000
169,3,2,7.369000,7.267000,7.380000,7.360000,7.371000,7.467000
169,4,2,7.415800,7.413000,7.442000,7.457000,7.326000,7.441000
169,5,2,7.186400,7.085000,7.262000,7.140000,7.172000,7.273000
169,6,2,7.235000,7.129000,7.263000,7.393000,7.217000,7.173000
169,7,2,7.339400,7.315000,7.343000,7.307000,7.453000,7.279000
169,8,2,7.135600,7.062000,7.134000,7.074000,7.214000,7.194000
169,9,2,7.159400,7.105000,7.103000,7.161000,7.194000,7.234000
169,10,2,7.165000,6.989000,7.119000,7.157000,7.304000,7.256000
169,11,2,7.403600,7.327000,7.397000,7.413000,7.431000,7.450000
169,12,2,7.387200,7.365000,7.375000,7.365000,7.498000,7.333000
169,13,2,7.512800,7.448000,7.539000,7.582000,7.528000,7.467000
169,14,2,7.403600,7.442000,7.369000,7.415000,7.356000,7.436000
169,15,2,7.341000,7.278000,7.418000,7.264000,7.348000,7.397000
169,16,2,7.342200,7.297000,7.346000,7.349000,7.327000,7.392000
169,17,2,7.385600,7.362000,7.336000,7.340000,7.450000,7.440000
169,18,2,7.422000,7.255000,7.410000,7.363000,7.557000,7.525000
169,19,2,7.353800,7.235000,7.415000,7.358000,7.380000,7.381000
170,0,0,4.431400,4.442000,4.411000,4.431000,4.433000,4.440000
170,1,0,4.655400,4.701000,4.756000,4.678000,4.686000,4.456000
170,2,0,4.602000,4.724000,4.617000,4.604000,4.458000,4.607000
170,3,0,4.595600,4.670000,4.548000,4.530000,4.664000,4.566000
170,4,0,4.673600,4.805000,4.666000,4.704000,4.571000,4.622000
170,5,0,4.677400,4.797000,4.634000,4.691000,4.766000,4.499000
170,6,0,4.757400,4.844000,4.793000,4.687000,4.760000,4.703000
170,7,0,4.607800,4.660000,4.737000,4.546000,4.521000,4.575000
170,8,0,4.678400,4.813000,4.643000,4.772000,4.617000,4.547000
170,9,0,4.722200,4.775000,4.756000,4.807000,4.697000,4.576000
170,10,0,4.739400,4.872000,4.851000,4.706000,4.643000,4.625000
170,11,0,4.792400,4.973000,4.830000,4.731000,4.742000,4.686000
170,12,0,4.834200,4.889000,4.954000,4.829000,4.786000,4.713000
170,13,0,4.925000,5.053000,4.991000,4.966000,4.888000,4.727000
170,14,0,4.868400,4.837000,4.882000,4.945000,4.880000,4.798000
170,15,0,4.839800,4.996000,4.853000,4.781000,4.873000,4.696000
170,16,0,4.734200,4.863000,4.707000,4.707000,4.748000,4.646000
170,17,0,4.721400,4.859000,4.706000,4.677000,4.696000,4.669000
170,18,0,4.477800,4.568000,4.561000,4.496000,4.456000,4.308000
170,19,0,4.754000,4.806000,4.760000,4.685000,4.879000,4.640000
170,20,1,4.452800,4.607000,4.366000,4.397000,4.468000,4.426000
170,21,1,4.671600,4.622000,4.714000,4.646000,4.694000,4.682000
170,22,1,4.381200,4.326000,4.217000,4.489000,4.448000,4.426000
170,23,1,4.741600,4.765000,4.643000,4.704000,4.896000,4.700000
170,24,1,4.466200,4.507000,4.357000,4.442000,4.563000,4.462000
170,25,1,4.523200,4.540000,4.590000,4.388000,4.537000,4.561000
170,26,1,4.456600,4.585000,4.370000,4.439000,4.452000,4.437000
170,27,1,4.317000,4.373000,4.232000,4.289000,4.381000,4.310000
170,28,1,4.693400,4.821000,4.526000,4.781000,4.772000,4.567000
170,29,1,4.488600,4.561000,4.487000,4.387000,4.517000,4.491000
170,30,1,4.628600,4.760000,4.647000,4.519000,4.625000,4.592000
170,31,1,4.475600,4.504000,4.416000,4.320000,4.603000,4.535000
170,32,1,4.475200,4.490000,4.415000,4.504000,4.514000,4.453000
170,33,1,4.427800,4.332000,4.473000,4.384000,4.408000,4.542000
170,34,1,4.516400,4.575000,4.390000,4.407000,4.690000,4.520000
170,35,1,4.512800,4.612000,4.450000,4.478000,4.493000,4.531000
170,36,1,4.767800,4.787000,4.744000,4.767000,4.818000,4.723000
170,37,1,4.488600,4.547000,4.402000,4.497000,4.521000,4.476000
170,38,1,4.684200,4.749000,4.633000,4.690000,4.609000,4.740000
170,39,1,4.665000,4.652000,4.693000,4.656000,4.638000,4.686000
170,40,2,7.382400,7.450000,7.369000,7.423000,7.330000,7.340000
170,41,2,7.192800,7.126000,7.261000,7.041000,7.468000,7.068000
170,42,2,7.146600,7.188000,7.111000,7.069000,7.127000,7.238000
170,43,2,7.279600,7.340000,7.173000,7.305000,7.354000,7.226000
170,44,2,7.313600,7.266000,7.377000,7.350000,7.293000,7.282000
170,45,2,7.152800,7.269000,6.993000,7.173000,7.249000,7.080000
170,46,2,7.400200,7.423000,7.442000,7.328000,7.419000,7.389000
170,47,2,7.308000,7.421000,7.173000,7.292000,7.391000,7.263000
170,48,2,7.103200,7.239000,7.001000,7.112000,6.990000,7.174000
170,49,2,7.192600,7.228000,7.091000,7.213000,7.206000,7.225000
170,50,2,7.236800,7.323000,7.251000,7.281000,7.211000,7.118000
170,51,2,7.335000,7.406000,7.319000,7.280000,7.389000,7.281000
170,52,2,7.368200,7.462000,7.312000,7.336000,7.421000,7.310000
170,53,2,7.186600,7.304000,7.167000,7.301000,7.004000,7.157000
170,54,2,7.316800,7.403000,7.305000,7.322000,7.307000,7.247000
170,55,2,7.328000,7.373000,7.350000,7.380000,7.218000,7.319000
170,56,2,7.427200,7.493000,7.329000,7.498000,7.428000,7.388000
170,57,2,7.090400,7.243000,7.007000,7.017000,7.022000,7.163000
170,58,2,7.381200,7.426000,7.266000,7.482000,7.416000,7.316000
170,59,2,7.353800,7.329000,7.426000,7.321000,7.414000,7.279000
170,60,3,4.627000,4.607000,4.654000,4.647000,4.714000,4.513000
170,61,3,4.514600,4.553000,4.455000,4.501000,4.515000,4.549000
170,62,3,4.696200,4.756000,4.636000,4.633000,4.721000,4.735000
170,63,3,4.567800,4.606000,4.574000,4.562000,4.599000,4.498000
170,64,3,4.576200,4.516000,4.649000,4.562000,4.606000,4.548000
170,65,3,4.534600,4.644000,4.488000,4.404000,4.655000,4.482000
170,66,3,4.756200,4.654000,4.788000,4.776000,4.870000,4.693000
170,67,3,4.592000,4.560000,4.591000,4.588000,4.598000,4.623000
170,68,3,4.738800,4.855000,4.672000,4.693000,4.661000,4.813000
170,69,3,4.714000,4.877000,4.684000,4.666000,4.650000,4.693000
170,70,3,4.590000,4.730000,4.587000,4.628000,4.555000,4.450000
170,71,3,4.584400,4.751000,4.600000,4.565000,4.513000,4.493000
170,72,3,4.583400,4.643000,4.566000,4.588000,4.464000,4.656000
170,73,3,4.733000,4.755000,4.780000,4.702000,4.753000,4.675000
170,74,3,4.666200,4.801000,4.722000,4.670000,4.529000,4.609000
170,75,3,4.683200,4.713000,4.681000,4.712000,4.763000,4.547000
170,76,3,4.694600,4.764000,4.724000,4.740000,4.591000,4.654000
170,77,3,4.522800,4.540000,4.567000,4.550000,4.479000,4.478000
170,78,3,4.653600,4.751000,4.580000,4.636000,4.687000,4.614000
170,79,3,4.748600,4.809000,4.742000,4.722000,4.721000,4.749000
170,80,4,4.518800,4.569000,4.680000,4.500000,4.428000,4.417000
170,81,4,4.845800,4.877000,4.883000,4.775000,4.845000,4.849000
170,82,4,4.786400,4.899000,4.815000,4.810000,4.717000,4.691000
170,83,4,4.703400,4.764000,4.607000,4.721000,4.814000,4.611000
170,84,4,4.709000,4.634000,4.729000,4.762000,4.605000,4.815000
170,85,4,4.696800,4.748000,4.741000,4.646000,4.722000,4.627000
170,86,4,4.843600,4.841000,4.758000,4.887000,4.795000,4.937000
170,87,4,4.546000,4.474000,4.654000,4.576000,4.457000,4.569000
170,88,4,4.797200,4.812000,4.769000,4.726000,4.746000,4.933000
170,89,4,4.592200,4.664000,4.552000,4.539000,4.576000,4.630000
170,90,4,4.633400,4.653000,4.712000,4.536000,4.529000,4.737000
170,91,4,4.808200,4.875000,4.840000,4.874000,4.723000,4.729000
170,92,4,4.624400,4.572000,4.624000,4.624000,4.600000,4.702000
170,93,4,4.584200,4.605000,4.701000,4.500000,4.598000,4.517000
170,94,4,4.714600,4.746000,4.763000,4.686000,4.671000,4.707000
170,95,4,4.745200,4.825000,4.780000,4.661000,4.769000,4.691000
170,96,4,4.585200,4.717000,4.551000,4.518000,4.478000,4.662000
170,97,4,4.585400,4.698000,4.590000,4.528000,4.570000,4.541000
170,98,4,4.778800,4.880000,4.889000,4.684000,4.726000,4.715000
170,99,4,4.952200,4.959000,5.041000,4.939000,4.868000,4.954000
171,0,2,7.481600,7.560000,7.489000,7.440000,7.431000,7.488000
171,1,2,7.096800,7.085000,6.912000,7.178000,7.174000,7.135000
171,2,2,7.454200,7.517000,7.465000,7.389000,7.409000,7.491000
171,3,2,7.272800,7.242000,7.268000,7.454000,7.243000,7.157000
171,4,2,7.384000,7.415000,7.373000,7.466000,7.319000,7.347000
171,5,2,7.392200,7.315000,7.385000,7.427000,7.434000,7.400000
171,6,2,7.435200,7.519000,7.461000,7.427000,7.379000,7.390000
171,7,2,7.283000,7.249000,7.242000,7.271000,7.342000,7.311000
171,8,2,7.180800,7.256000,7.143000,7.178000,7.218000,7.109000
171,9,2,7.194000,7.166000,7.217000,7.292000,7.144000,7.151000
171,10,2,6.935400,6.864000,6.887000,7.048000,7.045000,6.833000
171,11,2,7.473400,7.426000,7.407000,7.557000,7.496000,7.481000
171,12,2,7.296000,7.278000,7.351000,7.338000,7.369000,7.144000
171,13,2,7.162400,7.146000,7.113000,7.149000,7.264000,7.140000
171,14,2,7.495800,7.546000,7.513000,7.525000,7.374000,7.521000
171,15,2,7.346200,7.353000,7.290000,7.383000,7.391000,7.314000
171,16,2,7.369400,7.384000,7.374000,7.401000,7.384000,7.304000
171,17,2,7.130000,7.148000,7.172000,7.221000,7.045000,7.064000
171,18,2,7.296800,7.388000,7.230000,7.287000,7.364000,7.215000
171,19,2,6.844600,6.801000,6.780000,7.040000,6.928000,6.674000
172,0,2,7.475000,7.523000,7.469000,7.450000,7.419000,7.514000
172,1,2,7.329400,7.437000,7.174000,7.386000,7.204000,7.446000
172,2,2,7.155800,7.069000,7.270000,7.088000,7.149000,7.203000
172,3,2,7.519800,7.603000,7.346000,7.496000,7.540000,7.614000
172,4,2,7.505400,7.659000,7.354000,7.363000,7.520000,7.631000
172,5,2,7.388000,7.476000,7.367000,7.339000,7.338000,7.420000
172,6,2,7.269400,7.416000,7.182000,7.141000,7.235000,7.373000
172,7,2,7.575800,7.733000,7.440000,7.468000,7.598000,7.640000
172,8,2,7.302800,7.437000,7.297000,7.157000,7.269000,7.354000
172,9,2,7.442200,7.625000,7.295000,7.356000,7.418000,7.517000
172,10,2,7.434600,7.526000,7.452000,7.353000,7.356000,7.486000
172,11,2,7.410000,7.479000,7.311000,7.407000,7.370000,7.483000
172,12,2,7.345600,7.409000,7.333000,7.366000,7.265000,7.355000
172,13,2,7.425600,7.604000,7.353000,7.241000,7.318000,7.612000
172,14,2,7.266000,7.382000,7.238000,7.115000,7.185000,7.410000
172,15,2,7.377400,7.475000,7.318000,7.306000,7.332000,7.456000
172,16,2,7.429800,7.499000,7.446000,7.330000,7.354000,7.520000
172,17,2,7.219000,7.217000,7.257000,7.179000,7.160000,7.282000
172,18,2,7.441800,7.467000,7.439000,7.406000,7.441000,7.456000
172,19,2,7.385800,7.436000,7.376000,7.350000,7.352000,7.415000
173,0,2,7.018400,6.962000,7.036000,7.136000,6.999000,6.959000
173,1,2,7.480000,7.439000,7.611000,7.438000,7.445000,7.467000
173,2,2,7.441600,7.368000,7.537000,7.537000,7.415000,7.351000
173,3,2,7.213600,7.314000,7.307000,7.279000,7.142000,7.026000
173,4,2,7.394200,7.417000,7.417000,7.365000,7.487000,7.285000
173,5,2,7.277200,7.317000,7.260000,7.222000,7.365000,7.222000
173,6,2,7.313400,7.265000,7.432000,7.334000,7.321000,7.215000
173,7,2,7.189800,7.146000,7.220000,7.195000,7.189000,7.199000
173,8,2,7.394200,7.419000,7.448000,7.390000,7.445000,7.269000
173,9,2,7.411200,7.368000,7.508000,7.408000,7.394000,7.378000
173,10,2,7.208800,7.179000,7.247000,7.332000,7.209000,7.077000
173,11,2,7.298000,7.327000,7.355000,7.321000,7.328000,7.159000
173,12,2,7.111200,7.107000,7.165000,7.224000,7.036000,7.024000
173,13,2,7.517600,7.568000,7.637000,7.411000,7.549000,7.423000
173,14,2,7.327000,7.244000,7.350000,7.353000,7.344000,7.344000
173,15,2,7.260000,7.337000,7.341000,7.135000,7.328000,7.159000
173,16,2,7.361800,7.264000,7.492000,7.422000,7.349000,7.282000
173,17,2,7.367600,7.277000,7.504000,7.453000,7.389000,7.215000
173,18,2,7.352400,7.335000,7.479000,7.243000,7.372000,7.333000
173,19,2,7.190200,7.180000,7.389000,7.207000,7.180000,6.995000
174,0,2,7.384000,7.485000,7.483000,7.302000,7.246000,7.404000
174,1,2,7.048800,7.185000,7.052000,7.004000,7.062000,6.941000
174,2,2,7.430600,7.496000,7.418000,7.507000,7.406000,7.326000
174,3,2,7.137600,7.304000,7.181000,7.073000,7.099000,7.031000
174,4,2,7.358000,7.509000,7.384000,7.311000,7.335000,7.251000
174,5,2,7.374400,7.499000,7.385000,7.358000,7.355000,7.275000
174,6,2,7.468200,7.549000,7.412000,7.565000,7.389000,7.426000
174,7,2,7.289600,7.400000,7.323000,7.271000,7.309000,7.145000
174,8,2,7.284600,7.347000,7.302000,7.240000,7.239000,7.295000
174,9,2,7.359800,7.403000,7.361000,7.385000,7.354000,7.296000
174,10,2,7.237400,7.293000,7.293000,7.097000,7.328000,7.176000
174,11,2,7.261600,7.426000,7.226000,7.236000,7.302000,7.118000
174,12,2,7.452800,7.441000,7.411000,7.468000,7.413000,7.531000
174,13,2,7.366600,7.449000,7.339000,7.369000,7.370000,7.306000
174,14,2,7.316400,7.345000,7.346000,7.258000,7.421000,7.212000
174,15,2,7.381200,7.576000,7.422000,7.355000,7.292000,7.261000
174,16,2,7.290800,7.448000,7.315000,7.210000,7.416000,7.065000
174,17,2,6.917200,6.933000,7.008000,6.793000,6.854000,6.998000
174,18,2,7.160600,7.308000,7.276000,7.047000,7.090000,7.082000
174,19,2,7.317800,7.395000,7.414000,7.261000,7.376000,7.143000
175,0,2,7.343200,7.428000,7.391000,7.472000,7.172000,7.253000
175,1,2,7.433000,7.520000,7.400000,7.526000,7.359000,7.360000
175,2,2,7.245600,7.227000,7.323000,7.425000,7.138000,7.115000
175,3,2,7.090800,7.031000,7.175000,7.244000,6.906000,7.098000
175,4,2,7.429400,7.387000,7.483000,7.494000,7.376000,7.407000
175,5,2,7.347400,7.365000,7.395000,7.459000,7.138000,7.380000
175,6,2,7.481600,7.454000,7.571000,7.600000,7.298000,7.485000
175,7,2,7.476000,7.485000,7.420000,7.653000,7.326000,7.496000
175,8,2,7.247800,7.334000,7.209000,7.471000,7.016000,7.209000
175,9,2,7.443800,7.562000,7.401000,7.559000,7.306000,7.391000
175,10,2,7.444600,7.526000,7.423000,7.603000,7.374000,7.297000
175,11,2,7.500200,7.528000,7.503000,7.590000,7.322000,7.558000
175,12,2,7.398400,7.447000,7.428000,7.584000,7.182000,7.351000
175,13,2,7.305800,7.341000,7.423000,7.509000,7.179000,7.077000
175,14,2,7.488600,7.525000,7.586000,7.586000,7.303000,7.443000
175,15,2,7.464800,7.543000,7.523000,7.586000,7.351000,7.321000
175,16,2,7.459200,7.520000,7.488000,7.620000,7.326000,7.342000
175,17,2,7.488000,7.494000,7.522000,7.577000,7.360000,7.487000
175,18,2,7.370200,7.473000,7.343000,7.447000,7.200000,7.388000
175,19,2,7.464400,7.501000,7.519000,7.565000,7.329000,7.408000
176,0,2,7.410800,7.394000,7.465000,7.354000,7.421000,7.420000
176,1,2,7.333000,7.430000,7.267000,7.265000,7.354000,7.349000
176,2,2,7.339600,7.309000,7.384000,7.319000,7.431000,7.255000
176,3,2,7.388800,7.306000,7.504000,7.365000,7.312000,7.457000
176,4,2,7.436400,7.359000,7.487000,7.386000,7.459000,7.491000
176,5,2,7.299800,7.319000,7.240000,7.237000,7.326000,7.377000
176,6,2,7.436800,7.429000,7.494000,7.428000,7.401000,7.432000
176,7,2,7.334200,7.350000,7.407000,7.217000,7.346000,7.351000
176,8,2,7.210400,7.284000,7.122000,7.187000,7.236000,7.223000
176,9,2,6.818000,6.874000,6.925000,6.748000,6.771000,6.772000
176,10,2,7.319000,7.222000,7.384000,7.261000,7.366000,7.362000
176,11,2,7.320400,7.228000,7.390000,7.281000,7.302000,7.401000
176,12,2,7.206200,7.198000,7.228000,7.165000,7.207000,7.233000
176,13,2,7.054200,7.049000,7.038000,6.914000,7.157000,7.113000
176,14,2,7.331000,7.298000,7.298000,7.279000,7.312000,7.468000
176,15,2,7.314600,7.286000,7.321000,7.304000,7.284000,7.378000
176,16,2,7.290400,7.260000,7.358000,7.227000,7.315000,7.292000
176,17,2,7.258000,7.214000,7.359000,7.143000,7.258000,7.316000
176,18,2,7.366600,7.409000,7.409000,7.336000,7.282000,7.397000
176,19,2,7.514600,7.489000,7.560000,7.428000,7.506000,7.590000
177,0,2,7.361600,7.230000,7.498000,7.489000,7.247000,7.344000
177,1,2,6.944200,6.835000,6.984000,7.048000,6.867000,6.987000
177,2,2,7.484800,7.422000,7.500000,7.559000,7.432000,7.511000
177,3,2,7.442400,7.354000,7.404000,7.531000,7.441000,7.482000
177,4,2,7.497400,7.359000,7.505000,7.619000,7.472000,7.532000
177,5,2,7.537600,7.447000,7.514000,7.623000,7.515000,7.589000
177,6,2,7.398800,7.218000,7.426000,7.520000,7.358000,7.472000
177,7,2,7.503000,7.383000,7.578000,7.590000,7.419000,7.545000
177,8,2,7.466600,7.315000,7.473000,7.531000,7.510000,7.504000
177,9,2,7.399600,7.223000,7.451000,7.466000,7.407000,7.451000
177,10,2,7.459400,7.315000,7.527000,7.538000,7.379000,7.538000
177,11,2,7.334400,7.189000,7.397000,7.373000,7.264000,7.449000
177,12,2,7.375000,7.245000,7.337000,7.477000,7.343000,7.473000
177,13,2,7.401600,7.251000,7.444000,7.543000,7.297000,7.473000
177,14,2,7.514400,7.426000,7.536000,7.619000,7.395000,7.596000
177,15,2,7.486200,7.330000,7.536000,7.614000,7.439000,7.512000
177,16,2,7.326800,7.254000,7.332000,7.385000,7.266000,7.397000
177,17,2,7.082400,6.956000,7.127000,7.146000,7.101000,7.082000
177,18,2,7.381800,7.309000,7.402000,7.501000,7.274000,7.423000
177,19,2,7.466400,7.359000,7.564000,7.523000,7.458000,7.428000
178,0,2,7.513200,7.465000,7.563000,7.558000,7.498000,7.482000
178,1,2,7.221000,7.265000,7.311000,7.164000,7.188000,7.177000
178,2,2,7.525000,7.378000,7.473000,7.538000,7.649000,7.587000
178,3,2,7.379800,7.356000,7.466000,7.395000,7.326000,7.356000
178,4,2,7.269000,7.325000,7.216000,7.254000,7.235000,7.315000
178,5,2,7.437800,7.400000,7.321000,7.499000,7.423000,7.546000
178,6,2,7.451800,7.424000,7.437000,7.398000,7.510000,7.490000
178,7,2,7.620000,7.665000,7.584000,7.641000,7.571000,7.639000
178,8,2,7.471600,7.459000,7.443000,7.548000,7.414000,7.494000
178,9,2,7.507600,7.530000,7.431000,7.585000,7.494000,7.498000
178,10,2,7.395200,7.375000,7.351000,7.581000,7.320000,7.349000
178,11,2,7.468200,7.472000,7.459000,7.554000,7.379000,7.477000
178,12,2,7.341000,7.304000,7.478000,7.299000,7.359000,7.265000
178,13,2,7.196200,7.227000,7.224000,7.170000,7.108000,7.252000
178,14,2,7.338400,7.354000,7.257000,7.447000,7.282000,7.352000
178,15,2,7.299200,7.394000,7.056000,7.350000,7.323000,7.373000
178,16,2,7.440800,7.427000,7.445000,7.410000,7.474000,7.448000
178,17,2,7.507400,7.592000,7.459000,7.547000,7.445000,7.494000
178,18,2,7.483200,7.493000,7.421000,7.454000,7.511000,7.537000
178,19,2,7.483600,7.478000,7.450000,7.559000,7.500000,7.431000
179,0,2,7.350200,7.322000,7.315000,7.364000,7.369000,7.381000
179,1,2,7.479800,7.448000,7.458000,7.511000,7.532000,7.450000
179,2,2,7.465800,7.389000,7.448000,7.450000,7.511000,7.531000
179,3,2,7.092800,7.109000,7.187000,7.052000,7.059000,7.057000
179,4,2,7.389200,7.374000,7.372000,7.303000,7.419000,7.478000
179,5,2,7.416600,7.466000,7.312000,7.418000,7.434000,7.453000
179,6,2,7.472600,7.456000,7.362000,7.512000,7.548000,7.485000
179,7,2,7.400600,7.302000,7.474000,7.379000,7.390000,7.458000
179,8,2,7.462200,7.375000,7.448000,7.377000,7.501000,7.610000
179,9,2,7.414600,7.381000,7.339000,7.369000,7.407000,7.577000
179,10,2,7.391000,7.395000,7.272000,7.386000,7.353000,7.549000
179,11,2,7.377800,7.346000,7.286000,7.468000,7.361000,7.428000
179,12,2,7.522600,7.528000,7.418000,7.509000,7.528000,7.630000
179,13,2,7.462000,7.423000,7.372000,7.502000,7.505000,7.508000
179,14,2,7.095200,7.053000,7.143000,7.026000,7.165000,7.089000
179,15,2,7.350000,7.292000,7.333000,7.353000,7.386000,7.386000
179,16,2,7.396800,7.217000,7.353000,7.410000,7.533000,7.471000
179,17,2,7.432400,7.325000,7.453000,7.388000,7.484000,7.512000
179,18,2,7.043200,6.894000,7.154000,6.923000,7.029000,7.216000
179,19,2,7.310600,7.292000,7.299000,7.272000,7.256000,7.434000
180,0,0,4.624400,4.610000,4.717000,4.648000,4.666000,4.481000
180,1,0,4.657400,4.769000,4.624000,4.588000,4.581000,4.725000
180,2,0,4.686400,4.674000,4.652000,4.666000,4.843000,4.597000
180,3,0,4.601600,4.631000,4.696000,4.580000,4.609000,4.492000
180,4,0,4.810200,4.653000,4.946000,4.725000,4.858000,4.869000
180,5,0,4.652200,4.717000,4.638000,4.584000,4.705000,4.617000
180,6,0,4.625400,4.474000,4.770000,4.548000,4.568000,4.767000
180,7,0,4.641600,4.778000,4.748000,4.508000,4.533000,4.641000
180,8,0,4.642600,4.680000,4.770000,4.587000,4.535000,4.641000
180,9,0,4.758600,4.643000,4.858000,4.719000,4.852000,4.721000
180,10,0,4.768400,4.769000,4.902000,4.779000,4.657000,4.735000
180,11,0,4.565800,4.626000,4.621000,4.406000,4.656000,4.520000
180,12,0,4.722000,4.708000,4.831000,4.624000,4.722000,4.725000
180,13,0,4.778800,4.826000,4.815000,4.754000,4.671000,4.828000
180,14,0,4.693200,4.740000,4.768000,4.676000,4.609000,4.673000
180,15,0,4.756400,4.683000,4.874000,4.688000,4.798000,4.739000
180,16,0,4.590400,4.636000,4.781000,4.539000,4.450000,4.546000
180,17,0,4.516000,4.493000,4.636000,4.529000,4.419000,4.503000
180,18,0,4.417000,4.473000,4.521000,4.273000,4.379000,4.439000
180,19,0,4.785800,4.723000,4.881000,4.827000,4.774000,4.724000
180,20,1,4.818600,4.729000,5.072000,4.787000,4.808000,4.697000
180,21,1,4.862600,4.834000,5.031000,4.823000,4.908000,4.717000
180,22,1,4.715600,4.738000,4.890000,4.614000,4.805000,4.531000
180,23,1,4.716600,4.669000,4.937000,4.718000,4.725000,4.534000
180,24,1,4.714600,4.724000,4.945000,4.651000,4.680000,4.573000
180,25,1,4.758200,4.787000,4.866000,4.804000,4.749000,4.585000
180,26,1,4.672800,4.763000,4.789000,4.589000,4.683000,4.540000
180,27,1,4.671000,4.739000,4.927000,4.525000,4.703000,4.461000
180,28,1,4.754600,4.733000,4.904000,4.681000,4.798000,4.657000
180,29,1,4.805600,4.861000,4.903000,4.677000,4.903000,4.684000
180,30,1,4.876400,4.853000,4.937000,4.850000,4.896000,4.846000
180,31,1,4.792400,4.782000,4.956000,4.653000,4.879000,4.692000
180,32,1,4.764800,4.715000,4.945000,4.669000,4.907000,4.588000
180,33,1,4.697200,4.767000,4.836000,4.429000,4.878000,4.576000
180,34,1,4.727200,4.740000,4.938000,4.617000,4.774000,4.567000
180,35,1,4.639600,4.666000,4.790000,4.586000,4.689000,4.467000
180,36,1,4.676000,4.634000,4.857000,4.715000,4.702000,4.472000
180,37,1,4.728200,4.798000,4.940000,4.600000,4.737000,4.566000
180,38,1,4.711400,4.786000,4.830000,4.663000,4.658000,4.620000
180,39,1,4.700000,4.668000,4.948000,4.589000,4.655000,4.640000
180,40,2,7.372400,7.362000,7.501000,7.325000,7.394000,7.280000
180,41,2,7.420800,7.430000,7.529000,7.307000,7.486000,7.352000
180,42,2,7.270400,7.328000,7.394000,7.265000,7.305000,7.060000
180,43,2,7.452200,7.414000,7.509000,7.444000,7.496000,7.398000
180,44,2,7.329400,7.400000,7.341000,7.331000,7.326000,7.249000
180,45,2,7.541200,7.543000,7.612000,7.538000,7.480000,7.533000
180,46,2,6.932400,6.935000,7.090000,6.869000,6.930000,6.838000
180,47,2,7.243600,7.375000,7.261000,7.133000,7.269000,7.180000
180,48,2,7.443200,7.445000,7.515000,7.386000,7.429000,7.441000
180,49,2,7.386600,7.385000,7.496000,7.298000,7.384000,7.370000
180,50,2,7.447000,7.341000,7.575000,7.373000,7.583000,7.363000
180,51,2,7.379000,7.437000,7.428000,7.345000,7.362000,7.323000
180,52,2,7.379000,7.432000,7.489000,7.323000,7.375000,7.276000
180,53,2,7.509400,7.463000,7.654000,7.469000,7.556000,7.405000
180,54,2,7.312600,7.281000,7.492000,7.260000,7.358000,7.172000
180,55,2,7.385800,7.454000,7.405000,7.353000,7.424000,7.293000
180,56,2,7.176400,7.246000,7.196000,7.213000,7.258000,6.969000
180,57,2,7.534200,7.543000,7.694000,7.461000,7.561000,7.412000
180,58,2,7.180400,7.191000,7.254000,7.254000,7.127000,7.076000
180,59,2,7.386400,7.338000,7.454000,7.344000,7.399000,7.397000
180,60,3,4.788200,4.851000,4.905000,4.746000,4.769000,4.670000
180,61,3,4.770600,4.801000,4.915000,4.707000,4.624000,4.806000
180,62,3,4.762000,4.816000,4.889000,4.724000,4.700000,4.681000
180,63,3,4.631800,4.616000,4.733000,4.601000,4.633000,4.576000
180,64,3,4.747600,4.745000,4.937000,4.590000,4.830000,4.636000
180,65,3,4.714800,4.711000,4.885000,4.550000,4.770000,4.658000
180,66,3,4.638000,4.571000,4.758000,4.592000,4.666000,4.603000
180,67,3,4.484200,4.459000,4.557000,4.361000,4.566000,4.478000
180,68,3,4.682000,4.663000,4.861000,4.597000,4.633000,4.656000
180,69,3,4.652800,4.594000,4.758000,4.720000,4.589000,4.603000
180,70,3,4.792000,4.820000,4.862000,4.759000,4.695000,4.824000
180,71,3,4.641200,4.648000,4.702000,4.527000,4.704000,4.625000
180,72,3,4.448200,4.441000,4.565000,4.345000,4.537000,4.353000
180,73,3,4.559200,4.551000,4.701000,4.456000,4.582000,4.506000
180,74,3,4.566600,4.618000,4.672000,4.402000,4.530000,4.611000
180,75,3,4.608400,4.614000,4.719000,4.535000,4.575000,4.599000
180,76,3,4.673600,4.765000,4.628000,4.646000,4.745000,4.584000
180,77,3,4.480000,4.590000,4.557000,4.374000,4.369000,4.510000
180,78,3,4.589200,4.659000,4.812000,4.539000,4.461000,4.475000
180,79,3,4.646200,4.666000,4.755000,4.614000,4.598000,4.598000
180,80,4,4.583800,4.621000,4.692000,4.468000,4.635000,4.503000
180,81,4,4.756600,4.683000,4.889000,4.641000,4.782000,4.788000
180,82,4,4.842400,4.749000,4.936000,4.867000,4.771000,4.889000
180,83,4,4.773400,4.756000,4.937000,4.679000,4.903000,4.592000
180,84,4,4.616600,4.697000,4.708000,4.473000,4.708000,4.497000
180,85,4,4.715800,4.824000,4.887000,4.606000,4.691000,4.571000
180,86,4,4.734200,4.693000,4.902000,4.671000,4.790000,4.615000
180,87,4,4.809200,4.887000,4.942000,4.603000,4.890000,4.724000
180,88,4,4.668400,4.622000,4.895000,4.552000,4.798000,4.475000
180,89,4,4.885800,4.856000,5.087000,4.718000,4.984000,4.784000
180,90,4,4.700200,4.774000,4.953000,4.490000,4.713000,4.571000
180,91,4,4.711000,4.757000,4.832000,4.654000,4.755000,4.557000
180,92,4,4.692600,4.712000,4.762000,4.644000,4.791000,4.554000
180,93,4,4.814200,4.772000,4.998000,4.698000,4.876000,4.727000
180,94,4,4.789000,4.790000,4.827000,4.791000,4.915000,4.622000
180,95,4,4.704800,4.708000,4.746000,4.638000,4.802000,4.630000
180,96,4,4.616000,4.608000,4.732000,4.550000,4.842000,4.348000
180,97,4,4.875600,5.002000,4.845000,4.821000,4.990000,4.720000
180,98,4,4.646200,4.760000,4.817000,4.548000,4.645000,4.461000
180,99,4,4.726800,4.773000,4.891000,4.574000,4.777000,4.619000
181,0,2,7.451800,7.347000,7.489000,7.625000,7.365000,7.433000
181,1,2,7.462200,7.422000,7.498000,7.559000,7.409000,7.423000
181,2,2,7.509800,7.550000,7.505000,7.588000,7.505000,7.401000
181,3,2,7.512400,7.534000,7.440000,7.554000,7.550000,7.484000
181,4,2,7.491000,7.463000,7.327000,7.643000,7.550000,7.472000
181,5,2,7.495600,7.485000,7.422000,7.560000,7.478000,7.533000
181,6,2,7.386400,7.403000,7.337000,7.459000,7.384000,7.349000
181,7,2,7.532000,7.481000,7.477000,7.629000,7.563000,7.510000
181,8,2,7.389200,7.365000,7.387000,7.489000,7.327000,7.378000
181,9,2,7.521200,7.435000,7.531000,7.615000,7.509000,7.516000
181,10,2,7.509400,7.447000,7.480000,7.672000,7.523000,7.425000
181,11,2,7.587400,7.615000,7.530000,7.619000,7.625000,7.548000
181,12,2,7.400200,7.337000,7.392000,7.518000,7.360000,7.394000
181,13,2,7.534000,7.553000,7.446000,7.673000,7.541000,7.457000
181,14,2,7.560600,7.449000,7.519000,7.748000,7.499000,7.588000
181,15,2,7.507400,7.438000,7.377000,7.672000,7.582000,7.468000
181,16,2,7.557800,7.452000,7.530000,7.701000,7.568000,7.538000
181,17,2,7.400800,7.369000,7.382000,7.465000,7.395000,7.393000
181,18,2,7.509000,7.463000,7.479000,7.615000,7.523000,7.465000
181,19,2,7.383400,7.347000,7.387000,7.582000,7.277000,7.324000
182,0,2,7.587800,7.469000,7.473000,7.698000,7.621000,7.678000
182,1,2,7.477200,7.384000,7.401000,7.573000,7.488000,7.540000
182,2,2,7.482400,7.399000,7.350000,7.716000,7.423000,7.524000
182,3,2,7.503600,7.310000,7.451000,7.634000,7.553000,7.570000
182,4,2,7.627800,7.510000,7.566000,7.715000,7.592000,7.756000
182,5,2,7.637000,7.564000,7.504000,7.779000,7.620000,7.718000
182,6,2,7.416800,7.244000,7.303000,7.613000,7.426000,7.498000
182,7,2,7.467000,7.406000,7.387000,7.597000,7.377000,7.568000
182,8,2,7.585000,7.467000,7.425000,7.802000,7.542000,7.689000
182,9,2,7.363600,7.211000,7.155000,7.610000,7.282000,7.560000
182,10,2,7.584000,7.565000,7.505000,7.644000,7.551000,7.655000
182,11,2,7.525400,7.443000,7.417000,7.649000,7.567000,7.551000
182,12,2,7.578800,7.453000,7.375000,7.783000,7.620000,7.663000
182,13,2,7.523000,7.438000,7.430000,7.717000,7.495000,7.535000
182,14,2,7.223800,7.042000,7.133000,7.393000,7.140000,7.411000
182,15,2,7.508600,7.421000,7.432000,7.569000,7.508000,7.613000
182,16,2,7.385600,7.237000,7.255000,7.599000,7.379000,7.458000
182,17,2,7.485400,7.404000,7.351000,7.646000,7.415000,7.611000
182,18,2,7.605800,7.451000,7.486000,7.730000,7.692000,7.670000
182,19,2,7.463200,7.340000,7.371000,7.573000,7.397000,7.635000
183,0,2,7.601800,7.556000,7.696000,7.681000,7.586000,7.490000
183,1,2,7.542400,7.572000,7.457000,7.544000,7.660000,7.479000
183,2,2,7.543000,7.601000,7.458000,7.600000,7.663000,7.393000
183,3,2,7.468600,7.488000,7.376000,7.465000,7.547000,7.467000
183,4,2,7.500200,7.436000,7.501000,7.450000,7.578000,7.536000
183,5,2,7.565800,7.579000,7.557000,7.510000,7.656000,7.527000
183,6,2,7.494800,7.573000,7.388000,7.534000,7.552000,7.427000
183,7,2,7.464400,7.508000,7.343000,7.481000,7.559000,7.431000
183,8,2,7.531800,7.569000,7.443000,7.491000,7.639000,7.517000
183,9,2,7.550400,7.515000,7.508000,7.599000,7.606000,7.524000
183,10,2,7.451600,7.440000,7.358000,7.558000,7.524000,7.378000
183,11,2,7.594800,7.586000,7.618000,7.518000,7.699000,7.553000
183,12,2,7.575000,7.510000,7.535000,7.580000,7.706000,7.544000
183,13,2,7.628000,7.659000,7.650000,7.616000,7.660000,7.555000
183,14,2,7.540400,7.592000,7.551000,7.440000,7.576000,7.543000
183,15,2,7.534400,7.535000,7.526000,7.586000,7.643000,7.382000
183,16,2,7.551600,7.588000,7.536000,7.605000,7.565000,7.464000
183,17,2,7.509200,7.512000,7.475000,7.543000,7.652000,7.364000
183,18,2,7.519600,7.508000,7.466000,7.510000,7.596000,7.518000
183,19,2,7.302800,7.301000,7.228000,7.225000,7.419000,7.341000
184,0,2,7.311400,7.287000,7.348000,7.330000,7.231000,7.361000
184,1,2,7.541000,7.432000,7.474000,7.649000,7.509000,7.641000
184,2,2,7.540400,7.595000,7.524000,7.539000,7.440000,7.604000
184,3,2,7.524800,7.471000,7.504000,7.614000,7.465000,7.570000
184,4,2,7.474000,7.359000,7.444000,7.491000,7.514000,7.562000
184,5,2,7.368400,7.330000,7.336000,7.453000,7.347000,7.376000
184,6,2,7.410200,7.370000,7.443000,7.494000,7.330000,7.414000
184,7,2,7.469400,7.377000,7.417000,7.578000,7.414000,7.561000
184,8,2,7.435400,7.445000,7.503000,7.519000,7.279000,7.431000
184,9,2,7.477800,7.438000,7.520000,7.460000,7.526000,7.445000
184,10,2,7.493200,7.474000,7.532000,7.579000,7.351000,7.530000
184,11,2,7.489800,7.546000,7.446000,7.429000,7.465000,7.563000
184,12,2,7.439000,7.425000,7.449000,7.442000,7.356000,7.523000
184,13,2,7.601800,7.497000,7.616000,7.656000,7.594000,7.646000
184,14,2,7.487000,7.489000,7.525000,7.522000,7.378000,7.521000
184,15,2,7.427200,7.352000,7.444000,7.440000,7.419000,7.481000
184,16,2,7.436600,7.446000,7.400000,7.454000,7.368000,7.515000
184,17,2,7.476600,7.507000,7.533000,7.438000,7.393000,7.512000
184,18,2,7.488600,7.459000,7.471000,7.507000,7.460000,7.546000
184,19,2,7.381600,7.389000,7.393000,7.486000,7.204000,7.436000
185,0,2,7.567200,7.484000,7.574000,7.632000,7.661000,7.485000
185,1,2,7.421400,7.261000,7.410000,7.528000,7.600000,7.308000
185,2,2,7.581400,7.549000,7.549000,7.593000,7.670000,7.546000
185,3,2,7.556600,7.497000,7.622000,7.613000,7.652000,7.399000
185,4,2,7.598000,7.508000,7.643000,7.601000,7.756000,7.482000
185,5,2,7.453000,7.314000,7.423000,7.468000,7.671000,7.389000
185,6,2,7.482000,7.363000,7.464000,7.569000,7.597000,7.417000
185,7,2,7.492000,7.384000,7.433000,7.573000,7.652000,7.418000
185,8,2,7.569800,7.484000,7.597000,7.599000,7.677000,7.492000
185,9,2,7.399000,7.255000,7.353000,7.476000,7.600000,7.311000
185,10,2,7.088600,6.944000,7.063000,7.233000,7.217000,6.986000
185,11,2,7.514000,7.355000,7.553000,7.558000,7.640000,7.464000
185,12,2,7.613400,7.473000,7.681000,7.652000,7.684000,7.577000
185,13,2,7.633400,7.640000,7.626000,7.643000,7.695000,7.563000
185,14,2,7.156200,7.072000,7.090000,7.361000,7.272000,6.986000
185,15,2,7.510200,7.361000,7.554000,7.516000,7.639000,7.481000
185,16,2,7.642200,7.525000,7.587000,7.790000,7.737000,7.572000
185,17,2,7.521400,7.386000,7.574000,7.634000,7.622000,7.391000
185,18,2,7.603800,7.517000,7.599000,7.658000,7.710000,7.535000
185,19,2,7.549400,7.439000,7.556000,7.644000,7.641000,7.467000
186,0,2,7.682600,7.748000,7.665000,7.635000,7.742000,7.623000
186,1,2,7.525600,7.571000,7.404000,7.531000,7.544000,7.578000
186,2,2,7.552000,7.493000,7.612000,7.573000,7.569000,7.513000
186,3,2,7.497200,7.512000,7.410000,7.556000,7.535000,7.473000
186,4,2,7.453400,7.465000,7.310000,7.373000,7.599000,7.520000
186,5,2,7.475000,7.460000,7.317000,7.486000,7.694000,7.418000
186,6,2,7.477600,7.504000,7.449000,7.455000,7.552000,7.428000
186,7,2,7.535200,7.458000,7.613000,7.532000,7.561000,7.512000
186,8,2,7.591400,7.569000,7.569000,7.601000,7.708000,7.510000
186,9,2,7.362000,7.342000,7.307000,7.415000,7.443000,7.303000
186,10,2,7.518600,7.457000,7.611000,7.576000,7.484000,7.465000
186,11,2,7.453600,7.453000,7.361000,7.455000,7.556000,7.443000
186,12,2,7.498800,7.505000,7.406000,7.425000,7.610000,7.548000
186,13,2,7.615000,7.625000,7.648000,7.588000,7.634000,7.580000
186,14,2,7.537200,7.578000,7.360000,7.580000,7.668000,7.500000
186,15,2,7.546000,7.585000,7.511000,7.557000,7.567000,7.510000
186,16,2,7.589000,7.545000,7.552000,7.650000,7.583000,7.615000
186,17,2,7.560000,7.533000,7.576000,7.564000,7.654000,7.473000
186,18,2,7.559400,7.616000,7.476000,7.540000,7.696000,7.469000
186,19,2,7.551400,7.499000,7.593000,7.569000,7.504000,7.592000
187,0,2,7.129200,7.095000,7.115000,7.123000,7.205000,7.108000
187,1,2,7.590000,7.714000,7.548000,7.538000,7.637000,7.513000
187,2,2,7.462600,7.532000,7.411000,7.463000,7.453000,7.454000
187,3,2,7.492400,7.596000,7.476000,7.446000,7.525000,7.419000
187,4,2,7.383800,7.410000,7.429000,7.304000,7.421000,7.355000
187,5,2,7.579600,7.645000,7.681000,7.456000,7.636000,7.480000
187,6,2,7.327800,7.300000,7.185000,7.269000,7.496000,7.389000
187,7,2,7.315200,7.301000,7.188000,7.204000,7.568000,7.315000
187,8,2,7.467400,7.505000,7.343000,7.412000,7.496000,7.581000
187,9,2,7.520000,7.498000,7.468000,7.488000,7.590000,7.556000
187,10,2,7.334200,7.377000,7.263000,7.227000,7.414000,7.390000
187,11,2,7.441800,7.623000,7.364000,7.378000,7.489000,7.355000
187,12,2,7.474000,7.394000,7.459000,7.462000,7.578000,7.477000
187,13,2,7.527600,7.578000,7.543000,7.507000,7.583000,7.427000
187,14,2,7.570400,7.567000,7.571000,7.530000,7.626000,7.558000
187,15,2,7.369200,7.386000,7.312000,7.400000,7.394000,7.354000
187,16,2,7.561000,7.526000,7.513000,7.538000,7.590000,7.638000
187,17,2,7.272600,7.320000,7.241000,7.269000,7.329000,7.204000
187,18,2,7.429800,7.379000,7.387000,7.445000,7.549000,7.389000
187,19,2,7.579200,7.581000,7.565000,7.521000,7.590000,7.639000
188,0,2,7.631800,7.492000,7.781000,7.672000,7.500000,7.714000
188,1,2,7.532000,7.458000,7.584000,7.544000,7.470000,7.604000
188,2,2,7.400800,7.369000,7.407000,7.364000,7.341000,7.523000
188,3,2,7.637600,7.560000,7.687000,7.734000,7.560000,7.647000
188,4,2,7.579000,7.582000,7.663000,7.553000,7.458000,7.639000
188,5,2,7.576200,7.571000,7.532000,7.627000,7.544000,7.607000
188,6,2,7.659000,7.605000,7.653000,7.723000,7.593000,7.721000
188,7,2,7.639000,7.418000,7.720000,7.733000,7.557000,7.767000
188,8,2,7.560000,7.410000,7.644000,7.591000,7.427000,7.728000
188,9,2,7.534600,7.523000,7.567000,7.570000,7.371000,7.642000
188,10,2,7.498200,7.447000,7.613000,7.493000,7.326000,7.612000
188,11,2,7.612800,7.420000,7.611000,7.739000,7.539000,7.755000
188,12,2,7.562600,7.435000,7.571000,7.586000,7.545000,7.676000
188,13,2,7.475600,7.380000,7.604000,7.480000,7.348000,7.566000
188,14,2,7.570600,7.407000,7.687000,7.666000,7.392000,7.701000
188,15,2,7.590800,7.437000,7.662000,7.637000,7.514000,7.704000
188,16,2,7.445800,7.323000,7.464000,7.501000,7.332000,7.609000
188,17,2,7.583000,7.459000,7.646000,7.653000,7.554000,7.603000
188,18,2,7.452200,7.450000,7.432000,7.451000,7.381000,7.547000
188,19,2,7.543800,7.435000,7.637000,7.483000,7.473000,7.691000
189,0,2,7.568600,7.600000,7.495000,7.560000,7.568000,7.620000
189,1,2,7.589600,7.618000,7.606000,7.593000,7.515000,7.616000
189,2,2,7.566400,7.564000,7.592000,7.641000,7.528000,7.507000
189,3,2,7.576600,7.575000,7.642000,7.496000,7.590000,7.580000
189,4,2,7.551000,7.535000,7.573000,7.599000,7.478000,7.570000
189,5,2,7.559200,7.634000,7.486000,7.618000,7.549000,7.509000
189,6,2,7.598800,7.652000,7.476000,7.652000,7.638000,7.576000
189,7,2,7.639400,7.713000,7.643000,7.665000,7.614000,7.562000
189,8,2,7.572600,7.521000,7.469000,7.686000,7.616000,7.571000
189,9,2,7.566600,7.674000,7.498000,7.624000,7.508000,7.529000
189,10,2,7.617800,7.688000,7.548000,7.533000,7.726000,7.594000
189,11,2,7.537600,7.595000,7.542000,7.612000,7.448000,7.491000
189,12,2,7.601200,7.656000,7.524000,7.535000,7.711000,7.580000
189,13,2,7.550200,7.670000,7.501000,7.554000,7.485000,7.541000
189,14,2,7.478000,7.486000,7.515000,7.402000,7.476000,7.511000
189,15,2,7.232600,7.267000,7.278000,7.158000,7.208000,7.252000
189,16,2,7.425800,7.505000,7.418000,7.361000,7.372000,7.473000
189,17,2,7.615600,7.573000,7.624000,7.554000,7.626000,7.701000
189,18,2,7.649600,7.762000,7.619000,7.584000,7.671000,7.612000
189,19,2,7.520600,7.517000,7.561000,7.518000,7.535000,7.472000
190,0,0,4.854600,4.897000,4.723000,4.852000,4.910000,4.891000
190,1,0,4.784200,4.932000,4.858000,4.657000,4.756000,4.718000
190,2,0,4.619200,4.582000,4.766000,4.642000,4.554000,4.552000
190,3,0,4.692000,4.687000,4.791000,4.719000,4.642000,4.621000
190,4,0,4.926000,4.861000,4.943000,4.916000,4.975000,4.935000
190,5,0,4.669800,4.621000,4.715000,4.713000,4.618000,4.682000
190,6,0,4.796200,4.799000,4.742000,4.718000,4.911000,4.811000
190,7,0,4.725200,4.751000,4.762000,4.679000,4.691000,4.743000
190,8,0,4.664800,4.627000,4.743000,4.638000,4.664000,4.652000
190,9,0,4.878400,4.929000,4.802000,5.004000,4.964000,4.693000
190,10,0,4.738400,4.748000,4.705000,4.744000,4.770000,4.725000
190,11,0,4.803000,4.756000,4.903000,4.964000,4.642000,4.750000
190,12,0,4.672600,4.512000,4.670000,4.696000,4.825000,4.660000
190,13,0,4.948400,4.849000,4.950000,4.997000,4.925000,5.021000
190,14,0,4.632000,4.685000,4.636000,4.556000,4.690000,4.593000
190,15,0,4.631000,4.639000,4.652000,4.615000,4.658000,4.591000
190,16,0,4.700800,4.787000,4.657000,4.573000,4.766000,4.721000
190,17,0,4.666200,4.636000,4.699000,4.780000,4.591000,4.625000
190,18,0,4.913200,4.856000,4.962000,4.891000,4.954000,4.903000
190,19,0,4.628400,4.635000,4.657000,4.656000,4.666000,4.528000
190,20,1,4.943600,4.703000,5.062000,5.065000,4.978000,4.910000
190,21,1,4.542400,4.461000,4.636000,4.548000,4.500000,4.567000
190,22,1,4.959400,4.889000,5.028000,5.002000,5.016000,4.862000
190,23,1,4.709400,4.550000,4.805000,4.860000,4.660000,4.672000
190,24,1,4.807400,4.689000,4.976000,4.797000,4.798000,4.777000
190,25,1,4.903000,4.814000,5.041000,4.967000,4.902000,4.791000
190,26,1,4.923800,4.814000,5.060000,4.970000,4.999000,4.776000
190,27,1,4.937000,4.772000,5.022000,4.976000,5.000000,4.915000
190,28,1,4.794000,4.729000,4.811000,4.928000,4.825000,4.677000
190,29,1,4.848800,4.782000,4.974000,4.842000,4.896000,4.750000
190,30,1,4.833200,4.821000,4.955000,4.781000,4.777000,4.832000
190,31,1,4.840600,4.736000,4.982000,4.924000,4.815000,4.746000
190,32,1,4.853800,4.732000,4.869000,4.965000,4.929000,4.774000
190,33,1,4.748800,4.575000,4.895000,4.781000,4.748000,4.745000
190,34,1,4.780800,4.647000,4.859000,4.895000,4.812000,4.691000
190,35,1,4.889000,4.790000,5.001000,4.979000,4.878000,4.797000
190,36,1,4.907800,4.639000,5.071000,5.027000,5.057000,4.745000
190,37,1,4.863200,4.727000,4.956000,5.018000,4.884000,4.731000
190,38,1,4.754400,4.735000,4.885000,4.842000,4.777000,4.533000
190,39,1,4.857600,4.670000,4.967000,5.029000,4.814000,4.808000
190,40,2,7.597400,7.591000,7.555000,7.629000,7.594000,7.618000
190,41,2,7.640200,7.619000,7.619000,7.645000,7.696000,7.622000
190,42,2,7.551400,7.507000,7.520000,7.627000,7.543000,7.560000
190,43,2,7.627600,7.608000,7.596000,7.620000,7.675000,7.639000
190,44,2,7.594200,7.562000,7.737000,7.612000,7.566000,7.494000
190,45,2,7.620200,7.597000,7.640000,7.511000,7.752000,7.601000
190,46,2,7.667600,7.602000,7.714000,7.578000,7.704000,7.740000
190,47,2,7.626000,7.615000,7.642000,7.650000,7.582000,7.641000
190,48,2,7.544600,7.571000,7.549000,7.401000,7.615000,7.587000
190,49,2,7.631600,7.613000,7.692000,7.668000,7.613000,7.572000
190,50,2,7.480000,7.481000,7.491000,7.504000,7.476000,7.448000
190,51,2,7.617000,7.572000,7.666000,7.652000,7.572000,7.623000
190,52,2,7.592800,7.564000,7.608000,7.627000,7.593000,7.572000
190,53,2,7.632600,7.580000,7.681000,7.629000,7.677000,7.596000
190,54,2,7.540200,7.452000,7.558000,7.593000,7.599000,7.499000
190,55,2,7.434200,7.343000,7.551000,7.421000,7.414000,7.442000
190,56,2,7.469800,7.430000,7.503000,7.503000,7.468000,7.445000
190,57,2,7.626800,7.574000,7.610000,7.621000,7.679000,7.650000
190,58,2,7.615000,7.542000,7.648000,7.685000,7.575000,7.625000
190,59,2,7.585000,7.563000,7.653000,7.521000,7.652000,7.536000
190,60,3,4.630000,4.654000,4.671000,4.713000,4.596000,4.516000
190,61,3,4.762800,4.795000,4.845000,4.796000,4.721000,4.657000
190,62,3,4.717000,4.816000,4.710000,4.766000,4.597000,4.696000
190,63,3,4.588400,4.683000,4.631000,4.691000,4.464000,4.473000
190,64,3,4.766800,4.818000,4.865000,4.727000,4.713000,4.711000
190,65,3,4.740400,4.753000,4.855000,4.800000,4.666000,4.628000
190,66,3,4.827200,4.792000,4.846000,4.879000,4.762000,4.857000
190,67,3,4.827000,4.714000,4.798000,4.895000,4.844000,4.884000
190,68,3,4.801800,4.720000,4.877000,4.939000,4.681000,4.792000
190,69,3,4.765000,4.778000,4.819000,4.721000,4.819000,4.688000
190,70,3,4.611000,4.594000,4.701000,4.693000,4.499000,4.568000
190,71,3,4.727200,4.775000,4.833000,4.721000,4.632000,4.675000
190,72,3,4.710800,4.757000,4.716000,4.783000,4.632000,4.666000
190,73,3,4.703400,4.735000,4.866000,4.730000,4.655000,4.531000
190,74,3,4.623600,4.606000,4.699000,4.623000,4.582000,4.608000
190,75,3,4.647600,4.637000,4.730000,4.599000,4.636000,4.636000
190,76,3,4.678400,4.745000,4.816000,4.641000,4.577000,4.613000
190,77,3,4.618600,4.615000,4.630000,4.635000,4.630000,4.583000
190,78,3,4.727800,4.762000,4.825000,4.698000,4.669000,4.685000
190,79,3,4.665000,4.657000,4.713000,4.743000,4.612000,4.600000
190,80,4,4.635400,4.529000,4.810000,4.734000,4.583000,4.521000
190,81,4,4.949800,4.869000,5.022000,5.018000,4.891000,4.949000
190,82,4,4.702600,4.606000,4.827000,4.823000,4.614000,4.643000
190,83,4,4.894200,4.779000,5.048000,4.938000,4.871000,4.835000
190,84,4,4.778400,4.761000,4.788000,4.970000,4.689000,4.684000
190,85,4,4.615200,4.502000,4.857000,4.676000,4.524000,4.517000
190,86,4,4.740600,4.669000,4.844000,4.703000,4.730000,4.757000
190,87,4,4.807600,4.822000,4.801000,4.839000,4.767000,4.809000
190,88,4,4.720600,4.658000,4.816000,4.764000,4.631000,4.734000
190,89,4,4.892000,4.825000,4.981000,4.912000,4.768000,4.974000
190,90,4,4.708400,4.592000,4.843000,4.875000,4.651000,4.581000
190,91,4,4.709600,4.556000,4.888000,4.822000,4.675000,4.607000
190,92,4,4.699800,4.613000,4.799000,4.804000,4.576000,4.707000
190,93,4,4.476800,4.408000,4.598000,4.372000,4.492000,4.514000
190,94,4,4.601000,4.566000,4.630000,4.668000,4.562000,4.579000
190,95,4,4.791600,4.799000,4.898000,4.820000,4.686000,4.755000
190,96,4,4.732200,4.675000,4.842000,4.715000,4.710000,4.719000
190,97,4,4.599200,4.509000,4.638000,4.740000,4.437000,4.672000
190,98,4,4.720600,4.705000,4.951000,4.623000,4.731000,4.593000
190,99,4,4.725600,4.572000,4.872000,4.756000,4.701000,4.727000
191,0,2,7.604000,7.644000,7.563000,7.686000,7.433000,7.694000
191,1,2,7.551400,7.616000,7.403000,7.623000,7.502000,7.613000
191,2,2,7.435400,7.411000,7.403000,7.519000,7.369000,7.475000
191,3,2,7.532600,7.565000,7.500000,7.549000,7.460000,7.589000
191,4,2,7.314800,7.366000,7.252000,7.251000,7.259000,7.446000
191,5,2,7.640800,7.665000,7.571000,7.678000,7.656000,7.634000
191,6,2,7.513600,7.604000,7.513000,7.526000,7.374000,7.551000
191,7,2,7.522800,7.642000,7.441000,7.487000,7.430000,7.614000
191,8,2,7.473600,7.560000,7.390000,7.534000,7.423000,7.461000
191,9,2,7.611000,7.656000,7.706000,7.606000,7.421000,7.666000
191,10,2,7.645600,7.662000,7.631000,7.737000,7.552000,7.646000
191,11,2,7.275400,7.297000,7.220000,7.462000,7.042000,7.356000
191,12,2,7.581600,7.674000,7.462000,7.563000,7.537000,7.672000
191,13,2,7.590000,7.717000,7.634000,7.538000,7.431000,7.630000
191,14,2,7.622200,7.580000,7.692000,7.549000,7.650000,7.640000
191,15,2,7.492600,7.592000,7.564000,7.557000,7.319000,7.431000
191,16,2,7.505800,7.583000,7.387000,7.586000,7.341000,7.632000
191,17,2,7.595000,7.719000,7.573000,7.573000,7.444000,7.666000
191,18,2,7.396800,7.472000,7.316000,7.433000,7.252000,7.511000
191,19,2,7.259000,7.254000,7.125000,7.382000,7.207000,7.327000
192,0,2,7.277000,7.342000,7.308000,7.251000,7.351000,7.133000
192,1,2,7.522200,7.520000,7.555000,7.499000,7.542000,7.495000
192,2,2,7.392200,7.421000,7.465000,7.362000,7.410000,7.303000
192,3,2,7.558400,7.521000,7.598000,7.535000,7.645000,7.493000
192,4,2,7.673800,7.683000,7.675000,7.560000,7.670000,7.781000
192,5,2,7.676200,7.812000,7.645000,7.519000,7.742000,7.663000
192,6,2,7.219400,7.298000,7.332000,7.051000,7.229000,7.187000
192,7,2,7.476000,7.539000,7.523000,7.355000,7.504000,7.459000
192,8,2,7.624800,7.633000,7.538000,7.609000,7.659000,7.685000
192,9,2,7.372600,7.397000,7.396000,7.285000,7.489000,7.296000
192,10,2,7.744800,7.778000,7.781000,7.725000,7.668000,7.772000
192,11,2,7.606800,7.614000,7.685000,7.521000,7.646000,7.568000
192,12,2,7.303800,7.304000,7.337000,7.202000,7.398000,7.278000
192,13,2,7.416200,7.460000,7.485000,7.404000,7.440000,7.292000
192,14,2,7.354200,7.326000,7.435000,7.299000,7.472000,7.239000
192,15,2,7.558000,7.654000,7.604000,7.452000,7.604000,7.476000
192,16,2,7.685600,7.641000,7.796000,7.654000,7.605000,7.732000
192,17,2,7.520200,7.517000,7.558000,7.511000,7.614000,7.401000
192,18,2,7.544000,7.541000,7.606000,7.440000,7.651000,7.482000
192,19,2,7.615600,7.671000,7.673000,7.551000,7.572000,7.611000
193,0,2,7.508800,7.580000,7.441000,7.657000,7.503000,7.363000
193,1,2,7.537400,7.456000,7.573000,7.569000,7.587000,7.502000
193,2,2,7.585400,7.479000,7.620000,7.667000,7.611000,7.550000
193,3,2,7.575600,7.539000,7.514000,7.659000,7.565000,7.601000
193,4,2,7.592200,7.461000,7.594000,7.689000,7.563000,7.654000
193,5,2,7.571800,7.412000,7.597000,7.702000,7.560000,7.588000
193,6,2,7.567200,7.420000,7.568000,7.751000,7.545000,7.552000
193,7,2,7.545000,7.446000,7.579000,7.669000,7.542000,7.489000
193,8,2,7.593600,7.533000,7.534000,7.736000,7.585000,7.580000
193,9,2,7.575800,7.452000,7.451000,7.776000,7.564000,7.636000
193,10,2,7.570400,7.485000,7.572000,7.643000,7.623000,7.529000
193,11,2,7.604400,7.572000,7.483000,7.710000,7.633000,7.624000
193,12,2,7.571800,7.498000,7.568000,7.674000,7.586000,7.533000
193,13,2,7.539200,7.474000,7.547000,7.676000,7.530000,7.469000
193,14,2,7.510600,7.485000,7.411000,7.634000,7.404000,7.619000
193,15,2,7.554600,7.472000,7.540000,7.705000,7.536000,7.520000
193,16,2,7.565000,7.464000,7.555000,7.758000,7.525000,7.523000
193,17,2,7.540200,7.487000,7.486000,7.685000,7.580000,7.463000
193,18,2,7.660800,7.594000,7.641000,7.775000,7.658000,7.636000
193,19,2,7.646200,7.552000,7.587000,7.682000,7.642000,7.768000
194,0,2,7.469000,7.469000,7.328000,7.583000,7.520000,7.445000
194,1,2,7.597800,7.722000,7.386000,7.636000,7.710000,7.535000
194,2,2,7.421400,7.543000,7.218000,7.485000,7.445000,7.416000
194,3,2,7.554400,7.671000,7.373000,7.595000,7.650000,7.483000
194,4,2,7.556200,7.633000,7.450000,7.620000,7.572000,7.506000
194,5,2,7.660200,7.650000,7.496000,7.678000,7.790000,7.687000
194,6,2,7.706400,7.738000,7.576000,7.712000,7.766000,7.740000
194,7,2,7.668000,7.659000,7.504000,7.776000,7.736000,7.665000
194,8,2,7.652600,7.695000,7.591000,7.727000,7.676000,7.574000
194,9,2,7.336800,7.451000,7.234000,7.393000,7.262000,7.344000
194,10,2,7.504400,7.467000,7.442000,7.466000,7.617000,7.530000
194,11,2,7.670400,7.684000,7.617000,7.668000,7.654000,7.729000
194,12,2,7.414400,7.459000,7.243000,7.457000,7.429000,7.484000
194,13,2,7.563800,7.643000,7.451000,7.533000,7.656000,7.536000
194,14,2,7.640600,7.665000,7.531000,7.682000,7.631000,7.694000
194,15,2,7.546200,7.620000,7.327000,7.656000,7.503000,7.625000
194,16,2,7.486800,7.575000,7.395000,7.519000,7.472000,7.473000
194,17,2,7.436600,7.485000,7.357000,7.468000,7.449000,7.424000
194,18,2,7.691000,7.704000,7.570000,7.743000,7.708000,7.730000
194,19,2,7.391400,7.461000,7.190000,7.433000,7.500000,7.373000
195,0,2,7.405600,7.383000,7.536000,7.363000,7.397000,7.349000
195,1,2,7.283600,7.172000,7.427000,7.348000,7.212000,7.259000
195,2,2,7.585200,7.590000,7.720000,7.558000,7.598000,7.460000
195,3,2,7.608800,7.585000,7.796000,7.544000,7.579000,7.540000
195,4,2,7.689400,7.648000,7.834000,7.641000,7.692000,7.632000
195,5,2,7.500200,7.387000,7.545000,7.473000,7.532000,7.564000
195,6,2,7.476600,7.400000,7.563000,7.486000,7.520000,7.414000
195,7,2,7.312000,7.253000,7.313000,7.317000,7.395000,7.282000
195,8,2,7.697000,7.674000,7.790000,7.646000,7.702000,7.673000
195,9,2,7.518800,7.437000,7.513000,7.571000,7.546000,7.527000
195,10,2,7.646800,7.634000,7.793000,7.543000,7.645000,7.619000
195,11,2,7.423000,7.373000,7.449000,7.460000,7.327000,7.506000
195,12,2,7.669400,7.694000,7.869000,7.578000,7.626000,7.580000
195,13,2,7.586800,7.535000,7.734000,7.535000,7.561000,7.569000
195,14,2,7.685200,7.692000,7.812000,7.595000,7.702000,7.625000
195,15,2,7.605400,7.551000,7.738000,7.626000,7.624000,7.488000
195,16,2,7.642400,7.551000,7.786000,7.617000,7.623000,7.635000
195,17,2,7.612200,7.552000,7.717000,7.685000,7.557000,7.550000
195,18,2,7.518400,7.472000,7.617000,7.504000,7.403000,7.596000
195,19,2,7.537000,7.405000,7.718000,7.507000,7.486000,7.569000
196,0,2,7.557600,7.482000,7.515000,7.693000,7.494000,7.604000
196,1,2,7.452400,7.484000,7.419000,7.497000,7.435000,7.427000
196,2,2,7.326800,7.381000,7.124000,7.445000,7.281000,7.403000
196,3,2,7.583800,7.486000,7.579000,7.661000,7.585000,7.608000
196,4,2,7.388200,7.416000,7.240000,7.488000,7.323000,7.474000
196,5,2,7.571200,7.432000,7.599000,7.642000,7.518000,7.665000
196,6,2,7.538400,7.462000,7.573000,7.587000,7.502000,7.568000
196,7,2,7.667200,7.575000,7.665000,7.671000,7.620000,7.805000
196,8,2,7.285000,7.291000,7.198000,7.423000,7.144000,7.369000
196,9,2,7.606600,7.558000,7.617000,7.729000,7.556000,7.573000
196,10,2,7.615800,7.695000,7.674000,7.611000,7.495000,7.604000
196,11,2,7.624600,7.609000,7.619000,7.685000,7.588000,7.622000
196,12,2,7.577600,7.528000,7.629000,7.659000,7.450000,7.622000
196,13,2,7.671400,7.640000,7.662000,7.694000,7.633000,7.728000
196,14,2,7.373200,7.041000,7.506000,7.589000,7.525000,7.205000
196,15,2,7.564400,7.475000,7.612000,7.674000,7.609000,7.452000
196,16,2,7.583000,7.545000,7.639000,7.637000,7.485000,7.609000
196,17,2,7.549800,7.607000,7.523000,7.596000,7.453000,7.570000
196,18,2,7.607200,7.531000,7.634000,7.692000,7.639000,7.540000
196,19,2,7.480400,7.426000,7.434000,7.560000,7.463000,7.519000
197,0,2,7.661400,7.714000,7.713000,7.637000,7.599000,7.644000
197,1,2,7.506000,7.561000,7.554000,7.407000,7.499000,7.509000
197,2,2,7.687000,7.738000,7.590000,7.772000,7.635000,7.700000
197,3,2,7.485600,7.571000,7.456000,7.499000,7.511000,7.391000
197,4,2,7.556000,7.595000,7.470000,7.706000,7.512000,7.497000
197,5,2,7.602000,7.652000,7.660000,7.665000,7.491000,7.542000
197,6,2,7.688200,7.740000,7.677000,7.724000,7.715000,7.585000
197,7,2,7.528000,7.629000,7.461000,7.579000,7.507000,7.464000
197,8,2,7.320000,7.371000,7.297000,7.368000,7.348000,7.216000
197,9,2,7.713400,7.786000,7.654000,7.720000,7.747000,7.660000
197,10,2,7.477000,7.547000,7.417000,7.550000,7.503000,7.368000
197,11,2,7.460200,7.513000,7.432000,7.523000,7.443000,7.390000
197,12,2,7.540000,7.657000,7.467000,7.584000,7.523000,7.469000
197,13,2,7.677800,7.696000,7.620000,7.778000,7.659000,7.636000
197,14,2,7.540000,7.619000,7.493000,7.576000,7.548000,7.464000
197,15,2,7.629600,7.675000,7.637000,7.665000,7.591000,7.580000
197,16,2,7.509000,7.584000,7.400000,7.601000,7.573000,7.387000
197,17,2,7.606000,7.657000,7.567000,7.693000,7.549000,7.564000
197,18,2,7.557400,7.618000,7.522000,7.690000,7.524000,7.433000
197,19,2,7.424200,7.512000,7.493000,7.524000,7.361000,7.231000
198,0,2,7.651800,7.605000,7.652000,7.711000,7.595000,7.696000
198,1,2,7.738600,7.646000,7.765000,7.813000,7.712000,7.757000
198,2,2,7.752600,7.673000,7.817000,7.872000,7.683000,7.718000
198,3,2,7.705600,7.735000,7.742000,7.792000,7.619000,7.640000
198,4,2,7.542200,7.494000,7.519000,7.660000,7.457000,7.581000
198,5,2,7.585800,7.557000,7.560000,7.594000,7.601000,7.617000
198,6,2,7.723600,7.695000,7.686000,7.806000,7.674000,7.757000
198,7,2,7.545800,7.545000,7.544000,7.528000,7.515000,7.597000
198,8,2,7.513400,7.479000,7.478000,7.556000,7.457000,7.597000
198,9,2,7.582200,7.616000,7.569000,7.645000,7.489000,7.592000
198,10,2,7.678800,7.689000,7.743000,7.810000,7.644000,7.508000
198,11,2,7.625600,7.510000,7.631000,7.702000,7.600000,7.685000
198,12,2,7.600000,7.534000,7.582000,7.606000,7.532000,7.746000
198,13,2,7.557600,7.523000,7.540000,7.667000,7.413000,7.645000
198,14,2,7.727600,7.681000,7.767000,7.694000,7.722000,7.774000
198,15,2,7.611800,7.589000,7.522000,7.654000,7.537000,7.757000
198,16,2,7.651800,7.611000,7.661000,7.668000,7.623000,7.696000
198,17,2,7.630000,7.665000,7.689000,7.572000,7.537000,7.687000
198,18,2,7.730600,7.698000,7.751000,7.750000,7.685000,7.769000
198,19,2,7.680200,7.610000,7.708000,7.737000,7.641000,7.705000
199,0,2,7.752600,7.771000,7.732000,7.766000,7.733000,7.761000
199,1,2,7.670800,7.726000,7.573000,7.694000,7.699000,7.662000
199,2,2,7.688000,7.747000,7.727000,7.697000,7.700000,7.569000
199,3,2,7.645400,7.810000,7.526000,7.724000,7.626000,7.541000
199,4,2,7.461400,7.428000,7.262000,7.651000,7.576000,7.390000
199,5,2,7.630600,7.709000,7.593000,7.662000,7.580000,7.609000
199,6,2,7.581600,7.647000,7.556000,7.534000,7.570000,7.601000
199,7,2,7.624200,7.688000,7.532000,7.660000,7.600000,7.641000
199,8,2,7.708200,7.726000,7.662000,7.759000,7.661000,7.733000
199,9,2,7.619000,7.599000,7.513000,7.770000,7.569000,7.644000
199,10,2,7.571600,7.624000,7.518000,7.701000,7.529000,7.486000
199,11,2,7.583000,7.677000,7.562000,7.497000,7.603000,7.576000
199,12,2,7.695200,7.720000,7.670000,7.779000,7.609000,7.698000
199,13,2,7.531200,7.564000,7.489000,7.584000,7.533000,7.486000
199,14,2,7.533800,7.613000,7.526000,7.621000,7.457000,7.452000
199,15,2,7.674600,7.719000,7.650000,7.709000,7.613000,7.682000
199,16,2,7.605800,7.671000,7.537000,7.761000,7.544000,7.516000
199,17,2,7.619400,7.737000,7.444000,7.726000,7.591000,7.599000
199,18,2,7.547400,7.564000,7.543000,7.643000,7.510000,7.477000
199,19,2,7.581600,7.672000,7.528000,7.653000,7.555000,7.500000
200,0,0,5.034000,4.954000,5.266000,5.094000,5.001000,4.855000
200,1,0,4.800400,4.675000,4.864000,4.940000,4.840000,4.683000
200,2,0,4.803600,4.694000,4.854000,4.880000,4.848000,4.742000
200,3,0,4.901800,4.861000,4.958000,5.042000,4.858000,4.790000
200,4,0,4.975000,4.894000,5.095000,5.004000,4.999000,4.883000
200,5,0,4.981000,4.973000,4.919000,5.055000,5.079000,4.879000
200,6,0,4.865200,4.747000,4.901000,4.971000,4.863000,4.844000
200,7,0,4.790800,4.764000,4.795000,4.894000,4.799000,4.702000
200,8,0,4.892800,4.768000,5.026000,4.986000,4.857000,4.827000
200,9,0,4.969400,4.861000,5.032000,5.106000,4.942000,4.906000
200,10,0,4.804600,4.651000,5.056000,4.891000,4.796000,4.629000
200,11,0,4.876400,4.729000,4.915000,5.036000,4.845000,4.857000
200,12,0,4.990400,4.927000,5.075000,5.039000,5.038000,4.873000
200,13,0,5.042000,5.003000,5.242000,5.022000,5.003000,4.940000
200,14,0,5.004400,4.858000,5.060000,5.120000,5.077000,4.907000
200,15,0,5.017200,4.890000,5.102000,5.021000,5.057000,5.016000
200,16,0,4.952600,4.835000,5.101000,5.085000,4.892000,4.850000
200,17,0,4.784000,4.691000,4.920000,4.828000,4.811000,4.670000
200,18,0,5.104200,4.987000,5.347000,5.188000,5.088000,4.911000
200,19,0,4.837200,4.762000,4.906000,4.873000,4.792000,4.853000
200,20,1,4.970200,5.035000,4.998000,5.063000,4.900000,4.855000
200,21,1,4.910400,4.896000,4.900000,4.981000,4.942000,4.833000
200,22,1,4.927200,4.836000,4.988000,5.025000,4.870000,4.917000
200,23,1,4.870200,4.938000,4.744000,5.034000,4.869000,4.766000
200,24,1,4.928000,4.913000,4.878000,5.166000,4.854000,4.829000
200,25,1,5.030200,5.011000,5.139000,5.043000,5.108000,4.850000
200,26,1,4.944200,4.757000,4.978000,5.114000,5.115000,4.757000
200,27,1,4.866400,4.798000,4.836000,5.044000,4.817000,4.837000
200,28,1,4.819800,4.792000,4.905000,4.850000,4.791000,4.761000
200,29,1,4.946800,4.804000,4.953000,5.060000,5.024000,4.893000
200,30,1,4.891800,4.979000,4.902000,4.991000,4.824000,4.763000
200,31,1,4.705400,4.571000,4.667000,4.868000,4.824000,4.597000
200,32,1,4.848800,4.773000,4.883000,4.917000,4.933000,4.738000
200,33,1,4.993200,4.921000,5.016000,5.203000,4.879000,4.947000
200,34,1,5.012800,4.968000,5.083000,5.091000,5.029000,4.893000
200,35,1,5.034000,5.080000,5.034000,5.194000,4.954000,4.908000
200,36,1,4.866400,4.802000,4.926000,5.028000,4.854000,4.722000
200,37,1,4.974200,4.953000,4.874000,4.961000,5.100000,4.983000
200,38,1,4.807200,4.798000,4.863000,4.879000,4.815000,4.681000
200,39,1,4.857200,4.701000,4.954000,4.908000,4.842000,4.881000
200,40,2,7.669600,7.676000,7.618000,7.719000,7.703000,7.632000
200,41,2,7.497600,7.670000,7.545000,7.394000,7.487000,7.392000
200,42,2,7.568800,7.568000,7.547000,7.482000,7.695000,7.552000
200,43,2,7.586400,7.649000,7.646000,7.603000,7.423000,7.611000
200,44,2,7.519400,7.635000,7.403000,7.516000,7.542000,7.501000
200,45,2,7.677800,7.700000,7.678000,7.581000,7.807000,7.623000
200,46,2,7.603600,7.770000,7.622000,7.530000,7.554000,7.542000
200,47,2,7.652000,7.722000,7.621000,7.632000,7.680000,7.605000
200,48,2,7.613600,7.712000,7.660000,7.597000,7.516000,7.583000
200,49,2,7.743400,7.832000,7.734000,7.744000,7.779000,7.628000
200,50,2,7.589000,7.757000,7.572000,7.468000,7.649000,7.499000
200,51,2,7.552600,7.697000,7.616000,7.536000,7.545000,7.369000
200,52,2,7.590600,7.614000,7.666000,7.546000,7.613000,7.514000
200,53,2,7.761000,7.874000,7.662000,7.819000,7.838000,7.612000
200,54,2,7.660800,7.774000,7.648000,7.586000,7.735000,7.561000
200,55,2,7.636000,7.741000,7.673000,7.685000,7.569000,7.512000
200,56,2,7.748200,7.749000,7.783000,7.798000,7.798000,7.613000
200,57,2,7.789800,7.861000,7.700000,7.832000,7.808000,7.748000
200,58,2,7.580800,7.658000,7.605000,7.454000,7.630000,7.557000
200,59,2,7.699200,7.765000,7.697000,7.738000,7.697000,7.599000
200,60,3,4.785200,4.730000,4.776000,4.953000,4.867000,4.600000
200,61,3,4.732200,4.709000,4.775000,4.916000,4.732000,4.529000
200,62,3,4.752600,4.689000,4.801000,4.764000,4.842000,4.667000
200,63,3,4.676000,4.660000,4.727000,4.778000,4.724000,4.491000
200,64,3,4.762600,4.645000,4.779000,4.746000,4.930000,4.713000
200,65,3,4.730400,4.778000,4.719000,4.723000,4.758000,4.674000
200,66,3,4.634000,4.492000,4.601000,4.772000,4.757000,4.548000
200,67,3,4.704800,4.642000,4.747000,4.858000,4.711000,4.566000
200,68,3,4.718600,4.611000,4.744000,4.895000,4.755000,4.588000
200,69,3,4.748000,4.627000,4.776000,4.965000,4.752000,4.620000
200,70,3,4.719600,4.587000,4.701000,4.867000,4.853000,4.590000
200,71,3,4.845600,4.705000,4.983000,4.984000,4.880000,4.676000
200,72,3,4.959000,4.987000,4.958000,5.106000,4.914000,4.830000
200,73,3,4.744200,4.668000,4.729000,4.858000,4.849000,4.617000
200,74,3,4.536200,4.386000,4.582000,4.688000,4.526000,4.499000
200,75,3,4.661000,4.544000,4.717000,4.800000,4.631000,4.613000
200,76,3,4.770400,4.765000,4.854000,4.884000,4.799000,4.550000
200,77,3,4.646800,4.635000,4.720000,4.732000,4.651000,4.496000
200,78,3,4.589400,4.432000,4.715000,4.774000,4.622000,4.404000
200,79,3,4.738200,4.607000,4.718000,4.874000,4.851000,4.641000
200,80,4,4.800600,4.742000,4.775000,5.047000,4.855000,4.584000
200,81,4,4.708600,4.669000,4.801000,4.780000,4.732000,4.561000
200,82,4,4.776000,4.765000,4.727000,4.925000,4.819000,4.644000
200,83,4,4.794000,4.871000,4.727000,4.848000,4.787000,4.737000
200,84,4,4.884400,4.860000,4.970000,4.940000,4.908000,4.744000
200,85,4,4.818400,4.860000,4.886000,4.884000,4.690000,4.772000
200,86,4,4.849800,4.843000,4.796000,4.955000,4.844000,4.811000
200,87,4,4.735400,4.679000,4.741000,4.937000,4.707000,4.613000
200,88,4,4.693000,4.782000,4.603000,4.870000,4.616000,4.594000
200,89,4,4.740200,4.677000,4.780000,4.895000,4.722000,4.627000
200,90,4,4.812400,4.744000,4.800000,4.929000,4.778000,4.811000
200,91,4,4.665000,4.598000,4.641000,4.878000,4.723000,4.485000
200,92,4,4.696600,4.616000,4.803000,4.840000,4.568000,4.656000
200,93,4,4.817600,4.774000,4.904000,4.916000,4.831000,4.663000
200,94,4,5.077800,5.054000,5.072000,5.190000,4.980000,5.093000
200,95,4,4.774600,4.752000,4.735000,4.939000,4.717000,4.730000
200,96,4,4.731800,4.621000,4.741000,4.982000,4.688000,4.627000
200,97,4,4.526800,4.449000,4.580000,4.775000,4.511000,4.319000
200,98,4,4.847400,4.748000,4.910000,5.063000,4.806000,4.710000
200,99,4,4.784600,4.765000,4.902000,4.841000,4.806000,4.609000
201,0,2,7.699400,7.644000,7.747000,7.708000,7.729000,7.669000
201,1,2,7.711000,7.732000,7.717000,7.669000,7.736000,7.701000
201,2,2,7.362000,7.458000,7.426000,7.371000,7.268000,7.287000
201,3,2,7.636000,7.705000,7.648000,7.688000,7.624000,7.515000
201,4,2,7.671200,7.595000,7.773000,7.652000,7.722000,7.614000
201,5,2,7.661000,7.648000,7.630000,7.601000,7.705000,7.721000
201,6,2,7.740200,7.858000,7.630000,7.713000,7.785000,7.715000
201,7,2,7.553600,7.605000,7.592000,7.473000,7.544000,7.554000
201,8,2,7.442800,7.585000,7.478000,7.370000,7.429000,7.352000
201,9,2,7.673200,7.762000,7.781000,7.692000,7.672000,7.459000
201,10,2,7.623400,7.647000,7.656000,7.618000,7.672000,7.524000
201,11,2,7.418800,7.524000,7.443000,7.372000,7.497000,7.258000
201,12,2,7.567600,7.626000,7.581000,7.517000,7.658000,7.456000
201,13,2,7.569400,7.623000,7.616000,7.608000,7.454000,7.546000
201,14,2,7.675000,7.768000,7.711000,7.674000,7.699000,7.523000
201,15,2,7.605600,7.552000,7.623000,7.614000,7.666000,7.573000
201,16,2,7.708000,7.718000,7.729000,7.696000,7.666000,7.731000
201,17,2,7.468800,7.410000,7.538000,7.447000,7.477000,7.472000
201,18,2,7.186600,7.217000,7.206000,7.116000,7.216000,7.178000
201,19,2,7.482000,7.640000,7.467000,7.373000,7.540000,7.390000
202,0,2,7.565400,7.554000,7.626000,7.562000,7.525000,7.560000
202,1,2,7.699400,7.701000,7.758000,7.685000,7.658000,7.695000
202,2,2,7.427400,7.513000,7.398000,7.344000,7.502000,7.380000
202,3,2,7.511600,7.468000,7.498000,7.518000,7.608000,7.466000
202,4,2,7.521200,7.539000,7.554000,7.456000,7.587000,7.470000
202,5,2,7.458400,7.513000,7.474000,7.339000,7.529000,7.437000
202,6,2,7.585200,7.629000,7.609000,7.626000,7.509000,7.553000
202,7,2,7.628400,7.578000,7.775000,7.592000,7.590000,7.607000
202,8,2,7.621400,7.719000,7.620000,7.543000,7.594000,7.631000
202,9,2,7.653600,7.583000,7.663000,7.630000,7.716000,7.676000
202,10,2,7.683200,7.692000,7.747000,7.588000,7.680000,7.709000
202,11,2,7.690200,7.730000,7.733000,7.635000,7.656000,7.697000
202,12,2,7.696200,7.890000,7.616000,7.614000,7.697000,7.664000
202,13,2,7.640400,7.572000,7.698000,7.632000,7.649000,7.651000
202,14,2,7.463600,7.410000,7.456000,7.422000,7.534000,7.496000
202,15,2,7.615000,7.583000,7.599000,7.644000,7.622000,7.627000
202,16,2,7.605400,7.654000,7.633000,7.542000,7.621000,7.577000
202,17,2,7.439000,7.399000,7.497000,7.492000,7.469000,7.338000
202,18,2,7.611600,7.565000,7.711000,7.623000,7.631000,7.528000
202,19,2,7.586000,7.536000,7.544000,7.586000,7.632000,7.632000
203,0,2,7.710400,7.681000,7.711000,7.639000,7.792000,7.729000
203,1,2,7.703000,7.625000,7.697000,7.669000,7.845000,7.679000
203,2,2,7.651600,7.689000,7.489000,7.596000,7.771000,7.713000
203,3,2,7.224800,7.107000,7.228000,7.200000,7.357000,7.232000
203,4,2,7.639600,7.554000,7.600000,7.592000,7.853000,7.599000
203,5,2,7.550000,7.506000,7.576000,7.404000,7.745000,7.519000
203,6,2,7.650400,7.655000,7.725000,7.508000,7.749000,7.615000
203,7,2,7.659000,7.643000,7.663000,7.595000,7.733000,7.661000
203,8,2,7.693600,7.659000,7.686000,7.704000,7.795000,7.624000
203,9,2,7.628800,7.543000,7.606000,7.590000,7.765000,7.640000
203,10,2,7.559600,7.469000,7.596000,7.401000,7.741000,7.591000
203,11,2,7.377000,7.320000,7.313000,7.190000,7.663000,7.399000
203,12,2,7.725800,7.701000,7.651000,7.700000,7.844000,7.733000
203,13,2,7.446200,7.402000,7.466000,7.308000,7.610000,7.445000
203,14,2,7.632800,7.461000,7.673000,7.611000,7.805000,7.614000
203,15,2,7.560800,7.461000,7.516000,7.452000,7.704000,7.671000
203,16,2,7.524000,7.409000,7.540000,7.455000,7.744000,7.472000
203,17,2,7.496200,7.418000,7.421000,7.442000,7.735000,7.465000
203,18,2,7.632000,7.610000,7.520000,7.510000,7.824000,7.696000
203,19,2,7.605400,7.495000,7.530000,7.655000,7.772000,7.575000
204,0,2,7.698800,7.713000,7.709000,7.606000,7.774000,7.692000
204,1,2,7.664800,7.566000,7.693000,7.636000,7.744000,7.685000
204,2,2,7.548600,7.478000,7.522000,7.532000,7.632000,7.579000
204,3,2,7.714800,7.536000,7.807000,7.791000,7.695000,7.745000
204,4,2,7.661200,7.671000,7.738000,7.603000,7.569000,7.725000
204,5,2,7.719400,7.704000,7.794000,7.633000,7.703000,7.763000
204,6,2,7.714400,7.678000,7.765000,7.694000,7.700000,7.735000
204,7,2,7.577200,7.538000,7.642000,7.503000,7.642000,7.561000
204,8,2,7.660400,7.573000,7.599000,7.652000,7.773000,7.705000
204,9,2,7.674800,7.625000,7.661000,7.621000,7.730000,7.737000
204,10,2,7.130800,7.024000,7.233000,7.083000,7.232000,7.082000
204,11,2,7.519000,7.443000,7.489000,7.540000,7.633000,7.490000
204,12,2,7.498800,7.449000,7.638000,7.493000,7.426000,7.488000
204,13,2,7.672200,7.692000,7.753000,7.709000,7.614000,7.593000
204,14,2,7.771000,7.720000,7.763000,7.804000,7.718000,7.850000
204,15,2,7.610600,7.511000,7.723000,7.533000,7.651000,7.635000
204,16,2,7.598200,7.529000,7.615000,7.678000,7.590000,7.579000
204,17,2,7.299800,7.219000,7.289000,7.261000,7.518000,7.212000
204,18,2,7.680400,7.565000,7.637000,7.709000,7.675000,7.816000
204,19,2,7.634200,7.580000,7.612000,7.673000,7.610000,7.696000
205,0,2,7.757400,7.723000,7.713000,7.846000,7.800000,7.705000
205,1,2,7.675000,7.725000,7.621000,7.689000,7.683000,7.657000
205,2,2,7.732200,7.782000,7.672000,7.848000,7.683000,7.676000
205,3,2,7.443400,7.503000,7.359000,7.462000,7.424000,7.469000
205,4,2,7.612200,7.685000,7.499000,7.636000,7.653000,7.588000
205,5,2,7.644400,7.705000,7.556000,7.693000,7.640000,7.628000
205,6,2,7.540000,7.549000,7.571000,7.661000,7.525000,7.394000
205,7,2,7.679800,7.668000,7.686000,7.804000,7.638000,7.603000
205,8,2,7.788800,7.819000,7.734000,7.867000,7.856000,7.668000
205,9,2,7.684800,7.714000,7.670000,7.786000,7.646000,7.608000
205,10,2,7.658600,7.716000,7.664000,7.690000,7.626000,7.597000
205,11,2,7.717800,7.801000,7.677000,7.736000,7.738000,7.637000
205,12,2,7.705000,7.635000,7.717000,7.827000,7.692000,7.654000
205,13,2,7.638800,7.657000,7.583000,7.723000,7.625000,7.606000
205,14,2,7.361600,7.455000,7.365000,7.440000,7.248000,7.300000
205,15,2,7.789200,7.805000,7.731000,7.888000,7.850000,7.672000
205,16,2,7.804600,7.865000,7.641000,7.905000,7.866000,7.746000
205,17,2,7.717000,7.761000,7.634000,7.790000,7.728000,7.672000
205,18,2,7.672200,7.691000,7.553000,7.684000,7.671000,7.762000
205,19,2,7.715800,7.779000,7.716000,7.735000,7.697000,7.652000
206,0,2,7.626400,7.685000,7.544000,7.682000,7.695000,7.526000
206,1,2,7.759000,7.796000,7.737000,7.774000,7.763000,7.725000
206,2,2,7.686400,7.811000,7.583000,7.753000,7.642000,7.643000
206,3,2,7.441800,7.405000,7.372000,7.527000,7.525000,7.380000
206,4,2,7.661200,7.765000,7.530000,7.701000,7.706000,7.604000
206,5,2,7.606600,7.597000,7.599000,7.622000,7.720000,7.495000
206,6,2,7.698200,7.751000,7.742000,7.748000,7.611000,7.639000
206,7,2,7.708400,7.726000,7.726000,7.784000,7.646000,7.660000
206,8,2,7.586600,7.581000,7.621000,7.543000,7.712000,7.476000
206,9,2,7.764800,7.819000,7.780000,7.806000,7.644000,7.775000
206,10,2,7.766800,7.760000,7.839000,7.800000,7.671000,7.764000
206,11,2,7.688200,7.712000,7.680000,7.740000,7.631000,7.678000
206,12,2,7.783600,7.807000,7.818000,7.827000,7.698000,7.768000
206,13,2,7.770600,7.812000,7.773000,7.740000,7.773000,7.755000
206,14,2,7.742400,7.733000,7.788000,7.758000,7.712000,7.721000
206,15,2,7.720000,7.783000,7.704000,7.805000,7.695000,7.613000
206,16,2,7.620600,7.600000,7.552000,7.688000,7.660000,7.603000
206,17,2,7.710000,7.690000,7.747000,7.711000,7.733000,7.669000
206,18,2,7.716800,7.799000,7.628000,7.749000,7.811000,7.597000
206,19,2,7.713000,7.664000,7.768000,7.721000,7.758000,7.654000
207,0,2,7.710000,7.828000,7.549000,7.726000,7.690000,7.757000
207,1,2,7.759400,7.874000,7.605000,7.748000,7.766000,7.804000
207,2,2,7.814200,7.915000,7.722000,7.781000,7.788000,7.865000
207,3,2,7.440400,7.528000,7.262000,7.408000,7.528000,7.476000
207,4,2,7.576000,7.706000,7.386000,7.610000,7.555000,7.623000
207,5,2,7.620800,7.686000,7.531000,7.599000,7.584000,7.704000
207,6,2,7.689000,7.837000,7.559000,7.645000,7.693000,7.711000
207,7,2,7.724200,7.729000,7.607000,7.749000,7.765000,7.771000
207,8,2,7.732600,7.803000,7.651000,7.670000,7.756000,7.783000
207,9,2,7.752400,7.901000,7.598000,7.712000,7.783000,7.768000
207,10,2,7.663200,7.699000,7.565000,7.683000,7.715000,7.654000
207,11,2,7.542000,7.591000,7.420000,7.566000,7.513000,7.620000
207,12,2,7.580800,7.549000,7.520000,7.527000,7.657000,7.651000
207,13,2,7.710600,7.804000,7.524000,7.685000,7.729000,7.811000
207,14,2,7.491400,7.540000,7.359000,7.505000,7.519000,7.534000
207,15,2,7.454200,7.573000,7.313000,7.313000,7.465000,7.607000
207,16,2,7.795200,7.890000,7.750000,7.797000,7.745000,7.794000
207,17,2,7.679400,7.736000,7.536000,7.667000,7.719000,7.739000
207,18,2,7.646600,7.750000,7.539000,7.607000,7.649000,7.688000
207,19,2,7.658600,7.707000,7.488000,7.707000,7.697000,7.694000
208,0,2,7.748600,7.646000,7.641000,7.694000,7.874000,7.888000
208,1,2,7.791200,7.749000,7.713000,7.749000,7.815000,7.930000
208,2,2,7.678600,7.589000,7.604000,7.744000,7.700000,7.756000
208,3,2,7.663200,7.626000,7.626000,7.648000,7.631000,7.785000
208,4,2,7.775000,7.705000,7.721000,7.774000,7.795000,7.880000
208,5,2,7.584400,7.596000,7.433000,7.679000,7.627000,7.587000
208,6,2,7.637400,7.601000,7.466000,7.635000,7.624000,7.861000
208,7,2,7.764200,7.784000,7.776000,7.704000,7.781000,7.776000
208,8,2,7.678600,7.574000,7.609000,7.766000,7.695000,7.749000
208,9,2,7.819600,7.779000,7.741000,7.832000,7.867000,7.879000
208,10,2,7.725200,7.668000,7.656000,7.683000,7.763000,7.856000
208,11,2,7.655000,7.532000,7.582000,7.768000,7.637000,7.756000
208,12,2,7.750400,7.792000,7.675000,7.669000,7.723000,7.893000
208,13,2,7.594800,7.511000,7.594000,7.651000,7.547000,7.671000
208,14,2,7.634800,7.606000,7.547000,7.729000,7.696000,7.596000
208,15,2,7.665000,7.652000,7.612000,7.701000,7.670000,7.690000
208,16,2,7.445600,7.363000,7.398000,7.620000,7.352000,7.495000
208,17,2,7.406600,7.475000,7.305000,7.442000,7.428000,7.383000
208,18,2,7.604200,7.568000,7.498000,7.682000,7.547000,7.726000
208,19,2,7.599800,7.572000,7.493000,7.629000,7.635000,7.670000
209,0,2,7.649800,7.682000,7.677000,7.689000,7.687000,7.514000
209,1,2,7.747000,7.768000,7.782000,7.768000,7.756000,7.661000
209,2,2,7.514000,7.463000,7.575000,7.602000,7.539000,7.391000
209,3,2,7.615800,7.528000,7.622000,7.613000,7.728000,7.588000
209,4,2,7.666600,7.670000,7.714000,7.664000,7.607000,7.678000
209,5,2,7.780000,7.718000,7.806000,7.769000,7.769000,7.838000
209,6,2,7.645600,7.595000,7.761000,7.668000,7.661000,7.543000
209,7,2,7.798000,7.812000,7.847000,7.776000,7.805000,7.750000
209,8,2,7.760200,7.786000,7.777000,7.811000,7.687000,7.740000
209,9,2,7.587800,7.680000,7.613000,7.601000,7.728000,7.317000
209,10,2,7.655400,7.692000,7.743000,7.696000,7.668000,7.478000
209,11,2,7.696600,7.646000,7.761000,7.697000,7.748000,7.631000
209,12,2,7.685600,7.648000,7.761000,7.698000,7.732000,7.589000
209,13,2,7.498800,7.539000,7.499000,7.634000,7.400000,7.422000
209,14,2,7.538000,7.604000,7.545000,7.513000,7.584000,7.444000
209,15,2,7.730800,7.701000,7.744000,7.750000,7.747000,7.712000
209,16,2,7.770200,7.746000,7.800000,7.757000,7.815000,7.733000
209,17,2,7.721000,7.709000,7.745000,7.734000,7.740000,7.677000
209,18,2,7.654000,7.694000,7.726000,7.600000,7.701000,7.549000
209,19,2,7.804400,7.814000,7.839000,7.790000,7.805000,7.774000
210,0,0,4.978800,5.061000,4.954000,4.913000,4.969000,4.997000
210,1,0,4.786400,4.750000,4.863000,4.694000,4.885000,4.740000
210,2,0,4.916600,4.929000,4.971000,4.884000,4.886000,4.913000
210,3,0,4.868200,4.826000,4.935000,4.844000,4.927000,4.809000
210,4,0,4.987200,4.882000,5.046000,4.936000,4.998000,5.074000
210,5,0,5.012200,5.003000,5.059000,4.904000,4.966000,5.129000
210,6,0,4.930800,4.889000,4.943000,4.898000,5.009000,4.915000
210,7,0,4.926200,5.010000,4.813000,4.818000,4.967000,5.023000
210,8,0,4.982800,4.881000,5.033000,4.907000,5.131000,4.962000
210,9,0,5.042800,5.039000,4.970000,5.071000,5.115000,5.019000
210,10,0,4.912200,4.852000,4.930000,4.871000,4.968000,4.940000
210,11,0,4.915800,4.860000,4.734000,4.862000,5.026000,5.097000
210,12,0,4.827200,4.893000,4.797000,4.780000,4.912000,4.754000
210,13,0,4.961200,4.896000,5.084000,4.931000,4.852000,5.043000
210,14,0,4.858000,4.893000,4.830000,4.774000,4.884000,4.909000
210,15,0,5.011600,5.011000,5.069000,4.967000,4.954000,5.057000
210,16,0,4.959400,4.918000,4.913000,4.961000,4.989000,5.016000
210,17,0,4.967400,4.956000,5.016000,4.879000,5.041000,4.945000
210,18,0,4.799400,4.901000,4.656000,4.828000,4.927000,4.685000
210,19,0,4.852800,4.908000,4.717000,4.843000,4.825000,4.971000
210,20,1,4.799000,4.830000,4.720000,4.845000,4.781000,4.819000
210,21,1,4.947400,5.049000,4.826000,4.876000,5.018000,4.968000
210,22,1,4.952800,5.000000,5.050000,4.867000,4.915000,4.932000
210,23,1,4.937800,5.029000,4.992000,4.923000,4.894000,4.851000
210,24,1,4.797400,4.828000,4.815000,4.697000,4.833000,4.814000
210,25,1,4.777800,4.751000,4.853000,4.776000,4.668000,4.841000
210,26,1,4.669200,4.782000,4.647000,4.567000,4.542000,4.808000
210,27,1,4.849400,4.923000,5.027000,4.615000,4.835000,4.847000
210,28,1,4.751400,4.750000,4.656000,4.652000,4.776000,4.923000
210,29,1,4.880800,4.873000,4.981000,4.849000,4.805000,4.896000
210,30,1,4.798800,4.748000,4.794000,4.762000,4.786000,4.904000
210,31,1,4.937200,5.056000,4.935000,4.780000,4.995000,4.920000
210,32,1,4.869200,4.864000,4.862000,4.854000,4.860000,4.906000
210,33,1,4.940000,4.993000,5.046000,4.758000,4.903000,5.000000
210,34,1,5.020400,4.964000,5.097000,4.894000,5.013000,5.134000
210,35,1,4.765200,4.834000,4.905000,4.642000,4.656000,4.789000
210,36,1,4.825200,4.863000,4.869000,4.747000,4.786000,4.861000
210,37,1,4.681800,4.700000,4.809000,4.674000,4.635000,4.591000
210,38,1,4.663800,4.615000,4.756000,4.668000,4.598000,4.682000
210,39,1,4.835400,4.908000,4.941000,4.734000,4.815000,4.779000
210,40,2,7.805200,7.845000,7.896000,7.771000,7.803000,7.711000
210,41,2,7.755200,7.751000,7.846000,7.700000,7.704000,7.775000
210,42,2,7.672000,7.715000,7.697000,7.645000,7.676000,7.627000
210,43,2,7.777600,7.773000,7.810000,7.761000,7.843000,7.701000
210,44,2,7.742000,7.770000,7.761000,7.715000,7.786000,7.678000
210,45,2,7.685400,7.642000,7.847000,7.608000,7.658000,7.672000
210,46,2,7.672400,7.676000,7.733000,7.634000,7.719000,7.600000
210,47,2,7.717800,7.793000,7.817000,7.496000,7.843000,7.640000
210,48,2,7.761800,7.829000,7.729000,7.748000,7.770000,7.733000
210,49,2,7.852400,7.879000,7.914000,7.793000,7.885000,7.791000
210,50,2,7.810000,7.788000,7.837000,7.850000,7.875000,7.700000
210,51,2,7.813600,7.802000,7.847000,7.784000,7.859000,7.776000
210,52,2,7.626600,7.691000,7.670000,7.540000,7.564000,7.668000
210,53,2,7.782400,7.847000,7.905000,7.676000,7.691000,7.793000
210,54,2,7.538600,7.640000,7.617000,7.469000,7.568000,7.399000
210,55,2,7.451600,7.597000,7.498000,7.334000,7.425000,7.404000
210,56,2,7.799200,7.819000,7.831000,7.819000,7.791000,7.736000
210,57,2,7.650000,7.729000,7.770000,7.447000,7.631000,7.673000
210,58,2,7.774000,7.776000,7.876000,7.680000,7.818000,7.720000
210,59,2,7.552600,7.603000,7.622000,7.478000,7.555000,7.505000
210,60,3,4.794600,4.948000,4.838000,4.822000,4.620000,4.745000
210,61,3,4.963400,4.931000,5.078000,4.912000,5.084000,4.812000
210,62,3,5.008000,5.076000,5.027000,4.897000,4.993000,5.047000
210,63,3,4.916200,5.044000,4.947000,4.761000,4.881000,4.948000
210,64,3,5.019400,5.104000,5.069000,4.908000,5.095000,4.921000
210,65,3,4.767000,4.867000,4.766000,4.668000,4.853000,4.681000
210,66,3,4.916200,5.009000,4.894000,4.801000,4.947000,4.930000
210,67,3,4.856000,4.898000,4.947000,4.703000,4.874000,4.858000
210,68,3,4.541800,4.651000,4.555000,4.366000,4.595000,4.542000
210,69,3,4.780800,4.865000,4.761000,4.624000,4.886000,4.768000
210,70,3,4.903800,5.001000,4.990000,4.842000,4.860000,4.826000
210,71,3,4.794600,4.927000,4.721000,4.734000,4.758000,4.833000
210,72,3,4.921200,5.114000,4.850000,4.839000,4.900000,4.903000
210,73,3,4.629800,4.626000,4.709000,4.562000,4.641000,4.611000
210,74,3,4.809400,4.893000,4.779000,4.709000,4.844000,4.822000
210,75,3,4.623600,4.697000,4.707000,4.442000,4.646000,4.626000
210,76,3,4.897000,5.020000,4.901000,4.805000,4.841000,4.918000
210,77,3,4.774600,4.822000,4.877000,4.653000,4.770000,4.751000
210,78,3,4.853200,4.958000,4.955000,4.699000,4.869000,4.785000
210,79,3,4.859200,4.998000,4.876000,4.807000,4.829000,4.786000
210,80,4,4.614400,4.748000,4.732000,4.551000,4.512000,4.529000
210,81,4,4.706400,4.741000,4.738000,4.776000,4.648000,4.629000
210,82,4,4.833200,4.907000,5.062000,4.676000,4.798000,4.723000
210,83,4,4.812000,4.801000,4.961000,4.702000,4.767000,4.829000
210,84,4,4.831200,4.947000,4.810000,4.778000,4.833000,4.788000
210,85,4,4.743800,4.831000,4.822000,4.727000,4.636000,4.703000
210,86,4,4.817400,4.912000,5.031000,4.612000,4.835000,4.697000
210,87,4,4.882200,5.104000,4.925000,4.732000,4.813000,4.837000
210,88,4,4.879000,5.027000,4.908000,4.720000,4.975000,4.765000
210,89,4,4.736600,4.821000,4.824000,4.649000,4.699000,4.690000
210,90,4,4.722600,4.849000,4.778000,4.599000,4.781000,4.606000
210,91,4,4.620800,4.591000,4.766000,4.554000,4.615000,4.578000
210,92,4,5.089800,5.146000,5.265000,4.926000,5.124000,4.988000
210,93,4,4.837600,4.920000,4.782000,4.704000,4.903000,4.879000
210,94,4,4.797200,4.849000,4.938000,4.650000,4.853000,4.696000
210,95,4,4.781400,4.893000,4.892000,4.684000,4.681000,4.757000
210,96,4,4.753000,4.846000,4.870000,4.712000,4.681000,4.656000
210,97,4,4.910000,4.895000,5.031000,4.806000,4.914000,4.904000
210,98,4,4.857000,5.003000,4.971000,4.834000,4.727000,4.750000
210,99,4,4.735200,4.772000,4.804000,4.621000,4.800000,4.679000
211,0,2,7.576000,7.542000,7.569000,7.538000,7.607000,7.624000
211,1,2,7.715600,7.686000,7.756000,7.661000,7.757000,7.718000
211,2,2,7.612600,7.521000,7.594000,7.666000,7.745000,7.537000
211,3,2,7.780400,7.695000,7.933000,7.717000,7.817000,7.740000
211,4,2,7.621200,7.531000,7.682000,7.634000,7.680000,7.579000
211,5,2,7.685400,7.633000,7.721000,7.644000,7.730000,7.699000
211,6,2,7.601600,7.731000,7.558000,7.547000,7.548000,7.624000
211,7,2,7.771000,7.750000,7.716000,7.722000,7.843000,7.824000
211,8,2,7.638800,7.542000,7.690000,7.560000,7.610000,7.792000
211,9,2,7.711600,7.718000,7.747000,7.702000,7.699000,7.692000
211,10,2,7.654000,7.659000,7.652000,7.626000,7.642000,7.691000
211,11,2,7.696600,7.744000,7.803000,7.525000,7.757000,7.654000
211,12,2,7.635000,7.619000,7.712000,7.591000,7.675000,7.578000
211,13,2,7.245400,7.216000,7.179000,7.244000,7.232000,7.356000
211,14,2,7.711800,7.660000,7.806000,7.697000,7.670000,7.726000
211,15,2,7.741000,7.805000,7.784000,7.627000,7.689000,7.800000
211,16,2,7.593200,7.578000,7.709000,7.549000,7.550000,7.580000
211,17,2,7.634600,7.627000,7.707000,7.672000,7.585000,7.582000
211,18,2,7.682400,7.648000,7.701000,7.651000,7.733000,7.679000
211,19,2,7.656400,7.641000,7.733000,7.652000,7.662000,7.594000
212,0,2,7.688800,7.655000,7.786000,7.616000,7.792000,7.595000
212,1,2,7.623200,7.576000,7.691000,7.634000,7.673000,7.542000
212,2,2,7.563800,7.492000,7.594000,7.504000,7.684000,7.545000
212,3,2,7.669600,7.604000,7.649000,7.705000,7.682000,7.708000
212,4,2,7.525200,7.393000,7.656000,7.573000,7.556000,7.448000
212,5,2,7.783800,7.817000,7.767000,7.740000,7.849000,7.746000
212,6,2,7.840800,7.818000,7.893000,7.799000,7.858000,7.836000
212,7,2,7.738200,7.660000,7.811000,7.729000,7.788000,7.703000
212,8,2,7.749400,7.699000,7.836000,7.681000,7.768000,7.763000
212,9,2,7.547600,7.494000,7.655000,7.541000,7.574000,7.474000
212,10,2,7.755400,7.635000,7.826000,7.782000,7.833000,7.701000
212,11,2,7.686400,7.555000,7.764000,7.721000,7.727000,7.665000
212,12,2,7.674200,7.579000,7.688000,7.719000,7.744000,7.641000
212,13,2,7.785800,7.702000,7.899000,7.831000,7.784000,7.713000
212,14,2,7.539400,7.519000,7.580000,7.511000,7.564000,7.523000
212,15,2,7.722400,7.701000,7.833000,7.683000,7.810000,7.585000
212,16,2,7.758200,7.773000,7.746000,7.678000,7.803000,7.791000
212,17,2,7.802800,7.776000,7.854000,7.710000,7.951000,7.723000
212,18,2,7.537200,7.439000,7.562000,7.565000,7.544000,7.576000
212,19,2,7.670800,7.653000,7.705000,7.667000,7.599000,7.730000
213,0,2,7.512600,7.560000,7.447000,7.426000,7.650000,7.480000
213,1,2,7.713200,7.777000,7.628000,7.839000,7.729000,7.593000
213,2,2,7.860800,7.913000,7.846000,7.795000,7.884000,7.866000
213,3,2,7.754600,7.767000,7.751000,7.739000,7.793000,7.723000
213,4,2,7.721600,7.708000,7.708000,7.779000,7.767000,7.646000
213,5,2,7.756800,7.792000,7.677000,7.791000,7.847000,7.677000
213,6,2,7.811600,7.825000,7.746000,7.784000,7.869000,7.834000
213,7,2,7.835000,7.896000,7.743000,7.840000,7.938000,7.758000
213,8,2,7.784800,7.829000,7.718000,7.731000,7.898000,7.748000
213,9,2,7.828200,7.780000,7.813000,7.915000,7.896000,7.737000
213,10,2,7.779600,7.794000,7.766000,7.757000,7.808000,7.773000
213,11,2,7.822000,7.801000,7.755000,7.829000,7.901000,7.824000
213,12,2,7.768000,7.773000,7.706000,7.759000,7.863000,7.739000
213,13,2,7.799000,7.803000,7.769000,7.823000,7.873000,7.727000
213,14,2,7.705400,7.771000,7.681000,7.732000,7.690000,7.653000
213,15,2,7.713600,7.739000,7.676000,7.662000,7.761000,7.730000
213,16,2,7.777400,7.696000,7.713000,7.806000,7.845000,7.827000
213,17,2,7.807800,7.738000,7.720000,7.853000,7.899000,7.829000
213,18,2,7.826200,7.825000,7.751000,7.854000,7.891000,7.810000
213,19,2,7.805200,7.771000,7.754000,7.813000,7.948000,7.740000
214,0,2,7.817000,7.801000,7.766000,7.918000,7.866000,7.734000
214,1,2,7.659000,7.821000,7.674000,7.487000,7.767000,7.546000
214,2,2,7.808400,7.918000,7.782000,7.788000,7.911000,7.643000
214,3,2,7.674000,7.768000,7.679000,7.613000,7.731000,7.579000
214,4,2,7.712200,7.854000,7.814000,7.590000,7.680000,7.623000
214,5,2,7.891600,7.951000,7.867000,7.922000,7.932000,7.786000
214,6,2,7.844200,8.003000,7.831000,7.838000,7.859000,7.690000
214,7,2,7.707600,7.827000,7.756000,7.615000,7.751000,7.589000
214,8,2,7.885600,7.966000,7.924000,7.861000,7.914000,7.763000
214,9,2,7.827000,7.920000,7.760000,7.848000,7.927000,7.680000
214,10,2,7.693000,7.824000,7.782000,7.661000,7.596000,7.602000
214,11,2,7.884600,7.870000,7.938000,7.977000,7.905000,7.733000
214,12,2,7.789000,7.893000,7.732000,7.807000,7.845000,7.668000
214,13,2,7.809200,7.828000,7.773000,7.837000,7.883000,7.725000
214,14,2,7.794600,7.851000,7.843000,7.790000,7.832000,7.657000
214,15,2,7.598800,7.702000,7.693000,7.535000,7.682000,7.382000
214,16,2,7.636000,7.668000,7.754000,7.528000,7.654000,7.576000
214,17,2,7.735600,7.846000,7.813000,7.730000,7.692000,7.597000
214,18,2,7.689200,7.720000,7.672000,7.619000,7.779000,7.656000
214,19,2,7.787200,7.869000,7.870000,7.740000,7.820000,7.637000
215,0,2,7.701400,7.651000,7.766000,7.620000,7.725000,7.745000
215,1,2,7.666600,7.667000,7.734000,7.554000,7.707000,7.671000
215,2,2,7.750600,7.768000,7.730000,7.677000,7.811000,7.767000
215,3,2,7.710400,7.596000,7.817000,7.617000,7.736000,7.786000
215,4,2,7.714400,7.762000,7.686000,7.651000,7.722000,7.751000
215,5,2,7.612400,7.703000,7.675000,7.511000,7.573000,7.600000
215,6,2,7.440800,7.506000,7.421000,7.407000,7.431000,7.439000
215,7,2,7.691200,7.571000,7.794000,7.634000,7.757000,7.700000
215,8,2,7.501200,7.567000,7.393000,7.477000,7.489000,7.580000
215,9,2,7.403000,7.388000,7.444000,7.386000,7.370000,7.427000
215,10,2,7.682000,7.594000,7.721000,7.603000,7.827000,7.665000
215,11,2,7.656400,7.645000,7.704000,7.612000,7.654000,7.667000
215,12,2,7.539000,7.520000,7.719000,7.388000,7.540000,7.528000
215,13,2,7.814200,7.756000,7.801000,7.847000,7.822000,7.845000
215,14,2,7.665000,7.651000,7.698000,7.494000,7.747000,7.735000
215,15,2,7.604800,7.530000,7.661000,7.474000,7.675000,7.684000
215,16,2,7.662200,7.677000,7.700000,7.537000,7.671000,7.726000
215,17,2,7.614000,7.613000,7.593000,7.533000,7.675000,7.656000
215,18,2,7.504400,7.469000,7.535000,7.400000,7.620000,7.498000
215,19,2,7.595600,7.521000,7.736000,7.435000,7.634000,7.652000
216,0,2,7.716000,7.715000,7.699000,7.799000,7.616000,7.751000
216,1,2,7.845600,7.882000,7.851000,7.807000,7.797000,7.891000
216,2,2,7.721600,7.664000,7.808000,7.702000,7.639000,7.795000
216,3,2,7.512800,7.421000,7.569000,7.545000,7.433000,7.596000
216,4,2,7.664400,7.700000,7.721000,7.694000,7.535000,7.672000
216,5,2,7.747400,7.719000,7.733000,7.772000,7.770000,7.743000
216,6,2,7.624600,7.538000,7.738000,7.628000,7.526000,7.693000
216,7,2,7.727800,7.776000,7.603000,7.785000,7.623000,7.852000
216,8,2,7.781200,7.797000,7.785000,7.835000,7.638000,7.851000
216,9,2,7.642000,7.671000,7.626000,7.629000,7.548000,7.736000
216,10,2,7.674600,7.694000,7.710000,7.678000,7.584000,7.707000
216,11,2,7.750600,7.683000,7.813000,7.780000,7.629000,7.848000
216,12,2,7.773000,7.775000,7.853000,7.760000,7.629000,7.848000
216,13,2,7.832600,7.744000,7.908000,7.871000,7.709000,7.931000
216,14,2,7.763600,7.702000,7.865000,7.758000,7.613000,7.880000
216,15,2,7.667600,7.627000,7.699000,7.701000,7.656000,7.655000
216,16,2,7.710800,7.651000,7.735000,7.746000,7.615000,7.807000
216,17,2,7.351800,7.191000,7.410000,7.390000,7.347000,7.421000
216,18,2,7.630200,7.638000,7.633000,7.659000,7.582000,7.639000
216,19,2,7.697400,7.662000,7.732000,7.742000,7.576000,7.775000
217,0,2,7.815600,7.822000,7.855000,7.709000,7.836000,7.856000
217,1,2,7.695400,7.627000,7.783000,7.613000,7.677000,7.777000
217,2,2,7.743800,7.679000,7.773000,7.755000,7.686000,7.826000
217,3,2,7.697800,7.661000,7.675000,7.677000,7.661000,7.815000
217,4,2,7.748200,7.707000,7.752000,7.726000,7.696000,7.860000
217,5,2,7.782200,7.716000,7.726000,7.750000,7.774000,7.945000
217,6,2,7.747000,7.794000,7.772000,7.693000,7.660000,7.816000
217,7,2,7.718800,7.621000,7.720000,7.714000,7.689000,7.850000
217,8,2,7.798400,7.744000,7.811000,7.799000,7.768000,7.870000
217,9,2,7.558600,7.635000,7.471000,7.619000,7.448000,7.620000
217,10,2,7.636800,7.538000,7.658000,7.680000,7.707000,7.601000
217,11,2,7.772400,7.746000,7.797000,7.667000,7.722000,7.930000
217,12,2,7.645000,7.571000,7.714000,7.563000,7.601000,7.776000
217,13,2,7.787400,7.707000,7.934000,7.686000,7.771000,7.839000
217,14,2,7.787400,7.785000,7.850000,7.676000,7.712000,7.914000
217,15,2,7.759200,7.762000,7.740000,7.780000,7.719000,7.795000
217,16,2,7.712000,7.697000,7.708000,7.831000,7.574000,7.750000
217,17,2,7.745000,7.729000,7.691000,7.755000,7.737000,7.813000
217,18,2,7.638400,7.519000,7.677000,7.624000,7.624000,7.748000
217,19,2,7.764800,7.670000,7.887000,7.749000,7.731000,7.787000
218,0,2,7.598600,7.614000,7.578000,7.728000,7.564000,7.509000
218,1,2,7.768000,7.811000,7.849000,7.655000,7.811000,7.714000
218,2,2,7.759000,7.813000,7.759000,7.710000,7.806000,7.707000
218,3,2,7.693200,7.648000,7.633000,7.677000,7.815000,7.693000
218,4,2,7.771000,7.778000,7.831000,7.672000,7.809000,7.765000
218,5,2,7.721400,7.684000,7.876000,7.730000,7.689000,7.628000
218,6,2,7.715600,7.731000,7.779000,7.694000,7.716000,7.658000
218,7,2,7.764800,7.887000,7.705000,7.730000,7.808000,7.694000
218,8,2,7.769200,7.784000,7.808000,7.761000,7.839000,7.654000
218,9,2,7.584800,7.531000,7.674000,7.692000,7.545000,7.482000
218,10,2,7.768200,7.770000,7.848000,7.663000,7.784000,7.776000
218,11,2,7.498400,7.426000,7.568000,7.509000,7.552000,7.437000
218,12,2,7.789400,7.767000,7.811000,7.776000,7.834000,7.759000
218,13,2,7.757400,7.826000,7.802000,7.682000,7.833000,7.644000
218,14,2,7.721800,7.786000,7.712000,7.766000,7.721000,7.624000
218,15,2,7.798800,7.868000,7.745000,7.797000,7.800000,7.784000
218,16,2,7.714400,7.673000,7.746000,7.733000,7.756000,7.664000
218,17,2,7.792800,7.748000,7.835000,7.787000,7.867000,7.727000
218,18,2,7.617400,7.520000,7.735000,7.559000,7.723000,7.550000
218,19,2,7.832800,7.822000,7.842000,7.852000,7.876000,7.772000
219,0,2,7.767200,7.757000,7.829000,7.707000,7.729000,7.814000
219,1,2,7.754400,7.746000,7.815000,7.752000,7.727000,7.732000
219,2,2,7.643200,7.573000,7.662000,7.630000,7.662000,7.689000
219,3,2,7.705600,7.797000,7.782000,7.617000,7.695000,7.637000
219,4,2,7.864800,7.876000,7.908000,7.851000,7.781000,7.908000
219,5,2,7.760400,7.869000,7.829000,7.815000,7.549000,7.740000
219,6,2,7.836600,7.834000,7.916000,7.889000,7.741000,7.803000
219,7,2,7.809000,7.754000,7.964000,7.830000,7.735000,7.762000
219,8,2,7.569400,7.608000,7.685000,7.505000,7.454000,7.595000
219,9,2,7.816600,7.817000,7.995000,7.737000,7.708000,7.826000
219,10,2,7.757000,7.754000,7.858000,7.667000,7.732000,7.774000
219,11,2,7.570600,7.559000,7.731000,7.480000,7.514000,7.569000
219,12,2,7.822200,7.793000,7.920000,7.872000,7.703000,7.823000
219,13,2,7.772800,7.788000,7.859000,7.726000,7.712000,7.779000
219,14,2,7.575600,7.544000,7.686000,7.494000,7.544000,7.610000
219,15,2,7.702000,7.731000,7.828000,7.612000,7.644000,7.695000
219,16,2,7.710600,7.767000,7.798000,7.702000,7.608000,7.678000
219,17,2,7.781000,7.761000,7.903000,7.710000,7.778000,7.753000
219,18,2,7.762200,7.768000,7.851000,7.730000,7.710000,7.752000
219,19,2,7.741200,7.742000,7.781000,7.699000,7.736000,7.748000
220,0,0,4.953600,4.873000,5.188000,5.005000,4.977000,4.725000
220,1,0,4.965200,4.870000,4.995000,5.140000,4.967000,4.854000
220,2,0,4.834200,4.753000,4.978000,4.953000,4.728000,4.759000
220,3,0,4.635200,4.577000,4.663000,4.764000,4.557000,4.615000
220,4,0,4.856000,4.699000,4.918000,5.086000,4.875000,4.702000
220,5,0,4.712000,4.644000,4.819000,4.754000,4.781000,4.562000
220,6,0,5.057000,5.029000,4.811000,5.204000,5.200000,5.041000
220,7,0,4.854600,4.762000,5.017000,5.019000,4.772000,4.703000
220,8,0,4.984600,4.951000,5.000000,5.047000,5.027000,4.898000
220,9,0,4.901800,4.831000,4.902000,4.947000,4.917000,4.912000
220,10,0,4.958000,4.814000,5.125000,5.099000,4.875000,4.877000
220,11,0,4.752000,4.627000,4.809000,4.874000,4.676000,4.774000
220,12,0,4.871600,4.680000,4.997000,4.973000,4.959000,4.749000
220,13,0,4.713000,4.578000,4.752000,4.824000,4.700000,4.711000
220,14,0,4.889000,4.861000,4.957000,4.964000,4.846000,4.817000
220,15,0,4.869600,4.769000,4.970000,4.946000,4.787000,4.876000
220,16,0,4.706800,4.538000,4.819000,4.832000,4.664000,4.681000
220,17,0,5.030400,4.942000,5.174000,5.128000,4.995000,4.913000
220,18,0,4.960200,4.828000,5.032000,5.100000,4.974000,4.867000
220,19,0,4.929400,4.829000,5.109000,5.054000,4.928000,4.727000
220,20,1,4.919000,4.942000,4.861000,4.950000,4.916000,4.926000
220,21,1,4.906600,4.738000,4.865000,5.163000,4.916000,4.851000
220,22,1,4.745800,4.632000,4.908000,4.752000,4.642000,4.795000
220,23,1,4.851400,4.828000,4.871000,4.910000,4.822000,4.826000
220,24,1,4.875200,4.762000,4.972000,4.987000,4.864000,4.791000
220,25,1,4.809000,4.804000,4.800000,4.813000,4.774000,4.854000
220,26,1,4.889200,4.836000,4.868000,4.945000,4.941000,4.856000
220,27,1,4.705200,4.656000,4.732000,4.825000,4.716000,4.597000
220,28,1,4.892800,4.734000,4.883000,4.970000,4.903000,4.974000
220,29,1,4.763200,4.659000,4.909000,4.916000,4.694000,4.638000
220,30,1,4.750000,4.649000,4.730000,4.775000,4.831000,4.765000
220,31,1,4.891800,4.804000,4.968000,4.911000,4.908000,4.868000
220,32,1,4.961000,4.872000,5.197000,4.914000,4.941000,4.881000
220,33,1,4.864200,4.827000,4.930000,4.931000,4.811000,4.822000
220,34,1,4.657200,4.601000,4.810000,4.675000,4.554000,4.646000
220,35,1,4.924000,4.901000,5.034000,4.966000,4.884000,4.835000
220,36,1,4.767800,4.801000,4.828000,4.826000,4.755000,4.629000
220,37,1,4.794000,4.708000,4.912000,4.816000,4.778000,4.756000
220,38,1,4.912000,4.847000,4.928000,4.982000,4.946000,4.857000
220,39,1,5.010600,4.933000,5.161000,4.982000,4.897000,5.080000
220,40,2,7.719000,7.690000,7.705000,7.788000,7.659000,7.753000
220,41,2,7.775000,7.723000,7.715000,7.965000,7.728000,7.744000
220,42,2,7.665200,7.554000,7.719000,7.788000,7.621000,7.644000
220,43,2,7.716600,7.720000,7.564000,7.881000,7.673000,7.745000
220,44,2,7.770600,7.753000,7.788000,7.848000,7.727000,7.737000
220,45,2,7.719400,7.724000,7.592000,7.843000,7.690000,7.748000
220,46,2,7.597800,7.594000,7.521000,7.660000,7.663000,7.551000
220,47,2,7.805000,7.745000,7.736000,7.888000,7.759000,7.897000
220,48,2,7.758000,7.630000,7.758000,7.850000,7.725000,7.827000
220,49,2,7.751400,7.735000,7.733000,7.781000,7.719000,7.789000
220,50,2,7.689600,7.730000,7.622000,7.785000,7.634000,7.677000
220,51,2,7.713800,7.706000,7.721000,7.809000,7.665000,7.668000
220,52,2,7.767200,7.770000,7.553000,7.913000,7.801000,7.799000
220,53,2,7.672600,7.591000,7.668000,7.846000,7.644000,7.614000
220,54,2,7.751200,7.783000,7.632000,7.870000,7.693000,7.778000
220,55,2,7.769000,7.682000,7.644000,8.000000,7.711000,7.808000
220,56,2,7.772200,7.763000,7.723000,7.855000,7.754000,7.766000
220,57,2,7.714800,7.716000,7.698000,7.813000,7.716000,7.631000
220,58,2,7.683600,7.611000,7.688000,7.852000,7.655000,7.612000
220,59,2,7.784000,7.768000,7.686000,7.881000,7.799000,7.786000
220,60,3,4.768800,4.766000,4.864000,4.807000,4.709000,4.698000
220,61,3,4.938800,4.960000,4.979000,4.909000,4.874000,4.972000
220,62,3,4.916400,4.852000,4.998000,4.939000,4.852000,4.941000
220,63,3,4.851200,4.823000,4.918000,4.840000,4.830000,4.845000
220,64,3,4.864400,4.877000,4.630000,5.015000,4.833000,4.967000
220,65,3,4.975600,4.954000,5.055000,4.985000,4.927000,4.957000
220,66,3,5.050000,5.149000,5.119000,4.925000,5.049000,5.008000
220,67,3,4.761600,4.661000,4.806000,4.873000,4.714000,4.754000
220,68,3,4.833600,4.756000,4.805000,4.872000,4.848000,4.887000
220,69,3,4.831200,4.837000,4.819000,4.944000,4.758000,4.798000
220,70,3,4.966800,4.879000,5.007000,5.039000,4.981000,4.928000
220,71,3,5.004400,4.938000,5.038000,5.068000,4.927000,5.051000
220,72,3,4.901600,4.800000,4.990000,4.978000,4.902000,4.838000
220,73,3,4.789800,4.709000,4.783000,4.918000,4.792000,4.747000
220,74,3,4.972400,4.936000,4.927000,4.976000,4.963000,5.060000
220,75,3,4.841800,4.731000,4.889000,4.959000,4.734000,4.896000
220,76,3,4.805600,4.619000,5.014000,4.814000,4.778000,4.803000
220,77,3,4.929600,4.792000,5.084000,5.049000,4.828000,4.895000
220,78,3,5.034200,4.981000,5.144000,5.076000,4.979000,4.991000
220,79,3,4.841400,4.880000,4.808000,4.966000,4.755000,4.798000
220,80,4,4.640200,4.645000,4.528000,4.823000,4.611000,4.594000
220,81,4,4.740400,4.801000,4.822000,4.823000,4.576000,4.680000
220,82,4,4.795800,4.828000,4.946000,4.839000,4.656000,4.710000
220,83,4,4.770400,4.718000,4.768000,4.837000,4.858000,4.671000
220,84,4,4.675600,4.667000,4.730000,4.672000,4.702000,4.607000
220,85,4,4.863400,4.741000,4.924000,4.980000,4.838000,4.834000
220,86,4,4.925200,4.787000,5.028000,5.018000,5.061000,4.732000
220,87,4,4.911400,4.797000,4.929000,4.970000,4.943000,4.918000
220,88,4,4.804400,4.868000,4.805000,4.815000,4.697000,4.837000
220,89,4,4.905400,4.860000,5.014000,4.979000,4.799000,4.875000
220,90,4,4.761000,4.676000,4.838000,4.764000,4.751000,4.776000
220,91,4,4.692400,4.623000,4.808000,4.636000,4.710000,4.685000
220,92,4,4.768400,4.898000,4.699000,4.840000,4.699000,4.706000
220,93,4,4.905800,4.687000,4.964000,5.149000,4.893000,4.836000
220,94,4,4.777200,4.803000,4.749000,4.992000,4.696000,4.646000
220,95,4,4.676400,4.596000,4.720000,4.785000,4.715000,4.566000
220,96,4,4.745200,4.702000,4.870000,4.811000,4.658000,4.685000
220,97,4,4.695200,4.579000,4.765000,4.810000,4.698000,4.624000
220,98,4,4.671200,4.565000,4.806000,4.698000,4.717000,4.570000
220,99,4,5.015400,5.029000,5.141000,5.094000,4.843000,4.970000
221,0,2,7.647800,7.652000,7.627000,7.564000,7.816000,7.580000
221,1,2,7.794600,7.862000,7.783000,7.737000,7.928000,7.663000
221,2,2,7.794000,7.794000,7.619000,7.762000,8.036000,7.759000
221,3,2,7.691200,7.598000,7.751000,7.685000,7.804000,7.618000
221,4,2,7.808600,7.826000,7.632000,7.821000,7.963000,7.801000
221,5,2,7.756200,7.802000,7.517000,7.829000,7.943000,7.690000
221,6,2,7.826600,7.832000,7.721000,7.883000,7.876000,7.821000
221,7,2,7.569400,7.509000,7.568000,7.583000,7.670000,7.517000
221,8,2,7.784400,7.806000,7.686000,7.784000,7.924000,7.722000
221,9,2,7.566400,7.512000,7.683000,7.594000,7.567000,7.476000
221,10,2,7.752200,7.678000,7.709000,7.783000,7.919000,7.672000
221,11,2,7.759200,7.820000,7.665000,7.776000,7.907000,7.628000
221,12,2,7.797600,7.756000,7.745000,7.821000,7.855000,7.811000
221,13,2,7.802800,7.774000,7.706000,7.849000,7.913000,7.772000
221,14,2,7.705800,7.675000,7.552000,7.753000,7.867000,7.682000
221,15,2,7.769400,7.770000,7.752000,7.834000,7.878000,7.613000
221,16,2,7.797200,7.798000,7.632000,7.814000,7.976000,7.766000
221,17,2,7.698800,7.749000,7.572000,7.741000,7.867000,7.565000
221,18,2,7.837400,7.865000,7.769000,7.877000,7.985000,7.691000
221,19,2,7.617400,7.738000,7.496000,7.585000,7.659000,7.609000
222,0,2,7.760000,7.855000,7.853000,7.793000,7.613000,7.686000
222,1,2,7.655800,7.668000,7.623000,7.651000,7.617000,7.720000
222,2,2,7.774800,7.768000,7.828000,7.760000,7.685000,7.833000
222,3,2,7.738200,7.689000,7.824000,7.679000,7.699000,7.800000
222,4,2,7.783200,7.788000,7.876000,7.810000,7.758000,7.684000
222,5,2,7.701000,7.672000,7.756000,7.681000,7.679000,7.717000
222,6,2,7.710000,7.796000,7.820000,7.645000,7.586000,7.703000
222,7,2,7.740000,7.754000,7.870000,7.636000,7.617000,7.823000
222,8,2,7.789400,7.748000,7.816000,7.759000,7.788000,7.836000
222,9,2,7.748200,7.748000,7.764000,7.786000,7.613000,7.830000
222,10,2,7.709600,7.760000,7.780000,7.748000,7.568000,7.692000
222,11,2,7.773600,7.871000,7.813000,7.857000,7.647000,7.680000
222,12,2,7.780200,7.757000,7.847000,7.781000,7.715000,7.801000
222,13,2,7.642400,7.713000,7.609000,7.568000,7.571000,7.751000
222,14,2,7.775600,7.873000,7.837000,7.797000,7.594000,7.777000
222,15,2,7.755800,7.822000,7.765000,7.777000,7.737000,7.678000
222,16,2,7.793800,7.880000,7.836000,7.787000,7.684000,7.782000
222,17,2,7.762000,7.789000,7.744000,7.800000,7.690000,7.787000
222,18,2,7.304600,7.309000,7.358000,7.332000,7.152000,7.372000
222,19,2,7.761200,7.758000,7.801000,7.858000,7.574000,7.815000
223,0,2,7.744200,7.758000,7.736000,7.723000,7.788000,7.716000
223,1,2,7.889200,7.962000,7.906000,7.871000,7.870000,7.837000
223,2,2,7.761400,7.830000,7.757000,7.788000,7.787000,7.645000
223,3,2,7.824200,7.822000,7.876000,7.801000,7.812000,7.810000
223,4,2,7.641400,7.782000,7.687000,7.656000,7.535000,7.547000
223,5,2,7.724000,7.708000,7.691000,7.661000,7.768000,7.792000
223,6,2,7.779200,7.823000,7.807000,7.701000,7.783000,7.782000
223,7,2,7.773000,7.860000,7.779000,7.743000,7.754000,7.729000
223,8,2,7.681000,7.796000,7.652000,7.636000,7.722000,7.599000
223,9,2,7.771400,7.840000,7.842000,7.718000,7.782000,7.675000
223,10,2,7.764600,7.817000,7.827000,7.666000,7.765000,7.748000
223,11,2,7.782600,7.853000,7.871000,7.720000,7.696000,7.773000
223,12,2,7.695800,7.727000,7.652000,7.645000,7.744000,7.711000
223,13,2,7.785400,7.932000,7.771000,7.731000,7.742000,7.751000
223,14,2,7.647000,7.713000,7.573000,7.616000,7.713000,7.620000
223,15,2,7.758000,7.828000,7.756000,7.681000,7.772000,7.753000
223,16,2,7.653000,7.875000,7.677000,7.646000,7.713000,7.354000
223,17,2,7.644400,7.779000,7.609000,7.634000,7.591000,7.609000
223,18,2,7.753000,7.860000,7.722000,7.844000,7.649000,7.690000
223,19,2,7.741400,7.829000,7.800000,7.646000,7.705000,7.727000
224,0,2,7.623200,7.592000,7.674000,7.526000,7.630000,7.694000
224,1,2,7.761800,7.752000,7.702000,7.697000,7.838000,7.820000
224,2,2,7.745000,7.746000,7.700000,7.688000,7.863000,7.728000
224,3,2,7.731800,7.707000,7.673000,7.724000,7.772000,7.783000
224,4,2,7.458200,7.415000,7.565000,7.383000,7.466000,7.462000
224,5,2,7.719600,7.633000,7.824000,7.624000,7.761000,7.756000
224,6,2,7.635600,7.676000,7.647000,7.655000,7.672000,7.528000
224,7,2,7.617600,7.518000,7.599000,7.514000,7.753000,7.704000
224,8,2,7.538200,7.525000,7.384000,7.525000,7.643000,7.614000
224,9,2,7.679600,7.560000,7.697000,7.660000,7.734000,7.747000
224,10,2,7.851200,7.799000,7.887000,7.858000,7.892000,7.820000
224,11,2,7.804600,7.799000,7.787000,7.814000,7.805000,7.818000
224,12,2,7.698800,7.656000,7.694000,7.569000,7.800000,7.775000
224,13,2,7.819000,7.815000,7.730000,7.820000,7.867000,7.863000
224,14,2,7.863400,7.825000,7.827000,7.811000,7.865000,7.989000
224,15,2,7.720400,7.693000,7.677000,7.668000,7.792000,7.772000
224,16,2,7.765400,7.687000,7.759000,7.758000,7.803000,7.820000
224,17,2,7.756400,7.702000,7.770000,7.665000,7.832000,7.813000
224,18,2,7.827000,7.803000,7.863000,7.853000,7.774000,7.842000
224,19,2,7.857000,7.806000,7.907000,7.821000,7.854000,7.897000
225,0,2,7.750400,7.712000,7.858000,7.729000,7.699000,7.754000
225,1,2,7.761600,7.792000,7.756000,7.701000,7.793000,7.766000
225,2,2,7.763000,7.720000,7.833000,7.684000,7.791000,7.787000
225,3,2,7.801000,7.808000,7.884000,7.752000,7.818000,7.743000
225,4,2,7.753400,7.863000,7.844000,7.653000,7.711000,7.696000
225,5,2,7.714000,7.602000,7.897000,7.715000,7.621000,7.735000
225,6,2,7.816400,7.827000,7.831000,7.808000,7.898000,7.718000
225,7,2,7.854400,7.875000,7.948000,7.781000,7.863000,7.805000
225,8,2,7.819400,7.781000,7.979000,7.740000,7.744000,7.853000
225,9,2,7.823400,7.794000,7.849000,7.807000,7.871000,7.796000
225,10,2,7.710200,7.680000,7.790000,7.671000,7.691000,7.719000
225,11,2,7.799800,7.869000,7.839000,7.845000,7.795000,7.651000
225,12,2,7.631200,7.671000,7.680000,7.649000,7.587000,7.569000
225,13,2,7.727800,7.746000,7.816000,7.656000,7.714000,7.707000
225,14,2,7.739200,7.783000,7.786000,7.652000,7.729000,7.746000
225,15,2,7.811000,7.866000,7.841000,7.795000,7.753000,7.800000
225,16,2,7.846200,7.871000,7.905000,7.827000,7.780000,7.848000
225,17,2,7.785800,7.749000,7.911000,7.735000,7.809000,7.725000
225,18,2,7.541000,7.476000,7.557000,7.511000,7.531000,7.630000
225,19,2,7.612400,7.599000,7.772000,7.467000,7.645000,7.579000
226,0,2,7.757200,7.790000,7.746000,7.602000,7.776000,7.872000
226,1,2,7.742600,7.734000,7.686000,7.589000,7.835000,7.869000
226,2,2,7.791200,7.846000,7.710000,7.645000,7.856000,7.899000
226,3,2,7.742200,7.658000,7.787000,7.635000,7.839000,7.792000
226,4,2,7.844400,7.920000,7.820000,7.759000,7.840000,7.883000
226,5,2,7.825200,7.871000,7.729000,7.680000,7.898000,7.948000
226,6,2,7.767000,7.780000,7.750000,7.675000,7.844000,7.786000
226,7,2,7.836400,7.810000,7.815000,7.700000,7.905000,7.952000
226,8,2,7.821800,7.699000,7.814000,7.704000,7.874000,8.018000
226,9,2,7.747200,7.677000,7.774000,7.566000,7.897000,7.822000
226,10,2,7.771600,7.768000,7.608000,7.687000,7.939000,7.856000
226,11,2,7.765600,7.684000,7.722000,7.716000,7.884000,7.822000
226,12,2,7.776400,7.681000,7.764000,7.679000,7.907000,7.851000
226,13,2,7.725800,7.700000,7.701000,7.645000,7.740000,7.843000
226,14,2,7.721800,7.783000,7.632000,7.653000,7.752000,7.789000
226,15,2,7.822000,7.864000,7.743000,7.718000,7.860000,7.925000
226,16,2,7.748200,7.648000,7.746000,7.658000,7.872000,7.817000
226,17,2,7.775400,7.688000,7.741000,7.692000,7.856000,7.900000
226,18,2,7.690000,7.628000,7.743000,7.532000,7.829000,7.718000
226,19,2,7.744200,7.698000,7.700000,7.639000,7.886000,7.798000
227,0,2,7.784000,7.708000,7.968000,7.815000,7.784000,7.645000
227,1,2,7.764200,7.763000,7.852000,7.591000,7.741000,7.874000
227,2,2,7.810400,7.746000,7.960000,7.857000,7.795000,7.694000
227,3,2,7.807800,7.615000,8.032000,7.803000,7.844000,7.745000
227,4,2,7.801000,7.721000,7.900000,7.834000,7.795000,7.755000
227,5,2,7.784400,7.596000,7.915000,7.839000,7.819000,7.753000
227,6,2,7.834400,7.709000,8.058000,7.780000,7.841000,7.784000
227,7,2,7.845800,7.733000,8.038000,7.895000,7.789000,7.774000
227,8,2,7.673800,7.485000,7.816000,7.709000,7.708000,7.651000
227,9,2,7.790000,7.745000,7.971000,7.784000,7.730000,7.720000
227,10,2,7.836600,7.769000,7.983000,7.784000,7.840000,7.807000
227,11,2,7.745200,7.649000,7.897000,7.791000,7.702000,7.687000
227,12,2,7.766600,7.798000,7.887000,7.802000,7.754000,7.592000
227,13,2,7.692400,7.682000,7.907000,7.684000,7.540000,7.649000
227,14,2,7.809000,7.673000,8.022000,7.747000,7.920000,7.683000
227,15,2,7.776000,7.739000,7.903000,7.713000,7.857000,7.668000
227,16,2,7.861400,7.766000,8.040000,7.726000,7.884000,7.891000
227,17,2,7.810200,7.626000,7.957000,7.923000,7.786000,7.759000
227,18,2,7.770000,7.682000,7.949000,7.715000,7.767000,7.737000
227,19,2,7.800400,7.792000,8.033000,7.731000,7.715000,7.731000
228,0,2,7.783400,7.750000,7.800000,7.747000,7.801000,7.819000
228,1,2,7.834200,7.807000,7.850000,7.790000,7.865000,7.859000
228,2,2,7.792200,7.748000,7.776000,7.793000,7.735000,7.909000
228,3,2,7.832800,7.737000,7.768000,7.894000,7.884000,7.881000
228,4,2,7.784800,7.714000,7.766000,7.752000,7.848000,7.844000
228,5,2,7.781600,7.771000,7.792000,7.758000,7.757000,7.830000
228,6,2,7.794000,7.729000,7.722000,7.779000,7.849000,7.891000
228,7,2,7.794200,7.697000,7.784000,7.816000,7.783000,7.891000
228,8,2,7.750400,7.734000,7.674000,7.739000,7.826000,7.779000
228,9,2,7.802200,7.785000,7.682000,7.812000,7.793000,7.939000
228,10,2,7.788800,7.731000,7.803000,7.794000,7.797000,7.819000
228,11,2,7.830600,7.834000,7.802000,7.835000,7.820000,7.862000
228,12,2,7.637000,7.582000,7.555000,7.666000,7.687000,7.695000
228,13,2,7.786800,7.791000,7.768000,7.801000,7.731000,7.843000
228,14,2,7.726000,7.644000,7.670000,7.735000,7.798000,7.783000
228,15,2,7.769600,7.744000,7.739000,7.828000,7.811000,7.726000
228,16,2,7.829200,7.750000,7.696000,7.871000,7.934000,7.895000
228,17,2,7.814000,7.748000,7.818000,7.784000,7.873000,7.847000
228,18,2,7.764800,7.730000,7.705000,7.767000,7.784000,7.838000
228,19,2,7.779800,7.746000,7.713000,7.771000,7.894000,7.775000
229,0,2,7.748200,7.721000,7.806000,7.731000,7.690000,7.793000
229,1,2,7.829000,7.805000,7.979000,7.879000,7.733000,7.749000
229,2,2,7.724600,7.696000,7.694000,7.736000,7.695000,7.802000
229,3,2,7.720400,7.705000,7.858000,7.616000,7.713000,7.710000
229,4,2,7.865400,7.855000,7.985000,7.868000,7.828000,7.791000
229,5,2,7.675400,7.703000,7.782000,7.579000,7.645000,7.668000
229,6,2,7.822400,7.800000,7.881000,7.865000,7.698000,7.868000
229,7,2,7.765600,7.726000,7.874000,7.727000,7.714000,7.787000
229,8,2,7.694200,7.635000,7.821000,7.690000,7.643000,7.682000
229,9,2,7.649600,7.524000,7.770000,7.663000,7.682000,7.609000
229,10,2,7.773600,7.760000,7.842000,7.663000,7.747000,7.856000
229,11,2,7.817600,7.736000,7.905000,7.796000,7.840000,7.811000
229,12,2,7.752400,7.678000,7.856000,7.658000,7.775000,7.795000
229,13,2,7.792400,7.700000,7.870000,7.785000,7.754000,7.853000
229,14,2,7.827600,7.840000,7.910000,7.790000,7.799000,7.799000
229,15,2,7.769600,7.737000,7.854000,7.709000,7.786000,7.762000
229,16,2,7.792200,7.756000,7.768000,7.891000,7.778000,7.768000
229,17,2,7.703600,7.748000,7.758000,7.753000,7.596000,7.663000
229,18,2,7.777400,7.637000,7.872000,7.819000,7.737000,7.822000
229,19,2,7.803200,7.796000,7.928000,7.867000,7.650000,7.775000
230,0,0,5.075600,5.117000,5.068000,5.063000,5.031000,5.099000
230,1,0,4.865000,4.964000,5.013000,4.623000,4.911000,4.814000
230,2,0,5.044600,4.982000,5.170000,4.990000,5.048000,5.033000
230,3,0,5.071600,5.001000,5.085000,5.032000,5.159000,5.081000
230,4,0,5.203800,5.193000,5.277000,5.144000,5.215000,5.190000
230,5,0,5.071800,5.228000,5.135000,4.997000,4.998000,5.001000
230,6,0,4.935200,4.946000,4.916000,4.881000,5.030000,4.903000
230,7,0,5.236400,5.196000,5.318000,5.148000,5.286000,5.234000
230,8,0,4.853400,4.903000,4.926000,4.758000,4.841000,4.839000
230,9,0,4.901800,4.888000,4.922000,4.939000,4.903000,4.857000
230,10,0,5.015400,4.887000,5.115000,5.049000,5.028000,4.998000
230,11,0,4.876800,4.932000,5.026000,4.746000,4.929000,4.751000
230,12,0,4.908800,4.774000,4.983000,4.979000,4.924000,4.884000
230,13,0,4.964400,4.931000,5.029000,4.840000,4.957000,5.065000
230,14,0,5.020800,4.976000,5.107000,4.953000,5.031000,5.037000
230,15,0,4.935800,4.907000,5.096000,4.888000,4.933000,4.855000
230,16,0,4.933200,4.956000,5.007000,4.843000,5.028000,4.832000
230,17,0,5.101800,5.074000,5.119000,4.985000,5.218000,5.113000
230,18,0,4.891800,4.840000,4.892000,4.894000,4.956000,4.877000
230,19,0,5.126800,5.114000,5.326000,5.008000,5.132000,5.054000
230,20,1,5.062800,5.171000,4.968000,5.031000,5.155000,4.989000
230,21,1,5.136000,5.145000,5.201000,5.141000,5.090000,5.103000
230,22,1,5.180800,5.179000,5.165000,5.232000,5.293000,5.035000
230,23,1,5.295400,5.372000,5.354000,5.225000,5.324000,5.202000
230,24,1,5.103400,5.016000,5.123000,5.230000,5.219000,4.929000
230,25,1,5.212200,5.192000,5.276000,5.229000,5.230000,5.134000
230,26,1,4.972800,4.844000,5.151000,4.970000,5.031000,4.868000
230,27,1,5.089000,5.087000,5.141000,5.041000,5.161000,5.015000
230,28,1,5.059600,5.115000,5.030000,5.136000,5.115000,4.902000
230,29,1,5.065600,5.044000,5.187000,5.065000,5.114000,4.918000
230,30,1,5.095000,5.160000,5.229000,5.073000,5.106000,4.907000
230,31,1,5.090400,5.023000,5.158000,4.993000,5.235000,5.043000
230,32,1,5.214600,5.175000,5.279000,5.152000,5.288000,5.179000
230,33,1,5.133000,5.246000,5.112000,5.078000,5.259000,4.970000
230,34,1,5.244600,5.185000,5.346000,5.118000,5.272000,5.302000
230,35,1,5.229800,5.215000,5.289000,5.159000,5.301000,5.185000
230,36,1,5.175800,5.240000,5.250000,5.115000,5.181000,5.093000
230,37,1,5.122400,5.072000,5.169000,5.039000,5.167000,5.165000
230,38,1,4.863600,4.788000,4.807000,4.767000,5.095000,4.861000
230,39,1,5.168200,5.118000,5.171000,5.143000,5.246000,5.163000
230,40,2,7.722800,7.682000,7.796000,7.714000,7.650000,7.772000
230,41,2,7.729400,7.730000,7.616000,7.798000,7.807000,7.696000
230,42,2,7.730000,7.640000,7.796000,7.750000,7.763000,7.701000
230,43,2,7.802000,7.692000,7.855000,7.931000,7.801000,7.731000
230,44,2,7.758400,7.608000,7.823000,7.857000,7.744000,7.760000
230,45,2,7.716800,7.682000,7.681000,7.777000,7.737000,7.707000
230,46,2,7.709000,7.542000,7.710000,7.846000,7.725000,7.722000
230,47,2,7.808000,7.683000,7.816000,7.928000,7.824000,7.789000
230,48,2,7.814000,7.662000,7.812000,7.981000,7.800000,7.815000
230,49,2,7.834600,7.749000,7.911000,7.841000,7.814000,7.858000
230,50,2,7.824000,7.746000,7.893000,7.875000,7.851000,7.755000
230,51,2,7.787200,7.665000,7.880000,7.847000,7.737000,7.807000
230,52,2,7.809200,7.812000,7.763000,7.832000,7.799000,7.840000
230,53,2,7.803200,7.680000,7.870000,7.867000,7.821000,7.778000
230,54,2,7.740800,7.646000,7.775000,7.870000,7.703000,7.710000
230,55,2,7.762400,7.583000,7.732000,7.916000,7.805000,7.776000
230,56,2,7.738400,7.667000,7.739000,7.755000,7.746000,7.785000
230,57,2,7.767800,7.714000,7.783000,7.836000,7.769000,7.737000
230,58,2,7.848400,7.745000,7.991000,7.861000,7.756000,7.889000
230,59,2,7.649600,7.497000,7.749000,7.679000,7.675000,7.648000
230,60,3,4.947200,4.935000,5.051000,4.943000,5.014000,4.793000
230,61,3,4.891000,4.807000,4.946000,4.886000,4.990000,4.826000
230,62,3,4.904600,4.814000,5.022000,4.920000,4.999000,4.768000
230,63,3,5.052200,5.063000,5.222000,4.842000,5.023000,5.111000
230,64,3,4.936800,5.010000,5.019000,4.908000,4.869000,4.878000
230,65,3,4.874400,4.887000,4.869000,4.855000,4.907000,4.854000
230,66,3,4.997600,5.015000,4.950000,5.000000,5.023000,5.000000
230,67,3,5.028400,4.979000,5.066000,5.084000,5.085000,4.928000
230,68,3,4.861600,4.861000,4.910000,4.853000,4.848000,4.836000
230,69,3,5.045800,4.987000,5.135000,4.989000,5.093000,5.025000
230,70,3,4.896600,4.812000,5.063000,4.851000,4.969000,4.788000
230,71,3,5.047600,4.958000,5.098000,5.103000,5.068000,5.011000
230,72,3,4.828600,4.736000,4.917000,4.841000,4.927000,4.722000
230,73,3,4.939800,4.940000,5.008000,4.820000,4.986000,4.945000
230,74,3,4.963400,4.948000,5.069000,4.923000,4.951000,4.926000
230,75,3,5.053800,5.076000,5.096000,4.984000,5.164000,4.949000
230,76,3,4.874600,4.879000,4.929000,4.838000,4.893000,4.834000
230,77,3,5.104600,5.142000,5.095000,5.097000,5.134000,5.055000
230,78,3,4.993200,5.000000,5.114000,4.827000,5.079000,4.946000
230,79,3,4.875000,4.860000,5.035000,4.745000,4.865000,4.870000
230,80,4,5.016600,4.994000,5.135000,5.073000,4.955000,4.926000
230,81,4,4.985800,4.950000,5.068000,4.952000,5.002000,4.957000
230,82,4,4.840200,4.826000,4.921000,4.882000,4.810000,4.762000
230,83,4,4.888200,4.846000,4.869000,4.909000,4.974000,4.843000
230,84,4,5.009400,4.962000,5.009000,4.949000,5.152000,4.975000
230,85,4,4.824000,4.870000,4.831000,4.731000,4.843000,4.845000
230,86,4,4.904400,4.907000,4.937000,4.827000,4.967000,4.884000
230,87,4,5.044200,4.956000,5.098000,4.866000,5.153000,5.148000
230,88,4,4.845000,4.890000,4.761000,4.855000,4.943000,4.776000
230,89,4,5.084600,5.008000,5.141000,5.116000,5.085000,5.073000
230,90,4,4.828600,4.841000,4.827000,4.666000,4.939000,4.870000
230,91,4,4.987600,4.951000,5.076000,4.999000,4.965000,4.947000
230,92,4,4.755800,4.693000,4.691000,4.735000,4.893000,4.767000
230,93,4,4.957800,5.017000,4.964000,4.865000,4.902000,5.041000
230,94,4,5.047400,5.063000,5.097000,5.092000,4.977000,5.008000
230,95,4,4.968800,4.990000,4.969000,4.895000,5.051000,4.939000
230,96,4,5.003400,5.091000,4.958000,4.926000,5.039000,5.003000
230,97,4,4.973400,4.916000,5.089000,4.860000,5.104000,4.898000
230,98,4,4.987000,5.074000,4.900000,4.972000,5.065000,4.924000
230,99,4,5.160600,5.153000,5.116000,5.165000,5.231000,5.138000
231,0,2,7.824400,7.891000,7.781000,7.819000,7.765000,7.866000
231,1,2,7.837200,7.791000,7.875000,7.800000,7.837000,7.883000
231,2,2,7.825000,7.777000,7.853000,7.858000,7.633000,8.004000
231,3,2,7.767600,7.696000,7.818000,7.770000,7.687000,7.867000
231,4,2,7.644000,7.755000,7.625000,7.581000,7.618000,7.641000
231,5,2,7.832400,7.811000,7.786000,7.797000,7.845000,7.923000
231,6,2,7.793800,7.752000,7.871000,7.770000,7.597000,7.979000
231,7,2,7.842800,7.802000,7.809000,7.862000,7.850000,7.891000
231,8,2,7.816200,7.843000,7.844000,7.801000,7.739000,7.854000
231,9,2,7.814400,7.913000,7.778000,7.692000,7.719000,7.970000
231,10,2,7.818600,7.841000,7.796000,7.759000,7.793000,7.904000
231,11,2,7.820800,7.860000,7.854000,7.699000,7.827000,7.864000
231,12,2,7.840400,7.862000,7.856000,7.771000,7.796000,7.917000
231,13,2,7.671200,7.650000,7.699000,7.604000,7.669000,7.734000
231,14,2,7.846000,7.888000,7.767000,7.695000,7.861000,8.019000
231,15,2,7.734600,7.698000,7.670000,7.734000,7.682000,7.889000
231,16,2,7.829400,7.759000,7.828000,7.842000,7.830000,7.888000
231,17,2,7.810400,7.741000,7.874000,7.796000,7.696000,7.945000
231,18,2,7.807200,7.819000,7.790000,7.831000,7.778000,7.818000
231,19,2,7.752200,7.800000,7.727000,7.757000,7.646000,7.831000
232,0,2,7.853800,7.848000,7.859000,7.894000,7.837000,7.831000
232,1,2,7.854600,7.809000,7.789000,7.954000,7.774000,7.947000
232,2,2,7.788200,7.755000,7.817000,7.859000,7.653000,7.857000
232,3,2,7.757600,7.704000,7.733000,7.785000,7.808000,7.758000
232,4,2,7.876000,7.916000,7.719000,7.960000,7.832000,7.953000
232,5,2,7.765400,7.800000,7.748000,7.732000,7.654000,7.893000
232,6,2,7.790200,7.721000,7.842000,7.806000,7.750000,7.832000
232,7,2,7.887000,7.843000,7.908000,7.931000,7.863000,7.890000
232,8,2,7.791400,7.817000,7.761000,7.789000,7.779000,7.811000
232,9,2,7.829000,7.715000,7.720000,7.940000,7.865000,7.905000
232,10,2,7.530000,7.573000,7.550000,7.556000,7.401000,7.570000
232,11,2,7.813200,7.771000,7.711000,7.916000,7.831000,7.837000
232,12,2,7.844800,7.780000,7.848000,7.836000,7.860000,7.900000
232,13,2,7.860600,7.817000,7.880000,7.788000,7.857000,7.961000
232,14,2,7.851000,7.840000,7.838000,7.837000,7.797000,7.943000
232,15,2,7.717600,7.713000,7.690000,7.746000,7.636000,7.803000
232,16,2,7.835000,7.787000,7.770000,7.828000,7.861000,7.929000
232,17,2,7.713600,7.706000,7.758000,7.692000,7.599000,7.813000
232,18,2,7.770000,7.620000,7.752000,7.735000,7.782000,7.961000
232,19,2,7.817200,7.691000,7.761000,7.882000,7.903000,7.849000
233,0,2,7.853000,7.935000,7.808000,7.832000,7.785000,7.905000
233,1,2,7.813800,7.805000,7.813000,7.769000,7.763000,7.919000
233,2,2,7.840800,7.803000,7.865000,7.816000,7.776000,7.944000
233,3,2,7.807400,7.807000,7.840000,7.886000,7.615000,7.889000
233,4,2,7.813200,7.810000,7.794000,7.714000,7.825000,7.923000
233,5,2,7.892600,7.941000,7.898000,7.829000,7.884000,7.911000
233,6,2,7.817800,7.806000,7.793000,7.793000,7.819000,7.878000
233,7,2,7.811800,7.821000,7.806000,7.794000,7.786000,7.852000
233,8,2,7.826600,7.795000,7.960000,7.792000,7.731000,7.855000
233,9,2,7.877200,7.906000,7.894000,7.812000,7.836000,7.938000
233,10,2,7.844000,7.863000,7.877000,7.741000,7.832000,7.907000
233,11,2,7.925200,7.939000,7.972000,7.844000,7.981000,7.890000
233,12,2,7.787200,7.782000,7.739000,7.816000,7.793000,7.806000
233,13,2,7.867000,7.953000,7.779000,7.842000,7.907000,7.854000
233,14,2,7.873000,7.883000,7.913000,7.860000,7.780000,7.929000
233,15,2,7.828600,7.880000,7.742000,7.871000,7.798000,7.852000
233,16,2,7.887400,7.942000,7.834000,7.850000,7.853000,7.958000
233,17,2,7.888400,7.898000,7.899000,7.827000,7.853000,7.965000
233,18,2,7.827000,7.864000,7.726000,7.843000,7.794000,7.908000
233,19,2,7.762600,7.769000,7.867000,7.768000,7.770000,7.639000
234,0,2,7.938000,7.947000,7.945000,7.974000,7.922000,7.902000
234,1,2,7.882200,7.943000,7.823000,7.852000,7.891000,7.902000
234,2,2,7.922400,7.996000,7.780000,7.971000,7.939000,7.926000
234,3,2,7.938400,7.965000,7.986000,7.980000,7.967000,7.794000
234,4,2,7.921600,7.920000,7.939000,8.017000,7.908000,7.824000
234,5,2,7.777000,7.783000,7.805000,7.774000,7.844000,7.679000
234,6,2,7.967000,7.959000,7.944000,8.036000,8.007000,7.889000
234,7,2,7.890400,7.938000,7.874000,7.997000,7.880000,7.763000
234,8,2,7.896400,7.844000,7.902000,8.042000,7.869000,7.825000
234,9,2,7.881600,7.928000,7.929000,7.959000,7.859000,7.733000
234,10,2,7.907600,7.904000,7.818000,7.924000,8.025000,7.867000
234,11,2,7.955200,8.010000,7.984000,7.969000,7.882000,7.931000
234,12,2,7.942400,8.061000,7.837000,7.899000,7.997000,7.918000
234,13,2,7.602200,7.654000,7.606000,7.688000,7.695000,7.368000
234,14,2,7.889400,7.889000,7.884000,7.998000,7.859000,7.817000
234,15,2,7.684000,7.707000,7.650000,7.839000,7.736000,7.488000
234,16,2,7.904400,7.904000,7.929000,7.977000,7.938000,7.774000
234,17,2,7.942200,7.850000,7.857000,7.996000,8.046000,7.962000
234,18,2,7.809800,7.762000,7.734000,7.930000,7.919000,7.704000
234,19,2,7.829200,7.844000,7.818000,7.908000,7.926000,7.650000
235,0,2,7.801800,7.844000,7.860000,7.744000,7.743000,7.818000
235,1,2,7.862800,7.900000,7.817000,7.841000,7.793000,7.963000
235,2,2,7.778000,7.838000,7.785000,7.777000,7.646000,7.844000
235,3,2,7.783800,7.827000,7.764000,7.762000,7.708000,7.858000
235,4,2,7.872800,7.918000,7.827000,7.941000,7.799000,7.879000
235,5,2,7.874800,7.954000,7.890000,7.850000,7.865000,7.815000
235,6,2,7.836600,7.832000,7.820000,7.819000,7.758000,7.954000
235,7,2,7.846600,8.043000,7.921000,7.764000,7.763000,7.742000
235,8,2,7.746800,7.668000,7.882000,7.810000,7.677000,7.697000
235,9,2,7.878200,7.885000,7.880000,7.938000,7.847000,7.841000
235,10,2,7.898400,7.919000,7.953000,7.891000,7.773000,7.956000
235,11,2,7.833000,7.873000,7.887000,7.936000,7.746000,7.723000
235,12,2,7.880000,7.922000,7.891000,7.970000,7.797000,7.820000
235,13,2,7.829800,7.987000,7.902000,7.753000,7.774000,7.733000
235,14,2,7.886000,7.988000,7.874000,7.916000,7.807000,7.845000
235,15,2,7.789200,7.871000,7.940000,7.691000,7.621000,7.823000
235,16,2,7.570600,7.713000,7.545000,7.479000,7.471000,7.645000
235,17,2,7.905000,7.932000,8.013000,7.944000,7.763000,7.873000
235,18,2,7.815600,7.937000,7.800000,7.798000,7.733000,7.810000
235,19,2,7.745200,7.734000,7.751000,7.824000,7.712000,7.705000
236,0,2,7.862200,7.845000,7.892000,7.910000,7.822000,7.842000
236,1,2,7.840800,7.886000,7.865000,7.851000,7.797000,7.805000
236,2,2,7.581000,7.422000,7.710000,7.755000,7.565000,7.453000
236,3,2,7.855400,7.801000,7.942000,7.879000,7.862000,7.793000
236,4,2,7.869200,7.951000,7.856000,7.907000,7.915000,7.717000
236,5,2,7.817400,7.793000,7.891000,7.774000,7.816000,7.813000
236,6,2,7.778400,7.730000,7.892000,7.721000,7.823000,7.726000
236,7,2,7.902000,7.909000,7.986000,7.830000,7.881000,7.904000
236,8,2,7.845000,7.922000,7.890000,7.783000,7.811000,7.819000
236,9,2,7.845000,7.710000,7.980000,7.843000,7.850000,7.842000
236,10,2,7.813800,7.788000,7.959000,7.781000,7.810000,7.731000
236,11,2,7.847400,7.844000,7.876000,7.919000,7.758000,7.840000
236,12,2,7.875800,7.919000,7.929000,7.852000,7.888000,7.791000
236,13,2,7.864800,7.835000,7.924000,7.862000,7.846000,7.857000
236,14,2,7.771400,7.727000,7.878000,7.800000,7.741000,7.711000
236,15,2,7.744400,7.779000,7.784000,7.783000,7.773000,7.603000
236,16,2,7.884400,7.860000,7.955000,7.853000,7.900000,7.854000
236,17,2,7.886800,7.836000,7.942000,7.835000,7.960000,7.861000
236,18,2,7.898600,7.860000,7.953000,7.826000,7.981000,7.873000
236,19,2,7.836400,7.864000,7.846000,7.831000,7.791000,7.850000
237,0,2,7.868600,7.819000,7.890000,7.916000,7.806000,7.912000
237,1,2,7.881400,7.918000,7.843000,7.837000,7.922000,7.887000
237,2,2,7.731000,7.738000,7.940000,7.599000,7.685000,7.693000
237,3,2,7.881200,7.905000,7.946000,7.867000,7.862000,7.826000
237,4,2,7.767000,7.659000,7.884000,7.652000,7.835000,7.805000
237,5,2,7.886600,7.814000,7.944000,7.822000,7.958000,7.895000
237,6,2,7.930200,7.946000,7.899000,7.897000,7.953000,7.956000
237,7,2,7.876800,7.928000,7.836000,7.823000,7.802000,7.995000
237,8,2,7.874400,7.875000,7.895000,7.770000,7.859000,7.973000
237,9,2,7.714800,7.660000,7.822000,7.620000,7.790000,7.682000
237,10,2,7.886000,7.766000,7.974000,7.776000,7.919000,7.995000
237,11,2,7.779800,7.779000,7.876000,7.736000,7.730000,7.778000
237,12,2,7.907200,7.822000,7.955000,7.877000,7.850000,8.032000
237,13,2,7.853000,7.850000,7.886000,7.800000,7.911000,7.818000
237,14,2,7.743400,7.717000,7.831000,7.676000,7.733000,7.760000
237,15,2,7.928800,7.898000,7.950000,7.944000,7.851000,8.001000
237,16,2,7.870000,7.873000,7.785000,7.848000,7.936000,7.908000
237,17,2,7.811800,7.741000,7.942000,7.697000,7.768000,7.911000
237,18,2,7.921200,7.961000,7.841000,7.873000,7.914000,8.017000
237,19,2,7.873800,7.853000,7.963000,7.852000,7.780000,7.921000
238,0,2,7.912200,7.972000,7.923000,7.837000,7.929000,7.900000
238,1,2,7.916400,7.967000,7.992000,7.820000,7.907000,7.896000
238,2,2,7.789200,7.869000,7.776000,7.740000,7.849000,7.712000
238,3,2,7.910000,7.893000,7.915000,7.837000,8.002000,7.903000
238,4,2,7.861800,7.857000,7.831000,7.831000,7.958000,7.832000
238,5,2,7.994800,7.997000,8.061000,7.909000,8.050000,7.957000
238,6,2,7.989600,7.991000,8.002000,8.012000,8.021000,7.922000
238,7,2,7.979000,7.989000,8.013000,7.900000,7.993000,8.000000
238,8,2,7.907800,7.944000,7.992000,7.806000,7.855000,7.942000
238,9,2,7.428600,7.465000,7.546000,7.286000,7.424000,7.422000
238,10,2,7.954200,7.971000,7.988000,7.856000,8.006000,7.950000
238,11,2,8.007600,7.946000,8.045000,7.941000,8.045000,8.061000
238,12,2,7.965600,8.042000,7.926000,7.971000,7.948000,7.941000
238,13,2,8.003400,8.012000,8.013000,8.022000,7.960000,8.010000
238,14,2,7.897800,7.877000,7.995000,7.846000,7.895000,7.876000
238,15,2,7.875000,7.932000,7.887000,7.850000,7.846000,7.860000
238,16,2,7.800200,7.772000,7.854000,7.752000,7.872000,7.751000
238,17,2,7.697400,7.721000,7.723000,7.584000,7.744000,7.715000
238,18,2,7.925800,7.886000,7.922000,7.943000,7.987000,7.891000
238,19,2,7.980200,7.972000,7.897000,7.991000,7.992000,8.049000
239,0,2,7.972600,7.896000,7.998000,7.964000,7.942000,8.063000
239,1,2,7.911000,7.966000,7.841000,7.799000,7.997000,7.952000
239,2,2,7.863600,7.895000,7.791000,7.776000,7.935000,7.921000
239,3,2,7.850000,7.836000,7.749000,7.813000,7.884000,7.968000
239,4,2,7.946000,7.937000,7.912000,7.925000,7.910000,8.046000
239,5,2,7.979400,8.013000,7.963000,7.866000,7.930000,8.125000
239,6,2,8.005600,7.999000,7.963000,7.957000,8.035000,8.074000
239,7,2,7.830600,7.849000,7.678000,7.767000,7.952000,7.907000
239,8,2,7.936800,7.934000,7.941000,7.875000,7.961000,7.973000
239,9,2,7.936800,7.943000,7.915000,7.854000,7.949000,8.023000
239,10,2,8.000600,7.981000,8.021000,8.014000,7.874000,8.113000
239,11,2,7.909800,7.873000,7.887000,7.856000,7.870000,8.063000
239,12,2,7.966000,7.927000,7.993000,7.896000,7.951000,8.063000
239,13,2,7.891200,7.906000,7.868000,7.838000,7.848000,7.996000
239,14,2,7.917000,7.959000,7.785000,7.827000,7.989000,8.025000
239,15,2,7.998200,8.000000,7.943000,7.984000,7.989000,8.075000
239,16,2,8.027000,8.008000,8.100000,7.939000,7.967000,8.121000
239,17,2,7.984000,8.005000,7.921000,7.982000,7.929000,8.083000
239,18,2,7.974800,7.956000,7.976000,7.957000,7.914000,8.071000
239,19,2,7.937400,7.975000,7.925000,7.839000,7.959000,7.989000
240,0,0,4.767400,4.358000,4.722000,4.986000,5.092000,4.679000
240,1,0,5.044000,5.101000,5.064000,5.149000,5.124000,4.782000
240,2,0,4.935600,4.881000,4.930000,5.195000,5.107000,4.565000
240,3,0,5.032400,4.817000,5.171000,5.076000,5.153000,4.945000
240,4,0,5.040600,5.065000,5.122000,5.104000,5.116000,4.796000
240,5,0,4.959800,4.862000,4.962000,5.062000,4.999000,4.914000
240,6,0,4.959600,4.867000,5.089000,5.013000,5.123000,4.706000
240,7,0,5.055800,5.291000,5.106000,5.045000,5.140000,4.697000
240,8,0,4.955200,5.170000,4.924000,5.108000,5.101000,4.473000
240,9,0,4.903600,4.559000,5.111000,5.085000,5.008000,4.755000
240,10,0,5.021000,5.004000,5.021000,5.122000,5.107000,4.851000
240,11,0,5.098600,5.183000,5.107000,5.125000,5.049000,5.029000
240,12,0,4.846000,4.466000,5.118000,5.075000,5.178000,4.393000
240,13,0,4.962400,4.830000,4.980000,5.026000,5.113000,4.863000
240,14,0,4.849600,4.573000,5.032000,5.056000,4.978000,4.609000
240,15,0,5.101800,5.110000,5.219000,5.060000,5.151000,4.969000
240,16,0,5.157200,5.107000,5.154000,5.231000,5.288000,5.006000
240,17,0,4.936000,5.075000,5.096000,4.873000,4.926000,4.710000
240,18,0,5.019800,5.006000,5.107000,4.979000,4.904000,5.103000
240,19,0,5.089800,5.140000,5.106000,5.082000,5.154000,4.967000
240,20,1,5.134400,5.258000,5.199000,5.101000,5.038000,5.076000
240,21,1,5.024000,5.076000,5.025000,4.873000,5.083000,5.063000
240,22,1,4.901400,5.093000,4.909000,4.743000,4.923000,4.839000
240,23,1,4.947600,4.996000,5.138000,4.849000,4.874000,4.881000
240,24,1,5.106400,5.250000,5.093000,4.976000,5.165000,5.048000
240,25,1,5.064600,5.087000,4.939000,5.090000,5.103000,5.104000
240,26,1,4.928600,5.062000,5.069000,4.761000,4.973000,4.778000
240,27,1,4.942800,5.045000,4.993000,4.801000,4.919000,4.956000
240,28,1,4.918000,5.012000,4.986000,4.730000,4.980000,4.882000
240,29,1,4.964800,5.102000,4.918000,4.926000,4.915000,4.963000
240,30,1,4.916200,4.966000,5.019000,4.870000,4.929000,4.797000
240,31,1,4.962000,5.186000,5.042000,4.720000,4.989000,4.873000
240,32,1,4.888200,4.913000,4.915000,4.767000,5.030000,4.816000
240,33,1,4.784800,4.798000,4.810000,4.699000,4.896000,4.721000
240,34,1,5.011600,4.984000,5.071000,4.878000,5.012000,5.113000
240,35,1,4.887000,5.020000,4.961000,4.736000,4.770000,4.948000
240,36,1,5.138800,5.209000,5.132000,4.995000,5.258000,5.100000
240,37,1,4.800000,4.951000,4.906000,4.641000,4.783000,4.719000
240,38,1,5.078400,5.042000,5.106000,4.984000,5.292000,4.968000
240,39,1,5.146200,5.228000,5.056000,5.088000,5.222000,5.137000
240,40,2,7.866000,7.828000,7.870000,7.973000,7.990000,7.669000
240,41,2,7.865200,7.824000,7.799000,7.973000,7.910000,7.820000
240,42,2,7.885000,7.833000,7.870000,7.901000,8.028000,7.793000
240,43,2,7.875200,7.810000,7.788000,8.005000,7.933000,7.840000
240,44,2,7.708400,7.806000,7.620000,7.749000,7.758000,7.609000
240,45,2,7.853400,7.910000,7.749000,7.904000,7.828000,7.876000
240,46,2,7.853600,7.800000,7.845000,7.874000,7.979000,7.770000
240,47,2,7.936400,7.815000,7.862000,8.039000,8.048000,7.918000
240,48,2,7.874000,7.855000,7.886000,7.915000,7.883000,7.831000
240,49,2,7.988400,7.964000,7.928000,8.104000,7.975000,7.971000
240,50,2,7.879400,7.901000,7.764000,7.925000,7.981000,7.826000
240,51,2,7.723400,7.812000,7.610000,7.660000,7.875000,7.660000
240,52,2,7.873200,7.932000,7.884000,7.895000,7.942000,7.713000
240,53,2,7.895800,7.921000,7.836000,7.977000,8.036000,7.709000
240,54,2,7.757600,7.835000,7.592000,7.727000,7.861000,7.773000
240,55,2,7.838400,7.904000,7.760000,7.911000,7.881000,7.736000
240,56,2,7.910800,7.893000,7.900000,7.977000,7.903000,7.881000
240,57,2,7.934000,7.994000,7.933000,8.012000,7.892000,7.839000
240,58,2,7.939200,7.948000,7.877000,7.995000,7.997000,7.879000
240,59,2,7.875000,7.948000,7.807000,7.895000,7.926000,7.799000
240,60,3,5.070800,5.125000,5.139000,5.062000,5.063000,4.965000
240,61,3,5.086800,5.178000,5.134000,5.017000,4.949000,5.156000
240,62,3,4.991800,5.084000,5.092000,4.935000,4.905000,4.943000
240,63,3,5.001200,5.038000,5.064000,4.979000,4.980000,4.945000
240,64,3,5.044200,4.945000,5.178000,5.030000,5.133000,4.935000
240,65,3,4.959400,4.972000,4.963000,5.019000,4.992000,4.851000
240,66,3,4.997800,5.050000,4.967000,4.923000,5.050000,4.999000
240,67,3,4.907600,4.997000,5.036000,5.045000,4.552000,4.908000
240,68,3,5.069800,5.045000,5.128000,5.036000,5.174000,4.966000
240,69,3,5.045800,5.152000,5.065000,5.078000,5.016000,4.918000
240,70,3,4.998400,5.059000,4.900000,5.046000,5.020000,4.967000
240,71,3,5.032200,5.108000,4.985000,5.038000,5.038000,4.992000
240,72,3,5.078800,5.072000,5.108000,5.163000,5.105000,4.946000
240,73,3,4.977600,5.107000,5.002000,5.086000,4.572000,5.121000
240,74,3,5.108200,5.093000,5.190000,5.032000,5.094000,5.132000
240,75,3,5.086200,5.093000,5.167000,5.000000,5.132000,5.039000
240,76,3,4.990000,5.144000,5.146000,5.054000,4.469000,5.137000
240,77,3,4.816600,4.582000,5.071000,4.885000,4.676000,4.869000
240,78,3,5.040200,5.137000,5.103000,4.876000,5.069000,5.016000
240,79,3,4.863200,4.927000,4.843000,4.906000,4.874000,4.766000
240,80,4,4.845200,4.880000,4.762000,4.835000,4.839000,4.910000
240,81,4,4.885800,4.986000,4.928000,4.859000,4.907000,4.749000
240,82,4,4.914400,4.967000,4.933000,4.908000,4.893000,4.871000
240,83,4,4.804600,4.775000,4.887000,4.783000,4.780000,4.798000
240,84,4,4.951200,4.940000,5.082000,4.884000,4.908000,4.942000
240,85,4,4.682800,4.856000,4.764000,4.535000,4.683000,4.576000
240,86,4,4.783000,4.794000,4.766000,4.750000,4.896000,4.709000
240,87,4,4.880000,4.937000,4.917000,4.807000,4.976000,4.763000
240,88,4,4.901400,4.966000,4.966000,4.892000,4.872000,4.811000
240,89,4,4.961600,5.040000,4.921000,4.994000,4.975000,4.878000
240,90,4,5.158400,5.246000,5.244000,4.942000,5.278000,5.082000
240,91,4,5.000000,5.112000,5.115000,5.027000,4.902000,4.844000
240,92,4,4.938200,5.069000,4.942000,4.961000,4.987000,4.732000
240,93,4,4.948600,4.896000,4.928000,4.934000,5.023000,4.962000
240,94,4,4.841400,4.929000,4.809000,4.857000,4.868000,4.744000
240,95,4,4.748000,4.736000,4.756000,4.718000,4.804000,4.726000
240,96,4,4.798200,4.918000,4.817000,4.808000,4.766000,4.682000
240,97,4,4.837200,4.891000,4.913000,4.765000,4.748000,4.869000
240,98,4,4.953000,5.026000,4.986000,4.950000,4.874000,4.929000
240,99,4,5.043400,5.112000,4.932000,5.121000,4.999000,5.053000
241,0,2,7.988600,8.053000,8.007000,7.931000,7.946000,8.006000
241,1,2,7.996600,8.016000,7.974000,7.966000,8.021000,8.006000
241,2,2,7.882600,7.919000,7.863000,7.804000,7.899000,7.928000
241,3,2,7.923800,7.889000,7.996000,7.873000,7.968000,7.893000
241,4,2,7.994000,8.076000,8.142000,7.830000,8.007000,7.915000
241,5,2,8.008400,8.072000,7.990000,7.959000,8.053000,7.968000
241,6,2,7.906400,7.951000,7.890000,7.901000,7.863000,7.927000
241,7,2,7.965200,8.005000,7.949000,7.900000,7.956000,8.016000
241,8,2,8.009600,8.048000,8.049000,8.023000,8.030000,7.898000
241,9,2,7.975000,8.078000,8.009000,7.881000,7.984000,7.923000
241,10,2,7.931800,8.056000,7.867000,7.941000,7.889000,7.906000
241,11,2,8.001000,8.058000,8.004000,8.003000,8.014000,7.926000
241,12,2,8.042400,8.065000,8.082000,7.987000,8.079000,7.999000
241,13,2,7.957400,8.051000,7.842000,8.017000,7.965000,7.912000
241,14,2,7.992000,8.028000,8.047000,7.941000,8.034000,7.910000
241,15,2,7.949400,7.935000,7.897000,7.856000,7.969000,8.090000
241,16,2,7.909400,7.924000,8.003000,7.726000,7.998000,7.896000
241,17,2,7.969400,8.007000,8.038000,7.930000,7.952000,7.920000
241,18,2,7.933000,7.959000,7.915000,7.797000,7.987000,8.007000
241,19,2,7.962000,7.988000,8.018000,7.875000,7.944000,7.985000
242,0,2,7.931400,8.116000,7.859000,8.029000,7.840000,7.813000
242,1,2,7.973200,8.118000,8.003000,7.943000,7.928000,7.874000
242,2,2,7.889200,7.978000,7.924000,7.987000,7.809000,7.748000
242,3,2,7.696000,7.780000,7.471000,7.847000,7.785000,7.597000
242,4,2,7.980200,8.043000,7.946000,7.985000,7.952000,7.975000
242,5,2,7.971600,8.029000,8.006000,7.899000,7.921000,8.003000
242,6,2,7.939600,8.090000,7.882000,7.935000,7.948000,7.843000
242,7,2,8.001400,8.016000,7.982000,7.992000,8.020000,7.997000
242,8,2,7.914200,8.014000,7.844000,7.946000,7.893000,7.874000
242,9,2,7.996600,8.113000,8.019000,7.903000,7.961000,7.987000
242,10,2,7.975400,8.096000,7.967000,7.938000,7.904000,7.972000
242,11,2,7.952000,8.031000,7.979000,7.950000,7.906000,7.894000
242,12,2,7.895600,7.993000,7.841000,7.866000,7.850000,7.928000
242,13,2,7.990800,8.159000,7.952000,7.957000,7.946000,7.940000
242,14,2,7.933000,8.062000,7.833000,7.974000,7.920000,7.876000
242,15,2,7.959600,8.043000,8.003000,7.922000,7.892000,7.938000
242,16,2,7.949000,8.057000,7.911000,7.863000,7.970000,7.944000
242,17,2,7.971400,8.099000,8.017000,8.001000,7.824000,7.916000
242,18,2,7.991400,8.075000,7.867000,8.028000,8.039000,7.948000
242,19,2,7.966800,8.094000,7.948000,7.943000,7.909000,7.940000
243,0,2,8.057400,7.996000,7.989000,8.121000,8.102000,8.079000
243,1,2,7.907600,8.011000,7.858000,7.836000,7.878000,7.955000
243,2,2,7.926400,7.926000,7.788000,8.023000,8.002000,7.893000
243,3,2,7.965600,7.952000,7.844000,7.990000,8.026000,8.016000
243,4,2,7.954400,8.009000,7.897000,7.932000,7.932000,8.002000
243,5,2,7.984600,7.921000,7.862000,8.053000,8.105000,7.982000
243,6,2,7.965600,7.916000,7.856000,8.109000,8.004000,7.943000
243,7,2,7.956000,7.984000,7.966000,7.977000,7.881000,7.972000
243,8,2,7.982000,7.995000,7.893000,8.041000,7.999000,7.982000
243,9,2,7.991200,8.016000,7.955000,8.061000,7.941000,7.983000
243,10,2,7.956400,7.956000,7.882000,7.986000,7.882000,8.076000
243,11,2,7.980400,7.993000,7.964000,7.965000,7.997000,7.983000
243,12,2,8.028400,8.063000,7.890000,8.098000,8.005000,8.086000
243,13,2,7.981000,7.945000,7.863000,8.135000,8.014000,7.948000
243,14,2,7.998000,8.014000,7.936000,7.935000,8.014000,8.091000
243,15,2,8.092200,8.050000,8.040000,8.184000,8.101000,8.086000
243,16,2,8.055600,8.050000,8.001000,8.120000,8.078000,8.029000
243,17,2,8.033600,8.073000,7.885000,8.108000,8.033000,8.069000
243,18,2,7.963600,7.941000,7.912000,8.006000,7.947000,8.012000
243,19,2,7.945400,7.911000,7.887000,7.994000,8.020000,7.915000
244,0,2,8.047800,7.995000,8.146000,8.041000,8.008000,8.049000
244,1,2,8.079000,8.039000,8.160000,8.070000,8.060000,8.066000
244,2,2,7.928800,7.909000,7.854000,7.899000,7.978000,8.004000
244,3,2,8.054800,7.995000,8.124000,8.048000,8.075000,8.032000
244,4,2,7.907600,7.910000,7.996000,7.861000,7.860000,7.911000
244,5,2,7.913000,7.880000,7.947000,7.902000,7.890000,7.946000
244,6,2,8.042600,7.981000,8.136000,8.079000,8.044000,7.973000
244,7,2,7.973800,7.929000,8.017000,8.000000,7.967000,7.956000
244,8,2,7.936800,7.816000,7.945000,7.900000,7.939000,8.084000
244,9,2,7.902000,7.888000,7.963000,7.850000,7.914000,7.895000
244,10,2,8.022400,7.937000,8.149000,7.968000,7.992000,8.066000
244,11,2,8.096000,8.054000,8.095000,8.103000,8.135000,8.093000
244,12,2,8.031600,7.916000,8.124000,7.992000,8.097000,8.029000
244,13,2,8.034400,8.027000,8.065000,8.086000,8.031000,7.963000
244,14,2,8.001000,7.953000,8.046000,8.013000,8.040000,7.953000
244,15,2,7.909000,7.834000,7.974000,7.841000,7.933000,7.963000
244,16,2,8.054000,8.054000,8.083000,8.060000,8.085000,7.988000
244,17,2,7.958600,7.894000,7.979000,7.937000,7.968000,8.015000
244,18,2,8.043000,8.008000,8.105000,7.995000,8.055000,8.052000
244,19,2,8.051000,7.987000,8.066000,8.008000,8.093000,8.101000
245,0,2,8.017400,7.971000,8.036000,8.050000,8.001000,8.029000
245,1,2,7.893200,7.879000,7.798000,7.838000,8.039000,7.912000
245,2,2,8.019800,8.035000,8.071000,8.052000,8.016000,7.925000
245,3,2,7.954000,7.882000,7.979000,8.023000,7.989000,7.897000
245,4,2,8.051000,7.984000,8.055000,8.045000,8.090000,8.081000
245,5,2,7.927800,7.880000,7.938000,8.016000,7.891000,7.914000
245,6,2,8.045000,8.062000,7.971000,8.003000,8.135000,8.054000
245,7,2,7.999400,7.967000,8.015000,8.108000,7.960000,7.947000
245,8,2,8.047400,8.027000,8.073000,8.092000,8.008000,8.037000
245,9,2,7.780800,7.750000,7.828000,7.804000,7.817000,7.705000
245,10,2,7.960200,8.016000,7.905000,8.005000,8.043000,7.832000
245,11,2,8.082200,8.103000,8.109000,8.063000,8.134000,8.002000
245,12,2,7.977800,7.953000,7.956000,8.003000,8.067000,7.910000
245,13,2,8.039200,7.935000,8.008000,8.065000,8.114000,8.074000
245,14,2,8.001200,7.989000,7.963000,7.997000,8.094000,7.963000
245,15,2,7.960000,7.938000,7.873000,8.001000,8.005000,7.983000
245,16,2,7.996800,7.979000,7.987000,8.060000,8.043000,7.915000
245,17,2,7.979600,8.000000,7.989000,7.994000,8.024000,7.891000
245,18,2,8.006600,7.995000,8.009000,8.078000,8.015000,7.936000
245,19,2,7.879200,7.807000,7.857000,7.947000,7.913000,7.872000
246,0,2,7.940600,7.936000,7.962000,7.956000,8.006000,7.843000
246,1,2,8.033000,8.023000,8.015000,8.022000,8.234000,7.871000
246,2,2,8.031200,8.120000,8.118000,7.912000,8.091000,7.915000
246,3,2,8.020000,8.000000,8.117000,8.033000,8.141000,7.809000
246,4,2,8.039600,8.070000,8.127000,8.011000,8.124000,7.866000
246,5,2,7.987200,7.973000,7.994000,8.032000,8.094000,7.843000
246,6,2,8.044000,7.975000,8.062000,8.036000,8.235000,7.912000
246,7,2,8.009200,7.991000,8.008000,7.957000,8.208000,7.882000
246,8,2,7.974800,7.933000,7.960000,7.998000,8.112000,7.871000
246,9,2,8.017600,7.924000,8.060000,8.090000,8.135000,7.879000
246,10,2,7.967000,7.816000,8.008000,8.051000,8.010000,7.950000
246,11,2,7.902200,7.912000,7.940000,7.867000,8.048000,7.744000
246,12,2,7.982600,7.879000,8.102000,7.992000,8.125000,7.815000
246,13,2,7.987000,7.957000,7.979000,7.943000,8.133000,7.923000
246,14,2,7.991800,7.976000,8.029000,7.962000,8.172000,7.820000
246,15,2,8.046000,8.010000,8.032000,8.110000,8.137000,7.941000
246,16,2,7.906000,7.860000,7.909000,7.937000,8.011000,7.813000
246,17,2,8.002400,7.979000,7.969000,8.015000,8.079000,7.970000
246,18,2,7.976000,8.002000,7.985000,7.942000,8.048000,7.903000
246,19,2,7.990000,8.002000,7.986000,7.992000,8.050000,7.920000
247,0,2,7.997600,7.897000,7.984000,7.942000,8.079000,8.086000
247,1,2,8.023200,7.967000,8.080000,7.976000,8.093000,8.000000
247,2,2,8.002600,7.937000,8.134000,7.819000,8.140000,7.983000
247,3,2,8.018800,7.875000,8.123000,8.004000,8.053000,8.039000
247,4,2,8.010000,7.950000,8.147000,7.907000,8.077000,7.969000
247,5,2,8.122800,8.097000,8.125000,8.091000,8.230000,8.071000
247,6,2,7.967200,7.955000,8.045000,7.858000,8.046000,7.932000
247,7,2,8.025800,7.953000,8.129000,7.918000,8.039000,8.090000
247,8,2,8.060800,8.002000,8.078000,7.989000,8.160000,8.075000
247,9,2,7.948600,7.957000,7.993000,7.871000,8.035000,7.887000
247,10,2,8.021200,7.935000,8.161000,7.891000,8.111000,8.008000
247,11,2,8.027600,7.912000,8.122000,8.068000,8.096000,7.940000
247,12,2,8.040000,7.950000,8.109000,7.938000,8.148000,8.055000
247,13,2,8.004000,7.941000,8.044000,7.919000,8.066000,8.050000
247,14,2,8.046800,8.065000,8.120000,7.945000,8.074000,8.030000
247,15,2,8.093200,8.070000,8.148000,7.989000,8.169000,8.090000
247,16,2,8.020400,7.928000,8.067000,7.941000,8.083000,8.083000
247,17,2,7.985600,7.972000,7.981000,7.996000,8.039000,7.940000
247,18,2,7.971200,7.885000,8.044000,7.988000,8.031000,7.908000
247,19,2,8.020200,7.951000,8.146000,7.943000,8.066000,7.995000
248,0,2,8.016000,8.046000,7.956000,7.995000,8.013000,8.070000
248,1,2,7.871200,7.836000,7.739000,7.943000,7.885000,7.953000
248,2,2,8.016600,8.020000,7.934000,7.995000,8.045000,8.089000
248,3,2,7.994600,7.979000,8.014000,7.966000,7.904000,8.110000
248,4,2,8.025000,8.079000,8.028000,7.948000,7.999000,8.071000
248,5,2,7.962400,8.003000,7.915000,8.044000,7.827000,8.023000
248,6,2,8.044200,8.021000,8.051000,8.020000,8.073000,8.056000
248,7,2,7.896200,7.841000,7.948000,7.970000,7.775000,7.947000
248,8,2,8.026000,8.009000,8.017000,8.018000,7.970000,8.116000
248,9,2,7.995800,8.080000,7.899000,7.986000,8.017000,7.997000
248,10,2,7.978200,7.920000,8.033000,8.060000,7.798000,8.080000
248,11,2,7.992200,8.015000,7.994000,7.959000,8.000000,7.993000
248,12,2,7.889400,7.886000,7.921000,7.810000,7.779000,8.051000
248,13,2,7.959400,7.977000,7.920000,7.952000,7.961000,7.987000
248,14,2,7.974000,7.922000,7.946000,8.001000,7.988000,8.013000
248,15,2,8.016000,8.000000,8.027000,7.996000,7.888000,8.169000
248,16,2,7.891600,7.958000,7.713000,7.905000,7.921000,7.961000
248,17,2,7.954000,7.894000,7.965000,7.911000,7.932000,8.068000
248,18,2,7.906000,7.927000,7.981000,7.835000,7.838000,7.949000
248,19,2,8.015400,7.995000,8.071000,7.974000,7.886000,8.151000
249,0,2,7.944600,7.922000,8.005000,7.912000,7.903000,7.981000
249,1,2,8.044000,8.075000,8.123000,8.059000,7.896000,8.067000
249,2,2,8.049600,8.120000,8.010000,8.043000,7.942000,8.133000
249,3,2,7.998200,8.024000,8.006000,8.019000,7.869000,8.073000
249,4,2,7.984400,7.926000,8.079000,7.981000,7.882000,8.054000
249,5,2,8.018600,8.086000,8.035000,8.078000,7.876000,8.018000
249,6,2,7.887400,7.893000,7.973000,7.957000,7.784000,7.830000
249,7,2,7.974000,7.981000,8.043000,7.963000,7.914000,7.969000
249,8,2,7.996200,8.107000,8.095000,7.950000,7.891000,7.938000
249,9,2,7.992400,8.095000,7.971000,8.022000,7.859000,8.015000
249,10,2,7.989800,7.999000,8.067000,7.982000,7.944000,7.957000
249,11,2,8.079000,8.047000,8.144000,8.075000,7.972000,8.157000
249,12,2,7.982600,8.089000,7.956000,7.920000,7.927000,8.021000
249,13,2,8.049000,8.217000,8.013000,8.080000,7.870000,8.065000
249,14,2,8.035600,7.999000,8.062000,8.050000,7.990000,8.077000
249,15,2,7.944400,7.969000,7.991000,7.944000,7.895000,7.923000
249,16,2,7.993400,7.978000,8.017000,8.038000,7.979000,7.955000
249,17,2,7.989600,8.015000,8.012000,7.992000,7.946000,7.983000
249,18,2,7.956400,8.015000,7.984000,8.055000,7.734000,7.994000
249,19,2,7.951600,8.033000,7.930000,7.990000,7.918000,7.887000
250,0,0,5.132800,5.003000,5.171000,5.130000,5.187000,5.173000
250,1,0,5.136400,5.141000,4.937000,5.109000,5.252000,5.243000
250,2,0,5.043400,5.021000,5.065000,5.006000,5.140000,4.985000
250,3,0,5.048400,5.028000,4.771000,4.997000,5.233000,5.213000
250,4,0,5.120000,4.938000,5.048000,5.160000,5.241000,5.213000
250,5,0,5.053800,5.069000,4.889000,5.130000,5.142000,5.039000
250,6,0,5.173800,5.117000,4.908000,5.226000,5.268000,5.350000
250,7,0,5.108200,5.151000,5.026000,5.082000,5.161000,5.121000
250,8,0,5.094800,4.991000,5.094000,5.086000,5.222000,5.081000
250,9,0,5.172400,5.137000,5.133000,5.157000,5.231000,5.204000
250,10,0,5.134400,5.087000,4.964000,5.240000,5.185000,5.196000
250,11,0,4.980600,4.869000,4.722000,5.065000,5.207000,5.040000
250,12,0,5.103600,5.123000,4.904000,5.103000,5.238000,5.150000
250,13,0,5.104000,4.950000,5.126000,5.085000,5.183000,5.176000
250,14,0,5.075200,4.957000,5.153000,5.010000,5.128000,5.128000
250,15,0,5.004800,5.059000,4.847000,4.969000,5.165000,4.984000
250,16,0,5.051400,4.990000,4.913000,5.034000,5.113000,5.207000
250,17,0,5.187600,4.955000,5.028000,5.272000,5.399000,5.284000
250,18,0,5.142400,5.084000,4.948000,5.069000,5.340000,5.271000
250,19,0,5.188800,5.078000,4.784000,5.294000,5.469000,5.319000
250,20,1,5.000400,5.003000,4.954000,4.997000,5.018000,5.030000
250,21,1,5.104000,5.114000,5.061000,5.108000,5.078000,5.159000
250,22,1,5.078800,5.064000,5.124000,5.114000,5.012000,5.080000
250,23,1,5.058000,4.941000,5.060000,5.194000,4.963000,5.132000
250,24,1,4.990800,5.078000,4.967000,4.943000,4.901000,5.065000
250,25,1,4.904800,4.863000,4.984000,4.899000,4.938000,4.840000
250,26,1,5.081400,5.164000,4.976000,5.133000,5.059000,5.075000
250,27,1,4.817200,4.885000,4.762000,4.831000,4.757000,4.851000
250,28,1,5.064000,5.243000,4.952000,5.021000,4.970000,5.134000
250,29,1,4.958000,4.992000,4.952000,4.977000,5.011000,4.858000
250,30,1,5.162400,5.105000,5.100000,5.202000,5.246000,5.159000
250,31,1,4.985200,4.951000,4.993000,5.076000,4.866000,5.040000
250,32,1,5.057600,5.074000,4.955000,5.146000,5.038000,5.075000
250,33,1,5.009000,4.925000,4.925000,5.043000,5.052000,5.100000
250,34,1,4.822200,4.781000,4.830000,4.874000,4.739000,4.887000
250,35,1,5.118600,5.068000,5.069000,5.189000,5.016000,5.251000
250,36,1,4.903800,4.910000,4.919000,4.932000,4.839000,4.919000
250,37,1,5.094400,5.041000,5.118000,5.168000,5.086000,5.059000
250,38,1,4.935000,4.957000,4.908000,5.024000,4.830000,4.956000
250,39,1,4.932800,5.029000,4.930000,5.012000,4.760000,4.933000
250,40,2,8.050600,8.062000,8.003000,8.043000,8.134000,8.011000
250,41,2,8.016800,7.928000,8.098000,7.971000,8.036000,8.051000
250,42,2,7.956200,7.965000,7.957000,7.997000,7.962000,7.900000
250,43,2,7.830400,7.750000,7.953000,7.877000,7.838000,7.734000
250,44,2,7.881800,7.787000,7.938000,7.962000,7.881000,7.841000
250,45,2,7.903200,7.805000,7.838000,7.961000,7.927000,7.985000
250,46,2,7.942200,7.857000,7.962000,8.023000,8.038000,7.831000
250,47,2,7.905600,7.903000,8.020000,7.920000,7.860000,7.825000
250,48,2,8.038200,8.004000,8.047000,8.040000,8.038000,8.062000
250,49,2,7.992600,7.971000,8.016000,7.917000,8.008000,8.051000
250,50,2,7.832800,7.783000,7.988000,7.699000,7.861000,7.833000
250,51,2,7.962600,7.920000,7.990000,7.980000,7.979000,7.944000
250,52,2,7.949000,7.918000,7.955000,7.947000,7.975000,7.950000
250,53,2,7.917400,7.890000,7.940000,7.910000,7.890000,7.957000
250,54,2,7.970800,7.954000,8.038000,7.857000,7.991000,8.014000
250,55,2,7.899600,7.906000,8.030000,7.910000,7.868000,7.784000
250,56,2,8.015600,8.043000,7.980000,8.016000,8.069000,7.970000
250,57,2,7.969000,7.948000,8.029000,8.016000,7.960000,7.892000
250,58,2,7.992400,7.945000,8.033000,8.023000,7.948000,8.013000
250,59,2,7.880000,7.792000,7.887000,7.866000,7.995000,7.860000
250,60,3,5.032000,5.027000,5.165000,4.930000,4.981000,5.057000
250,61,3,5.025800,4.890000,5.133000,5.051000,5.063000,4.992000
250,62,3,4.949400,4.803000,4.963000,5.046000,4.992000,4.943000
250,63,3,4.988200,4.866000,4.986000,5.068000,5.019000,5.002000
250,64,3,5.095200,5.107000,5.149000,5.028000,5.038000,5.154000
250,65,3,5.016200,5.043000,5.028000,4.914000,4.956000,5.140000
250,66,3,5.167800,5.119000,5.238000,5.072000,5.223000,5.187000
250,67,3,5.021400,4.991000,5.083000,5.024000,4.938000,5.071000
250,68,3,5.072400,5.006000,4.977000,5.129000,5.035000,5.215000
250,69,3,5.060200,5.077000,4.990000,4.974000,5.162000,5.098000
250,70,3,4.933400,4.924000,4.882000,5.015000,4.849000,4.997000
250,71,3,5.166600,5.199000,5.180000,5.253000,5.035000,5.166000
250,72,3,5.075800,5.047000,5.050000,4.986000,5.129000,5.167000
250,73,3,4.979400,4.880000,5.098000,4.894000,5.008000,5.017000
250,74,3,5.046000,5.025000,5.007000,5.072000,5.051000,5.075000
250,75,3,5.199400,5.157000,5.146000,5.198000,5.251000,5.245000
250,76,3,4.906600,4.759000,5.026000,5.021000,4.795000,4.932000
250,77,3,5.009000,5.020000,5.005000,5.014000,4.984000,5.022000
250,78,3,4.861400,4.794000,4.855000,5.001000,4.910000,4.747000
250,79,3,5.273000,5.366000,5.281000,5.325000,5.127000,5.266000
250,80,4,4.594200,4.495000,4.643000,4.545000,4.549000,4.739000
250,81,4,4.860400,4.827000,4.930000,4.871000,4.788000,4.886000
250,82,4,4.951800,4.858000,5.078000,4.913000,4.807000,5.103000
250,83,4,4.984600,4.865000,5.164000,4.872000,4.989000,5.033000
250,84,4,4.896800,4.846000,4.997000,4.864000,4.819000,4.958000
250,85,4,4.840000,4.716000,4.883000,4.845000,4.914000,4.842000
250,86,4,4.668000,4.651000,4.726000,4.587000,4.563000,4.813000
250,87,4,4.823800,4.713000,4.778000,4.824000,4.870000,4.934000
250,88,4,4.824200,4.852000,4.835000,4.800000,4.858000,4.776000
250,89,4,4.832800,4.764000,4.890000,4.754000,4.864000,4.892000
250,90,4,4.846000,4.832000,4.873000,4.775000,4.857000,4.893000
250,91,4,4.912000,4.970000,4.992000,4.867000,4.919000,4.812000
250,92,4,4.938400,4.885000,5.004000,4.880000,4.874000,5.049000
250,93,4,4.690800,4.680000,4.719000,4.600000,4.686000,4.769000
250,94,4,4.862200,4.885000,4.966000,4.755000,4.841000,4.864000
250,95,4,4.976600,4.923000,5.117000,4.884000,4.983000,4.976000
250,96,4,4.810800,4.942000,4.710000,4.683000,4.823000,4.896000
250,97,4,4.906200,4.948000,4.989000,4.834000,4.844000,4.916000
250,98,4,4.843200,4.807000,4.869000,4.833000,4.814000,4.893000
250,99,4,4.868200,4.904000,4.838000,4.899000,4.884000,4.816000
251,0,2,8.096400,8.060000,8.177000,8.001000,8.089000,8.155000
251,1,2,8.004400,7.943000,8.015000,7.975000,7.997000,8.092000
251,2,2,8.035400,8.028000,8.092000,8.041000,7.981000,8.035000
251,3,2,8.088200,7.988000,8.115000,8.052000,8.188000,8.098000
251,4,2,8.093000,8.078000,8.112000,8.056000,8.071000,8.148000
251,5,2,7.864600,7.958000,7.848000,7.803000,7.818000,7.896000
251,6,2,8.108000,8.075000,8.201000,8.037000,8.122000,8.105000
251,7,2,8.053200,8.010000,8.056000,8.030000,8.082000,8.088000
251,8,2,8.005800,7.973000,7.968000,8.020000,7.986000,8.082000
251,9,2,8.089600,8.079000,8.059000,8.074000,8.119000,8.117000
251,10,2,8.048800,7.934000,8.135000,7.967000,8.063000,8.145000
251,11,2,8.051000,8.001000,8.030000,8.022000,8.050000,8.152000
251,12,2,8.052400,8.040000,8.081000,8.043000,8.062000,8.036000
251,13,2,8.085600,8.049000,8.135000,8.003000,8.119000,8.122000
251,14,2,7.978800,8.022000,7.938000,7.903000,8.007000,8.024000
251,15,2,8.091600,8.008000,8.267000,8.007000,8.030000,8.146000
251,16,2,8.058400,8.048000,8.153000,7.974000,8.060000,8.057000
251,17,2,8.028000,7.864000,8.125000,7.897000,8.128000,8.126000
251,18,2,8.011600,7.999000,8.082000,7.946000,7.951000,8.080000
251,19,2,8.033400,8.023000,8.084000,7.899000,8.017000,8.144000
252,0,2,8.063400,8.161000,8.080000,8.166000,7.932000,7.978000
252,1,2,7.951200,7.948000,7.884000,7.998000,7.914000,8.012000
252,2,2,8.045800,8.092000,8.012000,8.058000,8.065000,8.002000
252,3,2,8.008600,8.044000,8.037000,7.963000,8.006000,7.993000
252,4,2,8.118200,8.067000,8.076000,8.183000,8.129000,8.136000
252,5,2,8.123000,8.137000,8.069000,8.249000,8.110000,8.050000
252,6,2,8.072400,8.080000,8.074000,8.080000,8.013000,8.115000
252,7,2,8.023800,7.960000,7.974000,8.174000,7.869000,8.142000
252,8,2,8.059800,8.047000,8.013000,8.090000,8.026000,8.123000
252,9,2,8.065000,8.106000,8.032000,8.143000,8.006000,8.038000
252,10,2,8.056600,8.071000,8.020000,8.085000,8.080000,8.027000
252,11,2,7.967400,7.977000,7.921000,8.068000,7.961000,7.910000
252,12,2,8.115000,8.073000,8.149000,8.077000,8.161000,8.115000
252,13,2,8.035600,8.039000,8.102000,8.090000,7.977000,7.970000
252,14,2,7.961200,7.983000,7.897000,7.976000,8.005000,7.945000
252,15,2,8.058600,8.118000,8.076000,8.022000,7.990000,8.087000
252,16,2,8.048400,8.105000,8.089000,8.108000,8.007000,7.933000
252,17,2,8.006800,8.068000,7.950000,8.054000,8.046000,7.916000
252,18,2,8.079800,8.108000,8.065000,8.152000,8.023000,8.051000
252,19,2,8.017600,8.055000,7.939000,7.961000,8.037000,8.096000
253,0,2,8.003800,8.010000,7.939000,8.065000,8.036000,7.969000
253,1,2,8.081200,8.155000,8.064000,8.202000,8.078000,7.907000
253,2,2,7.950600,7.950000,7.760000,8.096000,8.035000,7.912000
253,3,2,7.997600,8.049000,7.898000,8.086000,7.996000,7.959000
253,4,2,7.988800,8.060000,7.812000,8.145000,8.023000,7.904000
253,5,2,7.993800,8.072000,7.864000,8.068000,7.953000,8.012000
253,6,2,7.962200,8.076000,7.812000,7.995000,8.014000,7.914000
253,7,2,7.991000,8.017000,7.891000,8.110000,8.063000,7.874000
253,8,2,7.930800,8.021000,7.711000,8.125000,7.942000,7.855000
253,9,2,8.080000,8.123000,8.065000,8.151000,8.006000,8.055000
253,10,2,8.009400,8.119000,7.947000,8.053000,8.047000,7.881000
253,11,2,8.016600,8.057000,8.000000,7.994000,8.062000,7.970000
253,12,2,7.900400,8.044000,7.665000,7.938000,7.961000,7.894000
253,13,2,7.944600,7.993000,7.795000,8.074000,8.045000,7.816000
253,14,2,7.956400,8.078000,7.820000,7.981000,7.987000,7.916000
253,15,2,7.979400,8.016000,7.931000,8.046000,7.993000,7.911000
253,16,2,8.064600,8.162000,7.942000,8.090000,8.133000,7.996000
253,17,2,8.015000,8.034000,7.918000,8.128000,8.114000,7.881000
253,18,2,7.895800,8.003000,7.806000,7.945000,7.907000,7.818000
253,19,2,7.896600,7.898000,7.762000,7.972000,7.958000,7.893000
254,0,2,8.010000,8.079000,7.986000,8.039000,7.932000,8.014000
254,1,2,8.048800,8.095000,7.969000,8.110000,8.023000,8.047000
254,2,2,8.012400,8.059000,7.958000,7.995000,7.955000,8.095000
254,3,2,7.982600,8.015000,7.941000,7.924000,7.974000,8.059000
254,4,2,7.953600,7.966000,7.916000,7.865000,7.934000,8.087000
254,5,2,7.971400,7.988000,7.871000,8.014000,7.834000,8.150000
254,6,2,7.948600,7.933000,7.918000,7.954000,7.919000,8.019000
254,7,2,7.987800,7.982000,7.903000,7.983000,7.958000,8.113000
254,8,2,7.982400,8.133000,7.887000,7.994000,7.902000,7.996000
254,9,2,8.002400,8.074000,7.865000,8.082000,7.939000,8.052000
254,10,2,7.958800,8.072000,7.845000,7.991000,7.891000,7.995000
254,11,2,8.037600,8.039000,8.024000,8.032000,8.019000,8.074000
254,12,2,8.045200,8.095000,8.049000,8.019000,7.972000,8.091000
254,13,2,8.016200,8.112000,7.895000,8.066000,7.969000,8.039000
254,14,2,7.990400,8.026000,7.998000,7.923000,7.881000,8.124000
254,15,2,7.957800,8.026000,7.872000,7.951000,7.972000,7.968000
254,16,2,8.021200,8.115000,7.941000,7.984000,7.994000,8.072000
254,17,2,7.980000,8.077000,7.917000,7.979000,7.927000,8.000000
254,18,2,8.027200,8.041000,7.987000,8.051000,8.029000,8.028000
254,19,2,8.054000,8.125000,8.046000,8.110000,8.006000,7.983000
255,0,2,7.893200,7.994000,7.842000,7.854000,7.997000,7.779000
255,1,2,8.061400,8.145000,8.097000,7.995000,8.045000,8.025000
255,2,2,8.094400,8.169000,8.043000,8.102000,8.043000,8.115000
255,3,2,8.080000,8.139000,8.011000,8.046000,8.104000,8.100000
255,4,2,8.041000,8.124000,8.023000,8.003000,8.099000,7.956000
255,5,2,8.007400,8.118000,7.947000,7.968000,8.052000,7.952000
255,6,2,8.016200,8.096000,8.041000,7.882000,8.094000,7.968000
255,7,2,8.050400,8.150000,8.082000,7.955000,8.077000,7.988000
255,8,2,8.065600,8.162000,8.069000,8.014000,7.992000,8.091000
255,9,2,7.867000,7.982000,7.819000,7.878000,7.846000,7.810000
255,10,2,8.027800,8.092000,8.011000,7.898000,8.183000,7.955000
255,11,2,8.047800,8.095000,8.057000,8.012000,8.048000,8.027000
255,12,2,8.032400,8.090000,7.936000,7.990000,8.102000,8.044000
255,13,2,8.015000,8.093000,7.985000,7.914000,8.063000,8.020000
255,14,2,7.858200,7.906000,7.828000,7.844000,7.981000,7.732000
255,15,2,7.956200,8.002000,7.880000,7.921000,8.024000,7.954000
255,16,2,8.028600,8.046000,8.058000,7.994000,8.074000,7.971000
255,17,2,8.076000,8.127000,8.009000,8.040000,8.112000,8.092000
255,18,2,8.007800,8.055000,8.016000,7.925000,8.135000,7.908000
255,19,2,8.026600,8.107000,7.977000,8.006000,8.080000,7.963000
256,0,2,8.093200,8.102000,8.125000,8.083000,8.047000,8.109000
256,1,2,8.053200,8.072000,8.108000,7.989000,8.094000,8.003000
256,2,2,8.065800,8.000000,8.092000,8.069000,8.143000,8.025000
256,3,2,7.975000,8.105000,8.033000,7.898000,7.899000,7.940000
256,4,2,8.044800,8.088000,7.987000,7.994000,8.147000,8.008000
256,5,2,8.007600,8.019000,8.010000,7.948000,8.062000,7.999000
256,6,2,7.998400,8.045000,8.039000,8.026000,7.987000,7.895000
256,7,2,8.044600,8.151000,7.966000,8.005000,8.059000,8.042000
256,8,2,7.985600,7.993000,7.849000,8.041000,8.063000,7.982000
256,9,2,8.058600,7.947000,8.055000,8.020000,8.178000,8.093000
256,10,2,7.999800,7.972000,8.019000,7.943000,8.051000,8.014000
256,11,2,8.021200,7.981000,7.985000,8.091000,8.009000,8.040000
256,12,2,8.060200,8.032000,8.082000,8.025000,8.095000,8.067000
256,13,2,7.750800,7.796000,7.782000,7.702000,7.811000,7.663000
256,14,2,8.030400,8.067000,8.019000,7.949000,8.137000,7.980000
256,15,2,8.048600,7.926000,8.081000,8.061000,8.106000,8.069000
256,16,2,8.048000,8.095000,8.045000,8.013000,8.099000,7.988000
256,17,2,8.043400,8.098000,8.086000,7.936000,8.135000,7.962000
256,18,2,8.074200,7.916000,8.108000,8.065000,8.161000,8.121000
256,19,2,8.060200,8.068000,8.085000,8.004000,8.085000,8.059000
257,0,2,8.045800,8.072000,8.017000,8.021000,8.139000,7.980000
257,1,2,8.069800,8.104000,7.954000,8.065000,8.114000,8.112000
257,2,2,8.041400,8.020000,8.047000,8.036000,8.080000,8.024000
257,3,2,8.012400,8.026000,8.074000,8.051000,8.073000,7.838000
257,4,2,8.048000,8.029000,7.987000,8.121000,8.055000,8.048000
257,5,2,8.052600,8.037000,8.021000,8.065000,8.127000,8.013000
257,6,2,8.059200,8.089000,8.069000,8.077000,8.035000,8.026000
257,7,2,8.093200,8.080000,8.044000,8.120000,8.170000,8.052000
257,8,2,8.094400,8.099000,8.174000,8.051000,8.115000,8.033000
257,9,2,8.043600,8.132000,8.003000,7.977000,8.073000,8.033000
257,10,2,8.050000,7.994000,8.060000,8.054000,8.130000,8.012000
257,11,2,8.064400,8.040000,8.112000,8.014000,8.090000,8.066000
257,12,2,8.090600,8.082000,8.093000,8.166000,8.061000,8.051000
257,13,2,8.013600,8.035000,8.087000,7.949000,8.039000,7.958000
257,14,2,8.031400,8.083000,8.069000,8.005000,7.923000,8.077000
257,15,2,8.048600,8.036000,8.115000,8.017000,8.021000,8.054000
257,16,2,8.069600,8.023000,8.089000,8.087000,8.113000,8.036000
257,17,2,8.092600,8.105000,8.155000,8.021000,8.107000,8.075000
257,18,2,8.067600,8.073000,8.133000,8.050000,8.009000,8.073000
257,19,2,8.067800,8.092000,8.013000,8.040000,8.132000,8.062000
258,0,2,8.098000,8.017000,8.056000,8.135000,8.173000,8.109000
258,1,2,8.059400,8.032000,8.076000,8.063000,8.087000,8.039000
258,2,2,8.026400,7.935000,7.985000,8.073000,7.997000,8.142000
258,3,2,8.123000,8.068000,8.129000,8.083000,8.176000,8.159000
258,4,2,8.074000,7.987000,8.090000,8.059000,8.131000,8.103000
258,5,2,8.032600,7.860000,7.989000,8.084000,8.121000,8.109000
258,6,2,8.087800,8.038000,8.102000,8.023000,8.146000,8.130000
258,7,2,8.123400,8.109000,8.183000,8.041000,8.142000,8.142000
258,8,2,8.056000,7.943000,8.009000,8.047000,8.144000,8.137000
258,9,2,8.102400,8.003000,8.143000,8.087000,8.109000,8.170000
258,10,2,8.129000,8.092000,8.119000,8.091000,8.166000,8.177000
258,11,2,8.104600,8.000000,8.046000,8.122000,8.157000,8.198000
258,12,2,8.058400,8.003000,8.077000,8.041000,8.050000,8.121000
258,13,2,8.026800,7.942000,8.041000,8.020000,8.106000,8.025000
258,14,2,8.005600,7.998000,7.852000,7.993000,8.007000,8.178000
258,15,2,8.128600,8.047000,8.044000,8.128000,8.201000,8.223000
258,16,2,8.061400,8.091000,8.030000,8.065000,8.003000,8.118000
258,17,2,8.090000,8.093000,7.963000,8.087000,8.088000,8.219000
258,18,2,8.062600,8.006000,7.923000,8.020000,8.196000,8.168000
258,19,2,8.033800,7.908000,7.958000,8.045000,8.168000,8.090000
259,0,2,7.946200,7.820000,8.105000,7.942000,7.927000,7.937000
259,1,2,8.044600,8.062000,8.080000,7.979000,8.008000,8.094000
259,2,2,8.018000,7.898000,8.098000,7.958000,8.000000,8.136000
259,3,2,8.063200,7.995000,8.084000,8.097000,8.082000,8.058000
259,4,2,8.014200,7.885000,8.054000,8.034000,7.988000,8.110000
259,5,2,8.075000,8.001000,8.056000,8.083000,8.091000,8.144000
259,6,2,8.090400,8.043000,8.177000,8.001000,8.036000,8.195000
259,7,2,8.074400,7.998000,8.125000,8.137000,8.007000,8.105000
259,8,2,8.047600,8.009000,8.032000,8.030000,8.065000,8.102000
259,9,2,8.055000,7.980000,8.074000,8.031000,8.049000,8.141000
259,10,2,8.015600,7.954000,8.062000,7.992000,7.984000,8.086000
259,11,2,8.044000,8.039000,8.052000,8.080000,8.024000,8.025000
259,12,2,8.046600,8.004000,8.017000,8.104000,8.087000,8.021000
259,13,2,8.046600,8.029000,8.051000,8.064000,8.027000,8.062000
259,14,2,8.000200,7.930000,8.024000,8.018000,7.975000,8.054000
259,15,2,7.964200,7.916000,8.001000,7.852000,7.918000,8.134000
259,16,2,8.078400,7.996000,8.051000,8.112000,8.093000,8.140000
259,17,2,8.060800,8.019000,8.121000,8.029000,8.038000,8.097000
259,18,2,8.013400,7.977000,8.002000,8.008000,8.063000,8.017000
259,19,2,8.067200,8.043000,8.000000,8.135000,8.043000,8.115000
260,0,0,5.126000,5.221000,5.187000,5.078000,5.153000,4.991000
260,1,0,5.119600,5.085000,5.180000,5.158000,5.195000,4.980000
260,2,0,5.027400,5.043000,5.164000,5.028000,4.960000,4.942000
260,3,0,5.064200,5.109000,5.089000,4.955000,5.226000,4.942000
260,4,0,5.057200,5.089000,5.127000,5.079000,5.063000,4.928000
260,5,0,5.099200,5.140000,5.263000,5.251000,5.299000,4.543000
260,6,0,5.178000,5.219000,5.254000,5.174000,5.254000,4.989000
260,7,0,5.131600,5.322000,4.928000,5.152000,5.251000,5.005000
260,8,0,5.220600,5.288000,5.361000,5.233000,5.162000,5.059000
260,9,0,4.997400,4.991000,4.967000,4.932000,5.080000,5.017000
260,10,0,5.246000,5.222000,5.391000,5.350000,5.154000,5.113000
260,11,0,5.165000,5.178000,5.181000,5.168000,5.225000,5.073000
260,12,0,5.182200,5.323000,5.218000,5.153000,5.274000,4.943000
260,13,0,5.158200,5.308000,5.180000,5.109000,5.125000,5.069000
260,14,0,5.281600,5.413000,5.267000,5.550000,5.216000,4.962000
260,15,0,5.143200,5.214000,5.153000,5.123000,5.106000,5.120000
260,16,0,5.232000,5.265000,5.408000,5.101000,5.155000,5.231000
260,17,0,5.291400,5.299000,5.251000,5.319000,5.356000,5.232000
260,18,0,5.223600,5.160000,5.309000,5.180000,5.213000,5.256000
260,19,0,5.134800,5.217000,5.252000,5.134000,5.131000,4.940000
260,20,1,4.814200,4.809000,4.924000,4.593000,4.848000,4.897000
260,21,1,5.064600,5.053000,5.162000,4.864000,5.076000,5.168000
260,22,1,4.950800,4.953000,5.065000,4.863000,4.948000,4.925000
260,23,1,4.912200,4.930000,5.040000,4.802000,4.821000,4.968000
260,24,1,5.062800,4.986000,5.004000,4.979000,5.145000,5.200000
260,25,1,4.987800,4.940000,5.000000,5.009000,4.964000,5.026000
260,26,1,4.843600,4.795000,4.878000,4.736000,4.953000,4.856000
260,27,1,5.214400,5.127000,5.314000,5.151000,5.205000,5.275000
260,28,1,5.098400,5.087000,5.176000,5.069000,5.128000,5.032000
260,29,1,4.808200,4.728000,4.839000,4.725000,4.829000,4.920000
260,30,1,5.194200,5.236000,5.256000,5.032000,5.277000,5.170000
260,31,1,5.025800,5.007000,5.055000,4.991000,4.975000,5.101000
260,32,1,5.064200,5.041000,5.091000,4.907000,5.058000,5.224000
260,33,1,4.878800,4.885000,4.842000,4.788000,4.912000,4.967000
260,34,1,5.135000,5.211000,5.144000,4.998000,5.164000,5.158000
260,35,1,4.894800,4.907000,4.898000,4.928000,4.773000,4.968000
260,36,1,4.967600,4.926000,5.117000,4.909000,4.889000,4.997000
260,37,1,4.795400,4.782000,4.703000,4.796000,4.821000,4.875000
260,38,1,4.922400,4.887000,4.976000,4.899000,4.850000,5.000000
260,39,1,5.073400,4.995000,5.116000,5.071000,5.073000,5.112000
260,40,2,7.996600,7.961000,8.063000,7.974000,7.957000,8.028000
260,41,2,7.985600,7.951000,8.052000,7.937000,8.057000,7.931000
260,42,2,7.990000,8.021000,7.979000,7.885000,7.971000,8.094000
260,43,2,7.965000,8.052000,7.923000,7.890000,7.952000,8.008000
260,44,2,8.044200,8.094000,8.136000,7.978000,8.108000,7.905000
260,45,2,7.821600,7.863000,7.764000,7.611000,7.907000,7.963000
260,46,2,7.843200,7.885000,7.886000,7.635000,7.909000,7.901000
260,47,2,7.972000,7.943000,7.962000,7.911000,8.060000,7.984000
260,48,2,7.969200,8.031000,7.955000,7.891000,8.021000,7.948000
260,49,2,8.025400,8.037000,8.107000,7.928000,7.990000,8.065000
260,50,2,7.925800,7.964000,7.758000,7.905000,8.041000,7.961000
260,51,2,7.977000,8.020000,7.922000,7.947000,7.952000,8.044000
260,52,2,7.998200,8.038000,7.976000,8.005000,7.968000,8.004000
260,53,2,8.010000,8.013000,7.998000,8.054000,8.024000,7.961000
260,54,2,7.921400,7.932000,7.988000,7.840000,7.917000,7.930000
260,55,2,7.988000,8.010000,7.878000,7.977000,7.966000,8.109000
260,56,2,7.960800,7.918000,7.958000,7.912000,7.982000,8.034000
260,57,2,7.953200,7.968000,7.867000,7.937000,7.935000,8.059000
260,58,2,7.885600,7.903000,7.799000,7.863000,7.993000,7.870000
260,59,2,7.977400,7.871000,7.970000,7.884000,8.015000,8.147000
260,60,3,5.066400,5.130000,5.184000,5.056000,5.050000,4.912000
260,61,3,5.166000,5.131000,5.252000,5.144000,5.174000,5.129000
260,62,3,5.196400,5.088000,5.222000,5.230000,5.305000,5.137000
260,63,3,5.072200,5.049000,5.211000,5.151000,4.995000,4.955000
260,64,3,5.110200,5.146000,5.190000,5.186000,5.060000,4.969000
260,65,3,5.053200,5.158000,5.095000,5.109000,4.972000,4.932000
260,66,3,5.090400,5.074000,5.161000,5.150000,5.141000,4.926000
260,67,3,5.154200,5.231000,5.198000,5.103000,5.161000,5.078000
260,68,3,4.983800,5.010000,5.015000,5.047000,4.963000,4.884000
260,69,3,5.163400,5.131000,5.290000,5.085000,5.131000,5.180000
260,70,3,5.045600,5.084000,5.041000,5.004000,5.079000,5.020000
260,71,3,5.142800,5.183000,5.104000,5.213000,5.181000,5.033000
260,72,3,5.053200,4.947000,5.097000,5.120000,5.113000,4.989000
260,73,3,4.929200,4.965000,4.992000,4.936000,4.885000,4.868000
260,74,3,5.128800,5.137000,5.110000,5.220000,5.086000,5.091000
260,75,3,5.164200,5.136000,5.185000,5.138000,5.253000,5.109000
260,76,3,5.228800,5.148000,5.344000,5.277000,5.242000,5.133000
260,77,3,4.934200,4.931000,4.945000,5.041000,4.901000,4.853000
260,78,3,5.098400,5.124000,5.179000,5.139000,4.983000,5.067000
260,79,3,4.920400,4.964000,4.959000,4.937000,4.798000,4.944000
260,80,4,4.909400,4.891000,5.085000,4.887000,4.803000,4.881000
260,81,4,4.917400,4.886000,5.000000,4.867000,4.865000,4.969000
260,82,4,4.943600,4.877000,5.014000,4.944000,4.971000,4.912000
260,83,4,4.929600,4.922000,4.902000,4.898000,5.048000,4.878000
260,84,4,4.871400,4.871000,4.833000,4.989000,4.895000,4.769000
260,85,4,4.880200,4.795000,5.030000,4.843000,5.006000,4.727000
260,86,4,4.849200,4.760000,4.950000,4.924000,4.773000,4.839000
260,87,4,4.958400,4.969000,4.991000,4.937000,5.059000,4.836000
260,88,4,4.846400,4.787000,4.922000,4.818000,4.825000,4.880000
260,89,4,4.909200,4.905000,4.929000,4.877000,4.924000,4.911000
260,90,4,5.047200,5.021000,5.230000,5.064000,4.888000,5.033000
260,91,4,4.707600,4.701000,4.746000,4.698000,4.638000,4.755000
260,92,4,4.830800,4.925000,4.863000,4.898000,4.790000,4.678000
260,93,4,5.110600,5.073000,5.256000,5.055000,5.196000,4.973000
260,94,4,4.995200,4.984000,5.077000,4.916000,5.011000,4.988000
260,95,4,4.820400,4.726000,4.903000,4.855000,4.838000,4.780000
260,96,4,5.081200,5.131000,5.195000,5.183000,5.028000,4.869000
260,97,4,4.822600,4.793000,4.821000,4.855000,4.812000,4.832000
260,98,4,5.010400,4.980000,5.078000,4.988000,5.010000,4.996000
260,99,4,4.871400,4.947000,4.857000,4.861000,4.837000,4.855000
261,0,2,8.058400,8.047000,8.110000,8.033000,8.014000,8.088000
261,1,2,8.042600,7.990000,8.091000,8.000000,8.083000,8.049000
261,2,2,8.093000,8.037000,8.214000,8.080000,8.094000,8.040000
261,3,2,8.086600,8.046000,8.166000,7.970000,8.141000,8.110000
261,4,2,8.007400,7.966000,7.936000,8.034000,8.090000,8.011000
261,5,2,8.031400,8.018000,7.997000,8.112000,8.039000,7.991000
261,6,2,8.019400,8.036000,8.008000,8.067000,8.044000,7.942000
261,7,2,8.107000,8.047000,8.097000,8.134000,8.129000,8.128000
261,8,2,8.041200,7.987000,8.110000,7.858000,8.163000,8.088000
261,9,2,8.015800,7.843000,8.096000,8.061000,8.104000,7.975000
261,10,2,8.075000,7.971000,8.126000,8.057000,8.163000,8.058000
261,11,2,8.057200,8.008000,8.139000,7.942000,8.162000,8.035000
261,12,2,8.062800,7.976000,8.132000,8.065000,8.148000,7.993000
261,13,2,8.055600,7.966000,8.159000,8.019000,8.106000,8.028000
261,14,2,8.045800,8.074000,8.047000,7.972000,8.144000,7.992000
261,15,2,7.984200,7.918000,7.975000,8.038000,8.061000,7.929000
261,16,2,7.994000,7.996000,8.038000,8.038000,7.941000,7.957000
261,17,2,8.088600,7.966000,8.210000,8.095000,8.170000,8.002000
261,18,2,7.933000,7.987000,7.905000,7.917000,7.977000,7.879000
261,19,2,8.054800,8.062000,8.053000,8.041000,8.073000,8.045000
262,0,2,7.979200,8.015000,7.934000,7.858000,8.078000,8.011000
262,1,2,8.032400,8.020000,7.954000,8.009000,8.188000,7.991000
262,2,2,8.044000,8.059000,7.973000,8.051000,8.053000,8.084000
262,3,2,8.066400,8.063000,8.094000,8.015000,8.118000,8.042000
262,4,2,8.006800,8.004000,8.009000,7.939000,8.051000,8.031000
262,5,2,8.035400,8.141000,8.109000,7.992000,8.084000,7.851000
262,6,2,8.049200,8.117000,8.053000,7.940000,8.140000,7.996000
262,7,2,8.015600,8.073000,8.089000,7.921000,8.076000,7.919000
262,8,2,8.021400,8.143000,7.922000,7.973000,8.117000,7.952000
262,9,2,8.016800,8.105000,8.078000,7.972000,8.010000,7.919000
262,10,2,8.062200,8.095000,8.040000,7.981000,8.151000,8.044000
262,11,2,8.052800,8.121000,8.024000,7.993000,8.093000,8.033000
262,12,2,8.006200,8.109000,8.052000,7.908000,8.049000,7.913000
262,13,2,8.025400,8.074000,8.020000,7.972000,8.059000,8.002000
262,14,2,7.962600,7.977000,7.819000,7.891000,8.035000,8.091000
262,15,2,8.066400,8.153000,8.038000,7.966000,8.109000,8.066000
262,16,2,7.944000,7.996000,8.092000,7.845000,7.968000,7.819000
262,17,2,8.033200,8.130000,8.017000,7.983000,8.062000,7.974000
262,18,2,8.044600,8.154000,8.028000,7.992000,8.074000,7.975000
262,19,2,8.039000,7.997000,8.067000,7.989000,8.113000,8.029000
263,0,2,8.043800,8.029000,7.920000,8.032000,8.126000,8.112000
263,1,2,8.046000,8.081000,8.044000,8.006000,8.112000,7.987000
263,2,2,7.974600,7.892000,7.961000,8.062000,7.930000,8.028000
263,3,2,7.891200,7.807000,7.865000,7.922000,7.966000,7.896000
263,4,2,7.986800,7.908000,8.028000,7.959000,8.015000,8.024000
263,5,2,8.111800,8.118000,8.028000,8.048000,8.172000,8.193000
263,6,2,8.039600,7.992000,7.945000,8.069000,8.081000,8.111000
263,7,2,8.035600,8.027000,8.041000,7.996000,8.061000,8.053000
263,8,2,8.056400,8.040000,8.012000,8.062000,8.076000,8.092000
263,9,2,8.019200,8.040000,7.892000,8.027000,8.161000,7.976000
263,10,2,8.012800,8.018000,7.987000,7.986000,8.070000,8.003000
263,11,2,8.037800,8.148000,7.984000,8.044000,7.952000,8.061000
263,12,2,8.040000,8.076000,7.963000,8.041000,8.052000,8.068000
263,13,2,8.088000,8.080000,8.030000,8.109000,8.134000,8.087000
263,14,2,8.012200,8.049000,7.955000,7.949000,8.121000,7.987000
263,15,2,7.990000,7.879000,7.991000,7.983000,8.086000,8.011000
263,16,2,8.033600,8.044000,7.973000,7.998000,8.060000,8.093000
263,17,2,8.025800,7.963000,8.017000,8.045000,8.010000,8.094000
263,18,2,8.036400,8.027000,8.049000,8.079000,7.991000,8.036000
263,19,2,8.002400,8.012000,7.890000,8.002000,8.031000,8.077000
264,0,2,8.017600,7.981000,7.992000,8.074000,8.111000,7.930000
264,1,2,8.069000,8.129000,8.069000,8.124000,8.053000,7.970000
264,2,2,8.048800,8.062000,7.965000,8.181000,8.050000,7.986000
264,3,2,8.081000,8.126000,8.042000,8.051000,8.128000,8.058000
264,4,2,8.087800,8.183000,8.030000,8.167000,8.062000,7.997000
264,5,2,8.056600,8.105000,7.996000,8.150000,8.035000,7.997000
264,6,2,8.061800,8.157000,7.955000,8.097000,8.158000,7.942000
264,7,2,8.050600,8.155000,7.959000,8.075000,8.093000,7.971000
264,8,2,8.049400,8.039000,7.992000,8.112000,8.162000,7.942000
264,9,2,8.008600,8.021000,7.969000,8.116000,8.069000,7.868000
264,10,2,8.080800,8.184000,8.041000,8.041000,8.081000,8.057000
264,11,2,8.098200,8.179000,8.039000,8.119000,8.149000,8.005000
264,12,2,8.091600,8.152000,8.066000,8.139000,8.173000,7.928000
264,13,2,8.143600,8.179000,8.087000,8.161000,8.226000,8.065000
264,14,2,8.056400,8.111000,8.024000,8.026000,8.127000,7.994000
264,15,2,8.122400,8.274000,7.961000,8.169000,8.173000,8.035000
264,16,2,8.018200,8.068000,7.912000,8.054000,8.036000,8.021000
264,17,2,8.053600,8.119000,7.998000,8.053000,8.145000,7.953000
264,18,2,8.107400,8.163000,8.112000,8.075000,8.174000,8.013000
264,19,2,8.076200,8.134000,7.993000,8.119000,8.103000,8.032000
265,0,2,8.051200,7.982000,8.022000,8.192000,7.985000,8.075000
265,1,2,8.009800,7.819000,8.025000,8.156000,7.988000,8.061000
265,2,2,8.052600,7.880000,8.062000,8.080000,8.082000,8.159000
265,3,2,8.006000,7.951000,8.012000,8.117000,7.959000,7.991000
265,4,2,7.917200,7.765000,7.930000,8.014000,7.889000,7.988000
265,5,2,7.990400,7.901000,7.975000,8.121000,8.007000,7.948000
265,6,2,7.938600,7.879000,7.970000,7.960000,7.866000,8.018000
265,7,2,8.036200,7.985000,7.951000,8.178000,7.970000,8.097000
265,8,2,8.052000,7.991000,8.047000,8.064000,8.075000,8.083000
265,9,2,8.021000,7.898000,8.111000,8.039000,7.984000,8.073000
265,10,2,8.016200,7.938000,8.046000,8.125000,7.910000,8.062000
265,11,2,8.040400,7.907000,8.006000,8.168000,8.036000,8.085000
265,12,2,8.003200,7.900000,7.977000,8.051000,8.019000,8.069000
265,13,2,7.938600,7.921000,7.938000,7.992000,7.884000,7.958000
265,14,2,7.839000,7.840000,7.762000,7.887000,7.862000,7.844000
265,15,2,7.969200,7.842000,7.943000,8.010000,8.017000,8.034000
265,16,2,8.010400,8.010000,7.954000,8.090000,7.953000,8.045000
265,17,2,7.964200,7.854000,7.939000,8.100000,7.875000,8.053000
265,18,2,7.885400,7.842000,7.885000,7.904000,7.852000,7.944000
265,19,2,7.811400,7.760000,7.565000,7.909000,7.858000,7.965000
266,0,2,7.939000,7.962000,7.894000,7.930000,7.960000,7.949000
266,1,2,7.971000,8.026000,7.861000,7.965000,7.948000,8.055000
266,2,2,7.963200,7.949000,8.033000,7.956000,7.916000,7.962000
266,3,2,8.034800,8.032000,8.011000,8.081000,7.991000,8.059000
266,4,2,7.982200,8.034000,7.904000,7.960000,8.040000,7.973000
266,5,2,8.024600,8.043000,8.023000,8.031000,7.966000,8.060000
266,6,2,8.008400,7.984000,8.064000,8.016000,7.942000,8.036000
266,7,2,7.984400,7.946000,7.979000,8.049000,7.953000,7.995000
266,8,2,7.994200,8.082000,8.019000,7.996000,7.843000,8.031000
266,9,2,8.033000,8.022000,8.011000,8.027000,7.948000,8.157000
266,10,2,8.021800,8.137000,8.009000,7.993000,7.951000,8.019000
266,11,2,8.013200,8.089000,8.014000,7.985000,8.014000,7.964000
266,12,2,7.978800,8.027000,7.949000,8.031000,7.941000,7.946000
266,13,2,7.923000,8.074000,7.926000,7.943000,7.752000,7.920000
266,14,2,8.005200,8.007000,8.001000,7.976000,8.015000,8.027000
266,15,2,8.010600,8.146000,8.036000,7.934000,7.971000,7.966000
266,16,2,7.985400,8.063000,7.946000,7.968000,7.958000,7.992000
266,17,2,8.004000,8.112000,8.043000,7.991000,7.862000,8.012000
266,18,2,7.981400,8.008000,8.106000,7.994000,7.860000,7.939000
266,19,2,7.998200,7.966000,7.973000,8.057000,7.948000,8.047000
267,0,2,7.557600,7.618000,7.718000,7.590000,7.461000,7.401000
267,1,2,8.032400,8.067000,8.074000,8.028000,7.939000,8.054000
267,2,2,7.984800,8.035000,8.000000,8.057000,7.861000,7.971000
267,3,2,8.046200,8.158000,8.111000,7.997000,7.904000,8.061000
267,4,2,7.825200,7.889000,7.927000,7.925000,7.578000,7.807000
267,5,2,8.004400,8.061000,8.047000,7.968000,7.894000,8.052000
267,6,2,8.030200,8.131000,8.089000,8.016000,7.963000,7.952000
267,7,2,7.966200,7.999000,8.047000,8.002000,7.861000,7.922000
267,8,2,7.943800,8.009000,7.971000,8.033000,7.793000,7.913000
267,9,2,7.832600,7.967000,7.857000,7.910000,7.698000,7.731000
267,10,2,8.039800,8.086000,8.104000,8.024000,7.922000,8.063000
267,11,2,7.975600,8.038000,7.989000,8.038000,7.853000,7.960000
267,12,2,8.041400,8.068000,8.082000,8.059000,7.916000,8.082000
267,13,2,8.003200,8.057000,8.026000,8.092000,7.811000,8.030000
267,14,2,7.955200,7.952000,8.013000,8.007000,7.878000,7.926000
267,15,2,7.855000,7.978000,7.919000,7.936000,7.611000,7.831000
267,16,2,7.920600,7.983000,7.896000,7.977000,7.804000,7.943000
267,17,2,7.948000,8.047000,8.027000,7.964000,7.808000,7.894000
267,18,2,7.951600,8.033000,8.011000,7.977000,7.798000,7.939000
267,19,2,8.015600,8.085000,7.986000,8.044000,7.910000,8.053000
268,0,2,8.002400,7.897000,8.023000,7.991000,8.044000,8.057000
268,1,2,8.032400,7.931000,7.943000,8.093000,8.058000,8.137000
268,2,2,8.023600,8.069000,7.964000,8.006000,8.024000,8.055000
268,3,2,8.025600,7.963000,7.930000,8.017000,8.082000,8.136000
268,4,2,7.977200,7.938000,7.910000,8.012000,8.030000,7.996000
268,5,2,8.001600,7.901000,7.987000,7.957000,8.079000,8.084000
268,6,2,8.015200,7.965000,7.941000,8.023000,8.046000,8.101000
268,7,2,7.791800,7.760000,7.789000,7.816000,7.791000,7.803000
268,8,2,7.960800,7.909000,7.921000,8.062000,7.911000,8.001000
268,9,2,7.935400,7.868000,7.948000,7.948000,7.928000,7.985000
268,10,2,8.003400,7.947000,8.044000,8.045000,7.938000,8.043000
268,11,2,7.852800,7.801000,7.893000,7.878000,7.848000,7.844000
268,12,2,7.812000,7.789000,7.785000,7.883000,7.740000,7.863000
268,13,2,7.974800,7.827000,8.011000,8.007000,7.927000,8.102000
268,14,2,7.945600,7.795000,8.028000,7.953000,7.935000,8.017000
268,15,2,8.023000,7.973000,8.004000,8.058000,7.985000,8.095000
268,16,2,8.039800,7.965000,8.006000,8.089000,8.099000,8.040000
268,17,2,8.030800,8.049000,7.965000,8.012000,8.020000,8.108000
268,18,2,7.939800,7.855000,7.961000,7.991000,7.882000,8.010000
268,19,2,8.042800,7.933000,8.029000,8.109000,8.038000,8.105000
269,0,2,7.958600,8.012000,7.921000,7.894000,7.880000,8.086000
269,1,2,7.911200,7.949000,7.965000,7.852000,7.951000,7.839000
269,2,2,8.018000,8.048000,8.081000,7.960000,7.947000,8.054000
269,3,2,7.864000,7.999000,7.869000,7.703000,7.876000,7.873000
269,4,2,8.022400,8.042000,8.053000,7.941000,8.005000,8.071000
269,5,2,7.675200,7.820000,7.674000,7.639000,7.582000,7.661000
269,6,2,7.907200,7.913000,7.946000,7.837000,7.879000,7.961000
269,7,2,7.925200,7.962000,7.864000,7.892000,7.934000,7.974000
269,8,2,8.033000,8.020000,8.014000,7.985000,8.018000,8.128000
269,9,2,8.056000,8.097000,8.088000,7.996000,8.005000,8.094000
269,10,2,8.054600,8.089000,8.154000,7.958000,7.966000,8.106000
269,11,2,8.065000,8.114000,8.042000,8.007000,8.033000,8.129000
269,12,2,8.050400,8.043000,8.094000,8.022000,8.024000,8.069000
269,13,2,8.118400,8.114000,8.135000,8.017000,8.128000,8.198000
269,14,2,8.056800,8.053000,8.138000,7.955000,8.024000,8.114000
269,15,2,8.116600,8.120000,8.107000,8.102000,8.091000,8.163000
269,16,2,8.003400,8.068000,7.959000,8.017000,7.907000,8.066000
269,17,2,7.920600,7.866000,7.946000,7.888000,7.954000,7.949000
269,18,2,8.067800,8.096000,8.136000,7.949000,8.039000,8.119000
269,19,2,8.083000,8.113000,8.096000,8.048000,7.995000,8.163000
270,0,0,5.196400,5.309000,5.214000,4.987000,5.133000,5.339000
270,1,0,5.078800,5.109000,5.248000,4.971000,4.937000,5.129000
270,2,0,5.298200,5.243000,5.317000,5.206000,5.245000,5.480000
270,3,0,5.149200,5.081000,5.238000,5.140000,4.952000,5.335000
270,4,0,5.156600,5.035000,5.286000,5.071000,5.061000,5.330000
270,5,0,5.165600,5.194000,5.337000,5.036000,4.953000,5.308000
270,6,0,5.137200,5.232000,5.149000,5.107000,4.989000,5.209000
270,7,0,5.122200,5.187000,5.308000,5.013000,4.785000,5.318000
270,8,0,5.263200,5.230000,5.353000,5.175000,5.215000,5.343000
270,9,0,5.107800,5.101000,5.181000,4.914000,5.088000,5.255000
270,10,0,5.222000,5.196000,5.437000,5.161000,5.105000,5.211000
270,11,0,5.156000,5.202000,5.262000,5.070000,5.036000,5.210000
270,12,0,5.132200,5.084000,5.209000,5.054000,5.065000,5.249000
270,13,0,5.162600,5.161000,5.294000,5.188000,4.974000,5.196000
270,14,0,5.294800,5.305000,5.334000,5.248000,5.220000,5.367000
270,15,0,5.102200,4.925000,5.244000,5.013000,4.983000,5.346000
270,16,0,5.185400,5.125000,5.238000,5.088000,5.071000,5.405000
270,17,0,5.157000,5.192000,5.304000,4.965000,5.031000,5.293000
270,18,0,5.242000,5.231000,5.315000,5.189000,5.140000,5.335000
270,19,0,5.225200,5.307000,5.295000,5.225000,4.918000,5.381000
270,20,1,5.043400,5.100000,5.156000,4.877000,4.975000,5.109000
270,21,1,5.130000,5.152000,5.165000,5.163000,5.050000,5.120000
270,22,1,4.931200,4.926000,4.969000,4.893000,4.880000,4.988000
270,23,1,4.740200,4.592000,4.837000,4.657000,4.685000,4.930000
270,24,1,5.118800,5.083000,5.018000,5.071000,5.055000,5.367000
270,25,1,4.841800,4.869000,4.956000,4.632000,4.801000,4.951000
270,26,1,4.838600,4.712000,5.004000,4.740000,4.744000,4.993000
270,27,1,5.110200,5.074000,5.220000,4.947000,5.023000,5.287000
270,28,1,4.923800,4.871000,5.059000,4.725000,4.846000,5.118000
270,29,1,4.863000,4.896000,4.927000,4.832000,4.783000,4.877000
270,30,1,4.800200,4.743000,4.921000,4.677000,4.767000,4.893000
270,31,1,4.994200,4.930000,5.071000,4.913000,4.958000,5.099000
270,32,1,4.886000,4.954000,4.934000,4.897000,4.724000,4.921000
270,33,1,5.058000,5.171000,5.008000,4.986000,5.026000,5.099000
270,34,1,4.845000,4.829000,4.875000,4.824000,4.699000,4.998000
270,35,1,5.141800,5.138000,5.267000,4.923000,5.113000,5.268000
270,36,1,4.912400,4.946000,4.914000,4.715000,4.913000,5.074000
270,37,1,4.930000,4.896000,5.066000,4.944000,4.774000,4.970000
270,38,1,5.059000,4.904000,5.145000,4.949000,4.936000,5.361000
270,39,1,4.817400,4.731000,4.816000,4.721000,4.891000,4.928000
270,40,2,7.952400,7.986000,7.886000,7.896000,7.979000,8.015000
270,41,2,7.939600,7.980000,7.864000,7.901000,7.920000,8.033000
270,42,2,7.983600,8.025000,7.823000,7.995000,8.002000,8.073000
270,43,2,7.945200,7.926000,7.897000,7.886000,7.938000,8.079000
270,44,2,8.017000,8.030000,7.946000,7.980000,8.075000,8.054000
270,45,2,7.884000,7.995000,7.712000,7.824000,7.925000,7.964000
270,46,2,7.947000,7.947000,7.843000,7.909000,8.062000,7.974000
270,47,2,8.020400,8.050000,7.884000,8.001000,8.126000,8.041000
270,48,2,7.896800,7.861000,7.836000,7.832000,7.949000,8.006000
270,49,2,8.098000,8.031000,8.028000,8.145000,8.142000,8.144000
270,50,2,8.007200,8.004000,7.873000,7.947000,8.102000,8.110000
270,51,2,7.977400,8.007000,7.815000,7.949000,8.116000,8.000000
270,52,2,7.936400,7.963000,7.823000,7.874000,7.970000,8.052000
270,53,2,7.928800,7.929000,7.866000,7.900000,7.954000,7.995000
270,54,2,7.956800,7.971000,7.865000,7.946000,7.985000,8.017000
270,55,2,8.005200,8.024000,7.886000,8.033000,7.995000,8.088000
270,56,2,8.053800,8.045000,8.011000,7.986000,8.117000,8.110000
270,57,2,7.838400,7.863000,7.846000,7.796000,7.818000,7.869000
270,58,2,7.933200,7.953000,7.832000,7.870000,8.024000,7.987000
270,59,2,8.004600,8.084000,7.887000,7.954000,8.032000,8.066000
270,60,3,5.164200,5.141000,5.176000,5.118000,5.175000,5.211000
270,61,3,5.239200,5.269000,5.232000,5.148000,5.196000,5.351000
270,62,3,5.255600,5.238000,5.323000,5.273000,5.141000,5.303000
270,63,3,5.192800,5.291000,5.187000,5.153000,5.103000,5.230000
270,64,3,5.016600,4.997000,5.031000,5.080000,5.000000,4.975000
270,65,3,4.997400,4.897000,4.988000,4.927000,5.072000,5.103000
270,66,3,5.067400,5.143000,5.091000,5.031000,4.985000,5.087000
270,67,3,5.039200,4.936000,5.047000,5.002000,5.099000,5.112000
270,68,3,5.214200,5.189000,5.072000,5.242000,5.307000,5.261000
270,69,3,5.053000,5.101000,5.061000,5.103000,4.962000,5.038000
270,70,3,4.979800,4.994000,5.127000,4.890000,4.993000,4.895000
270,71,3,5.009200,4.933000,5.082000,5.052000,4.929000,5.050000
270,72,3,5.090000,5.228000,4.531000,5.190000,5.136000,5.365000
270,73,3,5.064200,5.015000,5.123000,5.074000,5.040000,5.069000
270,74,3,5.074800,5.084000,5.020000,5.061000,5.030000,5.179000
270,75,3,5.023400,5.018000,4.928000,5.044000,5.106000,5.021000
270,76,3,5.155800,5.178000,5.187000,5.085000,5.132000,5.197000
270,77,3,5.206600,5.205000,5.120000,5.287000,5.228000,5.193000
270,78,3,5.156000,5.284000,5.074000,5.167000,5.015000,5.240000
270,79,3,4.911200,4.805000,4.962000,4.952000,4.825000,5.012000
270,80,4,4.955200,4.961000,5.051000,4.833000,4.809000,5.122000
270,81,4,4.867600,4.854000,4.903000,4.769000,4.846000,4.966000
270,82,4,4.928600,4.871000,5.052000,4.848000,4.891000,4.981000
270,83,4,4.889200,4.912000,4.907000,4.953000,4.747000,4.927000
270,84,4,4.754800,4.745000,4.790000,4.680000,4.736000,4.823000
270,85,4,5.100600,5.093000,5.160000,5.247000,4.794000,5.209000
270,86,4,5.058200,4.843000,5.176000,5.083000,5.036000,5.153000
270,87,4,5.063400,5.103000,5.083000,5.066000,4.993000,5.072000
270,88,4,5.096800,5.063000,5.160000,5.012000,5.002000,5.247000
270,89,4,4.964400,5.097000,5.002000,4.920000,4.802000,5.001000
270,90,4,4.834200,4.834000,4.973000,4.757000,4.748000,4.859000
270,91,4,4.870400,4.882000,4.937000,4.828000,4.780000,4.925000
270,92,4,5.088000,4.988000,5.144000,5.056000,5.028000,5.224000
270,93,4,5.131400,5.050000,5.128000,5.154000,5.152000,5.173000
270,94,4,4.938000,4.945000,4.967000,4.876000,4.896000,5.006000
270,95,4,5.027000,5.036000,5.163000,4.930000,4.935000,5.071000
270,96,4,4.923800,4.776000,5.002000,4.948000,4.865000,5.028000
270,97,4,4.847400,4.824000,4.970000,4.678000,4.720000,5.045000
270,98,4,4.814000,4.737000,4.823000,4.921000,4.647000,4.942000
270,99,4,4.963800,4.941000,5.044000,4.943000,4.860000,5.031000
271,0,2,7.984000,8.008000,7.984000,7.982000,7.964000,7.982000
271,1,2,7.956800,7.947000,7.927000,7.889000,7.989000,8.032000
271,2,2,7.974000,7.894000,8.070000,8.010000,7.888000,8.008000
271,3,2,8.000000,7.997000,7.925000,8.024000,7.998000,8.056000
271,4,2,7.948400,7.928000,8.007000,7.906000,7.888000,8.013000
271,5,2,7.993600,7.948000,7.910000,8.009000,7.978000,8.123000
271,6,2,8.094400,8.026000,8.092000,8.140000,8.101000,8.113000
271,7,2,7.996200,8.022000,8.026000,7.969000,8.023000,7.941000
271,8,2,7.993800,8.045000,7.991000,7.981000,8.072000,7.880000
271,9,2,7.940200,8.026000,7.966000,7.863000,7.894000,7.952000
271,10,2,7.930800,7.876000,7.946000,7.884000,7.969000,7.979000
271,11,2,8.043400,8.121000,8.037000,8.021000,8.006000,8.032000
271,12,2,8.016800,7.951000,8.014000,8.004000,8.023000,8.092000
271,13,2,8.009600,7.905000,8.122000,8.046000,7.995000,7.980000
271,14,2,8.053400,8.073000,8.062000,8.016000,8.073000,8.043000
271,15,2,8.026600,8.088000,8.061000,8.032000,7.961000,7.991000
271,16,2,7.853400,7.818000,7.925000,7.839000,7.788000,7.897000
271,17,2,8.084000,8.028000,8.097000,8.044000,8.166000,8.085000
271,18,2,8.032600,7.985000,8.044000,8.092000,8.052000,7.990000
271,19,2,7.961800,7.852000,7.862000,7.890000,8.075000,8.130000
272,0,2,8.030800,7.954000,8.175000,7.920000,8.139000,7.966000
272,1,2,8.086600,8.131000,8.134000,7.982000,8.122000,8.064000
272,2,2,7.834200,7.725000,7.923000,7.741000,8.006000,7.776000
272,3,2,8.034800,8.056000,8.140000,7.989000,8.036000,7.953000
272,4,2,8.043600,7.935000,8.122000,8.022000,8.054000,8.085000
272,5,2,8.053800,7.988000,8.126000,7.991000,8.181000,7.983000
272,6,2,8.026600,7.907000,8.059000,8.045000,8.072000,8.050000
272,7,2,8.029200,7.935000,8.159000,7.999000,8.076000,7.977000
272,8,2,8.087400,8.125000,8.110000,7.998000,8.105000,8.099000
272,9,2,7.992000,8.031000,8.114000,7.872000,8.049000,7.894000
272,10,2,8.011200,7.865000,8.200000,7.946000,8.039000,8.006000
272,11,2,7.897400,7.736000,8.063000,7.870000,8.039000,7.779000
272,12,2,8.047400,8.011000,8.154000,7.862000,8.202000,8.008000
272,13,2,8.011400,7.957000,8.114000,7.910000,8.141000,7.935000
272,14,2,7.898600,7.805000,7.997000,7.809000,7.986000,7.896000
272,15,2,8.028200,7.979000,8.065000,8.063000,8.146000,7.888000
272,16,2,7.866800,7.729000,8.085000,7.742000,7.965000,7.813000
272,17,2,7.943600,7.766000,8.074000,7.859000,8.030000,7.989000
272,18,2,8.023000,7.980000,8.124000,7.924000,8.073000,8.014000
272,19,2,8.003600,7.843000,8.116000,8.010000,8.088000,7.961000
273,0,2,8.078200,8.005000,8.058000,8.097000,8.142000,8.089000
273,1,2,8.083400,8.040000,8.128000,8.142000,8.125000,7.982000
273,2,2,8.065000,8.069000,8.175000,8.082000,8.101000,7.898000
273,3,2,8.070200,8.022000,8.057000,8.069000,8.196000,8.007000
273,4,2,7.947200,8.047000,7.816000,8.002000,7.998000,7.873000
273,5,2,8.029200,8.085000,8.001000,8.097000,8.073000,7.890000
273,6,2,8.056000,7.991000,8.084000,8.074000,8.102000,8.029000
273,7,2,8.045400,7.917000,8.027000,8.165000,8.136000,7.982000
273,8,2,8.026600,8.075000,8.050000,7.943000,8.133000,7.932000
273,9,2,8.050200,8.042000,8.032000,8.114000,8.098000,7.965000
273,10,2,8.063200,7.987000,8.080000,8.109000,8.156000,7.984000
273,11,2,8.063600,8.010000,8.066000,8.142000,8.131000,7.969000
273,12,2,7.990000,8.047000,7.946000,7.975000,8.104000,7.878000
273,13,2,8.028000,7.929000,8.012000,8.118000,8.156000,7.925000
273,14,2,8.096800,8.098000,8.110000,8.091000,8.100000,8.085000
273,15,2,8.087000,8.045000,8.077000,8.088000,8.186000,8.039000
273,16,2,8.064800,8.016000,8.096000,8.131000,8.127000,7.954000
273,17,2,8.082000,8.074000,8.114000,8.055000,8.151000,8.016000
273,18,2,8.012400,8.029000,8.000000,8.032000,8.055000,7.946000
273,19,2,7.916400,7.904000,7.831000,7.960000,7.943000,7.944000
274,0,2,8.080600,8.164000,8.050000,8.120000,8.114000,7.955000
274,1,2,7.653400,7.720000,7.596000,7.686000,7.753000,7.512000
274,2,2,8.061600,8.082000,8.064000,8.142000,7.985000,8.035000
274,3,2,7.930000,7.995000,7.864000,8.009000,7.961000,7.821000
274,4,2,8.078400,8.106000,8.142000,8.089000,8.113000,7.942000
274,5,2,8.093200,8.174000,8.117000,8.114000,8.061000,8.000000
274,6,2,8.043400,8.098000,8.017000,8.070000,8.037000,7.995000
274,7,2,8.071800,8.116000,8.100000,8.129000,8.078000,7.936000
274,8,2,8.026800,8.071000,8.040000,8.084000,7.956000,7.983000
274,9,2,8.095000,8.184000,8.085000,8.081000,8.092000,8.033000
274,10,2,8.046600,8.065000,8.091000,8.045000,7.986000,8.046000
274,11,2,8.028200,8.052000,8.051000,8.029000,8.109000,7.900000
274,12,2,8.062000,8.124000,8.039000,8.062000,8.161000,7.924000
274,13,2,8.124000,8.210000,8.154000,8.113000,8.098000,8.045000
274,14,2,7.921800,8.045000,7.822000,7.857000,8.051000,7.834000
274,15,2,8.094400,8.222000,8.151000,8.003000,8.128000,7.968000
274,16,2,7.815800,7.913000,7.795000,7.821000,7.817000,7.733000
274,17,2,7.876400,8.056000,7.835000,7.887000,7.942000,7.662000
274,18,2,8.014400,8.131000,8.066000,7.964000,8.080000,7.831000
274,19,2,8.070200,8.231000,8.078000,8.052000,8.007000,7.983000
275,0,2,8.019600,8.022000,8.042000,8.016000,7.961000,8.057000
275,1,2,8.013600,8.072000,7.929000,7.996000,8.124000,7.947000
275,2,2,8.088800,8.147000,8.127000,8.130000,8.076000,7.964000
275,3,2,7.993400,8.000000,7.989000,7.978000,8.019000,7.981000
275,4,2,7.997200,8.045000,7.950000,7.941000,8.011000,8.039000
275,5,2,8.029600,8.022000,7.963000,8.070000,8.030000,8.063000
275,6,2,7.749400,7.763000,7.803000,7.763000,7.748000,7.670000
275,7,2,8.015000,8.046000,7.944000,8.003000,8.057000,8.025000
275,8,2,7.792200,7.782000,7.742000,7.757000,7.822000,7.858000
275,9,2,8.038200,8.074000,7.954000,8.097000,8.020000,8.046000
275,10,2,7.983400,8.034000,7.946000,7.955000,8.051000,7.931000
275,11,2,8.025200,7.992000,7.990000,8.088000,7.981000,8.075000
275,12,2,7.894800,7.910000,7.918000,7.812000,7.946000,7.888000
275,13,2,7.836600,7.819000,7.843000,7.812000,7.847000,7.862000
275,14,2,7.817200,7.767000,7.859000,7.742000,7.780000,7.938000
275,15,2,7.955600,7.904000,7.922000,7.944000,8.048000,7.960000
275,16,2,7.873400,7.859000,7.939000,7.737000,7.923000,7.909000
275,17,2,7.773800,7.706000,7.816000,7.706000,7.795000,7.846000
275,18,2,8.039000,8.033000,8.028000,8.020000,8.049000,8.065000
275,19,2,8.035800,8.091000,8.024000,8.004000,8.015000,8.045000
276,0,2,8.004400,7.928000,8.011000,8.075000,8.014000,7.994000
276,1,2,8.026400,7.969000,8.037000,8.077000,8.054000,7.995000
276,2,2,7.921000,7.873000,7.927000,7.939000,7.941000,7.925000
276,3,2,7.992400,7.909000,7.987000,8.115000,7.888000,8.063000
276,4,2,8.048400,8.034000,8.052000,8.102000,7.994000,8.060000
276,5,2,8.055800,8.007000,7.980000,8.160000,8.065000,8.067000
276,6,2,7.982400,7.992000,7.988000,7.968000,7.948000,8.016000
276,7,2,8.020000,7.927000,7.996000,8.042000,8.019000,8.116000
276,8,2,8.098600,8.123000,8.078000,8.128000,8.057000,8.107000
276,9,2,8.022800,8.020000,8.045000,8.047000,7.957000,8.045000
276,10,2,7.933600,7.918000,7.929000,8.032000,7.969000,7.820000
276,11,2,8.088600,8.136000,8.011000,8.089000,8.036000,8.171000
276,12,2,8.003200,7.905000,7.921000,8.017000,8.033000,8.140000
276,13,2,8.011600,8.010000,7.952000,8.084000,7.984000,8.028000
276,14,2,8.090400,8.039000,8.063000,8.184000,7.987000,8.179000
276,15,2,8.044400,7.979000,8.058000,8.027000,8.063000,8.095000
276,16,2,8.002000,7.908000,8.007000,8.016000,8.038000,8.041000
276,17,2,8.025800,7.903000,8.025000,8.069000,8.012000,8.120000
276,18,2,8.024600,8.044000,7.968000,8.039000,8.083000,7.989000
276,19,2,7.954600,7.891000,7.959000,7.947000,7.993000,7.983000
277,0,2,8.015000,8.087000,8.004000,7.959000,8.029000,7.996000
277,1,2,8.063400,8.025000,8.087000,8.020000,8.113000,8.072000
277,2,2,8.035200,8.085000,7.974000,8.035000,8.028000,8.054000
277,3,2,7.999200,8.072000,7.992000,7.913000,7.978000,8.041000
277,4,2,7.978600,7.903000,8.068000,7.961000,8.010000,7.951000
277,5,2,8.115000,8.077000,8.134000,8.104000,8.153000,8.107000
277,6,2,8.014400,8.017000,8.042000,7.984000,8.076000,7.953000
277,7,2,8.079600,8.145000,8.127000,7.943000,8.071000,8.112000
277,8,2,7.925000,7.921000,7.948000,7.936000,7.850000,7.970000
277,9,2,7.999600,7.989000,8.013000,7.963000,8.030000,8.003000
277,10,2,7.955800,8.039000,7.930000,7.869000,7.910000,8.031000
277,11,2,8.023800,8.100000,8.035000,7.905000,8.011000,8.068000
277,12,2,7.920800,8.010000,7.959000,7.806000,7.929000,7.900000
277,13,2,8.104400,8.194000,8.084000,8.058000,8.066000,8.120000
277,14,2,8.044000,8.109000,8.039000,8.011000,8.059000,8.002000
277,15,2,7.839000,7.909000,7.931000,7.806000,7.776000,7.773000
277,16,2,7.988400,8.048000,8.046000,7.859000,7.951000,8.038000
277,17,2,8.108000,8.170000,8.136000,8.034000,8.126000,8.074000
277,18,2,8.097600,8.076000,8.102000,8.064000,8.155000,8.091000
277,19,2,8.038400,8.043000,8.012000,7.972000,8.081000,8.084000
278,0,2,8.080200,8.036000,8.075000,8.074000,8.161000,8.055000
278,1,2,7.753600,7.755000,7.772000,7.653000,7.816000,7.772000
278,2,2,8.037400,8.059000,7.951000,8.096000,8.077000,8.004000
278,3,2,8.014600,8.103000,8.022000,7.948000,8.047000,7.953000
278,4,2,7.984800,8.002000,7.878000,7.999000,8.058000,7.987000
278,5,2,8.031800,8.098000,7.996000,8.017000,8.022000,8.026000
278,6,2,8.037800,8.001000,8.092000,7.914000,8.075000,8.107000
278,7,2,7.940400,8.061000,7.826000,8.036000,7.927000,7.852000
278,8,2,8.090200,8.132000,8.134000,8.127000,8.106000,7.952000
278,9,2,8.079600,8.133000,8.044000,8.144000,8.023000,8.054000
278,10,2,8.101800,8.082000,8.083000,8.091000,8.153000,8.100000
278,11,2,7.976400,7.967000,7.968000,7.973000,8.080000,7.894000
278,12,2,7.921800,8.003000,7.918000,7.907000,7.964000,7.817000
278,13,2,8.019000,8.008000,8.047000,7.917000,8.050000,8.073000
278,14,2,8.089400,8.163000,8.103000,8.053000,8.073000,8.055000
278,15,2,8.068400,8.085000,8.026000,8.078000,8.106000,8.047000
278,16,2,7.946400,7.923000,7.995000,7.915000,8.034000,7.865000
278,17,2,7.899800,7.899000,7.906000,7.931000,7.929000,7.834000
278,18,2,7.876800,7.943000,7.871000,7.863000,7.984000,7.723000
278,19,2,8.028200,7.997000,8.072000,8.031000,8.042000,7.999000
279,0,2,8.094400,8.095000,8.147000,8.111000,8.101000,8.018000
279,1,2,8.056600,8.075000,8.107000,8.061000,8.049000,7.991000
279,2,2,7.888800,7.943000,8.001000,7.978000,7.853000,7.669000
279,3,2,8.150800,8.116000,8.162000,8.199000,8.066000,8.211000
279,4,2,7.940800,7.970000,7.913000,7.986000,7.870000,7.965000
279,5,2,8.118400,8.139000,8.190000,8.155000,8.086000,8.022000
279,6,2,8.009800,8.031000,8.042000,8.061000,7.976000,7.939000
279,7,2,7.985400,7.953000,8.001000,7.980000,7.973000,8.020000
279,8,2,8.088800,8.126000,8.151000,8.143000,8.064000,7.960000
279,9,2,8.062000,8.074000,8.085000,8.066000,8.049000,8.036000
279,10,2,8.128200,8.095000,8.190000,8.150000,8.132000,8.074000
279,11,2,8.012600,8.051000,8.076000,8.109000,8.004000,7.823000
279,12,2,8.110000,8.178000,8.094000,8.130000,8.139000,8.009000
279,13,2,7.970200,8.082000,7.970000,8.021000,8.015000,7.763000
279,14,2,7.964800,8.055000,7.954000,8.066000,7.884000,7.865000
279,15,2,7.870200,7.915000,7.868000,7.965000,7.836000,7.767000
279,16,2,8.029200,8.097000,8.005000,8.011000,8.011000,8.022000
279,17,2,8.014800,8.029000,8.056000,8.138000,7.895000,7.956000
279,18,2,8.091600,8.147000,8.061000,8.120000,8.086000,8.044000
279,19,2,7.965800,8.085000,7.962000,7.926000,7.980000,7.876000
280,0,0,5.138800,5.097000,5.131000,5.038000,5.175000,5.253000
280,1,0,5.089600,5.217000,5.085000,4.992000,4.971000,5.183000
280,2,0,4.995600,5.029000,5.038000,5.074000,4.826000,5.011000
280,3,0,5.090000,5.075000,5.087000,5.040000,5.042000,5.206000
280,4,0,5.105600,5.070000,5.012000,5.167000,4.981000,5.298000
280,5,0,4.971400,5.063000,4.903000,4.907000,4.851000,5.133000
280,6,0,5.027600,5.021000,5.038000,4.970000,5.046000,5.063000
280,7,0,4.959600,5.058000,4.893000,4.855000,5.030000,4.962000
280,8,0,5.064000,5.036000,5.110000,4.991000,5.059000,5.124000
280,9,0,4.934400,4.949000,4.819000,4.969000,4.923000,5.012000
280,10,0,5.097200,5.113000,5.082000,5.116000,4.984000,5.191000
280,11,0,5.024000,5.154000,5.018000,4.762000,5.028000,5.158000
280,12,0,4.821400,4.958000,4.821000,4.859000,4.655000,4.814000
280,13,0,5.112400,5.044000,5.202000,5.055000,5.015000,5.246000
280,14,0,4.951000,4.939000,4.830000,4.929000,4.982000,5.075000
280,15,0,5.030400,5.045000,4.939000,4.978000,5.082000,5.108000
280,16,0,4.956200,5.042000,4.778000,4.886000,4.913000,5.162000
280,17,0,5.098400,5.094000,5.047000,5.090000,5.096000,5.165000
280,18,0,5.050600,5.056000,5.056000,4.983000,5.044000,5.114000
280,19,0,5.037600,5.122000,4.918000,5.108000,5.012000,5.028000
280,20,1,5.205400,5.288000,5.153000,5.128000,5.152000,5.306000
280,21,1,5.162800,5.345000,5.048000,5.160000,5.058000,5.203000
280,22,1,5.070600,5.125000,5.123000,5.064000,4.906000,5.135000
280,23,1,5.142200,5.382000,5.197000,5.049000,4.993000,5.090000
280,24,1,5.075200,5.192000,4.915000,5.011000,5.061000,5.197000
280,25,1,4.884000,5.048000,4.839000,4.671000,4.805000,5.057000
280,26,1,5.037400,5.149000,5.030000,4.945000,4.984000,5.079000
280,27,1,5.197800,5.290000,5.102000,5.236000,5.029000,5.332000
280,28,1,4.978200,5.122000,5.006000,4.799000,4.857000,5.107000
280,29,1,5.349600,5.515000,5.239000,5.297000,5.237000,5.460000
280,30,1,5.211000,5.353000,5.143000,5.086000,5.181000,5.292000
280,31,1,5.273000,5.341000,5.308000,5.168000,5.269000,5.279000
280,32,1,4.988000,5.112000,4.918000,4.980000,4.925000,5.005000
280,33,1,5.058000,5.135000,5.113000,5.043000,4.921000,5.078000
280,34,1,5.094600,5.270000,5.100000,5.069000,4.867000,5.167000
280,35,1,5.184600,5.242000,5.151000,5.075000,5.099000,5.356000
280,36,1,4.926400,5.072000,5.000000,4.801000,4.729000,5.030000
280,37,1,5.222200,5.276000,5.221000,5.173000,5.138000,5.303000
280,38,1,5.058400,5.252000,5.047000,4.827000,4.901000,5.265000
280,39,1,5.313800,5.469000,5.418000,5.131000,5.215000,5.336000
280,40,2,8.097400,8.196000,8.016000,8.091000,8.037000,8.147000
280,41,2,8.062800,8.139000,8.059000,7.922000,8.093000,8.101000
280,42,2,8.073400,8.132000,8.070000,7.947000,8.068000,8.150000
280,43,2,8.090400,8.148000,8.045000,8.021000,8.050000,8.188000
280,44,2,8.049800,8.166000,8.049000,8.019000,7.966000,8.049000
280,45,2,7.954800,8.064000,7.915000,7.934000,7.920000,7.941000
280,46,2,7.940400,8.021000,7.852000,7.798000,7.969000,8.062000
280,47,2,7.783600,7.918000,7.719000,7.657000,7.806000,7.818000
280,48,2,8.006600,8.090000,8.067000,7.928000,7.958000,7.990000
280,49,2,8.036000,8.060000,8.002000,8.012000,8.005000,8.101000
280,50,2,8.013600,8.068000,7.961000,7.934000,8.071000,8.034000
280,51,2,8.064000,8.117000,8.022000,8.052000,8.030000,8.099000
280,52,2,7.899200,7.933000,7.950000,7.780000,7.870000,7.963000
280,53,2,7.988200,8.010000,8.012000,7.896000,7.974000,8.049000
280,54,2,8.067600,8.170000,8.086000,8.028000,7.995000,8.059000
280,55,2,8.123800,8.236000,8.088000,8.054000,8.146000,8.095000
280,56,2,8.040400,8.113000,8.039000,7.997000,8.034000,8.019000
280,57,2,8.042000,8.129000,8.017000,7.901000,8.067000,8.096000
280,58,2,8.036800,8.032000,8.005000,8.015000,8.007000,8.125000
280,59,2,8.073600,8.149000,8.136000,7.973000,8.069000,8.041000
280,60,3,5.082000,5.216000,5.058000,4.937000,5.065000,5.134000
280,61,3,4.971400,5.033000,4.888000,4.862000,5.067000,5.007000
280,62,3,5.256000,5.389000,5.225000,5.192000,5.097000,5.377000
280,63,3,4.978800,5.121000,4.963000,4.880000,4.947000,4.983000
280,64,3,4.942200,4.895000,4.930000,4.912000,4.870000,5.104000
280,65,3,4.908400,5.019000,4.846000,4.814000,4.946000,4.917000
280,66,3,5.127800,5.181000,5.112000,5.108000,5.071000,5.167000
280,67,3,5.089200,5.126000,5.131000,4.905000,5.156000,5.128000
280,68,3,5.134000,5.221000,5.126000,5.080000,5.010000,5.233000
280,69,3,4.965400,5.030000,5.066000,4.863000,4.874000,4.994000
280,70,3,5.032000,5.115000,4.996000,4.935000,5.008000,5.106000
280,71,3,5.126200,5.333000,5.087000,5.026000,5.061000,5.124000
280,72,3,5.107600,5.175000,5.040000,4.975000,5.121000,5.227000
280,73,3,5.015400,5.035000,5.030000,4.975000,5.010000,5.027000
280,74,3,5.097800,5.118000,5.096000,5.010000,5.092000,5.173000
280,75,3,5.095200,5.142000,5.094000,5.025000,5.063000,5.152000
280,76,3,4.903200,4.927000,4.911000,4.982000,4.811000,4.885000
280,77,3,5.122000,5.279000,5.190000,5.018000,4.979000,5.144000
280,78,3,5.109400,5.141000,5.249000,4.909000,4.998000,5.250000
280,79,3,5.135600,5.259000,5.116000,5.002000,5.074000,5.227000
280,80,4,4.853800,4.911000,4.794000,4.823000,4.819000,4.922000
280,81,4,4.999600,5.241000,4.980000,4.748000,5.030000,4.999000
280,82,4,4.977000,5.149000,5.005000,4.835000,4.933000,4.963000
280,83,4,4.981000,5.191000,4.734000,4.818000,5.066000,5.096000
280,84,4,4.941400,4.986000,4.912000,4.829000,4.957000,5.023000
280,85,4,5.061000,5.235000,5.059000,4.955000,4.969000,5.087000
280,86,4,5.002000,5.099000,4.989000,4.843000,5.000000,5.079000
280,87,4,5.000600,5.119000,4.931000,4.927000,4.913000,5.113000
280,88,4,4.837800,5.018000,4.743000,4.669000,4.893000,4.866000
280,89,4,5.051200,5.186000,5.122000,4.980000,4.907000,5.061000
280,90,4,4.880000,5.097000,4.775000,4.828000,4.744000,4.956000
280,91,4,4.887600,4.954000,4.854000,4.878000,4.808000,4.944000
280,92,4,4.827200,4.945000,4.787000,4.685000,4.857000,4.862000
280,93,4,4.941200,5.152000,4.805000,4.766000,4.972000,5.011000
280,94,4,4.962400,4.979000,4.815000,4.903000,5.013000,5.102000
280,95,4,4.931000,5.086000,4.914000,4.826000,4.838000,4.991000
280,96,4,4.915600,5.078000,4.841000,4.760000,5.023000,4.876000
280,97,4,4.874000,5.101000,4.838000,4.671000,4.846000,4.914000
280,98,4,4.752200,4.908000,4.763000,4.762000,4.497000,4.831000
280,99,4,4.944400,5.118000,4.879000,4.759000,4.992000,4.974000
281,0,2,8.116000,7.976000,8.152000,8.157000,8.102000,8.193000
281,1,2,8.072200,8.004000,8.108000,8.122000,8.049000,8.078000
281,2,2,8.114800,8.095000,8.108000,8.179000,8.118000,8.074000
281,3,2,8.060000,8.081000,8.105000,8.082000,7.973000,8.059000
281,4,2,8.033000,7.971000,8.066000,8.046000,7.996000,8.086000
281,5,2,8.040800,8.013000,8.027000,8.034000,8.107000,8.023000
281,6,2,8.042000,8.028000,8.078000,8.105000,7.978000,8.021000
281,7,2,8.002600,7.986000,8.001000,7.966000,7.988000,8.072000
281,8,2,8.008400,8.062000,8.111000,7.974000,7.937000,7.958000
281,9,2,7.971000,8.008000,7.999000,7.903000,7.906000,8.039000
281,10,2,8.088600,8.027000,8.135000,8.162000,8.097000,8.022000
281,11,2,8.039400,8.013000,8.101000,8.156000,7.916000,8.011000
281,12,2,8.065400,8.083000,8.104000,8.091000,7.942000,8.107000
281,13,2,7.968400,7.934000,8.034000,7.961000,7.885000,8.028000
281,14,2,7.892600,7.937000,7.941000,7.884000,7.809000,7.892000
281,15,2,8.029200,8.024000,8.000000,8.075000,8.020000,8.027000
281,16,2,8.046000,7.989000,8.090000,8.174000,8.000000,7.977000
281,17,2,8.051800,8.103000,8.007000,8.094000,7.998000,8.057000
281,18,2,7.962600,7.954000,7.952000,8.032000,7.918000,7.957000
281,19,2,7.948600,7.910000,7.981000,7.985000,7.993000,7.874000
282,0,2,8.072400,8.097000,8.239000,7.987000,7.976000,8.063000
282,1,2,8.016200,8.010000,8.028000,7.998000,8.096000,7.949000
282,2,2,8.088400,8.143000,8.105000,7.939000,8.114000,8.141000
282,3,2,7.996200,8.011000,8.012000,7.969000,8.011000,7.978000
282,4,2,8.055200,8.181000,8.065000,7.997000,7.981000,8.052000
282,5,2,8.011200,8.107000,8.043000,7.936000,8.010000,7.960000
282,6,2,8.061600,8.109000,8.123000,8.035000,8.045000,7.996000
282,7,2,8.069000,8.164000,8.123000,8.019000,7.988000,8.051000
282,8,2,8.036800,8.109000,8.149000,7.920000,7.992000,8.014000
282,9,2,7.918000,7.951000,8.055000,7.872000,7.779000,7.933000
282,10,2,8.096600,8.126000,8.163000,8.007000,8.143000,8.044000
282,11,2,8.076200,8.188000,8.092000,8.123000,7.966000,8.012000
282,12,2,8.007000,8.110000,8.089000,7.985000,7.922000,7.929000
282,13,2,8.068600,8.109000,8.192000,7.939000,8.083000,8.020000
282,14,2,7.944400,7.966000,8.108000,7.921000,7.846000,7.881000
282,15,2,8.034400,8.044000,8.091000,7.922000,8.081000,8.034000
282,16,2,8.137800,8.181000,8.174000,8.073000,8.124000,8.137000
282,17,2,8.096200,8.224000,8.127000,8.054000,8.110000,7.966000
282,18,2,7.961000,8.046000,7.968000,7.903000,7.937000,7.951000
282,19,2,8.156200,8.164000,8.165000,8.156000,8.189000,8.107000
283,0,2,7.733400,7.716000,7.866000,7.756000,7.736000,7.593000
283,1,2,8.078800,8.008000,8.098000,8.087000,8.190000,8.011000
283,2,2,8.040200,7.968000,8.067000,8.043000,8.091000,8.032000
283,3,2,8.025600,7.915000,8.064000,8.098000,8.068000,7.983000
283,4,2,8.019000,8.079000,7.953000,8.018000,8.043000,8.002000
283,5,2,7.928800,7.814000,7.942000,8.082000,7.933000,7.873000
283,6,2,8.051000,8.009000,8.014000,8.116000,8.087000,8.029000
283,7,2,8.074800,8.016000,8.075000,8.141000,8.053000,8.089000
283,8,2,8.080800,7.977000,8.165000,8.093000,8.094000,8.075000
283,9,2,7.939800,7.827000,8.054000,7.943000,8.017000,7.858000
283,10,2,7.985000,7.914000,7.982000,8.034000,8.052000,7.943000
283,11,2,8.076400,7.984000,8.177000,8.089000,8.071000,8.061000
283,12,2,8.006000,7.902000,8.097000,7.934000,8.117000,7.980000
283,13,2,8.008400,7.836000,8.103000,8.040000,8.041000,8.022000
283,14,2,8.014600,7.917000,8.070000,8.054000,8.038000,7.994000
283,15,2,7.876400,7.774000,7.945000,7.916000,7.883000,7.864000
283,16,2,7.992400,7.948000,8.058000,7.991000,8.010000,7.955000
283,17,2,8.001000,7.999000,8.037000,8.090000,8.017000,7.862000
283,18,2,8.045400,7.978000,8.057000,8.176000,8.049000,7.967000
283,19,2,8.021200,8.019000,7.991000,8.076000,8.050000,7.970000
284,0,2,7.980800,7.911000,8.067000,7.986000,7.913000,8.027000
284,1,2,8.015400,7.903000,8.168000,8.192000,7.938000,7.876000
284,2,2,7.822800,7.747000,7.897000,7.889000,7.811000,7.770000
284,3,2,7.939800,7.883000,8.076000,8.067000,7.840000,7.833000
284,4,2,8.002600,7.924000,8.071000,8.059000,7.977000,7.982000
284,5,2,8.040000,7.902000,8.113000,8.113000,8.016000,8.056000
284,6,2,7.989200,7.897000,8.097000,8.092000,7.903000,7.957000
284,7,2,8.122000,8.015000,8.259000,8.200000,8.055000,8.081000
284,8,2,8.051400,7.922000,8.254000,8.052000,8.063000,7.966000
284,9,2,8.059000,7.957000,8.211000,8.136000,7.979000,8.012000
284,10,2,7.954400,7.867000,8.119000,8.020000,7.829000,7.937000
284,11,2,7.874600,7.763000,7.981000,8.013000,7.816000,7.800000
284,12,2,7.797200,7.753000,7.916000,7.829000,7.706000,7.782000
284,13,2,7.522400,7.375000,7.675000,7.652000,7.606000,7.304000
284,14,2,8.008200,7.940000,8.150000,8.106000,7.878000,7.967000
284,15,2,7.927600,7.922000,7.945000,8.074000,7.886000,7.811000
284,16,2,8.033600,7.944000,8.172000,8.013000,7.990000,8.049000
284,17,2,7.931000,7.956000,8.048000,8.000000,7.851000,7.800000
284,18,2,8.051000,7.911000,8.201000,8.158000,7.983000,8.002000
284,19,2,7.915600,7.968000,8.077000,7.981000,7.758000,7.794000
285,0,2,8.002600,8.043000,8.053000,7.879000,8.049000,7.989000
285,1,2,7.990800,8.080000,8.042000,7.899000,8.018000,7.915000
285,2,2,7.982600,8.069000,8.022000,7.893000,8.000000,7.929000
285,3,2,8.066200,7.956000,8.086000,8.078000,8.113000,8.098000
285,4,2,8.009800,8.097000,8.049000,8.020000,7.995000,7.888000
285,5,2,8.069000,8.075000,8.084000,8.010000,8.140000,8.036000
285,6,2,8.057800,8.107000,8.092000,8.004000,8.109000,7.977000
285,7,2,7.986600,8.074000,8.031000,7.869000,8.044000,7.915000
285,8,2,7.944600,8.092000,8.067000,7.821000,7.928000,7.815000
285,9,2,8.078800,8.106000,8.086000,8.000000,8.141000,8.061000
285,10,2,8.065000,8.115000,8.187000,7.922000,8.120000,7.981000
285,11,2,7.685000,7.703000,7.821000,7.581000,7.703000,7.617000
285,12,2,7.863400,8.017000,7.988000,7.674000,7.945000,7.693000
285,13,2,8.013400,8.066000,8.029000,8.018000,8.103000,7.851000
285,14,2,8.139800,8.147000,8.115000,8.113000,8.245000,8.079000
285,15,2,8.011800,8.033000,8.117000,7.900000,8.064000,7.945000
285,16,2,7.974400,8.061000,7.993000,7.923000,7.927000,7.968000
285,17,2,8.029400,7.985000,8.107000,7.959000,8.035000,8.061000
285,18,2,8.044800,8.059000,8.091000,8.000000,8.118000,7.956000
285,19,2,7.918200,7.989000,8.024000,7.747000,7.932000,7.899000
286,0,2,8.044000,7.956000,8.107000,8.181000,7.851000,8.125000
286,1,2,8.048400,7.932000,8.199000,8.090000,7.914000,8.107000
286,2,2,7.787400,7.824000,7.807000,7.827000,7.653000,7.826000
286,3,2,8.019600,8.005000,7.980000,8.137000,7.914000,8.062000
286,4,2,7.986400,7.907000,8.087000,8.136000,7.785000,8.017000
286,5,2,8.095800,7.953000,8.235000,8.234000,7.955000,8.102000
286,6,2,8.086200,8.014000,8.140000,8.203000,7.923000,8.151000
286,7,2,8.073800,7.984000,8.128000,8.232000,7.912000,8.113000
286,8,2,7.913000,7.943000,7.828000,7.905000,7.818000,8.071000
286,9,2,8.013400,7.903000,7.991000,8.159000,7.846000,8.168000
286,10,2,7.978800,7.938000,8.053000,8.056000,7.803000,8.044000
286,11,2,8.060800,7.954000,8.070000,8.171000,7.961000,8.148000
286,12,2,8.103800,8.067000,8.179000,8.186000,7.971000,8.116000
286,13,2,8.135200,8.084000,8.214000,8.125000,8.033000,8.220000
286,14,2,8.065600,8.023000,8.141000,8.151000,7.905000,8.108000
286,15,2,8.061400,7.999000,8.123000,8.087000,7.997000,8.101000
286,16,2,8.065800,7.960000,8.134000,8.159000,7.954000,8.122000
286,17,2,8.018800,7.893000,8.000000,8.125000,7.963000,8.113000
286,18,2,7.893200,7.834000,7.839000,7.946000,7.825000,8.022000
286,19,2,8.067000,7.938000,8.138000,8.125000,7.923000,8.211000
287,0,2,8.117000,7.992000,8.123000,8.189000,8.200000,8.081000
287,1,2,8.034000,7.863000,8.033000,8.090000,8.113000,8.071000
287,2,2,8.062800,7.939000,8.098000,8.153000,8.103000,8.021000
287,3,2,8.082800,7.985000,8.150000,8.123000,8.106000,8.050000
287,4,2,8.033400,7.862000,8.119000,8.085000,8.079000,8.022000
287,5,2,8.060600,7.958000,8.092000,8.100000,8.089000,8.064000
287,6,2,8.093600,7.974000,8.153000,8.157000,8.134000,8.050000
287,7,2,8.120000,8.020000,8.130000,8.186000,8.183000,8.081000
287,8,2,7.938200,7.872000,7.948000,7.970000,8.039000,7.862000
287,9,2,8.098600,7.930000,8.188000,8.080000,8.180000,8.115000
287,10,2,8.006000,7.952000,8.051000,8.006000,7.972000,8.049000
287,11,2,8.019000,7.892000,8.089000,8.043000,8.020000,8.051000
287,12,2,8.044000,7.906000,8.093000,8.146000,8.063000,8.012000
287,13,2,8.042400,7.940000,7.969000,8.158000,8.098000,8.047000
287,14,2,8.023400,8.036000,7.940000,8.089000,7.998000,8.054000
287,15,2,8.065200,7.965000,8.105000,8.087000,8.084000,8.085000
287,16,2,8.048600,7.991000,8.087000,8.078000,8.116000,7.971000
287,17,2,8.072200,7.887000,8.067000,8.123000,8.171000,8.113000
287,18,2,7.992600,7.914000,7.943000,8.037000,8.002000,8.067000
287,19,2,7.879000,7.768000,7.808000,7.992000,7.934000,7.893000
288,0,2,7.935800,7.863000,7.919000,8.038000,7.848000,8.011000
288,1,2,8.082000,8.084000,8.139000,8.085000,8.024000,8.078000
288,2,2,8.018600,7.910000,8.094000,8.081000,7.986000,8.022000
288,3,2,8.040000,7.952000,8.150000,8.131000,7.933000,8.034000
288,4,2,8.022800,8.007000,8.017000,7.956000,8.041000,8.093000
288,5,2,8.040400,7.979000,8.106000,8.091000,7.901000,8.125000
288,6,2,8.081800,8.089000,8.155000,8.087000,7.984000,8.094000
288,7,2,8.003000,8.011000,7.937000,8.053000,7.924000,8.090000
288,8,2,8.090400,8.041000,8.177000,8.072000,8.040000,8.122000
288,9,2,8.097200,8.074000,8.081000,8.120000,8.061000,8.150000
288,10,2,8.064200,7.969000,8.163000,8.131000,7.967000,8.091000
288,11,2,8.035400,7.974000,8.033000,8.059000,7.943000,8.168000
288,12,2,8.046600,7.970000,8.052000,8.110000,8.000000,8.101000
288,13,2,8.067800,8.066000,8.082000,8.099000,7.964000,8.128000
288,14,2,8.076600,7.958000,8.099000,8.078000,8.072000,8.176000
288,15,2,8.077400,8.014000,8.100000,8.171000,7.999000,8.103000
288,16,2,8.057600,8.034000,8.074000,8.035000,8.046000,8.099000
288,17,2,8.080000,8.130000,8.097000,8.112000,7.999000,8.062000
288,18,2,7.964600,7.951000,7.997000,8.038000,7.831000,8.006000
288,19,2,8.071200,8.027000,8.088000,8.175000,7.972000,8.094000
289,0,2,8.121800,8.029000,8.197000,8.110000,8.094000,8.179000
289,1,2,8.079400,8.075000,8.044000,8.064000,8.064000,8.150000
289,2,2,7.981600,7.963000,8.009000,7.957000,7.871000,8.108000
289,3,2,8.050400,8.030000,8.009000,7.990000,8.043000,8.180000
289,4,2,7.950600,7.893000,8.013000,7.872000,7.902000,8.073000
289,5,2,8.049600,8.043000,8.122000,8.057000,7.957000,8.069000
289,6,2,8.068400,8.076000,8.096000,7.976000,8.032000,8.162000
289,7,2,7.943400,7.895000,7.965000,7.970000,7.816000,8.071000
289,8,2,8.019800,8.034000,8.001000,8.006000,7.963000,8.095000
289,9,2,8.084200,8.090000,8.101000,7.996000,8.122000,8.112000
289,10,2,8.137400,8.091000,8.220000,8.129000,8.117000,8.130000
289,11,2,7.936200,8.017000,7.886000,7.985000,7.821000,7.972000
289,12,2,8.069200,8.032000,7.991000,8.110000,8.047000,8.166000
289,13,2,8.134800,8.077000,8.194000,8.113000,8.121000,8.169000
289,14,2,8.092200,8.028000,8.136000,8.073000,8.076000,8.148000
289,15,2,8.004200,8.018000,8.009000,7.985000,7.929000,8.080000
289,16,2,8.063000,8.064000,8.105000,8.054000,7.990000,8.102000
289,17,2,8.049400,8.058000,8.044000,8.090000,7.994000,8.061000
289,18,2,8.091600,8.051000,8.112000,8.089000,8.089000,8.117000
289,19,2,8.074600,7.983000,8.064000,8.051000,8.058000,8.217000
290,0,0,5.015200,5.066000,5.029000,4.986000,4.844000,5.151000
290,1,0,4.915600,5.006000,4.814000,4.949000,4.823000,4.986000
290,2,0,5.068200,5.022000,5.065000,4.982000,5.107000,5.165000
290,3,0,5.079600,5.099000,5.046000,5.018000,5.076000,5.159000
290,4,0,5.091600,5.138000,5.099000,4.990000,5.079000,5.152000
290,5,0,5.081800,5.069000,5.107000,5.110000,5.056000,5.067000
290,6,0,5.085000,5.055000,5.035000,5.183000,4.973000,5.179000
290,7,0,5.014800,5.023000,4.892000,4.973000,5.139000,5.047000
290,8,0,5.060000,5.090000,5.022000,4.986000,5.026000,5.176000
290,9,0,5.116400,5.085000,5.085000,5.134000,5.109000,5.169000
290,10,0,4.994400,5.049000,4.883000,5.001000,4.967000,5.072000
290,11,0,5.201600,5.273000,5.176000,5.086000,5.156000,5.317000
290,12,0,5.010400,4.954000,4.995000,4.950000,4.995000,5.158000
290,13,0,5.171400,5.102000,5.071000,5.249000,5.220000,5.215000
290,14,0,5.083000,5.063000,5.101000,5.117000,4.984000,5.150000
290,15,0,5.043200,5.098000,4.970000,4.946000,5.084000,5.118000
290,16,0,5.031600,5.142000,4.932000,4.974000,4.990000,5.120000
290,17,0,5.001200,5.071000,4.904000,5.020000,4.945000,5.066000
290,18,0,5.043400,5.149000,4.931000,4.969000,5.025000,5.143000
290,19,0,5.046200,4.945000,5.092000,5.190000,4.985000,5.019000
290,20,1,5.183800,5.175000,5.261000,5.161000,5.124000,5.198000
290,21,1,5.125400,5.205000,5.105000,5.212000,4.934000,5.171000
290,22,1,5.164600,5.315000,5.176000,5.141000,4.995000,5.196000
290,23,1,5.189600,5.299000,5.202000,5.190000,4.991000,5.266000
290,24,1,5.136800,5.133000,5.131000,5.343000,5.040000,5.037000
290,25,1,5.122800,5.172000,5.103000,5.224000,5.022000,5.093000
290,26,1,5.194400,5.294000,5.109000,5.160000,5.063000,5.346000
290,27,1,5.097200,5.092000,5.067000,5.141000,4.909000,5.277000
290,28,1,5.175000,5.342000,5.112000,5.212000,4.920000,5.289000
290,29,1,5.193200,5.303000,5.238000,5.183000,5.099000,5.143000
290,30,1,5.054600,5.001000,5.112000,5.053000,4.987000,5.120000
290,31,1,5.194200,5.329000,5.143000,5.263000,4.990000,5.246000
290,32,1,5.271000,5.241000,5.147000,5.364000,5.307000,5.296000
290,33,1,5.009600,5.069000,5.004000,5.111000,4.826000,5.038000
290,34,1,5.215400,5.228000,5.127000,5.337000,5.092000,5.293000
290,35,1,5.249600,5.263000,5.267000,5.370000,5.144000,5.204000
290,36,1,5.195800,5.298000,5.132000,5.309000,4.963000,5.277000
290,37,1,5.243200,5.310000,5.204000,5.315000,5.148000,5.239000
290,38,1,5.261200,5.317000,5.217000,5.286000,5.146000,5.340000
290,39,1,5.212200,5.250000,5.165000,5.245000,5.061000,5.340000
290,40,2,8.080400,8.105000,8.118000,7.994000,8.089000,8.096000
290,41,2,8.014600,8.068000,8.015000,7.973000,8.056000,7.961000
290,42,2,8.060200,8.043000,8.048000,7.995000,8.158000,8.057000
290,43,2,8.103600,8.161000,8.052000,8.068000,8.161000,8.076000
290,44,2,8.040800,8.080000,8.046000,7.950000,8.084000,8.044000
290,45,2,8.073400,8.117000,8.012000,8.115000,8.097000,8.026000
290,46,2,8.041000,8.135000,7.988000,7.970000,8.038000,8.074000
290,47,2,7.982600,7.967000,8.033000,7.956000,8.040000,7.917000
290,48,2,7.793200,7.839000,7.786000,7.812000,7.733000,7.796000
290,49,2,8.103200,8.145000,8.042000,8.057000,8.109000,8.163000
290,50,2,8.019600,8.015000,8.028000,8.004000,8.070000,7.981000
290,51,2,8.088600,8.128000,8.151000,7.974000,8.091000,8.099000
290,52,2,8.063600,8.082000,8.132000,7.994000,8.063000,8.047000
290,53,2,8.061200,8.120000,8.056000,8.092000,8.073000,7.965000
290,54,2,7.935200,7.961000,7.851000,7.959000,8.021000,7.884000
290,55,2,8.040400,8.143000,8.027000,7.988000,8.049000,7.995000
290,56,2,7.908000,7.919000,7.913000,7.899000,7.990000,7.819000
290,57,2,8.041200,8.106000,8.037000,8.049000,7.997000,8.017000
290,58,2,7.939000,7.972000,7.995000,7.872000,8.002000,7.854000
290,59,2,8.044400,8.042000,8.001000,8.000000,8.095000,8.084000
290,60,3,5.232600,5.210000,5.212000,5.322000,5.187000,5.232000
290,61,3,5.164000,5.208000,5.185000,5.172000,5.074000,5.181000
290,62,3,5.187400,5.216000,5.262000,4.999000,5.195000,5.265000
290,63,3,5.195000,5.283000,5.170000,5.221000,5.155000,5.146000
290,64,3,5.282800,5.327000,5.367000,5.354000,5.130000,5.236000
290,65,3,5.174200,5.300000,5.136000,5.260000,5.086000,5.089000
290,66,3,5.167200,5.162000,5.187000,5.264000,5.072000,5.151000
290,67,3,5.165600,5.191000,5.253000,5.194000,5.117000,5.073000
290,68,3,5.176400,5.256000,5.214000,5.236000,5.099000,5.077000
290,69,3,5.119200,5.097000,5.185000,5.153000,5.042000,5.119000
290,70,3,5.300400,5.385000,5.266000,5.424000,5.145000,5.282000
290,71,3,5.153400,5.177000,5.235000,5.131000,5.097000,5.127000
290,72,3,5.108000,5.215000,5.088000,5.123000,4.997000,5.117000
290,73,3,5.229200,5.418000,5.188000,5.127000,5.108000,5.305000
290,74,3,5.327200,5.374000,5.346000,5.332000,5.299000,5.285000
290,75,3,5.145600,5.189000,5.109000,5.318000,5.027000,5.085000
290,76,3,5.069400,5.119000,5.047000,5.067000,4.991000,5.123000
290,77,3,5.144800,5.196000,5.112000,5.092000,5.130000,5.194000
290,78,3,5.242800,5.206000,5.222000,5.295000,5.152000,5.339000
290,79,3,5.000000,4.968000,4.997000,4.981000,4.973000,5.081000
290,80,4,5.085000,5.066000,5.061000,5.175000,5.054000,5.069000
290,81,4,5.149400,5.228000,5.151000,5.221000,4.953000,5.194000
290,82,4,5.146400,5.240000,5.114000,5.292000,4.937000,5.149000
290,83,4,5.061200,5.047000,4.945000,5.189000,5.005000,5.120000
290,84,4,5.192600,5.189000,5.184000,5.235000,5.132000,5.223000
290,85,4,5.201600,5.108000,5.191000,5.312000,5.070000,5.327000
290,86,4,5.151600,5.124000,5.053000,5.243000,5.065000,5.273000
290,87,4,4.883400,5.024000,4.748000,4.900000,4.743000,5.002000
290,88,4,5.244400,5.325000,5.175000,5.242000,5.183000,5.297000
290,89,4,5.154000,5.128000,5.096000,5.239000,5.122000,5.185000
290,90,4,4.888600,4.831000,4.866000,4.894000,4.921000,4.931000
290,91,4,5.178600,5.128000,5.155000,5.317000,5.166000,5.127000
290,92,4,5.026400,5.038000,4.960000,5.144000,4.968000,5.022000
290,93,4,5.252400,5.280000,5.245000,5.255000,5.179000,5.303000
290,94,4,5.102000,5.109000,5.002000,5.168000,5.061000,5.170000
290,95,4,5.175600,5.198000,5.105000,5.317000,5.114000,5.144000
290,96,4,4.896400,4.887000,4.914000,4.864000,4.959000,4.858000
290,97,4,5.151400,5.220000,5.079000,5.176000,5.099000,5.183000
290,98,4,5.183600,5.289000,5.082000,5.232000,5.158000,5.157000
290,99,4,5.101000,5.102000,4.967000,5.285000,4.921000,5.230000
291,0,2,8.134600,8.011000,8.053000,8.267000,8.103000,8.239000
291,1,2,8.078000,8.084000,8.070000,8.074000,7.979000,8.183000
291,2,2,8.154600,8.044000,8.145000,8.237000,8.035000,8.312000
291,3,2,8.198800,8.169000,8.159000,8.298000,8.147000,8.221000
291,4,2,8.100800,8.097000,8.064000,8.127000,8.026000,8.190000
291,5,2,8.121600,8.015000,8.104000,8.272000,8.085000,8.132000
291,6,2,8.129400,8.133000,8.161000,8.096000,8.055000,8.202000
291,7,2,8.160800,8.079000,8.141000,8.197000,8.131000,8.256000
291,8,2,8.201400,8.048000,8.212000,8.254000,8.166000,8.327000
291,9,2,8.149600,8.096000,8.117000,8.105000,8.156000,8.274000
291,10,2,8.062600,7.963000,8.096000,8.064000,8.018000,8.172000
291,11,2,8.070600,8.111000,7.992000,8.055000,8.014000,8.181000
291,12,2,8.133800,8.142000,8.083000,8.162000,8.053000,8.229000
291,13,2,8.157400,8.182000,8.155000,8.175000,8.062000,8.213000
291,14,2,8.141200,8.182000,8.080000,8.183000,8.037000,8.224000
291,15,2,8.120000,8.066000,8.051000,8.244000,8.035000,8.204000
291,16,2,8.123400,8.084000,8.142000,8.154000,8.025000,8.212000
291,17,2,8.156800,8.119000,8.161000,8.194000,8.090000,8.220000
291,18,2,8.173000,8.145000,8.167000,8.149000,8.140000,8.264000
291,19,2,8.156600,8.113000,8.129000,8.193000,8.073000,8.275000
292,0,2,8.069200,8.042000,8.030000,8.093000,8.085000,8.096000
292,1,2,8.114400,8.111000,7.922000,8.192000,8.098000,8.249000
292,2,2,8.116800,8.065000,8.015000,8.214000,8.196000,8.094000
292,3,2,7.967400,7.793000,7.844000,8.006000,8.101000,8.093000
292,4,2,8.080600,8.070000,8.033000,8.163000,8.051000,8.086000
292,5,2,8.099400,8.057000,8.041000,8.185000,8.144000,8.070000
292,6,2,8.136800,8.053000,8.128000,8.186000,8.129000,8.188000
292,7,2,7.894800,7.850000,7.888000,7.962000,7.877000,7.897000
292,8,2,8.032600,7.948000,8.053000,8.091000,7.978000,8.093000
292,9,2,8.112600,8.053000,8.051000,8.180000,8.153000,8.126000
292,10,2,8.172000,8.041000,8.147000,8.194000,8.213000,8.265000
292,11,2,8.052200,8.022000,8.023000,8.066000,8.037000,8.113000
292,12,2,8.094200,8.080000,8.087000,8.168000,8.045000,8.091000
292,13,2,8.152600,8.129000,8.101000,8.150000,8.149000,8.234000
292,14,2,8.089600,8.039000,7.993000,8.121000,8.105000,8.190000
292,15,2,8.111400,8.062000,8.041000,8.141000,8.188000,8.125000
292,16,2,8.121200,8.158000,7.967000,8.067000,8.216000,8.198000
292,17,2,8.078600,8.085000,8.044000,8.108000,8.145000,8.011000
292,18,2,8.124600,8.128000,8.046000,8.178000,8.103000,8.168000
292,19,2,8.120400,8.146000,7.955000,8.138000,8.146000,8.217000
293,0,2,8.054400,7.986000,8.054000,7.935000,8.113000,8.184000
293,1,2,8.105800,7.946000,8.106000,8.062000,8.225000,8.190000
293,2,2,8.083200,7.981000,8.172000,8.000000,8.125000,8.138000
293,3,2,8.077600,7.991000,8.154000,7.986000,8.093000,8.164000
293,4,2,8.082400,7.905000,8.112000,8.049000,8.181000,8.165000
293,5,2,8.019600,7.932000,7.978000,8.015000,8.086000,8.087000
293,6,2,8.017400,7.934000,8.029000,7.932000,8.030000,8.162000
293,7,2,8.081000,8.010000,8.145000,7.989000,8.137000,8.124000
293,8,2,8.111400,8.034000,8.078000,8.040000,8.173000,8.232000
293,9,2,8.052000,7.941000,8.111000,7.992000,8.080000,8.136000
293,10,2,8.109000,8.020000,8.141000,7.990000,8.215000,8.179000
293,11,2,8.121400,8.060000,8.109000,8.046000,8.162000,8.230000
293,12,2,8.068000,8.004000,8.088000,7.961000,8.169000,8.118000
293,13,2,8.037200,7.998000,7.999000,7.913000,8.170000,8.106000
293,14,2,8.081400,7.905000,8.189000,8.063000,8.176000,8.074000
293,15,2,8.094200,8.115000,8.099000,8.000000,8.112000,8.145000
293,16,2,8.081200,8.022000,8.112000,7.964000,8.145000,8.163000
293,17,2,8.034000,7.996000,8.060000,7.872000,8.087000,8.155000
293,18,2,8.111600,8.051000,8.120000,8.009000,8.208000,8.170000
293,19,2,8.095800,7.992000,8.122000,8.096000,8.181000,8.088000
294,0,2,8.114800,8.189000,8.097000,8.048000,8.107000,8.133000
294,1,2,8.104200,8.144000,8.162000,8.119000,8.028000,8.068000
294,2,2,8.107600,8.181000,8.079000,8.151000,8.049000,8.078000
294,3,2,8.130000,8.241000,8.161000,8.141000,8.005000,8.102000
294,4,2,8.018200,7.994000,8.007000,8.072000,8.008000,8.010000
294,5,2,8.069400,8.238000,8.021000,8.182000,7.970000,7.936000
294,6,2,8.041200,8.121000,8.036000,8.027000,7.990000,8.032000
294,7,2,8.065800,8.100000,7.961000,8.162000,8.039000,8.067000
294,8,2,8.134200,8.241000,8.120000,8.101000,8.154000,8.055000
294,9,2,8.050800,8.127000,7.995000,8.159000,7.998000,7.975000
294,10,2,8.158800,8.283000,8.157000,8.109000,8.137000,8.108000
294,11,2,8.099400,8.332000,8.084000,8.016000,8.026000,8.039000
294,12,2,8.135000,8.218000,8.090000,8.183000,8.143000,8.041000
294,13,2,8.121400,8.238000,8.114000,8.045000,8.070000,8.140000
294,14,2,8.075800,8.166000,8.082000,8.080000,8.067000,7.984000
294,15,2,8.119600,8.207000,8.092000,8.116000,8.106000,8.077000
294,16,2,8.067800,8.150000,8.014000,8.130000,7.995000,8.050000
294,17,2,7.999800,8.021000,7.941000,8.045000,8.038000,7.954000
294,18,2,8.131600,8.201000,8.128000,8.140000,8.060000,8.129000
294,19,2,7.901000,7.936000,7.824000,7.959000,7.900000,7.886000
295,0,2,8.044000,8.005000,7.999000,8.210000,7.869000,8.137000
295,1,2,8.118200,8.098000,8.118000,8.222000,8.037000,8.116000
295,2,2,8.089400,8.056000,8.131000,8.216000,7.897000,8.147000
295,3,2,7.923400,7.981000,7.989000,8.077000,7.790000,7.780000
295,4,2,8.060200,8.098000,8.002000,8.195000,7.949000,8.057000
295,5,2,8.062000,8.060000,7.998000,8.135000,7.954000,8.163000
295,6,2,8.088800,8.062000,8.156000,8.177000,7.963000,8.086000
295,7,2,7.959600,7.971000,7.938000,7.997000,7.855000,8.037000
295,8,2,7.988200,8.001000,8.009000,8.120000,7.856000,7.955000
295,9,2,8.059600,8.087000,8.038000,8.029000,8.010000,8.134000
295,10,2,8.093600,8.143000,8.002000,8.193000,8.042000,8.088000
295,11,2,8.107400,8.127000,8.120000,8.197000,7.996000,8.097000
295,12,2,8.106400,8.061000,8.096000,8.289000,8.006000,8.080000
295,13,2,8.132200,8.152000,8.209000,8.209000,7.936000,8.155000
295,14,2,8.089200,8.072000,8.167000,8.154000,7.931000,8.122000
295,15,2,8.043800,8.090000,8.050000,8.141000,7.884000,8.054000
295,16,2,8.113200,8.144000,8.067000,8.274000,7.950000,8.131000
295,17,2,8.062800,8.018000,8.066000,8.140000,7.959000,8.131000
295,18,2,7.898200,7.993000,7.882000,7.966000,7.754000,7.896000
295,19,2,8.071800,8.072000,8.050000,8.196000,8.007000,8.034000
296,0,2,8.043000,8.159000,7.960000,8.024000,8.037000,8.035000
296,1,2,8.045000,8.122000,7.989000,8.070000,8.117000,7.927000
296,2,2,8.070200,8.196000,7.911000,8.026000,8.190000,8.028000
296,3,2,8.070800,8.122000,8.045000,8.135000,8.016000,8.036000
296,4,2,8.089000,8.174000,7.961000,8.132000,8.127000,8.051000
296,5,2,7.998200,8.133000,7.826000,8.079000,7.976000,7.977000
296,6,2,8.044200,8.138000,7.918000,8.134000,8.065000,7.966000
296,7,2,8.119600,8.215000,7.996000,8.155000,8.122000,8.110000
296,8,2,8.053400,8.167000,7.906000,8.048000,8.120000,8.026000
296,9,2,7.692400,7.831000,7.524000,7.893000,7.692000,7.522000
296,10,2,8.086000,8.180000,8.057000,8.050000,8.119000,8.024000
296,11,2,8.038600,8.091000,7.954000,8.078000,8.045000,8.025000
296,12,2,8.051800,8.151000,7.991000,8.051000,8.083000,7.983000
296,13,2,8.049400,8.107000,7.966000,8.170000,8.004000,8.000000
296,14,2,8.111600,8.222000,7.980000,8.199000,8.092000,8.065000
296,15,2,7.989200,8.058000,7.806000,8.033000,8.029000,8.020000
296,16,2,8.075400,8.185000,8.075000,8.080000,8.060000,7.977000
296,17,2,8.111400,8.211000,7.968000,8.135000,8.143000,8.100000
296,18,2,8.054600,8.126000,8.014000,8.185000,7.949000,7.999000
296,19,2,7.845200,7.941000,7.722000,7.983000,7.774000,7.806000
297,0,2,8.148800,8.045000,8.280000,8.110000,8.129000,8.180000
297,1,2,8.186600,8.159000,8.258000,8.162000,8.173000,8.181000
297,2,2,8.131600,7.974000,8.259000,8.153000,8.138000,8.134000
297,3,2,7.909400,7.865000,8.092000,7.872000,7.724000,7.994000
297,4,2,8.189800,8.047000,8.300000,8.204000,8.198000,8.200000
297,5,2,8.016400,7.849000,8.121000,7.989000,8.060000,8.063000
297,6,2,8.155800,8.088000,8.187000,8.135000,8.189000,8.180000
297,7,2,8.152200,8.072000,8.194000,8.109000,8.194000,8.192000
297,8,2,8.193800,8.184000,8.228000,8.204000,8.219000,8.134000
297,9,2,8.125600,8.003000,8.181000,8.157000,8.158000,8.129000
297,10,2,8.156600,8.062000,8.253000,8.115000,8.191000,8.162000
297,11,2,8.058400,7.937000,8.187000,8.065000,8.054000,8.049000
297,12,2,8.230800,8.144000,8.317000,8.271000,8.238000,8.184000
297,13,2,8.095400,7.954000,8.264000,8.119000,8.078000,8.062000
297,14,2,8.096600,8.034000,8.200000,8.158000,8.065000,8.026000
297,15,2,8.161200,8.075000,8.232000,8.197000,8.144000,8.158000
297,16,2,7.759000,7.561000,7.994000,7.718000,7.792000,7.730000
297,17,2,8.110800,8.013000,8.251000,8.092000,8.072000,8.126000
297,18,2,8.141200,8.020000,8.227000,8.222000,8.090000,8.147000
297,19,2,8.113400,8.047000,8.181000,8.111000,8.120000,8.108000
298,0,2,8.082800,8.054000,8.063000,8.187000,8.075000,8.035000
298,1,2,8.110600,8.060000,8.135000,8.219000,8.122000,8.017000
298,2,2,8.051400,7.963000,8.100000,8.102000,8.051000,8.041000
298,3,2,8.083400,8.105000,8.086000,8.059000,8.098000,8.069000
298,4,2,8.123200,8.145000,8.104000,8.217000,8.159000,7.991000
298,5,2,8.083600,8.076000,8.125000,8.176000,7.985000,8.056000
298,6,2,8.072400,7.983000,8.056000,8.185000,8.047000,8.091000
298,7,2,8.134400,8.154000,8.081000,8.223000,8.136000,8.078000
298,8,2,8.144400,8.118000,8.022000,8.253000,8.148000,8.181000
298,9,2,8.117800,8.221000,8.030000,8.127000,8.125000,8.086000
298,10,2,8.118600,8.081000,8.054000,8.248000,8.098000,8.112000
298,11,2,8.098200,8.140000,8.150000,8.146000,8.045000,8.010000
298,12,2,8.071000,8.053000,8.151000,8.128000,8.013000,8.010000
298,13,2,8.151800,8.204000,8.167000,8.166000,8.129000,8.093000
298,14,2,8.077800,8.107000,8.109000,8.136000,7.978000,8.059000
298,15,2,8.064800,8.155000,7.983000,8.143000,8.087000,7.956000
298,16,2,8.100600,8.152000,8.120000,8.218000,8.058000,7.955000
298,17,2,8.095600,8.203000,8.096000,8.166000,8.024000,7.989000
298,18,2,8.156800,8.126000,8.097000,8.215000,8.191000,8.155000
298,19,2,8.160600,8.185000,8.131000,8.248000,8.168000,8.071000
299,0,2,8.095400,8.112000,8.100000,8.110000,8.097000,8.058000
299,1,2,8.122600,8.156000,8.094000,8.154000,8.149000,8.060000
299,2,2,8.117800,8.096000,8.107000,8.079000,8.194000,8.113000
299,3,2,8.160400,8.249000,8.095000,8.248000,8.130000,8.080000
299,4,2,8.108400,8.140000,8.086000,8.181000,8.075000,8.060000
299,5,2,8.146400,8.188000,8.147000,8.233000,8.122000,8.042000
299,6,2,8.117800,8.179000,7.968000,8.178000,8.071000,8.193000
299,7,2,8.146600,8.158000,8.148000,8.196000,8.135000,8.096000
299,8,2,8.145600,8.200000,8.092000,8.213000,8.112000,8.111000
299,9,2,8.124200,8.115000,8.093000,8.184000,8.124000,8.105000
299,10,2,8.040800,8.087000,7.997000,8.113000,8.102000,7.905000
299,11,2,8.165800,8.185000,8.228000,8.163000,8.168000,8.085000
299,12,2,8.063800,8.097000,8.032000,8.023000,8.109000,8.058000
299,13,2,8.117600,8.127000,8.116000,8.093000,8.142000,8.110000
299,14,2,8.083400,8.095000,8.036000,8.140000,8.080000,8.066000
299,15,2,8.141800,8.187000,8.069000,8.177000,8.143000,8.133000
299,16,2,8.108600,8.183000,8.082000,8.130000,8.062000,8.086000
299,17,2,8.128800,8.219000,8.175000,8.201000,8.087000,7.962000
299,18,2,8.040800,8.082000,8.052000,8.084000,8.072000,7.914000
299,19,2,8.074200,8.120000,8.079000,8.166000,8.017000,7.989000
300,0,0,5.007800,5.095000,5.128000,5.034000,4.988000,4.794000
300,1,0,5.149600,5.008000,5.156000,5.390000,4.972000,5.222000
300,2,0,5.070600,5.161000,5.174000,5.139000,4.924000,4.955000
300,3,0,5.131600,5.077000,5.252000,5.151000,5.052000,5.126000
300,4,0,5.127800,5.024000,5.011000,5.169000,5.205000,5.230000
300,5,0,5.110600,5.147000,5.110000,5.246000,4.789000,5.261000
300,6,0,5.123200,4.970000,4.997000,5.254000,5.099000,5.296000
300,7,0,5.142600,5.120000,5.203000,5.318000,4.945000,5.127000
300,8,0,5.070800,5.146000,4.897000,5.128000,5.022000,5.161000
300,9,0,4.996800,4.913000,4.985000,5.097000,4.919000,5.070000
300,10,0,5.122800,5.128000,5.100000,5.129000,5.083000,5.174000
300,11,0,4.973200,4.958000,4.551000,5.265000,4.961000,5.131000
300,12,0,5.170200,5.189000,5.352000,5.349000,5.021000,4.940000
300,13,0,5.243200,5.245000,5.211000,5.343000,5.119000,5.298000
300,14,0,5.078200,5.106000,5.144000,5.329000,4.908000,4.904000
300,15,0,4.992200,4.714000,4.816000,5.286000,5.046000,5.099000
300,16,0,5.026000,4.875000,4.996000,5.216000,4.965000,5.078000
300,17,0,4.728400,4.506000,4.943000,5.103000,4.725000,4.365000
300,18,0,5.098200,5.170000,5.158000,5.088000,5.004000,5.071000
300,19,0,5.115200,4.947000,5.147000,5.208000,5.055000,5.219000
300,20,1,5.265200,5.180000,5.147000,5.387000,5.216000,5.396000
300,21,1,5.264000,5.135000,5.217000,5.335000,5.222000,5.411000
300,22,1,5.367200,5.175000,5.303000,5.516000,5.344000,5.498000
300,23,1,5.214000,4.956000,5.248000,5.411000,5.090000,5.365000
300,24,1,5.172000,5.011000,5.175000,5.263000,5.154000,5.257000
300,25,1,5.176400,4.940000,5.160000,5.340000,5.208000,5.234000
300,26,1,5.323200,5.144000,5.326000,5.546000,5.177000,5.423000
300,27,1,5.203800,5.034000,5.150000,5.380000,5.084000,5.371000
300,28,1,5.234200,5.157000,5.151000,5.344000,5.243000,5.276000
300,29,1,5.353200,5.243000,5.343000,5.362000,5.307000,5.511000
300,30,1,5.143000,5.023000,5.078000,5.303000,5.155000,5.156000
300,31,1,5.232400,5.143000,5.288000,5.333000,5.117000,5.281000
300,32,1,5.231600,5.075000,5.226000,5.280000,5.188000,5.389000
300,33,1,5.315600,5.128000,5.191000,5.621000,5.324000,5.314000
300,34,1,5.177400,5.051000,5.175000,5.236000,5.229000,5.196000
300,35,1,5.185200,4.899000,5.205000,5.313000,5.127000,5.382000
300,36,1,5.321400,5.079000,5.420000,5.411000,5.246000,5.451000
300,37,1,5.295600,5.166000,5.288000,5.387000,5.230000,5.407000
300,38,1,5.160200,4.870000,5.095000,5.365000,5.232000,5.239000
300,39,1,5.231400,4.959000,5.349000,5.452000,5.074000,5.323000
300,40,2,8.123400,8.211000,8.132000,8.209000,8.113000,7.952000
300,41,2,8.024400,8.018000,7.949000,8.139000,7.954000,8.062000
300,42,2,8.151000,8.192000,8.119000,8.178000,8.170000,8.096000
300,43,2,8.142000,8.146000,8.167000,8.117000,8.203000,8.077000
300,44,2,8.118200,8.095000,8.091000,8.110000,8.190000,8.105000
300,45,2,8.129800,8.116000,8.133000,8.192000,8.086000,8.122000
300,46,2,8.095200,8.115000,8.075000,8.222000,8.075000,7.989000
300,47,2,8.084200,8.021000,8.133000,8.079000,8.111000,8.077000
300,48,2,8.068600,8.019000,8.123000,8.104000,8.026000,8.071000
300,49,2,8.138600,8.150000,8.112000,8.166000,8.125000,8.140000
300,50,2,8.006400,7.979000,7.923000,8.104000,8.024000,8.002000
300,51,2,8.071000,8.046000,8.092000,8.177000,8.008000,8.032000
300,52,2,8.092400,8.009000,8.132000,8.131000,8.121000,8.069000
300,53,2,8.156200,8.181000,8.157000,8.218000,8.182000,8.043000
300,54,2,8.162800,8.094000,8.194000,8.194000,8.121000,8.211000
300,55,2,8.119600,8.053000,8.136000,8.109000,8.129000,8.171000
300,56,2,8.136400,8.080000,8.193000,8.159000,8.157000,8.093000
300,57,2,8.147600,8.151000,8.171000,8.166000,8.135000,8.115000
300,58,2,8.066400,8.115000,7.997000,8.114000,8.000000,8.106000
300,59,2,7.970800,7.826000,7.969000,8.037000,7.971000,8.051000
300,60,3,5.091000,5.034000,5.118000,5.210000,5.111000,4.982000
300,61,3,5.253000,5.123000,5.310000,5.240000,5.266000,5.326000
300,62,3,5.044000,5.032000,5.047000,5.032000,4.970000,5.139000
300,63,3,5.242600,5.195000,5.166000,5.299000,5.234000,5.319000
300,64,3,5.085800,4.989000,5.049000,5.267000,5.132000,4.992000
300,65,3,5.343000,5.250000,5.340000,5.392000,5.347000,5.386000
300,66,3,5.003400,4.868000,4.979000,5.117000,4.914000,5.139000
300,67,3,5.364200,5.313000,5.362000,5.439000,5.339000,5.368000
300,68,3,5.171800,5.084000,5.263000,5.206000,5.160000,5.146000
300,69,3,5.301600,5.196000,5.290000,5.324000,5.299000,5.399000
300,70,3,5.155400,4.972000,5.174000,5.276000,5.048000,5.307000
300,71,3,5.138800,4.972000,5.060000,5.121000,5.197000,5.344000
300,72,3,5.135800,4.940000,5.146000,5.305000,5.083000,5.205000
300,73,3,5.344600,5.270000,5.400000,5.302000,5.332000,5.419000
300,74,3,5.110800,4.982000,5.171000,5.074000,5.202000,5.125000
300,75,3,5.472200,5.352000,5.467000,5.507000,5.441000,5.594000
300,76,3,5.095400,4.973000,5.075000,5.269000,5.041000,5.119000
300,77,3,5.270200,5.136000,5.289000,5.303000,5.284000,5.339000
300,78,3,5.182800,4.937000,5.168000,5.288000,5.186000,5.335000
300,79,3,5.286200,5.282000,5.354000,5.338000,5.176000,5.281000
300,80,4,4.974000,4.934000,4.942000,5.007000,5.022000,4.965000
300,81,4,5.140800,5.026000,5.101000,5.227000,5.130000,5.220000
300,82,4,4.972800,4.987000,4.999000,4.982000,5.002000,4.894000
300,83,4,5.160800,5.065000,5.126000,5.255000,5.132000,5.226000
300,84,4,5.299000,5.169000,5.192000,5.369000,5.339000,5.426000
300,85,4,5.214600,5.176000,5.272000,5.176000,5.261000,5.188000
300,86,4,5.256600,5.027000,5.347000,5.318000,5.218000,5.373000
300,87,4,5.135600,5.046000,5.195000,5.091000,5.111000,5.235000
300,88,4,5.090000,5.025000,5.016000,5.205000,5.071000,5.133000
300,89,4,5.050800,4.910000,5.075000,5.180000,4.951000,5.138000
300,90,4,5.235600,5.133000,5.147000,5.249000,5.250000,5.399000
300,91,4,5.077800,4.970000,5.127000,5.210000,5.091000,4.991000
300,92,4,5.168800,4.977000,5.189000,5.276000,5.162000,5.240000
300,93,4,5.177200,5.093000,5.222000,5.142000,5.147000,5.282000
300,94,4,5.112200,5.064000,5.080000,5.035000,5.189000,5.193000
300,95,4,5.042400,5.014000,4.957000,5.059000,5.035000,5.147000
300,96,4,5.126000,5.072000,5.062000,5.120000,5.067000,5.309000
300,97,4,5.247400,5.229000,5.249000,5.256000,5.131000,5.372000
300,98,4,5.115200,4.995000,5.131000,5.210000,5.075000,5.165000
300,99,4,5.130200,4.950000,5.060000,5.214000,5.232000,5.195000
301,0,2,8.154200,8.159000,8.151000,8.149000,8.146000,8.166000
301,1,2,8.126600,8.122000,8.147000,8.074000,8.092000,8.198000
301,2,2,8.136200,8.103000,8.171000,8.161000,8.127000,8.119000
301,3,2,8.127200,8.193000,8.083000,8.125000,8.103000,8.132000
301,4,2,8.129800,8.100000,8.248000,8.130000,8.085000,8.086000
301,5,2,8.134800,8.156000,8.091000,8.140000,8.090000,8.197000
301,6,2,8.078600,8.080000,8.159000,7.992000,8.078000,8.084000
301,7,2,8.077000,8.075000,8.086000,8.088000,8.065000,8.071000
301,8,2,8.103000,8.041000,8.126000,8.115000,8.081000,8.152000
301,9,2,8.140400,8.168000,8.229000,8.083000,8.102000,8.120000
301,10,2,7.926800,7.962000,7.991000,7.902000,7.881000,7.898000
301,11,2,8.184200,8.202000,8.206000,8.185000,8.171000,8.157000
301,12,2,8.154800,8.161000,8.176000,8.201000,8.097000,8.139000
301,13,2,8.158800,8.256000,8.120000,8.176000,8.104000,8.138000
301,14,2,8.080000,8.097000,7.979000,8.101000,8.148000,8.075000
301,15,2,8.112400,8.157000,8.125000,8.148000,8.118000,8.014000
301,16,2,8.123000,8.142000,8.264000,8.091000,8.070000,8.048000
301,17,2,8.115000,8.095000,8.185000,8.076000,8.087000,8.132000
301,18,2,8.109000,8.103000,8.124000,8.104000,8.076000,8.138000
301,19,2,8.115000,8.207000,8.075000,8.029000,8.105000,8.159000
302,0,2,8.095600,8.172000,8.051000,8.039000,8.128000,8.088000
302,1,2,8.095800,8.227000,8.007000,8.056000,8.190000,7.999000
302,2,2,8.121800,8.185000,8.129000,8.086000,8.140000,8.069000
302,3,2,8.108800,8.177000,8.062000,7.998000,8.178000,8.129000
302,4,2,8.013800,8.049000,8.025000,7.968000,8.093000,7.934000
302,5,2,8.194600,8.263000,8.174000,8.193000,8.237000,8.106000
302,6,2,8.135400,8.268000,8.065000,8.040000,8.193000,8.111000
302,7,2,8.117800,8.235000,8.091000,8.039000,8.135000,8.089000
302,8,2,8.153800,8.248000,8.186000,8.101000,8.147000,8.087000
302,9,2,8.086200,8.151000,8.044000,7.997000,8.112000,8.127000
302,10,2,8.074600,8.139000,8.036000,7.968000,8.105000,8.125000
302,11,2,8.124000,8.169000,8.166000,8.023000,8.164000,8.098000
302,12,2,8.052200,8.122000,8.024000,8.021000,8.055000,8.039000
302,13,2,8.143400,8.201000,8.243000,8.101000,8.143000,8.029000
302,14,2,8.129200,8.238000,8.122000,7.976000,8.240000,8.070000
302,15,2,8.148600,8.222000,8.108000,8.076000,8.207000,8.130000
302,16,2,8.128800,8.204000,8.127000,8.079000,8.180000,8.054000
302,17,2,8.168400,8.224000,8.196000,8.189000,8.156000,8.077000
302,18,2,8.150000,8.197000,8.157000,8.042000,8.190000,8.164000
302,19,2,8.040600,8.153000,8.157000,7.867000,8.079000,7.947000
303,0,2,8.125000,8.073000,8.119000,8.124000,8.179000,8.130000
303,1,2,8.124200,8.144000,8.043000,8.124000,8.203000,8.107000
303,2,2,8.168000,8.149000,8.123000,8.220000,8.169000,8.179000
303,3,2,8.157200,8.143000,8.121000,8.169000,8.195000,8.158000
303,4,2,8.154400,8.045000,8.215000,8.157000,8.192000,8.163000
303,5,2,8.191400,8.153000,8.235000,8.248000,8.181000,8.140000
303,6,2,8.076800,8.004000,8.112000,8.063000,8.084000,8.121000
303,7,2,8.173800,8.096000,8.187000,8.231000,8.165000,8.190000
303,8,2,8.203200,8.169000,8.164000,8.192000,8.314000,8.177000
303,9,2,8.227200,8.188000,8.174000,8.264000,8.328000,8.182000
303,10,2,8.131600,8.090000,8.141000,8.141000,8.156000,8.130000
303,11,2,8.223200,8.215000,8.191000,8.298000,8.245000,8.167000
303,12,2,8.190200,8.162000,8.230000,8.214000,8.173000,8.172000
303,13,2,8.155000,8.113000,8.136000,8.174000,8.168000,8.184000
303,14,2,8.199400,8.174000,8.137000,8.250000,8.261000,8.175000
303,15,2,8.113600,8.067000,8.128000,8.137000,8.125000,8.111000
303,16,2,8.133600,8.076000,8.180000,8.076000,8.168000,8.168000
303,17,2,7.992200,7.949000,8.020000,7.923000,8.025000,8.044000
303,18,2,8.115600,8.098000,8.104000,8.127000,8.100000,8.149000
303,19,2,8.132400,8.080000,8.075000,8.237000,8.147000,8.123000
304,0,2,8.131800,8.090000,8.167000,8.152000,8.134000,8.116000
304,1,2,8.119000,8.040000,8.124000,8.125000,8.133000,8.173000
304,2,2,8.087000,8.009000,8.173000,8.178000,8.015000,8.060000
304,3,2,8.122000,8.026000,8.189000,8.095000,8.133000,8.167000
304,4,2,8.090400,8.055000,8.064000,8.096000,8.193000,8.044000
304,5,2,8.104000,8.024000,8.123000,8.106000,8.104000,8.163000
304,6,2,8.187400,8.093000,8.232000,8.169000,8.281000,8.162000
304,7,2,8.014400,8.040000,8.076000,7.971000,7.911000,8.074000
304,8,2,7.951600,7.859000,7.978000,8.040000,8.004000,7.877000
304,9,2,8.176600,8.197000,8.195000,8.175000,8.190000,8.126000
304,10,2,8.030400,8.115000,8.026000,7.952000,8.077000,7.982000
304,11,2,8.045600,8.073000,8.076000,8.067000,8.045000,7.967000
304,12,2,8.085000,8.158000,8.199000,8.010000,8.015000,8.043000
304,13,2,8.172400,8.106000,8.179000,8.191000,8.197000,8.189000
304,14,2,8.061600,8.086000,8.063000,7.965000,8.075000,8.119000
304,15,2,8.132400,8.088000,8.147000,8.107000,8.171000,8.149000
304,16,2,8.137000,8.122000,8.146000,8.164000,8.173000,8.080000
304,17,2,8.166200,8.152000,8.235000,8.210000,8.032000,8.202000
304,18,2,8.050000,8.112000,8.064000,8.101000,7.953000,8.020000
304,19,2,8.114000,8.101000,8.148000,8.173000,8.099000,8.049000
305,0,2,8.144400,8.185000,8.135000,8.070000,8.035000,8.297000
305,1,2,8.150600,8.118000,8.108000,8.137000,8.114000,8.276000
305,2,2,8.037400,8.031000,8.047000,8.002000,7.947000,8.160000
305,3,2,8.153800,8.219000,8.163000,8.079000,8.062000,8.246000
305,4,2,8.174800,8.233000,8.149000,8.192000,8.086000,8.214000
305,5,2,8.124600,8.224000,8.054000,8.094000,8.083000,8.168000
305,6,2,8.055600,8.066000,8.054000,8.032000,7.887000,8.239000
305,7,2,8.071600,8.130000,8.009000,8.080000,7.950000,8.189000
305,8,2,8.134200,8.112000,8.145000,8.142000,8.047000,8.225000
305,9,2,8.180600,8.205000,8.083000,8.176000,8.119000,8.320000
305,10,2,8.104800,8.013000,8.127000,8.045000,8.045000,8.294000
305,11,2,8.093200,8.122000,8.124000,8.008000,7.908000,8.304000
305,12,2,8.080200,8.027000,8.107000,8.029000,8.025000,8.213000
305,13,2,8.126200,8.146000,8.114000,8.113000,8.014000,8.244000
305,14,2,8.143000,8.138000,8.152000,8.139000,8.060000,8.226000
305,15,2,8.172200,8.185000,8.225000,8.115000,8.062000,8.274000
305,16,2,8.141400,8.240000,8.145000,8.047000,8.043000,8.232000
305,17,2,8.128800,8.203000,8.118000,8.131000,8.085000,8.107000
305,18,2,8.097400,8.019000,8.044000,8.089000,8.077000,8.258000
305,19,2,8.172000,8.176000,8.185000,8.096000,8.101000,8.302000
306,0,2,8.133800,8.155000,8.088000,8.082000,8.151000,8.193000
306,1,2,8.064200,8.152000,8.015000,7.971000,8.061000,8.122000
306,2,2,8.066800,8.086000,8.037000,8.038000,8.081000,8.092000
306,3,2,8.143400,8.176000,8.183000,8.108000,8.122000,8.128000
306,4,2,7.974400,8.081000,7.934000,7.929000,7.918000,8.010000
306,5,2,8.133000,8.175000,8.117000,8.113000,8.117000,8.143000
306,6,2,8.107600,8.094000,8.076000,8.115000,8.124000,8.129000
306,7,2,8.098200,8.101000,8.107000,8.063000,8.082000,8.138000
306,8,2,7.984800,8.111000,8.040000,7.852000,7.937000,7.984000
306,9,2,8.085400,8.115000,8.091000,8.049000,8.079000,8.093000
306,10,2,8.087400,8.097000,8.065000,8.084000,8.081000,8.110000
306,11,2,8.121000,8.138000,8.080000,8.102000,8.148000,8.137000
306,12,2,8.108000,8.222000,8.140000,8.138000,8.040000,8.000000
306,13,2,8.047000,8.075000,8.009000,8.057000,7.999000,8.095000
306,14,2,8.108000,8.089000,8.082000,8.103000,8.118000,8.148000
306,15,2,8.101600,8.143000,8.066000,8.055000,8.214000,8.030000
306,16,2,8.013800,8.089000,8.034000,7.953000,7.987000,8.006000
306,17,2,8.061000,8.035000,8.114000,7.948000,8.090000,8.118000
306,18,2,8.047600,8.197000,8.002000,7.976000,8.065000,7.998000
306,19,2,8.008000,8.036000,8.115000,7.914000,8.005000,7.970000
307,0,2,8.114000,8.164000,8.152000,7.974000,8.248000,8.032000
307,1,2,8.149600,8.220000,8.262000,8.004000,8.177000,8.085000
307,2,2,8.085800,8.129000,8.129000,7.916000,8.226000,8.029000
307,3,2,8.065600,8.157000,8.044000,7.943000,8.173000,8.011000
307,4,2,8.141600,8.268000,8.156000,7.934000,8.289000,8.061000
307,5,2,8.141400,8.187000,8.174000,8.028000,8.212000,8.106000
307,6,2,8.114800,8.212000,8.194000,8.022000,8.066000,8.080000
307,7,2,8.106400,8.162000,8.214000,7.797000,8.235000,8.124000
307,8,2,8.125000,8.180000,8.259000,7.902000,8.223000,8.061000
307,9,2,8.031800,8.116000,7.963000,7.874000,8.158000,8.048000
307,10,2,8.072800,8.107000,8.064000,7.970000,8.157000,8.066000
307,11,2,8.094800,8.170000,8.115000,7.869000,8.230000,8.090000
307,12,2,8.062400,8.167000,8.035000,7.878000,8.228000,8.004000
307,13,2,7.857800,7.768000,7.978000,7.821000,7.835000,7.887000
307,14,2,8.038200,8.098000,8.131000,7.786000,8.144000,8.032000
307,15,2,7.983800,8.143000,7.923000,7.818000,8.029000,8.006000
307,16,2,8.111200,8.172000,8.164000,7.927000,8.156000,8.137000
307,17,2,8.124400,8.215000,8.138000,7.983000,8.183000,8.103000
307,18,2,8.112000,8.143000,8.145000,8.003000,8.219000,8.050000
307,19,2,8.075600,8.037000,8.130000,7.986000,8.139000,8.086000
308,0,2,8.046600,8.008000,7.967000,8.089000,8.018000,8.151000
308,1,2,8.118600,8.096000,8.151000,8.119000,8.132000,8.095000
308,2,2,8.108800,8.109000,8.132000,8.029000,8.120000,8.154000
308,3,2,8.191000,8.207000,8.260000,8.105000,8.171000,8.212000
308,4,2,8.178200,8.103000,8.155000,8.105000,8.231000,8.297000
308,5,2,8.211400,8.205000,8.267000,8.122000,8.218000,8.245000
308,6,2,8.193600,8.275000,8.228000,8.148000,8.138000,8.179000
308,7,2,8.131400,8.100000,8.101000,8.080000,8.207000,8.169000
308,8,2,8.004800,8.025000,8.060000,7.897000,7.956000,8.086000
308,9,2,8.140600,8.072000,8.219000,8.135000,8.189000,8.088000
308,10,2,8.159000,8.236000,8.171000,8.106000,8.101000,8.181000
308,11,2,8.107800,8.175000,8.034000,8.094000,8.138000,8.098000
308,12,2,8.179000,8.185000,8.205000,8.060000,8.220000,8.225000
308,13,2,8.108200,8.176000,8.186000,8.088000,8.025000,8.066000
308,14,2,8.095400,8.143000,8.115000,7.981000,8.143000,8.095000
308,15,2,7.858000,7.899000,7.773000,7.807000,7.897000,7.914000
308,16,2,8.185600,8.227000,8.233000,8.109000,8.194000,8.165000
308,17,2,8.154600,8.130000,8.196000,8.076000,8.222000,8.149000
308,18,2,8.156600,8.165000,8.249000,8.110000,8.054000,8.205000
308,19,2,8.199000,8.192000,8.162000,8.171000,8.234000,8.236000
309,0,2,8.162200,8.093000,8.244000,8.264000,8.170000,8.040000
309,1,2,8.169800,8.067000,8.274000,8.161000,8.158000,8.189000
309,2,2,8.121000,7.974000,8.133000,8.174000,8.242000,8.082000
309,3,2,7.996600,7.890000,8.058000,8.039000,8.024000,7.972000
309,4,2,8.146200,8.062000,8.200000,8.171000,8.141000,8.157000
309,5,2,8.123000,8.098000,8.118000,8.137000,8.112000,8.150000
309,6,2,8.125800,7.998000,8.170000,8.168000,8.200000,8.093000
309,7,2,8.135200,8.067000,8.115000,8.191000,8.131000,8.172000
309,8,2,8.161200,8.086000,8.196000,8.226000,8.180000,8.118000
309,9,2,8.137000,8.077000,8.126000,8.176000,8.197000,8.109000
309,10,2,8.053800,7.958000,8.115000,8.118000,8.091000,7.987000
309,11,2,8.153600,8.063000,8.144000,8.210000,8.208000,8.143000
309,12,2,8.116600,8.064000,8.184000,8.120000,8.158000,8.057000
309,13,2,8.103200,8.050000,8.189000,8.079000,8.139000,8.059000
309,14,2,8.125800,8.043000,8.185000,8.174000,8.178000,8.049000
309,15,2,8.166000,8.116000,8.199000,8.107000,8.245000,8.163000
309,16,2,8.172400,8.104000,8.212000,8.109000,8.200000,8.237000
309,17,2,8.133000,8.134000,8.121000,8.119000,8.129000,8.162000
309,18,2,8.068200,7.960000,8.111000,8.086000,8.108000,8.076000
309,19,2,8.182800,8.122000,8.197000,8.209000,8.190000,8.196000
310,0,0,5.138800,5.055000,5.189000,5.083000,5.046000,5.321000
310,1,0,5.199000,5.126000,5.155000,5.078000,5.337000,5.299000
310,2,0,5.181000,5.069000,5.405000,4.896000,5.131000,5.404000
310,3,0,5.105400,5.240000,5.329000,4.855000,4.999000,5.104000
310,4,0,4.988200,4.641000,5.540000,4.802000,5.123000,4.835000
310,5,0,5.163800,5.021000,5.119000,5.085000,5.281000,5.313000
310,6,0,5.155200,5.135000,5.268000,5.072000,5.184000,5.117000
310,7,0,5.376800,5.230000,5.373000,5.357000,5.459000,5.465000
310,8,0,5.057600,4.822000,5.086000,4.876000,5.165000,5.339000
310,9,0,5.173800,5.230000,5.251000,4.942000,5.218000,5.228000
310,10,0,5.143200,5.046000,5.342000,4.954000,5.160000,5.214000
310,11,0,5.312400,5.180000,5.405000,5.238000,5.314000,5.425000
310,12,0,5.294400,5.282000,5.257000,5.302000,5.337000,5.294000
310,13,0,4.984800,4.696000,5.338000,4.597000,4.887000,5.406000
310,14,0,5.139800,4.898000,5.239000,5.019000,5.153000,5.390000
310,15,0,5.148200,4.998000,5.142000,5.168000,5.186000,5.247000
310,16,0,5.232800,5.105000,5.402000,5.012000,5.329000,5.316000
310,17,0,5.089800,5.079000,5.142000,5.095000,4.886000,5.247000
310,18,0,5.080000,4.853000,5.172000,5.138000,5.045000,5.192000
310,19,0,5.179600,5.098000,5.142000,5.127000,5.239000,5.292000
310,20,1,5.016600,4.836000,5.072000,4.916000,5.057000,5.202000
310,21,1,4.855200,4.758000,4.840000,4.877000,4.835000,4.966000
310,22,1,4.843000,4.700000,4.784000,4.827000,4.940000,4.964000
310,23,1,5.023000,4.998000,5.021000,4.872000,5.027000,5.197000
310,24,1,4.957400,4.974000,4.903000,4.901000,4.944000,5.065000
310,25,1,4.985200,4.907000,4.926000,4.951000,4.938000,5.204000
310,26,1,4.894200,4.788000,4.983000,4.754000,4.919000,5.027000
310,27,1,4.965600,4.974000,4.974000,5.070000,4.869000,4.941000
310,28,1,5.126200,4.930000,5.053000,5.250000,5.161000,5.237000
310,29,1,4.915200,4.806000,4.888000,4.986000,4.847000,5.049000
310,30,1,4.831200,4.714000,4.957000,4.827000,4.757000,4.901000
310,31,1,4.859200,4.706000,4.899000,4.925000,4.865000,4.901000
310,32,1,4.803400,4.726000,4.755000,4.788000,4.805000,4.943000
310,33,1,4.872000,4.701000,4.881000,4.857000,4.902000,5.019000
310,34,1,4.892000,4.841000,4.918000,4.829000,4.819000,5.053000
310,35,1,4.930200,4.851000,4.996000,4.838000,4.935000,5.031000
310,36,1,5.015400,4.910000,5.073000,5.007000,4.996000,5.091000
310,37,1,4.913200,4.812000,4.849000,4.931000,4.919000,5.055000
310,38,1,4.949200,4.785000,4.970000,4.993000,4.923000,5.075000
310,39,1,4.818200,4.752000,4.763000,4.781000,4.902000,4.893000
310,40,2,8.191000,8.148000,8.227000,8.252000,8.121000,8.207000
310,41,2,8.117000,8.092000,8.155000,8.240000,7.943000,8.155000
310,42,2,8.167600,8.151000,8.139000,8.238000,8.137000,8.173000
310,43,2,8.195400,8.156000,8.211000,8.251000,8.135000,8.224000
310,44,2,8.139600,8.050000,8.132000,8.216000,8.097000,8.203000
310,45,2,8.102200,8.129000,8.033000,8.244000,7.977000,8.128000
310,46,2,8.169000,8.130000,8.131000,8.253000,8.099000,8.232000
310,47,2,8.188800,8.177000,8.187000,8.317000,8.079000,8.184000
310,48,2,8.223200,8.223000,8.189000,8.254000,8.145000,8.305000
310,49,2,8.173400,8.117000,8.172000,8.283000,8.095000,8.200000
310,50,2,8.157200,8.150000,8.054000,8.310000,8.078000,8.194000
310,51,2,8.121400,8.082000,8.210000,8.126000,8.047000,8.142000
310,52,2,8.180800,8.094000,8.182000,8.258000,8.118000,8.252000
310,53,2,8.058000,7.934000,8.090000,8.197000,7.969000,8.100000
310,54,2,8.082400,8.112000,8.098000,8.141000,8.016000,8.045000
310,55,2,8.114000,8.136000,8.064000,8.216000,8.069000,8.085000
310,56,2,8.137200,8.124000,8.140000,8.104000,8.071000,8.247000
310,57,2,8.158000,8.166000,8.144000,8.203000,8.064000,8.213000
310,58,2,8.110000,8.060000,8.148000,8.123000,8.008000,8.211000
310,59,2,8.176800,8.209000,8.187000,8.273000,8.040000,8.175000
310,60,3,5.195600,5.030000,5.259000,5.320000,5.167000,5.202000
310,61,3,5.422000,5.289000,5.425000,5.345000,5.557000,5.494000
310,62,3,5.222600,5.191000,5.256000,5.230000,5.200000,5.236000
310,63,3,5.224600,5.076000,5.360000,5.188000,5.408000,5.091000
310,64,3,5.021600,5.000000,5.058000,5.059000,4.993000,4.998000
310,65,3,5.236800,5.154000,5.114000,5.358000,5.291000,5.267000
310,66,3,5.289600,5.165000,5.325000,5.301000,5.318000,5.339000
310,67,3,5.132600,5.079000,5.048000,5.126000,5.185000,5.225000
310,68,3,5.081800,5.075000,5.100000,5.218000,4.998000,5.018000
310,69,3,5.206600,5.156000,5.126000,5.186000,5.246000,5.319000
310,70,3,5.250800,5.185000,5.190000,5.453000,5.213000,5.213000
310,71,3,5.202600,5.114000,5.259000,5.228000,5.239000,5.173000
310,72,3,5.403800,5.298000,5.400000,5.521000,5.392000,5.408000
310,73,3,5.062800,5.106000,4.971000,5.029000,5.138000,5.070000
310,74,3,5.123200,4.990000,5.091000,5.257000,5.188000,5.090000
310,75,3,5.281400,5.199000,5.258000,5.290000,5.351000,5.309000
310,76,3,5.136200,5.084000,5.162000,5.278000,5.009000,5.148000
310,77,3,5.187800,5.209000,5.178000,5.203000,5.216000,5.133000
310,78,3,5.173600,5.047000,5.111000,5.231000,5.193000,5.286000
310,79,3,5.358600,5.306000,5.284000,5.298000,5.481000,5.424000
310,80,4,5.319600,5.209000,5.330000,5.249000,5.370000,5.440000
310,81,4,5.220400,5.124000,5.033000,5.332000,5.277000,5.336000
310,82,4,5.267200,5.225000,5.234000,5.295000,5.240000,5.342000
310,83,4,5.143400,5.045000,5.193000,5.156000,5.143000,5.180000
310,84,4,5.254000,5.158000,5.221000,5.374000,5.205000,5.312000
310,85,4,5.196000,5.169000,5.274000,5.099000,5.272000,5.166000
310,86,4,5.070400,5.037000,5.172000,5.040000,5.088000,5.015000
310,87,4,5.047000,4.981000,4.976000,5.122000,5.065000,5.091000
310,88,4,5.165800,5.243000,5.098000,5.181000,5.154000,5.153000
310,89,4,5.207800,5.079000,5.166000,5.293000,5.200000,5.301000
310,90,4,5.216600,5.131000,5.314000,5.223000,5.292000,5.123000
310,91,4,5.355400,5.171000,5.339000,5.424000,5.391000,5.452000
310,92,4,5.241000,5.192000,5.272000,5.271000,5.208000,5.262000
310,93,4,5.133000,5.070000,5.133000,5.164000,5.100000,5.198000
310,94,4,5.247600,5.162000,5.208000,5.260000,5.366000,5.242000
310,95,4,5.092000,4.972000,5.095000,5.196000,5.025000,5.172000
310,96,4,5.207200,5.213000,5.057000,5.281000,5.276000,5.209000
310,97,4,5.313200,5.278000,5.266000,5.338000,5.353000,5.331000
310,98,4,5.296400,5.113000,5.252000,5.403000,5.340000,5.374000
310,99,4,5.168000,5.088000,5.080000,5.218000,5.174000,5.280000
311,0,2,8.015200,8.018000,7.960000,8.134000,7.916000,8.048000
311,1,2,8.089800,8.239000,8.041000,8.081000,8.030000,8.058000
311,2,2,8.025200,8.119000,8.000000,8.083000,7.806000,8.118000
311,3,2,8.093200,8.223000,8.130000,7.996000,7.970000,8.147000
311,4,2,8.105800,8.180000,8.110000,8.161000,7.953000,8.125000
311,5,2,8.105000,8.208000,8.186000,8.107000,7.922000,8.102000
311,6,2,8.097800,8.225000,8.091000,8.081000,7.979000,8.113000
311,7,2,8.087800,8.146000,8.112000,8.191000,7.938000,8.052000
311,8,2,8.174200,8.344000,8.095000,8.269000,8.016000,8.147000
311,9,2,8.062400,8.142000,7.972000,8.154000,7.955000,8.089000
311,10,2,8.140800,8.281000,8.128000,8.210000,7.966000,8.119000
311,11,2,8.123200,8.177000,8.143000,8.244000,7.944000,8.108000
311,12,2,8.081200,8.247000,8.038000,8.136000,7.898000,8.087000
311,13,2,8.017400,8.103000,8.144000,8.075000,7.852000,7.913000
311,14,2,8.089400,8.153000,8.106000,8.105000,7.996000,8.087000
311,15,2,8.079400,8.153000,8.068000,8.090000,7.969000,8.117000
311,16,2,8.029200,8.077000,7.999000,8.153000,7.921000,7.996000
311,17,2,8.110000,8.179000,8.072000,8.225000,7.947000,8.127000
311,18,2,8.009000,8.066000,8.077000,8.133000,7.811000,7.958000
311,19,2,8.149400,8.235000,8.160000,8.181000,8.019000,8.152000
312,0,2,8.159000,8.106000,8.243000,8.160000,8.169000,8.117000
312,1,2,8.082800,8.109000,8.059000,8.067000,8.081000,8.098000
312,2,2,8.111800,8.034000,8.151000,8.141000,8.117000,8.116000
312,3,2,8.156200,8.095000,8.203000,8.169000,8.142000,8.172000
312,4,2,8.186400,8.160000,8.247000,8.229000,8.192000,8.104000
312,5,2,8.032000,8.051000,7.929000,8.055000,8.090000,8.035000
312,6,2,8.156200,8.114000,8.253000,8.080000,8.160000,8.174000
312,7,2,8.113600,8.018000,8.119000,8.102000,8.180000,8.149000
312,8,2,7.941000,7.933000,7.939000,7.948000,7.940000,7.945000
312,9,2,8.181600,8.083000,8.305000,8.168000,8.126000,8.226000
312,10,2,8.121000,8.119000,8.185000,8.081000,8.038000,8.182000
312,11,2,8.072400,8.090000,8.176000,8.066000,8.019000,8.011000
312,12,2,8.198800,8.160000,8.252000,8.205000,8.114000,8.263000
312,13,2,8.129800,8.144000,8.041000,8.072000,8.255000,8.137000
312,14,2,8.114400,8.165000,8.158000,8.035000,8.064000,8.150000
312,15,2,8.102400,8.074000,8.044000,8.121000,8.157000,8.116000
312,16,2,7.811400,7.815000,7.803000,7.781000,7.814000,7.844000
312,17,2,8.218400,8.223000,8.287000,8.222000,8.214000,8.146000
312,18,2,8.161600,8.056000,8.273000,8.175000,8.115000,8.189000
312,19,2,8.126600,8.107000,8.115000,8.124000,8.192000,8.095000
313,0,2,8.026400,8.191000,8.090000,8.001000,7.960000,7.890000
313,1,2,8.168400,8.251000,8.270000,8.005000,8.071000,8.245000
313,2,2,7.991200,8.132000,7.919000,7.881000,7.900000,8.124000
313,3,2,8.110800,8.218000,8.017000,8.112000,8.048000,8.159000
313,4,2,8.132000,8.265000,8.228000,8.060000,8.018000,8.089000
313,5,2,8.106000,8.184000,8.130000,8.037000,8.003000,8.176000
313,6,2,8.054600,8.177000,8.072000,7.882000,7.975000,8.167000
313,7,2,8.128400,8.179000,8.043000,8.053000,8.147000,8.220000
313,8,2,7.916800,7.986000,7.789000,7.883000,7.763000,8.163000
313,9,2,8.086000,8.166000,8.029000,8.040000,8.058000,8.137000
313,10,2,8.065400,8.208000,8.047000,7.938000,8.033000,8.101000
313,11,2,8.061200,8.146000,8.133000,7.801000,8.046000,8.180000
313,12,2,7.988800,8.031000,7.938000,7.922000,7.998000,8.055000
313,13,2,8.097800,8.208000,8.162000,7.988000,7.987000,8.144000
313,14,2,8.141200,8.198000,8.043000,8.062000,8.145000,8.258000
313,15,2,7.997400,8.102000,7.952000,7.856000,7.981000,8.096000
313,16,2,8.126200,8.158000,8.091000,7.994000,8.134000,8.254000
313,17,2,8.045000,8.154000,8.004000,8.009000,7.949000,8.109000
313,18,2,8.096800,8.093000,8.031000,8.012000,8.058000,8.290000
313,19,2,8.087400,8.172000,8.059000,8.001000,8.055000,8.150000
314,0,2,8.225800,8.267000,8.118000,8.263000,8.257000,8.224000
314,1,2,8.205200,8.229000,8.057000,8.280000,8.240000,8.220000
314,2,2,8.190200,8.191000,8.184000,8.218000,8.196000,8.162000
314,3,2,8.163400,8.195000,8.184000,8.129000,8.149000,8.160000
314,4,2,8.094400,8.085000,8.120000,8.126000,8.125000,8.016000
314,5,2,8.208200,8.174000,8.111000,8.229000,8.269000,8.258000
314,6,2,7.959400,8.016000,7.884000,8.035000,8.018000,7.844000
314,7,2,8.178200,8.161000,8.197000,8.155000,8.137000,8.241000
314,8,2,8.167400,8.195000,8.168000,8.226000,8.153000,8.095000
314,9,2,8.220400,8.159000,8.286000,8.306000,8.211000,8.140000
314,10,2,8.111600,8.159000,8.119000,8.133000,8.074000,8.073000
314,11,2,8.251800,8.136000,8.286000,8.318000,8.266000,8.253000
314,12,2,8.233600,8.187000,8.215000,8.324000,8.251000,8.191000
314,13,2,8.239800,8.214000,8.154000,8.319000,8.276000,8.236000
314,14,2,8.212000,8.216000,8.216000,8.251000,8.198000,8.179000
314,15,2,8.151200,8.163000,8.094000,8.194000,8.138000,8.167000
314,16,2,8.121600,8.139000,8.049000,8.127000,8.188000,8.105000
314,17,2,8.220800,8.229000,8.161000,8.250000,8.263000,8.201000
314,18,2,7.824400,7.877000,7.721000,7.907000,7.859000,7.758000
314,19,2,8.181200,8.107000,8.119000,8.225000,8.227000,8.228000
315,0,2,8.157400,8.207000,8.067000,8.218000,8.131000,8.164000
315,1,2,8.044400,8.076000,7.957000,8.044000,8.102000,8.043000
315,2,2,8.111600,8.208000,8.035000,8.181000,7.862000,8.272000
315,3,2,8.175000,8.162000,8.120000,8.201000,8.147000,8.245000
315,4,2,8.154200,8.114000,8.116000,8.199000,8.088000,8.254000
315,5,2,8.108600,8.099000,7.933000,8.182000,8.099000,8.230000
315,6,2,8.104400,8.186000,8.012000,8.145000,8.011000,8.168000
315,7,2,8.109600,8.151000,8.059000,8.106000,8.117000,8.115000
315,8,2,8.092400,8.040000,8.000000,8.221000,8.076000,8.125000
315,9,2,8.069800,8.063000,7.895000,8.198000,8.038000,8.155000
315,10,2,8.108400,8.198000,8.014000,8.137000,8.154000,8.039000
315,11,2,8.046000,8.105000,7.823000,8.118000,8.072000,8.112000
315,12,2,7.964600,8.010000,7.797000,8.074000,7.956000,7.986000
315,13,2,8.004400,8.021000,7.871000,8.100000,8.003000,8.027000
315,14,2,7.976400,7.983000,7.759000,8.136000,8.053000,7.951000
315,15,2,8.090600,8.128000,7.920000,8.119000,8.136000,8.150000
315,16,2,8.133400,8.170000,8.048000,8.170000,8.062000,8.217000
315,17,2,8.021600,7.991000,7.891000,8.162000,7.931000,8.133000
315,18,2,8.071000,8.114000,7.965000,8.095000,8.106000,8.075000
315,19,2,8.035200,8.050000,7.956000,8.014000,8.054000,8.102000
316,0,2,8.149800,8.208000,8.243000,8.128000,8.091000,8.079000
316,1,2,8.143200,8.209000,8.080000,8.118000,8.175000,8.134000
316,2,2,8.003400,8.032000,7.939000,7.954000,8.083000,8.009000
316,3,2,8.064600,8.105000,8.182000,8.133000,7.979000,7.924000
316,4,2,8.115400,8.096000,8.187000,8.097000,8.074000,8.123000
316,5,2,8.133600,8.121000,8.069000,8.182000,8.196000,8.100000
316,6,2,8.118600,8.188000,8.139000,8.051000,8.114000,8.101000
316,7,2,8.103800,8.106000,8.115000,8.155000,8.058000,8.085000
316,8,2,8.095200,8.086000,8.143000,8.094000,8.062000,8.091000
316,9,2,8.090600,8.232000,8.118000,8.095000,7.957000,8.051000
316,10,2,8.155000,8.207000,8.129000,8.115000,8.207000,8.117000
316,11,2,8.157000,8.214000,8.154000,8.174000,8.084000,8.159000
316,12,2,8.099600,8.170000,8.067000,8.129000,8.086000,8.046000
316,13,2,8.122800,8.185000,8.193000,8.157000,8.023000,8.056000
316,14,2,8.091400,8.029000,8.114000,8.051000,8.179000,8.084000
316,15,2,8.105600,8.148000,8.139000,8.052000,8.122000,8.067000
316,16,2,8.093400,8.109000,8.056000,8.087000,8.165000,8.050000
316,17,2,8.127400,8.145000,8.157000,8.179000,8.109000,8.047000
316,18,2,8.078800,8.049000,8.058000,8.108000,8.136000,8.043000
316,19,2,8.082800,8.158000,8.080000,8.048000,8.095000,8.033000
317,0,2,8.061000,8.100000,8.012000,7.985000,8.165000,8.043000
317,1,2,8.086000,8.020000,8.077000,7.917000,8.263000,8.153000
317,2,2,8.083600,8.109000,8.015000,8.104000,8.135000,8.055000
317,3,2,8.062000,8.127000,8.036000,7.994000,8.107000,8.046000
317,4,2,8.161000,8.112000,8.213000,8.053000,8.260000,8.167000
317,5,2,8.116800,8.011000,8.065000,8.013000,8.255000,8.240000
317,6,2,8.027800,7.922000,7.999000,7.923000,8.205000,8.090000
317,7,2,8.012000,8.060000,7.934000,7.932000,8.144000,7.990000
317,8,2,7.985000,8.044000,8.018000,7.968000,8.054000,7.841000
317,9,2,7.945400,8.009000,7.960000,7.919000,7.978000,7.861000
317,10,2,7.966400,7.971000,7.888000,7.912000,8.119000,7.942000
317,11,2,8.076800,8.064000,8.041000,8.021000,8.152000,8.106000
317,12,2,8.071600,8.057000,8.045000,8.037000,8.139000,8.080000
317,13,2,8.022000,8.050000,8.050000,7.902000,8.028000,8.080000
317,14,2,8.108800,7.962000,8.103000,8.045000,8.239000,8.195000
317,15,2,8.025600,8.078000,7.993000,8.068000,7.986000,8.003000
317,16,2,8.073800,8.133000,8.036000,7.938000,8.141000,8.121000
317,17,2,7.992400,8.091000,7.883000,7.930000,8.067000,7.991000
317,18,2,8.057800,8.109000,7.937000,8.059000,8.191000,7.993000
317,19,2,8.106800,8.113000,8.108000,8.060000,8.121000,8.132000
318,0,2,8.216000,8.251000,8.283000,8.182000,8.210000,8.154000
318,1,2,8.159600,8.127000,8.242000,8.118000,8.080000,8.231000
318,2,2,8.140400,8.091000,8.183000,8.021000,8.246000,8.161000
318,3,2,8.184800,8.197000,8.211000,8.009000,8.226000,8.281000
318,4,2,8.153800,8.157000,8.098000,8.105000,8.213000,8.196000
318,5,2,8.256400,8.183000,8.312000,8.186000,8.332000,8.269000
318,6,2,8.106400,8.024000,8.195000,8.024000,8.195000,8.094000
318,7,2,8.250000,8.287000,8.236000,8.171000,8.330000,8.226000
318,8,2,8.147600,8.078000,8.222000,8.172000,8.131000,8.135000
318,9,2,8.084600,7.982000,8.161000,8.047000,8.133000,8.100000
318,10,2,8.186600,8.086000,8.240000,8.123000,8.235000,8.249000
318,11,2,8.181600,8.106000,8.226000,8.089000,8.236000,8.251000
318,12,2,8.182000,8.124000,8.219000,8.133000,8.192000,8.242000
318,13,2,8.143200,8.120000,8.154000,8.023000,8.239000,8.180000
318,14,2,8.100600,8.111000,8.157000,7.944000,8.125000,8.166000
318,15,2,8.134600,8.036000,8.127000,8.180000,8.141000,8.189000
318,16,2,8.137600,8.067000,8.188000,8.036000,8.191000,8.206000
318,17,2,8.135800,8.037000,8.244000,8.082000,8.175000,8.141000
318,18,2,8.169800,8.147000,8.161000,8.100000,8.200000,8.241000
318,19,2,8.017400,7.912000,8.054000,8.013000,8.166000,7.942000
319,0,2,8.156200,8.118000,8.086000,8.093000,8.357000,8.127000
319,1,2,8.164800,8.203000,8.152000,8.044000,8.298000,8.127000
319,2,2,8.157600,8.290000,8.084000,8.020000,8.334000,8.060000
319,3,2,8.192200,8.288000,8.126000,8.099000,8.304000,8.144000
319,4,2,8.178000,8.141000,8.161000,8.191000,8.300000,8.097000
319,5,2,8.170000,8.318000,8.068000,8.075000,8.294000,8.095000
319,6,2,8.083200,8.120000,8.018000,8.026000,8.234000,8.018000
319,7,2,8.128400,8.180000,8.091000,8.001000,8.328000,8.042000
319,8,2,8.211800,8.242000,8.163000,8.144000,8.396000,8.114000
319,9,2,8.136400,8.203000,8.074000,8.046000,8.296000,8.063000
319,10,2,8.072600,8.034000,7.979000,8.028000,8.305000,8.017000
319,11,2,8.190800,8.202000,8.210000,8.153000,8.283000,8.106000
319,12,2,8.112000,8.114000,8.090000,8.047000,8.303000,8.006000
319,13,2,8.067600,8.098000,8.024000,8.002000,8.219000,7.995000
319,14,2,8.142800,8.166000,8.069000,8.078000,8.295000,8.106000
319,15,2,8.184800,8.184000,8.258000,8.068000,8.304000,8.110000
319,16,2,8.190000,8.218000,8.172000,8.113000,8.277000,8.170000
319,17,2,8.193600,8.257000,8.085000,8.159000,8.390000,8.077000
319,18,2,8.144000,8.181000,8.126000,8.015000,8.314000,8.084000
319,19,2,8.195400,8.251000,8.189000,8.139000,8.316000,8.082000
320,0,0,5.085400,5.063000,5.021000,5.196000,5.033000,5.114000
320,1,0,5.142200,4.989000,5.183000,5.343000,5.060000,5.136000
320,2,0,5.142600,5.265000,5.103000,5.154000,5.082000,5.109000
320,3,0,5.131800,5.257000,5.091000,5.223000,5.047000,5.041000
320,4,0,5.037000,5.064000,4.946000,5.159000,4.877000,5.139000
320,5,0,5.099400,5.135000,4.953000,5.181000,4.992000,5.236000
320,6,0,5.241600,5.256000,5.215000,5.335000,5.227000,5.175000
320,7,0,5.305200,5.295000,5.290000,5.416000,5.254000,5.271000
320,8,0,5.161200,5.111000,5.214000,5.396000,5.079000,5.006000
320,9,0,5.197600,5.202000,5.124000,5.301000,5.164000,5.197000
320,10,0,5.119600,5.207000,5.106000,5.208000,5.082000,4.995000
320,11,0,5.089800,5.208000,4.883000,5.237000,5.093000,5.028000
320,12,0,5.161400,5.196000,5.083000,5.304000,5.185000,5.039000
320,13,0,5.058800,5.086000,4.992000,5.137000,5.011000,5.068000
320,14,0,5.090600,5.231000,4.993000,4.972000,4.957000,5.300000
320,15,0,5.163200,5.193000,5.221000,5.189000,5.168000,5.045000
320,16,0,5.088600,5.214000,5.016000,5.067000,4.998000,5.148000
320,17,0,5.171400,5.200000,5.025000,5.347000,5.227000,5.058000
320,18,0,5.241000,5.290000,5.124000,5.425000,5.160000,5.206000
320,19,0,5.064400,5.147000,5.048000,5.157000,4.891000,5.079000
320,20,1,5.128800,5.169000,5.211000,5.145000,4.986000,5.133000
320,21,1,5.158200,5.242000,5.182000,5.064000,5.198000,5.105000
320,22,1,4.913400,4.833000,4.858000,4.932000,5.033000,4.911000
320,23,1,5.054400,5.075000,5.112000,4.975000,5.066000,5.044000
320,24,1,4.991800,5.022000,5.034000,4.972000,4.902000,5.029000
320,25,1,5.109200,5.076000,5.182000,5.263000,5.054000,4.971000
320,26,1,5.010000,4.896000,5.015000,5.200000,4.956000,4.983000
320,27,1,5.098000,5.056000,5.226000,5.076000,5.045000,5.087000
320,28,1,5.314200,5.171000,5.318000,5.514000,5.321000,5.247000
320,29,1,4.975800,4.991000,4.957000,5.090000,5.018000,4.823000
320,30,1,5.127000,5.157000,5.166000,5.161000,5.045000,5.106000
320,31,1,5.126800,5.038000,5.201000,5.114000,5.122000,5.159000
320,32,1,4.963800,4.856000,4.984000,5.101000,4.950000,4.928000
320,33,1,4.998400,4.910000,5.125000,5.058000,4.960000,4.939000
320,34,1,4.987400,4.924000,5.001000,5.159000,4.837000,5.016000
320,35,1,5.066400,5.097000,5.140000,5.084000,5.035000,4.976000
320,36,1,5.250400,5.310000,5.304000,5.335000,5.197000,5.106000
320,37,1,5.162200,5.216000,5.178000,5.313000,4.957000,5.147000
320,38,1,5.216800,5.123000,5.247000,5.300000,5.227000,5.187000
320,39,1,5.145000,5.194000,5.093000,5.274000,5.066000,5.098000
320,40,2,8.169600,8.244000,8.016000,8.237000,8.138000,8.213000
320,41,2,8.088800,8.063000,8.137000,8.151000,8.033000,8.060000
320,42,2,8.160200,8.218000,8.060000,8.196000,8.063000,8.264000
320,43,2,8.006000,8.057000,7.935000,7.767000,8.082000,8.189000
320,44,2,8.133400,8.127000,8.106000,8.188000,8.145000,8.101000
320,45,2,8.114600,8.109000,7.969000,8.150000,8.154000,8.191000
320,46,2,8.123000,8.248000,8.055000,8.130000,8.040000,8.142000
320,47,2,8.198800,8.254000,8.092000,8.278000,8.164000,8.206000
320,48,2,8.133400,8.190000,8.071000,8.187000,8.109000,8.110000
320,49,2,8.068800,8.100000,8.068000,8.078000,8.088000,8.010000
320,50,2,8.094200,8.147000,8.038000,8.184000,8.019000,8.083000
320,51,2,8.091600,8.112000,8.127000,8.221000,8.045000,7.953000
320,52,2,8.142400,8.120000,8.163000,8.233000,8.051000,8.145000
320,53,2,8.084400,8.164000,8.059000,8.132000,7.971000,8.096000
320,54,2,8.146800,8.139000,8.044000,8.151000,8.152000,8.248000
320,55,2,8.126400,8.096000,8.108000,8.121000,8.135000,8.172000
320,56,2,8.150600,8.190000,8.088000,8.147000,8.157000,8.171000
320,57,2,8.153400,8.120000,8.104000,8.185000,8.178000,8.180000
320,58,2,8.118600,8.194000,8.070000,8.150000,8.077000,8.102000
320,59,2,8.120000,8.114000,8.110000,8.188000,8.135000,8.053000
320,60,3,5.233800,5.374000,5.086000,5.366000,5.234000,5.109000
320,61,3,5.232400,5.186000,5.364000,5.240000,5.219000,5.153000
320,62,3,5.042400,5.158000,5.046000,5.080000,5.006000,4.922000
320,63,3,5.109200,5.100000,5.144000,5.145000,5.068000,5.089000
320,64,3,5.332000,5.431000,5.359000,5.364000,5.238000,5.268000
320,65,3,5.217800,5.242000,5.281000,5.269000,5.259000,5.038000
320,66,3,5.177400,5.267000,5.260000,5.256000,5.179000,4.925000
320,67,3,5.089000,5.145000,5.110000,5.197000,5.043000,4.950000
320,68,3,5.397000,5.318000,5.417000,5.494000,5.473000,5.283000
320,69,3,5.084800,5.151000,5.170000,5.102000,5.063000,4.938000
320,70,3,5.427600,5.529000,5.511000,5.604000,5.388000,5.106000
320,71,3,5.189000,5.211000,5.320000,5.308000,5.165000,4.941000
320,72,3,5.252800,5.331000,5.273000,5.319000,5.339000,5.002000
320,73,3,5.140800,5.157000,5.131000,5.177000,5.275000,4.964000
320,74,3,5.371400,5.417000,5.407000,5.488000,5.291000,5.254000
320,75,3,5.129000,5.145000,5.151000,5.320000,5.105000,4.924000
320,76,3,5.265000,5.228000,5.368000,5.337000,5.305000,5.087000
320,77,3,5.222800,5.357000,5.288000,5.176000,5.249000,5.044000
320,78,3,5.254800,5.322000,5.204000,5.355000,5.286000,5.107000
320,79,3,5.430400,5.476000,5.476000,5.505000,5.387000,5.308000
320,80,4,5.271000,5.368000,5.326000,5.376000,5.145000,5.140000
320,81,4,5.284000,5.355000,5.451000,5.402000,5.134000,5.078000
320,82,4,5.275200,5.158000,5.408000,5.436000,5.151000,5.223000
320,83,4,5.362800,5.379000,5.384000,5.597000,5.212000,5.242000
320,84,4,5.325200,5.450000,5.453000,5.436000,5.137000,5.150000
320,85,4,5.078000,5.074000,5.066000,5.307000,4.969000,4.974000
320,86,4,5.096200,5.142000,5.222000,5.300000,4.977000,4.840000
320,87,4,5.281000,5.341000,5.303000,5.456000,5.232000,5.073000
320,88,4,5.395000,5.407000,5.442000,5.494000,5.320000,5.312000
320,89,4,5.310000,5.384000,5.406000,5.422000,5.142000,5.196000
320,90,4,5.149000,5.157000,5.264000,5.299000,5.037000,4.988000
320,91,4,5.385000,5.460000,5.437000,5.505000,5.297000,5.226000
320,92,4,5.153800,5.244000,5.219000,5.199000,5.014000,5.093000
320,93,4,5.186000,5.277000,5.234000,5.309000,5.054000,5.056000
320,94,4,5.230400,5.340000,5.340000,5.345000,5.153000,4.974000
320,95,4,5.332400,5.364000,5.358000,5.475000,5.178000,5.287000
320,96,4,5.231200,5.274000,5.334000,5.393000,5.096000,5.059000
320,97,4,5.181200,5.149000,5.266000,5.370000,5.099000,5.022000
320,98,4,5.329400,5.300000,5.366000,5.452000,5.249000,5.280000
320,99,4,5.261400,5.297000,5.312000,5.357000,5.194000,5.147000
321,0,2,8.123400,8.105000,8.254000,8.085000,8.089000,8.084000
321,1,2,8.133200,8.174000,8.190000,8.127000,8.080000,8.095000
321,2,2,8.074600,8.150000,8.112000,8.092000,8.032000,7.987000
321,3,2,8.095600,8.116000,8.176000,8.091000,7.927000,8.168000
321,4,2,8.169400,8.204000,8.281000,8.130000,8.098000,8.134000
321,5,2,8.112400,8.194000,8.215000,7.991000,8.105000,8.057000
321,6,2,8.158000,8.104000,8.257000,8.159000,8.072000,8.198000
321,7,2,8.187400,8.260000,8.240000,8.208000,8.097000,8.132000
321,8,2,8.119000,8.141000,8.184000,8.067000,8.086000,8.117000
321,9,2,8.045400,8.107000,8.051000,8.009000,7.987000,8.073000
321,10,2,8.131000,8.098000,8.157000,8.201000,8.087000,8.112000
321,11,2,8.146200,8.206000,8.252000,8.128000,8.004000,8.141000
321,12,2,8.074400,8.134000,8.182000,7.988000,7.992000,8.076000
321,13,2,8.143400,8.203000,8.158000,8.193000,8.092000,8.071000
321,14,2,8.034600,8.085000,8.051000,8.072000,7.943000,8.022000
321,15,2,8.147600,8.128000,8.280000,8.106000,8.072000,8.152000
321,16,2,8.138800,8.224000,8.158000,8.118000,8.105000,8.089000
321,17,2,8.133800,8.106000,8.255000,8.124000,8.122000,8.062000
321,18,2,8.064600,8.077000,8.078000,8.087000,7.983000,8.098000
321,19,2,8.051800,8.144000,8.142000,7.928000,8.040000,8.005000
322,0,2,8.145800,8.100000,8.095000,8.206000,8.102000,8.226000
322,1,2,8.152600,8.026000,8.116000,8.197000,8.101000,8.323000
322,2,2,8.185800,8.287000,8.180000,8.158000,8.044000,8.260000
322,3,2,8.120600,8.068000,8.111000,8.190000,8.104000,8.130000
322,4,2,8.194600,8.060000,8.209000,8.183000,8.223000,8.298000
322,5,2,8.167600,8.094000,8.193000,8.214000,8.069000,8.268000
322,6,2,8.173800,8.164000,8.224000,8.201000,8.151000,8.129000
322,7,2,8.231000,8.165000,8.219000,8.301000,8.185000,8.285000
322,8,2,8.171800,8.152000,8.155000,8.156000,8.189000,8.207000
322,9,2,8.170800,8.171000,8.122000,8.203000,8.166000,8.192000
322,10,2,8.202000,8.137000,8.201000,8.153000,8.280000,8.239000
322,11,2,8.154000,8.163000,8.093000,8.144000,8.168000,8.202000
322,12,2,8.179200,8.122000,8.113000,8.224000,8.179000,8.258000
322,13,2,8.120000,8.070000,8.086000,8.169000,8.094000,8.181000
322,14,2,8.140000,8.109000,8.193000,8.116000,8.028000,8.254000
322,15,2,8.196000,8.220000,8.137000,8.205000,8.181000,8.237000
322,16,2,8.125600,8.147000,8.146000,8.148000,8.030000,8.157000
322,17,2,8.216800,8.188000,8.274000,8.207000,8.144000,8.271000
322,18,2,8.200600,8.103000,8.196000,8.226000,8.174000,8.304000
322,19,2,8.174200,8.098000,8.195000,8.205000,8.108000,8.265000
323,0,2,8.159800,8.140000,8.198000,8.087000,8.171000,8.203000
323,1,2,8.148600,8.114000,8.018000,8.206000,8.202000,8.203000
323,2,2,8.166800,8.183000,8.176000,8.087000,8.234000,8.154000
323,3,2,8.179000,8.124000,8.166000,8.084000,8.286000,8.235000
323,4,2,8.110400,8.134000,8.064000,8.002000,8.103000,8.249000
323,5,2,8.127600,8.128000,8.055000,8.064000,8.116000,8.275000
323,6,2,8.221200,8.264000,8.186000,8.189000,8.252000,8.215000
323,7,2,8.143600,8.122000,8.170000,8.133000,8.191000,8.102000
323,8,2,8.158600,8.118000,8.192000,8.058000,8.222000,8.203000
323,9,2,8.220600,8.097000,8.217000,8.166000,8.299000,8.324000
323,10,2,8.177800,8.092000,8.193000,8.133000,8.251000,8.220000
323,11,2,8.135800,8.102000,8.167000,8.109000,8.143000,8.158000
323,12,2,8.075400,8.010000,8.107000,8.029000,8.157000,8.074000
323,13,2,8.167400,8.142000,8.173000,8.107000,8.199000,8.216000
323,14,2,8.175200,8.175000,8.231000,8.131000,8.154000,8.185000
323,15,2,8.230800,8.249000,8.228000,8.134000,8.311000,8.232000
323,16,2,8.162200,8.131000,8.186000,8.054000,8.227000,8.213000
323,17,2,8.214400,8.174000,8.188000,8.106000,8.251000,8.353000
323,18,2,8.123000,8.163000,8.160000,8.022000,8.163000,8.107000
323,19,2,8.159400,8.134000,8.162000,8.156000,8.129000,8.216000
324,0,2,8.132600,8.127000,8.014000,8.198000,8.150000,8.174000
324,1,2,8.145800,8.086000,8.007000,8.203000,8.266000,8.167000
324,2,2,8.099800,8.058000,7.967000,8.135000,8.186000,8.153000
324,3,2,8.097800,8.097000,8.060000,8.070000,8.073000,8.189000
324,4,2,8.154400,8.118000,8.036000,8.158000,8.222000,8.238000
324,5,2,8.164800,8.126000,8.115000,8.232000,8.164000,8.187000
324,6,2,8.179000,8.223000,8.068000,8.150000,8.195000,8.259000
324,7,2,8.172200,8.176000,8.035000,8.235000,8.178000,8.237000
324,8,2,8.132600,8.053000,8.045000,8.144000,8.158000,8.263000
324,9,2,8.165800,8.062000,8.133000,8.214000,8.233000,8.187000
324,10,2,8.100600,7.951000,8.092000,8.154000,8.184000,8.122000
324,11,2,8.169800,8.037000,8.145000,8.269000,8.163000,8.235000
324,12,2,8.200600,8.102000,8.142000,8.217000,8.297000,8.245000
324,13,2,8.154200,8.029000,8.081000,8.211000,8.194000,8.256000
324,14,2,8.122800,8.120000,8.036000,8.135000,8.191000,8.132000
324,15,2,8.175400,8.157000,8.055000,8.216000,8.230000,8.219000
324,16,2,8.109200,8.049000,8.012000,8.087000,8.180000,8.218000
324,17,2,8.170200,8.113000,8.102000,8.169000,8.190000,8.277000
324,18,2,8.133400,8.090000,8.096000,8.167000,8.148000,8.166000
324,19,2,8.192200,8.091000,8.117000,8.243000,8.225000,8.285000
325,0,2,8.209600,8.242000,8.277000,8.172000,8.274000,8.083000
325,1,2,8.207800,8.235000,8.205000,8.192000,8.273000,8.134000
325,2,2,8.220800,8.232000,8.230000,8.142000,8.292000,8.208000
325,3,2,8.112000,8.201000,8.118000,7.965000,8.145000,8.131000
325,4,2,8.153200,8.297000,8.264000,8.116000,8.141000,7.948000
325,5,2,8.214400,8.158000,8.254000,8.166000,8.330000,8.164000
325,6,2,8.199800,8.136000,8.281000,8.170000,8.280000,8.132000
325,7,2,8.163800,8.143000,8.183000,8.165000,8.250000,8.078000
325,8,2,8.196400,8.272000,8.194000,8.170000,8.230000,8.116000
325,9,2,8.178000,8.212000,8.214000,8.075000,8.293000,8.096000
325,10,2,8.151200,8.161000,8.204000,8.073000,8.184000,8.134000
325,11,2,8.124400,8.131000,8.084000,8.097000,8.231000,8.079000
325,12,2,8.235800,8.203000,8.209000,8.213000,8.359000,8.195000
325,13,2,8.193600,8.224000,8.225000,8.208000,8.243000,8.068000
325,14,2,8.157800,8.218000,8.211000,8.098000,8.163000,8.099000
325,15,2,8.181800,8.215000,8.205000,8.160000,8.187000,8.142000
325,16,2,8.164800,8.208000,8.182000,8.123000,8.241000,8.070000
325,17,2,8.260000,8.245000,8.248000,8.283000,8.393000,8.131000
325,18,2,8.222800,8.230000,8.170000,8.219000,8.339000,8.156000
325,19,2,8.256600,8.173000,8.243000,8.276000,8.363000,8.228000
326,0,2,8.167200,8.060000,8.257000,8.231000,8.147000,8.141000
326,1,2,8.136200,8.039000,8.216000,8.197000,8.096000,8.133000
326,2,2,8.126000,8.039000,8.227000,8.170000,8.091000,8.103000
326,3,2,8.173000,8.088000,8.181000,8.180000,8.191000,8.225000
326,4,2,8.167200,8.037000,8.201000,8.272000,8.206000,8.120000
326,5,2,8.132200,8.033000,8.240000,8.176000,8.148000,8.064000
326,6,2,8.101400,8.106000,8.176000,8.177000,7.995000,8.053000
326,7,2,8.142600,8.010000,8.208000,8.179000,8.221000,8.095000
326,8,2,8.161000,8.037000,8.215000,8.254000,8.156000,8.143000
326,9,2,8.108200,8.058000,8.083000,8.200000,8.153000,8.047000
326,10,2,8.151200,8.125000,8.203000,8.194000,8.104000,8.130000
326,11,2,8.151200,8.037000,8.215000,8.268000,8.137000,8.099000
326,12,2,8.123800,7.944000,8.196000,8.175000,8.109000,8.195000
326,13,2,8.108600,8.103000,8.171000,8.173000,8.111000,7.985000
326,14,2,8.104600,7.868000,8.250000,8.202000,8.140000,8.063000
326,15,2,8.212800,8.134000,8.288000,8.280000,8.155000,8.207000
326,16,2,8.168200,8.103000,8.236000,8.158000,8.149000,8.195000
326,17,2,8.149000,8.101000,8.244000,8.212000,8.049000,8.139000
326,18,2,8.135800,8.037000,8.235000,8.190000,8.127000,8.090000
326,19,2,8.141000,8.056000,8.169000,8.220000,8.140000,8.120000
327,0,2,8.188800,8.124000,8.237000,8.154000,8.208000,8.221000
327,1,2,8.088400,7.931000,8.251000,8.050000,8.058000,8.152000
327,2,2,8.185400,8.126000,8.281000,8.116000,8.178000,8.226000
327,3,2,8.202200,8.111000,8.367000,8.169000,8.129000,8.235000
327,4,2,8.156000,8.065000,8.260000,8.098000,8.163000,8.194000
327,5,2,8.086800,7.981000,8.183000,8.082000,8.022000,8.166000
327,6,2,8.245800,8.155000,8.417000,8.179000,8.258000,8.220000
327,7,2,8.187600,8.106000,8.322000,8.137000,8.164000,8.209000
327,8,2,8.179200,8.046000,8.330000,8.104000,8.200000,8.216000
327,9,2,8.203400,8.150000,8.297000,8.103000,8.228000,8.239000
327,10,2,8.190000,8.103000,8.213000,8.240000,8.136000,8.258000
327,11,2,8.201200,8.104000,8.301000,8.158000,8.186000,8.257000
327,12,2,8.205600,8.170000,8.302000,8.217000,8.115000,8.224000
327,13,2,8.194000,8.190000,8.278000,8.099000,8.149000,8.254000
327,14,2,8.173800,8.100000,8.302000,8.138000,8.114000,8.215000
327,15,2,8.151200,8.123000,8.260000,8.119000,8.094000,8.160000
327,16,2,8.051000,7.981000,8.229000,7.960000,7.990000,8.095000
327,17,2,8.158800,8.013000,8.228000,8.178000,8.134000,8.241000
327,18,2,8.149800,8.096000,8.293000,8.093000,8.068000,8.199000
327,19,2,8.088800,8.042000,8.208000,8.054000,8.095000,8.045000
328,0,2,7.964400,7.936000,7.923000,8.120000,7.904000,7.939000
328,1,2,8.185800,8.181000,8.082000,8.263000,8.208000,8.195000
328,2,2,8.185800,8.163000,8.095000,8.197000,8.258000,8.216000
328,3,2,8.221000,8.144000,8.167000,8.348000,8.233000,8.213000
328,4,2,8.233400,8.274000,8.164000,8.261000,8.267000,8.201000
328,5,2,8.142200,8.130000,7.928000,8.247000,8.252000,8.154000
328,6,2,8.152200,8.118000,8.057000,8.272000,8.154000,8.160000
328,7,2,8.132800,8.090000,8.101000,8.267000,8.138000,8.068000
328,8,2,8.191600,8.203000,8.119000,8.283000,8.236000,8.117000
328,9,2,8.214600,8.249000,8.100000,8.320000,8.246000,8.158000
328,10,2,8.153000,8.078000,8.064000,8.271000,8.190000,8.162000
328,11,2,8.185600,8.162000,8.221000,8.220000,8.185000,8.140000
328,12,2,8.102000,8.148000,7.940000,8.234000,8.151000,8.037000
328,13,2,8.202800,8.255000,8.093000,8.237000,8.309000,8.120000
328,14,2,8.164000,8.192000,8.060000,8.232000,8.192000,8.144000
328,15,2,8.215000,8.200000,8.116000,8.267000,8.325000,8.167000
328,16,2,8.184000,8.208000,8.093000,8.227000,8.239000,8.153000
328,17,2,8.198000,8.240000,8.130000,8.221000,8.232000,8.167000
328,18,2,8.216800,8.217000,8.158000,8.328000,8.212000,8.169000
328,19,2,8.139000,8.164000,8.107000,8.169000,8.174000,8.081000
329,0,2,8.213200,8.086000,8.369000,8.166000,8.202000,8.243000
329,1,2,8.140800,8.130000,8.317000,8.010000,8.062000,8.185000
329,2,2,8.213800,8.134000,8.265000,8.196000,8.262000,8.212000
329,3,2,8.180800,8.128000,8.328000,8.138000,8.190000,8.120000
329,4,2,8.154600,8.184000,8.227000,8.058000,8.122000,8.182000
329,5,2,8.253800,8.244000,8.367000,8.202000,8.217000,8.239000
329,6,2,8.163800,8.137000,8.247000,8.042000,8.178000,8.215000
329,7,2,8.143600,8.107000,8.257000,8.000000,8.134000,8.220000
329,8,2,8.163400,8.085000,8.296000,8.131000,8.080000,8.225000
329,9,2,8.251400,8.164000,8.430000,8.104000,8.244000,8.315000
329,10,2,8.245600,8.187000,8.316000,8.152000,8.275000,8.298000
329,11,2,8.203000,8.124000,8.374000,8.137000,8.138000,8.242000
329,12,2,8.168800,8.114000,8.239000,8.148000,8.091000,8.252000
329,13,2,8.163000,8.111000,8.227000,8.094000,8.150000,8.233000
329,14,2,8.239800,8.154000,8.341000,8.115000,8.299000,8.290000
329,15,2,8.123200,8.053000,8.237000,8.084000,8.032000,8.210000
329,16,2,8.202800,8.213000,8.294000,8.127000,8.197000,8.183000
329,17,2,8.183200,8.106000,8.310000,8.140000,8.126000,8.234000
329,18,2,8.148600,8.093000,8.204000,8.146000,8.122000,8.178000
329,19,2,8.203200,8.141000,8.302000,8.123000,8.175000,8.275000
330,0,0,5.274800,5.284000,5.234000,5.153000,5.402000,5.301000
330,1,0,5.143200,5.109000,5.147000,5.145000,5.202000,5.113000
330,2,0,5.042000,4.931000,5.186000,4.858000,5.192000,5.043000
330,3,0,5.143200,5.166000,5.186000,4.810000,5.255000,5.299000
330,4,0,5.085200,5.057000,5.044000,4.994000,5.177000,5.154000
330,5,0,5.080600,4.859000,5.260000,4.876000,5.208000,5.200000
330,6,0,5.227000,5.225000,5.292000,5.068000,5.296000,5.254000
330,7,0,5.288600,5.231000,5.302000,5.211000,5.411000,5.288000
330,8,0,5.111600,5.075000,5.198000,5.065000,5.224000,4.996000
330,9,0,5.099000,5.001000,5.113000,5.027000,5.241000,5.113000
330,10,0,5.100600,5.164000,5.099000,5.007000,5.161000,5.072000
330,11,0,5.171600,5.136000,5.111000,5.086000,5.327000,5.198000
330,12,0,5.017000,5.088000,5.189000,4.890000,4.943000,4.975000
330,13,0,5.126000,5.144000,5.054000,5.077000,5.216000,5.139000
330,14,0,5.074400,4.955000,5.134000,4.995000,5.143000,5.145000
330,15,0,5.102400,5.239000,4.958000,4.853000,5.302000,5.160000
330,16,0,5.058400,4.951000,5.182000,4.889000,5.121000,5.149000
330,17,0,5.056200,4.979000,5.206000,4.892000,5.053000,5.151000
330,18,0,5.048000,5.115000,4.929000,4.905000,5.184000,5.107000
330,19,0,5.170400,5.132000,5.240000,5.033000,5.216000,5.231000
330,20,1,5.058400,4.888000,5.176000,5.013000,5.070000,5.145000
330,21,1,5.335400,5.420000,5.412000,5.237000,5.268000,5.340000
330,22,1,4.997400,4.918000,5.107000,4.928000,5.070000,4.964000
330,23,1,5.128200,5.158000,5.023000,5.050000,5.208000,5.202000
330,24,1,5.238800,5.211000,5.305000,5.182000,5.346000,5.150000
330,25,1,5.214800,5.282000,5.225000,5.111000,5.187000,5.269000
330,26,1,5.162800,5.160000,5.115000,5.090000,5.347000,5.102000
330,27,1,5.302800,5.212000,5.239000,5.227000,5.542000,5.294000
330,28,1,5.312800,5.227000,5.426000,5.252000,5.276000,5.383000
330,29,1,5.211400,5.249000,5.128000,5.022000,5.283000,5.375000
330,30,1,5.263600,5.382000,5.085000,5.159000,5.336000,5.356000
330,31,1,5.146000,5.151000,5.088000,5.080000,5.279000,5.132000
330,32,1,5.241000,5.251000,5.165000,5.197000,5.359000,5.233000
330,33,1,5.232800,5.248000,5.318000,5.093000,5.263000,5.242000
330,34,1,5.317200,5.356000,5.401000,5.240000,5.264000,5.325000
330,35,1,5.251000,5.379000,5.221000,5.253000,5.139000,5.263000
330,36,1,5.094600,5.123000,5.044000,5.119000,5.143000,5.044000
330,37,1,5.128400,5.092000,5.122000,5.051000,5.302000,5.075000
330,38,1,5.236000,5.126000,5.273000,5.232000,5.211000,5.338000
330,39,1,5.394400,5.348000,5.504000,5.358000,5.406000,5.356000
330,40,2,8.106200,8.115000,8.033000,8.048000,8.171000,8.164000
330,41,2,8.147000,8.112000,8.234000,8.079000,8.224000,8.086000
330,42,2,8.215400,8.151000,8.314000,8.208000,8.188000,8.216000
330,43,2,8.184000,8.177000,8.244000,8.098000,8.198000,8.203000
330,44,2,8.102600,8.097000,8.085000,8.098000,8.118000,8.115000
330,45,2,8.191000,8.100000,8.324000,8.087000,8.247000,8.197000
330,46,2,8.199400,8.175000,8.180000,8.151000,8.273000,8.218000
330,47,2,8.191400,8.188000,8.285000,8.107000,8.195000,8.182000
330,48,2,8.213200,8.124000,8.282000,8.109000,8.262000,8.289000
330,49,2,8.182000,8.147000,8.300000,8.130000,8.197000,8.136000
330,50,2,8.198200,8.158000,8.283000,8.123000,8.192000,8.235000
330,51,2,8.168000,8.122000,8.258000,8.079000,8.220000,8.161000
330,52,2,8.153800,8.073000,8.205000,8.152000,8.194000,8.145000
330,53,2,8.230200,8.189000,8.321000,8.107000,8.268000,8.266000
330,54,2,8.230800,8.198000,8.322000,8.105000,8.240000,8.289000
330,55,2,8.184400,8.201000,8.291000,8.016000,8.158000,8.256000
330,56,2,8.155600,8.217000,8.238000,8.043000,8.155000,8.125000
330,57,2,8.197400,8.179000,8.302000,8.083000,8.188000,8.235000
330,58,2,8.205800,8.181000,8.252000,8.146000,8.273000,8.177000
330,59,2,8.151400,8.115000,8.146000,8.151000,8.206000,8.139000
330,60,3,5.378800,5.403000,5.343000,5.340000,5.425000,5.383000
330,61,3,5.230000,5.065000,5.206000,5.324000,5.220000,5.335000
330,62,3,5.262400,5.250000,5.303000,5.193000,5.264000,5.302000
330,63,3,5.336600,5.254000,5.374000,5.355000,5.358000,5.342000
330,64,3,5.382200,5.235000,5.373000,5.393000,5.446000,5.464000
330,65,3,5.197200,5.102000,5.131000,5.128000,5.302000,5.323000
330,66,3,5.110000,4.999000,5.077000,5.118000,5.243000,5.113000
330,67,3,5.382400,5.343000,5.424000,5.420000,5.390000,5.335000
330,68,3,5.243200,5.128000,5.248000,5.288000,5.312000,5.240000
330,69,3,5.075400,4.975000,5.037000,5.104000,5.134000,5.127000
330,70,3,5.196400,5.170000,5.264000,5.087000,5.234000,5.227000
330,71,3,5.371800,5.505000,5.227000,5.399000,5.346000,5.382000
330,72,3,5.321400,5.294000,5.315000,5.320000,5.364000,5.314000
330,73,3,5.078800,4.973000,5.131000,5.056000,5.101000,5.133000
330,74,3,5.327000,5.293000,5.310000,5.344000,5.343000,5.345000
330,75,3,5.339800,5.271000,5.359000,5.392000,5.314000,5.363000
330,76,3,5.220600,5.138000,5.154000,5.268000,5.360000,5.183000
330,77,3,5.400600,5.390000,5.386000,5.437000,5.377000,5.413000
330,78,3,5.269000,5.169000,5.354000,5.254000,5.217000,5.351000
330,79,3,5.357000,5.278000,5.250000,5.412000,5.524000,5.321000
330,80,4,5.313800,5.284000,5.302000,5.240000,5.329000,5.414000
330,81,4,5.168800,5.050000,5.218000,5.190000,5.205000,5.181000
330,82,4,5.181800,5.116000,5.181000,5.118000,5.268000,5.226000
330,83,4,5.023400,4.953000,4.954000,5.011000,5.137000,5.062000
330,84,4,5.295400,5.343000,5.149000,5.111000,5.510000,5.364000
330,85,4,5.398800,5.377000,5.385000,5.258000,5.489000,5.485000
330,86,4,5.133200,5.034000,5.126000,5.149000,5.285000,5.072000
330,87,4,5.123200,5.006000,5.036000,5.021000,5.226000,5.327000
330,88,4,5.370200,5.349000,5.361000,5.327000,5.427000,5.387000
330,89,4,5.348600,5.317000,5.372000,5.325000,5.379000,5.350000
330,90,4,5.228800,5.216000,5.143000,5.203000,5.306000,5.276000
330,91,4,5.393600,5.399000,5.294000,5.424000,5.450000,5.401000
330,92,4,5.362400,5.366000,5.398000,5.254000,5.368000,5.426000
330,93,4,5.321400,5.312000,5.211000,5.254000,5.421000,5.409000
330,94,4,5.152400,5.006000,5.177000,5.056000,5.280000,5.243000
330,95,4,5.248200,5.264000,5.243000,5.169000,5.232000,5.333000
330,96,4,5.088600,5.011000,5.080000,5.056000,5.239000,5.057000
330,97,4,5.337600,5.309000,5.376000,5.331000,5.403000,5.269000
330,98,4,5.288000,5.181000,5.238000,5.306000,5.433000,5.282000
330,99,4,5.037600,5.087000,4.965000,4.984000,5.086000,5.066000
331,0,2,8.113000,8.162000,8.176000,8.106000,8.034000,8.087000
331,1,2,8.208400,8.235000,8.294000,8.190000,8.111000,8.212000
331,2,2,8.163800,8.098000,8.238000,8.296000,8.074000,8.113000
331,3,2,8.148800,8.157000,8.215000,8.197000,8.013000,8.162000
331,4,2,8.137000,8.213000,8.247000,8.196000,8.007000,8.022000
331,5,2,8.185000,8.219000,8.249000,8.210000,8.116000,8.131000
331,6,2,8.237000,8.255000,8.300000,8.284000,8.185000,8.161000
331,7,2,8.161000,8.180000,8.233000,8.095000,8.157000,8.140000
331,8,2,8.156200,8.101000,8.226000,8.174000,8.119000,8.161000
331,9,2,8.202800,8.213000,8.248000,8.253000,8.115000,8.185000
331,10,2,8.213000,8.270000,8.235000,8.220000,8.131000,8.209000
331,11,2,8.210400,8.258000,8.270000,8.141000,8.091000,8.292000
331,12,2,8.220800,8.248000,8.308000,8.267000,8.121000,8.160000
331,13,2,8.150000,8.217000,8.279000,8.112000,8.039000,8.103000
331,14,2,8.081000,8.075000,8.209000,8.056000,7.910000,8.155000
331,15,2,8.177000,8.220000,8.220000,8.196000,8.084000,8.165000
331,16,2,8.204000,8.267000,8.261000,8.185000,8.103000,8.204000
331,17,2,8.181400,8.246000,8.209000,8.165000,8.074000,8.213000
331,18,2,8.180600,8.164000,8.242000,8.210000,8.142000,8.145000
331,19,2,8.103200,8.103000,8.164000,8.095000,8.089000,8.065000
332,0,2,8.163200,8.258000,8.072000,8.177000,8.088000,8.221000
332,1,2,8.192600,8.196000,8.185000,8.174000,8.168000,8.240000
332,2,2,8.158600,8.109000,8.193000,8.101000,8.169000,8.221000
332,3,2,8.190200,8.227000,8.186000,8.103000,8.179000,8.256000
332,4,2,8.147200,8.094000,8.122000,8.170000,8.087000,8.263000
332,5,2,8.130000,8.141000,8.172000,8.109000,8.084000,8.144000
332,6,2,8.149400,8.200000,8.143000,8.070000,8.164000,8.170000
332,7,2,8.061600,8.102000,8.013000,7.989000,8.029000,8.175000
332,8,2,8.173600,8.150000,8.147000,8.137000,8.122000,8.312000
332,9,2,8.173600,8.188000,8.153000,8.152000,8.154000,8.221000
332,10,2,8.147400,8.176000,8.186000,8.065000,8.081000,8.229000
332,11,2,8.175200,8.280000,8.189000,8.067000,8.094000,8.246000
332,12,2,8.130200,8.198000,8.103000,8.120000,8.045000,8.185000
332,13,2,8.140800,8.209000,8.160000,8.170000,8.020000,8.145000
332,14,2,8.077600,8.082000,8.048000,8.014000,8.056000,8.188000
332,15,2,8.189800,8.215000,8.222000,8.209000,8.087000,8.216000
332,16,2,8.200800,8.256000,8.195000,8.201000,8.139000,8.213000
332,17,2,8.152000,8.220000,8.108000,8.121000,8.164000,8.147000
332,18,2,8.082800,8.175000,8.157000,8.020000,7.943000,8.119000
332,19,2,8.159200,8.187000,8.207000,8.135000,8.072000,8.195000
333,0,2,8.218200,8.276000,8.127000,8.259000,8.239000,8.190000
333,1,2,8.058400,8.123000,7.968000,8.087000,8.004000,8.110000
333,2,2,8.040200,8.086000,7.941000,8.080000,8.022000,8.072000
333,3,2,8.070800,8.014000,7.936000,8.194000,8.148000,8.062000
333,4,2,8.168600,8.162000,8.034000,8.321000,8.208000,8.118000
333,5,2,8.154600,8.203000,8.060000,8.234000,8.171000,8.105000
333,6,2,8.068400,8.185000,7.907000,8.146000,8.014000,8.090000
333,7,2,8.167000,8.217000,8.048000,8.232000,8.218000,8.120000
333,8,2,8.195000,8.277000,8.087000,8.264000,8.184000,8.163000
333,9,2,8.158000,8.233000,8.030000,8.262000,8.159000,8.106000
333,10,2,8.041200,8.024000,7.946000,8.115000,8.014000,8.107000
333,11,2,8.150000,8.221000,8.007000,8.215000,8.127000,8.180000
333,12,2,8.212600,8.264000,8.123000,8.270000,8.237000,8.169000
333,13,2,8.169600,8.256000,8.019000,8.246000,8.159000,8.168000
333,14,2,8.170800,8.220000,8.098000,8.239000,8.202000,8.095000
333,15,2,8.127600,8.156000,8.044000,8.232000,8.235000,7.971000
333,16,2,8.197200,8.268000,8.049000,8.347000,8.165000,8.157000
333,17,2,8.123200,8.204000,7.977000,8.248000,8.152000,8.035000
333,18,2,8.184600,8.219000,8.057000,8.297000,8.170000,8.180000
333,19,2,8.184000,8.238000,8.076000,8.320000,8.131000,8.155000
334,0,2,8.093600,8.107000,8.008000,8.122000,8.128000,8.103000
334,1,2,8.033400,7.993000,8.007000,8.050000,8.050000,8.067000
334,2,2,8.050800,8.015000,8.067000,8.007000,8.138000,8.027000
334,3,2,8.079600,8.020000,8.054000,8.177000,8.124000,8.023000
334,4,2,8.081000,8.106000,8.087000,8.061000,8.122000,8.029000
334,5,2,8.124000,8.161000,7.968000,8.180000,8.257000,8.054000
334,6,2,8.112200,8.039000,8.142000,8.155000,8.131000,8.094000
334,7,2,8.117000,8.087000,8.063000,8.180000,8.146000,8.109000
334,8,2,7.973600,7.978000,7.880000,8.039000,7.977000,7.994000
334,9,2,7.942600,7.888000,7.983000,7.942000,8.011000,7.889000
334,10,2,8.136600,8.211000,7.977000,8.207000,8.215000,8.073000
334,11,2,8.038400,7.981000,8.003000,8.073000,8.070000,8.065000
334,12,2,8.065400,8.058000,7.956000,8.152000,8.179000,7.982000
334,13,2,8.127600,8.110000,8.023000,8.236000,8.226000,8.043000
334,14,2,8.112200,8.191000,8.087000,8.113000,8.109000,8.061000
334,15,2,8.089400,8.077000,7.978000,8.190000,8.224000,7.978000
334,16,2,8.063000,8.125000,7.968000,8.106000,8.128000,7.988000
334,17,2,8.059800,8.012000,7.964000,8.100000,8.163000,8.060000
334,18,2,7.919200,7.893000,7.921000,7.844000,7.994000,7.944000
334,19,2,8.050800,7.996000,7.995000,8.117000,8.114000,8.032000
335,0,2,8.189800,8.243000,8.124000,8.178000,8.149000,8.255000
335,1,2,8.106000,8.147000,8.111000,8.126000,8.119000,8.027000
335,2,2,8.184200,8.202000,8.150000,8.150000,8.197000,8.222000
335,3,2,8.141000,8.177000,8.053000,8.142000,8.182000,8.151000
335,4,2,8.216600,8.234000,8.161000,8.201000,8.213000,8.274000
335,5,2,8.176400,8.188000,8.111000,8.147000,8.268000,8.168000
335,6,2,8.166200,8.164000,8.037000,8.157000,8.221000,8.252000
335,7,2,8.176000,8.255000,8.060000,8.131000,8.206000,8.228000
335,8,2,8.206400,8.296000,8.133000,8.126000,8.234000,8.243000
335,9,2,8.111000,8.121000,8.089000,8.080000,8.128000,8.137000
335,10,2,8.040800,8.078000,7.926000,8.074000,8.069000,8.057000
335,11,2,8.185400,8.235000,8.080000,8.215000,8.203000,8.194000
335,12,2,8.140800,8.200000,8.074000,8.200000,8.144000,8.086000
335,13,2,8.172000,8.259000,8.097000,8.142000,8.183000,8.179000
335,14,2,8.187400,8.196000,8.147000,8.156000,8.222000,8.216000
335,15,2,8.196200,8.210000,8.110000,8.214000,8.172000,8.275000
335,16,2,8.191000,8.252000,8.108000,8.118000,8.185000,8.292000
335,17,2,8.152600,8.177000,8.120000,8.102000,8.221000,8.143000
335,18,2,8.216400,8.246000,8.201000,8.238000,8.212000,8.185000
335,19,2,8.122000,8.134000,8.050000,8.124000,8.155000,8.147000
336,0,2,8.129400,8.052000,8.004000,8.144000,8.253000,8.194000
336,1,2,8.179600,8.312000,8.050000,8.083000,8.241000,8.212000
336,2,2,8.243400,8.281000,8.141000,8.208000,8.303000,8.284000
336,3,2,8.154600,8.250000,8.013000,8.104000,8.246000,8.160000
336,4,2,8.153600,8.187000,8.084000,8.101000,8.229000,8.167000
336,5,2,8.093600,8.045000,8.056000,7.964000,8.224000,8.179000
336,6,2,8.120800,8.124000,7.992000,8.100000,8.213000,8.175000
336,7,2,8.166000,8.201000,8.015000,8.141000,8.222000,8.251000
336,8,2,8.217200,8.233000,8.086000,8.207000,8.303000,8.257000
336,9,2,8.145400,8.156000,8.148000,8.098000,8.179000,8.146000
336,10,2,8.181400,8.273000,8.097000,8.140000,8.192000,8.205000
336,11,2,8.216200,8.245000,8.150000,8.123000,8.306000,8.257000
336,12,2,8.153400,8.121000,8.036000,8.091000,8.312000,8.207000
336,13,2,8.187200,8.279000,8.100000,8.142000,8.232000,8.183000
336,14,2,7.869600,7.936000,7.723000,7.834000,7.994000,7.861000
336,15,2,8.158800,8.189000,8.049000,8.050000,8.288000,8.218000
336,16,2,8.169400,8.225000,8.039000,8.121000,8.244000,8.218000
336,17,2,8.151600,8.202000,8.037000,8.063000,8.274000,8.182000
336,18,2,8.194200,8.179000,8.109000,8.174000,8.221000,8.288000
336,19,2,8.198200,8.211000,8.134000,8.194000,8.248000,8.204000
337,0,2,8.202800,8.185000,8.290000,8.151000,8.303000,8.085000
337,1,2,8.197600,8.176000,8.242000,8.223000,8.236000,8.111000
337,2,2,8.172000,8.175000,8.219000,8.147000,8.202000,8.117000
337,3,2,8.197200,8.206000,8.268000,8.162000,8.251000,8.099000
337,4,2,8.131800,8.152000,8.166000,8.086000,8.257000,7.998000
337,5,2,8.034600,8.026000,8.178000,8.009000,8.148000,7.812000
337,6,2,8.132200,8.107000,8.188000,8.155000,8.171000,8.040000
337,7,2,8.208800,8.203000,8.261000,8.210000,8.255000,8.115000
337,8,2,8.124000,8.122000,8.179000,8.083000,8.126000,8.110000
337,9,2,8.200400,8.216000,8.244000,8.170000,8.259000,8.113000
337,10,2,8.135000,8.190000,8.263000,8.019000,8.209000,7.994000
337,11,2,8.150800,8.079000,8.234000,8.151000,8.216000,8.074000
337,12,2,8.160000,8.221000,8.179000,8.125000,8.233000,8.042000
337,13,2,8.182200,8.189000,8.227000,8.237000,8.202000,8.056000
337,14,2,8.120400,8.158000,8.167000,8.102000,8.185000,7.990000
337,15,2,8.162000,8.244000,8.164000,8.123000,8.187000,8.092000
337,16,2,8.190200,8.211000,8.261000,8.224000,8.212000,8.043000
337,17,2,8.121800,8.097000,8.130000,8.137000,8.202000,8.043000
337,18,2,8.116400,8.091000,8.171000,8.143000,8.197000,7.980000
337,19,2,8.138800,8.067000,8.290000,8.121000,8.211000,8.005000
338,0,2,8.092000,8.106000,7.973000,8.072000,8.257000,8.052000
338,1,2,8.131800,8.173000,8.030000,8.079000,8.211000,8.166000
338,2,2,8.208800,8.242000,8.175000,8.128000,8.280000,8.219000
338,3,2,8.143800,8.194000,7.937000,8.177000,8.172000,8.239000
338,4,2,8.182600,8.170000,8.046000,8.101000,8.305000,8.291000
338,5,2,8.093000,8.094000,8.050000,8.109000,8.076000,8.136000
338,6,2,7.936000,8.027000,7.864000,7.865000,7.866000,8.058000
338,7,2,8.143600,8.223000,7.999000,8.151000,8.213000,8.132000
338,8,2,8.185800,8.111000,8.110000,8.163000,8.291000,8.254000
338,9,2,8.119800,8.162000,8.059000,7.962000,8.254000,8.162000
338,10,2,8.148200,8.154000,8.113000,8.116000,8.236000,8.122000
338,11,2,8.145800,8.247000,8.023000,8.131000,8.174000,8.154000
338,12,2,8.159600,8.143000,8.037000,8.139000,8.266000,8.213000
338,13,2,8.067200,8.030000,8.030000,8.012000,8.122000,8.142000
338,14,2,8.163400,8.177000,8.071000,8.208000,8.179000,8.182000
338,15,2,7.987200,8.076000,7.913000,7.975000,7.877000,8.095000
338,16,2,8.094400,8.096000,8.063000,7.958000,8.148000,8.207000
338,17,2,8.152200,8.148000,8.134000,8.118000,8.172000,8.189000
338,18,2,8.089400,8.051000,8.029000,8.091000,8.202000,8.074000
338,19,2,8.131400,8.206000,8.167000,8.011000,8.189000,8.084000
339,0,2,8.108200,8.015000,8.039000,8.217000,8.218000,8.052000
339,1,2,8.132600,8.129000,8.118000,8.192000,8.122000,8.102000
339,2,2,8.133800,8.078000,8.096000,8.240000,8.256000,7.999000
339,3,2,8.059400,8.094000,8.049000,8.130000,8.102000,7.922000
339,4,2,8.039000,8.061000,8.001000,8.141000,8.107000,7.885000
339,5,2,8.065600,7.997000,8.141000,8.137000,8.017000,8.036000
339,6,2,8.166000,8.164000,8.137000,8.190000,8.160000,8.179000
339,7,2,8.122000,8.068000,8.133000,8.216000,8.163000,8.030000
339,8,2,8.136600,8.012000,8.127000,8.235000,8.220000,8.089000
339,9,2,7.983400,7.930000,8.044000,7.979000,8.089000,7.875000
339,10,2,8.132400,8.098000,8.022000,8.183000,8.197000,8.162000
339,11,2,8.103000,8.125000,8.013000,8.189000,8.186000,8.002000
339,12,2,8.052000,7.949000,8.100000,8.131000,8.106000,7.974000
339,13,2,7.973800,7.934000,7.927000,8.006000,8.099000,7.903000
339,14,2,8.129400,8.113000,8.125000,8.160000,8.187000,8.062000
339,15,2,8.126800,8.053000,8.094000,8.179000,8.193000,8.115000
339,16,2,8.138400,8.138000,8.079000,8.185000,8.227000,8.063000
339,17,2,8.000600,8.044000,7.952000,8.114000,7.998000,7.895000
339,18,2,8.166800,8.177000,8.184000,8.218000,8.150000,8.105000
339,19,2,7.936600,7.885000,8.063000,8.061000,7.872000,7.802000
340,0,0,4.956200,5.141000,5.032000,4.817000,4.992000,4.799000
340,1,0,5.016200,5.133000,5.027000,4.973000,4.990000,4.958000
340,2,0,5.076400,5.202000,5.074000,5.031000,4.997000,5.078000
340,3,0,5.004400,5.093000,5.028000,5.005000,5.000000,4.896000
340,4,0,4.995400,5.050000,5.067000,4.989000,4.971000,4.900000
340,5,0,5.139800,5.302000,5.213000,4.906000,5.045000,5.233000
340,6,0,5.167000,5.340000,5.244000,5.164000,4.980000,5.107000
340,7,0,5.119400,5.248000,5.218000,4.928000,5.062000,5.141000
340,8,0,5.149200,5.194000,5.149000,5.117000,5.170000,5.116000
340,9,0,5.186000,5.407000,5.132000,5.085000,5.197000,5.109000
340,10,0,5.076200,5.301000,5.087000,5.003000,4.994000,4.996000
340,11,0,4.933800,5.160000,4.978000,4.741000,4.900000,4.890000
340,12,0,5.095800,5.149000,5.100000,5.065000,5.089000,5.076000
340,13,0,5.036200,5.143000,5.085000,5.095000,4.926000,4.932000
340,14,0,5.072400,5.192000,5.109000,5.098000,5.020000,4.943000
340,15,0,4.931000,4.980000,4.963000,4.907000,4.914000,4.891000
340,16,0,5.146400,5.151000,5.239000,5.107000,5.123000,5.112000
340,17,0,5.033000,5.249000,5.155000,4.733000,5.049000,4.979000
340,18,0,5.067400,5.282000,5.078000,4.929000,4.962000,5.086000
340,19,0,5.011600,5.191000,5.166000,4.889000,5.006000,4.806000
340,20,1,4.899800,4.953000,4.774000,4.978000,4.893000,4.901000
340,21,1,4.852600,4.878000,4.728000,5.015000,4.834000,4.808000
340,22,1,4.844600,4.763000,4.717000,5.036000,4.890000,4.817000
340,23,1,4.837800,4.861000,4.767000,4.974000,4.786000,4.801000
340,24,1,4.777800,4.772000,4.621000,4.915000,4.801000,4.780000
340,25,1,4.833600,4.913000,4.785000,4.912000,4.633000,4.925000
340,26,1,5.004800,4.870000,4.985000,5.137000,5.022000,5.010000
340,27,1,4.848000,4.847000,4.785000,5.042000,4.762000,4.804000
340,28,1,4.767000,4.722000,4.776000,4.894000,4.757000,4.686000
340,29,1,5.069400,4.912000,5.139000,5.205000,5.026000,5.065000
340,30,1,4.797600,4.701000,4.720000,4.985000,4.785000,4.797000
340,31,1,4.844800,4.878000,4.725000,4.966000,4.873000,4.782000
340,32,1,4.859800,4.765000,4.817000,5.056000,4.983000,4.678000
340,33,1,4.944800,4.865000,4.880000,5.069000,4.930000,4.980000
340,34,1,4.843800,4.800000,4.811000,4.862000,4.872000,4.874000
340,35,1,4.885800,4.929000,4.903000,4.971000,4.764000,4.862000
340,36,1,4.898200,4.689000,4.893000,5.044000,4.906000,4.959000
340,37,1,5.019600,4.840000,4.945000,5.193000,5.059000,5.061000
340,38,1,5.066400,5.085000,4.971000,5.184000,5.006000,5.086000
340,39,1,4.920200,4.904000,4.809000,4.992000,4.910000,4.986000
340,40,2,8.172200,8.173000,8.212000,8.195000,8.239000,8.042000
340,41,2,8.043800,8.176000,8.090000,7.933000,8.028000,7.992000
340,42,2,8.161800,8.282000,8.133000,8.088000,8.252000,8.054000
340,43,2,8.136600,8.252000,8.096000,8.212000,8.107000,8.016000
340,44,2,8.178600,8.280000,8.183000,8.118000,8.239000,8.073000
340,45,2,8.196800,8.237000,8.185000,8.179000,8.244000,8.139000
340,46,2,8.186000,8.265000,8.218000,8.223000,8.207000,8.017000
340,47,2,8.198600,8.269000,8.178000,8.205000,8.297000,8.044000
340,48,2,8.192400,8.348000,8.239000,8.150000,8.175000,8.050000
340,49,2,8.072800,8.074000,8.090000,8.101000,8.083000,8.016000
340,50,2,8.213000,8.242000,8.159000,8.212000,8.303000,8.149000
340,51,2,8.164200,8.266000,8.221000,8.093000,8.232000,8.009000
340,52,2,8.035200,8.234000,8.166000,7.866000,7.990000,7.920000
340,53,2,8.075400,8.151000,8.061000,8.150000,7.988000,8.027000
340,54,2,8.188600,8.321000,8.181000,8.107000,8.222000,8.112000
340,55,2,8.008800,8.096000,7.964000,7.987000,7.952000,8.045000
340,56,2,8.157000,8.222000,8.214000,8.096000,8.124000,8.129000
340,57,2,8.225600,8.279000,8.281000,8.201000,8.266000,8.101000
340,58,2,8.125400,8.168000,8.068000,8.220000,8.145000,8.026000
340,59,2,8.180400,8.225000,8.225000,8.159000,8.170000,8.123000
340,60,3,5.027600,5.092000,4.947000,5.007000,5.058000,5.034000
340,61,3,5.239000,5.272000,5.232000,5.292000,5.092000,5.307000
340,62,3,5.132000,5.103000,5.133000,5.258000,5.196000,4.970000
340,63,3,5.114400,5.180000,5.058000,5.059000,5.241000,5.034000
340,64,3,5.219600,5.311000,5.138000,5.146000,5.191000,5.312000
340,65,3,5.284600,5.356000,5.397000,5.135000,5.281000,5.254000
340,66,3,5.211800,5.257000,5.082000,5.204000,5.271000,5.245000
340,67,3,5.046600,5.000000,5.030000,5.184000,4.979000,5.040000
340,68,3,5.181200,5.255000,5.244000,5.123000,5.140000,5.144000
340,69,3,5.154200,5.080000,5.112000,5.290000,5.082000,5.207000
340,70,3,5.184600,5.309000,5.195000,5.198000,5.189000,5.032000
340,71,3,5.119600,5.220000,5.112000,5.080000,5.147000,5.039000
340,72,3,5.191600,5.196000,5.166000,5.331000,5.183000,5.082000
340,73,3,5.152800,5.095000,5.100000,5.209000,5.186000,5.174000
340,74,3,5.243000,5.318000,5.276000,5.200000,5.305000,5.116000
340,75,3,5.070800,5.141000,5.035000,5.130000,5.069000,4.979000
340,76,3,5.052000,5.168000,4.979000,5.102000,5.077000,4.934000
340,77,3,5.098800,5.151000,5.155000,5.153000,5.078000,4.957000
340,78,3,5.220000,5.257000,5.323000,5.155000,5.215000,5.150000
340,79,3,5.244400,5.381000,5.272000,5.216000,5.251000,5.102000
340,80,4,5.230600,5.234000,5.225000,5.202000,5.246000,5.246000
340,81,4,5.136000,5.148000,4.993000,5.137000,5.164000,5.238000
340,82,4,5.031800,5.215000,4.934000,5.031000,4.977000,5.002000
340,83,4,5.020000,5.157000,4.910000,5.058000,5.015000,4.960000
340,84,4,5.239800,5.161000,5.220000,5.349000,5.207000,5.262000
340,85,4,5.161800,5.278000,5.114000,5.131000,5.250000,5.036000
340,86,4,5.145200,5.223000,4.991000,5.249000,5.174000,5.089000
340,87,4,5.104000,5.067000,5.099000,5.221000,5.176000,4.957000
340,88,4,5.346200,5.470000,5.249000,5.307000,5.499000,5.206000
340,89,4,5.292000,5.294000,5.333000,5.356000,5.363000,5.114000
340,90,4,5.131400,5.182000,5.052000,5.115000,5.221000,5.087000
340,91,4,5.314200,5.258000,5.223000,5.411000,5.279000,5.400000
340,92,4,5.149600,5.209000,5.164000,5.145000,5.152000,5.078000
340,93,4,5.274400,5.321000,5.164000,5.326000,5.364000,5.197000
340,94,4,5.275800,5.315000,5.186000,5.288000,5.448000,5.142000
340,95,4,5.196200,5.333000,5.050000,5.190000,5.230000,5.178000
340,96,4,5.391800,5.471000,5.338000,5.321000,5.487000,5.342000
340,97,4,5.326400,5.345000,5.263000,5.358000,5.419000,5.247000
340,98,4,5.348400,5.322000,5.337000,5.461000,5.371000,5.251000
340,99,4,5.188000,5.221000,5.240000,5.185000,5.192000,5.102000
341,0,2,8.179400,8.270000,8.063000,8.128000,8.317000,8.119000
341,1,2,8.217400,8.290000,8.148000,8.155000,8.272000,8.222000
341,2,2,8.167600,8.213000,8.122000,8.130000,8.190000,8.183000
341,3,2,8.193600,8.231000,8.153000,8.129000,8.277000,8.178000
341,4,2,8.188800,8.269000,8.143000,8.140000,8.324000,8.068000
341,5,2,8.193800,8.196000,8.162000,8.164000,8.300000,8.147000
341,6,2,8.133400,8.154000,8.026000,8.156000,8.202000,8.129000
341,7,2,8.160000,8.235000,8.108000,8.079000,8.210000,8.168000
341,8,2,8.083000,8.140000,8.134000,8.003000,8.058000,8.080000
341,9,2,8.226400,8.186000,8.211000,8.200000,8.322000,8.213000
341,10,2,8.215200,8.302000,8.183000,8.064000,8.344000,8.183000
341,11,2,8.144800,8.113000,8.155000,8.139000,8.221000,8.096000
341,12,2,8.209000,8.280000,8.133000,8.205000,8.225000,8.202000
341,13,2,8.141400,8.164000,8.100000,8.090000,8.264000,8.089000
341,14,2,8.161400,8.224000,8.146000,8.153000,8.173000,8.111000
341,15,2,8.187200,8.163000,8.201000,8.113000,8.267000,8.192000
341,16,2,8.212200,8.209000,8.210000,8.172000,8.290000,8.180000
341,17,2,8.217800,8.253000,8.119000,8.200000,8.360000,8.157000
341,18,2,8.175800,8.247000,8.079000,8.142000,8.206000,8.205000
341,19,2,8.084400,8.133000,7.978000,8.042000,8.190000,8.079000
342,0,2,8.213400,8.230000,8.332000,8.126000,8.217000,8.162000
342,1,2,8.160200,8.081000,8.320000,8.045000,8.117000,8.238000
342,2,2,8.160400,8.186000,8.206000,8.042000,8.151000,8.217000
342,3,2,8.232000,8.243000,8.279000,8.165000,8.256000,8.217000
342,4,2,8.193600,8.191000,8.286000,8.101000,8.241000,8.149000
342,5,2,8.168200,8.168000,8.252000,8.070000,8.177000,8.174000
342,6,2,8.226800,8.237000,8.253000,8.171000,8.200000,8.273000
342,7,2,7.920800,7.835000,7.972000,7.820000,8.022000,7.955000
342,8,2,8.169600,8.189000,8.242000,8.075000,8.142000,8.200000
342,9,2,8.215000,8.220000,8.283000,8.101000,8.225000,8.246000
342,10,2,8.232600,8.204000,8.371000,8.127000,8.254000,8.207000
342,11,2,8.190400,8.097000,8.257000,8.117000,8.305000,8.176000
342,12,2,8.280000,8.283000,8.373000,8.183000,8.368000,8.193000
342,13,2,8.146800,8.194000,8.132000,8.082000,8.208000,8.118000
342,14,2,8.233400,8.193000,8.376000,8.129000,8.262000,8.207000
342,15,2,8.211200,8.166000,8.297000,8.102000,8.336000,8.155000
342,16,2,8.212800,8.192000,8.222000,8.216000,8.232000,8.202000
342,17,2,8.176400,8.172000,8.295000,8.036000,8.152000,8.227000
342,18,2,8.133800,8.034000,8.124000,8.086000,8.214000,8.211000
342,19,2,8.094200,8.026000,8.159000,8.067000,8.074000,8.145000
343,0,2,8.128600,8.046000,8.128000,8.053000,8.095000,8.321000
343,1,2,8.142400,8.079000,8.214000,8.056000,8.045000,8.318000
343,2,2,8.182800,8.119000,8.190000,8.171000,8.150000,8.284000
343,3,2,8.158800,8.072000,8.132000,8.181000,8.075000,8.334000
343,4,2,8.166400,8.066000,8.212000,8.143000,8.128000,8.283000
343,5,2,8.190200,8.111000,8.174000,8.142000,8.219000,8.305000
343,6,2,8.169600,8.108000,8.120000,8.176000,8.172000,8.272000
343,7,2,8.212600,8.147000,8.176000,8.151000,8.170000,8.419000
343,8,2,8.201800,8.097000,8.226000,8.172000,8.213000,8.301000
343,9,2,8.150600,8.120000,8.196000,8.031000,8.121000,8.285000
343,10,2,8.191800,8.093000,8.148000,8.242000,8.126000,8.350000
343,11,2,8.224600,8.148000,8.204000,8.212000,8.216000,8.343000
343,12,2,8.191200,8.115000,8.245000,8.234000,8.119000,8.243000
343,13,2,8.168200,8.135000,8.138000,8.099000,8.163000,8.306000
343,14,2,8.189600,8.160000,8.198000,8.186000,8.115000,8.289000
343,15,2,8.153000,8.054000,8.054000,8.134000,8.146000,8.377000
343,16,2,8.193800,8.158000,8.185000,8.095000,8.195000,8.336000
343,17,2,8.186000,8.139000,8.148000,8.111000,8.175000,8.357000
343,18,2,8.158400,8.073000,8.085000,8.169000,8.158000,8.307000
343,19,2,8.182400,8.138000,8.156000,8.064000,8.181000,8.373000
344,0,2,8.248400,8.303000,8.200000,8.306000,8.181000,8.252000
344,1,2,8.237000,8.235000,8.237000,8.181000,8.249000,8.283000
344,2,2,8.256800,8.318000,8.209000,8.260000,8.206000,8.291000
344,3,2,8.183800,8.255000,8.200000,8.143000,8.109000,8.212000
344,4,2,8.217600,8.218000,8.192000,8.219000,8.125000,8.334000
344,5,2,8.269000,8.288000,8.201000,8.305000,8.241000,8.310000
344,6,2,8.241400,8.249000,8.218000,8.295000,8.134000,8.311000
344,7,2,8.211800,8.289000,8.167000,8.272000,8.085000,8.246000
344,8,2,8.255600,8.329000,8.191000,8.250000,8.159000,8.349000
344,9,2,8.241000,8.260000,8.200000,8.276000,8.190000,8.279000
344,10,2,8.232200,8.284000,8.189000,8.229000,8.138000,8.321000
344,11,2,8.250600,8.266000,8.205000,8.271000,8.241000,8.270000
344,12,2,8.246800,8.202000,8.262000,8.232000,8.169000,8.369000
344,13,2,8.235200,8.253000,8.215000,8.256000,8.146000,8.306000
344,14,2,8.186600,8.274000,8.169000,8.118000,8.161000,8.211000
344,15,2,8.228400,8.302000,8.152000,8.224000,8.165000,8.299000
344,16,2,8.181600,8.135000,8.162000,8.234000,8.141000,8.236000
344,17,2,8.231200,8.221000,8.242000,8.252000,8.215000,8.226000
344,18,2,8.252000,8.266000,8.264000,8.249000,8.193000,8.288000
344,19,2,8.175000,8.222000,8.121000,8.220000,8.109000,8.203000
345,0,2,8.257400,8.303000,8.304000,8.212000,8.177000,8.291000
345,1,2,8.249800,8.310000,8.289000,8.288000,8.182000,8.180000
345,2,2,8.243000,8.303000,8.232000,8.190000,8.205000,8.285000
345,3,2,8.158600,8.225000,8.167000,8.130000,8.097000,8.174000
345,4,2,8.176000,8.201000,8.167000,8.149000,8.208000,8.155000
345,5,2,8.236600,8.301000,8.225000,8.215000,8.207000,8.235000
345,6,2,8.262400,8.356000,8.209000,8.221000,8.243000,8.283000
345,7,2,8.238400,8.285000,8.252000,8.203000,8.192000,8.260000
345,8,2,8.229800,8.313000,8.287000,8.224000,8.115000,8.210000
345,9,2,8.240000,8.231000,8.271000,8.175000,8.179000,8.344000
345,10,2,8.257600,8.323000,8.236000,8.236000,8.169000,8.324000
345,11,2,8.230200,8.340000,8.175000,8.275000,8.163000,8.198000
345,12,2,8.209000,8.305000,8.157000,8.180000,8.159000,8.244000
345,13,2,8.229200,8.286000,8.235000,8.113000,8.149000,8.363000
345,14,2,8.249400,8.266000,8.213000,8.252000,8.185000,8.331000
345,15,2,8.263400,8.255000,8.288000,8.253000,8.224000,8.297000
345,16,2,8.205000,8.247000,8.174000,8.233000,8.126000,8.245000
345,17,2,8.271400,8.295000,8.218000,8.243000,8.241000,8.360000
345,18,2,8.187200,8.227000,8.156000,8.154000,8.172000,8.227000
345,19,2,8.255000,8.309000,8.304000,8.147000,8.214000,8.301000
346,0,2,8.164600,8.206000,8.168000,8.075000,8.127000,8.247000
346,1,2,8.135800,8.196000,8.057000,8.075000,8.091000,8.260000
346,2,2,8.170000,8.175000,8.109000,8.161000,8.167000,8.238000
346,3,2,8.217200,8.234000,8.151000,8.115000,8.215000,8.371000
346,4,2,7.834400,7.933000,7.765000,7.725000,7.744000,8.005000
346,5,2,8.208000,8.007000,8.221000,8.192000,8.325000,8.295000
346,6,2,8.186200,8.106000,8.163000,8.157000,8.163000,8.342000
346,7,2,8.159200,8.107000,8.088000,8.089000,8.246000,8.266000
346,8,2,8.237200,8.299000,8.232000,8.184000,8.102000,8.369000
346,9,2,8.199200,8.156000,8.205000,8.105000,8.198000,8.332000
346,10,2,8.216800,8.196000,8.124000,8.180000,8.265000,8.319000
346,11,2,8.185800,8.136000,8.186000,8.163000,8.186000,8.258000
346,12,2,8.236000,8.201000,8.171000,8.220000,8.270000,8.318000
346,13,2,8.233200,8.199000,8.236000,8.116000,8.258000,8.357000
346,14,2,8.207200,8.054000,8.211000,8.119000,8.353000,8.299000
346,15,2,8.210600,8.143000,8.204000,8.142000,8.242000,8.322000
346,16,2,8.169600,8.134000,8.165000,8.106000,8.162000,8.281000
346,17,2,8.187600,8.276000,8.160000,8.079000,8.167000,8.256000
346,18,2,8.159400,8.195000,8.118000,8.099000,8.070000,8.315000
346,19,2,8.167200,8.164000,8.134000,8.139000,8.090000,8.309000
347,0,2,8.118000,8.077000,8.116000,8.226000,8.105000,8.066000
347,1,2,8.229600,8.180000,8.144000,8.184000,8.316000,8.324000
347,2,2,8.200800,8.134000,8.146000,8.253000,8.227000,8.244000
347,3,2,8.180200,8.174000,8.113000,8.255000,8.153000,8.206000
347,4,2,7.933000,7.968000,7.887000,7.854000,7.954000,8.002000
347,5,2,8.126400,8.159000,8.085000,8.139000,8.093000,8.156000
347,6,2,8.162200,8.095000,8.147000,8.175000,8.205000,8.189000
347,7,2,8.148600,8.066000,8.117000,8.232000,8.139000,8.189000
347,8,2,8.102800,8.090000,8.109000,8.039000,8.126000,8.150000
347,9,2,8.170800,8.133000,8.147000,8.189000,8.122000,8.263000
347,10,2,8.235200,8.281000,8.066000,8.245000,8.296000,8.288000
347,11,2,8.158600,8.059000,8.135000,8.210000,8.176000,8.213000
347,12,2,8.160400,8.087000,8.010000,8.234000,8.221000,8.250000
347,13,2,8.226000,8.156000,8.234000,8.188000,8.313000,8.239000
347,14,2,8.216200,8.173000,8.166000,8.210000,8.335000,8.197000
347,15,2,8.208600,8.174000,8.169000,8.200000,8.246000,8.254000
347,16,2,8.136400,8.096000,8.056000,8.204000,8.173000,8.153000
347,17,2,8.042400,8.037000,7.984000,8.063000,8.069000,8.059000
347,18,2,8.192000,8.149000,8.166000,8.205000,8.222000,8.218000
347,19,2,8.145800,8.099000,8.093000,8.166000,8.152000,8.219000
348,0,2,8.073600,8.125000,7.888000,8.087000,8.063000,8.205000
348,1,2,8.143200,8.198000,8.018000,8.210000,8.137000,8.153000
348,2,2,8.165400,8.284000,8.087000,8.138000,8.132000,8.186000
348,3,2,8.059200,8.095000,7.901000,8.076000,8.082000,8.142000
348,4,2,8.106200,8.195000,8.000000,8.108000,8.154000,8.074000
348,5,2,8.136600,8.193000,7.960000,8.165000,8.197000,8.168000
348,6,2,8.146800,8.200000,8.004000,8.221000,8.119000,8.190000
348,7,2,8.149400,8.204000,8.052000,8.133000,8.128000,8.230000
348,8,2,8.118600,8.167000,7.947000,8.115000,8.080000,8.284000
348,9,2,8.153800,8.199000,8.036000,8.166000,8.218000,8.150000
348,10,2,8.156600,8.233000,8.090000,8.171000,8.125000,8.164000
348,11,2,8.169200,8.215000,8.023000,8.138000,8.224000,8.246000
348,12,2,8.166400,8.229000,8.000000,8.191000,8.205000,8.207000
348,13,2,8.162000,8.210000,8.049000,8.198000,8.125000,8.228000
348,14,2,8.140800,8.196000,7.994000,8.154000,8.141000,8.219000
348,15,2,8.084000,8.155000,7.996000,8.138000,8.036000,8.095000
348,16,2,8.163800,8.194000,8.060000,8.232000,8.132000,8.201000
348,17,2,8.008000,8.109000,7.776000,8.042000,8.008000,8.105000
348,18,2,8.134600,8.234000,8.007000,8.112000,8.104000,8.216000
348,19,2,8.156600,8.234000,8.049000,8.160000,8.168000,8.172000
349,0,2,8.142200,8.229000,8.113000,8.159000,8.088000,8.122000
349,1,2,8.002600,8.202000,7.872000,8.019000,7.959000,7.961000
349,2,2,8.154200,8.185000,8.147000,8.126000,8.109000,8.204000
349,3,2,8.069200,8.224000,7.981000,8.111000,7.993000,8.037000
349,4,2,8.182000,8.233000,8.082000,8.204000,8.181000,8.210000
349,5,2,8.017400,8.146000,8.028000,7.966000,7.915000,8.032000
349,6,2,8.020600,8.171000,7.990000,7.928000,7.951000,8.063000
349,7,2,8.003600,8.192000,7.912000,7.870000,8.094000,7.950000
349,8,2,8.121400,8.202000,8.126000,8.059000,8.083000,8.137000
349,9,2,8.113800,8.265000,8.031000,8.072000,8.122000,8.079000
349,10,2,8.153600,8.297000,8.098000,8.192000,8.114000,8.067000
349,11,2,8.147800,8.166000,8.075000,8.192000,8.137000,8.169000
349,12,2,7.966000,8.127000,7.815000,8.000000,7.927000,7.961000
349,13,2,8.178000,8.223000,8.168000,8.143000,8.178000,8.178000
349,14,2,8.175000,8.262000,8.033000,8.250000,8.150000,8.180000
349,15,2,8.163800,8.307000,8.093000,8.175000,8.075000,8.169000
349,16,2,8.171600,8.235000,8.159000,8.173000,8.129000,8.162000
349,17,2,8.081800,8.228000,8.028000,7.944000,8.137000,8.072000
349,18,2,8.069400,8.249000,7.940000,8.035000,8.132000,7.991000
349,19,2,8.106200,8.151000,8.100000,8.075000,8.060000,8.145000
350,0,0,5.156000,5.207000,5.231000,5.227000,5.002000,5.113000
350,1,0,5.150400,5.126000,5.180000,5.169000,5.089000,5.188000
350,2,0,5.103200,5.166000,4.941000,5.120000,5.125000,5.164000
350,3,0,5.231600,5.281000,5.115000,5.180000,5.198000,5.384000
350,4,0,5.137400,5.345000,4.876000,5.053000,5.222000,5.191000
350,5,0,5.204600,5.270000,5.126000,5.255000,5.150000,5.222000
350,6,0,5.206800,5.380000,5.092000,5.120000,5.126000,5.316000
350,7,0,5.152200,5.258000,5.116000,5.081000,5.278000,5.028000
350,8,0,5.194400,5.303000,5.158000,5.278000,5.126000,5.107000
350,9,0,5.164600,5.215000,5.245000,5.144000,5.120000,5.099000
350,10,0,5.214400,5.283000,5.163000,5.268000,5.172000,5.186000
350,11,0,5.202800,5.394000,5.030000,5.084000,5.229000,5.277000
350,12,0,5.110400,5.155000,5.138000,5.078000,5.180000,5.001000
350,13,0,5.121400,5.324000,4.964000,4.970000,5.236000,5.113000
350,14,0,5.259800,5.279000,5.246000,5.242000,5.203000,5.329000
350,15,0,5.196000,5.326000,5.145000,5.089000,5.186000,5.234000
350,16,0,5.159400,5.367000,4.966000,5.138000,5.168000,5.158000
350,17,0,5.219800,5.233000,5.088000,5.288000,5.287000,5.203000
350,18,0,5.220200,5.270000,5.215000,5.105000,5.207000,5.304000
350,19,0,5.233400,5.166000,5.229000,5.245000,5.302000,5.225000
350,20,1,4.753000,4.789000,4.733000,4.681000,4.735000,4.827000
350,21,1,4.791600,4.855000,4.678000,4.657000,4.730000,5.038000
350,22,1,4.936600,4.946000,4.861000,4.956000,4.833000,5.087000
350,23,1,4.898000,4.984000,4.893000,4.794000,4.734000,5.085000
350,24,1,4.824200,4.814000,4.794000,4.875000,4.782000,4.856000
350,25,1,4.842800,4.849000,4.789000,4.817000,4.849000,4.910000
350,26,1,4.772200,4.826000,4.789000,4.623000,4.693000,4.930000
350,27,1,4.945200,4.977000,4.857000,4.895000,4.889000,5.108000
350,28,1,4.866400,4.954000,4.821000,4.796000,4.756000,5.005000
350,29,1,4.953200,5.035000,4.880000,4.836000,4.889000,5.126000
350,30,1,4.911600,5.101000,4.734000,4.817000,4.855000,5.051000
350,31,1,4.895400,4.938000,4.936000,4.787000,4.776000,5.040000
350,32,1,4.923200,4.968000,4.836000,4.902000,4.817000,5.093000
350,33,1,4.811400,4.910000,4.785000,4.850000,4.624000,4.888000
350,34,1,4.819400,4.896000,4.798000,4.722000,4.721000,4.960000
350,35,1,4.887000,4.983000,4.874000,4.813000,4.825000,4.940000
350,36,1,4.812000,4.876000,4.786000,4.732000,4.701000,4.965000
350,37,1,4.843000,4.884000,4.867000,4.691000,4.728000,5.045000
350,38,1,4.833000,5.051000,4.685000,4.741000,4.623000,5.065000
350,39,1,4.915000,5.091000,4.791000,4.730000,4.815000,5.148000
350,40,2,8.192200,8.296000,8.258000,8.075000,8.141000,8.191000
350,41,2,8.145400,8.167000,8.083000,8.163000,8.016000,8.298000
350,42,2,8.165400,8.171000,8.062000,8.199000,8.112000,8.283000
350,43,2,8.121200,8.201000,8.183000,8.021000,8.121000,8.080000
350,44,2,8.068800,8.103000,8.075000,7.992000,8.123000,8.051000
350,45,2,8.147600,8.249000,8.199000,8.050000,8.082000,8.158000
350,46,2,8.133400,8.195000,8.257000,7.967000,8.029000,8.219000
350,47,2,8.165000,8.172000,8.211000,8.100000,8.126000,8.216000
350,48,2,8.167200,8.214000,8.183000,8.150000,8.124000,8.165000
350,49,2,8.142600,8.202000,8.131000,8.073000,8.178000,8.129000
350,50,2,8.152800,8.268000,8.120000,8.060000,8.099000,8.217000
350,51,2,8.167200,8.210000,8.099000,8.198000,8.144000,8.185000
350,52,2,8.017400,8.012000,8.129000,7.993000,8.031000,7.922000
350,53,2,8.154200,8.234000,8.168000,8.080000,8.092000,8.197000
350,54,2,8.108400,8.212000,8.134000,8.127000,8.065000,8.004000
350,55,2,8.157200,8.205000,8.222000,8.083000,8.130000,8.146000
350,56,2,8.124800,8.129000,8.225000,8.042000,8.150000,8.078000
350,57,2,8.174600,8.186000,8.217000,8.216000,8.115000,8.139000
350,58,2,8.162600,8.202000,8.160000,8.075000,8.117000,8.259000
350,59,2,8.116000,8.096000,8.212000,8.071000,8.126000,8.075000
350,60,3,5.172800,4.994000,5.136000,5.198000,5.205000,5.331000
350,61,3,5.108400,5.086000,4.784000,5.219000,5.185000,5.268000
350,62,3,5.190600,5.222000,4.940000,5.192000,5.249000,5.350000
350,63,3,5.044000,5.128000,4.905000,4.926000,5.036000,5.225000
350,64,3,5.161600,4.931000,5.059000,5.294000,5.219000,5.305000
350,65,3,5.238000,5.257000,5.101000,5.288000,5.223000,5.321000
350,66,3,5.142800,5.242000,5.061000,4.999000,5.088000,5.324000
350,67,3,5.109000,5.349000,4.925000,5.080000,5.010000,5.181000
350,68,3,5.073400,5.102000,5.073000,5.131000,5.003000,5.058000
350,69,3,5.270600,5.337000,5.179000,5.312000,5.170000,5.355000
350,70,3,5.181000,5.240000,5.043000,5.187000,5.081000,5.354000
350,71,3,5.084600,5.146000,5.075000,4.945000,5.069000,5.188000
350,72,3,5.155000,4.901000,5.108000,5.204000,5.290000,5.272000
350,73,3,5.193600,5.062000,5.180000,5.204000,5.145000,5.377000
350,74,3,5.317000,5.381000,5.312000,5.159000,5.350000,5.383000
350,75,3,5.148600,5.193000,4.977000,5.309000,5.151000,5.113000
350,76,3,5.189400,5.220000,5.160000,5.180000,5.066000,5.321000
350,77,3,5.099200,4.956000,5.016000,5.183000,5.071000,5.270000
350,78,3,4.976000,4.776000,4.810000,5.231000,4.889000,5.174000
350,79,3,5.047800,5.126000,5.037000,4.960000,5.011000,5.105000
350,80,4,5.181800,5.198000,5.355000,5.014000,5.105000,5.237000
350,81,4,5.132600,5.136000,5.096000,5.063000,5.090000,5.278000
350,82,4,5.270400,5.151000,5.379000,5.187000,5.235000,5.400000
350,83,4,5.328200,5.297000,5.399000,5.298000,5.325000,5.322000
350,84,4,5.266400,5.269000,5.340000,5.197000,5.188000,5.338000
350,85,4,5.118200,5.029000,5.188000,5.126000,5.063000,5.185000
350,86,4,5.192000,5.162000,5.215000,5.080000,5.173000,5.330000
350,87,4,5.225600,5.279000,5.264000,5.085000,5.212000,5.288000
350,88,4,5.126400,5.049000,5.152000,5.081000,5.150000,5.200000
350,89,4,5.125800,5.094000,5.155000,5.188000,5.109000,5.083000
350,90,4,5.204200,5.150000,5.270000,5.058000,5.130000,5.413000
350,91,4,5.196200,5.201000,5.204000,5.099000,5.143000,5.334000
350,92,4,5.266400,5.195000,5.277000,5.192000,5.286000,5.382000
350,93,4,5.216400,5.159000,5.423000,5.059000,5.260000,5.181000
350,94,4,5.124400,5.125000,5.305000,5.023000,5.104000,5.065000
350,95,4,5.126000,5.197000,5.289000,4.974000,5.112000,5.058000
350,96,4,5.214800,5.200000,5.308000,5.133000,5.101000,5.332000
350,97,4,5.308200,5.098000,5.433000,5.225000,5.391000,5.394000
350,98,4,5.189600,5.128000,5.327000,5.093000,5.108000,5.292000
350,99,4,5.213600,5.317000,5.176000,5.105000,5.114000,5.356000
351,0,2,8.242000,8.241000,8.215000,8.346000,8.287000,8.121000
351,1,2,8.201000,8.161000,8.196000,8.303000,8.220000,8.125000
351,2,2,8.212400,8.250000,8.209000,8.281000,8.142000,8.180000
351,3,2,8.267200,8.321000,8.268000,8.241000,8.249000,8.257000
351,4,2,8.139200,8.144000,8.087000,8.235000,8.100000,8.130000
351,5,2,8.081400,8.113000,8.113000,8.039000,8.134000,8.008000
351,6,2,8.203800,8.252000,8.209000,8.237000,8.156000,8.165000
351,7,2,8.186200,8.219000,8.198000,8.241000,8.143000,8.130000
351,8,2,8.130200,8.178000,8.148000,8.184000,8.055000,8.086000
351,9,2,8.275200,8.376000,8.177000,8.311000,8.294000,8.218000
351,10,2,8.147400,8.112000,8.107000,8.159000,8.173000,8.186000
351,11,2,8.185600,8.180000,8.203000,8.125000,8.193000,8.227000
351,12,2,8.233000,8.226000,8.218000,8.258000,8.246000,8.217000
351,13,2,8.202800,8.267000,8.123000,8.241000,8.183000,8.200000
351,14,2,8.186600,8.185000,8.175000,8.232000,8.170000,8.171000
351,15,2,8.212600,8.254000,8.136000,8.255000,8.194000,8.224000
351,16,2,8.164800,8.255000,8.086000,8.153000,8.155000,8.175000
351,17,2,8.192200,8.200000,8.198000,8.231000,8.162000,8.170000
351,18,2,8.174000,8.270000,8.079000,8.180000,8.175000,8.166000
351,19,2,8.213400,8.248000,8.209000,8.179000,8.216000,8.215000
352,0,2,8.184600,8.229000,8.204000,8.102000,8.197000,8.191000
352,1,2,8.140400,8.221000,8.130000,8.115000,8.082000,8.154000
352,2,2,8.092400,8.105000,8.153000,8.074000,7.986000,8.144000
352,3,2,8.138200,8.180000,8.158000,8.110000,8.087000,8.156000
352,4,2,8.190800,8.256000,8.198000,8.225000,8.097000,8.178000
352,5,2,8.187400,8.120000,8.171000,8.195000,8.198000,8.253000
352,6,2,8.043600,8.090000,8.084000,8.053000,7.853000,8.138000
352,7,2,8.162000,8.113000,8.257000,8.140000,8.177000,8.123000
352,8,2,8.180200,8.234000,8.126000,8.197000,8.122000,8.222000
352,9,2,8.116400,8.143000,8.090000,8.140000,8.078000,8.131000
352,10,2,8.157600,8.146000,8.305000,8.076000,8.121000,8.140000
352,11,2,8.184200,8.193000,8.203000,8.148000,8.180000,8.197000
352,12,2,8.172400,8.212000,8.246000,8.156000,8.077000,8.171000
352,13,2,8.158400,8.132000,8.128000,8.222000,8.124000,8.186000
352,14,2,8.163000,8.157000,8.231000,8.143000,8.114000,8.170000
352,15,2,8.039400,8.040000,8.076000,8.035000,8.032000,8.014000
352,16,2,8.148400,8.151000,8.255000,8.120000,8.078000,8.138000
352,17,2,8.151200,8.145000,8.243000,8.098000,8.111000,8.159000
352,18,2,8.193000,8.219000,8.270000,8.118000,8.099000,8.259000
352,19,2,8.143400,8.238000,8.101000,8.131000,8.116000,8.131000
353,0,2,8.184000,8.214000,8.186000,8.221000,8.069000,8.230000
353,1,2,8.169600,8.215000,8.226000,8.166000,8.008000,8.233000
353,2,2,8.179400,8.177000,8.141000,8.207000,8.167000,8.205000
353,3,2,8.175800,8.181000,8.115000,8.227000,8.128000,8.228000
353,4,2,8.136400,8.136000,8.221000,8.070000,8.103000,8.152000
353,5,2,8.144000,8.167000,8.211000,8.105000,8.034000,8.203000
353,6,2,8.168200,8.188000,8.088000,8.183000,8.173000,8.209000
353,7,2,8.172600,8.192000,8.145000,8.150000,8.176000,8.200000
353,8,2,8.155000,8.221000,8.103000,8.119000,8.077000,8.255000
353,9,2,8.213600,8.218000,8.148000,8.189000,8.196000,8.317000
353,10,2,8.207200,8.184000,8.199000,8.254000,8.117000,8.282000
353,11,2,8.148600,8.157000,8.245000,8.105000,8.021000,8.215000
353,12,2,8.218000,8.220000,8.185000,8.213000,8.264000,8.208000
353,13,2,8.162800,8.182000,8.198000,8.015000,8.203000,8.216000
353,14,2,8.176000,8.236000,8.113000,8.194000,8.104000,8.233000
353,15,2,8.155400,8.109000,8.193000,8.191000,8.096000,8.188000
353,16,2,8.190800,8.146000,8.220000,8.152000,8.189000,8.247000
353,17,2,8.143200,8.110000,8.152000,8.146000,8.141000,8.167000
353,18,2,8.188000,8.153000,8.201000,8.221000,8.162000,8.203000
353,19,2,8.187800,8.185000,8.219000,8.097000,8.198000,8.240000
354,0,2,8.249400,8.208000,8.222000,8.337000,8.203000,8.277000
354,1,2,8.268200,8.199000,8.342000,8.327000,8.246000,8.227000
354,2,2,8.258200,8.266000,8.303000,8.316000,8.233000,8.173000
354,3,2,8.288000,8.213000,8.293000,8.388000,8.301000,8.245000
354,4,2,8.195200,8.191000,8.265000,8.239000,8.172000,8.109000
354,5,2,8.217000,8.158000,8.275000,8.343000,8.254000,8.055000
354,6,2,8.229600,8.161000,8.307000,8.263000,8.223000,8.194000
354,7,2,8.188000,8.173000,8.212000,8.316000,8.143000,8.096000
354,8,2,8.233400,8.178000,8.298000,8.220000,8.240000,8.231000
354,9,2,8.268200,8.261000,8.273000,8.299000,8.313000,8.195000
354,10,2,8.235200,8.197000,8.232000,8.272000,8.215000,8.260000
354,11,2,8.258200,8.263000,8.335000,8.337000,8.110000,8.246000
354,12,2,8.250400,8.178000,8.340000,8.312000,8.216000,8.206000
354,13,2,8.188600,8.121000,8.287000,8.230000,8.163000,8.142000
354,14,2,8.201200,8.149000,8.347000,8.269000,8.096000,8.145000
354,15,2,8.169400,8.111000,8.202000,8.239000,8.173000,8.122000
354,16,2,8.227800,8.149000,8.241000,8.303000,8.251000,8.195000
354,17,2,8.202800,8.135000,8.205000,8.271000,8.152000,8.251000
354,18,2,8.253400,8.222000,8.302000,8.199000,8.291000,8.253000
354,19,2,8.166400,8.147000,8.231000,8.225000,8.154000,8.075000
355,0,2,8.128200,8.206000,8.043000,8.244000,8.139000,8.009000
355,1,2,8.178800,8.301000,8.054000,8.288000,8.168000,8.083000
355,2,2,8.086000,8.138000,7.924000,8.148000,8.152000,8.068000
355,3,2,8.190600,8.209000,8.083000,8.368000,8.148000,8.145000
355,4,2,8.186200,8.193000,8.119000,8.351000,8.193000,8.075000
355,5,2,8.211600,8.196000,8.161000,8.354000,8.231000,8.116000
355,6,2,8.228000,8.327000,8.141000,8.298000,8.151000,8.223000
355,7,2,8.176000,8.243000,8.111000,8.258000,8.198000,8.070000
355,8,2,8.191200,8.271000,8.072000,8.314000,8.139000,8.160000
355,9,2,8.227600,8.364000,8.146000,8.249000,8.204000,8.175000
355,10,2,8.111600,8.187000,7.966000,8.276000,8.120000,8.009000
355,11,2,8.167200,8.209000,8.123000,8.292000,8.169000,8.043000
355,12,2,8.223600,8.303000,8.101000,8.246000,8.217000,8.251000
355,13,2,8.234000,8.259000,8.202000,8.390000,8.165000,8.154000
355,14,2,8.139000,8.273000,7.984000,8.217000,8.166000,8.055000
355,15,2,8.152600,8.223000,8.080000,8.277000,8.206000,7.977000
355,16,2,8.191000,8.277000,8.084000,8.269000,8.161000,8.164000
355,17,2,8.176200,8.240000,8.132000,8.232000,8.182000,8.095000
355,18,2,8.218600,8.308000,8.127000,8.331000,8.169000,8.158000
355,19,2,8.209000,8.322000,8.122000,8.263000,8.179000,8.159000
356,0,2,8.106600,7.989000,8.300000,8.111000,8.107000,8.026000
356,1,2,8.162200,8.080000,8.175000,8.148000,8.218000,8.190000
356,2,2,8.175200,8.128000,8.201000,8.211000,8.222000,8.114000
356,3,2,8.161000,8.085000,8.228000,8.107000,8.197000,8.188000
356,4,2,8.049600,8.085000,7.963000,8.067000,8.049000,8.084000
356,5,2,8.181600,8.108000,8.196000,8.232000,8.226000,8.146000
356,6,2,8.163600,8.063000,8.289000,8.153000,8.198000,8.115000
356,7,2,8.104400,7.998000,8.171000,8.121000,8.151000,8.081000
356,8,2,8.112400,8.112000,8.200000,8.056000,8.137000,8.057000
356,9,2,8.162000,8.196000,8.146000,8.221000,8.161000,8.086000
356,10,2,8.135600,8.146000,8.177000,8.085000,8.143000,8.127000
356,11,2,8.097200,8.071000,8.093000,8.077000,8.100000,8.145000
356,12,2,8.085200,8.113000,8.146000,8.066000,8.004000,8.097000
356,13,2,8.160000,8.058000,8.184000,8.249000,8.186000,8.123000
356,14,2,8.153000,8.123000,8.192000,8.163000,8.209000,8.078000
356,15,2,8.144600,8.119000,8.155000,8.140000,8.160000,8.149000
356,16,2,8.065200,8.067000,8.109000,8.035000,8.094000,8.021000
356,17,2,7.967400,8.040000,7.880000,7.980000,7.982000,7.955000
356,18,2,8.139000,8.173000,8.095000,8.160000,8.150000,8.117000
356,19,2,8.187400,8.165000,8.233000,8.151000,8.266000,8.122000
357,0,2,8.153400,8.186000,8.067000,8.082000,8.323000,8.109000
357,1,2,8.150000,8.197000,8.110000,8.074000,8.249000,8.120000
357,2,2,8.126600,8.135000,8.090000,8.021000,8.262000,8.125000
357,3,2,8.147600,8.220000,8.099000,8.011000,8.271000,8.137000
357,4,2,8.156600,8.226000,8.162000,8.017000,8.274000,8.104000
357,5,2,8.166800,8.192000,8.146000,8.101000,8.318000,8.077000
357,6,2,8.186400,8.298000,8.233000,7.999000,8.288000,8.114000
357,7,2,8.203400,8.212000,8.137000,8.112000,8.314000,8.242000
357,8,2,8.224000,8.251000,8.225000,8.105000,8.306000,8.233000
357,9,2,8.173000,8.255000,8.125000,8.070000,8.265000,8.150000
357,10,2,8.129200,8.219000,8.100000,8.052000,8.259000,8.016000
357,11,2,8.139400,8.228000,8.076000,8.008000,8.269000,8.116000
357,12,2,8.146200,8.277000,8.111000,8.008000,8.205000,8.130000
357,13,2,8.147800,8.163000,8.111000,8.110000,8.287000,8.068000
357,14,2,8.138200,8.117000,8.154000,7.975000,8.305000,8.140000
357,15,2,8.136200,8.201000,8.059000,7.955000,8.263000,8.203000
357,16,2,8.207400,8.285000,8.154000,8.132000,8.347000,8.119000
357,17,2,8.197800,8.186000,8.228000,8.103000,8.310000,8.162000
357,18,2,8.101800,8.178000,8.072000,8.062000,8.159000,8.038000
357,19,2,8.193400,8.248000,8.155000,8.132000,8.241000,8.191000
358,0,2,8.118800,8.206000,8.052000,8.179000,8.091000,8.066000
358,1,2,8.176400,8.295000,7.960000,8.239000,8.173000,8.215000
358,2,2,8.124800,8.130000,8.049000,8.117000,8.121000,8.207000
358,3,2,8.234400,8.288000,8.082000,8.356000,8.220000,8.226000
358,4,2,8.151000,8.199000,8.012000,8.131000,8.195000,8.218000
358,5,2,8.178200,8.265000,8.040000,8.182000,8.182000,8.222000
358,6,2,8.174600,8.148000,8.101000,8.215000,8.171000,8.238000
358,7,2,8.173000,8.270000,8.048000,8.169000,8.197000,8.181000
358,8,2,8.130600,8.204000,8.093000,8.082000,8.157000,8.117000
358,9,2,8.100200,8.157000,7.991000,8.201000,8.150000,8.002000
358,10,2,8.087000,8.139000,8.000000,8.163000,8.026000,8.107000
358,11,2,8.113400,8.077000,8.138000,8.164000,7.987000,8.201000
358,12,2,8.128600,8.181000,8.026000,8.166000,8.083000,8.187000
358,13,2,8.174200,8.226000,8.054000,8.156000,8.194000,8.241000
358,14,2,8.183400,8.315000,8.103000,8.219000,8.094000,8.186000
358,15,2,8.110800,8.174000,7.961000,8.139000,8.127000,8.153000
358,16,2,7.956000,7.887000,7.988000,7.916000,7.985000,8.004000
358,17,2,8.230800,8.215000,8.100000,8.271000,8.246000,8.322000
358,18,2,8.208200,8.273000,8.139000,8.204000,8.126000,8.299000
358,19,2,8.193600,8.253000,8.070000,8.230000,8.199000,8.216000
359,0,2,8.152600,8.163000,8.201000,8.008000,8.151000,8.240000
359,1,2,8.099400,8.040000,8.177000,7.962000,8.095000,8.223000
359,2,2,8.204000,8.138000,8.223000,8.178000,8.286000,8.195000
359,3,2,8.158400,8.105000,8.196000,8.015000,8.273000,8.203000
359,4,2,8.170000,8.230000,8.227000,7.917000,8.236000,8.240000
359,5,2,8.131600,8.121000,8.220000,7.891000,8.164000,8.262000
359,6,2,8.156400,8.068000,8.132000,8.143000,8.274000,8.165000
359,7,2,8.126000,8.035000,8.237000,7.980000,8.180000,8.198000
359,8,2,8.198800,8.151000,8.290000,8.082000,8.227000,8.244000
359,9,2,8.128400,8.044000,8.155000,7.948000,8.255000,8.240000
359,10,2,8.127600,8.008000,8.205000,8.041000,8.263000,8.121000
359,11,2,8.187400,8.138000,8.254000,8.099000,8.164000,8.282000
359,12,2,8.161000,8.140000,8.222000,8.046000,8.216000,8.181000
359,13,2,8.175800,8.114000,8.205000,8.065000,8.308000,8.187000
359,14,2,8.123400,8.065000,8.232000,7.938000,8.125000,8.257000
359,15,2,8.081200,8.012000,8.185000,7.979000,8.118000,8.112000
359,16,2,8.150600,8.122000,8.166000,8.077000,8.218000,8.170000
359,17,2,8.143400,8.082000,8.195000,8.093000,8.179000,8.168000
359,18,2,8.176800,8.062000,8.204000,8.183000,8.272000,8.163000
359,19,2,8.188800,8.270000,8.226000,8.057000,8.162000,8.229000
360,0,0,5.254800,5.201000,5.276000,5.197000,5.181000,5.419000
360,1,0,5.135800,5.374000,5.298000,5.048000,4.654000,5.305000
360,2,0,5.191200,5.172000,5.388000,5.116000,5.041000,5.239000
360,3,0,5.245000,5.287000,5.353000,5.084000,5.211000,5.290000
360,4,0,5.335400,5.400000,5.461000,5.138000,5.365000,5.313000
360,5,0,5.360600,5.359000,5.340000,5.246000,5.371000,5.487000
360,6,0,5.243000,5.201000,5.265000,5.336000,5.216000,5.197000
360,7,0,5.366200,5.371000,5.429000,5.296000,5.372000,5.363000
360,8,0,5.237600,5.305000,5.383000,4.972000,5.303000,5.225000
360,9,0,5.265800,5.336000,5.327000,5.226000,5.155000,5.285000
360,10,0,5.103600,5.012000,5.206000,5.044000,5.181000,5.075000
360,11,0,5.292000,5.237000,5.383000,5.404000,5.239000,5.197000
360,12,0,5.292600,5.383000,5.419000,5.197000,5.127000,5.337000
360,13,0,5.338600,5.453000,5.515000,5.173000,5.277000,5.275000
360,14,0,5.210200,5.217000,5.233000,5.202000,5.200000,5.199000
360,15,0,5.317000,5.403000,5.427000,5.214000,5.258000,5.283000
360,16,0,5.262200,5.237000,5.295000,5.272000,5.250000,5.257000
360,17,0,5.431000,5.428000,5.530000,5.445000,5.338000,5.414000
360,18,0,5.296400,5.235000,5.439000,5.207000,5.380000,5.221000
360,19,0,5.252200,5.151000,5.241000,5.402000,5.403000,5.064000
360,20,1,5.344400,5.336000,5.288000,5.379000,5.467000,5.252000
360,21,1,5.040600,4.927000,5.246000,4.995000,5.134000,4.901000
360,22,1,5.199800,5.137000,5.367000,5.137000,5.291000,5.067000
360,23,1,4.943400,4.901000,5.010000,5.006000,4.922000,4.878000
360,24,1,5.254600,5.160000,5.411000,5.216000,5.240000,5.246000
360,25,1,5.271600,5.197000,5.157000,5.378000,5.429000,5.197000
360,26,1,5.192600,5.115000,5.354000,5.194000,5.244000,5.056000
360,27,1,5.038600,4.948000,5.236000,5.011000,5.065000,4.933000
360,28,1,5.063800,4.934000,5.114000,5.140000,5.108000,5.023000
360,29,1,5.137400,5.074000,5.163000,5.194000,5.227000,5.029000
360,30,1,5.142000,5.107000,5.134000,5.215000,5.188000,5.066000
360,31,1,5.043600,5.031000,5.123000,4.985000,5.187000,4.892000
360,32,1,5.049400,5.027000,5.149000,5.128000,5.038000,4.905000
360,33,1,5.001600,4.871000,5.136000,4.957000,5.098000,4.946000
360,34,1,5.262800,5.108000,5.344000,5.340000,5.381000,5.141000
360,35,1,5.182800,5.136000,5.266000,5.250000,5.156000,5.106000
360,36,1,5.113800,5.087000,5.187000,5.154000,5.181000,4.960000
360,37,1,5.087400,4.890000,5.182000,5.224000,5.183000,4.958000
360,38,1,5.212600,5.171000,5.248000,5.339000,5.187000,5.118000
360,39,1,5.234600,5.232000,5.338000,5.104000,5.297000,5.202000
360,40,2,8.202400,8.125000,8.250000,8.192000,8.202000,8.243000
360,41,2,8.168200,8.165000,8.054000,8.192000,8.207000,8.223000
360,42,2,8.219800,8.191000,8.128000,8.290000,8.250000,8.240000
360,43,2,8.185000,8.147000,8.148000,8.211000,8.203000,8.216000
360,44,2,8.206000,8.181000,8.309000,8.234000,8.109000,8.197000
360,45,2,8.076800,8.045000,8.120000,7.943000,8.164000,8.112000
360,46,2,8.238800,8.124000,8.318000,8.213000,8.277000,8.262000
360,47,2,8.204200,8.267000,8.212000,8.163000,8.147000,8.232000
360,48,2,8.155200,8.124000,8.192000,8.204000,8.108000,8.148000
360,49,2,8.154600,8.086000,8.146000,8.220000,8.145000,8.176000
360,50,2,8.209000,8.203000,8.313000,8.176000,8.198000,8.155000
360,51,2,8.134600,8.047000,8.058000,8.261000,8.114000,8.193000
360,52,2,8.162400,8.148000,8.205000,8.134000,8.116000,8.209000
360,53,2,8.115800,8.043000,8.150000,8.155000,8.074000,8.157000
360,54,2,8.135800,8.005000,8.114000,8.199000,8.173000,8.188000
360,55,2,8.160200,8.141000,8.088000,8.175000,8.197000,8.200000
360,56,2,8.187200,8.148000,8.183000,8.177000,8.261000,8.167000
360,57,2,8.009000,7.932000,8.012000,8.076000,7.974000,8.051000
360,58,2,8.152800,8.091000,8.112000,8.223000,8.158000,8.180000
360,59,2,8.181400,8.038000,8.183000,8.210000,8.287000,8.189000
360,60,3,5.344000,5.353000,5.463000,5.407000,5.462000,5.035000
360,61,3,5.335600,5.286000,5.158000,5.482000,5.496000,5.256000
360,62,3,5.296200,5.356000,5.188000,5.443000,5.304000,5.190000
360,63,3,5.206200,5.266000,5.040000,5.366000,5.304000,5.055000
360,64,3,5.276600,5.270000,5.114000,5.426000,5.456000,5.117000
360,65,3,5.299000,5.379000,5.127000,5.450000,5.437000,5.102000
360,66,3,5.245600,5.240000,5.213000,5.322000,5.335000,5.118000
360,67,3,5.430200,5.437000,5.284000,5.638000,5.515000,5.277000
360,68,3,5.203200,5.105000,5.077000,5.348000,5.333000,5.153000
360,69,3,5.338200,5.369000,5.315000,5.367000,5.443000,5.197000
360,70,3,5.367800,5.407000,5.312000,5.498000,5.470000,5.152000
360,71,3,5.216800,5.233000,4.768000,5.507000,5.399000,5.177000
360,72,3,5.291800,5.357000,5.031000,5.459000,5.454000,5.158000
360,73,3,5.360000,5.362000,5.290000,5.402000,5.457000,5.289000
360,74,3,5.212600,5.202000,5.021000,5.335000,5.319000,5.186000
360,75,3,5.216400,5.292000,4.954000,5.374000,5.319000,5.143000
360,76,3,5.270400,5.270000,5.173000,5.389000,5.395000,5.125000
360,77,3,5.325800,5.320000,5.344000,5.422000,5.383000,5.160000
360,78,3,5.239800,5.270000,5.163000,5.394000,5.310000,5.062000
360,79,3,5.292600,5.263000,5.296000,5.384000,5.409000,5.111000
360,80,4,5.367800,5.259000,5.473000,5.459000,5.444000,5.204000
360,81,4,5.318000,5.256000,5.498000,5.392000,5.286000,5.158000
360,82,4,5.118600,5.077000,5.232000,5.278000,5.164000,4.842000
360,83,4,5.207200,5.083000,5.311000,5.208000,5.304000,5.130000
360,84,4,5.187000,5.162000,5.307000,5.237000,5.259000,4.970000
360,85,4,5.336200,5.269000,5.487000,5.355000,5.324000,5.246000
360,86,4,5.474400,5.545000,5.727000,5.535000,5.346000,5.219000
360,87,4,5.354000,5.287000,5.525000,5.439000,5.294000,5.225000
360,88,4,5.040800,5.001000,5.134000,5.148000,5.067000,4.854000
360,89,4,5.544800,5.490000,5.762000,5.607000,5.579000,5.286000
360,90,4,5.476400,5.462000,5.757000,5.505000,5.367000,5.291000
360,91,4,5.468000,5.429000,5.590000,5.606000,5.370000,5.345000
360,92,4,5.295600,5.310000,5.356000,5.338000,5.322000,5.152000
360,93,4,5.155000,5.100000,5.383000,5.351000,5.011000,4.930000
360,94,4,5.442200,5.383000,5.651000,5.459000,5.464000,5.254000
360,95,4,5.450000,5.258000,5.676000,5.521000,5.380000,5.415000
360,96,4,5.317400,5.263000,5.500000,5.447000,5.330000,5.047000
360,97,4,5.360000,5.336000,5.460000,5.363000,5.273000,5.368000
360,98,4,5.176400,5.005000,5.420000,5.221000,5.243000,4.993000
360,99,4,5.282200,5.200000,5.341000,5.447000,5.225000,5.198000
361,0,2,8.145800,8.229000,8.155000,8.097000,8.113000,8.135000
361,1,2,8.209600,8.283000,8.224000,8.174000,8.217000,8.150000
361,2,2,8.240000,8.282000,8.231000,8.206000,8.267000,8.214000
361,3,2,8.057800,7.995000,8.069000,8.036000,8.074000,8.115000
361,4,2,8.010400,7.975000,8.026000,8.035000,8.048000,7.968000
361,5,2,8.157600,8.172000,8.246000,8.174000,8.077000,8.119000
361,6,2,8.171200,8.176000,8.135000,8.147000,8.214000,8.184000
361,7,2,8.142800,8.157000,8.107000,8.153000,8.170000,8.127000
361,8,2,8.079800,8.134000,8.131000,8.033000,8.043000,8.058000
361,9,2,8.134200,8.212000,8.125000,8.086000,8.131000,8.117000
361,10,2,8.167200,8.198000,8.168000,8.097000,8.145000,8.228000
361,11,2,8.174200,8.262000,8.181000,8.163000,8.098000,8.167000
361,12,2,8.104800,8.164000,8.125000,8.080000,8.022000,8.133000
361,13,2,8.232400,8.311000,8.227000,8.222000,8.145000,8.257000
361,14,2,8.244600,8.265000,8.322000,8.170000,8.229000,8.237000
361,15,2,8.229000,8.295000,8.232000,8.189000,8.196000,8.233000
361,16,2,8.200200,8.287000,8.246000,8.148000,8.179000,8.141000
361,17,2,8.102400,8.171000,8.111000,8.065000,8.149000,8.016000
361,18,2,8.241600,8.321000,8.262000,8.197000,8.213000,8.215000
361,19,2,8.234600,8.207000,8.242000,8.231000,8.199000,8.294000
362,0,2,8.193000,8.199000,8.112000,8.268000,8.215000,8.171000
362,1,2,8.197000,8.184000,8.163000,8.253000,8.203000,8.182000
362,2,2,8.164800,8.145000,8.209000,8.228000,8.108000,8.134000
362,3,2,8.196000,8.155000,8.232000,8.237000,8.216000,8.140000
362,4,2,8.137200,8.087000,8.143000,8.191000,8.185000,8.080000
362,5,2,8.159200,8.139000,8.102000,8.244000,8.165000,8.146000
362,6,2,8.070000,8.095000,8.017000,8.149000,8.038000,8.051000
362,7,2,8.214000,8.237000,8.159000,8.309000,8.155000,8.210000
362,8,2,8.198400,8.246000,8.121000,8.294000,8.205000,8.126000
362,9,2,8.178600,8.242000,8.159000,8.250000,8.173000,8.069000
362,10,2,8.168400,8.156000,8.170000,8.207000,8.135000,8.174000
362,11,2,8.160800,8.071000,8.064000,8.211000,8.275000,8.183000
362,12,2,8.237800,8.304000,8.252000,8.279000,8.133000,8.221000
362,13,2,8.159200,8.092000,8.104000,8.238000,8.160000,8.202000
362,14,2,8.219000,8.219000,8.112000,8.343000,8.200000,8.221000
362,15,2,8.164600,8.165000,8.100000,8.249000,8.177000,8.132000
362,16,2,8.164400,8.187000,8.169000,8.272000,8.101000,8.093000
362,17,2,8.192800,8.204000,8.236000,8.265000,8.159000,8.100000
362,18,2,8.196800,8.215000,8.127000,8.216000,8.171000,8.255000
362,19,2,8.083200,8.107000,7.950000,8.193000,8.083000,8.083000
363,0,2,8.220800,8.271000,8.213000,8.171000,8.220000,8.229000
363,1,2,8.061800,7.978000,8.158000,7.897000,8.097000,8.179000
363,2,2,8.134400,8.145000,8.203000,7.982000,8.173000,8.169000
363,3,2,8.186800,8.082000,8.215000,8.140000,8.277000,8.220000
363,4,2,8.234200,8.205000,8.257000,8.141000,8.326000,8.242000
363,5,2,8.201800,8.235000,8.251000,8.161000,8.156000,8.206000
363,6,2,8.180200,8.158000,8.200000,8.149000,8.202000,8.192000
363,7,2,8.209400,8.180000,8.257000,8.148000,8.257000,8.205000
363,8,2,8.027200,8.101000,8.051000,7.926000,8.010000,8.048000
363,9,2,8.121600,8.134000,8.134000,8.010000,8.164000,8.166000
363,10,2,8.189200,8.159000,8.240000,8.115000,8.225000,8.207000
363,11,2,8.180200,8.043000,8.277000,8.173000,8.231000,8.177000
363,12,2,8.185200,8.170000,8.280000,8.077000,8.190000,8.209000
363,13,2,8.130600,8.107000,8.129000,8.024000,8.200000,8.193000
363,14,2,8.206800,8.182000,8.231000,8.174000,8.256000,8.191000
363,15,2,8.236400,8.180000,8.265000,8.202000,8.258000,8.277000
363,16,2,8.177000,8.154000,8.265000,8.004000,8.204000,8.258000
363,17,2,8.240200,8.216000,8.256000,8.197000,8.304000,8.228000
363,18,2,8.196200,8.173000,8.293000,8.164000,8.245000,8.106000
363,19,2,8.040600,8.019000,8.096000,7.978000,7.964000,8.146000
364,0,2,8.210400,8.335000,8.144000,8.257000,8.270000,8.046000
364,1,2,8.287400,8.355000,8.275000,8.292000,8.279000,8.236000
364,2,2,8.210200,8.267000,8.224000,8.183000,8.239000,8.138000
364,3,2,8.196200,8.328000,8.051000,8.245000,8.220000,8.137000
364,4,2,8.249600,8.332000,8.248000,8.266000,8.246000,8.156000
364,5,2,8.233200,8.281000,8.265000,8.216000,8.258000,8.146000
364,6,2,8.228600,8.285000,8.169000,8.245000,8.212000,8.232000
364,7,2,8.193400,8.321000,8.118000,8.249000,8.211000,8.068000
364,8,2,8.172600,8.274000,8.151000,8.173000,8.136000,8.129000
364,9,2,8.278400,8.283000,8.333000,8.323000,8.289000,8.164000
364,10,2,8.153200,8.189000,8.183000,8.205000,8.148000,8.041000
364,11,2,8.311600,8.420000,8.296000,8.390000,8.234000,8.218000
364,12,2,8.192400,8.287000,8.171000,8.237000,8.152000,8.115000
364,13,2,8.199800,8.359000,8.226000,8.206000,8.148000,8.060000
364,14,2,8.224800,8.238000,8.185000,8.264000,8.295000,8.142000
364,15,2,7.979800,8.113000,7.933000,8.018000,7.974000,7.861000
364,16,2,8.121800,8.149000,8.098000,8.228000,8.112000,8.022000
364,17,2,8.168000,8.215000,8.193000,8.204000,8.108000,8.120000
364,18,2,8.219400,8.359000,8.157000,8.242000,8.224000,8.115000
364,19,2,8.043600,8.098000,7.998000,8.082000,8.061000,7.979000
365,0,2,8.169400,8.149000,8.178000,8.246000,8.099000,8.175000
365,1,2,8.191400,8.229000,8.171000,8.209000,8.244000,8.104000
365,2,2,8.228600,8.294000,8.288000,8.249000,8.080000,8.232000
365,3,2,8.178600,8.254000,8.230000,8.195000,8.016000,8.198000
365,4,2,8.170000,8.220000,8.206000,8.158000,8.115000,8.151000
365,5,2,8.165000,8.162000,8.189000,8.181000,8.148000,8.145000
365,6,2,8.175200,8.194000,8.139000,8.257000,8.130000,8.156000
365,7,2,8.197000,8.218000,8.185000,8.237000,8.153000,8.192000
365,8,2,8.203800,8.238000,8.146000,8.277000,8.197000,8.161000
365,9,2,8.205400,8.192000,8.208000,8.227000,8.208000,8.192000
365,10,2,8.231000,8.239000,8.275000,8.263000,8.181000,8.197000
365,11,2,8.247600,8.270000,8.250000,8.253000,8.234000,8.231000
365,12,2,8.207400,8.174000,8.280000,8.259000,8.171000,8.153000
365,13,2,8.189800,8.134000,8.241000,8.271000,8.133000,8.170000
365,14,2,8.224400,8.239000,8.262000,8.295000,8.193000,8.133000
365,15,2,8.156800,8.143000,8.139000,8.224000,8.122000,8.156000
365,16,2,8.160400,8.167000,8.180000,8.214000,8.140000,8.101000
365,17,2,8.251800,8.267000,8.293000,8.250000,8.225000,8.224000
365,18,2,8.201600,8.202000,8.212000,8.279000,8.098000,8.217000
365,19,2,8.186400,8.177000,8.210000,8.235000,8.113000,8.197000
366,0,2,8.206800,8.195000,8.212000,8.208000,8.199000,8.220000
366,1,2,8.194000,8.193000,8.193000,8.201000,8.149000,8.234000
366,2,2,8.198200,8.240000,8.248000,8.128000,8.162000,8.213000
366,3,2,8.217600,8.233000,8.211000,8.186000,8.241000,8.217000
366,4,2,8.212600,8.250000,8.207000,8.229000,8.135000,8.242000
366,5,2,8.141600,8.175000,8.182000,8.100000,8.049000,8.202000
366,6,2,8.219400,8.173000,8.194000,8.256000,8.213000,8.261000
366,7,2,8.222600,8.205000,8.248000,8.233000,8.216000,8.211000
366,8,2,8.148000,8.147000,8.139000,8.189000,8.075000,8.190000
366,9,2,8.196000,8.242000,8.172000,8.146000,8.177000,8.243000
366,10,2,8.236200,8.128000,8.251000,8.227000,8.285000,8.290000
366,11,2,8.194200,8.175000,8.237000,8.109000,8.230000,8.220000
366,12,2,8.225200,8.216000,8.264000,8.178000,8.231000,8.237000
366,13,2,8.174000,8.134000,8.204000,8.148000,8.123000,8.261000
366,14,2,8.167600,8.132000,8.163000,8.126000,8.188000,8.229000
366,15,2,8.236800,8.266000,8.231000,8.179000,8.241000,8.267000
366,16,2,8.174800,8.211000,8.166000,8.180000,8.177000,8.140000
366,17,2,8.201000,8.170000,8.137000,8.251000,8.216000,8.231000
366,18,2,8.220400,8.260000,8.216000,8.211000,8.180000,8.235000
366,19,2,8.232000,8.250000,8.298000,8.173000,8.191000,8.248000
367,0,2,8.068200,8.152000,8.123000,8.069000,7.861000,8.136000
367,1,2,8.259800,8.313000,8.235000,8.321000,8.211000,8.219000
367,2,2,8.245000,8.229000,8.255000,8.233000,8.246000,8.262000
367,3,2,8.232400,8.272000,8.144000,8.270000,8.161000,8.315000
367,4,2,8.235800,8.236000,8.213000,8.318000,8.197000,8.215000
367,5,2,8.260600,8.228000,8.223000,8.376000,8.219000,8.257000
367,6,2,8.185800,8.269000,8.070000,8.223000,8.117000,8.250000
367,7,2,8.012000,8.070000,8.097000,8.074000,7.828000,7.991000
367,8,2,8.265000,8.251000,8.166000,8.413000,8.271000,8.224000
367,9,2,8.213200,8.173000,8.063000,8.267000,8.254000,8.309000
367,10,2,8.217400,8.191000,8.223000,8.311000,8.165000,8.197000
367,11,2,8.242600,8.282000,8.179000,8.366000,8.179000,8.207000
367,12,2,7.829000,7.891000,7.807000,7.906000,7.695000,7.846000
367,13,2,8.178400,8.245000,8.189000,8.213000,8.064000,8.181000
367,14,2,8.213600,8.135000,8.197000,8.287000,8.246000,8.203000
367,15,2,8.232800,8.207000,8.195000,8.229000,8.243000,8.290000
367,16,2,8.263800,8.312000,8.155000,8.323000,8.268000,8.261000
367,17,2,8.276200,8.278000,8.148000,8.340000,8.256000,8.359000
367,18,2,8.225000,8.269000,8.167000,8.239000,8.187000,8.263000
367,19,2,8.208000,8.096000,8.211000,8.254000,8.236000,8.243000
368,0,2,8.184800,8.157000,8.128000,8.198000,8.210000,8.231000
368,1,2,8.185200,8.134000,8.153000,8.153000,8.251000,8.235000
368,2,2,8.214600,8.227000,8.135000,8.204000,8.274000,8.233000
368,3,2,8.237200,8.248000,8.152000,8.203000,8.366000,8.217000
368,4,2,8.198600,8.229000,8.056000,8.178000,8.302000,8.228000
368,5,2,8.239600,8.272000,8.195000,8.092000,8.357000,8.282000
368,6,2,8.022800,7.988000,7.989000,7.974000,8.016000,8.147000
368,7,2,8.189800,8.163000,8.155000,8.230000,8.267000,8.134000
368,8,2,8.213400,8.240000,8.079000,8.212000,8.254000,8.282000
368,9,2,8.249600,8.278000,8.253000,8.253000,8.216000,8.248000
368,10,2,8.282000,8.220000,8.250000,8.250000,8.345000,8.345000
368,11,2,8.253000,8.224000,8.284000,8.213000,8.286000,8.258000
368,12,2,8.274400,8.239000,8.271000,8.210000,8.433000,8.219000
368,13,2,8.244800,8.217000,8.245000,8.202000,8.324000,8.236000
368,14,2,7.964200,8.060000,7.847000,7.864000,8.062000,7.988000
368,15,2,8.258600,8.360000,8.169000,8.194000,8.323000,8.247000
368,16,2,8.232800,8.241000,8.173000,8.183000,8.320000,8.247000
368,17,2,8.228800,8.227000,8.256000,8.076000,8.354000,8.231000
368,18,2,8.258200,8.283000,8.222000,8.233000,8.300000,8.253000
368,19,2,8.276600,8.290000,8.210000,8.258000,8.359000,8.266000
369,0,2,8.265800,8.218000,8.248000,8.237000,8.321000,8.305000
369,1,2,8.245400,8.290000,8.192000,8.150000,8.296000,8.299000
369,2,2,8.093600,8.067000,8.093000,8.091000,8.131000,8.086000
369,3,2,8.203400,8.164000,8.238000,8.109000,8.238000,8.268000
369,4,2,8.167400,8.167000,8.147000,8.116000,8.179000,8.228000
369,5,2,8.196800,8.222000,8.204000,8.056000,8.289000,8.213000
369,6,2,8.241400,8.275000,8.212000,8.138000,8.288000,8.294000
369,7,2,8.175200,8.106000,8.248000,8.089000,8.184000,8.249000
369,8,2,8.016800,8.019000,8.069000,7.914000,8.025000,8.057000
369,9,2,8.232800,8.310000,8.178000,8.160000,8.240000,8.276000
369,10,2,8.129400,8.119000,8.128000,8.006000,8.172000,8.222000
369,11,2,8.169000,8.152000,8.188000,8.000000,8.198000,8.307000
369,12,2,8.113200,8.085000,8.138000,7.999000,8.175000,8.169000
369,13,2,8.181600,8.155000,8.198000,8.110000,8.225000,8.220000
369,14,2,8.139400,8.098000,8.155000,8.054000,8.195000,8.195000
369,15,2,8.020600,7.979000,8.066000,7.816000,8.154000,8.088000
369,16,2,8.139200,8.096000,8.103000,8.054000,8.213000,8.230000
369,17,2,8.228800,8.226000,8.217000,8.168000,8.237000,8.296000
369,18,2,8.229600,8.250000,8.214000,8.079000,8.299000,8.306000
369,19,2,8.180200,8.050000,8.204000,8.153000,8.226000,8.268000
370,0,0,5.426400,5.663000,5.363000,5.521000,5.284000,5.301000
370,1,0,5.353400,5.530000,5.298000,5.325000,5.295000,5.319000
370,2,0,5.278600,5.558000,5.190000,5.282000,5.126000,5.237000
370,3,0,5.356000,5.628000,5.270000,5.254000,5.294000,5.334000
370,4,0,5.299600,5.399000,5.176000,5.346000,5.259000,5.318000
370,5,0,5.245000,5.522000,5.190000,5.173000,5.107000,5.233000
370,6,0,5.231600,5.431000,5.123000,5.251000,5.149000,5.204000
370,7,0,5.304400,5.398000,5.118000,5.401000,5.361000,5.244000
370,8,0,5.303000,5.444000,5.055000,5.328000,5.306000,5.382000
370,9,0,5.145400,5.369000,5.081000,5.199000,4.952000,5.126000
370,10,0,5.310400,5.547000,5.178000,5.320000,5.287000,5.220000
370,11,0,5.387800,5.579000,5.228000,5.633000,4.998000,5.501000
370,12,0,5.388400,5.573000,5.339000,5.370000,5.339000,5.321000
370,13,0,5.239200,5.445000,5.089000,5.303000,5.138000,5.221000
370,14,0,5.233800,5.415000,5.106000,5.380000,5.098000,5.170000
370,15,0,5.368800,5.544000,5.257000,5.414000,5.333000,5.296000
370,16,0,5.218600,5.446000,5.115000,5.310000,5.099000,5.123000
370,17,0,5.299400,5.522000,5.136000,5.416000,5.115000,5.308000
370,18,0,5.369400,5.711000,5.304000,5.462000,5.058000,5.312000
370,19,0,5.215800,5.441000,5.033000,5.215000,5.255000,5.135000
370,20,1,5.159000,5.201000,5.007000,5.296000,5.200000,5.091000
370,21,1,5.349600,5.534000,5.240000,5.441000,5.392000,5.141000
370,22,1,5.158400,5.209000,5.028000,5.296000,5.226000,5.033000
370,23,1,5.283000,5.321000,5.183000,5.332000,5.304000,5.275000
370,24,1,5.005200,5.101000,4.826000,5.152000,5.005000,4.942000
370,25,1,5.054000,5.099000,5.071000,5.107000,5.088000,4.905000
370,26,1,5.137200,5.304000,5.031000,5.090000,5.246000,5.015000
370,27,1,5.053800,5.050000,5.044000,5.070000,5.091000,5.014000
370,28,1,5.171000,5.304000,5.051000,5.132000,5.258000,5.110000
370,29,1,5.184600,5.389000,5.052000,5.139000,5.277000,5.066000
370,30,1,5.011400,5.145000,4.958000,4.960000,5.049000,4.945000
370,31,1,5.071800,5.251000,4.971000,5.063000,5.128000,4.946000
370,32,1,5.000200,5.286000,4.860000,4.887000,5.069000,4.899000
370,33,1,5.230600,5.361000,5.066000,5.298000,5.299000,5.129000
370,34,1,5.338800,5.398000,5.255000,5.497000,5.295000,5.249000
370,35,1,5.126800,5.228000,4.968000,5.289000,5.075000,5.074000
370,36,1,4.969400,5.037000,4.838000,5.060000,5.076000,4.836000
370,37,1,5.114000,5.123000,5.070000,5.184000,5.276000,4.917000
370,38,1,5.133400,5.277000,4.982000,5.251000,5.172000,4.985000
370,39,1,5.052400,5.241000,4.846000,5.139000,5.092000,4.944000
370,40,2,8.124400,8.260000,8.003000,8.101000,8.149000,8.109000
370,41,2,8.192400,8.317000,8.119000,8.145000,8.155000,8.226000
370,42,2,8.241000,8.335000,8.172000,8.245000,8.231000,8.222000
370,43,2,8.176200,8.284000,8.100000,8.221000,8.138000,8.138000
370,44,2,8.206400,8.367000,8.058000,8.235000,8.220000,8.152000
370,45,2,8.058800,8.201000,8.027000,8.001000,8.170000,7.895000
370,46,2,8.205000,8.369000,8.076000,8.231000,8.181000,8.168000
370,47,2,8.199200,8.286000,8.226000,8.172000,8.163000,8.149000
370,48,2,8.267400,8.456000,8.153000,8.283000,8.251000,8.194000
370,49,2,8.132600,8.169000,8.124000,8.053000,8.187000,8.130000
370,50,2,8.167200,8.329000,8.057000,8.148000,8.194000,8.108000
370,51,2,8.249000,8.393000,8.175000,8.239000,8.290000,8.148000
370,52,2,8.085200,8.298000,7.981000,8.000000,8.146000,8.001000
370,53,2,8.255200,8.421000,8.143000,8.233000,8.217000,8.262000
370,54,2,8.219400,8.327000,8.203000,8.117000,8.232000,8.218000
370,55,2,8.209200,8.360000,8.129000,8.262000,8.212000,8.083000
370,56,2,8.195000,8.282000,8.053000,8.230000,8.181000,8.229000
370,57,2,8.276600,8.368000,8.175000,8.251000,8.301000,8.288000
370,58,2,8.091400,8.269000,8.029000,7.982000,8.127000,8.050000
370,59,2,8.209000,8.400000,8.104000,8.167000,8.193000,8.181000
370,60,3,5.236400,5.412000,5.095000,5.247000,5.236000,5.192000
370,61,3,5.254000,5.353000,5.209000,5.212000,5.209000,5.287000
370,62,3,5.024000,5.239000,4.881000,5.104000,4.926000,4.970000
370,63,3,5.202400,5.420000,5.064000,5.245000,5.193000,5.090000
370,64,3,5.254400,5.327000,5.259000,5.133000,5.308000,5.245000
370,65,3,5.136600,5.335000,4.963000,5.082000,5.196000,5.107000
370,66,3,5.283800,5.532000,5.218000,5.118000,5.265000,5.286000
370,67,3,5.218400,5.372000,5.087000,5.244000,5.228000,5.161000
370,68,3,5.270400,5.338000,5.260000,5.339000,5.281000,5.134000
370,69,3,5.227600,5.253000,5.175000,5.163000,5.281000,5.266000
370,70,3,5.332800,5.312000,5.315000,5.394000,5.388000,5.255000
370,71,3,5.137800,5.272000,5.079000,5.016000,5.147000,5.175000
370,72,3,5.253800,5.258000,5.212000,5.298000,5.303000,5.198000
370,73,3,5.190600,5.236000,5.160000,5.217000,5.224000,5.116000
370,74,3,5.070400,5.082000,4.996000,5.011000,5.133000,5.130000
370,75,3,4.954800,5.009000,4.797000,4.938000,5.074000,4.956000
370,76,3,5.174400,5.258000,5.152000,5.219000,5.133000,5.110000
370,77,3,5.174000,5.384000,5.229000,4.925000,5.098000,5.234000
370,78,3,5.320000,5.494000,5.189000,5.234000,5.362000,5.321000
370,79,3,5.282000,5.446000,5.323000,5.115000,5.353000,5.173000
370,80,4,5.198000,5.325000,4.929000,5.196000,5.268000,5.272000
370,81,4,5.270800,5.373000,5.084000,5.233000,5.413000,5.251000
370,82,4,5.465600,5.595000,5.247000,5.593000,5.461000,5.432000
370,83,4,5.445200,5.558000,5.274000,5.535000,5.475000,5.384000
370,84,4,5.216200,5.358000,4.949000,5.243000,5.316000,5.215000
370,85,4,5.223800,5.356000,5.140000,5.225000,5.130000,5.268000
370,86,4,5.194600,5.261000,5.096000,5.250000,5.262000,5.104000
370,87,4,5.301000,5.370000,5.110000,5.415000,5.410000,5.200000
370,88,4,5.260600,5.476000,5.044000,5.280000,5.290000,5.213000
370,89,4,5.337000,5.382000,5.189000,5.403000,5.400000,5.311000
370,90,4,5.440000,5.567000,5.319000,5.496000,5.439000,5.379000
370,91,4,5.275800,5.476000,5.097000,5.299000,5.309000,5.198000
370,92,4,5.332000,5.354000,5.112000,5.464000,5.322000,5.408000
370,93,4,5.416400,5.446000,5.227000,5.499000,5.525000,5.385000
370,94,4,5.286000,5.268000,5.158000,5.436000,5.339000,5.229000
370,95,4,5.235400,5.224000,5.099000,5.261000,5.292000,5.301000
370,96,4,5.397200,5.512000,5.150000,5.529000,5.469000,5.326000
370,97,4,5.399400,5.601000,5.183000,5.483000,5.471000,5.259000
370,98,4,5.389400,5.511000,5.191000,5.531000,5.369000,5.345000
370,99,4,5.382200,5.485000,5.283000,5.395000,5.407000,5.341000
371,0,2,8.184600,8.244000,8.198000,8.102000,8.198000,8.181000
371,1,2,8.215000,8.257000,8.242000,8.112000,8.235000,8.229000
371,2,2,8.078800,8.086000,8.162000,7.985000,8.027000,8.134000
371,3,2,8.229600,8.274000,8.234000,8.186000,8.272000,8.182000
371,4,2,8.204400,8.171000,8.217000,8.279000,8.232000,8.123000
371,5,2,8.253000,8.316000,8.261000,8.178000,8.256000,8.254000
371,6,2,8.263000,8.259000,8.296000,8.240000,8.261000,8.259000
371,7,2,8.128400,8.188000,8.098000,8.126000,8.082000,8.148000
371,8,2,8.216600,8.199000,8.293000,8.152000,8.261000,8.178000
371,9,2,8.228000,8.224000,8.182000,8.198000,8.306000,8.230000
371,10,2,8.236800,8.233000,8.318000,8.197000,8.206000,8.230000
371,11,2,8.231800,8.227000,8.231000,8.193000,8.277000,8.231000
371,12,2,8.237200,8.278000,8.264000,8.177000,8.237000,8.230000
371,13,2,8.232600,8.200000,8.231000,8.195000,8.260000,8.277000
371,14,2,8.230800,8.267000,8.285000,8.170000,8.199000,8.233000
371,15,2,8.235400,8.228000,8.282000,8.225000,8.285000,8.157000
371,16,2,8.229000,8.252000,8.300000,8.203000,8.174000,8.216000
371,17,2,8.201800,8.190000,8.215000,8.166000,8.228000,8.210000
371,18,2,8.241000,8.223000,8.228000,8.212000,8.239000,8.303000
371,19,2,8.148800,8.166000,8.212000,8.153000,8.106000,8.107000
372,0,2,8.276000,8.317000,8.238000,8.339000,8.316000,8.170000
372,1,2,8.101600,8.126000,8.046000,8.080000,8.098000,8.158000
372,2,2,8.190200,8.182000,8.253000,8.204000,8.137000,8.175000
372,3,2,8.090000,8.038000,7.977000,8.190000,8.137000,8.108000
372,4,2,8.275800,8.298000,8.314000,8.340000,8.235000,8.192000
372,5,2,8.067400,8.098000,7.984000,8.084000,8.104000,8.067000
372,6,2,8.282000,8.301000,8.292000,8.353000,8.276000,8.188000
372,7,2,8.261400,8.275000,8.243000,8.327000,8.276000,8.186000
372,8,2,8.288000,8.321000,8.328000,8.344000,8.269000,8.178000
372,9,2,8.216400,8.287000,8.222000,8.217000,8.219000,8.137000
372,10,2,8.249800,8.315000,8.286000,8.201000,8.278000,8.169000
372,11,2,8.242600,8.285000,8.242000,8.260000,8.258000,8.168000
372,12,2,8.266400,8.273000,8.338000,8.262000,8.310000,8.149000
372,13,2,8.193200,8.215000,8.172000,8.214000,8.150000,8.215000
372,14,2,8.255000,8.258000,8.287000,8.307000,8.307000,8.116000
372,15,2,8.242600,8.255000,8.237000,8.264000,8.330000,8.127000
372,16,2,8.164200,8.195000,8.244000,8.247000,8.062000,8.073000
372,17,2,8.275000,8.305000,8.305000,8.328000,8.283000,8.154000
372,18,2,8.224400,8.145000,8.243000,8.256000,8.282000,8.196000
372,19,2,8.267600,8.327000,8.334000,8.242000,8.238000,8.197000
373,0,2,8.230200,8.118000,8.140000,8.272000,8.295000,8.326000
373,1,2,8.187800,8.057000,8.096000,8.384000,8.242000,8.160000
373,2,2,8.257000,8.199000,8.093000,8.364000,8.322000,8.307000
373,3,2,8.233400,8.061000,8.033000,8.406000,8.301000,8.366000
373,4,2,8.236000,8.120000,8.120000,8.416000,8.253000,8.271000
373,5,2,8.261200,8.143000,8.122000,8.467000,8.317000,8.257000
373,6,2,8.327400,8.183000,8.198000,8.465000,8.429000,8.362000
373,7,2,8.165400,8.028000,8.057000,8.331000,8.226000,8.185000
373,8,2,8.206000,8.106000,8.187000,8.350000,8.246000,8.141000
373,9,2,8.193000,8.011000,8.089000,8.317000,8.355000,8.193000
373,10,2,8.240000,8.126000,8.156000,8.379000,8.293000,8.246000
373,11,2,8.235200,8.160000,8.121000,8.378000,8.254000,8.263000
373,12,2,8.211800,8.073000,8.098000,8.357000,8.312000,8.219000
373,13,2,8.264200,8.181000,8.163000,8.379000,8.311000,8.287000
373,14,2,8.238200,8.112000,8.144000,8.294000,8.352000,8.289000
373,15,2,8.220200,8.147000,8.058000,8.339000,8.263000,8.294000
373,16,2,8.252200,8.195000,8.115000,8.368000,8.353000,8.230000
373,17,2,8.173600,8.095000,8.039000,8.354000,8.223000,8.157000
373,18,2,7.981000,7.846000,7.897000,8.221000,7.917000,8.024000
373,19,2,8.182600,8.138000,7.969000,8.416000,8.128000,8.262000
374,0,2,8.267000,8.305000,8.343000,8.284000,8.239000,8.164000
374,1,2,8.229400,8.208000,8.358000,8.217000,8.195000,8.169000
374,2,2,8.287200,8.297000,8.351000,8.279000,8.269000,8.240000
374,3,2,8.255000,8.234000,8.359000,8.293000,8.230000,8.159000
374,4,2,8.200800,8.216000,8.291000,8.255000,8.118000,8.124000
374,5,2,8.216800,8.240000,8.348000,8.198000,8.192000,8.106000
374,6,2,8.290800,8.332000,8.349000,8.326000,8.307000,8.140000
374,7,2,8.216600,8.236000,8.373000,8.235000,8.168000,8.071000
374,8,2,8.117200,8.144000,8.108000,8.285000,8.021000,8.028000
374,9,2,8.030400,8.051000,8.198000,7.937000,8.035000,7.931000
374,10,2,8.241400,8.246000,8.324000,8.205000,8.287000,8.145000
374,11,2,8.292800,8.365000,8.445000,8.209000,8.271000,8.174000
374,12,2,8.242600,8.306000,8.309000,8.265000,8.244000,8.089000
374,13,2,8.314200,8.360000,8.368000,8.320000,8.290000,8.233000
374,14,2,8.029600,7.958000,8.188000,8.059000,7.974000,7.969000
374,15,2,8.252200,8.270000,8.340000,8.307000,8.216000,8.128000
374,16,2,8.267600,8.288000,8.396000,8.248000,8.244000,8.162000
374,17,2,8.213200,8.232000,8.354000,8.188000,8.136000,8.156000
374,18,2,8.289400,8.238000,8.482000,8.310000,8.188000,8.229000
374,19,2,8.181000,8.081000,8.338000,8.219000,8.213000,8.054000
375,0,2,8.158200,8.163000,8.109000,8.202000,8.168000,8.149000
375,1,2,8.209400,8.279000,8.196000,8.232000,8.146000,8.194000
375,2,2,8.216800,8.171000,8.216000,8.263000,8.201000,8.233000
375,3,2,8.240600,8.290000,8.134000,8.361000,8.238000,8.180000
375,4,2,8.283400,8.259000,8.328000,8.337000,8.271000,8.222000
375,5,2,8.172400,8.255000,8.130000,8.179000,8.133000,8.165000
375,6,2,8.196600,8.139000,8.128000,8.253000,8.201000,8.262000
375,7,2,8.223800,8.110000,8.163000,8.314000,8.228000,8.304000
375,8,2,8.216000,8.205000,8.236000,8.258000,8.171000,8.210000
375,9,2,8.233800,8.278000,8.237000,8.290000,8.165000,8.199000
375,10,2,8.099600,8.100000,8.057000,8.114000,8.170000,8.057000
375,11,2,8.248400,8.254000,8.266000,8.253000,8.156000,8.313000
375,12,2,8.258000,8.251000,8.266000,8.336000,8.183000,8.254000
375,13,2,8.243600,8.234000,8.186000,8.331000,8.216000,8.251000
375,14,2,8.109400,8.090000,8.096000,8.225000,8.052000,8.084000
375,15,2,8.203400,8.215000,8.217000,8.272000,8.103000,8.210000
375,16,2,8.227600,8.260000,8.184000,8.279000,8.126000,8.289000
375,17,2,8.179600,8.265000,8.160000,8.222000,8.091000,8.160000
375,18,2,8.205600,8.227000,8.149000,8.286000,8.202000,8.164000
375,19,2,8.252600,8.249000,8.192000,8.348000,8.194000,8.280000
376,0,2,8.275000,8.257000,8.249000,8.292000,8.377000,8.200000
376,1,2,8.266200,8.229000,8.321000,8.353000,8.239000,8.189000
376,2,2,8.292000,8.248000,8.297000,8.283000,8.294000,8.338000
376,3,2,8.223000,8.237000,8.242000,8.139000,8.271000,8.226000
376,4,2,8.304200,8.321000,8.352000,8.257000,8.333000,8.258000
376,5,2,8.068200,8.122000,7.957000,7.911000,8.122000,8.229000
376,6,2,8.262600,8.248000,8.295000,8.255000,8.260000,8.255000
376,7,2,8.313800,8.361000,8.313000,8.331000,8.301000,8.263000
376,8,2,8.273000,8.339000,8.243000,8.199000,8.276000,8.308000
376,9,2,8.276200,8.270000,8.243000,8.322000,8.286000,8.260000
376,10,2,8.251600,8.260000,8.308000,8.180000,8.293000,8.217000
376,11,2,8.185200,8.167000,8.171000,8.141000,8.226000,8.221000
376,12,2,8.232400,8.241000,8.157000,8.280000,8.294000,8.190000
376,13,2,8.256600,8.256000,8.240000,8.288000,8.201000,8.298000
376,14,2,8.270600,8.250000,8.266000,8.223000,8.359000,8.255000
376,15,2,8.261600,8.264000,8.252000,8.225000,8.307000,8.260000
376,16,2,8.292000,8.307000,8.285000,8.294000,8.301000,8.273000
376,17,2,8.314400,8.359000,8.336000,8.338000,8.289000,8.250000
376,18,2,8.310000,8.337000,8.287000,8.325000,8.377000,8.224000
376,19,2,8.194800,8.257000,8.129000,8.167000,8.229000,8.192000
377,0,2,8.264000,8.259000,8.164000,8.284000,8.233000,8.380000
377,1,2,8.237800,8.210000,8.137000,8.238000,8.317000,8.287000
377,2,2,8.145600,8.177000,8.139000,8.154000,7.992000,8.266000
377,3,2,8.232000,8.286000,8.143000,8.232000,8.208000,8.291000
377,4,2,8.259000,8.306000,8.121000,8.246000,8.230000,8.392000
377,5,2,8.265600,8.259000,8.196000,8.208000,8.346000,8.319000
377,6,2,8.220400,8.212000,8.138000,8.187000,8.233000,8.332000
377,7,2,8.238000,8.248000,8.200000,8.193000,8.214000,8.335000
377,8,2,8.237000,8.289000,8.090000,8.268000,8.194000,8.344000
377,9,2,8.288200,8.330000,8.150000,8.260000,8.321000,8.380000
377,10,2,8.232800,8.271000,8.099000,8.252000,8.227000,8.315000
377,11,2,8.281800,8.317000,8.212000,8.325000,8.233000,8.322000
377,12,2,8.228000,8.192000,8.186000,8.194000,8.214000,8.354000
377,13,2,8.180600,8.256000,8.132000,8.153000,8.065000,8.297000
377,14,2,8.302400,8.287000,8.226000,8.281000,8.359000,8.359000
377,15,2,8.209000,8.229000,8.158000,8.178000,8.152000,8.328000
377,16,2,8.268600,8.254000,8.227000,8.207000,8.306000,8.349000
377,17,2,8.279200,8.283000,8.253000,8.298000,8.250000,8.312000
377,18,2,8.166600,8.245000,8.103000,8.170000,8.049000,8.266000
377,19,2,8.280200,8.295000,8.203000,8.332000,8.234000,8.337000
378,0,2,8.176600,8.133000,8.168000,8.179000,8.309000,8.094000
378,1,2,8.219600,8.224000,8.243000,8.205000,8.281000,8.145000
378,2,2,8.203600,8.254000,8.117000,8.203000,8.325000,8.119000
378,3,2,8.259000,8.276000,8.172000,8.251000,8.313000,8.283000
378,4,2,7.900800,7.905000,7.921000,7.785000,7.916000,7.977000
378,5,2,8.206400,8.197000,8.160000,8.256000,8.304000,8.115000
378,6,2,8.224800,8.277000,8.147000,8.201000,8.365000,8.134000
378,7,2,8.230600,8.315000,8.212000,8.232000,8.253000,8.141000
378,8,2,8.205600,8.205000,8.179000,8.175000,8.328000,8.141000
378,9,2,8.171000,8.140000,8.156000,8.169000,8.261000,8.129000
378,10,2,8.169200,8.196000,8.112000,8.116000,8.323000,8.099000
378,11,2,8.177600,8.184000,8.032000,8.202000,8.315000,8.155000
378,12,2,8.227400,8.291000,8.202000,8.206000,8.265000,8.173000
378,13,2,8.221400,8.256000,8.114000,8.219000,8.294000,8.224000
378,14,2,8.213600,8.161000,8.216000,8.255000,8.268000,8.168000
378,15,2,8.224200,8.272000,8.125000,8.284000,8.280000,8.160000
378,16,2,8.196000,8.218000,8.163000,8.195000,8.264000,8.140000
378,17,2,8.135400,8.122000,8.160000,8.072000,8.298000,8.025000
378,18,2,8.087800,8.072000,8.098000,8.083000,8.206000,7.980000
378,19,2,8.217800,8.219000,8.215000,8.210000,8.216000,8.229000
379,0,2,8.159800,8.134000,8.162000,8.148000,8.194000,8.161000
379,1,2,8.292000,8.373000,8.274000,8.187000,8.339000,8.287000
379,2,2,8.078600,8.023000,8.151000,7.992000,8.125000,8.102000
379,3,2,8.249600,8.320000,8.290000,8.278000,8.185000,8.175000
379,4,2,8.298400,8.382000,8.294000,8.212000,8.346000,8.258000
379,5,2,8.246400,8.279000,8.310000,8.206000,8.283000,8.154000
379,6,2,8.149400,8.208000,8.184000,8.089000,8.117000,8.149000
379,7,2,8.242800,8.277000,8.228000,8.196000,8.333000,8.180000
379,8,2,8.271000,8.381000,8.296000,8.270000,8.185000,8.223000
379,9,2,8.261400,8.292000,8.274000,8.168000,8.288000,8.285000
379,10,2,8.285800,8.275000,8.291000,8.241000,8.333000,8.289000
379,11,2,8.245800,8.278000,8.291000,8.137000,8.311000,8.212000
379,12,2,8.245000,8.290000,8.291000,8.155000,8.245000,8.244000
379,13,2,8.111600,8.215000,8.164000,7.996000,8.108000,8.075000
379,14,2,8.218800,8.232000,8.224000,8.148000,8.336000,8.154000
379,15,2,8.238800,8.346000,8.178000,8.195000,8.283000,8.192000
379,16,2,8.122800,8.115000,8.153000,8.075000,8.140000,8.131000
379,17,2,8.116800,8.211000,8.190000,8.098000,8.041000,8.044000
379,18,2,8.198000,8.271000,8.180000,8.091000,8.238000,8.210000
379,19,2,8.244800,8.305000,8.230000,8.207000,8.284000,8.198000
380,0,0,5.369200,5.498000,5.320000,5.477000,5.309000,5.242000
380,1,0,5.225000,5.275000,5.199000,5.208000,5.218000,5.225000
380,2,0,5.411400,5.515000,5.404000,5.516000,5.215000,5.407000
380,3,0,5.358800,5.322000,5.382000,5.348000,5.286000,5.456000
380,4,0,5.186600,5.196000,5.169000,5.161000,5.237000,5.170000
380,5,0,5.268600,5.345000,5.276000,5.283000,5.208000,5.231000
380,6,0,5.237000,5.202000,5.247000,5.203000,5.268000,5.265000
380,7,0,5.325000,5.335000,5.395000,5.352000,5.161000,5.382000
380,8,0,5.355600,5.482000,5.407000,5.529000,5.099000,5.261000
380,9,0,5.371600,5.396000,5.417000,5.435000,5.169000,5.441000
380,10,0,5.276000,5.257000,5.357000,5.374000,5.005000,5.387000
380,11,0,5.332000,5.310000,5.439000,5.439000,5.168000,5.304000
380,12,0,5.317600,5.375000,5.363000,5.434000,5.041000,5.375000
380,13,0,5.293400,5.375000,5.276000,5.226000,5.304000,5.286000
380,14,0,5.297600,5.301000,5.287000,5.255000,5.313000,5.332000
380,15,0,5.183600,5.089000,5.406000,5.237000,5.030000,5.156000
380,16,0,5.266600,5.332000,5.137000,5.287000,5.352000,5.225000
380,17,0,5.450400,5.444000,5.447000,5.559000,5.329000,5.473000
380,18,0,5.284600,5.254000,5.341000,5.352000,5.203000,5.273000
380,19,0,5.316800,5.320000,5.272000,5.428000,5.211000,5.353000
380,20,1,4.981600,4.940000,4.710000,5.144000,5.052000,5.062000
380,21,1,4.961400,5.003000,4.827000,5.032000,5.094000,4.851000
380,22,1,5.033800,5.100000,4.826000,5.105000,5.118000,5.020000
380,23,1,4.878400,4.873000,4.797000,4.994000,4.858000,4.870000
380,24,1,5.157800,5.137000,5.068000,5.227000,5.249000,5.108000
380,25,1,4.927400,4.983000,4.839000,5.028000,4.800000,4.987000
380,26,1,5.193400,5.190000,5.199000,5.221000,5.242000,5.115000
380,27,1,4.947200,4.935000,4.948000,4.918000,5.071000,4.864000
380,28,1,5.071800,5.067000,5.044000,5.101000,5.124000,5.023000
380,29,1,5.064600,5.051000,5.038000,5.085000,5.173000,4.976000
380,30,1,5.083600,4.976000,5.017000,5.070000,5.243000,5.112000
380,31,1,5.130400,5.230000,5.041000,5.216000,5.105000,5.060000
380,32,1,5.090200,5.084000,5.025000,5.105000,5.219000,5.018000
380,33,1,5.044600,5.066000,5.016000,4.897000,5.187000,5.057000
380,34,1,5.010400,4.991000,4.910000,5.112000,5.021000,5.018000
380,35,1,5.052800,4.954000,5.020000,4.965000,5.226000,5.099000
380,36,1,5.219800,5.303000,5.205000,5.161000,5.219000,5.211000
380,37,1,5.169000,5.184000,5.005000,5.171000,5.334000,5.151000
380,38,1,5.134600,5.231000,4.985000,5.162000,5.239000,5.056000
380,39,1,5.107800,5.079000,5.078000,5.172000,5.212000,4.998000
380,40,2,8.206000,8.189000,8.257000,8.159000,8.068000,8.357000
380,41,2,8.257600,8.286000,8.273000,8.338000,8.094000,8.297000
380,42,2,8.182600,8.157000,8.101000,8.215000,8.184000,8.256000
380,43,2,8.241400,8.168000,8.288000,8.274000,8.164000,8.313000
380,44,2,8.249400,8.247000,8.265000,8.284000,8.153000,8.298000
380,45,2,8.100600,7.944000,8.174000,8.141000,8.067000,8.177000
380,46,2,8.165200,8.115000,8.177000,8.238000,8.119000,8.177000
380,47,2,8.242400,8.328000,8.220000,8.283000,8.083000,8.298000
380,48,2,8.257800,8.187000,8.245000,8.343000,8.270000,8.244000
380,49,2,8.203600,8.245000,8.246000,8.231000,8.065000,8.231000
380,50,2,8.259200,8.233000,8.271000,8.272000,8.136000,8.384000
380,51,2,8.314800,8.273000,8.316000,8.431000,8.229000,8.325000
380,52,2,8.261600,8.220000,8.325000,8.320000,8.154000,8.289000
380,53,2,8.222000,8.136000,8.295000,8.243000,8.184000,8.252000
380,54,2,8.181400,8.157000,8.219000,8.212000,8.094000,8.225000
380,55,2,8.234400,8.278000,8.245000,8.214000,8.147000,8.288000
380,56,2,8.233200,8.208000,8.243000,8.223000,8.160000,8.332000
380,57,2,8.233000,8.216000,8.217000,8.305000,8.208000,8.219000
380,58,2,8.223000,8.219000,8.273000,8.265000,8.127000,8.231000
380,59,2,8.132200,8.076000,8.141000,8.159000,8.086000,8.199000
380,60,3,5.188400,5.167000,5.156000,5.265000,5.251000,5.103000
380,61,3,5.147200,5.124000,5.023000,5.133000,5.293000,5.163000
380,62,3,5.204200,5.136000,5.121000,5.312000,5.330000,5.122000
380,63,3,5.262600,5.223000,5.112000,5.307000,5.358000,5.313000
380,64,3,5.242000,5.173000,5.260000,5.280000,5.301000,5.196000
380,65,3,5.062800,5.003000,5.042000,5.148000,5.142000,4.979000
380,66,3,5.245600,5.218000,5.140000,5.269000,5.377000,5.224000
380,67,3,5.274600,5.215000,5.176000,5.315000,5.362000,5.305000
380,68,3,5.046000,5.145000,4.922000,5.107000,5.064000,4.992000
380,69,3,5.252400,5.305000,5.169000,5.272000,5.171000,5.345000
380,70,3,5.171800,5.008000,5.077000,5.175000,5.420000,5.179000
380,71,3,5.214200,5.204000,5.105000,5.226000,5.325000,5.211000
380,72,3,5.271000,5.214000,5.232000,5.369000,5.283000,5.257000
380,73,3,5.052600,5.099000,4.920000,5.053000,5.187000,5.004000
380,74,3,5.177200,5.077000,5.141000,5.194000,5.347000,5.127000
380,75,3,5.079400,5.008000,5.000000,5.083000,5.124000,5.182000
380,76,3,5.124200,5.017000,5.077000,5.237000,5.202000,5.088000
380,77,3,5.256800,5.282000,5.157000,5.416000,5.160000,5.269000
380,78,3,5.119000,5.189000,5.010000,5.145000,5.164000,5.087000
380,79,3,5.115800,5.037000,5.054000,5.151000,5.264000,5.073000
380,80,4,5.095800,5.065000,5.046000,5.172000,5.170000,5.026000
380,81,4,5.200000,5.192000,5.180000,5.181000,5.221000,5.226000
380,82,4,5.271000,5.317000,5.304000,5.262000,5.150000,5.322000
380,83,4,5.353400,5.449000,5.306000,5.331000,5.309000,5.372000
380,84,4,5.097600,5.030000,5.013000,5.151000,5.069000,5.225000
380,85,4,5.308800,5.322000,5.191000,5.401000,5.307000,5.323000
380,86,4,5.314800,5.143000,5.331000,5.434000,5.180000,5.486000
380,87,4,5.293000,5.371000,5.328000,5.321000,5.174000,5.271000
380,88,4,5.082000,4.910000,5.024000,5.272000,5.018000,5.186000
380,89,4,5.373000,5.479000,5.321000,5.384000,5.302000,5.379000
380,90,4,5.277600,5.222000,5.357000,5.319000,5.222000,5.268000
380,91,4,5.241800,5.239000,5.222000,5.292000,5.242000,5.214000
380,92,4,5.512400,5.500000,5.482000,5.587000,5.388000,5.605000
380,93,4,5.306200,5.213000,5.194000,5.461000,5.369000,5.294000
380,94,4,5.197400,5.165000,5.216000,5.210000,5.085000,5.311000
380,95,4,5.448400,5.489000,5.364000,5.405000,5.545000,5.439000
380,96,4,5.329000,5.241000,5.348000,5.338000,5.379000,5.339000
380,97,4,5.087600,5.104000,5.031000,5.153000,5.143000,5.007000
380,98,4,5.449400,5.440000,5.407000,5.431000,5.445000,5.524000
380,99,4,5.247600,5.165000,5.246000,5.324000,5.242000,5.261000
381,0,2,8.198800,8.218000,8.233000,8.191000,8.167000,8.185000
381,1,2,8.140000,7.977000,8.157000,8.244000,8.203000,8.119000
381,2,2,8.104400,8.031000,8.201000,8.118000,8.076000,8.096000
381,3,2,8.221200,8.153000,8.257000,8.293000,8.188000,8.215000
381,4,2,8.184000,8.185000,8.080000,8.220000,8.224000,8.211000
381,5,2,8.231200,8.210000,8.253000,8.348000,8.171000,8.174000
381,6,2,8.253000,8.156000,8.291000,8.313000,8.223000,8.282000
381,7,2,8.262000,8.250000,8.310000,8.319000,8.191000,8.240000
381,8,2,8.261600,8.140000,8.295000,8.298000,8.264000,8.311000
381,9,2,8.199400,8.133000,8.169000,8.265000,8.177000,8.253000
381,10,2,8.207800,8.201000,8.310000,8.265000,8.201000,8.062000
381,11,2,8.220600,8.150000,8.240000,8.310000,8.207000,8.196000
381,12,2,8.212600,8.137000,8.302000,8.260000,8.193000,8.171000
381,13,2,8.232600,8.181000,8.300000,8.299000,8.225000,8.158000
381,14,2,8.181800,8.191000,8.237000,8.238000,8.100000,8.143000
381,15,2,8.253400,8.096000,8.339000,8.350000,8.252000,8.230000
381,16,2,8.156400,8.073000,8.177000,8.205000,8.140000,8.187000
381,17,2,8.263200,8.182000,8.358000,8.262000,8.279000,8.235000
381,18,2,8.233400,8.199000,8.263000,8.204000,8.303000,8.198000
381,19,2,8.203600,8.136000,8.288000,8.186000,8.200000,8.208000
382,0,2,8.249000,8.257000,8.271000,8.195000,8.313000,8.209000
382,1,2,8.279000,8.368000,8.224000,8.120000,8.378000,8.305000
382,2,2,8.309400,8.348000,8.283000,8.254000,8.345000,8.317000
382,3,2,8.294800,8.342000,8.267000,8.231000,8.312000,8.322000
382,4,2,8.306400,8.303000,8.321000,8.200000,8.426000,8.282000
382,5,2,8.312400,8.360000,8.295000,8.275000,8.416000,8.216000
382,6,2,8.313200,8.297000,8.335000,8.323000,8.382000,8.229000
382,7,2,8.337000,8.282000,8.345000,8.225000,8.464000,8.369000
382,8,2,8.340600,8.314000,8.305000,8.292000,8.442000,8.350000
382,9,2,8.305200,8.328000,8.259000,8.221000,8.375000,8.343000
382,10,2,8.268200,8.292000,8.233000,8.192000,8.331000,8.293000
382,11,2,8.130600,8.182000,8.154000,8.034000,8.135000,8.148000
382,12,2,8.272800,8.284000,8.295000,8.267000,8.380000,8.138000
382,13,2,8.306800,8.298000,8.288000,8.208000,8.448000,8.292000
382,14,2,8.305800,8.368000,8.269000,8.225000,8.455000,8.212000
382,15,2,8.347200,8.397000,8.366000,8.228000,8.409000,8.336000
382,16,2,8.309400,8.372000,8.281000,8.237000,8.394000,8.263000
382,17,2,8.308600,8.361000,8.263000,8.196000,8.453000,8.270000
382,18,2,8.301000,8.342000,8.216000,8.287000,8.333000,8.327000
382,19,2,8.237600,8.311000,8.157000,8.184000,8.327000,8.209000
383,0,2,8.276400,8.257000,8.334000,8.304000,8.260000,8.227000
383,1,2,8.224200,8.255000,8.245000,8.259000,8.164000,8.198000
383,2,2,8.090600,8.003000,8.048000,8.169000,8.192000,8.041000
383,3,2,8.035600,7.959000,8.049000,8.119000,7.992000,8.059000
383,4,2,8.237800,8.193000,8.301000,8.288000,8.203000,8.204000
383,5,2,8.227400,8.140000,8.243000,8.316000,8.237000,8.201000
383,6,2,8.254800,8.164000,8.266000,8.314000,8.304000,8.226000
383,7,2,8.220400,8.237000,8.262000,8.278000,8.226000,8.099000
383,8,2,8.278600,8.296000,8.272000,8.389000,8.244000,8.192000
383,9,2,8.233400,8.244000,8.247000,8.266000,8.244000,8.166000
383,10,2,8.159000,8.093000,8.167000,8.272000,8.167000,8.096000
383,11,2,8.242000,8.228000,8.288000,8.218000,8.254000,8.222000
383,12,2,8.215200,8.176000,8.253000,8.271000,8.264000,8.112000
383,13,2,8.260600,8.238000,8.312000,8.278000,8.253000,8.222000
383,14,2,8.262400,8.285000,8.358000,8.298000,8.186000,8.185000
383,15,2,8.231200,8.172000,8.335000,8.247000,8.225000,8.177000
383,16,2,8.249800,8.265000,8.348000,8.269000,8.151000,8.216000
383,17,2,8.238600,8.199000,8.240000,8.328000,8.222000,8.204000
383,18,2,8.110800,8.184000,8.103000,8.191000,8.054000,8.022000
383,19,2,8.258400,8.225000,8.370000,8.278000,8.236000,8.183000
384,0,2,8.203800,8.171000,8.198000,8.178000,8.259000,8.213000
384,1,2,8.223200,8.206000,8.222000,8.252000,8.161000,8.275000
384,2,2,8.242000,8.341000,8.272000,8.166000,8.174000,8.257000
384,3,2,8.083200,8.035000,8.055000,8.042000,8.052000,8.232000
384,4,2,8.231600,8.172000,8.238000,8.299000,8.161000,8.288000
384,5,2,8.237600,8.232000,8.210000,8.168000,8.279000,8.299000
384,6,2,8.172800,8.096000,8.185000,8.146000,8.156000,8.281000
384,7,2,8.169400,8.042000,8.278000,8.113000,8.142000,8.272000
384,8,2,8.250200,8.213000,8.290000,8.200000,8.242000,8.306000
384,9,2,8.276200,8.306000,8.282000,8.236000,8.298000,8.259000
384,10,2,8.176400,8.136000,8.239000,8.166000,8.159000,8.182000
384,11,2,8.252600,8.219000,8.248000,8.269000,8.297000,8.230000
384,12,2,8.287600,8.327000,8.280000,8.273000,8.290000,8.268000
384,13,2,8.247000,8.148000,8.249000,8.248000,8.234000,8.356000
384,14,2,8.136200,8.097000,8.249000,8.068000,8.035000,8.232000
384,15,2,8.262400,8.208000,8.329000,8.160000,8.301000,8.314000
384,16,2,8.207400,8.199000,8.242000,8.202000,8.150000,8.244000
384,17,2,8.207000,8.067000,8.301000,8.207000,8.184000,8.276000
384,18,2,8.264000,8.301000,8.244000,8.215000,8.215000,8.345000
384,19,2,8.238800,8.239000,8.200000,8.174000,8.197000,8.384000
385,0,2,8.278400,8.195000,8.225000,8.359000,8.267000,8.346000
385,1,2,8.223600,8.197000,8.218000,8.280000,8.203000,8.220000
385,2,2,8.104400,8.064000,8.164000,8.099000,8.041000,8.154000
385,3,2,8.308000,8.292000,8.304000,8.380000,8.247000,8.317000
385,4,2,8.278000,8.241000,8.229000,8.289000,8.252000,8.379000
385,5,2,8.243800,8.299000,8.243000,8.252000,8.192000,8.233000
385,6,2,8.291200,8.255000,8.253000,8.357000,8.255000,8.336000
385,7,2,8.288200,8.299000,8.285000,8.321000,8.227000,8.309000
385,8,2,8.212800,8.267000,8.220000,8.260000,8.135000,8.182000
385,9,2,8.281200,8.248000,8.228000,8.386000,8.229000,8.315000
385,10,2,8.277600,8.200000,8.289000,8.360000,8.246000,8.293000
385,11,2,8.265200,8.245000,8.267000,8.288000,8.215000,8.311000
385,12,2,8.205800,8.078000,8.234000,8.277000,8.211000,8.229000
385,13,2,8.235800,8.188000,8.199000,8.319000,8.203000,8.270000
385,14,2,8.156600,8.111000,8.154000,8.239000,8.150000,8.129000
385,15,2,8.253400,8.289000,8.280000,8.267000,8.197000,8.234000
385,16,2,8.175400,8.163000,8.093000,8.194000,8.118000,8.309000
385,17,2,8.275000,8.212000,8.236000,8.311000,8.248000,8.368000
385,18,2,8.192200,8.082000,8.207000,8.254000,8.178000,8.240000
385,19,2,8.144200,8.057000,8.235000,8.134000,8.129000,8.166000
386,0,2,8.270200,8.174000,8.260000,8.408000,8.228000,8.281000
386,1,2,8.308400,8.360000,8.278000,8.403000,8.232000,8.269000
386,2,2,8.276200,8.265000,8.244000,8.386000,8.209000,8.277000
386,3,2,8.305000,8.275000,8.274000,8.509000,8.191000,8.276000
386,4,2,8.297000,8.267000,8.188000,8.390000,8.233000,8.407000
386,5,2,8.296600,8.297000,8.240000,8.365000,8.288000,8.293000
386,6,2,8.283000,8.280000,8.305000,8.294000,8.204000,8.332000
386,7,2,8.306600,8.274000,8.217000,8.404000,8.259000,8.379000
386,8,2,8.314000,8.298000,8.190000,8.394000,8.330000,8.358000
386,9,2,8.325800,8.307000,8.292000,8.468000,8.251000,8.311000
386,10,2,8.321600,8.265000,8.342000,8.422000,8.233000,8.346000
386,11,2,8.329400,8.264000,8.267000,8.384000,8.330000,8.402000
386,12,2,8.274400,8.275000,8.139000,8.406000,8.218000,8.334000
386,13,2,8.339000,8.316000,8.318000,8.405000,8.268000,8.388000
386,14,2,8.244800,8.289000,8.181000,8.258000,8.207000,8.289000
386,15,2,8.312200,8.310000,8.271000,8.358000,8.289000,8.333000
386,16,2,8.287000,8.290000,8.200000,8.410000,8.211000,8.324000
386,17,2,8.146200,8.168000,8.058000,8.159000,8.097000,8.249000
386,18,2,8.293000,8.246000,8.278000,8.432000,8.228000,8.281000
386,19,2,8.307400,8.326000,8.262000,8.406000,8.203000,8.340000
387,0,2,8.228000,8.258000,8.213000,8.244000,8.280000,8.145000
387,1,2,8.236600,8.163000,8.200000,8.298000,8.338000,8.184000
387,2,2,8.174600,8.203000,8.141000,8.192000,8.222000,8.115000
387,3,2,8.213800,8.268000,8.132000,8.210000,8.245000,8.214000
387,4,2,8.224400,8.302000,8.026000,8.391000,8.362000,8.041000
387,5,2,8.250000,8.280000,8.112000,8.325000,8.302000,8.231000
387,6,2,8.239400,8.183000,8.127000,8.334000,8.311000,8.242000
387,7,2,8.239200,8.210000,8.172000,8.260000,8.326000,8.228000
387,8,2,8.267400,8.259000,8.234000,8.344000,8.359000,8.141000
387,9,2,8.214200,8.147000,8.167000,8.314000,8.331000,8.112000
387,10,2,8.258000,8.215000,8.296000,8.251000,8.312000,8.216000
387,11,2,8.258600,8.232000,8.228000,8.291000,8.341000,8.201000
387,12,2,8.196600,8.204000,8.139000,8.295000,8.192000,8.153000
387,13,2,8.237600,8.263000,8.215000,8.290000,8.262000,8.158000
387,14,2,8.246400,8.249000,8.178000,8.306000,8.334000,8.165000
387,15,2,8.092800,8.147000,8.143000,8.216000,8.117000,7.841000
387,16,2,8.154200,8.094000,8.186000,8.090000,8.332000,8.069000
387,17,2,8.191800,8.082000,8.160000,8.268000,8.290000,8.159000
387,18,2,8.216600,8.317000,8.066000,8.233000,8.315000,8.152000
387,19,2,8.060200,8.048000,8.033000,8.056000,8.138000,8.026000
388,0,2,8.204800,8.232000,8.263000,8.221000,8.166000,8.142000
388,1,2,8.126200,8.251000,8.129000,8.100000,8.063000,8.088000
388,2,2,8.266800,8.274000,8.419000,8.224000,8.238000,8.179000
388,3,2,8.276600,8.370000,8.421000,8.206000,8.230000,8.156000
388,4,2,8.270000,8.283000,8.427000,8.167000,8.291000,8.182000
388,5,2,8.240000,8.178000,8.340000,8.247000,8.227000,8.208000
388,6,2,8.209000,8.314000,8.297000,8.233000,8.120000,8.081000
388,7,2,8.235800,8.273000,8.273000,8.282000,8.218000,8.133000
388,8,2,8.248600,8.222000,8.414000,8.190000,8.274000,8.143000
388,9,2,8.304400,8.363000,8.430000,8.247000,8.278000,8.204000
388,10,2,8.206800,8.286000,8.240000,8.239000,8.171000,8.098000
388,11,2,8.257800,8.311000,8.369000,8.234000,8.287000,8.088000
388,12,2,8.184600,8.269000,8.198000,8.242000,8.100000,8.114000
388,13,2,8.265800,8.239000,8.348000,8.343000,8.230000,8.169000
388,14,2,8.217400,8.258000,8.234000,8.239000,8.194000,8.162000
388,15,2,8.223800,8.278000,8.278000,8.208000,8.226000,8.129000
388,16,2,8.253800,8.246000,8.374000,8.274000,8.174000,8.201000
388,17,2,8.210800,8.280000,8.201000,8.224000,8.185000,8.164000
388,18,2,8.271800,8.324000,8.429000,8.216000,8.245000,8.145000
388,19,2,8.193600,8.119000,8.265000,8.273000,8.243000,8.068000
389,0,2,8.224800,8.255000,8.218000,8.268000,8.208000,8.175000
389,1,2,8.302800,8.329000,8.354000,8.183000,8.375000,8.273000
389,2,2,8.305600,8.341000,8.271000,8.278000,8.340000,8.298000
389,3,2,8.290400,8.252000,8.390000,8.285000,8.279000,8.246000
389,4,2,8.315200,8.353000,8.316000,8.270000,8.333000,8.304000
389,5,2,8.242400,8.237000,8.334000,8.123000,8.306000,8.212000
389,6,2,8.182400,8.204000,8.220000,8.140000,8.163000,8.185000
389,7,2,8.195600,8.221000,8.203000,8.134000,8.241000,8.179000
389,8,2,8.218400,8.157000,8.285000,8.157000,8.200000,8.293000
389,9,2,8.216600,8.256000,8.206000,8.095000,8.274000,8.252000
389,10,2,8.286000,8.258000,8.242000,8.308000,8.339000,8.283000
389,11,2,8.188000,8.176000,8.296000,8.180000,8.127000,8.161000
389,12,2,8.314800,8.357000,8.350000,8.202000,8.352000,8.313000
389,13,2,8.310400,8.307000,8.338000,8.275000,8.325000,8.307000
389,14,2,8.214000,8.183000,8.247000,8.243000,8.211000,8.186000
389,15,2,8.269000,8.264000,8.274000,8.290000,8.297000,8.220000
389,16,2,8.263600,8.312000,8.286000,8.229000,8.265000,8.226000
389,17,2,8.254600,8.225000,8.240000,8.203000,8.346000,8.259000
389,18,2,8.193400,8.230000,8.165000,8.147000,8.253000,8.172000
389,19,2,8.298800,8.301000,8.328000,8.280000,8.292000,8.293000
390,0,0,5.318200,5.385000,5.317000,5.329000,5.283000,5.277000
390,1,0,5.143000,5.095000,5.122000,5.210000,5.180000,5.108000
390,2,0,5.331400,5.230000,5.340000,5.335000,5.293000,5.459000
390,3,0,5.330000,5.289000,5.163000,5.419000,5.400000,5.379000
390,4,0,5.407400,5.420000,5.481000,5.580000,5.122000,5.434000
390,5,0,5.308400,5.336000,5.258000,5.207000,5.432000,5.309000
390,6,0,5.332200,5.281000,5.307000,5.460000,5.283000,5.330000
390,7,0,5.330600,5.352000,5.315000,5.462000,5.238000,5.286000
390,8,0,5.317000,5.227000,5.318000,5.417000,5.367000,5.256000
390,9,0,5.450000,5.551000,5.462000,5.460000,5.369000,5.408000
390,10,0,5.315600,5.274000,5.321000,5.259000,5.300000,5.424000
390,11,0,5.423800,5.497000,5.511000,5.307000,5.366000,5.438000
390,12,0,5.207800,5.177000,5.258000,5.294000,5.154000,5.156000
390,13,0,5.462200,5.428000,5.481000,5.583000,5.346000,5.473000
390,14,0,5.343800,5.401000,5.439000,5.306000,5.244000,5.329000
390,15,0,5.303600,5.338000,5.335000,5.278000,5.322000,5.245000
390,16,0,5.332400,5.291000,5.352000,5.327000,5.394000,5.298000
390,17,0,5.310800,5.369000,5.276000,5.236000,5.286000,5.387000
390,18,0,5.197000,5.170000,5.128000,5.268000,5.210000,5.209000
390,19,0,5.261000,5.307000,5.282000,5.306000,5.235000,5.175000
390,20,1,5.362400,5.248000,5.312000,5.481000,5.296000,5.475000
390,21,1,5.345000,5.313000,5.376000,5.257000,5.335000,5.444000
390,22,1,5.232400,5.143000,5.192000,5.306000,5.253000,5.268000
390,23,1,5.376000,5.189000,5.284000,5.526000,5.443000,5.438000
390,24,1,5.273600,5.174000,5.191000,5.284000,5.345000,5.374000
390,25,1,5.502000,5.325000,5.492000,5.586000,5.499000,5.608000
390,26,1,5.422000,5.226000,5.422000,5.580000,5.444000,5.438000
390,27,1,5.253800,5.142000,5.171000,5.259000,5.207000,5.490000
390,28,1,5.494400,5.349000,5.318000,5.603000,5.525000,5.677000
390,29,1,5.301800,5.220000,5.341000,5.356000,5.250000,5.342000
390,30,1,5.314200,5.270000,5.285000,5.244000,5.446000,5.326000
390,31,1,5.405000,5.395000,5.363000,5.364000,5.466000,5.437000
390,32,1,5.339000,5.251000,5.297000,5.424000,5.262000,5.461000
390,33,1,5.379200,5.340000,5.362000,5.459000,5.233000,5.502000
390,34,1,5.243800,5.139000,5.239000,5.344000,5.220000,5.277000
390,35,1,5.402200,5.445000,5.372000,5.320000,5.386000,5.488000
390,36,1,5.403200,5.340000,5.341000,5.439000,5.397000,5.499000
390,37,1,5.137600,4.968000,5.105000,5.172000,5.125000,5.318000
390,38,1,5.337000,5.253000,5.256000,5.378000,5.263000,5.535000
390,39,1,5.561400,5.427000,5.512000,5.602000,5.567000,5.699000
390,40,2,8.260000,8.196000,8.263000,8.282000,8.194000,8.365000
390,41,2,8.224000,8.176000,8.264000,8.174000,8.153000,8.353000
390,42,2,8.208800,8.220000,8.125000,8.294000,8.116000,8.289000
390,43,2,8.292800,8.278000,8.237000,8.320000,8.257000,8.372000
390,44,2,8.259200,8.184000,8.290000,8.192000,8.230000,8.400000
390,45,2,8.262000,8.177000,8.256000,8.317000,8.220000,8.340000
390,46,2,8.234400,8.189000,8.268000,8.297000,8.188000,8.230000
390,47,2,8.281400,8.246000,8.302000,8.322000,8.221000,8.316000
390,48,2,8.226200,8.288000,8.158000,8.259000,8.209000,8.217000
390,49,2,8.261600,8.241000,8.196000,8.282000,8.231000,8.358000
390,50,2,8.247600,8.157000,8.249000,8.289000,8.269000,8.274000
390,51,2,8.228600,8.171000,8.210000,8.277000,8.167000,8.318000
390,52,2,8.285400,8.165000,8.328000,8.299000,8.289000,8.346000
390,53,2,8.240600,8.255000,8.176000,8.235000,8.275000,8.262000
390,54,2,8.181000,8.146000,8.221000,8.196000,8.083000,8.259000
390,55,2,8.244600,8.159000,8.217000,8.303000,8.178000,8.366000
390,56,2,8.300600,8.217000,8.294000,8.388000,8.207000,8.397000
390,57,2,8.302600,8.271000,8.245000,8.337000,8.259000,8.401000
390,58,2,8.249800,8.227000,8.300000,8.268000,8.198000,8.256000
390,59,2,8.262800,8.279000,8.289000,8.228000,8.232000,8.286000
390,60,3,5.226000,5.213000,5.158000,5.272000,5.198000,5.289000
390,61,3,5.253600,5.248000,5.141000,5.356000,5.202000,5.321000
390,62,3,5.219800,5.281000,5.183000,5.053000,5.225000,5.357000
390,63,3,5.484600,5.446000,5.372000,5.607000,5.466000,5.532000
390,64,3,5.315600,5.234000,5.360000,5.216000,5.369000,5.399000
390,65,3,5.224200,5.151000,5.270000,5.115000,5.284000,5.301000
390,66,3,5.424800,5.363000,5.340000,5.552000,5.408000,5.461000
390,67,3,5.295200,5.275000,5.293000,5.370000,5.301000,5.237000
390,68,3,5.290200,5.244000,5.309000,5.304000,5.363000,5.231000
390,69,3,5.280800,5.275000,5.256000,5.352000,5.345000,5.176000
390,70,3,5.488800,5.473000,5.472000,5.566000,5.384000,5.549000
390,71,3,5.303200,5.273000,5.374000,5.263000,5.310000,5.296000
390,72,3,5.115000,5.105000,5.091000,5.049000,5.247000,5.083000
390,73,3,5.378600,5.254000,5.430000,5.475000,5.340000,5.394000
390,74,3,5.344600,5.277000,5.397000,5.327000,5.471000,5.251000
390,75,3,5.458400,5.373000,5.491000,5.425000,5.482000,5.521000
390,76,3,5.116400,5.157000,5.025000,5.054000,5.182000,5.164000
390,77,3,5.277000,5.188000,5.297000,5.292000,5.299000,5.309000
390,78,3,5.412400,5.270000,5.481000,5.526000,5.402000,5.383000
390,79,3,5.496400,5.516000,5.495000,5.529000,5.525000,5.417000
390,80,4,5.210200,5.094000,5.215000,5.261000,5.206000,5.275000
390,81,4,5.098000,4.977000,5.083000,5.233000,5.061000,5.136000
390,82,4,5.227000,5.132000,5.244000,5.197000,5.260000,5.302000
390,83,4,5.181000,4.977000,5.258000,5.262000,5.147000,5.261000
390,84,4,5.346400,5.206000,5.368000,5.383000,5.340000,5.435000
390,85,4,5.273800,5.099000,5.216000,5.377000,5.218000,5.459000
390,86,4,5.320800,5.192000,5.297000,5.382000,5.331000,5.402000
390,87,4,5.299000,5.142000,5.283000,5.454000,5.302000,5.314000
390,88,4,5.411800,5.247000,5.461000,5.548000,5.366000,5.437000
390,89,4,5.272400,5.202000,5.200000,5.412000,5.233000,5.315000
390,90,4,5.179000,5.042000,5.207000,5.292000,5.135000,5.219000
390,91,4,4.908200,4.718000,4.906000,5.112000,4.888000,4.917000
390,92,4,5.138200,4.979000,5.107000,5.273000,5.072000,5.260000
390,93,4,5.222000,5.252000,5.230000,5.250000,5.223000,5.155000
390,94,4,5.197600,5.053000,5.236000,5.296000,5.182000,5.221000
390,95,4,5.262200,5.158000,5.176000,5.307000,5.313000,5.357000
390,96,4,5.159800,5.085000,5.107000,5.248000,5.169000,5.190000
390,97,4,5.077200,4.979000,5.010000,5.251000,5.020000,5.126000
390,98,4,5.465800,5.295000,5.464000,5.532000,5.519000,5.519000
390,99,4,5.240000,5.075000,5.273000,5.410000,5.033000,5.409000
391,0,2,8.222000,8.189000,8.283000,8.259000,8.139000,8.240000
391,1,2,8.173200,8.178000,8.204000,8.220000,8.092000,8.172000
391,2,2,8.223600,8.216000,8.266000,8.320000,8.166000,8.150000
391,3,2,8.207200,8.112000,8.280000,8.262000,8.148000,8.234000
391,4,2,8.272000,8.300000,8.277000,8.343000,8.243000,8.197000
391,5,2,8.275400,8.311000,8.306000,8.299000,8.186000,8.275000
391,6,2,8.265400,8.182000,8.297000,8.335000,8.249000,8.264000
391,7,2,8.215600,8.089000,8.305000,8.293000,8.182000,8.209000
391,8,2,8.209000,8.131000,8.259000,8.276000,8.190000,8.189000
391,9,2,8.282200,8.231000,8.313000,8.353000,8.177000,8.337000
391,10,2,8.192400,8.077000,8.298000,8.250000,8.121000,8.216000
391,11,2,8.273000,8.276000,8.332000,8.298000,8.189000,8.270000
391,12,2,8.224400,8.247000,8.237000,8.211000,8.197000,8.230000
391,13,2,8.111000,8.043000,8.081000,8.170000,8.035000,8.226000
391,14,2,8.235200,8.172000,8.270000,8.321000,8.207000,8.206000
391,15,2,8.245200,8.107000,8.293000,8.270000,8.220000,8.336000
391,16,2,8.172400,8.019000,8.266000,8.209000,8.186000,8.182000
391,17,2,8.251800,8.220000,8.261000,8.257000,8.171000,8.350000
391,18,2,8.150800,8.037000,8.209000,8.264000,8.090000,8.154000
391,19,2,8.277000,8.184000,8.313000,8.323000,8.271000,8.294000
392,0,2,8.091400,7.894000,8.116000,8.042000,8.170000,8.235000
392,1,2,8.246000,8.174000,8.327000,8.219000,8.229000,8.281000
392,2,2,8.226600,8.061000,8.246000,8.223000,8.326000,8.277000
392,3,2,8.281000,8.160000,8.402000,8.277000,8.204000,8.362000
392,4,2,8.271400,8.164000,8.426000,8.292000,8.168000,8.307000
392,5,2,8.268200,8.173000,8.379000,8.198000,8.240000,8.351000
392,6,2,8.217200,8.133000,8.278000,8.180000,8.160000,8.335000
392,7,2,8.116800,8.057000,8.058000,8.039000,8.208000,8.222000
392,8,2,8.264000,8.150000,8.405000,8.220000,8.220000,8.325000
392,9,2,8.249200,8.133000,8.369000,8.155000,8.262000,8.327000
392,10,2,8.201400,8.080000,8.301000,8.103000,8.133000,8.390000
392,11,2,8.248000,8.164000,8.352000,8.219000,8.191000,8.314000
392,12,2,8.286000,8.204000,8.408000,8.203000,8.248000,8.367000
392,13,2,8.183200,8.092000,8.303000,8.137000,8.154000,8.230000
392,14,2,8.269400,8.196000,8.365000,8.166000,8.237000,8.383000
392,15,2,8.261400,8.126000,8.425000,8.257000,8.276000,8.223000
392,16,2,8.256800,8.143000,8.324000,8.224000,8.221000,8.372000
392,17,2,8.257200,8.087000,8.403000,8.122000,8.342000,8.332000
392,18,2,8.245600,8.171000,8.370000,8.185000,8.202000,8.300000
392,19,2,8.175600,8.124000,8.249000,8.112000,8.119000,8.274000
393,0,2,8.276000,8.359000,8.149000,8.259000,8.315000,8.298000
393,1,2,8.198400,8.158000,8.119000,8.298000,8.214000,8.203000
393,2,2,8.260000,8.314000,8.229000,8.233000,8.224000,8.300000
393,3,2,8.306800,8.316000,8.318000,8.185000,8.337000,8.378000
393,4,2,8.172000,8.218000,8.139000,8.188000,8.131000,8.184000
393,5,2,8.290200,8.286000,8.265000,8.251000,8.314000,8.335000
393,6,2,8.278400,8.332000,8.267000,8.216000,8.201000,8.376000
393,7,2,8.353800,8.451000,8.293000,8.284000,8.325000,8.416000
393,8,2,8.207400,8.321000,8.145000,8.266000,8.118000,8.187000
393,9,2,8.295200,8.341000,8.223000,8.244000,8.344000,8.324000
393,10,2,8.273800,8.359000,8.219000,8.221000,8.248000,8.322000
393,11,2,8.243600,8.273000,8.178000,8.224000,8.179000,8.364000
393,12,2,8.304400,8.356000,8.262000,8.239000,8.372000,8.293000
393,13,2,8.135200,8.223000,7.985000,8.168000,8.115000,8.185000
393,14,2,8.269000,8.337000,8.248000,8.159000,8.272000,8.329000
393,15,2,8.251600,8.362000,8.196000,8.183000,8.262000,8.255000
393,16,2,8.291200,8.353000,8.257000,8.189000,8.272000,8.385000
393,17,2,8.288000,8.337000,8.253000,8.274000,8.266000,8.310000
393,18,2,8.258200,8.321000,8.209000,8.196000,8.264000,8.301000
393,19,2,8.299000,8.429000,8.223000,8.248000,8.236000,8.359000
394,0,2,8.192000,8.162000,8.165000,8.372000,8.167000,8.094000
394,1,2,8.255200,8.269000,8.213000,8.260000,8.286000,8.248000
394,2,2,8.298800,8.331000,8.245000,8.391000,8.224000,8.303000
394,3,2,8.226200,8.248000,8.145000,8.333000,8.207000,8.198000
394,4,2,8.265600,8.251000,8.141000,8.359000,8.291000,8.286000
394,5,2,8.303800,8.274000,8.241000,8.330000,8.373000,8.301000
394,6,2,8.133400,8.174000,8.107000,8.167000,8.056000,8.163000
394,7,2,8.227200,8.174000,8.189000,8.376000,8.286000,8.111000
394,8,2,8.150000,8.132000,8.125000,8.271000,8.061000,8.161000
394,9,2,8.286400,8.279000,8.238000,8.362000,8.263000,8.290000
394,10,2,8.214800,8.179000,8.172000,8.289000,8.234000,8.200000
394,11,2,8.244600,8.220000,8.162000,8.383000,8.276000,8.182000
394,12,2,8.221600,8.189000,8.215000,8.328000,8.166000,8.210000
394,13,2,8.161200,8.136000,8.138000,8.245000,8.143000,8.144000
394,14,2,8.096600,8.109000,8.035000,8.232000,8.026000,8.081000
394,15,2,8.264800,8.281000,8.200000,8.343000,8.252000,8.248000
394,16,2,8.246200,8.204000,8.183000,8.402000,8.207000,8.235000
394,17,2,8.279600,8.283000,8.216000,8.340000,8.292000,8.267000
394,18,2,8.163600,8.174000,8.071000,8.307000,8.169000,8.097000
394,19,2,8.279800,8.198000,8.146000,8.396000,8.328000,8.331000
395,0,2,8.281400,8.314000,8.307000,8.288000,8.264000,8.234000
395,1,2,8.342800,8.350000,8.326000,8.349000,8.346000,8.343000
395,2,2,8.221800,8.210000,8.278000,8.184000,8.273000,8.164000
395,3,2,8.165400,8.128000,8.143000,8.163000,8.279000,8.114000
395,4,2,8.292800,8.313000,8.224000,8.335000,8.319000,8.273000
395,5,2,8.271000,8.275000,8.252000,8.252000,8.322000,8.254000
395,6,2,8.313200,8.259000,8.325000,8.377000,8.261000,8.344000
395,7,2,8.303000,8.303000,8.274000,8.283000,8.341000,8.314000
395,8,2,8.266800,8.345000,8.147000,8.247000,8.327000,8.268000
395,9,2,8.306000,8.303000,8.332000,8.269000,8.329000,8.297000
395,10,2,8.263200,8.200000,8.244000,8.339000,8.317000,8.216000
395,11,2,8.137000,8.075000,8.102000,8.201000,8.206000,8.101000
395,12,2,8.248600,8.245000,8.188000,8.210000,8.316000,8.284000
395,13,2,8.151200,8.122000,8.100000,8.221000,8.193000,8.120000
395,14,2,8.229200,8.204000,8.205000,8.202000,8.289000,8.246000
395,15,2,8.275600,8.248000,8.280000,8.248000,8.288000,8.314000
395,16,2,8.301200,8.339000,8.225000,8.379000,8.271000,8.292000
395,17,2,8.211600,8.205000,8.285000,8.248000,8.127000,8.193000
395,18,2,8.241800,8.282000,8.175000,8.295000,8.182000,8.275000
395,19,2,8.261600,8.306000,8.292000,8.322000,8.204000,8.184000
396,0,2,8.224000,8.289000,8.216000,8.244000,8.051000,8.320000
396,1,2,8.210200,8.231000,8.160000,8.262000,8.124000,8.274000
396,2,2,8.278800,8.255000,8.314000,8.298000,8.162000,8.365000
396,3,2,8.233800,8.265000,8.253000,8.296000,8.067000,8.288000
396,4,2,8.215000,8.250000,8.281000,8.258000,8.029000,8.257000
396,5,2,8.264000,8.244000,8.364000,8.241000,8.061000,8.410000
396,6,2,8.271200,8.260000,8.282000,8.287000,8.127000,8.400000
396,7,2,8.249800,8.208000,8.247000,8.258000,8.214000,8.322000
396,8,2,8.262200,8.241000,8.275000,8.362000,8.090000,8.343000
396,9,2,8.271200,8.179000,8.267000,8.331000,8.210000,8.369000
396,10,2,8.285800,8.250000,8.270000,8.391000,8.247000,8.271000
396,11,2,8.308400,8.265000,8.320000,8.386000,8.230000,8.341000
396,12,2,8.254600,8.252000,8.254000,8.313000,8.129000,8.325000
396,13,2,8.250200,8.208000,8.235000,8.306000,8.130000,8.372000
396,14,2,8.227800,8.202000,8.249000,8.310000,8.130000,8.248000
396,15,2,8.245000,8.278000,8.210000,8.290000,8.142000,8.305000
396,16,2,8.255800,8.173000,8.263000,8.270000,8.143000,8.430000
396,17,2,8.238600,8.324000,8.209000,8.165000,8.166000,8.329000
396,18,2,8.209800,8.333000,8.199000,8.210000,8.038000,8.269000
396,19,2,8.092800,8.066000,8.058000,8.160000,7.992000,8.188000
397,0,2,8.222000,8.163000,8.289000,8.243000,8.119000,8.296000
397,1,2,8.236400,8.098000,8.191000,8.262000,8.332000,8.299000
397,2,2,8.233600,8.111000,8.210000,8.367000,8.195000,8.285000
397,3,2,8.181000,8.094000,8.216000,8.274000,8.156000,8.165000
397,4,2,8.211400,8.041000,8.228000,8.312000,8.187000,8.289000
397,5,2,8.181200,8.170000,8.164000,8.219000,8.120000,8.233000
397,6,2,8.184200,8.130000,8.165000,8.234000,8.184000,8.208000
397,7,2,8.242000,8.174000,8.263000,8.271000,8.221000,8.281000
397,8,2,8.220600,8.146000,8.135000,8.276000,8.278000,8.268000
397,9,2,8.223800,8.135000,8.211000,8.222000,8.290000,8.261000
397,10,2,8.208000,8.023000,8.310000,8.387000,8.137000,8.183000
397,11,2,8.185400,8.117000,8.190000,8.288000,8.132000,8.200000
397,12,2,8.156200,8.099000,8.121000,8.256000,8.099000,8.206000
397,13,2,8.214000,8.138000,8.254000,8.308000,8.073000,8.297000
397,14,2,8.169600,8.057000,8.154000,8.280000,8.152000,8.205000
397,15,2,8.196800,8.178000,8.257000,8.186000,8.129000,8.234000
397,16,2,8.177000,8.120000,8.241000,8.182000,8.146000,8.196000
397,17,2,8.197800,8.168000,8.274000,8.129000,8.103000,8.315000
397,18,2,8.262200,8.223000,8.267000,8.355000,8.232000,8.234000
397,19,2,8.216400,8.138000,8.269000,8.267000,8.194000,8.214000
398,0,2,8.271600,8.208000,8.225000,8.366000,8.333000,8.226000
398,1,2,8.280400,8.308000,8.142000,8.297000,8.371000,8.284000
398,2,2,8.250000,8.202000,8.184000,8.291000,8.275000,8.298000
398,3,2,8.243000,8.268000,8.096000,8.322000,8.293000,8.236000
398,4,2,8.234800,8.210000,8.179000,8.250000,8.274000,8.261000
398,5,2,8.299800,8.247000,8.221000,8.344000,8.340000,8.347000
398,6,2,8.149800,8.151000,8.161000,8.176000,8.172000,8.089000
398,7,2,8.283000,8.315000,8.227000,8.376000,8.278000,8.219000
398,8,2,8.246200,8.222000,8.194000,8.336000,8.290000,8.189000
398,9,2,8.133000,8.151000,8.040000,8.276000,8.103000,8.095000
398,10,2,8.262400,8.298000,8.129000,8.334000,8.279000,8.272000
398,11,2,8.331800,8.309000,8.242000,8.366000,8.373000,8.369000
398,12,2,8.123800,8.094000,8.111000,8.075000,8.184000,8.155000
398,13,2,8.186400,8.088000,8.128000,8.253000,8.243000,8.220000
398,14,2,8.135200,8.131000,8.122000,8.164000,8.094000,8.165000
398,15,2,8.241400,8.220000,8.158000,8.305000,8.298000,8.226000
398,16,2,8.329400,8.280000,8.242000,8.327000,8.413000,8.385000
398,17,2,8.324200,8.282000,8.206000,8.413000,8.382000,8.338000
398,18,2,8.117400,8.060000,8.146000,8.306000,8.027000,8.048000
398,19,2,8.186800,8.259000,8.068000,8.238000,8.174000,8.195000
399,0,2,8.196600,8.277000,8.133000,8.328000,8.080000,8.165000
399,1,2,8.206200,8.365000,8.121000,8.273000,8.108000,8.164000
399,2,2,8.094600,8.099000,8.017000,8.183000,7.974000,8.200000
399,3,2,8.060600,8.206000,7.874000,8.130000,8.070000,8.023000
399,4,2,8.163600,8.227000,8.062000,8.229000,8.043000,8.257000
399,5,2,8.212600,8.240000,8.218000,8.242000,8.130000,8.233000
399,6,2,8.000800,8.040000,8.055000,8.098000,7.829000,7.982000
399,7,2,8.170600,8.183000,8.130000,8.280000,8.021000,8.239000
399,8,2,8.223400,8.270000,8.176000,8.320000,8.075000,8.276000
399,9,2,8.064800,8.091000,8.020000,8.092000,7.973000,8.148000
399,10,2,8.105600,8.144000,7.979000,8.195000,8.060000,8.150000
399,11,2,8.095200,8.067000,8.022000,8.228000,8.020000,8.139000
399,12,2,8.059600,8.214000,7.986000,8.114000,7.980000,8.004000
399,13,2,8.201000,8.267000,8.157000,8.302000,8.012000,8.267000
399,14,2,8.236000,8.303000,8.197000,8.308000,8.114000,8.258000
399,15,2,8.143000,8.240000,8.015000,8.203000,8.018000,8.239000
399,16,2,8.183000,8.280000,8.140000,8.241000,8.005000,8.249000
399,17,2,8.244600,8.337000,8.172000,8.345000,8.064000,8.305000
399,18,2,8.197000,8.246000,8.212000,8.222000,8.085000,8.220000
399,19,2,8.220600,8.308000,8.212000,8.267000,8.060000,8.256000
