generation,sol_idx,emitter_id,mean_throughput,eval_0
0,0,0,5.602000,5.602000
0,1,0,2.854000,2.854000
0,2,0,5.073000,5.073000
0,3,0,2.847000,2.847000
0,4,0,3.937000,3.937000
0,5,0,5.110000,5.110000
0,6,0,2.812000,2.812000
0,7,0,2.802000,2.802000
0,8,0,3.370000,3.370000
0,9,0,5.435000,5.435000
0,10,0,3.522000,3.522000
0,11,0,2.919000,2.919000
0,12,0,2.818000,2.818000
0,13,0,4.805000,4.805000
0,14,0,4.380000,4.380000
0,15,0,5.125000,5.125000
0,16,0,5.473000,5.473000
0,17,0,5.593000,5.593000
0,18,0,3.124000,3.124000
0,19,0,2.872000,2.872000
0,20,1,5.280000,5.280000
0,21,1,2.625000,2.625000
0,22,1,5.186000,5.186000
0,23,1,5.356000,5.356000
0,24,1,3.595000,3.595000
0,25,1,5.422000,5.422000
0,26,1,2.737000,2.737000
0,27,1,5.876000,5.876000
0,28,1,3.489000,3.489000
0,29,1,4.519000,4.519000
0,30,1,4.284000,4.284000
0,31,1,4.811000,4.811000
0,32,1,2.854000,2.854000
0,33,1,5.363000,5.363000
0,34,1,3.072000,3.072000
0,35,1,3.447000,3.447000
0,36,1,5.442000,5.442000
0,37,1,2.829000,2.829000
0,38,1,4.267000,4.267000
0,39,1,2.874000,2.874000
0,40,2,2.576000,2.576000
0,41,2,3.297000,3.297000
0,42,2,5.579000,5.579000
0,43,2,5.030000,5.030000
0,44,2,2.504000,2.504000
0,45,2,5.042000,5.042000
0,46,2,4.891000,4.891000
0,47,2,2.679000,2.679000
0,48,2,2.461000,2.461000
0,49,2,5.351000,5.351000
0,50,2,5.308000,5.308000
0,51,2,4.847000,4.847000
0,52,2,4.731000,4.731000
0,53,2,5.382000,5.382000
0,54,2,4.798000,4.798000
0,55,2,2.552000,2.552000
0,56,2,5.425000,5.425000
0,57,2,5.049000,5.049000
0,58,2,4.483000,4.483000
0,59,2,5.056000,5.056000
0,60,3,2.714000,2.714000
0,61,3,3.096000,3.096000
0,62,3,5.145000,5.145000
0,63,3,5.598000,5.598000
0,64,3,4.604000,4.604000
0,65,3,5.554000,5.554000
0,66,3,5.767000,5.767000
0,67,3,2.889000,2.889000
0,68,3,2.816000,2.816000
0,69,3,5.405000,5.405000
0,70,3,3.176000,3.176000
0,71,3,2.659000,2.659000
0,72,3,4.724000,4.724000
0,73,3,4.869000,4.869000
0,74,3,2.731000,2.731000
0,75,3,2.940000,2.940000
0,76,3,4.653000,4.653000
0,77,3,2.713000,2.713000
0,78,3,5.434000,5.434000
0,79,3,4.570000,4.570000
0,80,4,2.649000,2.649000
0,81,4,3.348000,3.348000
0,82,4,2.386000,2.386000
0,83,4,3.122000,3.122000
0,84,4,5.397000,5.397000
0,85,4,2.605000,2.605000
0,86,4,2.795000,2.795000
0,87,4,3.000000,3.000000
0,88,4,2.638000,2.638000
0,89,4,4.965000,4.965000
0,90,4,5.348000,5.348000
0,91,4,5.278000,5.278000
0,92,4,5.456000,5.456000
0,93,4,2.985000,2.985000
0,94,4,5.340000,5.340000
0,95,4,5.455000,5.455000
0,96,4,3.150000,3.150000
0,97,4,5.277000,5.277000
0,98,4,2.723000,2.723000
0,99,4,3.196000,3.196000
1,0,0,4.787000,4.787000
1,1,0,5.398000,5.398000
1,2,0,5.395000,5.395000
1,3,0,5.472000,5.472000
1,4,0,5.174000,5.174000
1,5,0,3.186000,3.186000
1,6,0,4.688000,4.688000
1,7,0,5.685000,5.685000
1,8,0,5.324000,5.324000
1,9,0,5.464000,5.464000
1,10,0,3.020000,3.020000
1,11,0,5.143000,5.143000
1,12,0,2.619000,2.619000
1,13,0,5.441000,5.441000
1,14,0,4.766000,4.766000
1,15,0,2.621000,2.621000
1,16,0,5.400000,5.400000
1,17,0,4.696000,4.696000
1,18,0,3.093000,3.093000
1,19,0,5.580000,5.580000
1,20,1,5.175000,5.175000
1,21,1,5.322000,5.322000
1,22,1,3.508000,3.508000
1,23,1,2.706000,2.706000
1,24,1,4.852000,4.852000
1,25,1,5.469000,5.469000
1,26,1,5.244000,5.244000
1,27,1,5.287000,5.287000
1,28,1,5.153000,5.153000
1,29,1,4.883000,4.883000
1,30,1,4.520000,4.520000
1,31,1,5.442000,5.442000
1,32,1,5.645000,5.645000
1,33,1,5.465000,5.465000
1,34,1,5.399000,5.399000
1,35,1,5.122000,5.122000
1,36,1,5.409000,5.409000
1,37,1,5.454000,5.454000
1,38,1,2.422000,2.422000
1,39,1,5.231000,5.231000
1,40,2,5.191000,5.191000
1,41,2,5.411000,5.411000
1,42,2,5.545000,5.545000
1,43,2,4.361000,4.361000
1,44,2,5.486000,5.486000
1,45,2,5.110000,5.110000
1,46,2,4.723000,4.723000
1,47,2,5.220000,5.220000
1,48,2,4.772000,4.772000
1,49,2,2.240000,2.240000
1,50,2,4.700000,4.700000
1,51,2,5.018000,5.018000
1,52,2,5.211000,5.211000
1,53,2,5.155000,5.155000
1,54,2,4.889000,4.889000
1,55,2,4.839000,4.839000
1,56,2,3.028000,3.028000
1,57,2,5.190000,5.190000
1,58,2,5.098000,5.098000
1,59,2,5.479000,5.479000
1,60,3,4.571000,4.571000
1,61,3,5.295000,5.295000
1,62,3,4.702000,4.702000
1,63,3,5.060000,5.060000
1,64,3,5.375000,5.375000
1,65,3,5.376000,5.376000
1,66,3,5.538000,5.538000
1,67,3,5.041000,5.041000
1,68,3,5.413000,5.413000
1,69,3,4.894000,4.894000
1,70,3,5.138000,5.138000
1,71,3,5.043000,5.043000
1,72,3,4.754000,4.754000
1,73,3,5.431000,5.431000
1,74,3,5.559000,5.559000
1,75,3,4.962000,4.962000
1,76,3,4.285000,4.285000
1,77,3,5.502000,5.502000
1,78,3,5.177000,5.177000
1,79,3,5.064000,5.064000
1,80,4,5.173000,5.173000
1,81,4,2.685000,2.685000
1,82,4,5.409000,5.409000
1,83,4,2.802000,2.802000
1,84,4,5.390000,5.390000
1,85,4,5.150000,5.150000
1,86,4,5.438000,5.438000
1,87,4,5.392000,5.392000
1,88,4,5.437000,5.437000
1,89,4,4.322000,4.322000
1,90,4,5.308000,5.308000
1,91,4,4.679000,4.679000
1,92,4,5.288000,5.288000
1,93,4,2.884000,2.884000
1,94,4,5.208000,5.208000
1,95,4,2.651000,2.651000
1,96,4,4.626000,4.626000
1,97,4,3.333000,3.333000
1,98,4,5.480000,5.480000
1,99,4,5.756000,5.756000
2,0,0,5.081000,5.081000
2,1,0,4.725000,4.725000
2,2,0,4.500000,4.500000
2,3,0,5.442000,5.442000
2,4,0,5.347000,5.347000
2,5,0,5.107000,5.107000
2,6,0,5.356000,5.356000
2,7,0,5.146000,5.146000
2,8,0,5.218000,5.218000
2,9,0,5.021000,5.021000
2,10,0,5.169000,5.169000
2,11,0,5.479000,5.479000
2,12,0,5.454000,5.454000
2,13,0,5.683000,5.683000
2,14,0,3.699000,3.699000
2,15,0,5.027000,5.027000
2,16,0,5.428000,5.428000
2,17,0,3.743000,3.743000
2,18,0,2.832000,2.832000
2,19,0,4.671000,4.671000
2,20,1,5.492000,5.492000
2,21,1,5.321000,5.321000
2,22,1,5.141000,5.141000
2,23,1,5.429000,5.429000
2,24,1,5.422000,5.422000
2,25,1,5.475000,5.475000
2,26,1,5.510000,5.510000
2,27,1,5.736000,5.736000
2,28,1,5.413000,5.413000
2,29,1,4.836000,4.836000
2,30,1,4.637000,4.637000
2,31,1,4.949000,4.949000
2,32,1,5.316000,5.316000
2,33,1,5.532000,5.532000
2,34,1,5.285000,5.285000
2,35,1,5.537000,5.537000
2,36,1,5.058000,5.058000
2,37,1,5.581000,5.581000
2,38,1,5.704000,5.704000
2,39,1,5.535000,5.535000
2,40,2,5.380000,5.380000
2,41,2,4.861000,4.861000
2,42,2,2.708000,2.708000
2,43,2,5.141000,5.141000
2,44,2,5.246000,5.246000
2,45,2,5.272000,5.272000
2,46,2,5.365000,5.365000
2,47,2,5.125000,5.125000
2,48,2,5.023000,5.023000
2,49,2,4.537000,4.537000
2,50,2,2.662000,2.662000
2,51,2,5.542000,5.542000
2,52,2,4.761000,4.761000
2,53,2,3.852000,3.852000
2,54,2,5.183000,5.183000
2,55,2,5.434000,5.434000
2,56,2,4.787000,4.787000
2,57,2,5.469000,5.469000
2,58,2,4.967000,4.967000
2,59,2,4.460000,4.460000
2,60,3,4.814000,4.814000
2,61,3,5.668000,5.668000
2,62,3,3.020000,3.020000
2,63,3,4.795000,4.795000
2,64,3,5.477000,5.477000
2,65,3,5.121000,5.121000
2,66,3,5.436000,5.436000
2,67,3,5.496000,5.496000
2,68,3,5.485000,5.485000
2,69,3,4.663000,4.663000
2,70,3,5.181000,5.181000
2,71,3,5.489000,5.489000
2,72,3,4.848000,4.848000
2,73,3,5.163000,5.163000
2,74,3,5.675000,5.675000
2,75,3,5.224000,5.224000
2,76,3,5.457000,5.457000
2,77,3,5.030000,5.030000
2,78,3,2.747000,2.747000
2,79,3,5.375000,5.375000
2,80,4,4.891000,4.891000
2,81,4,5.198000,5.198000
2,82,4,3.236000,3.236000
2,83,4,5.206000,5.206000
2,84,4,5.264000,5.264000
2,85,4,5.028000,5.028000
2,86,4,5.720000,5.720000
2,87,4,5.663000,5.663000
2,88,4,2.636000,2.636000
2,89,4,5.360000,5.360000
2,90,4,5.259000,5.259000
2,91,4,5.460000,5.460000
2,92,4,3.768000,3.768000
2,93,4,5.497000,5.497000
2,94,4,5.407000,5.407000
2,95,4,3.405000,3.405000
2,96,4,5.260000,5.260000
2,97,4,5.390000,5.390000
2,98,4,5.046000,5.046000
2,99,4,5.520000,5.520000
3,0,0,5.088000,5.088000
3,1,0,4.800000,4.800000
3,2,0,5.494000,5.494000
3,3,0,5.459000,5.459000
3,4,0,5.154000,5.154000
3,5,0,5.424000,5.424000
3,6,0,5.132000,5.132000
3,7,0,2.739000,2.739000
3,8,0,5.095000,5.095000
3,9,0,5.512000,5.512000
3,10,0,5.793000,5.793000
3,11,0,5.623000,5.623000
3,12,0,5.498000,5.498000
3,13,0,5.225000,5.225000
3,14,0,5.278000,5.278000
3,15,0,5.248000,5.248000
3,16,0,5.031000,5.031000
3,17,0,5.248000,5.248000
3,18,0,5.387000,5.387000
3,19,0,4.963000,4.963000
3,20,1,5.174000,5.174000
3,21,1,5.322000,5.322000
3,22,1,4.924000,4.924000
3,23,1,5.795000,5.795000
3,24,1,4.738000,4.738000
3,25,1,5.730000,5.730000
3,26,1,5.464000,5.464000
3,27,1,5.596000,5.596000
3,28,1,5.047000,5.047000
3,29,1,5.271000,5.271000
3,30,1,5.473000,5.473000
3,31,1,5.269000,5.269000
3,32,1,4.908000,4.908000
3,33,1,5.289000,5.289000
3,34,1,4.931000,4.931000
3,35,1,5.316000,5.316000
3,36,1,5.416000,5.416000
3,37,1,4.845000,4.845000
3,38,1,5.526000,5.526000
3,39,1,5.532000,5.532000
3,40,2,5.217000,5.217000
3,41,2,5.346000,5.346000
3,42,2,5.449000,5.449000
3,43,2,5.186000,5.186000
3,44,2,4.856000,4.856000
3,45,2,5.197000,5.197000
3,46,2,5.456000,5.456000
3,47,2,5.321000,5.321000
3,48,2,4.834000,4.834000
3,49,2,5.561000,5.561000
3,50,2,5.570000,5.570000
3,51,2,5.189000,5.189000
3,52,2,4.480000,4.480000
3,53,2,5.403000,5.403000
3,54,2,4.442000,4.442000
3,55,2,5.845000,5.845000
3,56,2,4.959000,4.959000
3,57,2,5.296000,5.296000
3,58,2,4.747000,4.747000
3,59,2,4.818000,4.818000
3,60,3,5.438000,5.438000
3,61,3,5.712000,5.712000
3,62,3,5.244000,5.244000
3,63,3,4.705000,4.705000
3,64,3,5.222000,5.222000
3,65,3,5.393000,5.393000
3,66,3,4.409000,4.409000
3,67,3,5.114000,5.114000
3,68,3,4.957000,4.957000
3,69,3,5.502000,5.502000
3,70,3,4.698000,4.698000
3,71,3,5.093000,5.093000
3,72,3,5.465000,5.465000
3,73,3,5.131000,5.131000
3,74,3,5.147000,5.147000
3,75,3,5.129000,5.129000
3,76,3,5.078000,5.078000
3,77,3,4.759000,4.759000
3,78,3,4.650000,4.650000
3,79,3,5.323000,5.323000
3,80,4,5.461000,5.461000
3,81,4,5.382000,5.382000
3,82,4,5.267000,5.267000
3,83,4,4.967000,4.967000
3,84,4,4.927000,4.927000
3,85,4,5.327000,5.327000
3,86,4,4.982000,4.982000
3,87,4,5.453000,5.453000
3,88,4,5.535000,5.535000
3,89,4,5.182000,5.182000
3,90,4,5.587000,5.587000
3,91,4,5.332000,5.332000
3,92,4,5.514000,5.514000
3,93,4,5.037000,5.037000
3,94,4,5.616000,5.616000
3,95,4,5.426000,5.426000
3,96,4,5.251000,5.251000
3,97,4,5.314000,5.314000
3,98,4,5.476000,5.476000
3,99,4,4.648000,4.648000
4,0,0,5.226000,5.226000
4,1,0,5.427000,5.427000
4,2,0,5.079000,5.079000
4,3,0,5.692000,5.692000
4,4,0,5.593000,5.593000
4,5,0,5.018000,5.018000
4,6,0,5.216000,5.216000
4,7,0,5.363000,5.363000
4,8,0,5.075000,5.075000
4,9,0,5.142000,5.142000
4,10,0,2.575000,2.575000
4,11,0,5.455000,5.455000
4,12,0,4.615000,4.615000
4,13,0,5.237000,5.237000
4,14,0,5.090000,5.090000
4,15,0,5.439000,5.439000
4,16,0,5.446000,5.446000
4,17,0,4.729000,4.729000
4,18,0,5.214000,5.214000
4,19,0,5.493000,5.493000
4,20,1,5.515000,5.515000
4,21,1,5.127000,5.127000
4,22,1,5.071000,5.071000
4,23,1,4.599000,4.599000
4,24,1,5.661000,5.661000
4,25,1,5.041000,5.041000
4,26,1,5.497000,5.497000
4,27,1,5.585000,5.585000
4,28,1,5.503000,5.503000
4,29,1,4.978000,4.978000
4,30,1,5.124000,5.124000
4,31,1,5.248000,5.248000
4,32,1,5.223000,5.223000
4,33,1,5.304000,5.304000
4,34,1,5.645000,5.645000
4,35,1,5.395000,5.395000
4,36,1,5.590000,5.590000
4,37,1,5.731000,5.731000
4,38,1,5.127000,5.127000
4,39,1,5.043000,5.043000
4,40,2,5.492000,5.492000
4,41,2,5.772000,5.772000
4,42,2,5.428000,5.428000
4,43,2,5.192000,5.192000
4,44,2,3.624000,3.624000
4,45,2,4.833000,4.833000
4,46,2,5.570000,5.570000
4,47,2,4.617000,4.617000
4,48,2,4.845000,4.845000
4,49,2,5.135000,5.135000
4,50,2,5.447000,5.447000
4,51,2,4.858000,4.858000
4,52,2,5.539000,5.539000
4,53,2,5.100000,5.100000
4,54,2,2.993000,2.993000
4,55,2,5.701000,5.701000
4,56,2,5.212000,5.212000
4,57,2,5.108000,5.108000
4,58,2,5.675000,5.675000
4,59,2,4.409000,4.409000
4,60,3,5.436000,5.436000
4,61,3,5.465000,5.465000
4,62,3,5.081000,5.081000
4,63,3,4.657000,4.657000
4,64,3,5.523000,5.523000
4,65,3,5.381000,5.381000
4,66,3,5.751000,5.751000
4,67,3,5.638000,5.638000
4,68,3,2.902000,2.902000
4,69,3,5.607000,5.607000
4,70,3,5.295000,5.295000
4,71,3,5.409000,5.409000
4,72,3,5.189000,5.189000
4,73,3,5.609000,5.609000
4,74,3,5.060000,5.060000
4,75,3,5.479000,5.479000
4,76,3,5.091000,5.091000
4,77,3,5.090000,5.090000
4,78,3,5.219000,5.219000
4,79,3,5.474000,5.474000
4,80,4,5.416000,5.416000
4,81,4,5.382000,5.382000
4,82,4,3.075000,3.075000
4,83,4,5.310000,5.310000
4,84,4,3.597000,3.597000
4,85,4,5.184000,5.184000
4,86,4,4.907000,4.907000
4,87,4,5.734000,5.734000
4,88,4,5.165000,5.165000
4,89,4,4.667000,4.667000
4,90,4,5.060000,5.060000
4,91,4,5.106000,5.106000
4,92,4,5.498000,5.498000
4,93,4,5.444000,5.444000
4,94,4,5.448000,5.448000
4,95,4,5.201000,5.201000
4,96,4,5.405000,5.405000
4,97,4,4.958000,4.958000
4,98,4,5.447000,5.447000
4,99,4,5.392000,5.392000
5,0,0,5.497000,5.497000
5,1,0,5.329000,5.329000
5,2,0,5.190000,5.190000
5,3,0,4.827000,4.827000
5,4,0,5.177000,5.177000
5,5,0,4.750000,4.750000
5,6,0,5.459000,5.459000
5,7,0,5.586000,5.586000
5,8,0,5.960000,5.960000
5,9,0,4.841000,4.841000
5,10,0,5.589000,5.589000
5,11,0,4.762000,4.762000
5,12,0,5.358000,5.358000
5,13,0,5.238000,5.238000
5,14,0,4.747000,4.747000
5,15,0,5.011000,5.011000
5,16,0,5.475000,5.475000
5,17,0,5.305000,5.305000
5,18,0,5.397000,5.397000
5,19,0,5.072000,5.072000
5,20,1,5.485000,5.485000
5,21,1,5.280000,5.280000
5,22,1,5.273000,5.273000
5,23,1,5.550000,5.550000
5,24,1,4.776000,4.776000
5,25,1,5.308000,5.308000
5,26,1,5.762000,5.762000
5,27,1,5.066000,5.066000
5,28,1,5.570000,5.570000
5,29,1,5.401000,5.401000
5,30,1,5.378000,5.378000
5,31,1,5.538000,5.538000
5,32,1,5.502000,5.502000
5,33,1,5.270000,5.270000
5,34,1,4.638000,4.638000
5,35,1,5.660000,5.660000
5,36,1,5.740000,5.740000
5,37,1,5.527000,5.527000
5,38,1,5.272000,5.272000
5,39,1,5.635000,5.635000
5,40,2,5.673000,5.673000
5,41,2,4.340000,4.340000
5,42,2,5.166000,5.166000
5,43,2,5.566000,5.566000
5,44,2,5.524000,5.524000
5,45,2,5.461000,5.461000
5,46,2,5.092000,5.092000
5,47,2,5.509000,5.509000
5,48,2,5.161000,5.161000
5,49,2,5.528000,5.528000
5,50,2,5.710000,5.710000
5,51,2,5.240000,5.240000
5,52,2,5.295000,5.295000
5,53,2,5.271000,5.271000
5,54,2,5.152000,5.152000
5,55,2,5.103000,5.103000
5,56,2,5.127000,5.127000
5,57,2,5.493000,5.493000
5,58,2,5.453000,5.453000
5,59,2,5.622000,5.622000
5,60,3,5.368000,5.368000
5,61,3,4.934000,4.934000
5,62,3,5.273000,5.273000
5,63,3,5.431000,5.431000
5,64,3,5.551000,5.551000
5,65,3,5.008000,5.008000
5,66,3,5.487000,5.487000
5,67,3,5.204000,5.204000
5,68,3,5.021000,5.021000
5,69,3,5.456000,5.456000
5,70,3,5.287000,5.287000
5,71,3,5.479000,5.479000
5,72,3,4.707000,4.707000
5,73,3,5.208000,5.208000
5,74,3,5.087000,5.087000
5,75,3,5.563000,5.563000
5,76,3,4.876000,4.876000
5,77,3,5.729000,5.729000
5,78,3,5.191000,5.191000
5,79,3,5.898000,5.898000
5,80,4,4.980000,4.980000
5,81,4,5.535000,5.535000
5,82,4,5.457000,5.457000
5,83,4,5.423000,5.423000
5,84,4,5.484000,5.484000
5,85,4,4.791000,4.791000
5,86,4,5.635000,5.635000
5,87,4,5.306000,5.306000
5,88,4,5.749000,5.749000
5,89,4,5.629000,5.629000
5,90,4,5.403000,5.403000
5,91,4,5.377000,5.377000
5,92,4,5.709000,5.709000
5,93,4,5.763000,5.763000
5,94,4,5.799000,5.799000
5,95,4,5.454000,5.454000
5,96,4,5.805000,5.805000
5,97,4,5.562000,5.562000
5,98,4,5.167000,5.167000
5,99,4,5.752000,5.752000
6,0,0,5.291000,5.291000
6,1,0,5.304000,5.304000
6,2,0,5.468000,5.468000
6,3,0,5.531000,5.531000
6,4,0,5.017000,5.017000
6,5,0,5.194000,5.194000
6,6,0,5.801000,5.801000
6,7,0,5.179000,5.179000
6,8,0,5.377000,5.377000
6,9,0,4.836000,4.836000
6,10,0,5.472000,5.472000
6,11,0,5.240000,5.240000
6,12,0,4.821000,4.821000
6,13,0,5.546000,5.546000
6,14,0,5.086000,5.086000
6,15,0,4.834000,4.834000
6,16,0,5.386000,5.386000
6,17,0,4.931000,4.931000
6,18,0,5.467000,5.467000
6,19,0,5.003000,5.003000
6,20,1,5.438000,5.438000
6,21,1,5.251000,5.251000
6,22,1,5.493000,5.493000
6,23,1,5.376000,5.376000
6,24,1,5.527000,5.527000
6,25,1,5.689000,5.689000
6,26,1,5.155000,5.155000
6,27,1,5.553000,5.553000
6,28,1,5.388000,5.388000
6,29,1,5.370000,5.370000
6,30,1,5.319000,5.319000
6,31,1,5.542000,5.542000
6,32,1,5.431000,5.431000
6,33,1,5.402000,5.402000
6,34,1,5.446000,5.446000
6,35,1,5.469000,5.469000
6,36,1,4.360000,4.360000
6,37,1,5.455000,5.455000
6,38,1,5.260000,5.260000
6,39,1,5.330000,5.330000
6,40,2,5.200000,5.200000
6,41,2,4.961000,4.961000
6,42,2,5.670000,5.670000
6,43,2,4.832000,4.832000
6,44,2,5.031000,5.031000
6,45,2,5.575000,5.575000
6,46,2,5.097000,5.097000
6,47,2,5.141000,5.141000
6,48,2,4.816000,4.816000
6,49,2,4.808000,4.808000
6,50,2,5.377000,5.377000
6,51,2,5.227000,5.227000
6,52,2,5.614000,5.614000
6,53,2,5.387000,5.387000
6,54,2,4.731000,4.731000
6,55,2,5.286000,5.286000
6,56,2,5.427000,5.427000
6,57,2,3.139000,3.139000
6,58,2,4.966000,4.966000
6,59,2,4.842000,4.842000
6,60,3,5.318000,5.318000
6,61,3,5.121000,5.121000
6,62,3,5.342000,5.342000
6,63,3,4.772000,4.772000
6,64,3,5.333000,5.333000
6,65,3,5.185000,5.185000
6,66,3,5.508000,5.508000
6,67,3,4.770000,4.770000
6,68,3,5.287000,5.287000
6,69,3,5.742000,5.742000
6,70,3,5.428000,5.428000
6,71,3,5.750000,5.750000
6,72,3,5.528000,5.528000
6,73,3,5.225000,5.225000
6,74,3,5.438000,5.438000
6,75,3,4.718000,4.718000
6,76,3,5.576000,5.576000
6,77,3,5.590000,5.590000
6,78,3,5.235000,5.235000
6,79,3,5.120000,5.120000
6,80,4,5.566000,5.566000
6,81,4,5.526000,5.526000
6,82,4,5.557000,5.557000
6,83,4,5.208000,5.208000
6,84,4,5.654000,5.654000
6,85,4,5.323000,5.323000
6,86,4,3.551000,3.551000
6,87,4,5.689000,5.689000
6,88,4,5.430000,5.430000
6,89,4,5.260000,5.260000
6,90,4,5.357000,5.357000
6,91,4,5.255000,5.255000
6,92,4,5.267000,5.267000
6,93,4,5.089000,5.089000
6,94,4,5.485000,5.485000
6,95,4,3.202000,3.202000
6,96,4,3.054000,3.054000
6,97,4,3.642000,3.642000
6,98,4,5.414000,5.414000
6,99,4,5.169000,5.169000
7,0,0,5.626000,5.626000
7,1,0,4.666000,4.666000
7,2,0,5.001000,5.001000
7,3,0,5.398000,5.398000
7,4,0,5.312000,5.312000
7,5,0,5.315000,5.315000
7,6,0,5.228000,5.228000
7,7,0,5.605000,5.605000
7,8,0,4.991000,4.991000
7,9,0,5.088000,5.088000
7,10,0,5.608000,5.608000
7,11,0,4.675000,4.675000
7,12,0,5.678000,5.678000
7,13,0,5.332000,5.332000
7,14,0,5.209000,5.209000
7,15,0,5.079000,5.079000
7,16,0,5.190000,5.190000
7,17,0,5.128000,5.128000
7,18,0,5.578000,5.578000
7,19,0,5.533000,5.533000
7,20,1,4.478000,4.478000
7,21,1,5.734000,5.734000
7,22,1,5.613000,5.613000
7,23,1,5.358000,5.358000
7,24,1,5.195000,5.195000
7,25,1,4.978000,4.978000
7,26,1,5.251000,5.251000
7,27,1,5.432000,5.432000
7,28,1,5.241000,5.241000
7,29,1,5.808000,5.808000
7,30,1,5.243000,5.243000
7,31,1,5.285000,5.285000
7,32,1,5.733000,5.733000
7,33,1,4.715000,4.715000
7,34,1,5.049000,5.049000
7,35,1,5.425000,5.425000
7,36,1,5.712000,5.712000
7,37,1,5.502000,5.502000
7,38,1,5.596000,5.596000
7,39,1,5.328000,5.328000
7,40,2,5.073000,5.073000
7,41,2,4.826000,4.826000
7,42,2,5.282000,5.282000
7,43,2,5.440000,5.440000
7,44,2,5.175000,5.175000
7,45,2,5.378000,5.378000
7,46,2,4.561000,4.561000
7,47,2,5.568000,5.568000
7,48,2,5.229000,5.229000
7,49,2,5.112000,5.112000
7,50,2,5.570000,5.570000
7,51,2,5.240000,5.240000
7,52,2,4.786000,4.786000
7,53,2,5.722000,5.722000
7,54,2,4.812000,4.812000
7,55,2,4.862000,4.862000
7,56,2,5.138000,5.138000
7,57,2,5.611000,5.611000
7,58,2,5.702000,5.702000
7,59,2,4.985000,4.985000
7,60,3,5.322000,5.322000
7,61,3,5.564000,5.564000
7,62,3,5.564000,5.564000
7,63,3,5.817000,5.817000
7,64,3,5.434000,5.434000
7,65,3,5.386000,5.386000
7,66,3,5.394000,5.394000
7,67,3,5.023000,5.023000
7,68,3,5.068000,5.068000
7,69,3,4.760000,4.760000
7,70,3,5.798000,5.798000
7,71,3,5.667000,5.667000
7,72,3,5.420000,5.420000
7,73,3,5.279000,5.279000
7,74,3,5.741000,5.741000
7,75,3,5.501000,5.501000
7,76,3,5.835000,5.835000
7,77,3,5.557000,5.557000
7,78,3,5.437000,5.437000
7,79,3,5.621000,5.621000
7,80,4,5.250000,5.250000
7,81,4,5.390000,5.390000
7,82,4,5.486000,5.486000
7,83,4,5.395000,5.395000
7,84,4,5.515000,5.515000
7,85,4,5.267000,5.267000
7,86,4,5.388000,5.388000
7,87,4,5.290000,5.290000
7,88,4,5.337000,5.337000
7,89,4,5.318000,5.318000
7,90,4,5.068000,5.068000
7,91,4,5.069000,5.069000
7,92,4,5.126000,5.126000
7,93,4,5.724000,5.724000
7,94,4,5.742000,5.742000
7,95,4,5.538000,5.538000
7,96,4,5.514000,5.514000
7,97,4,5.186000,5.186000
7,98,4,5.610000,5.610000
7,99,4,5.332000,5.332000
8,0,0,5.636000,5.636000
8,1,0,4.672000,4.672000
8,2,0,5.231000,5.231000
8,3,0,5.763000,5.763000
8,4,0,4.525000,4.525000
8,5,0,5.642000,5.642000
8,6,0,4.808000,4.808000
8,7,0,5.148000,5.148000
8,8,0,5.315000,5.315000
8,9,0,5.822000,5.822000
8,10,0,5.488000,5.488000
8,11,0,4.633000,4.633000
8,12,0,5.493000,5.493000
8,13,0,5.303000,5.303000
8,14,0,5.231000,5.231000
8,15,0,5.199000,5.199000
8,16,0,5.324000,5.324000
8,17,0,5.330000,5.330000
8,18,0,5.314000,5.314000
8,19,0,5.742000,5.742000
8,20,1,5.696000,5.696000
8,21,1,5.158000,5.158000
8,22,1,5.749000,5.749000
8,23,1,5.677000,5.677000
8,24,1,5.675000,5.675000
8,25,1,5.108000,5.108000
8,26,1,4.823000,4.823000
8,27,1,5.484000,5.484000
8,28,1,5.332000,5.332000
8,29,1,5.588000,5.588000
8,30,1,5.595000,5.595000
8,31,1,5.704000,5.704000
8,32,1,4.869000,4.869000
8,33,1,5.515000,5.515000
8,34,1,6.150000,6.150000
8,35,1,5.152000,5.152000
8,36,1,5.609000,5.609000
8,37,1,5.897000,5.897000
8,38,1,4.472000,4.472000
8,39,1,5.270000,5.270000
8,40,2,5.404000,5.404000
8,41,2,4.827000,4.827000
8,42,2,4.961000,4.961000
8,43,2,5.373000,5.373000
8,44,2,4.773000,4.773000
8,45,2,5.582000,5.582000
8,46,2,5.530000,5.530000
8,47,2,4.966000,4.966000
8,48,2,4.866000,4.866000
8,49,2,5.436000,5.436000
8,50,2,5.211000,5.211000
8,51,2,5.389000,5.389000
8,52,2,5.192000,5.192000
8,53,2,5.494000,5.494000
8,54,2,5.082000,5.082000
8,55,2,5.447000,5.447000
8,56,2,5.376000,5.376000
8,57,2,5.687000,5.687000
8,58,2,5.410000,5.410000
8,59,2,5.478000,5.478000
8,60,3,5.022000,5.022000
8,61,3,5.363000,5.363000
8,62,3,5.548000,5.548000
8,63,3,5.418000,5.418000
8,64,3,5.366000,5.366000
8,65,3,5.481000,5.481000
8,66,3,5.582000,5.582000
8,67,3,5.597000,5.597000
8,68,3,5.185000,5.185000
8,69,3,5.691000,5.691000
8,70,3,5.586000,5.586000
8,71,3,5.462000,5.462000
8,72,3,5.125000,5.125000
8,73,3,5.739000,5.739000
8,74,3,5.721000,5.721000
8,75,3,5.384000,5.384000
8,76,3,5.719000,5.719000
8,77,3,5.086000,5.086000
8,78,3,5.488000,5.488000
8,79,3,5.324000,5.324000
8,80,4,5.643000,5.643000
8,81,4,5.052000,5.052000
8,82,4,5.501000,5.501000
8,83,4,5.784000,5.784000
8,84,4,5.754000,5.754000
8,85,4,5.437000,5.437000
8,86,4,3.205000,3.205000
8,87,4,5.196000,5.196000
8,88,4,5.592000,5.592000
8,89,4,5.560000,5.560000
8,90,4,5.569000,5.569000
8,91,4,5.414000,5.414000
8,92,4,5.500000,5.500000
8,93,4,5.133000,5.133000
8,94,4,3.711000,3.711000
8,95,4,5.445000,5.445000
8,96,4,5.793000,5.793000
8,97,4,5.168000,5.168000
8,98,4,5.734000,5.734000
8,99,4,5.396000,5.396000
9,0,0,5.280000,5.280000
9,1,0,5.546000,5.546000
9,2,0,5.731000,5.731000
9,3,0,5.386000,5.386000
9,4,0,5.362000,5.362000
9,5,0,4.867000,4.867000
9,6,0,5.436000,5.436000
9,7,0,5.693000,5.693000
9,8,0,5.321000,5.321000
9,9,0,4.795000,4.795000
9,10,0,5.051000,5.051000
9,11,0,4.820000,4.820000
9,12,0,5.552000,5.552000
9,13,0,5.518000,5.518000
9,14,0,5.422000,5.422000
9,15,0,4.707000,4.707000
9,16,0,5.590000,5.590000
9,17,0,5.313000,5.313000
9,18,0,5.394000,5.394000
9,19,0,5.404000,5.404000
9,20,1,5.350000,5.350000
9,21,1,5.300000,5.300000
9,22,1,5.676000,5.676000
9,23,1,5.206000,5.206000
9,24,1,5.579000,5.579000
9,25,1,5.829000,5.829000
9,26,1,4.885000,4.885000
9,27,1,5.297000,5.297000
9,28,1,5.829000,5.829000
9,29,1,4.757000,4.757000
9,30,1,5.708000,5.708000
9,31,1,5.614000,5.614000
9,32,1,5.648000,5.648000
9,33,1,5.573000,5.573000
9,34,1,5.564000,5.564000
9,35,1,5.229000,5.229000
9,36,1,5.819000,5.819000
9,37,1,5.427000,5.427000
9,38,1,5.093000,5.093000
9,39,1,5.706000,5.706000
9,40,2,5.408000,5.408000
9,41,2,5.593000,5.593000
9,42,2,4.880000,4.880000
9,43,2,5.089000,5.089000
9,44,2,5.585000,5.585000
9,45,2,4.820000,4.820000
9,46,2,4.959000,4.959000
9,47,2,4.802000,4.802000
9,48,2,5.507000,5.507000
9,49,2,5.174000,5.174000
9,50,2,5.129000,5.129000
9,51,2,5.534000,5.534000
9,52,2,5.564000,5.564000
9,53,2,4.945000,4.945000
9,54,2,5.352000,5.352000
9,55,2,5.353000,5.353000
9,56,2,5.024000,5.024000
9,57,2,5.478000,5.478000
9,58,2,5.645000,5.645000
9,59,2,5.371000,5.371000
9,60,3,5.094000,5.094000
9,61,3,5.805000,5.805000
9,62,3,5.069000,5.069000
9,63,3,5.614000,5.614000
9,64,3,5.384000,5.384000
9,65,3,5.668000,5.668000
9,66,3,5.426000,5.426000
9,67,3,5.403000,5.403000
9,68,3,5.896000,5.896000
9,69,3,5.532000,5.532000
9,70,3,5.242000,5.242000
9,71,3,5.419000,5.419000
9,72,3,5.444000,5.444000
9,73,3,6.210000,6.210000
9,74,3,5.617000,5.617000
9,75,3,6.002000,6.002000
9,76,3,5.535000,5.535000
9,77,3,4.958000,4.958000
9,78,3,5.628000,5.628000
9,79,3,5.817000,5.817000
9,80,4,5.583000,5.583000
9,81,4,5.534000,5.534000
9,82,4,5.642000,5.642000
9,83,4,5.540000,5.540000
9,84,4,5.374000,5.374000
9,85,4,5.079000,5.079000
9,86,4,5.497000,5.497000
9,87,4,5.073000,5.073000
9,88,4,5.729000,5.729000
9,89,4,5.427000,5.427000
9,90,4,5.084000,5.084000
9,91,4,5.866000,5.866000
9,92,4,5.697000,5.697000
9,93,4,5.417000,5.417000
9,94,4,5.502000,5.502000
9,95,4,5.559000,5.559000
9,96,4,5.491000,5.491000
9,97,4,5.590000,5.590000
9,98,4,5.051000,5.051000
9,99,4,5.752000,5.752000
10,0,0,5.657000,5.657000
10,1,0,5.480000,5.480000
10,2,0,5.095000,5.095000
10,3,0,5.512000,5.512000
10,4,0,5.140000,5.140000
10,5,0,5.536000,5.536000
10,6,0,5.189000,5.189000
10,7,0,5.597000,5.597000
10,8,0,5.167000,5.167000
10,9,0,5.391000,5.391000
10,10,0,4.983000,4.983000
10,11,0,5.374000,5.374000
10,12,0,4.790000,4.790000
10,13,0,5.541000,5.541000
10,14,0,5.346000,5.346000
10,15,0,5.546000,5.546000
10,16,0,5.364000,5.364000
10,17,0,5.222000,5.222000
10,18,0,5.658000,5.658000
10,19,0,5.490000,5.490000
10,20,1,5.360000,5.360000
10,21,1,5.668000,5.668000
10,22,1,5.621000,5.621000
10,23,1,5.694000,5.694000
10,24,1,5.683000,5.683000
10,25,1,5.224000,5.224000
10,26,1,5.453000,5.453000
10,27,1,5.591000,5.591000
10,28,1,5.776000,5.776000
10,29,1,4.941000,4.941000
10,30,1,5.332000,5.332000
10,31,1,5.385000,5.385000
10,32,1,5.429000,5.429000
10,33,1,5.695000,5.695000
10,34,1,5.744000,5.744000
10,35,1,5.642000,5.642000
10,36,1,5.673000,5.673000
10,37,1,5.479000,5.479000
10,38,1,5.726000,5.726000
10,39,1,4.658000,4.658000
10,40,2,5.281000,5.281000
10,41,2,5.544000,5.544000
10,42,2,5.716000,5.716000
10,43,2,5.699000,5.699000
10,44,2,5.389000,5.389000
10,45,2,5.455000,5.455000
10,46,2,5.596000,5.596000
10,47,2,5.598000,5.598000
10,48,2,5.596000,5.596000
10,49,2,5.746000,5.746000
10,50,2,5.395000,5.395000
10,51,2,5.949000,5.949000
10,52,2,5.484000,5.484000
10,53,2,5.471000,5.471000
10,54,2,5.619000,5.619000
10,55,2,5.904000,5.904000
10,56,2,5.367000,5.367000
10,57,2,5.496000,5.496000
10,58,2,5.248000,5.248000
10,59,2,5.281000,5.281000
10,60,3,5.584000,5.584000
10,61,3,5.748000,5.748000
10,62,3,5.283000,5.283000
10,63,3,5.353000,5.353000
10,64,3,5.426000,5.426000
10,65,3,5.139000,5.139000
10,66,3,5.069000,5.069000
10,67,3,5.467000,5.467000
10,68,3,5.633000,5.633000
10,69,3,5.435000,5.435000
10,70,3,5.540000,5.540000
10,71,3,5.411000,5.411000
10,72,3,5.297000,5.297000
10,73,3,5.339000,5.339000
10,74,3,5.908000,5.908000
10,75,3,5.408000,5.408000
10,76,3,5.012000,5.012000
10,77,3,5.600000,5.600000
10,78,3,5.662000,5.662000
10,79,3,5.574000,5.574000
10,80,4,6.031000,6.031000
10,81,4,5.291000,5.291000
10,82,4,5.608000,5.608000
10,83,4,5.476000,5.476000
10,84,4,5.402000,5.402000
10,85,4,5.511000,5.511000
10,86,4,5.644000,5.644000
10,87,4,4.944000,4.944000
10,88,4,5.631000,5.631000
10,89,4,5.357000,5.357000
10,90,4,5.104000,5.104000
10,91,4,5.325000,5.325000
10,92,4,4.848000,4.848000
10,93,4,5.452000,5.452000
10,94,4,5.459000,5.459000
10,95,4,5.703000,5.703000
10,96,4,5.374000,5.374000
10,97,4,5.803000,5.803000
10,98,4,5.242000,5.242000
10,99,4,5.405000,5.405000
11,0,0,5.591000,5.591000
11,1,0,5.491000,5.491000
11,2,0,5.484000,5.484000
11,3,0,5.461000,5.461000
11,4,0,5.521000,5.521000
11,5,0,5.554000,5.554000
11,6,0,5.322000,5.322000
11,7,0,4.505000,4.505000
11,8,0,5.277000,5.277000
11,9,0,4.759000,4.759000
11,10,0,5.394000,5.394000
11,11,0,5.645000,5.645000
11,12,0,4.775000,4.775000
11,13,0,5.394000,5.394000
11,14,0,5.369000,5.369000
11,15,0,5.348000,5.348000
11,16,0,5.270000,5.270000
11,17,0,5.515000,5.515000
11,18,0,5.641000,5.641000
11,19,0,5.312000,5.312000
11,20,1,4.994000,4.994000
11,21,1,5.571000,5.571000
11,22,1,5.358000,5.358000
11,23,1,4.944000,4.944000
11,24,1,5.575000,5.575000
11,25,1,5.548000,5.548000
11,26,1,5.731000,5.731000
11,27,1,5.218000,5.218000
11,28,1,5.377000,5.377000
11,29,1,5.735000,5.735000
11,30,1,5.824000,5.824000
11,31,1,5.565000,5.565000
11,32,1,4.833000,4.833000
11,33,1,5.870000,5.870000
11,34,1,5.330000,5.330000
11,35,1,5.444000,5.444000
11,36,1,5.578000,5.578000
11,37,1,5.588000,5.588000
11,38,1,5.213000,5.213000
11,39,1,5.483000,5.483000
11,40,2,5.227000,5.227000
11,41,2,5.453000,5.453000
11,42,2,5.834000,5.834000
11,43,2,5.222000,5.222000
11,44,2,4.762000,4.762000
11,45,2,5.279000,5.279000
11,46,2,5.510000,5.510000
11,47,2,5.435000,5.435000
11,48,2,4.557000,4.557000
11,49,2,5.514000,5.514000
11,50,2,5.292000,5.292000
11,51,2,5.790000,5.790000
11,52,2,5.606000,5.606000
11,53,2,4.992000,4.992000
11,54,2,4.480000,4.480000
11,55,2,5.310000,5.310000
11,56,2,5.502000,5.502000
11,57,2,5.332000,5.332000
11,58,2,5.780000,5.780000
11,59,2,5.186000,5.186000
11,60,3,4.769000,4.769000
11,61,3,5.702000,5.702000
11,62,3,5.234000,5.234000
11,63,3,4.521000,4.521000
11,64,3,4.647000,4.647000
11,65,3,5.943000,5.943000
11,66,3,5.403000,5.403000
11,67,3,5.623000,5.623000
11,68,3,5.868000,5.868000
11,69,3,5.701000,5.701000
11,70,3,5.813000,5.813000
11,71,3,5.923000,5.923000
11,72,3,5.237000,5.237000
11,73,3,5.863000,5.863000
11,74,3,5.435000,5.435000
11,75,3,4.838000,4.838000
11,76,3,5.129000,5.129000
11,77,3,5.225000,5.225000
11,78,3,5.368000,5.368000
11,79,3,5.751000,5.751000
11,80,4,5.262000,5.262000
11,81,4,5.348000,5.348000
11,82,4,5.306000,5.306000
11,83,4,5.495000,5.495000
11,84,4,5.707000,5.707000
11,85,4,5.567000,5.567000
11,86,4,5.368000,5.368000
11,87,4,5.209000,5.209000
11,88,4,4.670000,4.670000
11,89,4,5.794000,5.794000
11,90,4,4.837000,4.837000
11,91,4,5.201000,5.201000
11,92,4,5.364000,5.364000
11,93,4,5.457000,5.457000
11,94,4,5.702000,5.702000
11,95,4,5.303000,5.303000
11,96,4,5.498000,5.498000
11,97,4,5.785000,5.785000
11,98,4,5.473000,5.473000
11,99,4,5.344000,5.344000
12,0,0,5.561000,5.561000
12,1,0,5.410000,5.410000
12,2,0,5.544000,5.544000
12,3,0,5.684000,5.684000
12,4,0,5.641000,5.641000
12,5,0,5.719000,5.719000
12,6,0,5.513000,5.513000
12,7,0,5.128000,5.128000
12,8,0,5.606000,5.606000
12,9,0,5.800000,5.800000
12,10,0,5.481000,5.481000
12,11,0,5.036000,5.036000
12,12,0,5.161000,5.161000
12,13,0,5.266000,5.266000
12,14,0,5.498000,5.498000
12,15,0,5.512000,5.512000
12,16,0,5.398000,5.398000
12,17,0,5.567000,5.567000
12,18,0,5.933000,5.933000
12,19,0,5.538000,5.538000
12,20,1,5.200000,5.200000
12,21,1,5.560000,5.560000
12,22,1,4.639000,4.639000
12,23,1,5.651000,5.651000
12,24,1,5.729000,5.729000
12,25,1,4.906000,4.906000
12,26,1,5.795000,5.795000
12,27,1,5.925000,5.925000
12,28,1,5.248000,5.248000
12,29,1,5.511000,5.511000
12,30,1,5.900000,5.900000
12,31,1,4.444000,4.444000
12,32,1,4.977000,4.977000
12,33,1,5.056000,5.056000
12,34,1,5.699000,5.699000
12,35,1,5.455000,5.455000
12,36,1,5.221000,5.221000
12,37,1,5.608000,5.608000
12,38,1,5.840000,5.840000
12,39,1,5.503000,5.503000
12,40,2,5.713000,5.713000
12,41,2,5.782000,5.782000
12,42,2,5.815000,5.815000
12,43,2,4.889000,4.889000
12,44,2,5.559000,5.559000
12,45,2,5.513000,5.513000
12,46,2,5.777000,5.777000
12,47,2,5.442000,5.442000
12,48,2,5.461000,5.461000
12,49,2,5.799000,5.799000
12,50,2,5.877000,5.877000
12,51,2,5.989000,5.989000
12,52,2,5.471000,5.471000
12,53,2,5.336000,5.336000
12,54,2,5.368000,5.368000
12,55,2,5.378000,5.378000
12,56,2,5.480000,5.480000
12,57,2,5.885000,5.885000
12,58,2,5.594000,5.594000
12,59,2,5.361000,5.361000
12,60,3,5.260000,5.260000
12,61,3,5.276000,5.276000
12,62,3,5.472000,5.472000
12,63,3,5.816000,5.816000
12,64,3,5.583000,5.583000
12,65,3,5.859000,5.859000
12,66,3,5.524000,5.524000
12,67,3,4.864000,4.864000
12,68,3,5.804000,5.804000
12,69,3,5.508000,5.508000
12,70,3,5.907000,5.907000
12,71,3,5.361000,5.361000
12,72,3,5.797000,5.797000
12,73,3,5.550000,5.550000
12,74,3,5.645000,5.645000
12,75,3,5.393000,5.393000
12,76,3,6.044000,6.044000
12,77,3,5.910000,5.910000
12,78,3,5.725000,5.725000
12,79,3,5.138000,5.138000
12,80,4,5.188000,5.188000
12,81,4,5.829000,5.829000
12,82,4,5.341000,5.341000
12,83,4,5.669000,5.669000
12,84,4,5.704000,5.704000
12,85,4,5.299000,5.299000
12,86,4,5.540000,5.540000
12,87,4,5.854000,5.854000
12,88,4,5.613000,5.613000
12,89,4,5.500000,5.500000
12,90,4,5.796000,5.796000
12,91,4,4.815000,4.815000
12,92,4,5.415000,5.415000
12,93,4,5.592000,5.592000
12,94,4,5.378000,5.378000
12,95,4,5.594000,5.594000
12,96,4,5.410000,5.410000
12,97,4,5.301000,5.301000
12,98,4,5.377000,5.377000
12,99,4,5.525000,5.525000
13,0,0,5.667000,5.667000
13,1,0,5.742000,5.742000
13,2,0,5.542000,5.542000
13,3,0,5.524000,5.524000
13,4,0,5.570000,5.570000
13,5,0,5.483000,5.483000
13,6,0,5.280000,5.280000
13,7,0,5.253000,5.253000
13,8,0,4.872000,4.872000
13,9,0,5.664000,5.664000
13,10,0,5.382000,5.382000
13,11,0,4.813000,4.813000
13,12,0,5.661000,5.661000
13,13,0,4.946000,4.946000
13,14,0,5.603000,5.603000
13,15,0,5.708000,5.708000
13,16,0,5.502000,5.502000
13,17,0,5.051000,5.051000
13,18,0,4.690000,4.690000
13,19,0,4.444000,4.444000
13,20,1,5.414000,5.414000
13,21,1,5.185000,5.185000
13,22,1,5.169000,5.169000
13,23,1,5.436000,5.436000
13,24,1,5.566000,5.566000
13,25,1,5.626000,5.626000
13,26,1,5.874000,5.874000
13,27,1,4.993000,4.993000
13,28,1,5.831000,5.831000
13,29,1,5.540000,5.540000
13,30,1,4.667000,4.667000
13,31,1,5.654000,5.654000
13,32,1,6.112000,6.112000
13,33,1,5.360000,5.360000
13,34,1,4.963000,4.963000
13,35,1,5.903000,5.903000
13,36,1,5.484000,5.484000
13,37,1,5.574000,5.574000
13,38,1,5.338000,5.338000
13,39,1,5.649000,5.649000
13,40,2,5.485000,5.485000
13,41,2,5.806000,5.806000
13,42,2,5.872000,5.872000
13,43,2,5.817000,5.817000
13,44,2,4.480000,4.480000
13,45,2,5.362000,5.362000
13,46,2,5.502000,5.502000
13,47,2,5.711000,5.711000
13,48,2,5.244000,5.244000
13,49,2,6.200000,6.200000
13,50,2,4.764000,4.764000
13,51,2,5.181000,5.181000
13,52,2,5.599000,5.599000
13,53,2,4.780000,4.780000
13,54,2,5.549000,5.549000
13,55,2,5.619000,5.619000
13,56,2,5.810000,5.810000
13,57,2,5.803000,5.803000
13,58,2,5.504000,5.504000
13,59,2,5.203000,5.203000
13,60,3,5.610000,5.610000
13,61,3,5.506000,5.506000
13,62,3,5.911000,5.911000
13,63,3,5.610000,5.610000
13,64,3,5.481000,5.481000
13,65,3,5.317000,5.317000
13,66,3,5.366000,5.366000
13,67,3,4.980000,4.980000
13,68,3,5.637000,5.637000
13,69,3,5.877000,5.877000
13,70,3,5.516000,5.516000
13,71,3,5.724000,5.724000
13,72,3,5.733000,5.733000
13,73,3,5.470000,5.470000
13,74,3,5.655000,5.655000
13,75,3,4.775000,4.775000
13,76,3,6.161000,6.161000
13,77,3,5.855000,5.855000
13,78,3,5.177000,5.177000
13,79,3,6.168000,6.168000
13,80,4,5.347000,5.347000
13,81,4,5.517000,5.517000
13,82,4,5.872000,5.872000
13,83,4,5.425000,5.425000
13,84,4,5.634000,5.634000
13,85,4,5.064000,5.064000
13,86,4,4.783000,4.783000
13,87,4,5.585000,5.585000
13,88,4,5.230000,5.230000
13,89,4,5.648000,5.648000
13,90,4,5.064000,5.064000
13,91,4,5.352000,5.352000
13,92,4,4.980000,4.980000
13,93,4,5.674000,5.674000
13,94,4,5.138000,5.138000
13,95,4,5.650000,5.650000
13,96,4,5.367000,5.367000
13,97,4,4.974000,4.974000
13,98,4,5.261000,5.261000
13,99,4,6.143000,6.143000
14,0,0,5.685000,5.685000
14,1,0,5.559000,5.559000
14,2,0,5.762000,5.762000
14,3,0,5.416000,5.416000
14,4,0,5.466000,5.466000
14,5,0,5.490000,5.490000
14,6,0,4.941000,4.941000
14,7,0,5.621000,5.621000
14,8,0,5.543000,5.543000
14,9,0,4.835000,4.835000
14,10,0,5.663000,5.663000
14,11,0,5.718000,5.718000
14,12,0,5.634000,5.634000
14,13,0,5.179000,5.179000
14,14,0,5.584000,5.584000
14,15,0,5.544000,5.544000
14,16,0,4.407000,4.407000
14,17,0,5.345000,5.345000
14,18,0,5.722000,5.722000
14,19,0,5.388000,5.388000
14,20,1,5.330000,5.330000
14,21,1,5.510000,5.510000
14,22,1,5.929000,5.929000
14,23,1,5.284000,5.284000
14,24,1,5.610000,5.610000
14,25,1,5.454000,5.454000
14,26,1,5.407000,5.407000
14,27,1,5.133000,5.133000
14,28,1,5.763000,5.763000
14,29,1,5.731000,5.731000
14,30,1,5.625000,5.625000
14,31,1,5.433000,5.433000
14,32,1,4.811000,4.811000
14,33,1,5.709000,5.709000
14,34,1,5.752000,5.752000
14,35,1,4.887000,4.887000
14,36,1,5.840000,5.840000
14,37,1,5.013000,5.013000
14,38,1,5.438000,5.438000
14,39,1,5.628000,5.628000
14,40,2,5.456000,5.456000
14,41,2,5.232000,5.232000
14,42,2,5.190000,5.190000
14,43,2,5.550000,5.550000
14,44,2,5.642000,5.642000
14,45,2,5.626000,5.626000
14,46,2,5.454000,5.454000
14,47,2,5.594000,5.594000
14,48,2,5.683000,5.683000
14,49,2,5.289000,5.289000
14,50,2,5.578000,5.578000
14,51,2,5.582000,5.582000
14,52,2,5.592000,5.592000
14,53,2,5.038000,5.038000
14,54,2,5.580000,5.580000
14,55,2,5.500000,5.500000
14,56,2,5.670000,5.670000
14,57,2,4.943000,4.943000
14,58,2,5.228000,5.228000
14,59,2,5.234000,5.234000
14,60,3,5.206000,5.206000
14,61,3,5.508000,5.508000
14,62,3,6.007000,6.007000
14,63,3,5.344000,5.344000
14,64,3,5.749000,5.749000
14,65,3,5.761000,5.761000
14,66,3,5.573000,5.573000
14,67,3,5.258000,5.258000
14,68,3,5.299000,5.299000
14,69,3,5.736000,5.736000
14,70,3,5.573000,5.573000
14,71,3,5.063000,5.063000
14,72,3,5.320000,5.320000
14,73,3,5.865000,5.865000
14,74,3,5.643000,5.643000
14,75,3,5.709000,5.709000
14,76,3,5.999000,5.999000
14,77,3,5.440000,5.440000
14,78,3,5.650000,5.650000
14,79,3,5.683000,5.683000
14,80,4,5.497000,5.497000
14,81,4,5.624000,5.624000
14,82,4,5.301000,5.301000
14,83,4,4.821000,4.821000
14,84,4,5.265000,5.265000
14,85,4,5.491000,5.491000
14,86,4,5.377000,5.377000
14,87,4,5.773000,5.773000
14,88,4,5.517000,5.517000
14,89,4,5.464000,5.464000
14,90,4,5.581000,5.581000
14,91,4,5.581000,5.581000
14,92,4,5.615000,5.615000
14,93,4,5.937000,5.937000
14,94,4,5.389000,5.389000
14,95,4,5.359000,5.359000
14,96,4,5.447000,5.447000
14,97,4,5.609000,5.609000
14,98,4,5.548000,5.548000
14,99,4,5.708000,5.708000
15,0,0,5.347000,5.347000
15,1,0,5.505000,5.505000
15,2,0,5.986000,5.986000
15,3,0,5.530000,5.530000
15,4,0,5.724000,5.724000
15,5,0,5.657000,5.657000
15,6,0,5.560000,5.560000
15,7,0,5.653000,5.653000
15,8,0,5.204000,5.204000
15,9,0,5.415000,5.415000
15,10,0,5.451000,5.451000
15,11,0,5.524000,5.524000
15,12,0,5.515000,5.515000
15,13,0,5.437000,5.437000
15,14,0,5.460000,5.460000
15,15,0,5.584000,5.584000
15,16,0,5.483000,5.483000
15,17,0,5.301000,5.301000
15,18,0,5.614000,5.614000
15,19,0,4.788000,4.788000
15,20,1,5.079000,5.079000
15,21,1,5.850000,5.850000
15,22,1,5.794000,5.794000
15,23,1,5.200000,5.200000
15,24,1,5.578000,5.578000
15,25,1,4.830000,4.830000
15,26,1,5.159000,5.159000
15,27,1,4.927000,4.927000
15,28,1,5.901000,5.901000
15,29,1,5.687000,5.687000
15,30,1,5.421000,5.421000
15,31,1,5.328000,5.328000
15,32,1,5.775000,5.775000
15,33,1,5.715000,5.715000
15,34,1,5.614000,5.614000
15,35,1,5.953000,5.953000
15,36,1,4.928000,4.928000
15,37,1,5.471000,5.471000
15,38,1,4.581000,4.581000
15,39,1,5.600000,5.600000
15,40,2,4.434000,4.434000
15,41,2,5.386000,5.386000
15,42,2,5.637000,5.637000
15,43,2,5.174000,5.174000
15,44,2,5.219000,5.219000
15,45,2,5.960000,5.960000
15,46,2,5.449000,5.449000
15,47,2,5.907000,5.907000
15,48,2,5.083000,5.083000
15,49,2,5.537000,5.537000
15,50,2,5.390000,5.390000
15,51,2,5.865000,5.865000
15,52,2,5.625000,5.625000
15,53,2,6.084000,6.084000
15,54,2,5.347000,5.347000
15,55,2,5.944000,5.944000
15,56,2,5.563000,5.563000
15,57,2,5.247000,5.247000
15,58,2,5.553000,5.553000
15,59,2,5.555000,5.555000
15,60,3,5.307000,5.307000
15,61,3,5.428000,5.428000
15,62,3,5.734000,5.734000
15,63,3,5.622000,5.622000
15,64,3,5.395000,5.395000
15,65,3,5.816000,5.816000
15,66,3,4.972000,4.972000
15,67,3,4.859000,4.859000
15,68,3,5.867000,5.867000
15,69,3,5.472000,5.472000
15,70,3,6.063000,6.063000
15,71,3,5.476000,5.476000
15,72,3,5.190000,5.190000
15,73,3,4.906000,4.906000
15,74,3,5.635000,5.635000
15,75,3,5.830000,5.830000
15,76,3,5.519000,5.519000
15,77,3,5.639000,5.639000
15,78,3,5.773000,5.773000
15,79,3,5.575000,5.575000
15,80,4,5.297000,5.297000
15,81,4,5.166000,5.166000
15,82,4,5.491000,5.491000
15,83,4,6.006000,6.006000
15,84,4,5.437000,5.437000
15,85,4,5.561000,5.561000
15,86,4,5.806000,5.806000
15,87,4,5.026000,5.026000
15,88,4,5.644000,5.644000
15,89,4,5.526000,5.526000
15,90,4,5.369000,5.369000
15,91,4,5.572000,5.572000
15,92,4,5.161000,5.161000
15,93,4,5.397000,5.397000
15,94,4,5.443000,5.443000
15,95,4,5.981000,5.981000
15,96,4,5.020000,5.020000
15,97,4,5.481000,5.481000
15,98,4,5.534000,5.534000
15,99,4,5.552000,5.552000
16,0,0,5.952000,5.952000
16,1,0,5.650000,5.650000
16,2,0,5.107000,5.107000
16,3,0,5.091000,5.091000
16,4,0,5.621000,5.621000
16,5,0,5.549000,5.549000
16,6,0,5.323000,5.323000
16,7,0,5.620000,5.620000
16,8,0,5.187000,5.187000
16,9,0,4.710000,4.710000
16,10,0,5.726000,5.726000
16,11,0,5.518000,5.518000
16,12,0,5.625000,5.625000
16,13,0,4.989000,4.989000
16,14,0,5.830000,5.830000
16,15,0,5.483000,5.483000
16,16,0,5.565000,5.565000
16,17,0,4.712000,4.712000
16,18,0,5.759000,5.759000
16,19,0,5.660000,5.660000
16,20,1,5.266000,5.266000
16,21,1,5.883000,5.883000
16,22,1,5.814000,5.814000
16,23,1,5.669000,5.669000
16,24,1,5.574000,5.574000
16,25,1,5.504000,5.504000
16,26,1,4.602000,4.602000
16,27,1,4.624000,4.624000
16,28,1,5.266000,5.266000
16,29,1,5.528000,5.528000
16,30,1,5.530000,5.530000
16,31,1,5.434000,5.434000
16,32,1,5.231000,5.231000
16,33,1,5.460000,5.460000
16,34,1,5.491000,5.491000
16,35,1,6.088000,6.088000
16,36,1,5.892000,5.892000
16,37,1,5.208000,5.208000
16,38,1,5.390000,5.390000
16,39,1,5.534000,5.534000
16,40,2,4.664000,4.664000
16,41,2,4.516000,4.516000
16,42,2,5.278000,5.278000
16,43,2,5.550000,5.550000
16,44,2,5.795000,5.795000
16,45,2,5.611000,5.611000
16,46,2,4.469000,4.469000
16,47,2,5.504000,5.504000
16,48,2,5.491000,5.491000
16,49,2,5.143000,5.143000
16,50,2,5.304000,5.304000
16,51,2,5.531000,5.531000
16,52,2,5.577000,5.577000
16,53,2,5.275000,5.275000
16,54,2,5.382000,5.382000
16,55,2,5.673000,5.673000
16,56,2,5.404000,5.404000
16,57,2,5.395000,5.395000
16,58,2,5.668000,5.668000
16,59,2,5.734000,5.734000
16,60,3,5.960000,5.960000
16,61,3,5.423000,5.423000
16,62,3,5.451000,5.451000
16,63,3,5.520000,5.520000
16,64,3,5.484000,5.484000
16,65,3,5.725000,5.725000
16,66,3,6.175000,6.175000
16,67,3,5.378000,5.378000
16,68,3,4.976000,4.976000
16,69,3,5.383000,5.383000
16,70,3,5.389000,5.389000
16,71,3,6.138000,6.138000
16,72,3,5.785000,5.785000
16,73,3,5.367000,5.367000
16,74,3,5.448000,5.448000
16,75,3,6.006000,6.006000
16,76,3,5.524000,5.524000
16,77,3,5.430000,5.430000
16,78,3,5.223000,5.223000
16,79,3,6.090000,6.090000
16,80,4,4.262000,4.262000
16,81,4,5.501000,5.501000
16,82,4,5.554000,5.554000
16,83,4,5.286000,5.286000
16,84,4,5.431000,5.431000
16,85,4,5.781000,5.781000
16,86,4,5.475000,5.475000
16,87,4,5.649000,5.649000
16,88,4,5.518000,5.518000
16,89,4,5.467000,5.467000
16,90,4,5.761000,5.761000
16,91,4,5.046000,5.046000
16,92,4,5.436000,5.436000
16,93,4,5.342000,5.342000
16,94,4,5.303000,5.303000
16,95,4,5.447000,5.447000
16,96,4,5.234000,5.234000
16,97,4,5.678000,5.678000
16,98,4,5.307000,5.307000
16,99,4,5.064000,5.064000
17,0,0,5.665000,5.665000
17,1,0,5.259000,5.259000
17,2,0,5.520000,5.520000
17,3,0,4.938000,4.938000
17,4,0,5.856000,5.856000
17,5,0,5.603000,5.603000
17,6,0,5.674000,5.674000
17,7,0,5.570000,5.570000
17,8,0,5.433000,5.433000
17,9,0,5.621000,5.621000
17,10,0,5.518000,5.518000
17,11,0,5.440000,5.440000
17,12,0,4.984000,4.984000
17,13,0,5.267000,5.267000
17,14,0,5.041000,5.041000
17,15,0,5.415000,5.415000
17,16,0,5.476000,5.476000
17,17,0,5.479000,5.479000
17,18,0,5.274000,5.274000
17,19,0,5.592000,5.592000
17,20,1,4.509000,4.509000
17,21,1,5.258000,5.258000
17,22,1,4.864000,4.864000
17,23,1,6.051000,6.051000
17,24,1,5.641000,5.641000
17,25,1,5.054000,5.054000
17,26,1,5.880000,5.880000
17,27,1,4.510000,4.510000
17,28,1,5.436000,5.436000
17,29,1,6.096000,6.096000
17,30,1,5.410000,5.410000
17,31,1,5.329000,5.329000
17,32,1,5.825000,5.825000
17,33,1,5.530000,5.530000
17,34,1,6.161000,6.161000
17,35,1,5.497000,5.497000
17,36,1,5.376000,5.376000
17,37,1,5.684000,5.684000
17,38,1,5.575000,5.575000
17,39,1,4.463000,4.463000
17,40,2,6.034000,6.034000
17,41,2,5.711000,5.711000
17,42,2,5.837000,5.837000
17,43,2,5.403000,5.403000
17,44,2,5.000000,5.000000
17,45,2,5.684000,5.684000
17,46,2,4.651000,4.651000
17,47,2,5.441000,5.441000
17,48,2,5.401000,5.401000
17,49,2,5.806000,5.806000
17,50,2,5.816000,5.816000
17,51,2,5.779000,5.779000
17,52,2,5.000000,5.000000
17,53,2,5.824000,5.824000
17,54,2,5.323000,5.323000
17,55,2,5.496000,5.496000
17,56,2,5.169000,5.169000
17,57,2,6.403000,6.403000
17,58,2,4.648000,4.648000
17,59,2,5.876000,5.876000
17,60,3,5.578000,5.578000
17,61,3,5.688000,5.688000
17,62,3,5.154000,5.154000
17,63,3,5.818000,5.818000
17,64,3,5.384000,5.384000
17,65,3,5.103000,5.103000
17,66,3,5.795000,5.795000
17,67,3,5.766000,5.766000
17,68,3,5.797000,5.797000
17,69,3,5.828000,5.828000
17,70,3,5.604000,5.604000
17,71,3,5.959000,5.959000
17,72,3,5.746000,5.746000
17,73,3,5.989000,5.989000
17,74,3,5.513000,5.513000
17,75,3,5.268000,5.268000
17,76,3,6.078000,6.078000
17,77,3,5.229000,5.229000
17,78,3,5.503000,5.503000
17,79,3,6.121000,6.121000
17,80,4,5.338000,5.338000
17,81,4,5.329000,5.329000
17,82,4,5.585000,5.585000
17,83,4,5.635000,5.635000
17,84,4,5.328000,5.328000
17,85,4,5.439000,5.439000
17,86,4,5.413000,5.413000
17,87,4,5.663000,5.663000
17,88,4,5.386000,5.386000
17,89,4,5.682000,5.682000
17,90,4,5.572000,5.572000
17,91,4,5.559000,5.559000
17,92,4,5.684000,5.684000
17,93,4,5.227000,5.227000
17,94,4,5.858000,5.858000
17,95,4,5.589000,5.589000
17,96,4,5.353000,5.353000
17,97,4,5.922000,5.922000
17,98,4,5.276000,5.276000
17,99,4,5.857000,5.857000
18,0,0,5.300000,5.300000
18,1,0,5.433000,5.433000
18,2,0,5.140000,5.140000
18,3,0,5.503000,5.503000
18,4,0,5.841000,5.841000
18,5,0,5.585000,5.585000
18,6,0,5.562000,5.562000
18,7,0,5.392000,5.392000
18,8,0,5.730000,5.730000
18,9,0,5.550000,5.550000
18,10,0,5.558000,5.558000
18,11,0,5.667000,5.667000
18,12,0,5.623000,5.623000
18,13,0,5.573000,5.573000
18,14,0,5.665000,5.665000
18,15,0,5.072000,5.072000
18,16,0,5.626000,5.626000
18,17,0,6.039000,6.039000
18,18,0,6.030000,6.030000
18,19,0,5.523000,5.523000
18,20,1,5.550000,5.550000
18,21,1,5.592000,5.592000
18,22,1,5.640000,5.640000
18,23,1,6.112000,6.112000
18,24,1,5.605000,5.605000
18,25,1,5.542000,5.542000
18,26,1,5.724000,5.724000
18,27,1,5.423000,5.423000
18,28,1,5.784000,5.784000
18,29,1,5.233000,5.233000
18,30,1,4.637000,4.637000
18,31,1,5.686000,5.686000
18,32,1,5.117000,5.117000
18,33,1,6.036000,6.036000
18,34,1,5.649000,5.649000
18,35,1,5.782000,5.782000
18,36,1,5.159000,5.159000
18,37,1,5.060000,5.060000
18,38,1,5.461000,5.461000
18,39,1,5.821000,5.821000
18,40,2,5.389000,5.389000
18,41,2,5.550000,5.550000
18,42,2,5.887000,5.887000
18,43,2,4.568000,4.568000
18,44,2,5.795000,5.795000
18,45,2,4.934000,4.934000
18,46,2,4.154000,4.154000
18,47,2,4.909000,4.909000
18,48,2,5.672000,5.672000
18,49,2,4.959000,4.959000
18,50,2,5.617000,5.617000
18,51,2,5.078000,5.078000
18,52,2,5.698000,5.698000
18,53,2,5.162000,5.162000
18,54,2,5.621000,5.621000
18,55,2,5.046000,5.046000
18,56,2,5.516000,5.516000
18,57,2,5.160000,5.160000
18,58,2,5.832000,5.832000
18,59,2,4.689000,4.689000
18,60,3,5.586000,5.586000
18,61,3,5.029000,5.029000
18,62,3,5.865000,5.865000
18,63,3,6.146000,6.146000
18,64,3,5.725000,5.725000
18,65,3,5.457000,5.457000
18,66,3,4.709000,4.709000
18,67,3,4.700000,4.700000
18,68,3,6.063000,6.063000
18,69,3,5.964000,5.964000
18,70,3,6.167000,6.167000
18,71,3,5.249000,5.249000
18,72,3,6.316000,6.316000
18,73,3,6.091000,6.091000
18,74,3,5.473000,5.473000
18,75,3,6.511000,6.511000
18,76,3,5.020000,5.020000
18,77,3,5.670000,5.670000
18,78,3,5.853000,5.853000
18,79,3,5.551000,5.551000
18,80,4,5.416000,5.416000
18,81,4,4.607000,4.607000
18,82,4,5.561000,5.561000
18,83,4,5.511000,5.511000
18,84,4,5.587000,5.587000
18,85,4,5.667000,5.667000
18,86,4,5.649000,5.649000
18,87,4,5.625000,5.625000
18,88,4,5.605000,5.605000
18,89,4,5.373000,5.373000
18,90,4,5.900000,5.900000
18,91,4,5.425000,5.425000
18,92,4,5.320000,5.320000
18,93,4,5.157000,5.157000
18,94,4,5.608000,5.608000
18,95,4,5.376000,5.376000
18,96,4,5.233000,5.233000
18,97,4,5.531000,5.531000
18,98,4,5.522000,5.522000
18,99,4,5.266000,5.266000
19,0,0,5.350000,5.350000
19,1,0,5.568000,5.568000
19,2,0,5.199000,5.199000
19,3,0,5.967000,5.967000
19,4,0,5.429000,5.429000
19,5,0,5.322000,5.322000
19,6,0,5.298000,5.298000
19,7,0,4.623000,4.623000
19,8,0,5.387000,5.387000
19,9,0,5.627000,5.627000
19,10,0,5.528000,5.528000
19,11,0,5.893000,5.893000
19,12,0,5.580000,5.580000
19,13,0,5.611000,5.611000
19,14,0,5.367000,5.367000
19,15,0,5.691000,5.691000
19,16,0,5.527000,5.527000
19,17,0,5.944000,5.944000
19,18,0,5.303000,5.303000
19,19,0,5.433000,5.433000
19,20,1,5.893000,5.893000
19,21,1,4.717000,4.717000
19,22,1,5.142000,5.142000
19,23,1,5.521000,5.521000
19,24,1,4.879000,4.879000
19,25,1,5.519000,5.519000
19,26,1,5.541000,5.541000
19,27,1,5.183000,5.183000
19,28,1,5.543000,5.543000
19,29,1,5.867000,5.867000
19,30,1,5.712000,5.712000
19,31,1,5.438000,5.438000
19,32,1,5.476000,5.476000
19,33,1,5.582000,5.582000
19,34,1,5.596000,5.596000
19,35,1,5.409000,5.409000
19,36,1,5.729000,5.729000
19,37,1,4.747000,4.747000
19,38,1,5.199000,5.199000
19,39,1,5.664000,5.664000
19,40,2,5.698000,5.698000
19,41,2,5.592000,5.592000
19,42,2,5.029000,5.029000
19,43,2,5.681000,5.681000
19,44,2,5.034000,5.034000
19,45,2,5.388000,5.388000
19,46,2,5.177000,5.177000
19,47,2,5.250000,5.250000
19,48,2,4.775000,4.775000
19,49,2,5.234000,5.234000
19,50,2,4.463000,4.463000
19,51,2,5.453000,5.453000
19,52,2,5.169000,5.169000
19,53,2,5.612000,5.612000
19,54,2,5.943000,5.943000
19,55,2,5.604000,5.604000
19,56,2,5.409000,5.409000
19,57,2,5.647000,5.647000
19,58,2,5.331000,5.331000
19,59,2,5.705000,5.705000
19,60,3,5.669000,5.669000
19,61,3,5.241000,5.241000
19,62,3,5.100000,5.100000
19,63,3,5.752000,5.752000
19,64,3,5.622000,5.622000
19,65,3,4.583000,4.583000
19,66,3,5.450000,5.450000
19,67,3,5.871000,5.871000
19,68,3,5.036000,5.036000
19,69,3,6.012000,6.012000
19,70,3,5.677000,5.677000
19,71,3,5.586000,5.586000
19,72,3,5.523000,5.523000
19,73,3,6.121000,6.121000
19,74,3,5.589000,5.589000
19,75,3,5.808000,5.808000
19,76,3,4.781000,4.781000
19,77,3,6.080000,6.080000
19,78,3,4.940000,4.940000
19,79,3,5.775000,5.775000
19,80,4,5.560000,5.560000
19,81,4,5.634000,5.634000
19,82,4,5.947000,5.947000
19,83,4,5.642000,5.642000
19,84,4,5.845000,5.845000
19,85,4,5.650000,5.650000
19,86,4,6.162000,6.162000
19,87,4,6.016000,6.016000
19,88,4,4.737000,4.737000
19,89,4,5.296000,5.296000
19,90,4,5.513000,5.513000
19,91,4,5.558000,5.558000
19,92,4,5.659000,5.659000
19,93,4,5.742000,5.742000
19,94,4,5.427000,5.427000
19,95,4,5.347000,5.347000
19,96,4,5.448000,5.448000
19,97,4,5.712000,5.712000
19,98,4,5.599000,5.599000
19,99,4,5.422000,5.422000
20,0,0,5.452000,5.452000
20,1,0,5.261000,5.261000
20,2,0,5.627000,5.627000
20,3,0,5.550000,5.550000
20,4,0,5.073000,5.073000
20,5,0,5.073000,5.073000
20,6,0,5.746000,5.746000
20,7,0,5.517000,5.517000
20,8,0,5.611000,5.611000
20,9,0,5.374000,5.374000
20,10,0,5.585000,5.585000
20,11,0,5.248000,5.248000
20,12,0,5.360000,5.360000
20,13,0,5.532000,5.532000
20,14,0,5.196000,5.196000
20,15,0,5.636000,5.636000
20,16,0,5.769000,5.769000
20,17,0,5.741000,5.741000
20,18,0,5.860000,5.860000
20,19,0,5.671000,5.671000
20,20,1,5.657000,5.657000
20,21,1,5.914000,5.914000
20,22,1,5.993000,5.993000
20,23,1,5.363000,5.363000
20,24,1,5.357000,5.357000
20,25,1,4.243000,4.243000
20,26,1,4.798000,4.798000
20,27,1,5.702000,5.702000
20,28,1,5.709000,5.709000
20,29,1,5.858000,5.858000
20,30,1,5.902000,5.902000
20,31,1,4.892000,4.892000
20,32,1,4.811000,4.811000
20,33,1,5.146000,5.146000
20,34,1,5.041000,5.041000
20,35,1,4.740000,4.740000
20,36,1,6.298000,6.298000
20,37,1,4.679000,4.679000
20,38,1,5.940000,5.940000
20,39,1,5.558000,5.558000
20,40,2,5.796000,5.796000
20,41,2,5.606000,5.606000
20,42,2,5.454000,5.454000
20,43,2,5.766000,5.766000
20,44,2,5.158000,5.158000
20,45,2,5.259000,5.259000
20,46,2,4.726000,4.726000
20,47,2,5.401000,5.401000
20,48,2,5.088000,5.088000
20,49,2,5.514000,5.514000
20,50,2,5.547000,5.547000
20,51,2,5.863000,5.863000
20,52,2,5.892000,5.892000
20,53,2,5.228000,5.228000
20,54,2,5.488000,5.488000
20,55,2,5.909000,5.909000
20,56,2,5.556000,5.556000
20,57,2,6.212000,6.212000
20,58,2,5.443000,5.443000
20,59,2,5.210000,5.210000
20,60,3,5.091000,5.091000
20,61,3,5.647000,5.647000
20,62,3,5.992000,5.992000
20,63,3,6.293000,6.293000
20,64,3,6.199000,6.199000
20,65,3,5.458000,5.458000
20,66,3,5.292000,5.292000
20,67,3,5.439000,5.439000
20,68,3,5.867000,5.867000
20,69,3,5.987000,5.987000
20,70,3,5.034000,5.034000
20,71,3,5.804000,5.804000
20,72,3,5.786000,5.786000
20,73,3,5.779000,5.779000
20,74,3,5.203000,5.203000
20,75,3,5.859000,5.859000
20,76,3,5.734000,5.734000
20,77,3,6.295000,6.295000
20,78,3,5.879000,5.879000
20,79,3,5.495000,5.495000
20,80,4,5.685000,5.685000
20,81,4,5.204000,5.204000
20,82,4,5.725000,5.725000
20,83,4,6.027000,6.027000
20,84,4,5.050000,5.050000
20,85,4,5.432000,5.432000
20,86,4,5.422000,5.422000
20,87,4,4.996000,4.996000
20,88,4,5.599000,5.599000
20,89,4,5.092000,5.092000
20,90,4,5.612000,5.612000
20,91,4,5.420000,5.420000
20,92,4,5.605000,5.605000
20,93,4,5.609000,5.609000
20,94,4,5.671000,5.671000
20,95,4,5.800000,5.800000
20,96,4,5.946000,5.946000
20,97,4,5.880000,5.880000
20,98,4,5.890000,5.890000
20,99,4,5.703000,5.703000
21,0,0,5.498000,5.498000
21,1,0,5.410000,5.410000
21,2,0,5.545000,5.545000
21,3,0,5.702000,5.702000
21,4,0,5.565000,5.565000
21,5,0,5.719000,5.719000
21,6,0,5.528000,5.528000
21,7,0,5.473000,5.473000
21,8,0,5.627000,5.627000
21,9,0,5.536000,5.536000
21,10,0,5.912000,5.912000
21,11,0,5.615000,5.615000
21,12,0,5.717000,5.717000
21,13,0,5.623000,5.623000
21,14,0,5.317000,5.317000
21,15,0,5.623000,5.623000
21,16,0,5.556000,5.556000
21,17,0,5.402000,5.402000
21,18,0,5.716000,5.716000
21,19,0,5.780000,5.780000
21,20,1,5.368000,5.368000
21,21,1,5.820000,5.820000
21,22,1,4.800000,4.800000
21,23,1,4.218000,4.218000
21,24,1,5.347000,5.347000
21,25,1,5.769000,5.769000
21,26,1,5.221000,5.221000
21,27,1,4.314000,4.314000
21,28,1,4.989000,4.989000
21,29,1,4.543000,4.543000
21,30,1,5.714000,5.714000
21,31,1,4.715000,4.715000
21,32,1,5.572000,5.572000
21,33,1,5.693000,5.693000
21,34,1,5.361000,5.361000
21,35,1,5.185000,5.185000
21,36,1,5.537000,5.537000
21,37,1,5.489000,5.489000
21,38,1,5.444000,5.444000
21,39,1,4.236000,4.236000
21,40,2,5.626000,5.626000
21,41,2,6.001000,6.001000
21,42,2,5.236000,5.236000
21,43,2,5.436000,5.436000
21,44,2,5.082000,5.082000
21,45,2,5.212000,5.212000
21,46,2,5.820000,5.820000
21,47,2,4.303000,4.303000
21,48,2,4.814000,4.814000
21,49,2,5.175000,5.175000
21,50,2,5.774000,5.774000
21,51,2,5.002000,5.002000
21,52,2,5.506000,5.506000
21,53,2,6.030000,6.030000
21,54,2,6.144000,6.144000
21,55,2,5.395000,5.395000
21,56,2,4.931000,4.931000
21,57,2,5.170000,5.170000
21,58,2,5.597000,5.597000
21,59,2,6.007000,6.007000
21,60,3,5.777000,5.777000
21,61,3,4.994000,4.994000
21,62,3,5.741000,5.741000
21,63,3,5.539000,5.539000
21,64,3,5.632000,5.632000
21,65,3,5.450000,5.450000
21,66,3,5.996000,5.996000
21,67,3,5.491000,5.491000
21,68,3,4.917000,4.917000
21,69,3,5.625000,5.625000
21,70,3,6.028000,6.028000
21,71,3,5.780000,5.780000
21,72,3,5.669000,5.669000
21,73,3,5.620000,5.620000
21,74,3,5.203000,5.203000
21,75,3,5.845000,5.845000
21,76,3,5.836000,5.836000
21,77,3,5.747000,5.747000
21,78,3,5.852000,5.852000
21,79,3,5.923000,5.923000
21,80,4,5.581000,5.581000
21,81,4,5.244000,5.244000
21,82,4,5.990000,5.990000
21,83,4,4.941000,4.941000
21,84,4,5.451000,5.451000
21,85,4,5.889000,5.889000
21,86,4,5.844000,5.844000
21,87,4,5.764000,5.764000
21,88,4,5.674000,5.674000
21,89,4,5.631000,5.631000
21,90,4,5.345000,5.345000
21,91,4,6.009000,6.009000
21,92,4,5.153000,5.153000
21,93,4,5.280000,5.280000
21,94,4,5.419000,5.419000
21,95,4,5.614000,5.614000
21,96,4,5.678000,5.678000
21,97,4,5.787000,5.787000
21,98,4,5.949000,5.949000
21,99,4,5.694000,5.694000
22,0,0,5.254000,5.254000
22,1,0,5.541000,5.541000
22,2,0,5.661000,5.661000
22,3,0,5.739000,5.739000
22,4,0,5.813000,5.813000
22,5,0,5.951000,5.951000
22,6,0,5.718000,5.718000
22,7,0,5.478000,5.478000
22,8,0,4.948000,4.948000
22,9,0,5.705000,5.705000
22,10,0,5.618000,5.618000
22,11,0,5.737000,5.737000
22,12,0,5.773000,5.773000
22,13,0,5.651000,5.651000
22,14,0,5.679000,5.679000
22,15,0,5.522000,5.522000
22,16,0,5.511000,5.511000
22,17,0,5.448000,5.448000
22,18,0,5.565000,5.565000
22,19,0,5.067000,5.067000
22,20,1,4.923000,4.923000
22,21,1,5.310000,5.310000
22,22,1,3.947000,3.947000
22,23,1,4.759000,4.759000
22,24,1,4.795000,4.795000
22,25,1,4.731000,4.731000
22,26,1,4.589000,4.589000
22,27,1,5.551000,5.551000
22,28,1,4.399000,4.399000
22,29,1,5.320000,5.320000
22,30,1,5.552000,5.552000
22,31,1,5.367000,5.367000
22,32,1,4.559000,4.559000
22,33,1,5.812000,5.812000
22,34,1,5.899000,5.899000
22,35,1,5.716000,5.716000
22,36,1,5.880000,5.880000
22,37,1,4.870000,4.870000
22,38,1,5.606000,5.606000
22,39,1,4.768000,4.768000
22,40,2,5.132000,5.132000
22,41,2,6.089000,6.089000
22,42,2,5.384000,5.384000
22,43,2,5.565000,5.565000
22,44,2,5.699000,5.699000
22,45,2,5.291000,5.291000
22,46,2,4.788000,4.788000
22,47,2,4.283000,4.283000
22,48,2,4.157000,4.157000
22,49,2,5.723000,5.723000
22,50,2,5.553000,5.553000
22,51,2,6.033000,6.033000
22,52,2,5.452000,5.452000
22,53,2,5.793000,5.793000
22,54,2,5.704000,5.704000
22,55,2,5.793000,5.793000
22,56,2,4.944000,4.944000
22,57,2,5.824000,5.824000
22,58,2,5.929000,5.929000
22,59,2,5.660000,5.660000
22,60,3,5.533000,5.533000
22,61,3,5.735000,5.735000
22,62,3,5.625000,5.625000
22,63,3,3.840000,3.840000
22,64,3,5.015000,5.015000
22,65,3,5.601000,5.601000
22,66,3,4.145000,4.145000
22,67,3,5.652000,5.652000
22,68,3,5.491000,5.491000
22,69,3,5.397000,5.397000
22,70,3,5.334000,5.334000
22,71,3,5.621000,5.621000
22,72,3,6.277000,6.277000
22,73,3,5.763000,5.763000
22,74,3,5.610000,5.610000
22,75,3,5.579000,5.579000
22,76,3,5.429000,5.429000
22,77,3,4.855000,4.855000
22,78,3,5.471000,5.471000
22,79,3,5.215000,5.215000
22,80,4,5.713000,5.713000
22,81,4,5.884000,5.884000
22,82,4,5.768000,5.768000
22,83,4,5.900000,5.900000
22,84,4,5.349000,5.349000
22,85,4,5.479000,5.479000
22,86,4,5.463000,5.463000
22,87,4,5.296000,5.296000
22,88,4,5.631000,5.631000
22,89,4,5.748000,5.748000
22,90,4,5.758000,5.758000
22,91,4,6.057000,6.057000
22,92,4,5.851000,5.851000
22,93,4,5.902000,5.902000
22,94,4,4.906000,4.906000
22,95,4,5.094000,5.094000
22,96,4,5.739000,5.739000
22,97,4,5.701000,5.701000
22,98,4,5.802000,5.802000
22,99,4,5.776000,5.776000
23,0,0,5.444000,5.444000
23,1,0,5.538000,5.538000
23,2,0,5.743000,5.743000
23,3,0,5.482000,5.482000
23,4,0,5.943000,5.943000
23,5,0,5.729000,5.729000
23,6,0,5.013000,5.013000
23,7,0,5.334000,5.334000
23,8,0,5.604000,5.604000
23,9,0,5.262000,5.262000
23,10,0,5.051000,5.051000
23,11,0,5.383000,5.383000
23,12,0,5.447000,5.447000
23,13,0,5.441000,5.441000
23,14,0,6.209000,6.209000
23,15,0,5.300000,5.300000
23,16,0,5.898000,5.898000
23,17,0,5.381000,5.381000
23,18,0,5.842000,5.842000
23,19,0,5.872000,5.872000
23,20,1,5.193000,5.193000
23,21,1,4.712000,4.712000
23,22,1,5.586000,5.586000
23,23,1,5.530000,5.530000
23,24,1,5.671000,5.671000
23,25,1,4.792000,4.792000
23,26,1,5.392000,5.392000
23,27,1,5.239000,5.239000
23,28,1,5.862000,5.862000
23,29,1,5.216000,5.216000
23,30,1,4.849000,4.849000
23,31,1,5.032000,5.032000
23,32,1,5.274000,5.274000
23,33,1,5.565000,5.565000
23,34,1,5.127000,5.127000
23,35,1,5.820000,5.820000
23,36,1,5.696000,5.696000
23,37,1,5.745000,5.745000
23,38,1,4.990000,4.990000
23,39,1,4.677000,4.677000
23,40,2,5.746000,5.746000
23,41,2,5.244000,5.244000
23,42,2,5.162000,5.162000
23,43,2,5.063000,5.063000
23,44,2,5.617000,5.617000
23,45,2,5.003000,5.003000
23,46,2,5.420000,5.420000
23,47,2,5.451000,5.451000
23,48,2,4.173000,4.173000
23,49,2,5.929000,5.929000
23,50,2,4.406000,4.406000
23,51,2,5.139000,5.139000
23,52,2,5.618000,5.618000
23,53,2,5.828000,5.828000
23,54,2,5.744000,5.744000
23,55,2,5.990000,5.990000
23,56,2,5.681000,5.681000
23,57,2,5.683000,5.683000
23,58,2,5.680000,5.680000
23,59,2,5.806000,5.806000
23,60,3,6.174000,6.174000
23,61,3,6.163000,6.163000
23,62,3,5.534000,5.534000
23,63,3,5.287000,5.287000
23,64,3,6.441000,6.441000
23,65,3,5.382000,5.382000
23,66,3,5.330000,5.330000
23,67,3,5.855000,5.855000
23,68,3,5.498000,5.498000
23,69,3,5.587000,5.587000
23,70,3,5.522000,5.522000
23,71,3,5.471000,5.471000
23,72,3,5.583000,5.583000
23,73,3,5.117000,5.117000
23,74,3,5.480000,5.480000
23,75,3,5.711000,5.711000
23,76,3,6.093000,6.093000
23,77,3,5.515000,5.515000
23,78,3,5.726000,5.726000
23,79,3,6.149000,6.149000
23,80,4,5.809000,5.809000
23,81,4,5.648000,5.648000
23,82,4,5.328000,5.328000
23,83,4,5.721000,5.721000
23,84,4,5.563000,5.563000
23,85,4,5.940000,5.940000
23,86,4,6.467000,6.467000
23,87,4,5.499000,5.499000
23,88,4,5.412000,5.412000
23,89,4,5.933000,5.933000
23,90,4,5.599000,5.599000
23,91,4,5.551000,5.551000
23,92,4,5.801000,5.801000
23,93,4,5.596000,5.596000
23,94,4,5.503000,5.503000
23,95,4,5.611000,5.611000
23,96,4,5.668000,5.668000
23,97,4,5.524000,5.524000
23,98,4,5.536000,5.536000
23,99,4,5.676000,5.676000
24,0,0,5.075000,5.075000
24,1,0,5.706000,5.706000
24,2,0,5.610000,5.610000
24,3,0,5.235000,5.235000
24,4,0,5.427000,5.427000
24,5,0,4.964000,4.964000
24,6,0,5.641000,5.641000
24,7,0,5.081000,5.081000
24,8,0,5.685000,5.685000
24,9,0,5.176000,5.176000
24,10,0,5.260000,5.260000
24,11,0,5.455000,5.455000
24,12,0,5.038000,5.038000
24,13,0,5.323000,5.323000
24,14,0,5.544000,5.544000
24,15,0,5.592000,5.592000
24,16,0,5.417000,5.417000
24,17,0,5.519000,5.519000
24,18,0,5.969000,5.969000
24,19,0,5.327000,5.327000
24,20,1,5.864000,5.864000
24,21,1,5.736000,5.736000
24,22,1,5.929000,5.929000
24,23,1,5.714000,5.714000
24,24,1,5.241000,5.241000
24,25,1,5.309000,5.309000
24,26,1,5.531000,5.531000
24,27,1,5.830000,5.830000
24,28,1,5.375000,5.375000
24,29,1,5.685000,5.685000
24,30,1,5.175000,5.175000
24,31,1,5.753000,5.753000
24,32,1,5.360000,5.360000
24,33,1,5.866000,5.866000
24,34,1,5.818000,5.818000
24,35,1,6.409000,6.409000
24,36,1,5.422000,5.422000
24,37,1,5.867000,5.867000
24,38,1,5.064000,5.064000
24,39,1,5.670000,5.670000
24,40,2,5.921000,5.921000
24,41,2,5.789000,5.789000
24,42,2,5.714000,5.714000
24,43,2,5.198000,5.198000
24,44,2,5.289000,5.289000
24,45,2,5.100000,5.100000
24,46,2,5.119000,5.119000
24,47,2,5.739000,5.739000
24,48,2,5.709000,5.709000
24,49,2,5.889000,5.889000
24,50,2,5.675000,5.675000
24,51,2,5.627000,5.627000
24,52,2,5.521000,5.521000
24,53,2,5.550000,5.550000
24,54,2,5.471000,5.471000
24,55,2,5.159000,5.159000
24,56,2,5.662000,5.662000
24,57,2,5.963000,5.963000
24,58,2,5.015000,5.015000
24,59,2,4.935000,4.935000
24,60,3,6.334000,6.334000
24,61,3,5.280000,5.280000
24,62,3,5.092000,5.092000
24,63,3,6.213000,6.213000
24,64,3,6.238000,6.238000
24,65,3,5.453000,5.453000
24,66,3,5.741000,5.741000
24,67,3,6.005000,6.005000
24,68,3,5.270000,5.270000
24,69,3,5.388000,5.388000
24,70,3,5.205000,5.205000
24,71,3,6.202000,6.202000
24,72,3,5.168000,5.168000
24,73,3,5.481000,5.481000
24,74,3,5.352000,5.352000
24,75,3,5.828000,5.828000
24,76,3,5.486000,5.486000
24,77,3,5.892000,5.892000
24,78,3,5.790000,5.790000
24,79,3,4.453000,4.453000
24,80,4,5.801000,5.801000
24,81,4,5.758000,5.758000
24,82,4,5.993000,5.993000
24,83,4,5.919000,5.919000
24,84,4,5.985000,5.985000
24,85,4,5.639000,5.639000
24,86,4,6.100000,6.100000
24,87,4,5.637000,5.637000
24,88,4,5.503000,5.503000
24,89,4,5.427000,5.427000
24,90,4,5.652000,5.652000
24,91,4,5.818000,5.818000
24,92,4,6.063000,6.063000
24,93,4,6.356000,6.356000
24,94,4,5.413000,5.413000
24,95,4,5.686000,5.686000
24,96,4,5.549000,5.549000
24,97,4,5.956000,5.956000
24,98,4,6.187000,6.187000
24,99,4,5.864000,5.864000
25,0,0,5.440000,5.440000
25,1,0,5.581000,5.581000
25,2,0,5.848000,5.848000
25,3,0,4.965000,4.965000
25,4,0,6.107000,6.107000
25,5,0,5.452000,5.452000
25,6,0,5.662000,5.662000
25,7,0,5.729000,5.729000
25,8,0,5.732000,5.732000
25,9,0,5.706000,5.706000
25,10,0,5.353000,5.353000
25,11,0,5.766000,5.766000
25,12,0,5.437000,5.437000
25,13,0,4.823000,4.823000
25,14,0,5.519000,5.519000
25,15,0,5.634000,5.634000
25,16,0,5.642000,5.642000
25,17,0,5.700000,5.700000
25,18,0,5.610000,5.610000
25,19,0,5.646000,5.646000
25,20,1,4.748000,4.748000
25,21,1,5.211000,5.211000
25,22,1,5.509000,5.509000
25,23,1,4.868000,4.868000
25,24,1,5.021000,5.021000
25,25,1,5.984000,5.984000
25,26,1,5.876000,5.876000
25,27,1,5.536000,5.536000
25,28,1,5.717000,5.717000
25,29,1,4.852000,4.852000
25,30,1,5.101000,5.101000
25,31,1,6.049000,6.049000
25,32,1,5.591000,5.591000
25,33,1,5.840000,5.840000
25,34,1,5.459000,5.459000
25,35,1,5.786000,5.786000
25,36,1,5.901000,5.901000
25,37,1,5.088000,5.088000
25,38,1,5.939000,5.939000
25,39,1,5.296000,5.296000
25,40,2,5.188000,5.188000
25,41,2,6.021000,6.021000
25,42,2,5.788000,5.788000
25,43,2,5.292000,5.292000
25,44,2,5.826000,5.826000
25,45,2,5.540000,5.540000
25,46,2,4.750000,4.750000
25,47,2,5.241000,5.241000
25,48,2,5.666000,5.666000
25,49,2,5.573000,5.573000
25,50,2,5.854000,5.854000
25,51,2,5.025000,5.025000
25,52,2,5.747000,5.747000
25,53,2,5.649000,5.649000
25,54,2,5.342000,5.342000
25,55,2,5.968000,5.968000
25,56,2,5.787000,5.787000
25,57,2,5.846000,5.846000
25,58,2,5.151000,5.151000
25,59,2,5.496000,5.496000
25,60,3,6.376000,6.376000
25,61,3,6.201000,6.201000
25,62,3,5.957000,5.957000
25,63,3,5.425000,5.425000
25,64,3,4.567000,4.567000
25,65,3,5.272000,5.272000
25,66,3,6.260000,6.260000
25,67,3,5.346000,5.346000
25,68,3,6.021000,6.021000
25,69,3,4.212000,4.212000
25,70,3,6.033000,6.033000
25,71,3,5.662000,5.662000
25,72,3,5.995000,5.995000
25,73,3,5.769000,5.769000
25,74,3,5.929000,5.929000
25,75,3,5.459000,5.459000
25,76,3,6.245000,6.245000
25,77,3,5.540000,5.540000
25,78,3,3.540000,3.540000
25,79,3,5.590000,5.590000
25,80,4,6.246000,6.246000
25,81,4,6.140000,6.140000
25,82,4,5.743000,5.743000
25,83,4,5.687000,5.687000
25,84,4,6.026000,6.026000
25,85,4,5.899000,5.899000
25,86,4,5.667000,5.667000
25,87,4,5.659000,5.659000
25,88,4,6.024000,6.024000
25,89,4,5.467000,5.467000
25,90,4,6.183000,6.183000
25,91,4,5.498000,5.498000
25,92,4,5.455000,5.455000
25,93,4,5.727000,5.727000
25,94,4,5.658000,5.658000
25,95,4,5.977000,5.977000
25,96,4,5.754000,5.754000
25,97,4,5.367000,5.367000
25,98,4,5.806000,5.806000
25,99,4,5.510000,5.510000
26,0,0,5.818000,5.818000
26,1,0,5.626000,5.626000
26,2,0,5.519000,5.519000
26,3,0,4.978000,4.978000
26,4,0,5.704000,5.704000
26,5,0,5.641000,5.641000
26,6,0,5.627000,5.627000
26,7,0,5.336000,5.336000
26,8,0,5.554000,5.554000
26,9,0,5.586000,5.586000
26,10,0,5.817000,5.817000
26,11,0,5.301000,5.301000
26,12,0,5.786000,5.786000
26,13,0,5.683000,5.683000
26,14,0,3.867000,3.867000
26,15,0,5.340000,5.340000
26,16,0,5.307000,5.307000
26,17,0,5.447000,5.447000
26,18,0,5.179000,5.179000
26,19,0,5.728000,5.728000
26,20,1,5.513000,5.513000
26,21,1,5.560000,5.560000
26,22,1,5.891000,5.891000
26,23,1,5.739000,5.739000
26,24,1,6.231000,6.231000
26,25,1,4.603000,4.603000
26,26,1,4.917000,4.917000
26,27,1,5.846000,5.846000
26,28,1,5.602000,5.602000
26,29,1,5.571000,5.571000
26,30,1,5.802000,5.802000
26,31,1,6.144000,6.144000
26,32,1,5.903000,5.903000
26,33,1,5.422000,5.422000
26,34,1,5.242000,5.242000
26,35,1,5.827000,5.827000
26,36,1,5.622000,5.622000
26,37,1,5.511000,5.511000
26,38,1,6.037000,6.037000
26,39,1,5.843000,5.843000
26,40,2,5.119000,5.119000
26,41,2,5.082000,5.082000
26,42,2,5.946000,5.946000
26,43,2,5.842000,5.842000
26,44,2,5.328000,5.328000
26,45,2,5.615000,5.615000
26,46,2,4.962000,4.962000
26,47,2,5.500000,5.500000
26,48,2,5.733000,5.733000
26,49,2,5.958000,5.958000
26,50,2,4.269000,4.269000
26,51,2,6.109000,6.109000
26,52,2,5.459000,5.459000
26,53,2,5.710000,5.710000
26,54,2,5.957000,5.957000
26,55,2,5.400000,5.400000
26,56,2,5.814000,5.814000
26,57,2,4.563000,4.563000
26,58,2,5.821000,5.821000
26,59,2,5.630000,5.630000
26,60,3,5.858000,5.858000
26,61,3,5.678000,5.678000
26,62,3,5.793000,5.793000
26,63,3,5.824000,5.824000
26,64,3,5.657000,5.657000
26,65,3,5.969000,5.969000
26,66,3,5.750000,5.750000
26,67,3,5.114000,5.114000
26,68,3,5.201000,5.201000
26,69,3,5.965000,5.965000
26,70,3,5.996000,5.996000
26,71,3,3.253000,3.253000
26,72,3,5.843000,5.843000
26,73,3,5.118000,5.118000
26,74,3,5.735000,5.735000
26,75,3,5.752000,5.752000
26,76,3,6.314000,6.314000
26,77,3,5.837000,5.837000
26,78,3,5.133000,5.133000
26,79,3,5.463000,5.463000
26,80,4,5.469000,5.469000
26,81,4,5.628000,5.628000
26,82,4,5.588000,5.588000
26,83,4,5.139000,5.139000
26,84,4,6.123000,6.123000
26,85,4,5.893000,5.893000
26,86,4,5.817000,5.817000
26,87,4,5.404000,5.404000
26,88,4,5.674000,5.674000
26,89,4,5.465000,5.465000
26,90,4,5.598000,5.598000
26,91,4,3.991000,3.991000
26,92,4,6.033000,6.033000
26,93,4,6.234000,6.234000
26,94,4,5.398000,5.398000
26,95,4,5.589000,5.589000
26,96,4,5.738000,5.738000
26,97,4,5.154000,5.154000
26,98,4,5.906000,5.906000
26,99,4,5.579000,5.579000
27,0,0,5.427000,5.427000
27,1,0,5.762000,5.762000
27,2,0,5.343000,5.343000
27,3,0,5.441000,5.441000
27,4,0,5.215000,5.215000
27,5,0,5.413000,5.413000
27,6,0,5.148000,5.148000
27,7,0,5.604000,5.604000
27,8,0,5.847000,5.847000
27,9,0,5.525000,5.525000
27,10,0,5.724000,5.724000
27,11,0,5.628000,5.628000
27,12,0,5.367000,5.367000
27,13,0,5.315000,5.315000
27,14,0,5.763000,5.763000
27,15,0,5.694000,5.694000
27,16,0,5.730000,5.730000
27,17,0,5.718000,5.718000
27,18,0,5.450000,5.450000
27,19,0,5.927000,5.927000
27,20,1,5.679000,5.679000
27,21,1,5.594000,5.594000
27,22,1,5.930000,5.930000
27,23,1,5.916000,5.916000
27,24,1,5.998000,5.998000
27,25,1,5.480000,5.480000
27,26,1,5.133000,5.133000
27,27,1,4.961000,4.961000
27,28,1,6.336000,6.336000
27,29,1,5.667000,5.667000
27,30,1,6.000000,6.000000
27,31,1,5.554000,5.554000
27,32,1,5.482000,5.482000
27,33,1,5.504000,5.504000
27,34,1,5.599000,5.599000
27,35,1,5.588000,5.588000
27,36,1,6.123000,6.123000
27,37,1,4.337000,4.337000
27,38,1,5.690000,5.690000
27,39,1,5.258000,5.258000
27,40,2,6.223000,6.223000
27,41,2,4.263000,4.263000
27,42,2,4.890000,4.890000
27,43,2,5.745000,5.745000
27,44,2,5.552000,5.552000
27,45,2,5.304000,5.304000
27,46,2,5.523000,5.523000
27,47,2,5.347000,5.347000
27,48,2,5.439000,5.439000
27,49,2,5.781000,5.781000
27,50,2,5.681000,5.681000
27,51,2,5.593000,5.593000
27,52,2,5.914000,5.914000
27,53,2,5.569000,5.569000
27,54,2,4.985000,4.985000
27,55,2,5.423000,5.423000
27,56,2,5.711000,5.711000
27,57,2,5.648000,5.648000
27,58,2,5.975000,5.975000
27,59,2,5.392000,5.392000
27,60,3,5.634000,5.634000
27,61,3,4.661000,4.661000
27,62,3,6.468000,6.468000
27,63,3,6.220000,6.220000
27,64,3,5.363000,5.363000
27,65,3,6.010000,6.010000
27,66,3,5.382000,5.382000
27,67,3,5.827000,5.827000
27,68,3,5.290000,5.290000
27,69,3,5.232000,5.232000
27,70,3,5.591000,5.591000
27,71,3,5.011000,5.011000
27,72,3,5.570000,5.570000
27,73,3,5.828000,5.828000
27,74,3,5.896000,5.896000
27,75,3,5.402000,5.402000
27,76,3,5.859000,5.859000
27,77,3,5.592000,5.592000
27,78,3,5.962000,5.962000
27,79,3,5.750000,5.750000
27,80,4,5.592000,5.592000
27,81,4,5.264000,5.264000
27,82,4,5.737000,5.737000
27,83,4,6.081000,6.081000
27,84,4,5.918000,5.918000
27,85,4,5.249000,5.249000
27,86,4,5.812000,5.812000
27,87,4,5.809000,5.809000
27,88,4,5.137000,5.137000
27,89,4,5.854000,5.854000
27,90,4,6.013000,6.013000
27,91,4,4.962000,4.962000
27,92,4,5.336000,5.336000
27,93,4,6.007000,6.007000
27,94,4,5.356000,5.356000
27,95,4,6.018000,6.018000
27,96,4,5.849000,5.849000
27,97,4,5.976000,5.976000
27,98,4,5.980000,5.980000
27,99,4,6.015000,6.015000
28,0,0,5.696000,5.696000
28,1,0,4.819000,4.819000
28,2,0,5.002000,5.002000
28,3,0,5.191000,5.191000
28,4,0,5.569000,5.569000
28,5,0,5.396000,5.396000
28,6,0,5.671000,5.671000
28,7,0,5.686000,5.686000
28,8,0,5.843000,5.843000
28,9,0,5.993000,5.993000
28,10,0,5.872000,5.872000
28,11,0,6.085000,6.085000
28,12,0,5.504000,5.504000
28,13,0,5.373000,5.373000
28,14,0,5.598000,5.598000
28,15,0,5.925000,5.925000
28,16,0,5.682000,5.682000
28,17,0,5.357000,5.357000
28,18,0,5.580000,5.580000
28,19,0,5.354000,5.354000
28,20,1,5.800000,5.800000
28,21,1,5.915000,5.915000
28,22,1,5.351000,5.351000
28,23,1,6.403000,6.403000
28,24,1,5.991000,5.991000
28,25,1,5.773000,5.773000
28,26,1,5.878000,5.878000
28,27,1,5.729000,5.729000
28,28,1,6.126000,6.126000
28,29,1,5.647000,5.647000
28,30,1,4.631000,4.631000
28,31,1,5.652000,5.652000
28,32,1,5.526000,5.526000
28,33,1,5.848000,5.848000
28,34,1,5.553000,5.553000
28,35,1,5.885000,5.885000
28,36,1,5.812000,5.812000
28,37,1,5.838000,5.838000
28,38,1,6.097000,6.097000
28,39,1,5.707000,5.707000
28,40,2,5.684000,5.684000
28,41,2,4.842000,4.842000
28,42,2,5.500000,5.500000
28,43,2,5.567000,5.567000
28,44,2,5.675000,5.675000
28,45,2,6.146000,6.146000
28,46,2,5.626000,5.626000
28,47,2,5.217000,5.217000
28,48,2,6.303000,6.303000
28,49,2,5.640000,5.640000
28,50,2,5.602000,5.602000
28,51,2,5.796000,5.796000
28,52,2,4.974000,4.974000
28,53,2,5.871000,5.871000
28,54,2,5.956000,5.956000
28,55,2,5.967000,5.967000
28,56,2,5.580000,5.580000
28,57,2,5.367000,5.367000
28,58,2,6.039000,6.039000
28,59,2,5.951000,5.951000
28,60,3,4.769000,4.769000
28,61,3,5.498000,5.498000
28,62,3,3.399000,3.399000
28,63,3,6.763000,6.763000
28,64,3,6.054000,6.054000
28,65,3,5.343000,5.343000
28,66,3,5.607000,5.607000
28,67,3,5.792000,5.792000
28,68,3,6.248000,6.248000
28,69,3,4.041000,4.041000
28,70,3,4.120000,4.120000
28,71,3,3.973000,3.973000
28,72,3,4.486000,4.486000
28,73,3,5.876000,5.876000
28,74,3,4.641000,4.641000
28,75,3,6.051000,6.051000
28,76,3,4.686000,4.686000
28,77,3,5.789000,5.789000
28,78,3,6.382000,6.382000
28,79,3,6.667000,6.667000
28,80,4,5.902000,5.902000
28,81,4,6.143000,6.143000
28,82,4,6.047000,6.047000
28,83,4,6.038000,6.038000
28,84,4,5.928000,5.928000
28,85,4,5.743000,5.743000
28,86,4,6.329000,6.329000
28,87,4,6.395000,6.395000
28,88,4,5.854000,5.854000
28,89,4,5.529000,5.529000
28,90,4,4.774000,4.774000
28,91,4,5.774000,5.774000
28,92,4,5.537000,5.537000
28,93,4,5.544000,5.544000
28,94,4,6.117000,6.117000
28,95,4,5.834000,5.834000
28,96,4,5.663000,5.663000
28,97,4,6.370000,6.370000
28,98,4,5.746000,5.746000
28,99,4,5.535000,5.535000
29,0,0,5.902000,5.902000
29,1,0,5.786000,5.786000
29,2,0,6.018000,6.018000
29,3,0,5.608000,5.608000
29,4,0,4.927000,4.927000
29,5,0,5.577000,5.577000
29,6,0,5.930000,5.930000
29,7,0,5.557000,5.557000
29,8,0,5.590000,5.590000
29,9,0,5.827000,5.827000
29,10,0,5.699000,5.699000
29,11,0,5.869000,5.869000
29,12,0,5.463000,5.463000
29,13,0,5.426000,5.426000
29,14,0,5.915000,5.915000
29,15,0,5.846000,5.846000
29,16,0,5.311000,5.311000
29,17,0,5.982000,5.982000
29,18,0,5.964000,5.964000
29,19,0,5.967000,5.967000
29,20,1,5.565000,5.565000
29,21,1,5.843000,5.843000
29,22,1,6.356000,6.356000
29,23,1,5.817000,5.817000
29,24,1,5.678000,5.678000
29,25,1,5.528000,5.528000
29,26,1,4.480000,4.480000
29,27,1,6.279000,6.279000
29,28,1,6.169000,6.169000
29,29,1,6.022000,6.022000
29,30,1,6.225000,6.225000
29,31,1,6.051000,6.051000
29,32,1,5.502000,5.502000
29,33,1,5.583000,5.583000
29,34,1,5.712000,5.712000
29,35,1,4.758000,4.758000
29,36,1,6.311000,6.311000
29,37,1,6.627000,6.627000
29,38,1,6.378000,6.378000
29,39,1,5.961000,5.961000
29,40,2,5.603000,5.603000
29,41,2,5.885000,5.885000
29,42,2,4.891000,4.891000
29,43,2,5.492000,5.492000
29,44,2,5.787000,5.787000
29,45,2,5.723000,5.723000
29,46,2,3.800000,3.800000
29,47,2,5.613000,5.613000
29,48,2,5.866000,5.866000
29,49,2,5.483000,5.483000
29,50,2,5.906000,5.906000
29,51,2,5.550000,5.550000
29,52,2,5.295000,5.295000
29,53,2,6.075000,6.075000
29,54,2,6.357000,6.357000
29,55,2,6.038000,6.038000
29,56,2,5.735000,5.735000
29,57,2,6.034000,6.034000
29,58,2,5.755000,5.755000
29,59,2,5.818000,5.818000
29,60,3,6.395000,6.395000
29,61,3,5.006000,5.006000
29,62,3,5.854000,5.854000
29,63,3,6.622000,6.622000
29,64,3,6.162000,6.162000
29,65,3,6.106000,6.106000
29,66,3,5.535000,5.535000
29,67,3,4.945000,4.945000
29,68,3,5.689000,5.689000
29,69,3,6.197000,6.197000
29,70,3,5.789000,5.789000
29,71,3,5.434000,5.434000
29,72,3,5.803000,5.803000
29,73,3,5.469000,5.469000
29,74,3,5.171000,5.171000
29,75,3,6.336000,6.336000
29,76,3,6.732000,6.732000
29,77,3,5.476000,5.476000
29,78,3,6.061000,6.061000
29,79,3,5.946000,5.946000
29,80,4,5.580000,5.580000
29,81,4,5.687000,5.687000
29,82,4,5.743000,5.743000
29,83,4,5.953000,5.953000
29,84,4,6.060000,6.060000
29,85,4,5.205000,5.205000
29,86,4,5.764000,5.764000
29,87,4,5.655000,5.655000
29,88,4,5.696000,5.696000
29,89,4,5.335000,5.335000
29,90,4,5.604000,5.604000
29,91,4,6.275000,6.275000
29,92,4,5.766000,5.766000
29,93,4,5.585000,5.585000
29,94,4,5.151000,5.151000
29,95,4,6.165000,6.165000
29,96,4,5.235000,5.235000
29,97,4,5.580000,5.580000
29,98,4,5.555000,5.555000
29,99,4,5.992000,5.992000
30,0,0,6.083000,6.083000
30,1,0,5.886000,5.886000
30,2,0,5.035000,5.035000
30,3,0,5.010000,5.010000
30,4,0,5.112000,5.112000
30,5,0,5.630000,5.630000
30,6,0,5.586000,5.586000
30,7,0,5.827000,5.827000
30,8,0,5.384000,5.384000
30,9,0,5.574000,5.574000
30,10,0,5.865000,5.865000
30,11,0,5.687000,5.687000
30,12,0,5.467000,5.467000
30,13,0,6.013000,6.013000
30,14,0,5.645000,5.645000
30,15,0,5.664000,5.664000
30,16,0,5.683000,5.683000
30,17,0,5.989000,5.989000
30,18,0,5.328000,5.328000
30,19,0,4.329000,4.329000
30,20,1,6.327000,6.327000
30,21,1,5.469000,5.469000
30,22,1,6.004000,6.004000
30,23,1,5.944000,5.944000
30,24,1,5.987000,5.987000
30,25,1,5.934000,5.934000
30,26,1,5.790000,5.790000
30,27,1,6.567000,6.567000
30,28,1,6.363000,6.363000
30,29,1,4.643000,4.643000
30,30,1,5.987000,5.987000
30,31,1,5.757000,5.757000
30,32,1,6.475000,6.475000
30,33,1,5.909000,5.909000
30,34,1,5.916000,5.916000
30,35,1,4.502000,4.502000
30,36,1,5.603000,5.603000
30,37,1,6.523000,6.523000
30,38,1,5.535000,5.535000
30,39,1,5.233000,5.233000
30,40,2,5.273000,5.273000
30,41,2,5.897000,5.897000
30,42,2,5.842000,5.842000
30,43,2,6.520000,6.520000
30,44,2,6.182000,6.182000
30,45,2,5.414000,5.414000
30,46,2,6.107000,6.107000
30,47,2,5.600000,5.600000
30,48,2,5.762000,5.762000
30,49,2,5.963000,5.963000
30,50,2,5.727000,5.727000
30,51,2,5.970000,5.970000
30,52,2,5.713000,5.713000
30,53,2,6.070000,6.070000
30,54,2,6.194000,6.194000
30,55,2,5.933000,5.933000
30,56,2,5.565000,5.565000
30,57,2,5.976000,5.976000
30,58,2,5.268000,5.268000
30,59,2,5.437000,5.437000
30,60,3,6.532000,6.532000
30,61,3,6.395000,6.395000
30,62,3,6.025000,6.025000
30,63,3,6.716000,6.716000
30,64,3,5.804000,5.804000
30,65,3,5.207000,5.207000
30,66,3,6.698000,6.698000
30,67,3,5.446000,5.446000
30,68,3,6.112000,6.112000
30,69,3,6.030000,6.030000
30,70,3,4.671000,4.671000
30,71,3,6.773000,6.773000
30,72,3,6.254000,6.254000
30,73,3,6.256000,6.256000
30,74,3,5.615000,5.615000
30,75,3,6.483000,6.483000
30,76,3,4.132000,4.132000
30,77,3,5.583000,5.583000
30,78,3,6.359000,6.359000
30,79,3,5.688000,5.688000
30,80,4,5.908000,5.908000
30,81,4,5.917000,5.917000
30,82,4,5.727000,5.727000
30,83,4,5.520000,5.520000
30,84,4,5.737000,5.737000
30,85,4,5.754000,5.754000
30,86,4,5.655000,5.655000
30,87,4,5.708000,5.708000
30,88,4,5.583000,5.583000
30,89,4,5.991000,5.991000
30,90,4,6.178000,6.178000
30,91,4,5.705000,5.705000
30,92,4,5.660000,5.660000
30,93,4,5.848000,5.848000
30,94,4,5.354000,5.354000
30,95,4,5.957000,5.957000
30,96,4,5.225000,5.225000
30,97,4,4.922000,4.922000
30,98,4,5.283000,5.283000
30,99,4,5.840000,5.840000
31,0,0,5.170000,5.170000
31,1,0,5.486000,5.486000
31,2,0,5.335000,5.335000
31,3,0,5.845000,5.845000
31,4,0,5.684000,5.684000
31,5,0,5.545000,5.545000
31,6,0,5.622000,5.622000
31,7,0,5.904000,5.904000
31,8,0,5.707000,5.707000
31,9,0,5.829000,5.829000
31,10,0,5.501000,5.501000
31,11,0,4.784000,4.784000
31,12,0,5.813000,5.813000
31,13,0,5.551000,5.551000
31,14,0,5.858000,5.858000
31,15,0,5.472000,5.472000
31,16,0,5.480000,5.480000
31,17,0,5.402000,5.402000
31,18,0,5.755000,5.755000
31,19,0,5.612000,5.612000
31,20,1,5.799000,5.799000
31,21,1,4.939000,4.939000
31,22,1,6.365000,6.365000
31,23,1,5.967000,5.967000
31,24,1,5.625000,5.625000
31,25,1,4.561000,4.561000
31,26,1,6.256000,6.256000
31,27,1,4.718000,4.718000
31,28,1,6.420000,6.420000
31,29,1,6.176000,6.176000
31,30,1,6.168000,6.168000
31,31,1,5.248000,5.248000
31,32,1,5.671000,5.671000
31,33,1,6.328000,6.328000
31,34,1,6.012000,6.012000
31,35,1,4.815000,4.815000
31,36,1,6.432000,6.432000
31,37,1,6.154000,6.154000
31,38,1,6.292000,6.292000
31,39,1,6.173000,6.173000
31,40,2,5.929000,5.929000
31,41,2,6.093000,6.093000
31,42,2,5.857000,5.857000
31,43,2,5.837000,5.837000
31,44,2,5.780000,5.780000
31,45,2,6.092000,6.092000
31,46,2,5.853000,5.853000
31,47,2,6.154000,6.154000
31,48,2,6.383000,6.383000
31,49,2,5.678000,5.678000
31,50,2,5.708000,5.708000
31,51,2,6.337000,6.337000
31,52,2,4.333000,4.333000
31,53,2,6.048000,6.048000
31,54,2,5.683000,5.683000
31,55,2,5.812000,5.812000
31,56,2,6.193000,6.193000
31,57,2,5.828000,5.828000
31,58,2,5.762000,5.762000
31,59,2,5.725000,5.725000
31,60,3,6.202000,6.202000
31,61,3,6.398000,6.398000
31,62,3,6.276000,6.276000
31,63,3,3.184000,3.184000
31,64,3,5.856000,5.856000
31,65,3,6.549000,6.549000
31,66,3,5.473000,5.473000
31,67,3,5.147000,5.147000
31,68,3,6.414000,6.414000
31,69,3,5.633000,5.633000
31,70,3,6.728000,6.728000
31,71,3,5.174000,5.174000
31,72,3,6.351000,6.351000
31,73,3,6.650000,6.650000
31,74,3,5.579000,5.579000
31,75,3,6.484000,6.484000
31,76,3,5.407000,5.407000
31,77,3,6.439000,6.439000
31,78,3,6.472000,6.472000
31,79,3,5.255000,5.255000
31,80,4,5.882000,5.882000
31,81,4,5.247000,5.247000
31,82,4,5.362000,5.362000
31,83,4,5.960000,5.960000
31,84,4,5.520000,5.520000
31,85,4,5.873000,5.873000
31,86,4,5.929000,5.929000
31,87,4,6.338000,6.338000
31,88,4,5.477000,5.477000
31,89,4,6.166000,6.166000
31,90,4,5.548000,5.548000
31,91,4,5.590000,5.590000
31,92,4,6.041000,6.041000
31,93,4,5.618000,5.618000
31,94,4,6.257000,6.257000
31,95,4,5.667000,5.667000
31,96,4,5.557000,5.557000
31,97,4,6.072000,6.072000
31,98,4,5.994000,5.994000
31,99,4,5.928000,5.928000
32,0,0,5.337000,5.337000
32,1,0,5.288000,5.288000
32,2,0,5.778000,5.778000
32,3,0,5.900000,5.900000
32,4,0,5.674000,5.674000
32,5,0,5.753000,5.753000
32,6,0,5.456000,5.456000
32,7,0,5.357000,5.357000
32,8,0,5.476000,5.476000
32,9,0,5.383000,5.383000
32,10,0,5.256000,5.256000
32,11,0,5.759000,5.759000
32,12,0,5.497000,5.497000
32,13,0,5.425000,5.425000
32,14,0,5.770000,5.770000
32,15,0,5.962000,5.962000
32,16,0,5.690000,5.690000
32,17,0,5.448000,5.448000
32,18,0,4.658000,4.658000
32,19,0,5.780000,5.780000
32,20,1,5.798000,5.798000
32,21,1,6.354000,6.354000
32,22,1,6.158000,6.158000
32,23,1,5.966000,5.966000
32,24,1,5.873000,5.873000
32,25,1,5.344000,5.344000
32,26,1,6.343000,6.343000
32,27,1,6.159000,6.159000
32,28,1,5.876000,5.876000
32,29,1,5.781000,5.781000
32,30,1,5.155000,5.155000
32,31,1,6.546000,6.546000
32,32,1,5.682000,5.682000
32,33,1,6.222000,6.222000
32,34,1,6.314000,6.314000
32,35,1,5.685000,5.685000
32,36,1,6.184000,6.184000
32,37,1,6.448000,6.448000
32,38,1,6.200000,6.200000
32,39,1,6.100000,6.100000
32,40,2,6.007000,6.007000
32,41,2,5.511000,5.511000
32,42,2,5.908000,5.908000
32,43,2,6.225000,6.225000
32,44,2,5.674000,5.674000
32,45,2,6.304000,6.304000
32,46,2,5.742000,5.742000
32,47,2,5.465000,5.465000
32,48,2,5.912000,5.912000
32,49,2,5.777000,5.777000
32,50,2,5.798000,5.798000
32,51,2,6.092000,6.092000
32,52,2,6.327000,6.327000
32,53,2,4.713000,4.713000
32,54,2,4.639000,4.639000
32,55,2,5.945000,5.945000
32,56,2,5.870000,5.870000
32,57,2,5.373000,5.373000
32,58,2,5.958000,5.958000
32,59,2,5.998000,5.998000
32,60,3,6.177000,6.177000
32,61,3,3.961000,3.961000
32,62,3,6.545000,6.545000
32,63,3,4.542000,4.542000
32,64,3,5.448000,5.448000
32,65,3,5.930000,5.930000
32,66,3,6.612000,6.612000
32,67,3,5.928000,5.928000
32,68,3,4.553000,4.553000
32,69,3,5.962000,5.962000
32,70,3,5.834000,5.834000
32,71,3,4.590000,4.590000
32,72,3,6.534000,6.534000
32,73,3,5.621000,5.621000
32,74,3,5.406000,5.406000
32,75,3,4.399000,4.399000
32,76,3,4.986000,4.986000
32,77,3,6.465000,6.465000
32,78,3,4.350000,4.350000
32,79,3,6.585000,6.585000
32,80,4,5.495000,5.495000
32,81,4,5.524000,5.524000
32,82,4,5.992000,5.992000
32,83,4,5.518000,5.518000
32,84,4,5.719000,5.719000
32,85,4,6.209000,6.209000
32,86,4,6.479000,6.479000
32,87,4,5.668000,5.668000
32,88,4,5.684000,5.684000
32,89,4,5.620000,5.620000
32,90,4,6.100000,6.100000
32,91,4,6.014000,6.014000
32,92,4,5.953000,5.953000
32,93,4,5.603000,5.603000
32,94,4,5.344000,5.344000
32,95,4,6.221000,6.221000
32,96,4,5.726000,5.726000
32,97,4,5.470000,5.470000
32,98,4,6.113000,6.113000
32,99,4,5.588000,5.588000
33,0,0,5.940000,5.940000
33,1,0,5.439000,5.439000
33,2,0,6.234000,6.234000
33,3,0,5.631000,5.631000
33,4,0,5.765000,5.765000
33,5,0,5.860000,5.860000
33,6,0,5.424000,5.424000
33,7,0,5.997000,5.997000
33,8,0,5.552000,5.552000
33,9,0,5.113000,5.113000
33,10,0,5.446000,5.446000
33,11,0,5.617000,5.617000
33,12,0,5.831000,5.831000
33,13,0,6.146000,6.146000
33,14,0,5.264000,5.264000
33,15,0,5.512000,5.512000
33,16,0,5.989000,5.989000
33,17,0,5.538000,5.538000
33,18,0,5.087000,5.087000
33,19,0,5.829000,5.829000
33,20,1,6.001000,6.001000
33,21,1,6.499000,6.499000
33,22,1,6.327000,6.327000
33,23,1,5.662000,5.662000
33,24,1,5.982000,5.982000
33,25,1,5.001000,5.001000
33,26,1,6.563000,6.563000
33,27,1,5.828000,5.828000
33,28,1,6.326000,6.326000
33,29,1,6.114000,6.114000
33,30,1,5.687000,5.687000
33,31,1,6.134000,6.134000
33,32,1,6.215000,6.215000
33,33,1,6.187000,6.187000
33,34,1,4.683000,4.683000
33,35,1,6.630000,6.630000
33,36,1,4.741000,4.741000
33,37,1,6.544000,6.544000
33,38,1,5.736000,5.736000
33,39,1,6.319000,6.319000
33,40,2,6.113000,6.113000
33,41,2,5.528000,5.528000
33,42,2,6.144000,6.144000
33,43,2,6.032000,6.032000
33,44,2,5.963000,5.963000
33,45,2,5.586000,5.586000
33,46,2,6.064000,6.064000
33,47,2,6.457000,6.457000
33,48,2,6.079000,6.079000
33,49,2,6.102000,6.102000
33,50,2,6.332000,6.332000
33,51,2,4.792000,4.792000
33,52,2,5.810000,5.810000
33,53,2,5.699000,5.699000
33,54,2,5.954000,5.954000
33,55,2,6.086000,6.086000
33,56,2,6.315000,6.315000
33,57,2,6.500000,6.500000
33,58,2,5.961000,5.961000
33,59,2,5.430000,5.430000
33,60,3,6.519000,6.519000
33,61,3,6.278000,6.278000
33,62,3,4.895000,4.895000
33,63,3,6.497000,6.497000
33,64,3,4.772000,4.772000
33,65,3,4.797000,4.797000
33,66,3,4.662000,4.662000
33,67,3,6.725000,6.725000
33,68,3,6.175000,6.175000
33,69,3,6.158000,6.158000
33,70,3,5.019000,5.019000
33,71,3,6.620000,6.620000
33,72,3,5.959000,5.959000
33,73,3,6.359000,6.359000
33,74,3,5.428000,5.428000
33,75,3,5.776000,5.776000
33,76,3,6.178000,6.178000
33,77,3,6.548000,6.548000
33,78,3,5.836000,5.836000
33,79,3,6.118000,6.118000
33,80,4,5.749000,5.749000
33,81,4,5.771000,5.771000
33,82,4,5.962000,5.962000
33,83,4,4.893000,4.893000
33,84,4,6.159000,6.159000
33,85,4,5.671000,5.671000
33,86,4,6.376000,6.376000
33,87,4,5.820000,5.820000
33,88,4,5.737000,5.737000
33,89,4,6.157000,6.157000
33,90,4,6.080000,6.080000
33,91,4,4.849000,4.849000
33,92,4,6.005000,6.005000
33,93,4,6.092000,6.092000
33,94,4,5.961000,5.961000
33,95,4,5.562000,5.562000
33,96,4,6.607000,6.607000
33,97,4,5.383000,5.383000
33,98,4,6.069000,6.069000
33,99,4,5.715000,5.715000
34,0,0,5.452000,5.452000
34,1,0,5.789000,5.789000
34,2,0,5.435000,5.435000
34,3,0,5.161000,5.161000
34,4,0,5.669000,5.669000
34,5,0,5.510000,5.510000
34,6,0,5.039000,5.039000
34,7,0,5.908000,5.908000
34,8,0,5.296000,5.296000
34,9,0,5.391000,5.391000
34,10,0,5.580000,5.580000
34,11,0,5.615000,5.615000
34,12,0,6.134000,6.134000
34,13,0,6.250000,6.250000
34,14,0,4.911000,4.911000
34,15,0,5.849000,5.849000
34,16,0,5.814000,5.814000
34,17,0,5.194000,5.194000
34,18,0,4.875000,4.875000
34,19,0,5.783000,5.783000
34,20,1,6.294000,6.294000
34,21,1,6.104000,6.104000
34,22,1,5.921000,5.921000
34,23,1,6.555000,6.555000
34,24,1,6.279000,6.279000
34,25,1,5.854000,5.854000
34,26,1,5.846000,5.846000
34,27,1,5.289000,5.289000
34,28,1,5.617000,5.617000
34,29,1,6.162000,6.162000
34,30,1,6.549000,6.549000
34,31,1,6.485000,6.485000
34,32,1,6.328000,6.328000
34,33,1,5.625000,5.625000
34,34,1,6.446000,6.446000
34,35,1,6.253000,6.253000
34,36,1,6.450000,6.450000
34,37,1,5.869000,5.869000
34,38,1,6.236000,6.236000
34,39,1,6.407000,6.407000
34,40,2,5.590000,5.590000
34,41,2,6.279000,6.279000
34,42,2,6.525000,6.525000
34,43,2,4.887000,4.887000
34,44,2,6.550000,6.550000
34,45,2,5.703000,5.703000
34,46,2,4.838000,4.838000
34,47,2,6.517000,6.517000
34,48,2,5.893000,5.893000
34,49,2,5.929000,5.929000
34,50,2,6.518000,6.518000
34,51,2,5.548000,5.548000
34,52,2,6.321000,6.321000
34,53,2,5.934000,5.934000
34,54,2,5.751000,5.751000
34,55,2,6.542000,6.542000
34,56,2,5.793000,5.793000
34,57,2,6.077000,6.077000
34,58,2,6.393000,6.393000
34,59,2,6.703000,6.703000
34,60,3,6.593000,6.593000
34,61,3,6.045000,6.045000
34,62,3,6.118000,6.118000
34,63,3,6.616000,6.616000
34,64,3,5.119000,5.119000
34,65,3,6.595000,6.595000
34,66,3,6.869000,6.869000
34,67,3,6.574000,6.574000
34,68,3,5.765000,5.765000
34,69,3,6.822000,6.822000
34,70,3,6.233000,6.233000
34,71,3,6.485000,6.485000
34,72,3,5.143000,5.143000
34,73,3,6.231000,6.231000
34,74,3,6.332000,6.332000
34,75,3,6.402000,6.402000
34,76,3,6.220000,6.220000
34,77,3,5.292000,5.292000
34,78,3,6.097000,6.097000
34,79,3,6.398000,6.398000
34,80,4,6.091000,6.091000
34,81,4,6.051000,6.051000
34,82,4,6.277000,6.277000
34,83,4,5.751000,5.751000
34,84,4,6.098000,6.098000
34,85,4,5.841000,5.841000
34,86,4,5.898000,5.898000
34,87,4,5.724000,5.724000
34,88,4,5.478000,5.478000
34,89,4,6.405000,6.405000
34,90,4,6.174000,6.174000
34,91,4,4.730000,4.730000
34,92,4,5.952000,5.952000
34,93,4,5.842000,5.842000
34,94,4,5.727000,5.727000
34,95,4,5.858000,5.858000
34,96,4,5.920000,5.920000
34,97,4,5.846000,5.846000
34,98,4,5.881000,5.881000
34,99,4,5.490000,5.490000
35,0,0,6.002000,6.002000
35,1,0,5.874000,5.874000
35,2,0,5.855000,5.855000
35,3,0,5.196000,5.196000
35,4,0,5.532000,5.532000
35,5,0,5.593000,5.593000
35,6,0,5.640000,5.640000
35,7,0,5.301000,5.301000
35,8,0,6.242000,6.242000
35,9,0,5.605000,5.605000
35,10,0,6.020000,6.020000
35,11,0,5.626000,5.626000
35,12,0,6.042000,6.042000
35,13,0,5.665000,5.665000
35,14,0,5.403000,5.403000
35,15,0,6.325000,6.325000
35,16,0,6.014000,6.014000
35,17,0,6.039000,6.039000
35,18,0,5.566000,5.566000
35,19,0,5.853000,5.853000
35,20,1,5.858000,5.858000
35,21,1,6.138000,6.138000
35,22,1,5.942000,5.942000
35,23,1,6.592000,6.592000
35,24,1,6.265000,6.265000
35,25,1,6.586000,6.586000
35,26,1,5.944000,5.944000
35,27,1,6.391000,6.391000
35,28,1,6.177000,6.177000
35,29,1,5.939000,5.939000
35,30,1,6.560000,6.560000
35,31,1,6.178000,6.178000
35,32,1,6.026000,6.026000
35,33,1,5.257000,5.257000
35,34,1,5.353000,5.353000
35,35,1,6.319000,6.319000
35,36,1,6.182000,6.182000
35,37,1,6.380000,6.380000
35,38,1,6.198000,6.198000
35,39,1,6.166000,6.166000
35,40,2,6.252000,6.252000
35,41,2,5.942000,5.942000
35,42,2,6.586000,6.586000
35,43,2,6.046000,6.046000
35,44,2,6.447000,6.447000
35,45,2,6.011000,6.011000
35,46,2,6.376000,6.376000
35,47,2,5.899000,5.899000
35,48,2,6.345000,6.345000
35,49,2,6.034000,6.034000
35,50,2,6.350000,6.350000
35,51,2,5.537000,5.537000
35,52,2,5.850000,5.850000
35,53,2,6.152000,6.152000
35,54,2,6.535000,6.535000
35,55,2,6.220000,6.220000
35,56,2,6.317000,6.317000
35,57,2,6.550000,6.550000
35,58,2,6.182000,6.182000
35,59,2,6.196000,6.196000
35,60,3,6.200000,6.200000
35,61,3,5.482000,5.482000
35,62,3,6.138000,6.138000
35,63,3,4.985000,4.985000
35,64,3,6.687000,6.687000
35,65,3,6.778000,6.778000
35,66,3,5.989000,5.989000
35,67,3,6.541000,6.541000
35,68,3,5.679000,5.679000
35,69,3,6.065000,6.065000
35,70,3,5.676000,5.676000
35,71,3,5.968000,5.968000
35,72,3,6.726000,6.726000
35,73,3,5.974000,5.974000
35,74,3,7.002000,7.002000
35,75,3,4.779000,4.779000
35,76,3,4.787000,4.787000
35,77,3,6.393000,6.393000
35,78,3,4.525000,4.525000
35,79,3,5.531000,5.531000
35,80,4,5.202000,5.202000
35,81,4,6.383000,6.383000
35,82,4,6.271000,6.271000
35,83,4,5.905000,5.905000
35,84,4,5.799000,5.799000
35,85,4,6.276000,6.276000
35,86,4,4.917000,4.917000
35,87,4,5.658000,5.658000
35,88,4,5.965000,5.965000
35,89,4,4.960000,4.960000
35,90,4,5.454000,5.454000
35,91,4,4.483000,4.483000
35,92,4,6.169000,6.169000
35,93,4,5.027000,5.027000
35,94,4,5.896000,5.896000
35,95,4,5.150000,5.150000
35,96,4,4.610000,4.610000
35,97,4,5.389000,5.389000
35,98,4,5.998000,5.998000
35,99,4,5.561000,5.561000
36,0,0,5.615000,5.615000
36,1,0,5.550000,5.550000
36,2,0,5.713000,5.713000
36,3,0,5.374000,5.374000
36,4,0,5.356000,5.356000
36,5,0,5.857000,5.857000
36,6,0,5.436000,5.436000
36,7,0,6.272000,6.272000
36,8,0,5.708000,5.708000
36,9,0,6.023000,6.023000
36,10,0,5.461000,5.461000
36,11,0,5.545000,5.545000
36,12,0,5.824000,5.824000
36,13,0,5.535000,5.535000
36,14,0,5.777000,5.777000
36,15,0,6.509000,6.509000
36,16,0,5.775000,5.775000
36,17,0,4.957000,4.957000
36,18,0,6.269000,6.269000
36,19,0,5.502000,5.502000
36,20,1,5.027000,5.027000
36,21,1,6.383000,6.383000
36,22,1,5.504000,5.504000
36,23,1,6.533000,6.533000
36,24,1,6.466000,6.466000
36,25,1,6.221000,6.221000
36,26,1,5.910000,5.910000
36,27,1,6.229000,6.229000
36,28,1,5.743000,5.743000
36,29,1,6.523000,6.523000
36,30,1,6.263000,6.263000
36,31,1,5.529000,5.529000
36,32,1,6.269000,6.269000
36,33,1,6.458000,6.458000
36,34,1,6.286000,6.286000
36,35,1,6.273000,6.273000
36,36,1,6.197000,6.197000
36,37,1,6.526000,6.526000
36,38,1,6.112000,6.112000
36,39,1,5.561000,5.561000
36,40,2,5.967000,5.967000
36,41,2,5.999000,5.999000
36,42,2,6.016000,6.016000
36,43,2,5.980000,5.980000
36,44,2,6.665000,6.665000
36,45,2,6.612000,6.612000
36,46,2,6.094000,6.094000
36,47,2,6.318000,6.318000
36,48,2,6.215000,6.215000
36,49,2,6.495000,6.495000
36,50,2,6.387000,6.387000
36,51,2,6.527000,6.527000
36,52,2,5.991000,5.991000
36,53,2,6.250000,6.250000
36,54,2,6.176000,6.176000
36,55,2,6.690000,6.690000
36,56,2,6.344000,6.344000
36,57,2,6.621000,6.621000
36,58,2,6.333000,6.333000
36,59,2,6.287000,6.287000
36,60,3,6.630000,6.630000
36,61,3,6.312000,6.312000
36,62,3,6.450000,6.450000
36,63,3,6.480000,6.480000
36,64,3,4.369000,4.369000
36,65,3,6.672000,6.672000
36,66,3,5.691000,5.691000
36,67,3,5.762000,5.762000
36,68,3,6.295000,6.295000
36,69,3,6.774000,6.774000
36,70,3,6.089000,6.089000
36,71,3,4.965000,4.965000
36,72,3,4.794000,4.794000
36,73,3,5.213000,5.213000
36,74,3,5.601000,5.601000
36,75,3,6.746000,6.746000
36,76,3,3.729000,3.729000
36,77,3,6.123000,6.123000
36,78,3,6.618000,6.618000
36,79,3,6.129000,6.129000
36,80,4,5.541000,5.541000
36,81,4,5.921000,5.921000
36,82,4,5.444000,5.444000
36,83,4,6.088000,6.088000
36,84,4,5.669000,5.669000
36,85,4,5.958000,5.958000
36,86,4,5.694000,5.694000
36,87,4,5.985000,5.985000
36,88,4,6.197000,6.197000
36,89,4,5.792000,5.792000
36,90,4,5.732000,5.732000
36,91,4,6.015000,6.015000
36,92,4,4.424000,4.424000
36,93,4,5.948000,5.948000
36,94,4,5.547000,5.547000
36,95,4,5.569000,5.569000
36,96,4,5.371000,5.371000
36,97,4,6.192000,6.192000
36,98,4,5.403000,5.403000
36,99,4,6.010000,6.010000
37,0,0,5.296000,5.296000
37,1,0,5.292000,5.292000
37,2,0,5.625000,5.625000
37,3,0,5.490000,5.490000
37,4,0,5.922000,5.922000
37,5,0,5.289000,5.289000
37,6,0,6.000000,6.000000
37,7,0,5.841000,5.841000
37,8,0,5.893000,5.893000
37,9,0,6.493000,6.493000
37,10,0,5.158000,5.158000
37,11,0,6.297000,6.297000
37,12,0,5.723000,5.723000
37,13,0,6.181000,6.181000
37,14,0,5.362000,5.362000
37,15,0,5.992000,5.992000
37,16,0,5.198000,5.198000
37,17,0,6.212000,6.212000
37,18,0,6.217000,6.217000
37,19,0,6.440000,6.440000
37,20,1,6.139000,6.139000
37,21,1,6.172000,6.172000
37,22,1,5.654000,5.654000
37,23,1,5.992000,5.992000
37,24,1,6.032000,6.032000
37,25,1,5.856000,5.856000
37,26,1,5.929000,5.929000
37,27,1,5.785000,5.785000
37,28,1,6.542000,6.542000
37,29,1,4.664000,4.664000
37,30,1,6.114000,6.114000
37,31,1,6.396000,6.396000
37,32,1,6.628000,6.628000
37,33,1,6.353000,6.353000
37,34,1,6.392000,6.392000
37,35,1,5.962000,5.962000
37,36,1,6.233000,6.233000
37,37,1,6.432000,6.432000
37,38,1,6.368000,6.368000
37,39,1,6.209000,6.209000
37,40,2,6.421000,6.421000
37,41,2,6.799000,6.799000
37,42,2,6.023000,6.023000
37,43,2,6.549000,6.549000
37,44,2,6.292000,6.292000
37,45,2,6.873000,6.873000
37,46,2,6.272000,6.272000
37,47,2,6.120000,6.120000
37,48,2,5.291000,5.291000
37,49,2,6.140000,6.140000
37,50,2,6.432000,6.432000
37,51,2,6.229000,6.229000
37,52,2,6.773000,6.773000
37,53,2,6.228000,6.228000
37,54,2,6.034000,6.034000
37,55,2,5.796000,5.796000
37,56,2,6.727000,6.727000
37,57,2,6.638000,6.638000
37,58,2,6.444000,6.444000
37,59,2,6.673000,6.673000
37,60,3,6.559000,6.559000
37,61,3,6.698000,6.698000
37,62,3,6.202000,6.202000
37,63,3,5.650000,5.650000
37,64,3,6.772000,6.772000
37,65,3,6.909000,6.909000
37,66,3,6.843000,6.843000
37,67,3,5.341000,5.341000
37,68,3,6.740000,6.740000
37,69,3,6.466000,6.466000
37,70,3,5.251000,5.251000
37,71,3,5.976000,5.976000
37,72,3,5.611000,5.611000
37,73,3,6.616000,6.616000
37,74,3,6.864000,6.864000
37,75,3,6.120000,6.120000
37,76,3,5.768000,5.768000
37,77,3,5.909000,5.909000
37,78,3,6.736000,6.736000
37,79,3,4.419000,4.419000
37,80,4,5.951000,5.951000
37,81,4,5.891000,5.891000
37,82,4,6.228000,6.228000
37,83,4,5.446000,5.446000
37,84,4,6.193000,6.193000
37,85,4,5.788000,5.788000
37,86,4,5.916000,5.916000
37,87,4,5.523000,5.523000
37,88,4,4.977000,4.977000
37,89,4,6.332000,6.332000
37,90,4,6.001000,6.001000
37,91,4,6.629000,6.629000
37,92,4,4.899000,4.899000
37,93,4,6.014000,6.014000
37,94,4,6.079000,6.079000
37,95,4,5.336000,5.336000
37,96,4,5.951000,5.951000
37,97,4,5.530000,5.530000
37,98,4,6.163000,6.163000
37,99,4,5.085000,5.085000
38,0,0,5.855000,5.855000
38,1,0,5.308000,5.308000
38,2,0,5.816000,5.816000
38,3,0,6.026000,6.026000
38,4,0,6.086000,6.086000
38,5,0,5.617000,5.617000
38,6,0,5.348000,5.348000
38,7,0,5.419000,5.419000
38,8,0,5.898000,5.898000
38,9,0,5.529000,5.529000
38,10,0,5.058000,5.058000
38,11,0,5.043000,5.043000
38,12,0,6.100000,6.100000
38,13,0,5.387000,5.387000
38,14,0,5.936000,5.936000
38,15,0,5.511000,5.511000
38,16,0,6.148000,6.148000
38,17,0,4.725000,4.725000
38,18,0,5.325000,5.325000
38,19,0,5.254000,5.254000
38,20,1,6.704000,6.704000
38,21,1,6.441000,6.441000
38,22,1,6.866000,6.866000
38,23,1,6.238000,6.238000
38,24,1,5.363000,5.363000
38,25,1,6.449000,6.449000
38,26,1,5.335000,5.335000
38,27,1,6.664000,6.664000
38,28,1,5.958000,5.958000
38,29,1,6.639000,6.639000
38,30,1,6.350000,6.350000
38,31,1,5.962000,5.962000
38,32,1,6.107000,6.107000
38,33,1,4.574000,4.574000
38,34,1,4.799000,4.799000
38,35,1,5.786000,5.786000
38,36,1,6.132000,6.132000
38,37,1,6.508000,6.508000
38,38,1,6.176000,6.176000
38,39,1,5.792000,5.792000
38,40,2,6.189000,6.189000
38,41,2,6.310000,6.310000
38,42,2,6.621000,6.621000
38,43,2,6.866000,6.866000
38,44,2,6.456000,6.456000
38,45,2,6.453000,6.453000
38,46,2,6.356000,6.356000
38,47,2,5.688000,5.688000
38,48,2,6.222000,6.222000
38,49,2,5.953000,5.953000
38,50,2,6.822000,6.822000
38,51,2,6.660000,6.660000
38,52,2,5.710000,5.710000
38,53,2,6.180000,6.180000
38,54,2,6.043000,6.043000
38,55,2,5.767000,5.767000
38,56,2,6.185000,6.185000
38,57,2,6.725000,6.725000
38,58,2,6.841000,6.841000
38,59,2,6.686000,6.686000
38,60,3,5.299000,5.299000
38,61,3,6.556000,6.556000
38,62,3,5.710000,5.710000
38,63,3,6.795000,6.795000
38,64,3,5.312000,5.312000
38,65,3,6.796000,6.796000
38,66,3,6.131000,6.131000
38,67,3,6.359000,6.359000
38,68,3,6.280000,6.280000
38,69,3,6.737000,6.737000
38,70,3,5.883000,5.883000
38,71,3,6.326000,6.326000
38,72,3,6.714000,6.714000
38,73,3,6.356000,6.356000
38,74,3,5.641000,5.641000
38,75,3,4.314000,4.314000
38,76,3,6.340000,6.340000
38,77,3,6.782000,6.782000
38,78,3,6.281000,6.281000
38,79,3,6.597000,6.597000
38,80,4,5.735000,5.735000
38,81,4,5.745000,5.745000
38,82,4,5.673000,5.673000
38,83,4,5.469000,5.469000
38,84,4,5.341000,5.341000
38,85,4,6.165000,6.165000
38,86,4,5.946000,5.946000
38,87,4,5.585000,5.585000
38,88,4,6.004000,6.004000
38,89,4,5.853000,5.853000
38,90,4,6.069000,6.069000
38,91,4,5.780000,5.780000
38,92,4,5.382000,5.382000
38,93,4,5.673000,5.673000
38,94,4,5.759000,5.759000
38,95,4,5.392000,5.392000
38,96,4,6.166000,6.166000
38,97,4,5.323000,5.323000
38,98,4,5.744000,5.744000
38,99,4,5.849000,5.849000
39,0,0,5.456000,5.456000
39,1,0,5.821000,5.821000
39,2,0,6.591000,6.591000
39,3,0,4.713000,4.713000
39,4,0,6.158000,6.158000
39,5,0,5.932000,5.932000
39,6,0,5.150000,5.150000
39,7,0,5.921000,5.921000
39,8,0,5.889000,5.889000
39,9,0,5.981000,5.981000
39,10,0,6.207000,6.207000
39,11,0,5.837000,5.837000
39,12,0,5.923000,5.923000
39,13,0,5.801000,5.801000
39,14,0,5.753000,5.753000
39,15,0,5.849000,5.849000
39,16,0,5.761000,5.761000
39,17,0,6.041000,6.041000
39,18,0,5.323000,5.323000
39,19,0,5.895000,5.895000
39,20,1,6.699000,6.699000
39,21,1,6.678000,6.678000
39,22,1,6.707000,6.707000
39,23,1,6.581000,6.581000
39,24,1,4.491000,4.491000
39,25,1,5.755000,5.755000
39,26,1,6.104000,6.104000
39,27,1,6.559000,6.559000
39,28,1,6.268000,6.268000
39,29,1,5.603000,5.603000
39,30,1,6.625000,6.625000
39,31,1,6.484000,6.484000
39,32,1,6.342000,6.342000
39,33,1,6.763000,6.763000
39,34,1,6.684000,6.684000
39,35,1,6.080000,6.080000
39,36,1,6.743000,6.743000
39,37,1,6.509000,6.509000
39,38,1,6.592000,6.592000
39,39,1,6.826000,6.826000
39,40,2,6.089000,6.089000
39,41,2,6.243000,6.243000
39,42,2,6.651000,6.651000
39,43,2,6.664000,6.664000
39,44,2,6.425000,6.425000
39,45,2,6.487000,6.487000
39,46,2,4.935000,4.935000
39,47,2,6.470000,6.470000
39,48,2,6.533000,6.533000
39,49,2,6.541000,6.541000
39,50,2,6.716000,6.716000
39,51,2,6.987000,6.987000
39,52,2,5.980000,5.980000
39,53,2,6.152000,6.152000
39,54,2,6.777000,6.777000
39,55,2,5.316000,5.316000
39,56,2,5.367000,5.367000
39,57,2,6.861000,6.861000
39,58,2,6.496000,6.496000
39,59,2,6.505000,6.505000
39,60,3,6.837000,6.837000
39,61,3,6.768000,6.768000
39,62,3,6.838000,6.838000
39,63,3,6.484000,6.484000
39,64,3,6.521000,6.521000
39,65,3,6.562000,6.562000
39,66,3,5.874000,5.874000
39,67,3,6.875000,6.875000
39,68,3,6.754000,6.754000
39,69,3,6.656000,6.656000
39,70,3,5.798000,5.798000
39,71,3,5.594000,5.594000
39,72,3,6.495000,6.495000
39,73,3,5.573000,5.573000
39,74,3,5.754000,5.754000
39,75,3,6.726000,6.726000
39,76,3,6.108000,6.108000
39,77,3,6.268000,6.268000
39,78,3,6.115000,6.115000
39,79,3,5.531000,5.531000
39,80,4,5.593000,5.593000
39,81,4,5.738000,5.738000
39,82,4,5.977000,5.977000
39,83,4,4.402000,4.402000
39,84,4,6.012000,6.012000
39,85,4,5.739000,5.739000
39,86,4,6.126000,6.126000
39,87,4,5.435000,5.435000
39,88,4,5.610000,5.610000
39,89,4,5.021000,5.021000
39,90,4,5.660000,5.660000
39,91,4,6.019000,6.019000
39,92,4,5.470000,5.470000
39,93,4,6.348000,6.348000
39,94,4,5.693000,5.693000
39,95,4,5.827000,5.827000
39,96,4,5.873000,5.873000
39,97,4,5.946000,5.946000
39,98,4,6.648000,6.648000
39,99,4,5.862000,5.862000
40,0,0,6.305000,6.305000
40,1,0,5.903000,5.903000
40,2,0,5.618000,5.618000
40,3,0,5.999000,5.999000
40,4,0,6.007000,6.007000
40,5,0,5.922000,5.922000
40,6,0,3.224000,3.224000
40,7,0,5.953000,5.953000
40,8,0,6.239000,6.239000
40,9,0,5.121000,5.121000
40,10,0,6.009000,6.009000
40,11,0,5.458000,5.458000
40,12,0,6.297000,6.297000
40,13,0,6.373000,6.373000
40,14,0,6.047000,6.047000
40,15,0,6.441000,6.441000
40,16,0,6.325000,6.325000
40,17,0,5.293000,5.293000
40,18,0,5.640000,5.640000
40,19,0,6.224000,6.224000
40,20,1,6.150000,6.150000
40,21,1,6.805000,6.805000
40,22,1,6.400000,6.400000
40,23,1,6.714000,6.714000
40,24,1,6.590000,6.590000
40,25,1,6.401000,6.401000
40,26,1,5.155000,5.155000
40,27,1,5.778000,5.778000
40,28,1,6.366000,6.366000
40,29,1,6.701000,6.701000
40,30,1,6.534000,6.534000
40,31,1,6.673000,6.673000
40,32,1,6.711000,6.711000
40,33,1,6.343000,6.343000
40,34,1,6.659000,6.659000
40,35,1,6.553000,6.553000
40,36,1,6.636000,6.636000
40,37,1,6.585000,6.585000
40,38,1,6.293000,6.293000
40,39,1,6.503000,6.503000
40,40,2,6.811000,6.811000
40,41,2,6.784000,6.784000
40,42,2,6.427000,6.427000
40,43,2,6.616000,6.616000
40,44,2,6.617000,6.617000
40,45,2,6.637000,6.637000
40,46,2,6.323000,6.323000
40,47,2,6.743000,6.743000
40,48,2,6.581000,6.581000
40,49,2,6.640000,6.640000
40,50,2,6.530000,6.530000
40,51,2,6.596000,6.596000
40,52,2,6.734000,6.734000
40,53,2,6.421000,6.421000
40,54,2,6.237000,6.237000
40,55,2,6.742000,6.742000
40,56,2,6.699000,6.699000
40,57,2,6.702000,6.702000
40,58,2,6.699000,6.699000
40,59,2,6.081000,6.081000
40,60,3,6.508000,6.508000
40,61,3,6.175000,6.175000
40,62,3,7.031000,7.031000
40,63,3,6.904000,6.904000
40,64,3,6.525000,6.525000
40,65,3,6.769000,6.769000
40,66,3,6.674000,6.674000
40,67,3,6.213000,6.213000
40,68,3,6.345000,6.345000
40,69,3,6.529000,6.529000
40,70,3,6.523000,6.523000
40,71,3,6.364000,6.364000
40,72,3,6.567000,6.567000
40,73,3,6.672000,6.672000
40,74,3,6.064000,6.064000
40,75,3,6.723000,6.723000
40,76,3,6.791000,6.791000
40,77,3,4.839000,4.839000
40,78,3,6.324000,6.324000
40,79,3,6.451000,6.451000
40,80,4,5.940000,5.940000
40,81,4,6.452000,6.452000
40,82,4,5.715000,5.715000
40,83,4,5.845000,5.845000
40,84,4,5.228000,5.228000
40,85,4,6.512000,6.512000
40,86,4,6.303000,6.303000
40,87,4,5.777000,5.777000
40,88,4,6.091000,6.091000
40,89,4,6.190000,6.190000
40,90,4,6.006000,6.006000
40,91,4,5.793000,5.793000
40,92,4,6.425000,6.425000
40,93,4,5.546000,5.546000
40,94,4,6.021000,6.021000
40,95,4,5.475000,5.475000
40,96,4,5.923000,5.923000
40,97,4,6.097000,6.097000
40,98,4,5.923000,5.923000
40,99,4,5.862000,5.862000
41,0,0,5.528000,5.528000
41,1,0,6.176000,6.176000
41,2,0,5.001000,5.001000
41,3,0,5.812000,5.812000
41,4,0,6.224000,6.224000
41,5,0,5.979000,5.979000
41,6,0,6.350000,6.350000
41,7,0,6.176000,6.176000
41,8,0,6.347000,6.347000
41,9,0,6.196000,6.196000
41,10,0,6.477000,6.477000
41,11,0,6.219000,6.219000
41,12,0,6.212000,6.212000
41,13,0,5.588000,5.588000
41,14,0,6.183000,6.183000
41,15,0,6.154000,6.154000
41,16,0,6.054000,6.054000
41,17,0,5.983000,5.983000
41,18,0,5.706000,5.706000
41,19,0,5.830000,5.830000
41,20,1,6.500000,6.500000
41,21,1,6.751000,6.751000
41,22,1,6.079000,6.079000
41,23,1,6.604000,6.604000
41,24,1,6.815000,6.815000
41,25,1,6.854000,6.854000
41,26,1,6.303000,6.303000
41,27,1,6.849000,6.849000
41,28,1,6.726000,6.726000
41,29,1,6.458000,6.458000
41,30,1,6.851000,6.851000
41,31,1,6.610000,6.610000
41,32,1,6.622000,6.622000
41,33,1,6.628000,6.628000
41,34,1,6.750000,6.750000
41,35,1,6.307000,6.307000
41,36,1,6.673000,6.673000
41,37,1,6.287000,6.287000
41,38,1,6.084000,6.084000
41,39,1,6.524000,6.524000
41,40,2,5.233000,5.233000
41,41,2,6.820000,6.820000
41,42,2,6.494000,6.494000
41,43,2,6.064000,6.064000
41,44,2,6.649000,6.649000
41,45,2,5.892000,5.892000
41,46,2,6.657000,6.657000
41,47,2,6.684000,6.684000
41,48,2,6.784000,6.784000
41,49,2,6.598000,6.598000
41,50,2,6.800000,6.800000
41,51,2,6.057000,6.057000
41,52,2,6.545000,6.545000
41,53,2,6.433000,6.433000
41,54,2,6.414000,6.414000
41,55,2,6.285000,6.285000
41,56,2,6.837000,6.837000
41,57,2,6.595000,6.595000
41,58,2,6.707000,6.707000
41,59,2,6.250000,6.250000
41,60,3,6.539000,6.539000
41,61,3,3.401000,3.401000
41,62,3,6.814000,6.814000
41,63,3,6.483000,6.483000
41,64,3,6.115000,6.115000
41,65,3,7.001000,7.001000
41,66,3,4.766000,4.766000
41,67,3,6.853000,6.853000
41,68,3,6.605000,6.605000
41,69,3,5.123000,5.123000
41,70,3,6.628000,6.628000
41,71,3,6.011000,6.011000
41,72,3,6.774000,6.774000
41,73,3,6.056000,6.056000
41,74,3,6.833000,6.833000
41,75,3,6.823000,6.823000
41,76,3,6.570000,6.570000
41,77,3,4.627000,4.627000
41,78,3,6.617000,6.617000
41,79,3,6.669000,6.669000
41,80,4,5.840000,5.840000
41,81,4,6.501000,6.501000
41,82,4,6.254000,6.254000
41,83,4,6.215000,6.215000
41,84,4,4.718000,4.718000
41,85,4,6.142000,6.142000
41,86,4,4.988000,4.988000
41,87,4,6.393000,6.393000
41,88,4,5.645000,5.645000
41,89,4,4.266000,4.266000
41,90,4,6.474000,6.474000
41,91,4,6.447000,6.447000
41,92,4,6.399000,6.399000
41,93,4,6.403000,6.403000
41,94,4,6.460000,6.460000
41,95,4,5.986000,5.986000
41,96,4,6.060000,6.060000
41,97,4,5.728000,5.728000
41,98,4,6.074000,6.074000
41,99,4,5.652000,5.652000
42,0,0,6.397000,6.397000
42,1,0,6.384000,6.384000
42,2,0,6.353000,6.353000
42,3,0,6.352000,6.352000
42,4,0,5.576000,5.576000
42,5,0,5.317000,5.317000
42,6,0,6.177000,6.177000
42,7,0,5.960000,5.960000
42,8,0,6.124000,6.124000
42,9,0,6.375000,6.375000
42,10,0,6.068000,6.068000
42,11,0,4.414000,4.414000
42,12,0,5.941000,5.941000
42,13,0,5.945000,5.945000
42,14,0,6.235000,6.235000
42,15,0,6.357000,6.357000
42,16,0,5.437000,5.437000
42,17,0,5.968000,5.968000
42,18,0,6.282000,6.282000
42,19,0,5.823000,5.823000
42,20,1,6.703000,6.703000
42,21,1,6.947000,6.947000
42,22,1,6.667000,6.667000
42,23,1,6.010000,6.010000
42,24,1,6.576000,6.576000
42,25,1,6.799000,6.799000
42,26,1,6.096000,6.096000
42,27,1,6.708000,6.708000
42,28,1,6.294000,6.294000
42,29,1,6.213000,6.213000
42,30,1,6.463000,6.463000
42,31,1,6.657000,6.657000
42,32,1,6.909000,6.909000
42,33,1,6.535000,6.535000
42,34,1,6.679000,6.679000
42,35,1,6.790000,6.790000
42,36,1,6.376000,6.376000
42,37,1,6.645000,6.645000
42,38,1,6.755000,6.755000
42,39,1,6.783000,6.783000
42,40,2,6.782000,6.782000
42,41,2,6.834000,6.834000
42,42,2,6.718000,6.718000
42,43,2,6.585000,6.585000
42,44,2,5.696000,5.696000
42,45,2,6.000000,6.000000
42,46,2,5.880000,5.880000
42,47,2,6.625000,6.625000
42,48,2,6.091000,6.091000
42,49,2,6.862000,6.862000
42,50,2,6.152000,6.152000
42,51,2,6.354000,6.354000
42,52,2,5.017000,5.017000
42,53,2,6.741000,6.741000
42,54,2,6.769000,6.769000
42,55,2,6.517000,6.517000
42,56,2,6.788000,6.788000
42,57,2,5.209000,5.209000
42,58,2,6.634000,6.634000
42,59,2,6.617000,6.617000
42,60,3,6.538000,6.538000
42,61,3,6.342000,6.342000
42,62,3,6.985000,6.985000
42,63,3,4.219000,4.219000
42,64,3,6.271000,6.271000
42,65,3,6.437000,6.437000
42,66,3,5.522000,5.522000
42,67,3,6.938000,6.938000
42,68,3,6.705000,6.705000
42,69,3,6.561000,6.561000
42,70,3,6.580000,6.580000
42,71,3,6.827000,6.827000
42,72,3,6.843000,6.843000
42,73,3,6.755000,6.755000
42,74,3,6.617000,6.617000
42,75,3,6.517000,6.517000
42,76,3,5.914000,5.914000
42,77,3,6.659000,6.659000
42,78,3,6.205000,6.205000
42,79,3,6.737000,6.737000
42,80,4,4.886000,4.886000
42,81,4,6.541000,6.541000
42,82,4,5.580000,5.580000
42,83,4,6.746000,6.746000
42,84,4,6.273000,6.273000
42,85,4,5.954000,5.954000
42,86,4,6.048000,6.048000
42,87,4,6.717000,6.717000
42,88,4,6.438000,6.438000
42,89,4,6.447000,6.447000
42,90,4,5.916000,5.916000
42,91,4,5.870000,5.870000
42,92,4,6.398000,6.398000
42,93,4,6.500000,6.500000
42,94,4,5.909000,5.909000
42,95,4,6.533000,6.533000
42,96,4,5.638000,5.638000
42,97,4,4.893000,4.893000
42,98,4,6.130000,6.130000
42,99,4,6.094000,6.094000
43,0,0,6.192000,6.192000
43,1,0,6.365000,6.365000
43,2,0,6.240000,6.240000
43,3,0,6.352000,6.352000
43,4,0,6.284000,6.284000
43,5,0,6.583000,6.583000
43,6,0,6.181000,6.181000
43,7,0,6.513000,6.513000
43,8,0,6.431000,6.431000
43,9,0,6.282000,6.282000
43,10,0,6.252000,6.252000
43,11,0,5.049000,5.049000
43,12,0,6.267000,6.267000
43,13,0,6.249000,6.249000
43,14,0,5.565000,5.565000
43,15,0,5.850000,5.850000
43,16,0,5.426000,5.426000
43,17,0,6.042000,6.042000
43,18,0,5.787000,5.787000
43,19,0,5.814000,5.814000
43,20,1,6.716000,6.716000
43,21,1,6.648000,6.648000
43,22,1,7.020000,7.020000
43,23,1,6.640000,6.640000
43,24,1,6.615000,6.615000
43,25,1,6.792000,6.792000
43,26,1,6.873000,6.873000
43,27,1,6.719000,6.719000
43,28,1,6.758000,6.758000
43,29,1,6.685000,6.685000
43,30,1,6.777000,6.777000
43,31,1,6.958000,6.958000
43,32,1,6.593000,6.593000
43,33,1,6.679000,6.679000
43,34,1,6.492000,6.492000
43,35,1,6.724000,6.724000
43,36,1,6.397000,6.397000
43,37,1,6.572000,6.572000
43,38,1,6.872000,6.872000
43,39,1,6.601000,6.601000
43,40,2,5.766000,5.766000
43,41,2,6.255000,6.255000
43,42,2,6.758000,6.758000
43,43,2,6.519000,6.519000
43,44,2,6.657000,6.657000
43,45,2,6.291000,6.291000
43,46,2,6.950000,6.950000
43,47,2,6.093000,6.093000
43,48,2,6.415000,6.415000
43,49,2,6.314000,6.314000
43,50,2,6.193000,6.193000
43,51,2,6.029000,6.029000
43,52,2,6.018000,6.018000
43,53,2,6.247000,6.247000
43,54,2,6.000000,6.000000
43,55,2,6.481000,6.481000
43,56,2,6.613000,6.613000
43,57,2,6.564000,6.564000
43,58,2,6.688000,6.688000
43,59,2,6.212000,6.212000
43,60,3,6.379000,6.379000
43,61,3,6.258000,6.258000
43,62,3,7.015000,7.015000
43,63,3,6.899000,6.899000
43,64,3,6.729000,6.729000
43,65,3,6.111000,6.111000
43,66,3,5.064000,5.064000
43,67,3,6.306000,6.306000
43,68,3,5.429000,5.429000
43,69,3,4.658000,4.658000
43,70,3,6.866000,6.866000
43,71,3,6.612000,6.612000
43,72,3,4.162000,4.162000
43,73,3,6.002000,6.002000
43,74,3,6.167000,6.167000
43,75,3,6.778000,6.778000
43,76,3,5.132000,5.132000
43,77,3,6.600000,6.600000
43,78,3,6.701000,6.701000
43,79,3,5.947000,5.947000
43,80,4,6.088000,6.088000
43,81,4,6.034000,6.034000
43,82,4,6.455000,6.455000
43,83,4,5.801000,5.801000
43,84,4,6.668000,6.668000
43,85,4,6.751000,6.751000
43,86,4,5.045000,5.045000
43,87,4,6.289000,6.289000
43,88,4,6.480000,6.480000
43,89,4,5.602000,5.602000
43,90,4,6.090000,6.090000
43,91,4,5.641000,5.641000
43,92,4,5.805000,5.805000
43,93,4,6.274000,6.274000
43,94,4,6.098000,6.098000
43,95,4,6.025000,6.025000
43,96,4,6.204000,6.204000
43,97,4,6.043000,6.043000
43,98,4,5.753000,5.753000
43,99,4,6.315000,6.315000
44,0,0,6.313000,6.313000
44,1,0,6.482000,6.482000
44,2,0,6.098000,6.098000
44,3,0,6.198000,6.198000
44,4,0,6.172000,6.172000
44,5,0,6.122000,6.122000
44,6,0,5.459000,5.459000
44,7,0,6.551000,6.551000
44,8,0,6.312000,6.312000
44,9,0,5.736000,5.736000
44,10,0,5.930000,5.930000
44,11,0,6.119000,6.119000
44,12,0,6.338000,6.338000
44,13,0,5.918000,5.918000
44,14,0,6.045000,6.045000
44,15,0,6.382000,6.382000
44,16,0,6.682000,6.682000
44,17,0,5.734000,5.734000
44,18,0,6.091000,6.091000
44,19,0,6.264000,6.264000
44,20,1,6.725000,6.725000
44,21,1,6.748000,6.748000
44,22,1,6.460000,6.460000
44,23,1,6.925000,6.925000
44,24,1,6.854000,6.854000
44,25,1,6.779000,6.779000
44,26,1,7.000000,7.000000
44,27,1,6.888000,6.888000
44,28,1,6.712000,6.712000
44,29,1,6.977000,6.977000
44,30,1,6.771000,6.771000
44,31,1,6.316000,6.316000
44,32,1,6.689000,6.689000
44,33,1,6.847000,6.847000
44,34,1,6.165000,6.165000
44,35,1,6.753000,6.753000
44,36,1,6.325000,6.325000
44,37,1,6.826000,6.826000
44,38,1,6.481000,6.481000
44,39,1,5.577000,5.577000
44,40,2,6.634000,6.634000
44,41,2,6.820000,6.820000
44,42,2,6.913000,6.913000
44,43,2,6.512000,6.512000
44,44,2,6.872000,6.872000
44,45,2,6.678000,6.678000
44,46,2,6.769000,6.769000
44,47,2,6.776000,6.776000
44,48,2,5.932000,5.932000
44,49,2,6.146000,6.146000
44,50,2,6.331000,6.331000
44,51,2,6.438000,6.438000
44,52,2,6.231000,6.231000
44,53,2,6.546000,6.546000
44,54,2,6.530000,6.530000
44,55,2,6.658000,6.658000
44,56,2,5.248000,5.248000
44,57,2,6.246000,6.246000
44,58,2,6.531000,6.531000
44,59,2,6.875000,6.875000
44,60,3,6.670000,6.670000
44,61,3,6.780000,6.780000
44,62,3,6.916000,6.916000
44,63,3,6.957000,6.957000
44,64,3,6.854000,6.854000
44,65,3,6.836000,6.836000
44,66,3,6.803000,6.803000
44,67,3,5.621000,5.621000
44,68,3,6.805000,6.805000
44,69,3,6.456000,6.456000
44,70,3,6.782000,6.782000
44,71,3,6.557000,6.557000
44,72,3,6.498000,6.498000
44,73,3,5.064000,5.064000
44,74,3,6.636000,6.636000
44,75,3,6.284000,6.284000
44,76,3,5.191000,5.191000
44,77,3,6.860000,6.860000
44,78,3,6.812000,6.812000
44,79,3,5.970000,5.970000
44,80,4,6.594000,6.594000
44,81,4,6.288000,6.288000
44,82,4,6.159000,6.159000
44,83,4,6.511000,6.511000
44,84,4,5.947000,5.947000
44,85,4,6.252000,6.252000
44,86,4,6.739000,6.739000
44,87,4,6.555000,6.555000
44,88,4,6.240000,6.240000
44,89,4,5.824000,5.824000
44,90,4,5.987000,5.987000
44,91,4,5.900000,5.900000
44,92,4,6.021000,6.021000
44,93,4,6.303000,6.303000
44,94,4,4.241000,4.241000
44,95,4,5.958000,5.958000
44,96,4,6.669000,6.669000
44,97,4,6.195000,6.195000
44,98,4,5.506000,5.506000
44,99,4,5.857000,5.857000
45,0,0,6.230000,6.230000
45,1,0,6.553000,6.553000
45,2,0,6.055000,6.055000
45,3,0,6.148000,6.148000
45,4,0,6.448000,6.448000
45,5,0,6.233000,6.233000
45,6,0,6.199000,6.199000
45,7,0,6.272000,6.272000
45,8,0,5.729000,5.729000
45,9,0,6.238000,6.238000
45,10,0,5.836000,5.836000
45,11,0,6.581000,6.581000
45,12,0,6.372000,6.372000
45,13,0,6.494000,6.494000
45,14,0,5.826000,5.826000
45,15,0,6.228000,6.228000
45,16,0,6.170000,6.170000
45,17,0,5.961000,5.961000
45,18,0,5.969000,5.969000
45,19,0,5.856000,5.856000
45,20,1,6.466000,6.466000
45,21,1,6.763000,6.763000
45,22,1,6.098000,6.098000
45,23,1,6.662000,6.662000
45,24,1,6.638000,6.638000
45,25,1,6.210000,6.210000
45,26,1,6.555000,6.555000
45,27,1,6.652000,6.652000
45,28,1,6.683000,6.683000
45,29,1,6.432000,6.432000
45,30,1,6.772000,6.772000
45,31,1,6.740000,6.740000
45,32,1,6.949000,6.949000
45,33,1,6.787000,6.787000
45,34,1,6.773000,6.773000
45,35,1,6.720000,6.720000
45,36,1,7.055000,7.055000
45,37,1,6.570000,6.570000
45,38,1,6.751000,6.751000
45,39,1,6.484000,6.484000
45,40,2,6.346000,6.346000
45,41,2,6.501000,6.501000
45,42,2,6.793000,6.793000
45,43,2,6.529000,6.529000
45,44,2,6.785000,6.785000
45,45,2,6.552000,6.552000
45,46,2,6.763000,6.763000
45,47,2,6.559000,6.559000
45,48,2,5.832000,5.832000
45,49,2,6.024000,6.024000
45,50,2,6.321000,6.321000
45,51,2,6.665000,6.665000
45,52,2,5.695000,5.695000
45,53,2,6.869000,6.869000
45,54,2,6.294000,6.294000
45,55,2,6.897000,6.897000
45,56,2,6.445000,6.445000
45,57,2,6.704000,6.704000
45,58,2,6.602000,6.602000
45,59,2,6.759000,6.759000
45,60,3,6.604000,6.604000
45,61,3,6.782000,6.782000
45,62,3,6.679000,6.679000
45,63,3,6.930000,6.930000
45,64,3,6.564000,6.564000
45,65,3,5.281000,5.281000
45,66,3,7.013000,7.013000
45,67,3,6.285000,6.285000
45,68,3,6.758000,6.758000
45,69,3,6.388000,6.388000
45,70,3,5.489000,5.489000
45,71,3,6.712000,6.712000
45,72,3,6.889000,6.889000
45,73,3,6.954000,6.954000
45,74,3,6.838000,6.838000
45,75,3,6.752000,6.752000
45,76,3,6.187000,6.187000
45,77,3,6.418000,6.418000
45,78,3,6.751000,6.751000
45,79,3,6.477000,6.477000
45,80,4,6.592000,6.592000
45,81,4,6.720000,6.720000
45,82,4,6.860000,6.860000
45,83,4,6.443000,6.443000
45,84,4,6.218000,6.218000
45,85,4,6.631000,6.631000
45,86,4,6.598000,6.598000
45,87,4,6.038000,6.038000
45,88,4,5.707000,5.707000
45,89,4,6.484000,6.484000
45,90,4,6.378000,6.378000
45,91,4,5.787000,5.787000
45,92,4,5.902000,5.902000
45,93,4,5.615000,5.615000
45,94,4,5.393000,5.393000
45,95,4,6.456000,6.456000
45,96,4,5.415000,5.415000
45,97,4,6.152000,6.152000
45,98,4,5.803000,5.803000
45,99,4,6.296000,6.296000
46,0,0,6.413000,6.413000
46,1,0,6.587000,6.587000
46,2,0,6.692000,6.692000
46,3,0,6.230000,6.230000
46,4,0,6.535000,6.535000
46,5,0,5.602000,5.602000
46,6,0,6.372000,6.372000
46,7,0,6.540000,6.540000
46,8,0,6.045000,6.045000
46,9,0,6.409000,6.409000
46,10,0,6.360000,6.360000
46,11,0,6.202000,6.202000
46,12,0,6.420000,6.420000
46,13,0,6.686000,6.686000
46,14,0,6.188000,6.188000
46,15,0,6.473000,6.473000
46,16,0,5.666000,5.666000
46,17,0,6.228000,6.228000
46,18,0,6.683000,6.683000
46,19,0,6.400000,6.400000
46,20,1,7.009000,7.009000
46,21,1,6.708000,6.708000
46,22,1,6.653000,6.653000
46,23,1,6.450000,6.450000
46,24,1,6.001000,6.001000
46,25,1,6.921000,6.921000
46,26,1,6.891000,6.891000
46,27,1,6.857000,6.857000
46,28,1,6.653000,6.653000
46,29,1,6.516000,6.516000
46,30,1,6.803000,6.803000
46,31,1,6.884000,6.884000
46,32,1,6.696000,6.696000
46,33,1,6.864000,6.864000
46,34,1,6.933000,6.933000
46,35,1,6.941000,6.941000
46,36,1,6.877000,6.877000
46,37,1,6.840000,6.840000
46,38,1,6.954000,6.954000
46,39,1,6.848000,6.848000
46,40,2,6.526000,6.526000
46,41,2,6.307000,6.307000
46,42,2,6.798000,6.798000
46,43,2,6.794000,6.794000
46,44,2,6.736000,6.736000
46,45,2,6.582000,6.582000
46,46,2,6.623000,6.623000
46,47,2,6.819000,6.819000
46,48,2,6.050000,6.050000
46,49,2,6.766000,6.766000
46,50,2,6.830000,6.830000
46,51,2,5.735000,5.735000
46,52,2,7.050000,7.050000
46,53,2,6.510000,6.510000
46,54,2,6.723000,6.723000
46,55,2,6.857000,6.857000
46,56,2,6.758000,6.758000
46,57,2,7.022000,7.022000
46,58,2,6.589000,6.589000
46,59,2,6.969000,6.969000
46,60,3,6.808000,6.808000
46,61,3,6.755000,6.755000
46,62,3,6.480000,6.480000
46,63,3,6.971000,6.971000
46,64,3,6.905000,6.905000
46,65,3,6.695000,6.695000
46,66,3,5.921000,5.921000
46,67,3,6.416000,6.416000
46,68,3,6.874000,6.874000
46,69,3,6.825000,6.825000
46,70,3,6.704000,6.704000
46,71,3,6.454000,6.454000
46,72,3,6.694000,6.694000
46,73,3,7.050000,7.050000
46,74,3,6.708000,6.708000
46,75,3,6.040000,6.040000
46,76,3,7.094000,7.094000
46,77,3,6.797000,6.797000
46,78,3,6.938000,6.938000
46,79,3,6.761000,6.761000
46,80,4,6.813000,6.813000
46,81,4,6.528000,6.528000
46,82,4,6.728000,6.728000
46,83,4,6.599000,6.599000
46,84,4,6.360000,6.360000
46,85,4,6.858000,6.858000
46,86,4,6.255000,6.255000
46,87,4,6.465000,6.465000
46,88,4,6.132000,6.132000
46,89,4,6.620000,6.620000
46,90,4,5.680000,5.680000
46,91,4,5.982000,5.982000
46,92,4,5.440000,5.440000
46,93,4,6.429000,6.429000
46,94,4,6.478000,6.478000
46,95,4,5.814000,5.814000
46,96,4,3.850000,3.850000
46,97,4,6.336000,6.336000
46,98,4,6.237000,6.237000
46,99,4,6.578000,6.578000
47,0,0,6.228000,6.228000
47,1,0,6.278000,6.278000
47,2,0,6.707000,6.707000
47,3,0,6.633000,6.633000
47,4,0,6.658000,6.658000
47,5,0,6.633000,6.633000
47,6,0,6.416000,6.416000
47,7,0,6.337000,6.337000
47,8,0,6.536000,6.536000
47,9,0,6.218000,6.218000
47,10,0,5.552000,5.552000
47,11,0,6.202000,6.202000
47,12,0,6.484000,6.484000
47,13,0,6.410000,6.410000
47,14,0,6.722000,6.722000
47,15,0,6.475000,6.475000
47,16,0,5.993000,5.993000
47,17,0,6.315000,6.315000
47,18,0,6.595000,6.595000
47,19,0,6.629000,6.629000
47,20,1,6.547000,6.547000
47,21,1,6.951000,6.951000
47,22,1,6.686000,6.686000
47,23,1,6.627000,6.627000
47,24,1,7.018000,7.018000
47,25,1,6.835000,6.835000
47,26,1,6.797000,6.797000
47,27,1,6.838000,6.838000
47,28,1,6.783000,6.783000
47,29,1,6.961000,6.961000
47,30,1,6.392000,6.392000
47,31,1,6.977000,6.977000
47,32,1,6.706000,6.706000
47,33,1,6.795000,6.795000
47,34,1,6.573000,6.573000
47,35,1,6.977000,6.977000
47,36,1,6.753000,6.753000
47,37,1,6.913000,6.913000
47,38,1,6.806000,6.806000
47,39,1,6.782000,6.782000
47,40,2,6.945000,6.945000
47,41,2,6.598000,6.598000
47,42,2,6.838000,6.838000
47,43,2,6.824000,6.824000
47,44,2,6.826000,6.826000
47,45,2,6.769000,6.769000
47,46,2,6.952000,6.952000
47,47,2,6.748000,6.748000
47,48,2,4.544000,4.544000
47,49,2,6.448000,6.448000
47,50,2,6.732000,6.732000
47,51,2,6.615000,6.615000
47,52,2,6.705000,6.705000
47,53,2,6.545000,6.545000
47,54,2,6.904000,6.904000
47,55,2,6.052000,6.052000
47,56,2,6.780000,6.780000
47,57,2,6.331000,6.331000
47,58,2,6.639000,6.639000
47,59,2,6.536000,6.536000
47,60,3,5.678000,5.678000
47,61,3,6.984000,6.984000
47,62,3,6.828000,6.828000
47,63,3,6.795000,6.795000
47,64,3,6.908000,6.908000
47,65,3,6.745000,6.745000
47,66,3,6.561000,6.561000
47,67,3,6.564000,6.564000
47,68,3,6.397000,6.397000
47,69,3,6.910000,6.910000
47,70,3,6.410000,6.410000
47,71,3,7.029000,7.029000
47,72,3,6.516000,6.516000
47,73,3,6.815000,6.815000
47,74,3,7.017000,7.017000
47,75,3,6.816000,6.816000
47,76,3,6.888000,6.888000
47,77,3,6.409000,6.409000
47,78,3,6.500000,6.500000
47,79,3,6.953000,6.953000
47,80,4,6.179000,6.179000
47,81,4,6.450000,6.450000
47,82,4,6.366000,6.366000
47,83,4,4.939000,4.939000
47,84,4,3.584000,3.584000
47,85,4,6.438000,6.438000
47,86,4,6.506000,6.506000
47,87,4,6.589000,6.589000
47,88,4,6.855000,6.855000
47,89,4,6.766000,6.766000
47,90,4,6.015000,6.015000
47,91,4,6.372000,6.372000
47,92,4,5.660000,5.660000
47,93,4,6.726000,6.726000
47,94,4,5.419000,5.419000
47,95,4,6.142000,6.142000
47,96,4,6.709000,6.709000
47,97,4,4.523000,4.523000
47,98,4,6.788000,6.788000
47,99,4,6.830000,6.830000
48,0,0,6.587000,6.587000
48,1,0,6.648000,6.648000
48,2,0,5.958000,5.958000
48,3,0,6.455000,6.455000
48,4,0,6.811000,6.811000
48,5,0,6.512000,6.512000
48,6,0,6.350000,6.350000
48,7,0,6.266000,6.266000
48,8,0,6.614000,6.614000
48,9,0,6.466000,6.466000
48,10,0,6.678000,6.678000
48,11,0,6.850000,6.850000
48,12,0,5.740000,5.740000
48,13,0,6.406000,6.406000
48,14,0,6.672000,6.672000
48,15,0,6.606000,6.606000
48,16,0,6.603000,6.603000
48,17,0,6.518000,6.518000
48,18,0,6.451000,6.451000
48,19,0,6.673000,6.673000
48,20,1,6.220000,6.220000
48,21,1,6.831000,6.831000
48,22,1,6.298000,6.298000
48,23,1,6.846000,6.846000
48,24,1,6.968000,6.968000
48,25,1,6.888000,6.888000
48,26,1,6.746000,6.746000
48,27,1,6.997000,6.997000
48,28,1,6.725000,6.725000
48,29,1,6.772000,6.772000
48,30,1,6.861000,6.861000
48,31,1,6.592000,6.592000
48,32,1,6.819000,6.819000
48,33,1,7.140000,7.140000
48,34,1,6.402000,6.402000
48,35,1,6.161000,6.161000
48,36,1,6.734000,6.734000
48,37,1,6.727000,6.727000
48,38,1,6.550000,6.550000
48,39,1,7.001000,7.001000
48,40,2,6.584000,6.584000
48,41,2,6.444000,6.444000
48,42,2,6.848000,6.848000
48,43,2,6.795000,6.795000
48,44,2,7.058000,7.058000
48,45,2,6.107000,6.107000
48,46,2,6.893000,6.893000
48,47,2,6.976000,6.976000
48,48,2,6.549000,6.549000
48,49,2,6.952000,6.952000
48,50,2,6.974000,6.974000
48,51,2,6.914000,6.914000
48,52,2,6.835000,6.835000
48,53,2,6.752000,6.752000
48,54,2,6.966000,6.966000
48,55,2,6.854000,6.854000
48,56,2,6.630000,6.630000
48,57,2,6.835000,6.835000
48,58,2,6.920000,6.920000
48,59,2,6.913000,6.913000
48,60,3,6.711000,6.711000
48,61,3,6.678000,6.678000
48,62,3,6.847000,6.847000
48,63,3,7.006000,7.006000
48,64,3,6.001000,6.001000
48,65,3,6.649000,6.649000
48,66,3,6.908000,6.908000
48,67,3,5.343000,5.343000
48,68,3,6.699000,6.699000
48,69,3,6.730000,6.730000
48,70,3,6.967000,6.967000
48,71,3,6.881000,6.881000
48,72,3,6.844000,6.844000
48,73,3,6.911000,6.911000
48,74,3,6.521000,6.521000
48,75,3,6.355000,6.355000
48,76,3,6.868000,6.868000
48,77,3,6.784000,6.784000
48,78,3,6.258000,6.258000
48,79,3,7.082000,7.082000
48,80,4,5.279000,5.279000
48,81,4,5.727000,5.727000
48,82,4,6.239000,6.239000
48,83,4,6.068000,6.068000
48,84,4,5.868000,5.868000
48,85,4,4.455000,4.455000
48,86,4,6.819000,6.819000
48,87,4,6.548000,6.548000
48,88,4,6.767000,6.767000
48,89,4,4.956000,4.956000
48,90,4,6.397000,6.397000
48,91,4,6.665000,6.665000
48,92,4,6.827000,6.827000
48,93,4,6.017000,6.017000
48,94,4,5.637000,5.637000
48,95,4,5.612000,5.612000
48,96,4,6.500000,6.500000
48,97,4,6.096000,6.096000
48,98,4,6.743000,6.743000
48,99,4,6.764000,6.764000
49,0,0,6.759000,6.759000
49,1,0,6.391000,6.391000
49,2,0,6.659000,6.659000
49,3,0,5.829000,5.829000
49,4,0,6.736000,6.736000
49,5,0,6.507000,6.507000
49,6,0,6.357000,6.357000
49,7,0,6.597000,6.597000
49,8,0,6.475000,6.475000
49,9,0,6.523000,6.523000
49,10,0,6.594000,6.594000
49,11,0,6.635000,6.635000
49,12,0,5.984000,5.984000
49,13,0,6.802000,6.802000
49,14,0,6.421000,6.421000
49,15,0,6.260000,6.260000
49,16,0,6.825000,6.825000
49,17,0,6.524000,6.524000
49,18,0,6.250000,6.250000
49,19,0,6.556000,6.556000
49,20,1,6.787000,6.787000
49,21,1,6.807000,6.807000
49,22,1,7.079000,7.079000
49,23,1,6.848000,6.848000
49,24,1,6.873000,6.873000
49,25,1,6.871000,6.871000
49,26,1,6.272000,6.272000
49,27,1,6.918000,6.918000
49,28,1,6.702000,6.702000
49,29,1,6.926000,6.926000
49,30,1,6.808000,6.808000
49,31,1,6.844000,6.844000
49,32,1,7.042000,7.042000
49,33,1,5.950000,5.950000
49,34,1,7.149000,7.149000
49,35,1,6.708000,6.708000
49,36,1,6.956000,6.956000
49,37,1,6.984000,6.984000
49,38,1,6.820000,6.820000
49,39,1,6.473000,6.473000
49,40,2,6.841000,6.841000
49,41,2,7.012000,7.012000
49,42,2,6.705000,6.705000
49,43,2,6.774000,6.774000
49,44,2,6.898000,6.898000
49,45,2,6.739000,6.739000
49,46,2,6.971000,6.971000
49,47,2,6.926000,6.926000
49,48,2,7.032000,7.032000
49,49,2,6.799000,6.799000
49,50,2,6.531000,6.531000
49,51,2,6.861000,6.861000
49,52,2,6.657000,6.657000
49,53,2,6.813000,6.813000
49,54,2,5.860000,5.860000
49,55,2,6.769000,6.769000
49,56,2,6.645000,6.645000
49,57,2,7.132000,7.132000
49,58,2,6.588000,6.588000
49,59,2,6.998000,6.998000
49,60,3,6.784000,6.784000
49,61,3,6.765000,6.765000
49,62,3,6.810000,6.810000
49,63,3,6.695000,6.695000
49,64,3,7.018000,7.018000
49,65,3,6.830000,6.830000
49,66,3,6.804000,6.804000
49,67,3,6.582000,6.582000
49,68,3,6.387000,6.387000
49,69,3,6.570000,6.570000
49,70,3,6.634000,6.634000
49,71,3,6.701000,6.701000
49,72,3,6.960000,6.960000
49,73,3,6.858000,6.858000
49,74,3,4.470000,4.470000
49,75,3,7.028000,7.028000
49,76,3,7.006000,7.006000
49,77,3,6.468000,6.468000
49,78,3,6.532000,6.532000
49,79,3,6.864000,6.864000
49,80,4,6.501000,6.501000
49,81,4,6.529000,6.529000
49,82,4,6.631000,6.631000
49,83,4,6.058000,6.058000
49,84,4,6.800000,6.800000
49,85,4,6.674000,6.674000
49,86,4,3.372000,3.372000
49,87,4,5.691000,5.691000
49,88,4,5.796000,5.796000
49,89,4,6.315000,6.315000
49,90,4,5.384000,5.384000
49,91,4,6.285000,6.285000
49,92,4,5.987000,5.987000
49,93,4,6.868000,6.868000
49,94,4,5.398000,5.398000
49,95,4,5.112000,5.112000
49,96,4,6.654000,6.654000
49,97,4,5.847000,5.847000
49,98,4,6.367000,6.367000
49,99,4,6.724000,6.724000
50,0,0,6.558000,6.558000
50,1,0,6.636000,6.636000
50,2,0,6.748000,6.748000
50,3,0,6.739000,6.739000
50,4,0,6.306000,6.306000
50,5,0,6.809000,6.809000
50,6,0,6.742000,6.742000
50,7,0,6.149000,6.149000
50,8,0,6.620000,6.620000
50,9,0,6.429000,6.429000
50,10,0,6.365000,6.365000
50,11,0,6.414000,6.414000
50,12,0,6.855000,6.855000
50,13,0,6.541000,6.541000
50,14,0,6.328000,6.328000
50,15,0,6.537000,6.537000
50,16,0,6.718000,6.718000
50,17,0,5.782000,5.782000
50,18,0,6.716000,6.716000
50,19,0,6.665000,6.665000
50,20,1,6.688000,6.688000
50,21,1,6.970000,6.970000
50,22,1,6.766000,6.766000
50,23,1,7.099000,7.099000
50,24,1,6.981000,6.981000
50,25,1,6.835000,6.835000
50,26,1,6.210000,6.210000
50,27,1,6.735000,6.735000
50,28,1,6.844000,6.844000
50,29,1,6.814000,6.814000
50,30,1,6.902000,6.902000
50,31,1,7.041000,7.041000
50,32,1,6.866000,6.866000
50,33,1,6.760000,6.760000
50,34,1,6.838000,6.838000
50,35,1,5.908000,5.908000
50,36,1,6.978000,6.978000
50,37,1,6.737000,6.737000
50,38,1,7.176000,7.176000
50,39,1,4.978000,4.978000
50,40,2,6.900000,6.900000
50,41,2,6.802000,6.802000
50,42,2,6.882000,6.882000
50,43,2,7.117000,7.117000
50,44,2,6.825000,6.825000
50,45,2,7.011000,7.011000
50,46,2,6.866000,6.866000
50,47,2,7.015000,7.015000
50,48,2,6.832000,6.832000
50,49,2,7.036000,7.036000
50,50,2,6.925000,6.925000
50,51,2,6.924000,6.924000
50,52,2,6.830000,6.830000
50,53,2,6.955000,6.955000
50,54,2,6.900000,6.900000
50,55,2,6.807000,6.807000
50,56,2,6.709000,6.709000
50,57,2,6.835000,6.835000
50,58,2,6.809000,6.809000
50,59,2,6.456000,6.456000
50,60,3,6.808000,6.808000
50,61,3,5.923000,5.923000
50,62,3,6.648000,6.648000
50,63,3,6.994000,6.994000
50,64,3,6.726000,6.726000
50,65,3,6.761000,6.761000
50,66,3,6.845000,6.845000
50,67,3,6.659000,6.659000
50,68,3,6.791000,6.791000
50,69,3,5.685000,5.685000
50,70,3,6.639000,6.639000
50,71,3,6.591000,6.591000
50,72,3,6.802000,6.802000
50,73,3,6.667000,6.667000
50,74,3,6.903000,6.903000
50,75,3,6.920000,6.920000
50,76,3,6.587000,6.587000
50,77,3,6.905000,6.905000
50,78,3,6.615000,6.615000
50,79,3,6.993000,6.993000
50,80,4,6.481000,6.481000
50,81,4,6.448000,6.448000
50,82,4,6.415000,6.415000
50,83,4,6.848000,6.848000
50,84,4,6.559000,6.559000
50,85,4,6.613000,6.613000
50,86,4,6.922000,6.922000
50,87,4,5.774000,5.774000
50,88,4,3.738000,3.738000
50,89,4,6.283000,6.283000
50,90,4,6.618000,6.618000
50,91,4,6.126000,6.126000
50,92,4,6.854000,6.854000
50,93,4,5.798000,5.798000
50,94,4,5.799000,5.799000
50,95,4,6.467000,6.467000
50,96,4,6.373000,6.373000
50,97,4,6.400000,6.400000
50,98,4,6.419000,6.419000
50,99,4,6.778000,6.778000
51,0,0,6.693000,6.693000
51,1,0,6.769000,6.769000
51,2,0,6.763000,6.763000
51,3,0,6.784000,6.784000
51,4,0,6.698000,6.698000
51,5,0,6.753000,6.753000
51,6,0,6.682000,6.682000
51,7,0,6.500000,6.500000
51,8,0,6.799000,6.799000
51,9,0,4.666000,4.666000
51,10,0,6.796000,6.796000
51,11,0,6.909000,6.909000
51,12,0,6.771000,6.771000
51,13,0,6.647000,6.647000
51,14,0,6.586000,6.586000
51,15,0,6.666000,6.666000
51,16,0,6.663000,6.663000
51,17,0,6.788000,6.788000
51,18,0,6.715000,6.715000
51,19,0,6.280000,6.280000
51,20,1,6.830000,6.830000
51,21,1,6.914000,6.914000
51,22,1,6.561000,6.561000
51,23,1,7.060000,7.060000
51,24,1,6.748000,6.748000
51,25,1,6.841000,6.841000
51,26,1,6.351000,6.351000
51,27,1,7.110000,7.110000
51,28,1,6.882000,6.882000
51,29,1,6.870000,6.870000
51,30,1,6.769000,6.769000
51,31,1,6.949000,6.949000
51,32,1,7.036000,7.036000
51,33,1,6.747000,6.747000
51,34,1,6.990000,6.990000
51,35,1,7.031000,7.031000
51,36,1,7.097000,7.097000
51,37,1,7.117000,7.117000
51,38,1,6.899000,6.899000
51,39,1,7.092000,7.092000
51,40,2,6.891000,6.891000
51,41,2,6.857000,6.857000
51,42,2,6.851000,6.851000
51,43,2,6.198000,6.198000
51,44,2,6.899000,6.899000
51,45,2,6.925000,6.925000
51,46,2,7.011000,7.011000
51,47,2,7.261000,7.261000
51,48,2,6.564000,6.564000
51,49,2,6.300000,6.300000
51,50,2,6.774000,6.774000
51,51,2,6.867000,6.867000
51,52,2,6.722000,6.722000
51,53,2,6.913000,6.913000
51,54,2,6.850000,6.850000
51,55,2,6.195000,6.195000
51,56,2,6.701000,6.701000
51,57,2,6.494000,6.494000
51,58,2,6.974000,6.974000
51,59,2,6.632000,6.632000
51,60,3,6.894000,6.894000
51,61,3,6.612000,6.612000
51,62,3,6.915000,6.915000
51,63,3,6.934000,6.934000
51,64,3,5.915000,5.915000
51,65,3,6.883000,6.883000
51,66,3,6.520000,6.520000
51,67,3,6.878000,6.878000
51,68,3,6.602000,6.602000
51,69,3,6.360000,6.360000
51,70,3,6.615000,6.615000
51,71,3,6.938000,6.938000
51,72,3,6.868000,6.868000
51,73,3,6.573000,6.573000
51,74,3,6.868000,6.868000
51,75,3,6.721000,6.721000
51,76,3,6.856000,6.856000
51,77,3,6.791000,6.791000
51,78,3,6.810000,6.810000
51,79,3,7.002000,7.002000
51,80,4,6.627000,6.627000
51,81,4,6.922000,6.922000
51,82,4,6.623000,6.623000
51,83,4,6.524000,6.524000
51,84,4,6.260000,6.260000
51,85,4,5.894000,5.894000
51,86,4,6.559000,6.559000
51,87,4,6.700000,6.700000
51,88,4,6.967000,6.967000
51,89,4,5.195000,5.195000
51,90,4,6.901000,6.901000
51,91,4,6.932000,6.932000
51,92,4,6.617000,6.617000
51,93,4,6.267000,6.267000
51,94,4,6.836000,6.836000
51,95,4,6.849000,6.849000
51,96,4,5.680000,5.680000
51,97,4,5.754000,5.754000
51,98,4,6.878000,6.878000
51,99,4,6.158000,6.158000
52,0,0,6.688000,6.688000
52,1,0,6.699000,6.699000
52,2,0,6.700000,6.700000
52,3,0,6.667000,6.667000
52,4,0,6.584000,6.584000
52,5,0,6.683000,6.683000
52,6,0,5.836000,5.836000
52,7,0,6.861000,6.861000
52,8,0,6.589000,6.589000
52,9,0,6.223000,6.223000
52,10,0,6.906000,6.906000
52,11,0,6.670000,6.670000
52,12,0,6.854000,6.854000
52,13,0,6.684000,6.684000
52,14,0,6.612000,6.612000
52,15,0,6.797000,6.797000
52,16,0,6.280000,6.280000
52,17,0,6.774000,6.774000
52,18,0,6.616000,6.616000
52,19,0,6.785000,6.785000
52,20,1,6.996000,6.996000
52,21,1,6.937000,6.937000
52,22,1,6.620000,6.620000
52,23,1,6.856000,6.856000
52,24,1,7.073000,7.073000
52,25,1,7.059000,7.059000
52,26,1,6.699000,6.699000
52,27,1,7.030000,7.030000
52,28,1,6.547000,6.547000
52,29,1,7.033000,7.033000
52,30,1,7.000000,7.000000
52,31,1,6.936000,6.936000
52,32,1,6.892000,6.892000
52,33,1,6.356000,6.356000
52,34,1,6.769000,6.769000
52,35,1,6.759000,6.759000
52,36,1,6.727000,6.727000
52,37,1,6.541000,6.541000
52,38,1,6.681000,6.681000
52,39,1,7.077000,7.077000
52,40,2,6.781000,6.781000
52,41,2,6.988000,6.988000
52,42,2,6.749000,6.749000
52,43,2,6.146000,6.146000
52,44,2,6.937000,6.937000
52,45,2,6.751000,6.751000
52,46,2,7.083000,7.083000
52,47,2,7.102000,7.102000
52,48,2,6.824000,6.824000
52,49,2,6.939000,6.939000
52,50,2,7.051000,7.051000
52,51,2,6.822000,6.822000
52,52,2,7.089000,7.089000
52,53,2,6.754000,6.754000
52,54,2,6.733000,6.733000
52,55,2,6.536000,6.536000
52,56,2,7.098000,7.098000
52,57,2,6.857000,6.857000
52,58,2,6.790000,6.790000
52,59,2,6.480000,6.480000
52,60,3,6.592000,6.592000
52,61,3,6.935000,6.935000
52,62,3,6.361000,6.361000
52,63,3,6.758000,6.758000
52,64,3,6.770000,6.770000
52,65,3,6.555000,6.555000
52,66,3,6.810000,6.810000
52,67,3,6.805000,6.805000
52,68,3,6.780000,6.780000
52,69,3,6.899000,6.899000
52,70,3,6.530000,6.530000
52,71,3,6.311000,6.311000
52,72,3,5.444000,5.444000
52,73,3,6.593000,6.593000
52,74,3,6.872000,6.872000
52,75,3,6.817000,6.817000
52,76,3,6.977000,6.977000
52,77,3,6.927000,6.927000
52,78,3,6.248000,6.248000
52,79,3,5.445000,5.445000
52,80,4,6.741000,6.741000
52,81,4,6.585000,6.585000
52,82,4,6.811000,6.811000
52,83,4,6.379000,6.379000
52,84,4,6.842000,6.842000
52,85,4,6.622000,6.622000
52,86,4,6.388000,6.388000
52,87,4,6.596000,6.596000
52,88,4,6.575000,6.575000
52,89,4,6.945000,6.945000
52,90,4,5.749000,5.749000
52,91,4,6.318000,6.318000
52,92,4,6.825000,6.825000
52,93,4,6.528000,6.528000
52,94,4,6.450000,6.450000
52,95,4,6.530000,6.530000
52,96,4,6.434000,6.434000
52,97,4,6.736000,6.736000
52,98,4,6.498000,6.498000
52,99,4,5.688000,5.688000
53,0,0,6.629000,6.629000
53,1,0,6.818000,6.818000
53,2,0,6.686000,6.686000
53,3,0,6.708000,6.708000
53,4,0,6.391000,6.391000
53,5,0,6.701000,6.701000
53,6,0,6.690000,6.690000
53,7,0,6.747000,6.747000
53,8,0,6.613000,6.613000
53,9,0,5.340000,5.340000
53,10,0,6.296000,6.296000
53,11,0,6.605000,6.605000
53,12,0,6.740000,6.740000
53,13,0,6.816000,6.816000
53,14,0,6.726000,6.726000
53,15,0,6.503000,6.503000
53,16,0,6.639000,6.639000
53,17,0,6.894000,6.894000
53,18,0,6.774000,6.774000
53,19,0,5.859000,5.859000
53,20,1,6.876000,6.876000
53,21,1,6.388000,6.388000
53,22,1,6.838000,6.838000
53,23,1,6.949000,6.949000
53,24,1,6.765000,6.765000
53,25,1,7.034000,7.034000
53,26,1,7.037000,7.037000
53,27,1,5.545000,5.545000
53,28,1,7.180000,7.180000
53,29,1,6.785000,6.785000
53,30,1,7.048000,7.048000
53,31,1,6.799000,6.799000
53,32,1,6.536000,6.536000
53,33,1,6.963000,6.963000
53,34,1,6.818000,6.818000
53,35,1,6.931000,6.931000
53,36,1,6.928000,6.928000
53,37,1,7.021000,7.021000
53,38,1,6.691000,6.691000
53,39,1,6.997000,6.997000
53,40,2,6.966000,6.966000
53,41,2,6.606000,6.606000
53,42,2,6.723000,6.723000
53,43,2,6.730000,6.730000
53,44,2,6.761000,6.761000
53,45,2,6.736000,6.736000
53,46,2,7.111000,7.111000
53,47,2,6.528000,6.528000
53,48,2,6.861000,6.861000
53,49,2,6.664000,6.664000
53,50,2,6.621000,6.621000
53,51,2,6.631000,6.631000
53,52,2,7.020000,7.020000
53,53,2,6.905000,6.905000
53,54,2,6.818000,6.818000
53,55,2,6.802000,6.802000
53,56,2,6.979000,6.979000
53,57,2,6.735000,6.735000
53,58,2,6.713000,6.713000
53,59,2,7.061000,7.061000
53,60,3,7.009000,7.009000
53,61,3,6.784000,6.784000
53,62,3,6.757000,6.757000
53,63,3,6.858000,6.858000
53,64,3,6.483000,6.483000
53,65,3,6.776000,6.776000
53,66,3,6.214000,6.214000
53,67,3,6.845000,6.845000
53,68,3,5.810000,5.810000
53,69,3,6.380000,6.380000
53,70,3,6.422000,6.422000
53,71,3,6.742000,6.742000
53,72,3,6.903000,6.903000
53,73,3,6.586000,6.586000
53,74,3,6.208000,6.208000
53,75,3,6.572000,6.572000
53,76,3,6.829000,6.829000
53,77,3,6.464000,6.464000
53,78,3,6.521000,6.521000
53,79,3,6.913000,6.913000
53,80,4,6.441000,6.441000
53,81,4,5.389000,5.389000
53,82,4,6.529000,6.529000
53,83,4,6.481000,6.481000
53,84,4,6.984000,6.984000
53,85,4,5.331000,5.331000
53,86,4,5.900000,5.900000
53,87,4,4.423000,4.423000
53,88,4,6.862000,6.862000
53,89,4,4.892000,4.892000
53,90,4,6.687000,6.687000
53,91,4,5.863000,5.863000
53,92,4,6.726000,6.726000
53,93,4,6.371000,6.371000
53,94,4,6.617000,6.617000
53,95,4,6.551000,6.551000
53,96,4,6.131000,6.131000
53,97,4,6.048000,6.048000
53,98,4,6.278000,6.278000
53,99,4,6.846000,6.846000
54,0,0,6.811000,6.811000
54,1,0,5.910000,5.910000
54,2,0,6.931000,6.931000
54,3,0,6.743000,6.743000
54,4,0,6.498000,6.498000
54,5,0,6.780000,6.780000
54,6,0,6.670000,6.670000
54,7,0,6.650000,6.650000
54,8,0,6.579000,6.579000
54,9,0,6.808000,6.808000
54,10,0,6.595000,6.595000
54,11,0,6.617000,6.617000
54,12,0,6.558000,6.558000
54,13,0,6.936000,6.936000
54,14,0,6.796000,6.796000
54,15,0,6.754000,6.754000
54,16,0,6.312000,6.312000
54,17,0,6.928000,6.928000
54,18,0,6.657000,6.657000
54,19,0,6.768000,6.768000
54,20,1,6.979000,6.979000
54,21,1,7.023000,7.023000
54,22,1,6.887000,6.887000
54,23,1,6.738000,6.738000
54,24,1,6.030000,6.030000
54,25,1,6.838000,6.838000
54,26,1,6.743000,6.743000
54,27,1,6.318000,6.318000
54,28,1,6.937000,6.937000
54,29,1,6.638000,6.638000
54,30,1,6.829000,6.829000
54,31,1,6.891000,6.891000
54,32,1,7.039000,7.039000
54,33,1,6.885000,6.885000
54,34,1,6.933000,6.933000
54,35,1,6.681000,6.681000
54,36,1,7.005000,7.005000
54,37,1,6.753000,6.753000
54,38,1,7.128000,7.128000
54,39,1,7.022000,7.022000
54,40,2,6.961000,6.961000
54,41,2,6.995000,6.995000
54,42,2,6.769000,6.769000
54,43,2,7.018000,7.018000
54,44,2,6.936000,6.936000
54,45,2,6.727000,6.727000
54,46,2,6.507000,6.507000
54,47,2,6.857000,6.857000
54,48,2,6.917000,6.917000
54,49,2,6.819000,6.819000
54,50,2,6.926000,6.926000
54,51,2,6.930000,6.930000
54,52,2,4.902000,4.902000
54,53,2,6.991000,6.991000
54,54,2,6.579000,6.579000
54,55,2,6.900000,6.900000
54,56,2,6.601000,6.601000
54,57,2,6.190000,6.190000
54,58,2,6.750000,6.750000
54,59,2,7.049000,7.049000
54,60,3,6.824000,6.824000
54,61,3,6.911000,6.911000
54,62,3,5.692000,5.692000
54,63,3,6.578000,6.578000
54,64,3,6.495000,6.495000
54,65,3,6.630000,6.630000
54,66,3,6.660000,6.660000
54,67,3,6.818000,6.818000
54,68,3,6.694000,6.694000
54,69,3,6.629000,6.629000
54,70,3,6.594000,6.594000
54,71,3,6.281000,6.281000
54,72,3,6.883000,6.883000
54,73,3,6.768000,6.768000
54,74,3,6.067000,6.067000
54,75,3,5.624000,5.624000
54,76,3,6.852000,6.852000
54,77,3,6.183000,6.183000
54,78,3,6.581000,6.581000
54,79,3,6.561000,6.561000
54,80,4,5.711000,5.711000
54,81,4,6.576000,6.576000
54,82,4,6.768000,6.768000
54,83,4,6.428000,6.428000
54,84,4,6.542000,6.542000
54,85,4,6.010000,6.010000
54,86,4,6.583000,6.583000
54,87,4,6.740000,6.740000
54,88,4,6.314000,6.314000
54,89,4,6.557000,6.557000
54,90,4,5.326000,5.326000
54,91,4,6.065000,6.065000
54,92,4,6.829000,6.829000
54,93,4,6.204000,6.204000
54,94,4,5.511000,5.511000
54,95,4,6.556000,6.556000
54,96,4,6.804000,6.804000
54,97,4,6.736000,6.736000
54,98,4,6.618000,6.618000
54,99,4,6.226000,6.226000
55,0,0,6.460000,6.460000
55,1,0,6.714000,6.714000
55,2,0,6.558000,6.558000
55,3,0,6.512000,6.512000
55,4,0,6.640000,6.640000
55,5,0,6.794000,6.794000
55,6,0,6.799000,6.799000
55,7,0,6.441000,6.441000
55,8,0,6.782000,6.782000
55,9,0,6.855000,6.855000
55,10,0,6.773000,6.773000
55,11,0,6.573000,6.573000
55,12,0,6.524000,6.524000
55,13,0,6.788000,6.788000
55,14,0,6.805000,6.805000
55,15,0,6.670000,6.670000
55,16,0,6.829000,6.829000
55,17,0,6.852000,6.852000
55,18,0,6.681000,6.681000
55,19,0,6.684000,6.684000
55,20,1,6.816000,6.816000
55,21,1,6.736000,6.736000
55,22,1,7.003000,7.003000
55,23,1,6.769000,6.769000
55,24,1,6.791000,6.791000
55,25,1,6.972000,6.972000
55,26,1,7.077000,7.077000
55,27,1,6.999000,6.999000
55,28,1,6.892000,6.892000
55,29,1,6.906000,6.906000
55,30,1,6.966000,6.966000
55,31,1,6.696000,6.696000
55,32,1,7.099000,7.099000
55,33,1,6.861000,6.861000
55,34,1,5.391000,5.391000
55,35,1,6.005000,6.005000
55,36,1,7.031000,7.031000
55,37,1,6.907000,6.907000
55,38,1,7.033000,7.033000
55,39,1,6.980000,6.980000
55,40,2,6.805000,6.805000
55,41,2,6.991000,6.991000
55,42,2,6.530000,6.530000
55,43,2,7.051000,7.051000
55,44,2,6.676000,6.676000
55,45,2,6.721000,6.721000
55,46,2,7.153000,7.153000
55,47,2,6.478000,6.478000
55,48,2,7.009000,7.009000
55,49,2,6.922000,6.922000
55,50,2,6.877000,6.877000
55,51,2,6.900000,6.900000
55,52,2,6.890000,6.890000
55,53,2,6.760000,6.760000
55,54,2,6.951000,6.951000
55,55,2,6.837000,6.837000
55,56,2,6.820000,6.820000
55,57,2,6.549000,6.549000
55,58,2,6.837000,6.837000
55,59,2,6.867000,6.867000
55,60,3,6.173000,6.173000
55,61,3,6.785000,6.785000
55,62,3,6.993000,6.993000
55,63,3,6.675000,6.675000
55,64,3,6.867000,6.867000
55,65,3,6.929000,6.929000
55,66,3,6.947000,6.947000
55,67,3,6.835000,6.835000
55,68,3,7.028000,7.028000
55,69,3,6.912000,6.912000
55,70,3,4.758000,4.758000
55,71,3,5.501000,5.501000
55,72,3,6.706000,6.706000
55,73,3,6.606000,6.606000
55,74,3,6.976000,6.976000
55,75,3,7.135000,7.135000
55,76,3,6.796000,6.796000
55,77,3,6.645000,6.645000
55,78,3,6.886000,6.886000
55,79,3,6.733000,6.733000
55,80,4,6.542000,6.542000
55,81,4,6.133000,6.133000
55,82,4,6.122000,6.122000
55,83,4,6.528000,6.528000
55,84,4,6.707000,6.707000
55,85,4,6.227000,6.227000
55,86,4,6.962000,6.962000
55,87,4,7.042000,7.042000
55,88,4,6.549000,6.549000
55,89,4,6.860000,6.860000
55,90,4,6.005000,6.005000
55,91,4,6.411000,6.411000
55,92,4,5.969000,5.969000
55,93,4,6.841000,6.841000
55,94,4,6.933000,6.933000
55,95,4,6.843000,6.843000
55,96,4,7.055000,7.055000
55,97,4,5.783000,5.783000
55,98,4,6.908000,6.908000
55,99,4,5.930000,5.930000
56,0,0,6.773000,6.773000
56,1,0,6.770000,6.770000
56,2,0,6.852000,6.852000
56,3,0,6.801000,6.801000
56,4,0,6.744000,6.744000
56,5,0,6.984000,6.984000
56,6,0,6.938000,6.938000
56,7,0,6.714000,6.714000
56,8,0,6.648000,6.648000
56,9,0,6.738000,6.738000
56,10,0,6.669000,6.669000
56,11,0,6.749000,6.749000
56,12,0,6.640000,6.640000
56,13,0,6.677000,6.677000
56,14,0,6.614000,6.614000
56,15,0,6.831000,6.831000
56,16,0,6.739000,6.739000
56,17,0,6.809000,6.809000
56,18,0,6.570000,6.570000
56,19,0,6.587000,6.587000
56,20,1,6.922000,6.922000
56,21,1,6.613000,6.613000
56,22,1,7.079000,7.079000
56,23,1,6.566000,6.566000
56,24,1,6.902000,6.902000
56,25,1,6.845000,6.845000
56,26,1,6.903000,6.903000
56,27,1,7.057000,7.057000
56,28,1,7.028000,7.028000
56,29,1,6.991000,6.991000
56,30,1,6.402000,6.402000
56,31,1,7.012000,7.012000
56,32,1,6.942000,6.942000
56,33,1,7.010000,7.010000
56,34,1,6.899000,6.899000
56,35,1,7.070000,7.070000
56,36,1,7.095000,7.095000
56,37,1,7.024000,7.024000
56,38,1,7.038000,7.038000
56,39,1,6.895000,6.895000
56,40,2,6.898000,6.898000
56,41,2,6.946000,6.946000
56,42,2,6.723000,6.723000
56,43,2,7.133000,7.133000
56,44,2,6.849000,6.849000
56,45,2,6.981000,6.981000
56,46,2,7.018000,7.018000
56,47,2,6.914000,6.914000
56,48,2,6.936000,6.936000
56,49,2,5.259000,5.259000
56,50,2,6.781000,6.781000
56,51,2,7.032000,7.032000
56,52,2,6.894000,6.894000
56,53,2,6.968000,6.968000
56,54,2,6.723000,6.723000
56,55,2,6.938000,6.938000
56,56,2,6.697000,6.697000
56,57,2,6.599000,6.599000
56,58,2,6.945000,6.945000
56,59,2,6.923000,6.923000
56,60,3,6.805000,6.805000
56,61,3,6.432000,6.432000
56,62,3,6.591000,6.591000
56,63,3,6.736000,6.736000
56,64,3,6.919000,6.919000
56,65,3,6.380000,6.380000
56,66,3,6.904000,6.904000
56,67,3,6.306000,6.306000
56,68,3,6.678000,6.678000
56,69,3,6.165000,6.165000
56,70,3,6.994000,6.994000
56,71,3,6.999000,6.999000
56,72,3,6.689000,6.689000
56,73,3,6.953000,6.953000
56,74,3,6.974000,6.974000
56,75,3,6.875000,6.875000
56,76,3,6.721000,6.721000
56,77,3,7.050000,7.050000
56,78,3,6.190000,6.190000
56,79,3,6.951000,6.951000
56,80,4,5.551000,5.551000
56,81,4,6.768000,6.768000
56,82,4,6.687000,6.687000
56,83,4,6.880000,6.880000
56,84,4,6.686000,6.686000
56,85,4,5.264000,5.264000
56,86,4,5.757000,5.757000
56,87,4,5.475000,5.475000
56,88,4,6.968000,6.968000
56,89,4,6.961000,6.961000
56,90,4,5.782000,5.782000
56,91,4,6.742000,6.742000
56,92,4,4.436000,4.436000
56,93,4,6.344000,6.344000
56,94,4,6.859000,6.859000
56,95,4,6.774000,6.774000
56,96,4,6.647000,6.647000
56,97,4,6.537000,6.537000
56,98,4,6.688000,6.688000
56,99,4,6.973000,6.973000
57,0,0,6.224000,6.224000
57,1,0,6.685000,6.685000
57,2,0,6.736000,6.736000
57,3,0,6.649000,6.649000
57,4,0,6.123000,6.123000
57,5,0,6.736000,6.736000
57,6,0,6.646000,6.646000
57,7,0,6.945000,6.945000
57,8,0,6.886000,6.886000
57,9,0,6.008000,6.008000
57,10,0,6.662000,6.662000
57,11,0,6.748000,6.748000
57,12,0,6.723000,6.723000
57,13,0,6.710000,6.710000
57,14,0,6.554000,6.554000
57,15,0,6.561000,6.561000
57,16,0,6.863000,6.863000
57,17,0,6.029000,6.029000
57,18,0,6.696000,6.696000
57,19,0,6.848000,6.848000
57,20,1,6.826000,6.826000
57,21,1,6.943000,6.943000
57,22,1,6.794000,6.794000
57,23,1,6.892000,6.892000
57,24,1,6.753000,6.753000
57,25,1,6.877000,6.877000
57,26,1,6.126000,6.126000
57,27,1,6.530000,6.530000
57,28,1,6.876000,6.876000
57,29,1,6.550000,6.550000
57,30,1,6.937000,6.937000
57,31,1,6.606000,6.606000
57,32,1,6.718000,6.718000
57,33,1,6.662000,6.662000
57,34,1,7.106000,7.106000
57,35,1,6.914000,6.914000
57,36,1,6.561000,6.561000
57,37,1,6.693000,6.693000
57,38,1,6.875000,6.875000
57,39,1,7.100000,7.100000
57,40,2,6.775000,6.775000
57,41,2,6.758000,6.758000
57,42,2,6.803000,6.803000
57,43,2,7.007000,7.007000
57,44,2,6.774000,6.774000
57,45,2,6.957000,6.957000
57,46,2,6.157000,6.157000
57,47,2,5.079000,5.079000
57,48,2,6.763000,6.763000
57,49,2,6.801000,6.801000
57,50,2,6.812000,6.812000
57,51,2,7.004000,7.004000
57,52,2,6.983000,6.983000
57,53,2,6.748000,6.748000
57,54,2,6.998000,6.998000
57,55,2,6.783000,6.783000
57,56,2,6.807000,6.807000
57,57,2,6.954000,6.954000
57,58,2,6.950000,6.950000
57,59,2,7.142000,7.142000
57,60,3,7.019000,7.019000
57,61,3,6.880000,6.880000
57,62,3,6.867000,6.867000
57,63,3,6.984000,6.984000
57,64,3,6.736000,6.736000
57,65,3,6.722000,6.722000
57,66,3,6.869000,6.869000
57,67,3,6.665000,6.665000
57,68,3,6.781000,6.781000
57,69,3,6.598000,6.598000
57,70,3,6.954000,6.954000
57,71,3,6.732000,6.732000
57,72,3,6.776000,6.776000
57,73,3,7.137000,7.137000
57,74,3,6.712000,6.712000
57,75,3,6.788000,6.788000
57,76,3,6.894000,6.894000
57,77,3,6.850000,6.850000
57,78,3,6.744000,6.744000
57,79,3,6.832000,6.832000
57,80,4,5.951000,5.951000
57,81,4,7.012000,7.012000
57,82,4,5.549000,5.549000
57,83,4,5.852000,5.852000
57,84,4,6.785000,6.785000
57,85,4,6.856000,6.856000
57,86,4,6.849000,6.849000
57,87,4,6.416000,6.416000
57,88,4,6.926000,6.926000
57,89,4,6.855000,6.855000
57,90,4,7.008000,7.008000
57,91,4,5.486000,5.486000
57,92,4,6.804000,6.804000
57,93,4,6.337000,6.337000
57,94,4,6.411000,6.411000
57,95,4,6.093000,6.093000
57,96,4,5.911000,5.911000
57,97,4,5.488000,5.488000
57,98,4,6.869000,6.869000
57,99,4,7.090000,7.090000
58,0,0,6.774000,6.774000
58,1,0,6.769000,6.769000
58,2,0,6.652000,6.652000
58,3,0,6.414000,6.414000
58,4,0,6.776000,6.776000
58,5,0,6.667000,6.667000
58,6,0,6.380000,6.380000
58,7,0,6.458000,6.458000
58,8,0,6.697000,6.697000
58,9,0,6.790000,6.790000
58,10,0,6.413000,6.413000
58,11,0,6.838000,6.838000
58,12,0,6.605000,6.605000
58,13,0,6.791000,6.791000
58,14,0,6.360000,6.360000
58,15,0,5.845000,5.845000
58,16,0,6.625000,6.625000
58,17,0,6.775000,6.775000
58,18,0,6.808000,6.808000
58,19,0,6.453000,6.453000
58,20,1,6.702000,6.702000
58,21,1,6.945000,6.945000
58,22,1,7.149000,7.149000
58,23,1,5.935000,5.935000
58,24,1,6.947000,6.947000
58,25,1,6.985000,6.985000
58,26,1,7.142000,7.142000
58,27,1,6.981000,6.981000
58,28,1,7.080000,7.080000
58,29,1,6.934000,6.934000
58,30,1,6.934000,6.934000
58,31,1,6.752000,6.752000
58,32,1,7.060000,7.060000
58,33,1,6.594000,6.594000
58,34,1,6.969000,6.969000
58,35,1,6.542000,6.542000
58,36,1,7.135000,7.135000
58,37,1,7.076000,7.076000
58,38,1,7.102000,7.102000
58,39,1,6.882000,6.882000
58,40,2,6.881000,6.881000
58,41,2,6.521000,6.521000
58,42,2,6.424000,6.424000
58,43,2,6.907000,6.907000
58,44,2,5.836000,5.836000
58,45,2,6.699000,6.699000
58,46,2,7.050000,7.050000
58,47,2,6.935000,6.935000
58,48,2,6.796000,6.796000
58,49,2,6.244000,6.244000
58,50,2,6.958000,6.958000
58,51,2,6.991000,6.991000
58,52,2,6.872000,6.872000
58,53,2,6.643000,6.643000
58,54,2,7.095000,7.095000
58,55,2,6.616000,6.616000
58,56,2,6.825000,6.825000
58,57,2,6.908000,6.908000
58,58,2,6.654000,6.654000
58,59,2,6.486000,6.486000
58,60,3,6.887000,6.887000
58,61,3,6.997000,6.997000
58,62,3,6.667000,6.667000
58,63,3,7.006000,7.006000
58,64,3,6.748000,6.748000
58,65,3,6.859000,6.859000
58,66,3,6.802000,6.802000
58,67,3,6.947000,6.947000
58,68,3,6.784000,6.784000
58,69,3,6.938000,6.938000
58,70,3,6.789000,6.789000
58,71,3,6.524000,6.524000
58,72,3,6.125000,6.125000
58,73,3,6.861000,6.861000
58,74,3,6.740000,6.740000
58,75,3,6.792000,6.792000
58,76,3,6.924000,6.924000
58,77,3,6.978000,6.978000
58,78,3,6.804000,6.804000
58,79,3,6.777000,6.777000
58,80,4,6.463000,6.463000
58,81,4,6.596000,6.596000
58,82,4,6.176000,6.176000
58,83,4,6.595000,6.595000
58,84,4,6.734000,6.734000
58,85,4,6.723000,6.723000
58,86,4,5.152000,5.152000
58,87,4,6.845000,6.845000
58,88,4,6.926000,6.926000
58,89,4,6.938000,6.938000
58,90,4,6.392000,6.392000
58,91,4,6.286000,6.286000
58,92,4,5.764000,5.764000
58,93,4,5.909000,5.909000
58,94,4,6.550000,6.550000
58,95,4,6.681000,6.681000
58,96,4,6.133000,6.133000
58,97,4,6.799000,6.799000
58,98,4,6.732000,6.732000
58,99,4,6.591000,6.591000
59,0,0,6.778000,6.778000
59,1,0,6.848000,6.848000
59,2,0,6.855000,6.855000
59,3,0,6.859000,6.859000
59,4,0,6.730000,6.730000
59,5,0,6.437000,6.437000
59,6,0,6.629000,6.629000
59,7,0,6.752000,6.752000
59,8,0,6.293000,6.293000
59,9,0,6.629000,6.629000
59,10,0,6.567000,6.567000
59,11,0,6.548000,6.548000
59,12,0,6.696000,6.696000
59,13,0,6.734000,6.734000
59,14,0,6.834000,6.834000
59,15,0,6.607000,6.607000
59,16,0,6.449000,6.449000
59,17,0,6.437000,6.437000
59,18,0,6.605000,6.605000
59,19,0,6.713000,6.713000
59,20,1,7.071000,7.071000
59,21,1,6.969000,6.969000
59,22,1,6.955000,6.955000
59,23,1,6.823000,6.823000
59,24,1,6.966000,6.966000
59,25,1,7.024000,7.024000
59,26,1,6.614000,6.614000
59,27,1,6.765000,6.765000
59,28,1,6.537000,6.537000
59,29,1,6.550000,6.550000
59,30,1,7.019000,7.019000
59,31,1,6.957000,6.957000
59,32,1,6.934000,6.934000
59,33,1,6.757000,6.757000
59,34,1,6.863000,6.863000
59,35,1,6.727000,6.727000
59,36,1,6.697000,6.697000
59,37,1,6.842000,6.842000
59,38,1,6.742000,6.742000
59,39,1,7.127000,7.127000
59,40,2,6.011000,6.011000
59,41,2,6.591000,6.591000
59,42,2,7.014000,7.014000
59,43,2,6.746000,6.746000
59,44,2,6.945000,6.945000
59,45,2,5.914000,5.914000
59,46,2,6.890000,6.890000
59,47,2,7.056000,7.056000
59,48,2,6.316000,6.316000
59,49,2,6.897000,6.897000
59,50,2,6.905000,6.905000
59,51,2,6.735000,6.735000
59,52,2,6.490000,6.490000
59,53,2,6.720000,6.720000
59,54,2,6.950000,6.950000
59,55,2,6.862000,6.862000
59,56,2,6.902000,6.902000
59,57,2,7.038000,7.038000
59,58,2,6.449000,6.449000
59,59,2,6.931000,6.931000
59,60,3,6.637000,6.637000
59,61,3,7.004000,7.004000
59,62,3,7.007000,7.007000
59,63,3,7.005000,7.005000
59,64,3,6.760000,6.760000
59,65,3,6.540000,6.540000
59,66,3,7.028000,7.028000
59,67,3,6.934000,6.934000
59,68,3,6.878000,6.878000
59,69,3,6.840000,6.840000
59,70,3,6.977000,6.977000
59,71,3,6.490000,6.490000
59,72,3,6.627000,6.627000
59,73,3,6.539000,6.539000
59,74,3,6.804000,6.804000
59,75,3,6.842000,6.842000
59,76,3,6.932000,6.932000
59,77,3,7.012000,7.012000
59,78,3,6.759000,6.759000
59,79,3,6.613000,6.613000
59,80,4,6.745000,6.745000
59,81,4,6.882000,6.882000
59,82,4,6.495000,6.495000
59,83,4,5.895000,5.895000
59,84,4,5.622000,5.622000
59,85,4,6.760000,6.760000
59,86,4,6.225000,6.225000
59,87,4,6.849000,6.849000
59,88,4,5.663000,5.663000
59,89,4,6.914000,6.914000
59,90,4,6.432000,6.432000
59,91,4,6.956000,6.956000
59,92,4,6.888000,6.888000
59,93,4,7.026000,7.026000
59,94,4,5.880000,5.880000
59,95,4,7.055000,7.055000
59,96,4,6.204000,6.204000
59,97,4,6.236000,6.236000
59,98,4,6.948000,6.948000
59,99,4,6.042000,6.042000
60,0,0,6.692000,6.692000
60,1,0,6.706000,6.706000
60,2,0,6.277000,6.277000
60,3,0,6.573000,6.573000
60,4,0,6.920000,6.920000
60,5,0,5.973000,5.973000
60,6,0,6.223000,6.223000
60,7,0,6.723000,6.723000
60,8,0,6.959000,6.959000
60,9,0,6.001000,6.001000
60,10,0,6.701000,6.701000
60,11,0,6.540000,6.540000
60,12,0,6.855000,6.855000
60,13,0,7.046000,7.046000
60,14,0,5.937000,5.937000
60,15,0,6.500000,6.500000
60,16,0,6.879000,6.879000
60,17,0,5.686000,5.686000
60,18,0,6.744000,6.744000
60,19,0,6.677000,6.677000
60,20,1,6.174000,6.174000
60,21,1,6.940000,6.940000
60,22,1,6.845000,6.845000
60,23,1,6.766000,6.766000
60,24,1,6.660000,6.660000
60,25,1,6.784000,6.784000
60,26,1,6.912000,6.912000
60,27,1,6.742000,6.742000
60,28,1,6.745000,6.745000
60,29,1,6.788000,6.788000
60,30,1,6.529000,6.529000
60,31,1,6.378000,6.378000
60,32,1,7.016000,7.016000
60,33,1,6.742000,6.742000
60,34,1,6.942000,6.942000
60,35,1,6.656000,6.656000
60,36,1,6.637000,6.637000
60,37,1,6.551000,6.551000
60,38,1,6.942000,6.942000
60,39,1,5.300000,5.300000
60,40,2,6.922000,6.922000
60,41,2,7.115000,7.115000
60,42,2,5.759000,5.759000
60,43,2,6.862000,6.862000
60,44,2,7.047000,7.047000
60,45,2,6.727000,6.727000
60,46,2,6.861000,6.861000
60,47,2,6.988000,6.988000
60,48,2,6.661000,6.661000
60,49,2,7.069000,7.069000
60,50,2,6.969000,6.969000
60,51,2,5.694000,5.694000
60,52,2,6.825000,6.825000
60,53,2,7.008000,7.008000
60,54,2,6.846000,6.846000
60,55,2,6.830000,6.830000
60,56,2,6.823000,6.823000
60,57,2,6.745000,6.745000
60,58,2,7.044000,7.044000
60,59,2,6.646000,6.646000
60,60,3,6.836000,6.836000
60,61,3,6.847000,6.847000
60,62,3,6.829000,6.829000
60,63,3,6.889000,6.889000
60,64,3,6.870000,6.870000
60,65,3,6.867000,6.867000
60,66,3,6.894000,6.894000
60,67,3,6.892000,6.892000
60,68,3,6.698000,6.698000
60,69,3,6.983000,6.983000
60,70,3,6.939000,6.939000
60,71,3,6.818000,6.818000
60,72,3,6.791000,6.791000
60,73,3,6.832000,6.832000
60,74,3,6.833000,6.833000
60,75,3,6.823000,6.823000
60,76,3,6.544000,6.544000
60,77,3,7.048000,7.048000
60,78,3,6.997000,6.997000
60,79,3,6.914000,6.914000
60,80,4,3.735000,3.735000
60,81,4,5.023000,5.023000
60,82,4,6.460000,6.460000
60,83,4,6.617000,6.617000
60,84,4,6.749000,6.749000
60,85,4,5.795000,5.795000
60,86,4,6.623000,6.623000
60,87,4,6.367000,6.367000
60,88,4,6.769000,6.769000
60,89,4,6.618000,6.618000
60,90,4,6.971000,6.971000
60,91,4,6.904000,6.904000
60,92,4,6.778000,6.778000
60,93,4,6.593000,6.593000
60,94,4,5.020000,5.020000
60,95,4,5.371000,5.371000
60,96,4,6.425000,6.425000
60,97,4,6.783000,6.783000
60,98,4,6.574000,6.574000
60,99,4,5.620000,5.620000
61,0,0,6.688000,6.688000
61,1,0,6.717000,6.717000
61,2,0,5.422000,5.422000
61,3,0,6.694000,6.694000
61,4,0,6.608000,6.608000
61,5,0,6.810000,6.810000
61,6,0,6.754000,6.754000
61,7,0,6.739000,6.739000
61,8,0,6.833000,6.833000
61,9,0,6.708000,6.708000
61,10,0,6.802000,6.802000
61,11,0,6.628000,6.628000
61,12,0,6.847000,6.847000
61,13,0,6.090000,6.090000
61,14,0,6.620000,6.620000
61,15,0,6.965000,6.965000
61,16,0,6.394000,6.394000
61,17,0,6.623000,6.623000
61,18,0,6.679000,6.679000
61,19,0,6.373000,6.373000
61,20,1,6.805000,6.805000
61,21,1,7.026000,7.026000
61,22,1,6.997000,6.997000
61,23,1,5.869000,5.869000
61,24,1,6.886000,6.886000
61,25,1,6.097000,6.097000
61,26,1,6.706000,6.706000
61,27,1,6.970000,6.970000
61,28,1,6.960000,6.960000
61,29,1,6.616000,6.616000
61,30,1,6.997000,6.997000
61,31,1,6.164000,6.164000
61,32,1,6.194000,6.194000
61,33,1,6.755000,6.755000
61,34,1,6.486000,6.486000
61,35,1,6.851000,6.851000
61,36,1,6.872000,6.872000
61,37,1,7.060000,7.060000
61,38,1,6.858000,6.858000
61,39,1,6.269000,6.269000
61,40,2,6.944000,6.944000
61,41,2,7.000000,7.000000
61,42,2,7.038000,7.038000
61,43,2,6.451000,6.451000
61,44,2,6.291000,6.291000
61,45,2,7.021000,7.021000
61,46,2,6.364000,6.364000
61,47,2,6.809000,6.809000
61,48,2,7.014000,7.014000
61,49,2,6.618000,6.618000
61,50,2,6.201000,6.201000
61,51,2,7.023000,7.023000
61,52,2,6.988000,6.988000
61,53,2,7.087000,7.087000
61,54,2,6.086000,6.086000
61,55,2,7.029000,7.029000
61,56,2,7.096000,7.096000
61,57,2,7.059000,7.059000
61,58,2,7.005000,7.005000
61,59,2,6.945000,6.945000
61,60,3,6.661000,6.661000
61,61,3,6.697000,6.697000
61,62,3,6.619000,6.619000
61,63,3,7.076000,7.076000
61,64,3,6.776000,6.776000
61,65,3,6.927000,6.927000
61,66,3,6.711000,6.711000
61,67,3,6.699000,6.699000
61,68,3,6.674000,6.674000
61,69,3,6.996000,6.996000
61,70,3,7.005000,7.005000
61,71,3,6.503000,6.503000
61,72,3,6.881000,6.881000
61,73,3,6.660000,6.660000
61,74,3,6.821000,6.821000
61,75,3,7.040000,7.040000
61,76,3,7.082000,7.082000
61,77,3,7.031000,7.031000
61,78,3,6.451000,6.451000
61,79,3,6.718000,6.718000
61,80,4,5.396000,5.396000
61,81,4,6.518000,6.518000
61,82,4,6.679000,6.679000
61,83,4,6.677000,6.677000
61,84,4,6.173000,6.173000
61,85,4,5.920000,5.920000
61,86,4,6.970000,6.970000
61,87,4,6.027000,6.027000
61,88,4,6.116000,6.116000
61,89,4,6.668000,6.668000
61,90,4,6.898000,6.898000
61,91,4,6.309000,6.309000
61,92,4,7.011000,7.011000
61,93,4,6.724000,6.724000
61,94,4,6.776000,6.776000
61,95,4,6.633000,6.633000
61,96,4,6.086000,6.086000
61,97,4,6.776000,6.776000
61,98,4,5.730000,5.730000
61,99,4,5.895000,5.895000
62,0,0,6.860000,6.860000
62,1,0,6.817000,6.817000
62,2,0,6.885000,6.885000
62,3,0,6.927000,6.927000
62,4,0,6.665000,6.665000
62,5,0,6.681000,6.681000
62,6,0,7.084000,7.084000
62,7,0,6.702000,6.702000
62,8,0,6.770000,6.770000
62,9,0,6.707000,6.707000
62,10,0,6.914000,6.914000
62,11,0,6.818000,6.818000
62,12,0,6.273000,6.273000
62,13,0,6.214000,6.214000
62,14,0,7.057000,7.057000
62,15,0,6.727000,6.727000
62,16,0,6.807000,6.807000
62,17,0,6.964000,6.964000
62,18,0,6.600000,6.600000
62,19,0,6.697000,6.697000
62,20,1,7.041000,7.041000
62,21,1,5.924000,5.924000
62,22,1,6.926000,6.926000
62,23,1,6.877000,6.877000
62,24,1,6.836000,6.836000
62,25,1,7.024000,7.024000
62,26,1,6.767000,6.767000
62,27,1,6.969000,6.969000
62,28,1,7.173000,7.173000
62,29,1,7.021000,7.021000
62,30,1,7.021000,7.021000
62,31,1,6.885000,6.885000
62,32,1,6.336000,6.336000
62,33,1,6.738000,6.738000
62,34,1,6.614000,6.614000
62,35,1,6.770000,6.770000
62,36,1,6.961000,6.961000
62,37,1,7.057000,7.057000
62,38,1,6.971000,6.971000
62,39,1,6.844000,6.844000
62,40,2,6.836000,6.836000
62,41,2,6.421000,6.421000
62,42,2,7.159000,7.159000
62,43,2,7.033000,7.033000
62,44,2,6.964000,6.964000
62,45,2,6.663000,6.663000
62,46,2,6.662000,6.662000
62,47,2,7.025000,7.025000
62,48,2,7.052000,7.052000
62,49,2,6.932000,6.932000
62,50,2,6.150000,6.150000
62,51,2,7.093000,7.093000
62,52,2,6.338000,6.338000
62,53,2,6.798000,6.798000
62,54,2,6.975000,6.975000
62,55,2,6.888000,6.888000
62,56,2,6.432000,6.432000
62,57,2,6.962000,6.962000
62,58,2,7.051000,7.051000
62,59,2,6.436000,6.436000
62,60,3,6.742000,6.742000
62,61,3,6.575000,6.575000
62,62,3,7.053000,7.053000
62,63,3,7.001000,7.001000
62,64,3,6.872000,6.872000
62,65,3,7.010000,7.010000
62,66,3,7.093000,7.093000
62,67,3,6.743000,6.743000
62,68,3,6.908000,6.908000
62,69,3,7.069000,7.069000
62,70,3,6.947000,6.947000
62,71,3,6.923000,6.923000
62,72,3,6.851000,6.851000
62,73,3,6.931000,6.931000
62,74,3,7.044000,7.044000
62,75,3,7.128000,7.128000
62,76,3,6.999000,6.999000
62,77,3,6.833000,6.833000
62,78,3,6.708000,6.708000
62,79,3,6.212000,6.212000
62,80,4,6.682000,6.682000
62,81,4,6.898000,6.898000
62,82,4,6.491000,6.491000
62,83,4,6.213000,6.213000
62,84,4,6.817000,6.817000
62,85,4,5.839000,5.839000
62,86,4,6.304000,6.304000
62,87,4,7.258000,7.258000
62,88,4,6.463000,6.463000
62,89,4,6.620000,6.620000
62,90,4,6.689000,6.689000
62,91,4,6.701000,6.701000
62,92,4,6.588000,6.588000
62,93,4,6.586000,6.586000
62,94,4,6.812000,6.812000
62,95,4,5.924000,5.924000
62,96,4,6.918000,6.918000
62,97,4,6.598000,6.598000
62,98,4,6.551000,6.551000
62,99,4,5.393000,5.393000
63,0,0,6.697000,6.697000
63,1,0,6.951000,6.951000
63,2,0,6.643000,6.643000
63,3,0,6.657000,6.657000
63,4,0,6.694000,6.694000
63,5,0,6.383000,6.383000
63,6,0,6.270000,6.270000
63,7,0,6.810000,6.810000
63,8,0,6.729000,6.729000
63,9,0,6.077000,6.077000
63,10,0,6.797000,6.797000
63,11,0,5.845000,5.845000
63,12,0,6.721000,6.721000
63,13,0,6.764000,6.764000
63,14,0,6.753000,6.753000
63,15,0,6.967000,6.967000
63,16,0,6.728000,6.728000
63,17,0,6.946000,6.946000
63,18,0,6.797000,6.797000
63,19,0,6.909000,6.909000
63,20,1,6.267000,6.267000
63,21,1,6.984000,6.984000
63,22,1,6.880000,6.880000
63,23,1,6.991000,6.991000
63,24,1,6.912000,6.912000
63,25,1,6.924000,6.924000
63,26,1,7.090000,7.090000
63,27,1,6.999000,6.999000
63,28,1,6.112000,6.112000
63,29,1,7.033000,7.033000
63,30,1,7.033000,7.033000
63,31,1,7.040000,7.040000
63,32,1,6.994000,6.994000
63,33,1,6.516000,6.516000
63,34,1,6.764000,6.764000
63,35,1,6.908000,6.908000
63,36,1,6.659000,6.659000
63,37,1,6.985000,6.985000
63,38,1,6.843000,6.843000
63,39,1,7.026000,7.026000
63,40,2,7.001000,7.001000
63,41,2,7.071000,7.071000
63,42,2,6.737000,6.737000
63,43,2,6.618000,6.618000
63,44,2,6.581000,6.581000
63,45,2,6.724000,6.724000
63,46,2,7.091000,7.091000
63,47,2,6.171000,6.171000
63,48,2,6.548000,6.548000
63,49,2,6.912000,6.912000
63,50,2,6.340000,6.340000
63,51,2,6.709000,6.709000
63,52,2,6.878000,6.878000
63,53,2,5.503000,5.503000
63,54,2,6.967000,6.967000
63,55,2,7.175000,7.175000
63,56,2,6.650000,6.650000
63,57,2,6.724000,6.724000
63,58,2,6.692000,6.692000
63,59,2,6.317000,6.317000
63,60,3,6.861000,6.861000
63,61,3,6.855000,6.855000
63,62,3,6.810000,6.810000
63,63,3,6.884000,6.884000
63,64,3,6.870000,6.870000
63,65,3,7.030000,7.030000
63,66,3,6.987000,6.987000
63,67,3,6.636000,6.636000
63,68,3,6.620000,6.620000
63,69,3,6.871000,6.871000
63,70,3,6.864000,6.864000
63,71,3,6.874000,6.874000
63,72,3,7.163000,7.163000
63,73,3,6.924000,6.924000
63,74,3,6.748000,6.748000
63,75,3,6.208000,6.208000
63,76,3,6.558000,6.558000
63,77,3,7.005000,7.005000
63,78,3,7.009000,7.009000
63,79,3,6.062000,6.062000
63,80,4,6.832000,6.832000
63,81,4,6.755000,6.755000
63,82,4,7.022000,7.022000
63,83,4,7.037000,7.037000
63,84,4,6.948000,6.948000
63,85,4,6.934000,6.934000
63,86,4,7.004000,7.004000
63,87,4,6.812000,6.812000
63,88,4,7.066000,7.066000
63,89,4,6.733000,6.733000
63,90,4,6.624000,6.624000
63,91,4,6.738000,6.738000
63,92,4,7.072000,7.072000
63,93,4,6.842000,6.842000
63,94,4,7.003000,7.003000
63,95,4,6.619000,6.619000
63,96,4,6.988000,6.988000
63,97,4,5.681000,5.681000
63,98,4,6.735000,6.735000
63,99,4,5.617000,5.617000
64,0,0,6.541000,6.541000
64,1,0,6.714000,6.714000
64,2,0,6.238000,6.238000
64,3,0,6.718000,6.718000
64,4,0,6.971000,6.971000
64,5,0,7.081000,7.081000
64,6,0,6.335000,6.335000
64,7,0,6.670000,6.670000
64,8,0,6.695000,6.695000
64,9,0,6.725000,6.725000
64,10,0,6.853000,6.853000
64,11,0,6.343000,6.343000
64,12,0,6.746000,6.746000
64,13,0,6.239000,6.239000
64,14,0,6.634000,6.634000
64,15,0,6.818000,6.818000
64,16,0,6.937000,6.937000
64,17,0,6.838000,6.838000
64,18,0,6.961000,6.961000
64,19,0,6.771000,6.771000
64,20,1,6.659000,6.659000
64,21,1,6.800000,6.800000
64,22,1,6.823000,6.823000
64,23,1,4.849000,4.849000
64,24,1,6.945000,6.945000
64,25,1,6.811000,6.811000
64,26,1,6.774000,6.774000
64,27,1,6.963000,6.963000
64,28,1,6.856000,6.856000
64,29,1,6.589000,6.589000
64,30,1,6.094000,6.094000
64,31,1,6.831000,6.831000
64,32,1,6.925000,6.925000
64,33,1,6.427000,6.427000
64,34,1,7.095000,7.095000
64,35,1,5.957000,5.957000
64,36,1,6.588000,6.588000
64,37,1,6.971000,6.971000
64,38,1,6.891000,6.891000
64,39,1,6.616000,6.616000
64,40,2,6.822000,6.822000
64,41,2,6.969000,6.969000
64,42,2,6.789000,6.789000
64,43,2,7.046000,7.046000
64,44,2,6.668000,6.668000
64,45,2,6.862000,6.862000
64,46,2,7.205000,7.205000
64,47,2,6.101000,6.101000
64,48,2,6.734000,6.734000
64,49,2,6.085000,6.085000
64,50,2,6.926000,6.926000
64,51,2,6.962000,6.962000
64,52,2,6.993000,6.993000
64,53,2,6.854000,6.854000
64,54,2,6.829000,6.829000
64,55,2,6.672000,6.672000
64,56,2,6.969000,6.969000
64,57,2,7.038000,7.038000
64,58,2,6.833000,6.833000
64,59,2,6.823000,6.823000
64,60,3,6.871000,6.871000
64,61,3,6.896000,6.896000
64,62,3,6.750000,6.750000
64,63,3,6.967000,6.967000
64,64,3,7.066000,7.066000
64,65,3,6.786000,6.786000
64,66,3,6.940000,6.940000
64,67,3,6.940000,6.940000
64,68,3,6.861000,6.861000
64,69,3,6.859000,6.859000
64,70,3,7.150000,7.150000
64,71,3,6.850000,6.850000
64,72,3,6.954000,6.954000
64,73,3,6.891000,6.891000
64,74,3,7.052000,7.052000
64,75,3,6.929000,6.929000
64,76,3,7.011000,7.011000
64,77,3,6.988000,6.988000
64,78,3,6.846000,6.846000
64,79,3,6.422000,6.422000
64,80,4,6.859000,6.859000
64,81,4,6.673000,6.673000
64,82,4,6.921000,6.921000
64,83,4,7.087000,7.087000
64,84,4,6.545000,6.545000
64,85,4,6.877000,6.877000
64,86,4,6.552000,6.552000
64,87,4,7.043000,7.043000
64,88,4,6.666000,6.666000
64,89,4,5.118000,5.118000
64,90,4,6.625000,6.625000
64,91,4,6.272000,6.272000
64,92,4,6.845000,6.845000
64,93,4,6.262000,6.262000
64,94,4,4.827000,4.827000
64,95,4,6.945000,6.945000
64,96,4,7.039000,7.039000
64,97,4,6.668000,6.668000
64,98,4,6.769000,6.769000
64,99,4,5.605000,5.605000
65,0,0,5.405000,5.405000
65,1,0,6.748000,6.748000
65,2,0,6.340000,6.340000
65,3,0,6.717000,6.717000
65,4,0,6.793000,6.793000
65,5,0,6.830000,6.830000
65,6,0,6.773000,6.773000
65,7,0,6.985000,6.985000
65,8,0,6.765000,6.765000
65,9,0,6.758000,6.758000
65,10,0,7.069000,7.069000
65,11,0,6.940000,6.940000
65,12,0,6.025000,6.025000
65,13,0,6.649000,6.649000
65,14,0,6.151000,6.151000
65,15,0,6.687000,6.687000
65,16,0,6.810000,6.810000
65,17,0,6.135000,6.135000
65,18,0,6.545000,6.545000
65,19,0,6.189000,6.189000
65,20,1,5.581000,5.581000
65,21,1,6.697000,6.697000
65,22,1,6.464000,6.464000
65,23,1,6.943000,6.943000
65,24,1,6.491000,6.491000
65,25,1,6.905000,6.905000
65,26,1,6.824000,6.824000
65,27,1,6.011000,6.011000
65,28,1,7.047000,7.047000
65,29,1,6.859000,6.859000
65,30,1,6.482000,6.482000
65,31,1,6.660000,6.660000
65,32,1,6.740000,6.740000
65,33,1,6.923000,6.923000
65,34,1,6.708000,6.708000
65,35,1,5.890000,5.890000
65,36,1,5.651000,5.651000
65,37,1,6.953000,6.953000
65,38,1,7.057000,7.057000
65,39,1,5.940000,5.940000
65,40,2,6.976000,6.976000
65,41,2,7.248000,7.248000
65,42,2,6.244000,6.244000
65,43,2,7.126000,7.126000
65,44,2,6.910000,6.910000
65,45,2,6.821000,6.821000
65,46,2,6.494000,6.494000
65,47,2,7.185000,7.185000
65,48,2,6.983000,6.983000
65,49,2,6.615000,6.615000
65,50,2,7.069000,7.069000
65,51,2,6.670000,6.670000
65,52,2,6.650000,6.650000
65,53,2,6.856000,6.856000
65,54,2,6.480000,6.480000
65,55,2,7.029000,7.029000
65,56,2,7.008000,7.008000
65,57,2,6.584000,6.584000
65,58,2,6.853000,6.853000
65,59,2,6.743000,6.743000
65,60,3,6.700000,6.700000
65,61,3,6.884000,6.884000
65,62,3,6.897000,6.897000
65,63,3,6.621000,6.621000
65,64,3,6.849000,6.849000
65,65,3,7.011000,7.011000
65,66,3,6.779000,6.779000
65,67,3,6.997000,6.997000
65,68,3,6.980000,6.980000
65,69,3,6.981000,6.981000
65,70,3,7.013000,7.013000
65,71,3,6.666000,6.666000
65,72,3,6.964000,6.964000
65,73,3,6.945000,6.945000
65,74,3,6.786000,6.786000
65,75,3,6.734000,6.734000
65,76,3,6.900000,6.900000
65,77,3,6.927000,6.927000
65,78,3,6.878000,6.878000
65,79,3,7.013000,7.013000
65,80,4,7.101000,7.101000
65,81,4,6.632000,6.632000
65,82,4,6.995000,6.995000
65,83,4,5.704000,5.704000
65,84,4,6.895000,6.895000
65,85,4,6.960000,6.960000
65,86,4,5.737000,5.737000
65,87,4,6.164000,6.164000
65,88,4,5.828000,5.828000
65,89,4,6.165000,6.165000
65,90,4,6.781000,6.781000
65,91,4,6.799000,6.799000
65,92,4,6.782000,6.782000
65,93,4,6.958000,6.958000
65,94,4,6.627000,6.627000
65,95,4,7.046000,7.046000
65,96,4,6.567000,6.567000
65,97,4,6.932000,6.932000
65,98,4,6.835000,6.835000
65,99,4,5.996000,5.996000
66,0,0,6.581000,6.581000
66,1,0,6.682000,6.682000
66,2,0,6.833000,6.833000
66,3,0,5.502000,5.502000
66,4,0,6.415000,6.415000
66,5,0,6.956000,6.956000
66,6,0,6.691000,6.691000
66,7,0,6.717000,6.717000
66,8,0,6.562000,6.562000
66,9,0,6.686000,6.686000
66,10,0,6.702000,6.702000
66,11,0,6.746000,6.746000
66,12,0,6.920000,6.920000
66,13,0,6.837000,6.837000
66,14,0,6.811000,6.811000
66,15,0,6.331000,6.331000
66,16,0,6.823000,6.823000
66,17,0,6.434000,6.434000
66,18,0,6.889000,6.889000
66,19,0,6.409000,6.409000
66,20,1,6.634000,6.634000
66,21,1,7.055000,7.055000
66,22,1,6.647000,6.647000
66,23,1,6.344000,6.344000
66,24,1,6.242000,6.242000
66,25,1,5.682000,5.682000
66,26,1,6.681000,6.681000
66,27,1,6.578000,6.578000
66,28,1,6.909000,6.909000
66,29,1,6.911000,6.911000
66,30,1,6.618000,6.618000
66,31,1,6.973000,6.973000
66,32,1,6.948000,6.948000
66,33,1,6.938000,6.938000
66,34,1,7.018000,7.018000
66,35,1,6.959000,6.959000
66,36,1,6.530000,6.530000
66,37,1,7.026000,7.026000
66,38,1,6.154000,6.154000
66,39,1,6.717000,6.717000
66,40,2,6.908000,6.908000
66,41,2,6.645000,6.645000
66,42,2,7.018000,7.018000
66,43,2,6.883000,6.883000
66,44,2,7.159000,7.159000
66,45,2,7.070000,7.070000
66,46,2,7.014000,7.014000
66,47,2,6.369000,6.369000
66,48,2,6.993000,6.993000
66,49,2,6.654000,6.654000
66,50,2,6.584000,6.584000
66,51,2,6.829000,6.829000
66,52,2,6.663000,6.663000
66,53,2,6.993000,6.993000
66,54,2,7.101000,7.101000
66,55,2,6.927000,6.927000
66,56,2,7.138000,7.138000
66,57,2,6.936000,6.936000
66,58,2,6.773000,6.773000
66,59,2,6.879000,6.879000
66,60,3,6.988000,6.988000
66,61,3,6.884000,6.884000
66,62,3,6.953000,6.953000
66,63,3,6.864000,6.864000
66,64,3,6.687000,6.687000
66,65,3,6.968000,6.968000
66,66,3,6.830000,6.830000
66,67,3,6.854000,6.854000
66,68,3,6.945000,6.945000
66,69,3,7.095000,7.095000
66,70,3,6.822000,6.822000
66,71,3,6.927000,6.927000
66,72,3,5.716000,5.716000
66,73,3,6.969000,6.969000
66,74,3,6.752000,6.752000
66,75,3,4.770000,4.770000
66,76,3,6.664000,6.664000
66,77,3,6.761000,6.761000
66,78,3,6.664000,6.664000
66,79,3,6.642000,6.642000
66,80,4,6.786000,6.786000
66,81,4,7.030000,7.030000
66,82,4,6.887000,6.887000
66,83,4,6.916000,6.916000
66,84,4,6.990000,6.990000
66,85,4,6.851000,6.851000
66,86,4,6.882000,6.882000
66,87,4,6.061000,6.061000
66,88,4,6.018000,6.018000
66,89,4,7.009000,7.009000
66,90,4,4.873000,4.873000
66,91,4,5.257000,5.257000
66,92,4,5.838000,5.838000
66,93,4,6.735000,6.735000
66,94,4,6.727000,6.727000
66,95,4,6.847000,6.847000
66,96,4,6.898000,6.898000
66,97,4,5.428000,5.428000
66,98,4,5.793000,5.793000
66,99,4,6.650000,6.650000
67,0,0,6.773000,6.773000
67,1,0,5.906000,5.906000
67,2,0,6.906000,6.906000
67,3,0,6.565000,6.565000
67,4,0,7.012000,7.012000
67,5,0,7.017000,7.017000
67,6,0,6.743000,6.743000
67,7,0,6.665000,6.665000
67,8,0,6.738000,6.738000
67,9,0,6.613000,6.613000
67,10,0,6.997000,6.997000
67,11,0,6.845000,6.845000
67,12,0,6.878000,6.878000
67,13,0,6.755000,6.755000
67,14,0,6.886000,6.886000
67,15,0,6.819000,6.819000
67,16,0,6.698000,6.698000
67,17,0,7.043000,7.043000
67,18,0,6.858000,6.858000
67,19,0,6.845000,6.845000
67,20,1,7.157000,7.157000
67,21,1,6.584000,6.584000
67,22,1,5.975000,5.975000
67,23,1,6.206000,6.206000
67,24,1,6.643000,6.643000
67,25,1,7.138000,7.138000
67,26,1,6.790000,6.790000
67,27,1,6.605000,6.605000
67,28,1,5.884000,5.884000
67,29,1,7.123000,7.123000
67,30,1,6.475000,6.475000
67,31,1,6.606000,6.606000
67,32,1,5.309000,5.309000
67,33,1,7.189000,7.189000
67,34,1,7.017000,7.017000
67,35,1,6.195000,6.195000
67,36,1,6.834000,6.834000
67,37,1,7.075000,7.075000
67,38,1,7.081000,7.081000
67,39,1,6.716000,6.716000
67,40,2,6.911000,6.911000
67,41,2,6.852000,6.852000
67,42,2,7.059000,7.059000
67,43,2,7.000000,7.000000
67,44,2,6.914000,6.914000
67,45,2,6.859000,6.859000
67,46,2,7.004000,7.004000
67,47,2,7.037000,7.037000
67,48,2,6.972000,6.972000
67,49,2,7.033000,7.033000
67,50,2,7.110000,7.110000
67,51,2,6.981000,6.981000
67,52,2,7.178000,7.178000
67,53,2,7.123000,7.123000
67,54,2,6.935000,6.935000
67,55,2,6.896000,6.896000
67,56,2,6.875000,6.875000
67,57,2,6.823000,6.823000
67,58,2,7.143000,7.143000
67,59,2,6.925000,6.925000
67,60,3,7.025000,7.025000
67,61,3,6.842000,6.842000
67,62,3,6.955000,6.955000
67,63,3,6.820000,6.820000
67,64,3,6.819000,6.819000
67,65,3,6.839000,6.839000
67,66,3,6.690000,6.690000
67,67,3,6.955000,6.955000
67,68,3,6.753000,6.753000
67,69,3,6.903000,6.903000
67,70,3,6.940000,6.940000
67,71,3,6.992000,6.992000
67,72,3,7.030000,7.030000
67,73,3,7.092000,7.092000
67,74,3,6.923000,6.923000
67,75,3,7.034000,7.034000
67,76,3,7.099000,7.099000
67,77,3,6.909000,6.909000
67,78,3,6.745000,6.745000
67,79,3,7.294000,7.294000
67,80,4,6.821000,6.821000
67,81,4,6.543000,6.543000
67,82,4,7.160000,7.160000
67,83,4,6.924000,6.924000
67,84,4,4.845000,4.845000
67,85,4,6.363000,6.363000
67,86,4,6.953000,6.953000
67,87,4,6.964000,6.964000
67,88,4,6.592000,6.592000
67,89,4,6.866000,6.866000
67,90,4,5.343000,5.343000
67,91,4,6.266000,6.266000
67,92,4,7.007000,7.007000
67,93,4,6.411000,6.411000
67,94,4,6.699000,6.699000
67,95,4,6.515000,6.515000
67,96,4,6.966000,6.966000
67,97,4,7.060000,7.060000
67,98,4,6.530000,6.530000
67,99,4,6.323000,6.323000
68,0,0,6.644000,6.644000
68,1,0,6.885000,6.885000
68,2,0,6.651000,6.651000
68,3,0,6.888000,6.888000
68,4,0,6.364000,6.364000
68,5,0,6.756000,6.756000
68,6,0,6.755000,6.755000
68,7,0,6.833000,6.833000
68,8,0,6.674000,6.674000
68,9,0,7.094000,7.094000
68,10,0,6.730000,6.730000
68,11,0,6.759000,6.759000
68,12,0,6.709000,6.709000
68,13,0,6.823000,6.823000
68,14,0,5.962000,5.962000
68,15,0,6.145000,6.145000
68,16,0,5.848000,5.848000
68,17,0,6.843000,6.843000
68,18,0,6.885000,6.885000
68,19,0,6.974000,6.974000
68,20,1,6.437000,6.437000
68,21,1,5.341000,5.341000
68,22,1,6.177000,6.177000
68,23,1,7.092000,7.092000
68,24,1,6.834000,6.834000
68,25,1,6.559000,6.559000
68,26,1,6.744000,6.744000
68,27,1,7.037000,7.037000
68,28,1,7.024000,7.024000
68,29,1,6.869000,6.869000
68,30,1,6.308000,6.308000
68,31,1,6.972000,6.972000
68,32,1,6.820000,6.820000
68,33,1,6.883000,6.883000
68,34,1,6.993000,6.993000
68,35,1,6.705000,6.705000
68,36,1,6.236000,6.236000
68,37,1,7.182000,7.182000
68,38,1,6.991000,6.991000
68,39,1,6.591000,6.591000
68,40,2,6.750000,6.750000
68,41,2,7.027000,7.027000
68,42,2,6.902000,6.902000
68,43,2,7.117000,7.117000
68,44,2,7.073000,7.073000
68,45,2,7.089000,7.089000
68,46,2,7.150000,7.150000
68,47,2,7.274000,7.274000
68,48,2,6.995000,6.995000
68,49,2,7.029000,7.029000
68,50,2,7.136000,7.136000
68,51,2,7.098000,7.098000
68,52,2,7.125000,7.125000
68,53,2,7.186000,7.186000
68,54,2,7.102000,7.102000
68,55,2,6.878000,6.878000
68,56,2,7.039000,7.039000
68,57,2,6.977000,6.977000
68,58,2,7.128000,7.128000
68,59,2,7.049000,7.049000
68,60,3,6.943000,6.943000
68,61,3,6.707000,6.707000
68,62,3,6.480000,6.480000
68,63,3,7.012000,7.012000
68,64,3,6.829000,6.829000
68,65,3,6.808000,6.808000
68,66,3,7.117000,7.117000
68,67,3,6.893000,6.893000
68,68,3,6.991000,6.991000
68,69,3,6.878000,6.878000
68,70,3,6.959000,6.959000
68,71,3,6.903000,6.903000
68,72,3,6.925000,6.925000
68,73,3,6.770000,6.770000
68,74,3,6.576000,6.576000
68,75,3,6.683000,6.683000
68,76,3,7.040000,7.040000
68,77,3,6.973000,6.973000
68,78,3,7.059000,7.059000
68,79,3,6.896000,6.896000
68,80,4,6.785000,6.785000
68,81,4,7.041000,7.041000
68,82,4,6.907000,6.907000
68,83,4,6.797000,6.797000
68,84,4,6.397000,6.397000
68,85,4,6.562000,6.562000
68,86,4,6.923000,6.923000
68,87,4,6.879000,6.879000
68,88,4,6.937000,6.937000
68,89,4,6.931000,6.931000
68,90,4,4.939000,4.939000
68,91,4,6.527000,6.527000
68,92,4,6.871000,6.871000
68,93,4,6.380000,6.380000
68,94,4,5.658000,5.658000
68,95,4,6.416000,6.416000
68,96,4,5.182000,5.182000
68,97,4,6.690000,6.690000
68,98,4,6.984000,6.984000
68,99,4,6.444000,6.444000
69,0,0,6.781000,6.781000
69,1,0,6.474000,6.474000
69,2,0,6.541000,6.541000
69,3,0,6.893000,6.893000
69,4,0,4.502000,4.502000
69,5,0,5.827000,5.827000
69,6,0,6.357000,6.357000
69,7,0,5.041000,5.041000
69,8,0,6.717000,6.717000
69,9,0,6.902000,6.902000
69,10,0,6.476000,6.476000
69,11,0,6.296000,6.296000
69,12,0,6.730000,6.730000
69,13,0,6.672000,6.672000
69,14,0,6.818000,6.818000
69,15,0,6.763000,6.763000
69,16,0,6.891000,6.891000
69,17,0,6.803000,6.803000
69,18,0,6.794000,6.794000
69,19,0,6.257000,6.257000
69,20,1,6.488000,6.488000
69,21,1,7.101000,7.101000
69,22,1,6.998000,6.998000
69,23,1,6.653000,6.653000
69,24,1,6.075000,6.075000
69,25,1,5.840000,5.840000
69,26,1,7.055000,7.055000
69,27,1,7.105000,7.105000
69,28,1,7.044000,7.044000
69,29,1,6.650000,6.650000
69,30,1,6.856000,6.856000
69,31,1,6.880000,6.880000
69,32,1,7.047000,7.047000
69,33,1,7.076000,7.076000
69,34,1,6.879000,6.879000
69,35,1,6.722000,6.722000
69,36,1,6.925000,6.925000
69,37,1,7.039000,7.039000
69,38,1,7.234000,7.234000
69,39,1,6.862000,6.862000
69,40,2,6.938000,6.938000
69,41,2,6.882000,6.882000
69,42,2,7.051000,7.051000
69,43,2,7.016000,7.016000
69,44,2,6.853000,6.853000
69,45,2,7.103000,7.103000
69,46,2,7.045000,7.045000
69,47,2,7.053000,7.053000
69,48,2,7.106000,7.106000
69,49,2,7.119000,7.119000
69,50,2,7.159000,7.159000
69,51,2,7.057000,7.057000
69,52,2,7.013000,7.013000
69,53,2,6.808000,6.808000
69,54,2,6.715000,6.715000
69,55,2,6.764000,6.764000
69,56,2,7.111000,7.111000
69,57,2,6.867000,6.867000
69,58,2,6.817000,6.817000
69,59,2,7.050000,7.050000
69,60,3,7.011000,7.011000
69,61,3,6.872000,6.872000
69,62,3,6.939000,6.939000
69,63,3,7.110000,7.110000
69,64,3,6.951000,6.951000
69,65,3,6.994000,6.994000
69,66,3,6.983000,6.983000
69,67,3,6.494000,6.494000
69,68,3,7.050000,7.050000
69,69,3,6.860000,6.860000
69,70,3,6.948000,6.948000
69,71,3,6.974000,6.974000
69,72,3,6.799000,6.799000
69,73,3,6.926000,6.926000
69,74,3,6.854000,6.854000
69,75,3,6.999000,6.999000
69,76,3,6.597000,6.597000
69,77,3,6.868000,6.868000
69,78,3,6.904000,6.904000
69,79,3,6.900000,6.900000
69,80,4,7.027000,7.027000
69,81,4,5.519000,5.519000
69,82,4,7.005000,7.005000
69,83,4,6.941000,6.941000
69,84,4,6.751000,6.751000
69,85,4,6.976000,6.976000
69,86,4,6.890000,6.890000
69,87,4,6.916000,6.916000
69,88,4,7.116000,7.116000
69,89,4,6.895000,6.895000
69,90,4,7.076000,7.076000
69,91,4,7.013000,7.013000
69,92,4,7.304000,7.304000
69,93,4,6.871000,6.871000
69,94,4,6.479000,6.479000
69,95,4,6.896000,6.896000
69,96,4,7.191000,7.191000
69,97,4,6.856000,6.856000
69,98,4,6.485000,6.485000
69,99,4,6.957000,6.957000
70,0,0,6.593000,6.593000
70,1,0,6.609000,6.609000
70,2,0,6.502000,6.502000
70,3,0,6.853000,6.853000
70,4,0,6.681000,6.681000
70,5,0,6.726000,6.726000
70,6,0,6.643000,6.643000
70,7,0,6.817000,6.817000
70,8,0,6.330000,6.330000
70,9,0,6.847000,6.847000
70,10,0,5.397000,5.397000
70,11,0,6.624000,6.624000
70,12,0,6.801000,6.801000
70,13,0,6.830000,6.830000
70,14,0,6.848000,6.848000
70,15,0,6.501000,6.501000
70,16,0,6.935000,6.935000
70,17,0,6.662000,6.662000
70,18,0,7.051000,7.051000
70,19,0,4.138000,4.138000
70,20,1,6.993000,6.993000
70,21,1,7.094000,7.094000
70,22,1,6.918000,6.918000
70,23,1,6.931000,6.931000
70,24,1,6.972000,6.972000
70,25,1,6.819000,6.819000
70,26,1,6.490000,6.490000
70,27,1,5.969000,5.969000
70,28,1,6.931000,6.931000
70,29,1,6.840000,6.840000
70,30,1,6.425000,6.425000
70,31,1,6.988000,6.988000
70,32,1,6.937000,6.937000
70,33,1,6.882000,6.882000
70,34,1,6.778000,6.778000
70,35,1,6.935000,6.935000
70,36,1,7.093000,7.093000
70,37,1,7.194000,7.194000
70,38,1,6.890000,6.890000
70,39,1,7.269000,7.269000
70,40,2,6.852000,6.852000
70,41,2,7.082000,7.082000
70,42,2,7.096000,7.096000
70,43,2,7.063000,7.063000
70,44,2,6.872000,6.872000
70,45,2,7.246000,7.246000
70,46,2,7.189000,7.189000
70,47,2,7.113000,7.113000
70,48,2,6.919000,6.919000
70,49,2,7.035000,7.035000
70,50,2,7.106000,7.106000
70,51,2,7.198000,7.198000
70,52,2,7.171000,7.171000
70,53,2,7.094000,7.094000
70,54,2,6.848000,6.848000
70,55,2,6.709000,6.709000
70,56,2,7.058000,7.058000
70,57,2,7.026000,7.026000
70,58,2,7.272000,7.272000
70,59,2,7.090000,7.090000
70,60,3,6.951000,6.951000
70,61,3,6.814000,6.814000
70,62,3,6.691000,6.691000
70,63,3,6.985000,6.985000
70,64,3,7.064000,7.064000
70,65,3,6.962000,6.962000
70,66,3,7.009000,7.009000
70,67,3,6.615000,6.615000
70,68,3,7.310000,7.310000
70,69,3,6.869000,6.869000
70,70,3,6.861000,6.861000
70,71,3,7.065000,7.065000
70,72,3,7.103000,7.103000
70,73,3,6.882000,6.882000
70,74,3,7.136000,7.136000
70,75,3,6.789000,6.789000
70,76,3,7.202000,7.202000
70,77,3,7.117000,7.117000
70,78,3,6.953000,6.953000
70,79,3,7.291000,7.291000
70,80,4,6.952000,6.952000
70,81,4,6.485000,6.485000
70,82,4,7.088000,7.088000
70,83,4,7.129000,7.129000
70,84,4,6.922000,6.922000
70,85,4,6.611000,6.611000
70,86,4,6.967000,6.967000
70,87,4,6.803000,6.803000
70,88,4,6.276000,6.276000
70,89,4,6.877000,6.877000
70,90,4,5.875000,5.875000
70,91,4,6.405000,6.405000
70,92,4,6.955000,6.955000
70,93,4,5.776000,5.776000
70,94,4,6.587000,6.587000
70,95,4,4.982000,4.982000
70,96,4,6.592000,6.592000
70,97,4,6.768000,6.768000
70,98,4,7.123000,7.123000
70,99,4,6.670000,6.670000
71,0,0,6.902000,6.902000
71,1,0,6.823000,6.823000
71,2,0,6.581000,6.581000
71,3,0,6.158000,6.158000
71,4,0,6.903000,6.903000
71,5,0,6.496000,6.496000
71,6,0,6.848000,6.848000
71,7,0,6.650000,6.650000
71,8,0,6.590000,6.590000
71,9,0,6.844000,6.844000
71,10,0,6.998000,6.998000
71,11,0,6.813000,6.813000
71,12,0,6.786000,6.786000
71,13,0,7.063000,7.063000
71,14,0,6.843000,6.843000
71,15,0,6.707000,6.707000
71,16,0,6.763000,6.763000
71,17,0,6.648000,6.648000
71,18,0,6.668000,6.668000
71,19,0,6.126000,6.126000
71,20,1,7.119000,7.119000
71,21,1,6.747000,6.747000
71,22,1,6.845000,6.845000
71,23,1,7.176000,7.176000
71,24,1,6.949000,6.949000
71,25,1,7.029000,7.029000
71,26,1,7.044000,7.044000
71,27,1,7.048000,7.048000
71,28,1,7.030000,7.030000
71,29,1,6.865000,6.865000
71,30,1,6.989000,6.989000
71,31,1,6.901000,6.901000
71,32,1,7.073000,7.073000
71,33,1,7.098000,7.098000
71,34,1,6.796000,6.796000
71,35,1,7.141000,7.141000
71,36,1,7.313000,7.313000
71,37,1,5.452000,5.452000
71,38,1,6.934000,6.934000
71,39,1,7.048000,7.048000
71,40,2,7.052000,7.052000
71,41,2,6.934000,6.934000
71,42,2,6.867000,6.867000
71,43,2,6.915000,6.915000
71,44,2,7.122000,7.122000
71,45,2,7.106000,7.106000
71,46,2,6.969000,6.969000
71,47,2,7.273000,7.273000
71,48,2,7.117000,7.117000
71,49,2,7.037000,7.037000
71,50,2,7.201000,7.201000
71,51,2,6.963000,6.963000
71,52,2,7.265000,7.265000
71,53,2,6.963000,6.963000
71,54,2,7.184000,7.184000
71,55,2,6.876000,6.876000
71,56,2,6.843000,6.843000
71,57,2,6.929000,6.929000
71,58,2,7.003000,7.003000
71,59,2,7.202000,7.202000
71,60,3,7.115000,7.115000
71,61,3,7.075000,7.075000
71,62,3,7.179000,7.179000
71,63,3,7.017000,7.017000
71,64,3,6.238000,6.238000
71,65,3,7.007000,7.007000
71,66,3,7.019000,7.019000
71,67,3,6.758000,6.758000
71,68,3,6.899000,6.899000
71,69,3,7.102000,7.102000
71,70,3,6.732000,6.732000
71,71,3,7.102000,7.102000
71,72,3,6.947000,6.947000
71,73,3,7.047000,7.047000
71,74,3,6.875000,6.875000
71,75,3,6.790000,6.790000
71,76,3,6.697000,6.697000
71,77,3,6.919000,6.919000
71,78,3,7.157000,7.157000
71,79,3,6.942000,6.942000
71,80,4,6.984000,6.984000
71,81,4,6.273000,6.273000
71,82,4,6.963000,6.963000
71,83,4,6.982000,6.982000
71,84,4,6.983000,6.983000
71,85,4,6.967000,6.967000
71,86,4,6.921000,6.921000
71,87,4,6.772000,6.772000
71,88,4,7.026000,7.026000
71,89,4,6.118000,6.118000
71,90,4,7.063000,7.063000
71,91,4,6.826000,6.826000
71,92,4,7.056000,7.056000
71,93,4,7.191000,7.191000
71,94,4,6.996000,6.996000
71,95,4,6.765000,6.765000
71,96,4,5.585000,5.585000
71,97,4,5.297000,5.297000
71,98,4,7.019000,7.019000
71,99,4,6.717000,6.717000
72,0,0,6.714000,6.714000
72,1,0,6.548000,6.548000
72,2,0,6.638000,6.638000
72,3,0,6.559000,6.559000
72,4,0,6.904000,6.904000
72,5,0,6.365000,6.365000
72,6,0,7.026000,7.026000
72,7,0,6.748000,6.748000
72,8,0,6.700000,6.700000
72,9,0,6.569000,6.569000
72,10,0,6.598000,6.598000
72,11,0,6.774000,6.774000
72,12,0,6.895000,6.895000
72,13,0,6.639000,6.639000
72,14,0,6.010000,6.010000
72,15,0,6.802000,6.802000
72,16,0,6.988000,6.988000
72,17,0,6.861000,6.861000
72,18,0,6.900000,6.900000
72,19,0,6.810000,6.810000
72,20,1,7.149000,7.149000
72,21,1,6.905000,6.905000
72,22,1,6.590000,6.590000
72,23,1,7.028000,7.028000
72,24,1,6.258000,6.258000
72,25,1,6.766000,6.766000
72,26,1,7.180000,7.180000
72,27,1,6.380000,6.380000
72,28,1,6.636000,6.636000
72,29,1,6.880000,6.880000
72,30,1,7.096000,7.096000
72,31,1,7.075000,7.075000
72,32,1,6.770000,6.770000
72,33,1,6.968000,6.968000
72,34,1,7.128000,7.128000
72,35,1,7.087000,7.087000
72,36,1,7.059000,7.059000
72,37,1,6.104000,6.104000
72,38,1,6.942000,6.942000
72,39,1,7.161000,7.161000
72,40,2,7.199000,7.199000
72,41,2,7.003000,7.003000
72,42,2,6.954000,6.954000
72,43,2,7.092000,7.092000
72,44,2,7.086000,7.086000
72,45,2,7.012000,7.012000
72,46,2,6.923000,6.923000
72,47,2,6.910000,6.910000
72,48,2,7.032000,7.032000
72,49,2,6.893000,6.893000
72,50,2,6.709000,6.709000
72,51,2,6.962000,6.962000
72,52,2,6.926000,6.926000
72,53,2,6.787000,6.787000
72,54,2,6.887000,6.887000
72,55,2,7.141000,7.141000
72,56,2,7.028000,7.028000
72,57,2,7.049000,7.049000
72,58,2,7.105000,7.105000
72,59,2,7.109000,7.109000
72,60,3,6.984000,6.984000
72,61,3,6.934000,6.934000
72,62,3,6.996000,6.996000
72,63,3,6.865000,6.865000
72,64,3,7.096000,7.096000
72,65,3,6.842000,6.842000
72,66,3,6.731000,6.731000
72,67,3,6.963000,6.963000
72,68,3,7.205000,7.205000
72,69,3,6.991000,6.991000
72,70,3,6.659000,6.659000
72,71,3,7.112000,7.112000
72,72,3,7.102000,7.102000
72,73,3,6.893000,6.893000
72,74,3,7.135000,7.135000
72,75,3,7.093000,7.093000
72,76,3,6.813000,6.813000
72,77,3,6.825000,6.825000
72,78,3,6.815000,6.815000
72,79,3,7.261000,7.261000
72,80,4,7.191000,7.191000
72,81,4,6.871000,6.871000
72,82,4,7.207000,7.207000
72,83,4,6.660000,6.660000
72,84,4,7.101000,7.101000
72,85,4,7.045000,7.045000
72,86,4,7.033000,7.033000
72,87,4,7.109000,7.109000
72,88,4,7.008000,7.008000
72,89,4,7.007000,7.007000
72,90,4,6.877000,6.877000
72,91,4,7.134000,7.134000
72,92,4,7.078000,7.078000
72,93,4,7.101000,7.101000
72,94,4,7.168000,7.168000
72,95,4,6.975000,6.975000
72,96,4,7.124000,7.124000
72,97,4,7.151000,7.151000
72,98,4,7.111000,7.111000
72,99,4,6.904000,6.904000
73,0,0,6.948000,6.948000
73,1,0,5.451000,5.451000
73,2,0,7.055000,7.055000
73,3,0,6.750000,6.750000
73,4,0,6.888000,6.888000
73,5,0,6.876000,6.876000
73,6,0,6.609000,6.609000
73,7,0,6.760000,6.760000
73,8,0,7.039000,7.039000
73,9,0,6.911000,6.911000
73,10,0,6.495000,6.495000
73,11,0,7.098000,7.098000
73,12,0,7.046000,7.046000
73,13,0,6.794000,6.794000
73,14,0,6.646000,6.646000
73,15,0,6.777000,6.777000
73,16,0,7.077000,7.077000
73,17,0,6.745000,6.745000
73,18,0,6.699000,6.699000
73,19,0,6.475000,6.475000
73,20,1,7.019000,7.019000
73,21,1,6.512000,6.512000
73,22,1,6.828000,6.828000
73,23,1,6.937000,6.937000
73,24,1,6.755000,6.755000
73,25,1,7.049000,7.049000
73,26,1,7.066000,7.066000
73,27,1,6.531000,6.531000
73,28,1,6.913000,6.913000
73,29,1,6.434000,6.434000
73,30,1,7.154000,7.154000
73,31,1,7.056000,7.056000
73,32,1,6.660000,6.660000
73,33,1,7.048000,7.048000
73,34,1,6.946000,6.946000
73,35,1,7.000000,7.000000
73,36,1,6.941000,6.941000
73,37,1,7.127000,7.127000
73,38,1,7.096000,7.096000
73,39,1,6.850000,6.850000
73,40,2,7.037000,7.037000
73,41,2,7.062000,7.062000
73,42,2,6.987000,6.987000
73,43,2,7.058000,7.058000
73,44,2,7.024000,7.024000
73,45,2,7.279000,7.279000
73,46,2,6.912000,6.912000
73,47,2,7.126000,7.126000
73,48,2,6.808000,6.808000
73,49,2,7.025000,7.025000
73,50,2,7.091000,7.091000
73,51,2,7.001000,7.001000
73,52,2,6.850000,6.850000
73,53,2,7.241000,7.241000
73,54,2,6.990000,6.990000
73,55,2,6.919000,6.919000
73,56,2,6.967000,6.967000
73,57,2,6.862000,6.862000
73,58,2,6.923000,6.923000
73,59,2,6.630000,6.630000
73,60,3,6.878000,6.878000
73,61,3,6.992000,6.992000
73,62,3,7.113000,7.113000
73,63,3,6.989000,6.989000
73,64,3,7.183000,7.183000
73,65,3,6.863000,6.863000
73,66,3,7.013000,7.013000
73,67,3,6.584000,6.584000
73,68,3,6.876000,6.876000
73,69,3,6.961000,6.961000
73,70,3,6.793000,6.793000
73,71,3,7.038000,7.038000
73,72,3,6.947000,6.947000
73,73,3,7.204000,7.204000
73,74,3,7.138000,7.138000
73,75,3,7.162000,7.162000
73,76,3,6.362000,6.362000
73,77,3,7.017000,7.017000
73,78,3,7.155000,7.155000
73,79,3,6.916000,6.916000
73,80,4,6.973000,6.973000
73,81,4,5.539000,5.539000
73,82,4,6.959000,6.959000
73,83,4,7.177000,7.177000
73,84,4,6.945000,6.945000
73,85,4,6.591000,6.591000
73,86,4,7.028000,7.028000
73,87,4,5.289000,5.289000
73,88,4,7.160000,7.160000
73,89,4,6.653000,6.653000
73,90,4,6.791000,6.791000
73,91,4,6.622000,6.622000
73,92,4,6.963000,6.963000
73,93,4,6.662000,6.662000
73,94,4,7.079000,7.079000
73,95,4,5.512000,5.512000
73,96,4,7.173000,7.173000
73,97,4,6.535000,6.535000
73,98,4,6.894000,6.894000
73,99,4,7.107000,7.107000
74,0,0,6.785000,6.785000
74,1,0,6.590000,6.590000
74,2,0,6.730000,6.730000
74,3,0,6.646000,6.646000
74,4,0,6.936000,6.936000
74,5,0,6.780000,6.780000
74,6,0,6.347000,6.347000
74,7,0,6.585000,6.585000
74,8,0,6.776000,6.776000
74,9,0,6.245000,6.245000
74,10,0,6.915000,6.915000
74,11,0,7.084000,7.084000
74,12,0,6.868000,6.868000
74,13,0,6.579000,6.579000
74,14,0,6.758000,6.758000
74,15,0,6.820000,6.820000
74,16,0,6.797000,6.797000
74,17,0,7.204000,7.204000
74,18,0,6.938000,6.938000
74,19,0,6.792000,6.792000
74,20,1,6.730000,6.730000
74,21,1,6.917000,6.917000
74,22,1,6.738000,6.738000
74,23,1,6.902000,6.902000
74,24,1,6.917000,6.917000
74,25,1,6.813000,6.813000
74,26,1,6.896000,6.896000
74,27,1,6.908000,6.908000
74,28,1,6.356000,6.356000
74,29,1,6.932000,6.932000
74,30,1,6.978000,6.978000
74,31,1,6.853000,6.853000
74,32,1,6.955000,6.955000
74,33,1,6.964000,6.964000
74,34,1,6.584000,6.584000
74,35,1,7.028000,7.028000
74,36,1,6.522000,6.522000
74,37,1,7.030000,7.030000
74,38,1,6.947000,6.947000
74,39,1,7.139000,7.139000
74,40,2,7.191000,7.191000
74,41,2,7.010000,7.010000
74,42,2,7.071000,7.071000
74,43,2,7.036000,7.036000
74,44,2,6.941000,6.941000
74,45,2,7.048000,7.048000
74,46,2,7.015000,7.015000
74,47,2,6.969000,6.969000
74,48,2,6.871000,6.871000
74,49,2,6.814000,6.814000
74,50,2,7.157000,7.157000
74,51,2,7.219000,7.219000
74,52,2,7.022000,7.022000
74,53,2,6.328000,6.328000
74,54,2,7.063000,7.063000
74,55,2,7.099000,7.099000
74,56,2,6.650000,6.650000
74,57,2,7.121000,7.121000
74,58,2,7.036000,7.036000
74,59,2,7.127000,7.127000
74,60,3,6.982000,6.982000
74,61,3,6.653000,6.653000
74,62,3,6.920000,6.920000
74,63,3,6.977000,6.977000
74,64,3,7.045000,7.045000
74,65,3,6.989000,6.989000
74,66,3,6.979000,6.979000
74,67,3,7.050000,7.050000
74,68,3,7.091000,7.091000
74,69,3,7.015000,7.015000
74,70,3,7.097000,7.097000
74,71,3,6.897000,6.897000
74,72,3,7.165000,7.165000
74,73,3,6.935000,6.935000
74,74,3,7.091000,7.091000
74,75,3,7.012000,7.012000
74,76,3,6.774000,6.774000
74,77,3,7.058000,7.058000
74,78,3,6.891000,6.891000
74,79,3,6.784000,6.784000
74,80,4,6.098000,6.098000
74,81,4,7.130000,7.130000
74,82,4,7.137000,7.137000
74,83,4,7.126000,7.126000
74,84,4,6.860000,6.860000
74,85,4,7.056000,7.056000
74,86,4,6.432000,6.432000
74,87,4,6.462000,6.462000
74,88,4,6.821000,6.821000
74,89,4,7.152000,7.152000
74,90,4,7.123000,7.123000
74,91,4,6.945000,6.945000
74,92,4,7.041000,7.041000
74,93,4,6.915000,6.915000
74,94,4,6.995000,6.995000
74,95,4,6.676000,6.676000
74,96,4,7.136000,7.136000
74,97,4,7.046000,7.046000
74,98,4,7.073000,7.073000
74,99,4,6.967000,6.967000
75,0,0,6.645000,6.645000
75,1,0,6.516000,6.516000
75,2,0,6.237000,6.237000
75,3,0,6.741000,6.741000
75,4,0,6.693000,6.693000
75,5,0,6.862000,6.862000
75,6,0,6.887000,6.887000
75,7,0,6.678000,6.678000
75,8,0,5.777000,5.777000
75,9,0,6.654000,6.654000
75,10,0,6.829000,6.829000
75,11,0,6.200000,6.200000
75,12,0,6.555000,6.555000
75,13,0,6.930000,6.930000
75,14,0,6.547000,6.547000
75,15,0,6.946000,6.946000
75,16,0,6.588000,6.588000
75,17,0,6.980000,6.980000
75,18,0,6.859000,6.859000
75,19,0,6.961000,6.961000
75,20,1,7.067000,7.067000
75,21,1,7.137000,7.137000
75,22,1,6.738000,6.738000
75,23,1,7.098000,7.098000
75,24,1,6.798000,6.798000
75,25,1,7.154000,7.154000
75,26,1,6.981000,6.981000
75,27,1,5.562000,5.562000
75,28,1,7.188000,7.188000
75,29,1,6.916000,6.916000
75,30,1,7.073000,7.073000
75,31,1,7.159000,7.159000
75,32,1,7.015000,7.015000
75,33,1,7.014000,7.014000
75,34,1,6.642000,6.642000
75,35,1,7.075000,7.075000
75,36,1,6.999000,6.999000
75,37,1,6.917000,6.917000
75,38,1,7.116000,7.116000
75,39,1,6.920000,6.920000
75,40,2,7.198000,7.198000
75,41,2,6.976000,6.976000
75,42,2,7.172000,7.172000
75,43,2,7.056000,7.056000
75,44,2,7.103000,7.103000
75,45,2,7.055000,7.055000
75,46,2,7.086000,7.086000
75,47,2,7.150000,7.150000
75,48,2,7.195000,7.195000
75,49,2,7.148000,7.148000
75,50,2,7.141000,7.141000
75,51,2,7.069000,7.069000
75,52,2,7.149000,7.149000
75,53,2,7.110000,7.110000
75,54,2,7.064000,7.064000
75,55,2,7.103000,7.103000
75,56,2,6.841000,6.841000
75,57,2,6.999000,6.999000
75,58,2,7.164000,7.164000
75,59,2,6.436000,6.436000
75,60,3,6.987000,6.987000
75,61,3,6.932000,6.932000
75,62,3,7.103000,7.103000
75,63,3,6.948000,6.948000
75,64,3,6.923000,6.923000
75,65,3,7.001000,7.001000
75,66,3,6.918000,6.918000
75,67,3,7.044000,7.044000
75,68,3,7.020000,7.020000
75,69,3,7.109000,7.109000
75,70,3,7.064000,7.064000
75,71,3,7.070000,7.070000
75,72,3,7.148000,7.148000
75,73,3,7.001000,7.001000
75,74,3,6.812000,6.812000
75,75,3,5.749000,5.749000
75,76,3,7.098000,7.098000
75,77,3,7.155000,7.155000
75,78,3,7.151000,7.151000
75,79,3,7.069000,7.069000
75,80,4,7.163000,7.163000
75,81,4,7.002000,7.002000
75,82,4,7.117000,7.117000
75,83,4,6.778000,6.778000
75,84,4,7.005000,7.005000
75,85,4,6.939000,6.939000
75,86,4,6.986000,6.986000
75,87,4,7.128000,7.128000
75,88,4,7.019000,7.019000
75,89,4,7.057000,7.057000
75,90,4,7.094000,7.094000
75,91,4,6.930000,6.930000
75,92,4,7.031000,7.031000
75,93,4,6.971000,6.971000
75,94,4,7.224000,7.224000
75,95,4,6.843000,6.843000
75,96,4,7.027000,7.027000
75,97,4,7.001000,7.001000
75,98,4,7.023000,7.023000
75,99,4,7.015000,7.015000
76,0,0,7.061000,7.061000
76,1,0,6.963000,6.963000
76,2,0,6.192000,6.192000
76,3,0,6.665000,6.665000
76,4,0,7.040000,7.040000
76,5,0,6.905000,6.905000
76,6,0,6.991000,6.991000
76,7,0,5.923000,5.923000
76,8,0,6.458000,6.458000
76,9,0,6.467000,6.467000
76,10,0,6.714000,6.714000
76,11,0,7.075000,7.075000
76,12,0,7.073000,7.073000
76,13,0,6.909000,6.909000
76,14,0,6.890000,6.890000
76,15,0,6.687000,6.687000
76,16,0,6.789000,6.789000
76,17,0,6.853000,6.853000
76,18,0,7.105000,7.105000
76,19,0,6.942000,6.942000
76,20,1,6.790000,6.790000
76,21,1,7.097000,7.097000
76,22,1,7.133000,7.133000
76,23,1,6.788000,6.788000
76,24,1,6.945000,6.945000
76,25,1,6.892000,6.892000
76,26,1,7.154000,7.154000
76,27,1,6.841000,6.841000
76,28,1,6.743000,6.743000
76,29,1,7.026000,7.026000
76,30,1,7.019000,7.019000
76,31,1,7.016000,7.016000
76,32,1,7.083000,7.083000
76,33,1,6.810000,6.810000
76,34,1,7.256000,7.256000
76,35,1,6.909000,6.909000
76,36,1,7.172000,7.172000
76,37,1,6.700000,6.700000
76,38,1,6.987000,6.987000
76,39,1,7.141000,7.141000
76,40,2,6.988000,6.988000
76,41,2,7.128000,7.128000
76,42,2,6.517000,6.517000
76,43,2,6.905000,6.905000
76,44,2,7.083000,7.083000
76,45,2,7.088000,7.088000
76,46,2,6.938000,6.938000
76,47,2,7.020000,7.020000
76,48,2,6.912000,6.912000
76,49,2,7.072000,7.072000
76,50,2,7.165000,7.165000
76,51,2,7.212000,7.212000
76,52,2,6.953000,6.953000
76,53,2,7.207000,7.207000
76,54,2,7.098000,7.098000
76,55,2,7.067000,7.067000
76,56,2,7.055000,7.055000
76,57,2,7.172000,7.172000
76,58,2,6.987000,6.987000
76,59,2,6.912000,6.912000
76,60,3,7.019000,7.019000
76,61,3,7.012000,7.012000
76,62,3,7.175000,7.175000
76,63,3,7.169000,7.169000
76,64,3,7.031000,7.031000
76,65,3,7.107000,7.107000
76,66,3,7.081000,7.081000
76,67,3,6.948000,6.948000
76,68,3,7.165000,7.165000
76,69,3,7.060000,7.060000
76,70,3,7.101000,7.101000
76,71,3,6.786000,6.786000
76,72,3,6.752000,6.752000
76,73,3,7.297000,7.297000
76,74,3,7.051000,7.051000
76,75,3,7.126000,7.126000
76,76,3,7.212000,7.212000
76,77,3,6.790000,6.790000
76,78,3,6.983000,6.983000
76,79,3,7.213000,7.213000
76,80,4,6.773000,6.773000
76,81,4,6.705000,6.705000
76,82,4,6.967000,6.967000
76,83,4,7.003000,7.003000
76,84,4,7.183000,7.183000
76,85,4,6.863000,6.863000
76,86,4,6.848000,6.848000
76,87,4,7.120000,7.120000
76,88,4,7.149000,7.149000
76,89,4,6.470000,6.470000
76,90,4,6.979000,6.979000
76,91,4,6.984000,6.984000
76,92,4,6.937000,6.937000
76,93,4,7.105000,7.105000
76,94,4,7.002000,7.002000
76,95,4,7.009000,7.009000
76,96,4,6.973000,6.973000
76,97,4,7.294000,7.294000
76,98,4,6.628000,6.628000
76,99,4,7.145000,7.145000
77,0,0,6.795000,6.795000
77,1,0,6.940000,6.940000
77,2,0,6.794000,6.794000
77,3,0,6.861000,6.861000
77,4,0,6.822000,6.822000
77,5,0,6.740000,6.740000
77,6,0,7.062000,7.062000
77,7,0,6.889000,6.889000
77,8,0,7.015000,7.015000
77,9,0,6.373000,6.373000
77,10,0,6.887000,6.887000
77,11,0,6.012000,6.012000
77,12,0,6.917000,6.917000
77,13,0,7.090000,7.090000
77,14,0,7.046000,7.046000
77,15,0,7.070000,7.070000
77,16,0,6.988000,6.988000
77,17,0,7.102000,7.102000
77,18,0,6.961000,6.961000
77,19,0,6.896000,6.896000
77,20,1,7.076000,7.076000
77,21,1,7.038000,7.038000
77,22,1,7.001000,7.001000
77,23,1,6.272000,6.272000
77,24,1,7.140000,7.140000
77,25,1,7.026000,7.026000
77,26,1,6.972000,6.972000
77,27,1,7.074000,7.074000
77,28,1,6.439000,6.439000
77,29,1,7.107000,7.107000
77,30,1,6.967000,6.967000
77,31,1,7.157000,7.157000
77,32,1,6.031000,6.031000
77,33,1,6.996000,6.996000
77,34,1,7.018000,7.018000
77,35,1,7.193000,7.193000
77,36,1,7.209000,7.209000
77,37,1,7.120000,7.120000
77,38,1,7.070000,7.070000
77,39,1,6.137000,6.137000
77,40,2,7.054000,7.054000
77,41,2,7.053000,7.053000
77,42,2,6.965000,6.965000
77,43,2,7.003000,7.003000
77,44,2,6.941000,6.941000
77,45,2,6.986000,6.986000
77,46,2,7.025000,7.025000
77,47,2,7.014000,7.014000
77,48,2,6.951000,6.951000
77,49,2,6.751000,6.751000
77,50,2,6.987000,6.987000
77,51,2,7.116000,7.116000
77,52,2,6.882000,6.882000
77,53,2,7.090000,7.090000
77,54,2,6.984000,6.984000
77,55,2,6.986000,6.986000
77,56,2,7.011000,7.011000
77,57,2,7.166000,7.166000
77,58,2,7.141000,7.141000
77,59,2,7.011000,7.011000
77,60,3,6.362000,6.362000
77,61,3,6.945000,6.945000
77,62,3,7.144000,7.144000
77,63,3,6.500000,6.500000
77,64,3,7.075000,7.075000
77,65,3,7.027000,7.027000
77,66,3,7.105000,7.105000
77,67,3,7.051000,7.051000
77,68,3,7.033000,7.033000
77,69,3,6.763000,6.763000
77,70,3,7.069000,7.069000
77,71,3,6.850000,6.850000
77,72,3,6.940000,6.940000
77,73,3,6.974000,6.974000
77,74,3,7.030000,7.030000
77,75,3,6.806000,6.806000
77,76,3,7.009000,7.009000
77,77,3,7.033000,7.033000
77,78,3,7.082000,7.082000
77,79,3,6.904000,6.904000
77,80,4,6.903000,6.903000
77,81,4,6.879000,6.879000
77,82,4,6.944000,6.944000
77,83,4,7.005000,7.005000
77,84,4,7.191000,7.191000
77,85,4,6.455000,6.455000
77,86,4,6.172000,6.172000
77,87,4,6.988000,6.988000
77,88,4,6.922000,6.922000
77,89,4,7.062000,7.062000
77,90,4,6.812000,6.812000
77,91,4,7.069000,7.069000
77,92,4,6.923000,6.923000
77,93,4,6.720000,6.720000
77,94,4,6.764000,6.764000
77,95,4,6.785000,6.785000
77,96,4,6.817000,6.817000
77,97,4,6.304000,6.304000
77,98,4,6.997000,6.997000
77,99,4,6.850000,6.850000
78,0,0,6.891000,6.891000
78,1,0,6.849000,6.849000
78,2,0,7.020000,7.020000
78,3,0,7.166000,7.166000
78,4,0,6.961000,6.961000
78,5,0,6.879000,6.879000
78,6,0,6.976000,6.976000
78,7,0,6.882000,6.882000
78,8,0,6.797000,6.797000
78,9,0,6.857000,6.857000
78,10,0,7.095000,7.095000
78,11,0,5.986000,5.986000
78,12,0,6.927000,6.927000
78,13,0,6.947000,6.947000
78,14,0,7.189000,7.189000
78,15,0,6.467000,6.467000
78,16,0,6.923000,6.923000
78,17,0,6.758000,6.758000
78,18,0,6.988000,6.988000
78,19,0,7.008000,7.008000
78,20,1,6.829000,6.829000
78,21,1,7.128000,7.128000
78,22,1,6.855000,6.855000
78,23,1,6.501000,6.501000
78,24,1,7.032000,7.032000
78,25,1,7.203000,7.203000
78,26,1,7.089000,7.089000
78,27,1,6.368000,6.368000
78,28,1,6.733000,6.733000
78,29,1,6.792000,6.792000
78,30,1,7.163000,7.163000
78,31,1,7.054000,7.054000
78,32,1,6.966000,6.966000
78,33,1,6.854000,6.854000
78,34,1,7.041000,7.041000
78,35,1,6.837000,6.837000
78,36,1,7.170000,7.170000
78,37,1,7.087000,7.087000
78,38,1,6.627000,6.627000
78,39,1,7.105000,7.105000
78,40,2,7.153000,7.153000
78,41,2,6.969000,6.969000
78,42,2,7.108000,7.108000
78,43,2,7.176000,7.176000
78,44,2,7.131000,7.131000
78,45,2,7.037000,7.037000
78,46,2,7.154000,7.154000
78,47,2,7.130000,7.130000
78,48,2,7.077000,7.077000
78,49,2,6.935000,6.935000
78,50,2,6.964000,6.964000
78,51,2,7.032000,7.032000
78,52,2,6.889000,6.889000
78,53,2,7.064000,7.064000
78,54,2,7.092000,7.092000
78,55,2,6.993000,6.993000
78,56,2,7.075000,7.075000
78,57,2,6.939000,6.939000
78,58,2,7.032000,7.032000
78,59,2,7.059000,7.059000
78,60,3,7.002000,7.002000
78,61,3,5.849000,5.849000
78,62,3,6.909000,6.909000
78,63,3,6.905000,6.905000
78,64,3,6.696000,6.696000
78,65,3,6.864000,6.864000
78,66,3,7.021000,7.021000
78,67,3,6.924000,6.924000
78,68,3,7.045000,7.045000
78,69,3,7.069000,7.069000
78,70,3,6.990000,6.990000
78,71,3,7.009000,7.009000
78,72,3,7.127000,7.127000
78,73,3,6.906000,6.906000
78,74,3,6.909000,6.909000
78,75,3,7.072000,7.072000
78,76,3,7.077000,7.077000
78,77,3,6.944000,6.944000
78,78,3,6.975000,6.975000
78,79,3,7.164000,7.164000
78,80,4,6.847000,6.847000
78,81,4,6.974000,6.974000
78,82,4,6.864000,6.864000
78,83,4,6.778000,6.778000
78,84,4,6.830000,6.830000
78,85,4,7.273000,7.273000
78,86,4,6.932000,6.932000
78,87,4,4.697000,4.697000
78,88,4,7.084000,7.084000
78,89,4,6.989000,6.989000
78,90,4,6.952000,6.952000
78,91,4,6.650000,6.650000
78,92,4,7.117000,7.117000
78,93,4,7.032000,7.032000
78,94,4,6.893000,6.893000
78,95,4,6.773000,6.773000
78,96,4,5.899000,5.899000
78,97,4,7.182000,7.182000
78,98,4,6.709000,6.709000
78,99,4,6.846000,6.846000
79,0,0,6.931000,6.931000
79,1,0,6.850000,6.850000
79,2,0,6.880000,6.880000
79,3,0,6.865000,6.865000
79,4,0,6.929000,6.929000
79,5,0,6.754000,6.754000
79,6,0,6.886000,6.886000
79,7,0,7.070000,7.070000
79,8,0,7.068000,7.068000
79,9,0,6.757000,6.757000
79,10,0,7.017000,7.017000
79,11,0,6.963000,6.963000
79,12,0,6.754000,6.754000
79,13,0,6.904000,6.904000
79,14,0,6.892000,6.892000
79,15,0,6.653000,6.653000
79,16,0,7.103000,7.103000
79,17,0,7.019000,7.019000
79,18,0,6.769000,6.769000
79,19,0,6.740000,6.740000
79,20,1,6.922000,6.922000
79,21,1,6.874000,6.874000
79,22,1,6.828000,6.828000
79,23,1,6.608000,6.608000
79,24,1,7.105000,7.105000
79,25,1,7.028000,7.028000
79,26,1,7.005000,7.005000
79,27,1,6.103000,6.103000
79,28,1,7.107000,7.107000
79,29,1,7.093000,7.093000
79,30,1,6.958000,6.958000
79,31,1,7.119000,7.119000
79,32,1,7.136000,7.136000
79,33,1,6.933000,6.933000
79,34,1,7.152000,7.152000
79,35,1,7.220000,7.220000
79,36,1,6.999000,6.999000
79,37,1,7.233000,7.233000
79,38,1,7.049000,7.049000
79,39,1,6.789000,6.789000
79,40,2,6.735000,6.735000
79,41,2,6.926000,6.926000
79,42,2,6.908000,6.908000
79,43,2,7.043000,7.043000
79,44,2,6.936000,6.936000
79,45,2,6.607000,6.607000
79,46,2,7.136000,7.136000
79,47,2,7.007000,7.007000
79,48,2,7.015000,7.015000
79,49,2,7.052000,7.052000
79,50,2,6.977000,6.977000
79,51,2,7.032000,7.032000
79,52,2,7.026000,7.026000
79,53,2,6.727000,6.727000
79,54,2,7.115000,7.115000
79,55,2,6.863000,6.863000
79,56,2,6.904000,6.904000
79,57,2,7.236000,7.236000
79,58,2,7.038000,7.038000
79,59,2,7.215000,7.215000
79,60,3,5.717000,5.717000
79,61,3,7.025000,7.025000
79,62,3,7.088000,7.088000
79,63,3,7.077000,7.077000
79,64,3,7.014000,7.014000
79,65,3,6.947000,6.947000
79,66,3,6.936000,6.936000
79,67,3,7.048000,7.048000
79,68,3,7.034000,7.034000
79,69,3,6.901000,6.901000
79,70,3,6.915000,6.915000
79,71,3,6.941000,6.941000
79,72,3,7.037000,7.037000
79,73,3,7.055000,7.055000
79,74,3,7.000000,7.000000
79,75,3,6.886000,6.886000
79,76,3,7.075000,7.075000
79,77,3,6.457000,6.457000
79,78,3,6.964000,6.964000
79,79,3,7.012000,7.012000
79,80,4,7.211000,7.211000
79,81,4,7.010000,7.010000
79,82,4,6.794000,6.794000
79,83,4,6.717000,6.717000
79,84,4,6.869000,6.869000
79,85,4,6.717000,6.717000
79,86,4,5.150000,5.150000
79,87,4,6.934000,6.934000
79,88,4,6.539000,6.539000
79,89,4,7.103000,7.103000
79,90,4,6.744000,6.744000
79,91,4,5.530000,5.530000
79,92,4,6.770000,6.770000
79,93,4,6.352000,6.352000
79,94,4,7.064000,7.064000
79,95,4,6.777000,6.777000
79,96,4,7.048000,7.048000
79,97,4,6.915000,6.915000
79,98,4,6.614000,6.614000
79,99,4,6.427000,6.427000
80,0,0,7.053000,7.053000
80,1,0,7.133000,7.133000
80,2,0,6.437000,6.437000
80,3,0,6.613000,6.613000
80,4,0,7.042000,7.042000
80,5,0,6.419000,6.419000
80,6,0,6.544000,6.544000
80,7,0,6.994000,6.994000
80,8,0,7.249000,7.249000
80,9,0,6.978000,6.978000
80,10,0,6.874000,6.874000
80,11,0,6.747000,6.747000
80,12,0,7.106000,7.106000
80,13,0,6.894000,6.894000
80,14,0,6.277000,6.277000
80,15,0,6.980000,6.980000
80,16,0,6.562000,6.562000
80,17,0,7.161000,7.161000
80,18,0,7.109000,7.109000
80,19,0,6.854000,6.854000
80,20,1,7.131000,7.131000
80,21,1,7.246000,7.246000
80,22,1,7.122000,7.122000
80,23,1,7.283000,7.283000
80,24,1,7.060000,7.060000
80,25,1,6.749000,6.749000
80,26,1,7.169000,7.169000
80,27,1,7.240000,7.240000
80,28,1,7.198000,7.198000
80,29,1,7.087000,7.087000
80,30,1,6.391000,6.391000
80,31,1,7.130000,7.130000
80,32,1,7.194000,7.194000
80,33,1,7.078000,7.078000
80,34,1,7.171000,7.171000
80,35,1,7.107000,7.107000
80,36,1,6.664000,6.664000
80,37,1,6.802000,6.802000
80,38,1,7.186000,7.186000
80,39,1,7.252000,7.252000
80,40,2,6.994000,6.994000
80,41,2,7.165000,7.165000
80,42,2,6.956000,6.956000
80,43,2,7.215000,7.215000
80,44,2,7.117000,7.117000
80,45,2,7.031000,7.031000
80,46,2,7.128000,7.128000
80,47,2,6.971000,6.971000
80,48,2,7.091000,7.091000
80,49,2,7.021000,7.021000
80,50,2,6.678000,6.678000
80,51,2,7.049000,7.049000
80,52,2,6.654000,6.654000
80,53,2,7.084000,7.084000
80,54,2,7.053000,7.053000
80,55,2,7.137000,7.137000
80,56,2,7.113000,7.113000
80,57,2,7.250000,7.250000
80,58,2,7.033000,7.033000
80,59,2,6.999000,6.999000
80,60,3,7.166000,7.166000
80,61,3,7.082000,7.082000
80,62,3,7.017000,7.017000
80,63,3,7.009000,7.009000
80,64,3,6.855000,6.855000
80,65,3,6.905000,6.905000
80,66,3,6.929000,6.929000
80,67,3,7.166000,7.166000
80,68,3,6.568000,6.568000
80,69,3,7.171000,7.171000
80,70,3,6.982000,6.982000
80,71,3,6.886000,6.886000
80,72,3,6.820000,6.820000
80,73,3,6.937000,6.937000
80,74,3,7.073000,7.073000
80,75,3,6.986000,6.986000
80,76,3,6.798000,6.798000
80,77,3,7.039000,7.039000
80,78,3,6.184000,6.184000
80,79,3,6.797000,6.797000
80,80,4,6.701000,6.701000
80,81,4,7.034000,7.034000
80,82,4,7.073000,7.073000
80,83,4,7.052000,7.052000
80,84,4,7.003000,7.003000
80,85,4,6.751000,6.751000
80,86,4,7.026000,7.026000
80,87,4,6.923000,6.923000
80,88,4,6.939000,6.939000
80,89,4,7.136000,7.136000
80,90,4,6.871000,6.871000
80,91,4,6.815000,6.815000
80,92,4,6.930000,6.930000
80,93,4,6.643000,6.643000
80,94,4,7.159000,7.159000
80,95,4,6.828000,6.828000
80,96,4,6.931000,6.931000
80,97,4,7.101000,7.101000
80,98,4,6.478000,6.478000
80,99,4,6.238000,6.238000
81,0,0,7.040000,7.040000
81,1,0,6.948000,6.948000
81,2,0,6.435000,6.435000
81,3,0,6.917000,6.917000
81,4,0,6.732000,6.732000
81,5,0,6.800000,6.800000
81,6,0,7.126000,7.126000
81,7,0,6.973000,6.973000
81,8,0,6.951000,6.951000
81,9,0,7.113000,7.113000
81,10,0,6.769000,6.769000
81,11,0,7.146000,7.146000
81,12,0,6.917000,6.917000
81,13,0,6.898000,6.898000
81,14,0,6.832000,6.832000
81,15,0,6.851000,6.851000
81,16,0,7.059000,7.059000
81,17,0,7.053000,7.053000
81,18,0,7.014000,7.014000
81,19,0,7.132000,7.132000
81,20,1,6.996000,6.996000
81,21,1,7.252000,7.252000
81,22,1,6.963000,6.963000
81,23,1,6.161000,6.161000
81,24,1,7.062000,7.062000
81,25,1,6.578000,6.578000
81,26,1,7.228000,7.228000
81,27,1,7.010000,7.010000
81,28,1,7.174000,7.174000
81,29,1,7.033000,7.033000
81,30,1,7.219000,7.219000
81,31,1,7.164000,7.164000
81,32,1,6.067000,6.067000
81,33,1,7.204000,7.204000
81,34,1,6.968000,6.968000
81,35,1,7.063000,7.063000
81,36,1,6.963000,6.963000
81,37,1,7.196000,7.196000
81,38,1,6.964000,6.964000
81,39,1,6.963000,6.963000
81,40,2,7.182000,7.182000
81,41,2,7.148000,7.148000
81,42,2,7.138000,7.138000
81,43,2,7.060000,7.060000
81,44,2,6.933000,6.933000
81,45,2,7.179000,7.179000
81,46,2,7.035000,7.035000
81,47,2,6.792000,6.792000
81,48,2,7.067000,7.067000
81,49,2,6.816000,6.816000
81,50,2,7.062000,7.062000
81,51,2,7.182000,7.182000
81,52,2,6.935000,6.935000
81,53,2,6.882000,6.882000
81,54,2,7.102000,7.102000
81,55,2,7.033000,7.033000
81,56,2,7.160000,7.160000
81,57,2,7.048000,7.048000
81,58,2,6.987000,6.987000
81,59,2,7.026000,7.026000
81,60,3,6.948000,6.948000
81,61,3,6.861000,6.861000
81,62,3,7.087000,7.087000
81,63,3,7.027000,7.027000
81,64,3,7.090000,7.090000
81,65,3,6.842000,6.842000
81,66,3,7.056000,7.056000
81,67,3,6.866000,6.866000
81,68,3,7.028000,7.028000
81,69,3,6.990000,6.990000
81,70,3,7.094000,7.094000
81,71,3,6.880000,6.880000
81,72,3,7.091000,7.091000
81,73,3,7.119000,7.119000
81,74,3,6.915000,6.915000
81,75,3,7.118000,7.118000
81,76,3,7.104000,7.104000
81,77,3,7.197000,7.197000
81,78,3,7.105000,7.105000
81,79,3,6.973000,6.973000
81,80,4,7.251000,7.251000
81,81,4,7.101000,7.101000
81,82,4,7.157000,7.157000
81,83,4,6.744000,6.744000
81,84,4,6.870000,6.870000
81,85,4,6.896000,6.896000
81,86,4,7.305000,7.305000
81,87,4,7.161000,7.161000
81,88,4,7.075000,7.075000
81,89,4,7.082000,7.082000
81,90,4,7.017000,7.017000
81,91,4,7.161000,7.161000
81,92,4,7.002000,7.002000
81,93,4,6.915000,6.915000
81,94,4,7.032000,7.032000
81,95,4,7.183000,7.183000
81,96,4,7.143000,7.143000
81,97,4,6.907000,6.907000
81,98,4,6.756000,6.756000
81,99,4,6.907000,6.907000
82,0,0,6.987000,6.987000
82,1,0,6.287000,6.287000
82,2,0,6.907000,6.907000
82,3,0,6.981000,6.981000
82,4,0,6.954000,6.954000
82,5,0,6.808000,6.808000
82,6,0,6.935000,6.935000
82,7,0,6.895000,6.895000
82,8,0,7.148000,7.148000
82,9,0,7.018000,7.018000
82,10,0,6.712000,6.712000
82,11,0,7.073000,7.073000
82,12,0,7.025000,7.025000
82,13,0,6.904000,6.904000
82,14,0,6.975000,6.975000
82,15,0,7.062000,7.062000
82,16,0,6.952000,6.952000
82,17,0,6.699000,6.699000
82,18,0,7.124000,7.124000
82,19,0,7.003000,7.003000
82,20,1,7.023000,7.023000
82,21,1,6.988000,6.988000
82,22,1,7.229000,7.229000
82,23,1,6.943000,6.943000
82,24,1,6.807000,6.807000
82,25,1,7.109000,7.109000
82,26,1,7.148000,7.148000
82,27,1,7.121000,7.121000
82,28,1,6.992000,6.992000
82,29,1,6.971000,6.971000
82,30,1,7.026000,7.026000
82,31,1,6.715000,6.715000
82,32,1,6.868000,6.868000
82,33,1,7.157000,7.157000
82,34,1,7.146000,7.146000
82,35,1,7.019000,7.019000
82,36,1,6.806000,6.806000
82,37,1,7.014000,7.014000
82,38,1,6.915000,6.915000
82,39,1,7.244000,7.244000
82,40,2,6.833000,6.833000
82,41,2,6.943000,6.943000
82,42,2,7.015000,7.015000
82,43,2,7.130000,7.130000
82,44,2,7.146000,7.146000
82,45,2,6.815000,6.815000
82,46,2,6.896000,6.896000
82,47,2,7.144000,7.144000
82,48,2,7.148000,7.148000
82,49,2,6.933000,6.933000
82,50,2,7.202000,7.202000
82,51,2,6.946000,6.946000
82,52,2,7.368000,7.368000
82,53,2,6.461000,6.461000
82,54,2,7.102000,7.102000
82,55,2,7.082000,7.082000
82,56,2,7.103000,7.103000
82,57,2,7.131000,7.131000
82,58,2,7.101000,7.101000
82,59,2,6.942000,6.942000
82,60,3,6.953000,6.953000
82,61,3,6.988000,6.988000
82,62,3,6.883000,6.883000
82,63,3,7.085000,7.085000
82,64,3,7.086000,7.086000
82,65,3,6.554000,6.554000
82,66,3,6.945000,6.945000
82,67,3,6.997000,6.997000
82,68,3,7.187000,7.187000
82,69,3,6.597000,6.597000
82,70,3,6.893000,6.893000
82,71,3,6.599000,6.599000
82,72,3,6.989000,6.989000
82,73,3,6.864000,6.864000
82,74,3,6.962000,6.962000
82,75,3,7.129000,7.129000
82,76,3,7.093000,7.093000
82,77,3,4.817000,4.817000
82,78,3,7.143000,7.143000
82,79,3,6.967000,6.967000
82,80,4,6.780000,6.780000
82,81,4,7.194000,7.194000
82,82,4,6.273000,6.273000
82,83,4,6.989000,6.989000
82,84,4,7.018000,7.018000
82,85,4,6.765000,6.765000
82,86,4,6.950000,6.950000
82,87,4,5.732000,5.732000
82,88,4,7.094000,7.094000
82,89,4,7.050000,7.050000
82,90,4,6.951000,6.951000
82,91,4,6.999000,6.999000
82,92,4,7.175000,7.175000
82,93,4,7.205000,7.205000
82,94,4,7.068000,7.068000
82,95,4,5.713000,5.713000
82,96,4,6.912000,6.912000
82,97,4,7.105000,7.105000
82,98,4,7.140000,7.140000
82,99,4,6.926000,6.926000
83,0,0,7.050000,7.050000
83,1,0,6.849000,6.849000
83,2,0,7.066000,7.066000
83,3,0,6.950000,6.950000
83,4,0,6.804000,6.804000
83,5,0,6.696000,6.696000
83,6,0,6.733000,6.733000
83,7,0,7.065000,7.065000
83,8,0,6.997000,6.997000
83,9,0,7.075000,7.075000
83,10,0,7.035000,7.035000
83,11,0,6.477000,6.477000
83,12,0,5.596000,5.596000
83,13,0,7.286000,7.286000
83,14,0,6.665000,6.665000
83,15,0,6.881000,6.881000
83,16,0,6.871000,6.871000
83,17,0,6.788000,6.788000
83,18,0,6.900000,6.900000
83,19,0,6.734000,6.734000
83,20,1,6.952000,6.952000
83,21,1,7.078000,7.078000
83,22,1,7.232000,7.232000
83,23,1,7.233000,7.233000
83,24,1,7.082000,7.082000
83,25,1,7.023000,7.023000
83,26,1,6.713000,6.713000
83,27,1,7.294000,7.294000
83,28,1,7.243000,7.243000
83,29,1,6.966000,6.966000
83,30,1,7.024000,7.024000
83,31,1,7.093000,7.093000
83,32,1,7.021000,7.021000
83,33,1,6.943000,6.943000
83,34,1,7.105000,7.105000
83,35,1,7.175000,7.175000
83,36,1,6.994000,6.994000
83,37,1,7.032000,7.032000
83,38,1,7.076000,7.076000
83,39,1,7.143000,7.143000
83,40,2,7.027000,7.027000
83,41,2,7.032000,7.032000
83,42,2,7.208000,7.208000
83,43,2,7.115000,7.115000
83,44,2,7.065000,7.065000
83,45,2,7.188000,7.188000
83,46,2,7.039000,7.039000
83,47,2,7.288000,7.288000
83,48,2,7.283000,7.283000
83,49,2,7.217000,7.217000
83,50,2,6.996000,6.996000
83,51,2,7.037000,7.037000
83,52,2,6.976000,6.976000
83,53,2,7.195000,7.195000
83,54,2,7.201000,7.201000
83,55,2,7.042000,7.042000
83,56,2,7.088000,7.088000
83,57,2,6.267000,6.267000
83,58,2,7.149000,7.149000
83,59,2,7.056000,7.056000
83,60,3,6.798000,6.798000
83,61,3,7.267000,7.267000
83,62,3,6.990000,6.990000
83,63,3,7.123000,7.123000
83,64,3,7.077000,7.077000
83,65,3,6.905000,6.905000
83,66,3,6.741000,6.741000
83,67,3,6.883000,6.883000
83,68,3,6.872000,6.872000
83,69,3,6.717000,6.717000
83,70,3,6.985000,6.985000
83,71,3,6.879000,6.879000
83,72,3,7.103000,7.103000
83,73,3,6.918000,6.918000
83,74,3,5.478000,5.478000
83,75,3,6.957000,6.957000
83,76,3,7.177000,7.177000
83,77,3,7.049000,7.049000
83,78,3,6.986000,6.986000
83,79,3,6.788000,6.788000
83,80,4,7.075000,7.075000
83,81,4,5.401000,5.401000
83,82,4,6.708000,6.708000
83,83,4,7.123000,7.123000
83,84,4,6.910000,6.910000
83,85,4,5.121000,5.121000
83,86,4,7.076000,7.076000
83,87,4,6.598000,6.598000
83,88,4,5.811000,5.811000
83,89,4,6.918000,6.918000
83,90,4,7.066000,7.066000
83,91,4,6.681000,6.681000
83,92,4,6.198000,6.198000
83,93,4,7.162000,7.162000
83,94,4,7.039000,7.039000
83,95,4,6.953000,6.953000
83,96,4,7.036000,7.036000
83,97,4,7.224000,7.224000
83,98,4,6.700000,6.700000
83,99,4,6.154000,6.154000
84,0,0,6.864000,6.864000
84,1,0,6.656000,6.656000
84,2,0,6.914000,6.914000
84,3,0,6.980000,6.980000
84,4,0,6.921000,6.921000
84,5,0,6.972000,6.972000
84,6,0,7.026000,7.026000
84,7,0,6.755000,6.755000
84,8,0,7.091000,7.091000
84,9,0,6.657000,6.657000
84,10,0,6.930000,6.930000
84,11,0,6.798000,6.798000
84,12,0,6.858000,6.858000
84,13,0,5.988000,5.988000
84,14,0,6.914000,6.914000
84,15,0,7.088000,7.088000
84,16,0,7.090000,7.090000
84,17,0,6.982000,6.982000
84,18,0,7.066000,7.066000
84,19,0,7.000000,7.000000
84,20,1,6.505000,6.505000
84,21,1,7.281000,7.281000
84,22,1,6.933000,6.933000
84,23,1,7.039000,7.039000
84,24,1,6.915000,6.915000
84,25,1,7.059000,7.059000
84,26,1,7.239000,7.239000
84,27,1,7.026000,7.026000
84,28,1,6.656000,6.656000
84,29,1,7.159000,7.159000
84,30,1,6.853000,6.853000
84,31,1,7.234000,7.234000
84,32,1,6.950000,6.950000
84,33,1,7.289000,7.289000
84,34,1,6.917000,6.917000
84,35,1,6.994000,6.994000
84,36,1,6.824000,6.824000
84,37,1,7.078000,7.078000
84,38,1,7.004000,7.004000
84,39,1,6.855000,6.855000
84,40,2,6.794000,6.794000
84,41,2,7.295000,7.295000
84,42,2,7.187000,7.187000
84,43,2,7.118000,7.118000
84,44,2,7.075000,7.075000
84,45,2,6.978000,6.978000
84,46,2,7.276000,7.276000
84,47,2,7.043000,7.043000
84,48,2,7.284000,7.284000
84,49,2,6.996000,6.996000
84,50,2,7.210000,7.210000
84,51,2,7.198000,7.198000
84,52,2,7.263000,7.263000
84,53,2,6.959000,6.959000
84,54,2,7.128000,7.128000
84,55,2,6.016000,6.016000
84,56,2,7.267000,7.267000
84,57,2,7.225000,7.225000
84,58,2,7.224000,7.224000
84,59,2,7.241000,7.241000
84,60,3,6.870000,6.870000
84,61,3,6.877000,6.877000
84,62,3,6.852000,6.852000
84,63,3,6.902000,6.902000
84,64,3,6.993000,6.993000
84,65,3,6.510000,6.510000
84,66,3,6.960000,6.960000
84,67,3,7.016000,7.016000
84,68,3,6.741000,6.741000
84,69,3,6.459000,6.459000
84,70,3,6.976000,6.976000
84,71,3,7.017000,7.017000
84,72,3,7.106000,7.106000
84,73,3,7.130000,7.130000
84,74,3,6.960000,6.960000
84,75,3,7.169000,7.169000
84,76,3,6.970000,6.970000
84,77,3,6.954000,6.954000
84,78,3,6.909000,6.909000
84,79,3,6.550000,6.550000
84,80,4,6.554000,6.554000
84,81,4,6.567000,6.567000
84,82,4,6.941000,6.941000
84,83,4,6.783000,6.783000
84,84,4,7.039000,7.039000
84,85,4,7.021000,7.021000
84,86,4,7.048000,7.048000
84,87,4,4.195000,4.195000
84,88,4,6.516000,6.516000
84,89,4,7.048000,7.048000
84,90,4,6.445000,6.445000
84,91,4,6.932000,6.932000
84,92,4,5.095000,5.095000
84,93,4,7.049000,7.049000
84,94,4,6.853000,6.853000
84,95,4,6.646000,6.646000
84,96,4,6.770000,6.770000
84,97,4,6.649000,6.649000
84,98,4,6.967000,6.967000
84,99,4,7.053000,7.053000
85,0,0,7.063000,7.063000
85,1,0,6.788000,6.788000
85,2,0,6.825000,6.825000
85,3,0,6.614000,6.614000
85,4,0,6.695000,6.695000
85,5,0,6.474000,6.474000
85,6,0,7.020000,7.020000
85,7,0,6.996000,6.996000
85,8,0,6.818000,6.818000
85,9,0,6.889000,6.889000
85,10,0,6.813000,6.813000
85,11,0,6.795000,6.795000
85,12,0,6.980000,6.980000
85,13,0,6.933000,6.933000
85,14,0,6.651000,6.651000
85,15,0,6.808000,6.808000
85,16,0,7.128000,7.128000
85,17,0,6.852000,6.852000
85,18,0,6.947000,6.947000
85,19,0,6.548000,6.548000
85,20,1,6.863000,6.863000
85,21,1,7.149000,7.149000
85,22,1,7.222000,7.222000
85,23,1,7.215000,7.215000
85,24,1,7.041000,7.041000
85,25,1,7.194000,7.194000
85,26,1,7.215000,7.215000
85,27,1,7.161000,7.161000
85,28,1,6.952000,6.952000
85,29,1,7.182000,7.182000
85,30,1,7.001000,7.001000
85,31,1,7.082000,7.082000
85,32,1,7.235000,7.235000
85,33,1,6.798000,6.798000
85,34,1,6.879000,6.879000
85,35,1,7.147000,7.147000
85,36,1,7.076000,7.076000
85,37,1,6.714000,6.714000
85,38,1,7.091000,7.091000
85,39,1,6.698000,6.698000
85,40,2,7.204000,7.204000
85,41,2,6.688000,6.688000
85,42,2,6.943000,6.943000
85,43,2,7.172000,7.172000
85,44,2,7.031000,7.031000
85,45,2,7.274000,7.274000
85,46,2,7.041000,7.041000
85,47,2,7.129000,7.129000
85,48,2,7.229000,7.229000
85,49,2,7.154000,7.154000
85,50,2,7.205000,7.205000
85,51,2,7.074000,7.074000
85,52,2,6.851000,6.851000
85,53,2,6.983000,6.983000
85,54,2,6.559000,6.559000
85,55,2,7.153000,7.153000
85,56,2,6.933000,6.933000
85,57,2,7.278000,7.278000
85,58,2,7.147000,7.147000
85,59,2,7.271000,7.271000
85,60,3,6.784000,6.784000
85,61,3,7.171000,7.171000
85,62,3,7.057000,7.057000
85,63,3,7.070000,7.070000
85,64,3,7.060000,7.060000
85,65,3,6.847000,6.847000
85,66,3,6.928000,6.928000
85,67,3,6.925000,6.925000
85,68,3,7.017000,7.017000
85,69,3,6.911000,6.911000
85,70,3,6.607000,6.607000
85,71,3,6.773000,6.773000
85,72,3,7.035000,7.035000
85,73,3,6.568000,6.568000
85,74,3,7.190000,7.190000
85,75,3,7.001000,7.001000
85,76,3,7.165000,7.165000
85,77,3,7.048000,7.048000
85,78,3,7.112000,7.112000
85,79,3,7.077000,7.077000
85,80,4,7.042000,7.042000
85,81,4,5.387000,5.387000
85,82,4,6.969000,6.969000
85,83,4,6.959000,6.959000
85,84,4,6.775000,6.775000
85,85,4,6.981000,6.981000
85,86,4,6.546000,6.546000
85,87,4,7.016000,7.016000
85,88,4,5.937000,5.937000
85,89,4,6.716000,6.716000
85,90,4,7.132000,7.132000
85,91,4,6.754000,6.754000
85,92,4,6.755000,6.755000
85,93,4,6.458000,6.458000
85,94,4,7.180000,7.180000
85,95,4,6.902000,6.902000
85,96,4,7.058000,7.058000
85,97,4,6.953000,6.953000
85,98,4,7.209000,7.209000
85,99,4,6.926000,6.926000
86,0,0,7.117000,7.117000
86,1,0,5.436000,5.436000
86,2,0,6.952000,6.952000
86,3,0,6.922000,6.922000
86,4,0,7.011000,7.011000
86,5,0,7.061000,7.061000
86,6,0,6.520000,6.520000
86,7,0,7.154000,7.154000
86,8,0,6.971000,6.971000
86,9,0,6.850000,6.850000
86,10,0,6.767000,6.767000
86,11,0,6.962000,6.962000
86,12,0,6.886000,6.886000
86,13,0,7.080000,7.080000
86,14,0,7.204000,7.204000
86,15,0,7.033000,7.033000
86,16,0,6.931000,6.931000
86,17,0,7.114000,7.114000
86,18,0,6.914000,6.914000
86,19,0,6.968000,6.968000
86,20,1,7.120000,7.120000
86,21,1,7.018000,7.018000
86,22,1,6.861000,6.861000
86,23,1,6.602000,6.602000
86,24,1,6.508000,6.508000
86,25,1,6.360000,6.360000
86,26,1,6.856000,6.856000
86,27,1,6.721000,6.721000
86,28,1,6.904000,6.904000
86,29,1,7.165000,7.165000
86,30,1,7.017000,7.017000
86,31,1,7.208000,7.208000
86,32,1,6.439000,6.439000
86,33,1,6.943000,6.943000
86,34,1,4.916000,4.916000
86,35,1,7.094000,7.094000
86,36,1,5.114000,5.114000
86,37,1,6.957000,6.957000
86,38,1,7.030000,7.030000
86,39,1,7.239000,7.239000
86,40,2,7.302000,7.302000
86,41,2,7.307000,7.307000
86,42,2,7.311000,7.311000
86,43,2,6.799000,6.799000
86,44,2,7.073000,7.073000
86,45,2,7.138000,7.138000
86,46,2,7.332000,7.332000
86,47,2,6.917000,6.917000
86,48,2,7.161000,7.161000
86,49,2,7.057000,7.057000
86,50,2,7.042000,7.042000
86,51,2,7.079000,7.079000
86,52,2,6.846000,6.846000
86,53,2,7.128000,7.128000
86,54,2,7.218000,7.218000
86,55,2,6.433000,6.433000
86,56,2,6.670000,6.670000
86,57,2,7.278000,7.278000
86,58,2,6.707000,6.707000
86,59,2,7.077000,7.077000
86,60,3,6.985000,6.985000
86,61,3,6.816000,6.816000
86,62,3,7.046000,7.046000
86,63,3,6.960000,6.960000
86,64,3,7.239000,7.239000
86,65,3,6.948000,6.948000
86,66,3,7.124000,7.124000
86,67,3,6.915000,6.915000
86,68,3,6.968000,6.968000
86,69,3,6.932000,6.932000
86,70,3,6.887000,6.887000
86,71,3,6.725000,6.725000
86,72,3,7.103000,7.103000
86,73,3,6.892000,6.892000
86,74,3,6.703000,6.703000
86,75,3,6.964000,6.964000
86,76,3,6.936000,6.936000
86,77,3,7.209000,7.209000
86,78,3,6.998000,6.998000
86,79,3,6.941000,6.941000
86,80,4,6.758000,6.758000
86,81,4,7.015000,7.015000
86,82,4,6.433000,6.433000
86,83,4,7.087000,7.087000
86,84,4,6.270000,6.270000
86,85,4,6.896000,6.896000
86,86,4,6.816000,6.816000
86,87,4,6.862000,6.862000
86,88,4,7.016000,7.016000
86,89,4,6.784000,6.784000
86,90,4,6.021000,6.021000
86,91,4,6.626000,6.626000
86,92,4,6.668000,6.668000
86,93,4,7.105000,7.105000
86,94,4,6.929000,6.929000
86,95,4,6.794000,6.794000
86,96,4,6.783000,6.783000
86,97,4,7.055000,7.055000
86,98,4,6.911000,6.911000
86,99,4,6.984000,6.984000
87,0,0,6.782000,6.782000
87,1,0,6.781000,6.781000
87,2,0,7.065000,7.065000
87,3,0,6.416000,6.416000
87,4,0,7.184000,7.184000
87,5,0,6.862000,6.862000
87,6,0,6.566000,6.566000
87,7,0,7.083000,7.083000
87,8,0,6.924000,6.924000
87,9,0,6.932000,6.932000
87,10,0,6.958000,6.958000
87,11,0,7.127000,7.127000
87,12,0,6.283000,6.283000
87,13,0,6.994000,6.994000
87,14,0,6.886000,6.886000
87,15,0,7.021000,7.021000
87,16,0,6.587000,6.587000
87,17,0,6.914000,6.914000
87,18,0,6.533000,6.533000
87,19,0,7.070000,7.070000
87,20,1,7.015000,7.015000
87,21,1,7.119000,7.119000
87,22,1,7.087000,7.087000
87,23,1,6.990000,6.990000
87,24,1,7.147000,7.147000
87,25,1,7.154000,7.154000
87,26,1,7.220000,7.220000
87,27,1,6.932000,6.932000
87,28,1,6.871000,6.871000
87,29,1,6.971000,6.971000
87,30,1,7.197000,7.197000
87,31,1,6.866000,6.866000
87,32,1,7.165000,7.165000
87,33,1,6.999000,6.999000
87,34,1,6.626000,6.626000
87,35,1,6.891000,6.891000
87,36,1,7.214000,7.214000
87,37,1,6.504000,6.504000
87,38,1,6.998000,6.998000
87,39,1,7.215000,7.215000
87,40,2,7.239000,7.239000
87,41,2,7.268000,7.268000
87,42,2,6.622000,6.622000
87,43,2,6.963000,6.963000
87,44,2,6.972000,6.972000
87,45,2,7.082000,7.082000
87,46,2,6.822000,6.822000
87,47,2,6.602000,6.602000
87,48,2,7.215000,7.215000
87,49,2,7.108000,7.108000
87,50,2,7.383000,7.383000
87,51,2,7.225000,7.225000
87,52,2,6.959000,6.959000
87,53,2,7.023000,7.023000
87,54,2,7.062000,7.062000
87,55,2,6.531000,6.531000
87,56,2,7.263000,7.263000
87,57,2,7.002000,7.002000
87,58,2,6.879000,6.879000
87,59,2,7.238000,7.238000
87,60,3,6.926000,6.926000
87,61,3,7.042000,7.042000
87,62,3,7.111000,7.111000
87,63,3,6.844000,6.844000
87,64,3,6.992000,6.992000
87,65,3,7.094000,7.094000
87,66,3,6.184000,6.184000
87,67,3,6.768000,6.768000
87,68,3,6.683000,6.683000
87,69,3,6.736000,6.736000
87,70,3,6.949000,6.949000
87,71,3,7.041000,7.041000
87,72,3,6.473000,6.473000
87,73,3,7.054000,7.054000
87,74,3,7.110000,7.110000
87,75,3,6.379000,6.379000
87,76,3,5.867000,5.867000
87,77,3,6.937000,6.937000
87,78,3,6.889000,6.889000
87,79,3,6.083000,6.083000
87,80,4,6.894000,6.894000
87,81,4,6.903000,6.903000
87,82,4,6.732000,6.732000
87,83,4,7.197000,7.197000
87,84,4,6.937000,6.937000
87,85,4,7.135000,7.135000
87,86,4,6.737000,6.737000
87,87,4,5.904000,5.904000
87,88,4,7.044000,7.044000
87,89,4,7.150000,7.150000
87,90,4,6.676000,6.676000
87,91,4,7.000000,7.000000
87,92,4,7.100000,7.100000
87,93,4,7.006000,7.006000
87,94,4,6.538000,6.538000
87,95,4,7.129000,7.129000
87,96,4,7.105000,7.105000
87,97,4,7.035000,7.035000
87,98,4,7.092000,7.092000
87,99,4,7.141000,7.141000
88,0,0,7.125000,7.125000
88,1,0,7.223000,7.223000
88,2,0,6.999000,6.999000
88,3,0,7.209000,7.209000
88,4,0,6.690000,6.690000
88,5,0,7.080000,7.080000
88,6,0,6.849000,6.849000
88,7,0,7.000000,7.000000
88,8,0,6.549000,6.549000
88,9,0,6.586000,6.586000
88,10,0,7.018000,7.018000
88,11,0,6.090000,6.090000
88,12,0,6.861000,6.861000
88,13,0,7.090000,7.090000
88,14,0,6.716000,6.716000
88,15,0,6.932000,6.932000
88,16,0,7.003000,7.003000
88,17,0,7.017000,7.017000
88,18,0,6.709000,6.709000
88,19,0,6.941000,6.941000
88,20,1,7.019000,7.019000
88,21,1,7.129000,7.129000
88,22,1,7.144000,7.144000
88,23,1,7.098000,7.098000
88,24,1,7.230000,7.230000
88,25,1,7.099000,7.099000
88,26,1,6.915000,6.915000
88,27,1,7.032000,7.032000
88,28,1,6.706000,6.706000
88,29,1,6.994000,6.994000
88,30,1,7.093000,7.093000
88,31,1,7.171000,7.171000
88,32,1,7.183000,7.183000
88,33,1,7.247000,7.247000
88,34,1,6.875000,6.875000
88,35,1,7.131000,7.131000
88,36,1,7.051000,7.051000
88,37,1,5.599000,5.599000
88,38,1,6.893000,6.893000
88,39,1,7.210000,7.210000
88,40,2,7.048000,7.048000
88,41,2,6.999000,6.999000
88,42,2,7.155000,7.155000
88,43,2,6.958000,6.958000
88,44,2,7.209000,7.209000
88,45,2,6.578000,6.578000
88,46,2,7.004000,7.004000
88,47,2,6.981000,6.981000
88,48,2,7.063000,7.063000
88,49,2,7.298000,7.298000
88,50,2,7.176000,7.176000
88,51,2,6.790000,6.790000
88,52,2,7.106000,7.106000
88,53,2,7.125000,7.125000
88,54,2,7.080000,7.080000
88,55,2,6.639000,6.639000
88,56,2,7.055000,7.055000
88,57,2,7.069000,7.069000
88,58,2,7.219000,7.219000
88,59,2,7.345000,7.345000
88,60,3,6.931000,6.931000
88,61,3,7.019000,7.019000
88,62,3,6.912000,6.912000
88,63,3,7.067000,7.067000
88,64,3,6.251000,6.251000
88,65,3,7.051000,7.051000
88,66,3,6.968000,6.968000
88,67,3,7.141000,7.141000
88,68,3,7.094000,7.094000
88,69,3,5.812000,5.812000
88,70,3,7.227000,7.227000
88,71,3,7.034000,7.034000
88,72,3,6.990000,6.990000
88,73,3,6.942000,6.942000
88,74,3,7.020000,7.020000
88,75,3,6.883000,6.883000
88,76,3,6.947000,6.947000
88,77,3,6.909000,6.909000
88,78,3,7.189000,7.189000
88,79,3,7.070000,7.070000
88,80,4,7.003000,7.003000
88,81,4,6.910000,6.910000
88,82,4,6.937000,6.937000
88,83,4,7.027000,7.027000
88,84,4,6.380000,6.380000
88,85,4,6.881000,6.881000
88,86,4,6.905000,6.905000
88,87,4,6.982000,6.982000
88,88,4,5.762000,5.762000
88,89,4,6.983000,6.983000
88,90,4,7.093000,7.093000
88,91,4,6.696000,6.696000
88,92,4,6.832000,6.832000
88,93,4,6.745000,6.745000
88,94,4,6.986000,6.986000
88,95,4,5.568000,5.568000
88,96,4,7.098000,7.098000
88,97,4,6.931000,6.931000
88,98,4,7.035000,7.035000
88,99,4,7.013000,7.013000
89,0,0,7.100000,7.100000
89,1,0,6.888000,6.888000
89,2,0,6.863000,6.863000
89,3,0,6.884000,6.884000
89,4,0,7.030000,7.030000
89,5,0,6.828000,6.828000
89,6,0,6.762000,6.762000
89,7,0,7.265000,7.265000
89,8,0,7.093000,7.093000
89,9,0,7.100000,7.100000
89,10,0,6.821000,6.821000
89,11,0,6.840000,6.840000
89,12,0,6.984000,6.984000
89,13,0,7.147000,7.147000
89,14,0,6.889000,6.889000
89,15,0,7.357000,7.357000
89,16,0,6.637000,6.637000
89,17,0,7.148000,7.148000
89,18,0,7.163000,7.163000
89,19,0,6.134000,6.134000
89,20,1,7.290000,7.290000
89,21,1,6.890000,6.890000
89,22,1,6.325000,6.325000
89,23,1,6.813000,6.813000
89,24,1,7.175000,7.175000
89,25,1,6.912000,6.912000
89,26,1,6.053000,6.053000
89,27,1,7.014000,7.014000
89,28,1,7.061000,7.061000
89,29,1,6.914000,6.914000
89,30,1,6.731000,6.731000
89,31,1,6.984000,6.984000
89,32,1,7.114000,7.114000
89,33,1,6.636000,6.636000
89,34,1,6.996000,6.996000
89,35,1,6.969000,6.969000
89,36,1,7.119000,7.119000
89,37,1,7.186000,7.186000
89,38,1,7.274000,7.274000
89,39,1,7.249000,7.249000
89,40,2,6.948000,6.948000
89,41,2,6.950000,6.950000
89,42,2,7.193000,7.193000
89,43,2,7.146000,7.146000
89,44,2,6.784000,6.784000
89,45,2,7.163000,7.163000
89,46,2,7.078000,7.078000
89,47,2,7.203000,7.203000
89,48,2,6.916000,6.916000
89,49,2,6.967000,6.967000
89,50,2,6.851000,6.851000
89,51,2,7.135000,7.135000
89,52,2,7.151000,7.151000
89,53,2,6.951000,6.951000
89,54,2,7.092000,7.092000
89,55,2,7.014000,7.014000
89,56,2,7.052000,7.052000
89,57,2,7.213000,7.213000
89,58,2,7.035000,7.035000
89,59,2,7.077000,7.077000
89,60,3,7.168000,7.168000
89,61,3,7.170000,7.170000
89,62,3,7.049000,7.049000
89,63,3,7.163000,7.163000
89,64,3,6.880000,6.880000
89,65,3,7.012000,7.012000
89,66,3,6.795000,6.795000
89,67,3,6.923000,6.923000
89,68,3,7.069000,7.069000
89,69,3,7.143000,7.143000
89,70,3,7.117000,7.117000
89,71,3,7.095000,7.095000
89,72,3,6.788000,6.788000
89,73,3,6.761000,6.761000
89,74,3,6.394000,6.394000
89,75,3,6.820000,6.820000
89,76,3,6.711000,6.711000
89,77,3,7.202000,7.202000
89,78,3,6.349000,6.349000
89,79,3,6.667000,6.667000
89,80,4,7.105000,7.105000
89,81,4,7.157000,7.157000
89,82,4,7.034000,7.034000
89,83,4,7.113000,7.113000
89,84,4,7.219000,7.219000
89,85,4,7.247000,7.247000
89,86,4,6.844000,6.844000
89,87,4,6.788000,6.788000
89,88,4,6.723000,6.723000
89,89,4,7.178000,7.178000
89,90,4,7.019000,7.019000
89,91,4,5.913000,5.913000
89,92,4,7.074000,7.074000
89,93,4,6.746000,6.746000
89,94,4,7.022000,7.022000
89,95,4,7.176000,7.176000
89,96,4,7.227000,7.227000
89,97,4,7.068000,7.068000
89,98,4,6.905000,6.905000
89,99,4,6.271000,6.271000
90,0,0,7.251000,7.251000
90,1,0,6.786000,6.786000
90,2,0,6.942000,6.942000
90,3,0,7.172000,7.172000
90,4,0,7.026000,7.026000
90,5,0,6.826000,6.826000
90,6,0,6.530000,6.530000
90,7,0,6.955000,6.955000
90,8,0,7.109000,7.109000
90,9,0,6.465000,6.465000
90,10,0,7.085000,7.085000
90,11,0,6.940000,6.940000
90,12,0,6.916000,6.916000
90,13,0,7.181000,7.181000
90,14,0,6.903000,6.903000
90,15,0,7.027000,7.027000
90,16,0,6.624000,6.624000
90,17,0,6.997000,6.997000
90,18,0,6.778000,6.778000
90,19,0,7.055000,7.055000
90,20,1,7.088000,7.088000
90,21,1,6.996000,6.996000
90,22,1,7.019000,7.019000
90,23,1,6.876000,6.876000
90,24,1,7.293000,7.293000
90,25,1,6.796000,6.796000
90,26,1,7.141000,7.141000
90,27,1,7.387000,7.387000
90,28,1,7.093000,7.093000
90,29,1,7.209000,7.209000
90,30,1,7.215000,7.215000
90,31,1,6.807000,6.807000
90,32,1,7.178000,7.178000
90,33,1,7.030000,7.030000
90,34,1,6.780000,6.780000
90,35,1,6.998000,6.998000
90,36,1,7.165000,7.165000
90,37,1,5.994000,5.994000
90,38,1,6.882000,6.882000
90,39,1,6.905000,6.905000
90,40,2,7.046000,7.046000
90,41,2,7.086000,7.086000
90,42,2,7.069000,7.069000
90,43,2,7.113000,7.113000
90,44,2,7.191000,7.191000
90,45,2,7.157000,7.157000
90,46,2,7.097000,7.097000
90,47,2,6.845000,6.845000
90,48,2,7.085000,7.085000
90,49,2,6.969000,6.969000
90,50,2,7.072000,7.072000
90,51,2,7.005000,7.005000
90,52,2,7.050000,7.050000
90,53,2,7.249000,7.249000
90,54,2,7.044000,7.044000
90,55,2,7.130000,7.130000
90,56,2,7.133000,7.133000
90,57,2,7.029000,7.029000
90,58,2,6.917000,6.917000
90,59,2,7.183000,7.183000
90,60,3,6.782000,6.782000
90,61,3,7.056000,7.056000
90,62,3,7.062000,7.062000
90,63,3,7.072000,7.072000
90,64,3,7.098000,7.098000
90,65,3,6.988000,6.988000
90,66,3,7.108000,7.108000
90,67,3,7.070000,7.070000
90,68,3,7.084000,7.084000
90,69,3,6.993000,6.993000
90,70,3,7.068000,7.068000
90,71,3,7.168000,7.168000
90,72,3,6.897000,6.897000
90,73,3,7.159000,7.159000
90,74,3,6.995000,6.995000
90,75,3,7.090000,7.090000
90,76,3,7.024000,7.024000
90,77,3,7.144000,7.144000
90,78,3,7.117000,7.117000
90,79,3,7.051000,7.051000
90,80,4,7.301000,7.301000
90,81,4,7.138000,7.138000
90,82,4,7.095000,7.095000
90,83,4,6.926000,6.926000
90,84,4,7.069000,7.069000
90,85,4,7.088000,7.088000
90,86,4,7.001000,7.001000
90,87,4,7.236000,7.236000
90,88,4,7.180000,7.180000
90,89,4,7.030000,7.030000
90,90,4,6.941000,6.941000
90,91,4,7.192000,7.192000
90,92,4,7.014000,7.014000
90,93,4,7.092000,7.092000
90,94,4,6.896000,6.896000
90,95,4,6.953000,6.953000
90,96,4,7.147000,7.147000
90,97,4,7.135000,7.135000
90,98,4,7.038000,7.038000
90,99,4,6.972000,6.972000
91,0,0,6.247000,6.247000
91,1,0,7.113000,7.113000
91,2,0,6.918000,6.918000
91,3,0,7.022000,7.022000
91,4,0,7.187000,7.187000
91,5,0,6.823000,6.823000
91,6,0,6.791000,6.791000
91,7,0,7.143000,7.143000
91,8,0,7.021000,7.021000
91,9,0,7.346000,7.346000
91,10,0,7.185000,7.185000
91,11,0,7.031000,7.031000
91,12,0,6.914000,6.914000
91,13,0,7.076000,7.076000
91,14,0,7.051000,7.051000
91,15,0,7.127000,7.127000
91,16,0,5.370000,5.370000
91,17,0,7.296000,7.296000
91,18,0,6.699000,6.699000
91,19,0,6.684000,6.684000
91,20,1,6.997000,6.997000
91,21,1,7.091000,7.091000
91,22,1,7.212000,7.212000
91,23,1,7.217000,7.217000
91,24,1,7.210000,7.210000
91,25,1,7.225000,7.225000
91,26,1,6.993000,6.993000
91,27,1,7.176000,7.176000
91,28,1,7.097000,7.097000
91,29,1,7.433000,7.433000
91,30,1,6.982000,6.982000
91,31,1,7.167000,7.167000
91,32,1,7.093000,7.093000
91,33,1,7.077000,7.077000
91,34,1,7.019000,7.019000
91,35,1,7.166000,7.166000
91,36,1,6.864000,6.864000
91,37,1,7.216000,7.216000
91,38,1,7.125000,7.125000
91,39,1,6.893000,6.893000
91,40,2,6.974000,6.974000
91,41,2,7.115000,7.115000
91,42,2,7.062000,7.062000
91,43,2,7.143000,7.143000
91,44,2,7.006000,7.006000
91,45,2,7.130000,7.130000
91,46,2,7.264000,7.264000
91,47,2,7.048000,7.048000
91,48,2,6.884000,6.884000
91,49,2,7.140000,7.140000
91,50,2,7.154000,7.154000
91,51,2,7.156000,7.156000
91,52,2,7.214000,7.214000
91,53,2,7.040000,7.040000
91,54,2,6.731000,6.731000
91,55,2,7.126000,7.126000
91,56,2,7.070000,7.070000
91,57,2,6.870000,6.870000
91,58,2,7.288000,7.288000
91,59,2,7.143000,7.143000
91,60,3,7.025000,7.025000
91,61,3,6.962000,6.962000
91,62,3,7.035000,7.035000
91,63,3,7.092000,7.092000
91,64,3,6.907000,6.907000
91,65,3,7.099000,7.099000
91,66,3,7.077000,7.077000
91,67,3,6.836000,6.836000
91,68,3,7.192000,7.192000
91,69,3,7.187000,7.187000
91,70,3,6.940000,6.940000
91,71,3,7.026000,7.026000
91,72,3,7.022000,7.022000
91,73,3,7.144000,7.144000
91,74,3,7.067000,7.067000
91,75,3,7.055000,7.055000
91,76,3,7.075000,7.075000
91,77,3,6.969000,6.969000
91,78,3,7.086000,7.086000
91,79,3,7.136000,7.136000
91,80,4,6.996000,6.996000
91,81,4,7.020000,7.020000
91,82,4,7.020000,7.020000
91,83,4,6.703000,6.703000
91,84,4,7.152000,7.152000
91,85,4,6.623000,6.623000
91,86,4,6.979000,6.979000
91,87,4,6.899000,6.899000
91,88,4,7.231000,7.231000
91,89,4,7.005000,7.005000
91,90,4,7.012000,7.012000
91,91,4,6.957000,6.957000
91,92,4,7.110000,7.110000
91,93,4,7.117000,7.117000
91,94,4,7.142000,7.142000
91,95,4,7.087000,7.087000
91,96,4,6.212000,6.212000
91,97,4,6.992000,6.992000
91,98,4,7.132000,7.132000
91,99,4,6.960000,6.960000
92,0,0,6.408000,6.408000
92,1,0,6.999000,6.999000
92,2,0,6.819000,6.819000
92,3,0,5.843000,5.843000
92,4,0,7.203000,7.203000
92,5,0,6.951000,6.951000
92,6,0,6.926000,6.926000
92,7,0,6.912000,6.912000
92,8,0,7.304000,7.304000
92,9,0,6.938000,6.938000
92,10,0,7.079000,7.079000
92,11,0,6.749000,6.749000
92,12,0,6.931000,6.931000
92,13,0,6.680000,6.680000
92,14,0,7.043000,7.043000
92,15,0,7.046000,7.046000
92,16,0,7.240000,7.240000
92,17,0,7.161000,7.161000
92,18,0,6.884000,6.884000
92,19,0,6.975000,6.975000
92,20,1,6.874000,6.874000
92,21,1,7.072000,7.072000
92,22,1,7.112000,7.112000
92,23,1,7.263000,7.263000
92,24,1,7.135000,7.135000
92,25,1,6.722000,6.722000
92,26,1,6.997000,6.997000
92,27,1,7.158000,7.158000
92,28,1,5.890000,5.890000
92,29,1,7.005000,7.005000
92,30,1,6.618000,6.618000
92,31,1,7.244000,7.244000
92,32,1,6.978000,6.978000
92,33,1,7.063000,7.063000
92,34,1,6.984000,6.984000
92,35,1,6.635000,6.635000
92,36,1,6.317000,6.317000
92,37,1,6.936000,6.936000
92,38,1,7.059000,7.059000
92,39,1,6.983000,6.983000
92,40,2,7.051000,7.051000
92,41,2,7.234000,7.234000
92,42,2,6.992000,6.992000
92,43,2,7.249000,7.249000
92,44,2,7.075000,7.075000
92,45,2,7.185000,7.185000
92,46,2,6.877000,6.877000
92,47,2,7.099000,7.099000
92,48,2,7.022000,7.022000
92,49,2,7.273000,7.273000
92,50,2,7.126000,7.126000
92,51,2,7.089000,7.089000
92,52,2,6.704000,6.704000
92,53,2,7.158000,7.158000
92,54,2,7.127000,7.127000
92,55,2,7.039000,7.039000
92,56,2,7.029000,7.029000
92,57,2,7.128000,7.128000
92,58,2,7.357000,7.357000
92,59,2,7.165000,7.165000
92,60,3,6.850000,6.850000
92,61,3,6.983000,6.983000
92,62,3,7.053000,7.053000
92,63,3,7.062000,7.062000
92,64,3,7.226000,7.226000
92,65,3,6.934000,6.934000
92,66,3,7.080000,7.080000
92,67,3,6.891000,6.891000
92,68,3,7.041000,7.041000
92,69,3,6.918000,6.918000
92,70,3,6.805000,6.805000
92,71,3,7.152000,7.152000
92,72,3,7.118000,7.118000
92,73,3,6.873000,6.873000
92,74,3,7.052000,7.052000
92,75,3,6.831000,6.831000
92,76,3,6.774000,6.774000
92,77,3,7.059000,7.059000
92,78,3,7.035000,7.035000
92,79,3,7.021000,7.021000
92,80,4,7.035000,7.035000
92,81,4,7.128000,7.128000
92,82,4,6.979000,6.979000
92,83,4,7.201000,7.201000
92,84,4,7.163000,7.163000
92,85,4,7.223000,7.223000
92,86,4,7.262000,7.262000
92,87,4,7.041000,7.041000
92,88,4,6.949000,6.949000
92,89,4,5.128000,5.128000
92,90,4,6.970000,6.970000
92,91,4,6.660000,6.660000
92,92,4,7.053000,7.053000
92,93,4,7.224000,7.224000
92,94,4,7.232000,7.232000
92,95,4,7.117000,7.117000
92,96,4,7.091000,7.091000
92,97,4,7.169000,7.169000
92,98,4,7.146000,7.146000
92,99,4,6.674000,6.674000
93,0,0,7.075000,7.075000
93,1,0,6.929000,6.929000
93,2,0,7.140000,7.140000
93,3,0,7.032000,7.032000
93,4,0,7.153000,7.153000
93,5,0,6.917000,6.917000
93,6,0,6.491000,6.491000
93,7,0,7.283000,7.283000
93,8,0,7.056000,7.056000
93,9,0,7.037000,7.037000
93,10,0,7.328000,7.328000
93,11,0,7.319000,7.319000
93,12,0,7.194000,7.194000
93,13,0,7.109000,7.109000
93,14,0,7.086000,7.086000
93,15,0,6.962000,6.962000
93,16,0,7.263000,7.263000
93,17,0,6.961000,6.961000
93,18,0,6.922000,6.922000
93,19,0,7.239000,7.239000
93,20,1,7.205000,7.205000
93,21,1,7.297000,7.297000
93,22,1,6.620000,6.620000
93,23,1,7.173000,7.173000
93,24,1,6.951000,6.951000
93,25,1,7.161000,7.161000
93,26,1,7.035000,7.035000
93,27,1,7.283000,7.283000
93,28,1,6.803000,6.803000
93,29,1,7.177000,7.177000
93,30,1,6.870000,6.870000
93,31,1,7.089000,7.089000
93,32,1,7.140000,7.140000
93,33,1,6.700000,6.700000
93,34,1,7.237000,7.237000
93,35,1,7.090000,7.090000
93,36,1,7.075000,7.075000
93,37,1,6.527000,6.527000
93,38,1,7.253000,7.253000
93,39,1,6.693000,6.693000
93,40,2,7.325000,7.325000
93,41,2,7.013000,7.013000
93,42,2,7.171000,7.171000
93,43,2,7.155000,7.155000
93,44,2,7.112000,7.112000
93,45,2,7.196000,7.196000
93,46,2,7.126000,7.126000
93,47,2,6.585000,6.585000
93,48,2,7.175000,7.175000
93,49,2,7.097000,7.097000
93,50,2,6.949000,6.949000
93,51,2,7.062000,7.062000
93,52,2,7.134000,7.134000
93,53,2,7.281000,7.281000
93,54,2,7.032000,7.032000
93,55,2,7.021000,7.021000
93,56,2,7.055000,7.055000
93,57,2,6.918000,6.918000
93,58,2,7.292000,7.292000
93,59,2,6.901000,6.901000
93,60,3,7.030000,7.030000
93,61,3,7.183000,7.183000
93,62,3,6.734000,6.734000
93,63,3,6.949000,6.949000
93,64,3,6.615000,6.615000
93,65,3,7.126000,7.126000
93,66,3,7.150000,7.150000
93,67,3,6.720000,6.720000
93,68,3,6.824000,6.824000
93,69,3,6.821000,6.821000
93,70,3,7.034000,7.034000
93,71,3,7.048000,7.048000
93,72,3,6.875000,6.875000
93,73,3,7.080000,7.080000
93,74,3,6.691000,6.691000
93,75,3,6.841000,6.841000
93,76,3,7.067000,7.067000
93,77,3,7.181000,7.181000
93,78,3,6.904000,6.904000
93,79,3,6.908000,6.908000
93,80,4,7.188000,7.188000
93,81,4,6.406000,6.406000
93,82,4,6.889000,6.889000
93,83,4,7.107000,7.107000
93,84,4,7.151000,7.151000
93,85,4,7.055000,7.055000
93,86,4,6.586000,6.586000
93,87,4,6.996000,6.996000
93,88,4,7.188000,7.188000
93,89,4,7.091000,7.091000
93,90,4,7.056000,7.056000
93,91,4,7.082000,7.082000
93,92,4,7.054000,7.054000
93,93,4,7.091000,7.091000
93,94,4,6.867000,6.867000
93,95,4,7.012000,7.012000
93,96,4,6.992000,6.992000
93,97,4,7.185000,7.185000
93,98,4,7.190000,7.190000
93,99,4,7.108000,7.108000
94,0,0,7.125000,7.125000
94,1,0,6.929000,6.929000
94,2,0,7.206000,7.206000
94,3,0,6.879000,6.879000
94,4,0,6.892000,6.892000
94,5,0,7.214000,7.214000
94,6,0,7.331000,7.331000
94,7,0,7.018000,7.018000
94,8,0,6.995000,6.995000
94,9,0,6.955000,6.955000
94,10,0,7.009000,7.009000
94,11,0,7.264000,7.264000
94,12,0,6.872000,6.872000
94,13,0,6.647000,6.647000
94,14,0,7.026000,7.026000
94,15,0,6.868000,6.868000
94,16,0,7.091000,7.091000
94,17,0,7.097000,7.097000
94,18,0,6.767000,6.767000
94,19,0,6.433000,6.433000
94,20,1,7.104000,7.104000
94,21,1,6.906000,6.906000
94,22,1,7.158000,7.158000
94,23,1,6.964000,6.964000
94,24,1,6.916000,6.916000
94,25,1,6.641000,6.641000
94,26,1,7.148000,7.148000
94,27,1,7.068000,7.068000
94,28,1,7.232000,7.232000
94,29,1,7.044000,7.044000
94,30,1,7.140000,7.140000
94,31,1,6.964000,6.964000
94,32,1,7.158000,7.158000
94,33,1,7.333000,7.333000
94,34,1,7.021000,7.021000
94,35,1,6.956000,6.956000
94,36,1,7.022000,7.022000
94,37,1,6.857000,6.857000
94,38,1,7.369000,7.369000
94,39,1,7.169000,7.169000
94,40,2,7.148000,7.148000
94,41,2,7.116000,7.116000
94,42,2,6.905000,6.905000
94,43,2,7.264000,7.264000
94,44,2,7.125000,7.125000
94,45,2,7.039000,7.039000
94,46,2,6.712000,6.712000
94,47,2,7.109000,7.109000
94,48,2,7.255000,7.255000
94,49,2,7.208000,7.208000
94,50,2,7.163000,7.163000
94,51,2,7.028000,7.028000
94,52,2,6.562000,6.562000
94,53,2,7.126000,7.126000
94,54,2,7.157000,7.157000
94,55,2,7.279000,7.279000
94,56,2,6.887000,6.887000
94,57,2,7.064000,7.064000
94,58,2,7.039000,7.039000
94,59,2,7.064000,7.064000
94,60,3,7.046000,7.046000
94,61,3,6.544000,6.544000
94,62,3,6.884000,6.884000
94,63,3,6.888000,6.888000
94,64,3,7.028000,7.028000
94,65,3,6.810000,6.810000
94,66,3,6.872000,6.872000
94,67,3,7.080000,7.080000
94,68,3,6.993000,6.993000
94,69,3,7.028000,7.028000
94,70,3,7.031000,7.031000
94,71,3,7.104000,7.104000
94,72,3,7.144000,7.144000
94,73,3,6.846000,6.846000
94,74,3,6.962000,6.962000
94,75,3,6.812000,6.812000
94,76,3,7.146000,7.146000
94,77,3,6.928000,6.928000
94,78,3,7.044000,7.044000
94,79,3,7.084000,7.084000
94,80,4,6.983000,6.983000
94,81,4,7.132000,7.132000
94,82,4,7.197000,7.197000
94,83,4,7.114000,7.114000
94,84,4,7.209000,7.209000
94,85,4,6.989000,6.989000
94,86,4,6.937000,6.937000
94,87,4,6.916000,6.916000
94,88,4,7.240000,7.240000
94,89,4,7.172000,7.172000
94,90,4,7.159000,7.159000
94,91,4,7.230000,7.230000
94,92,4,7.129000,7.129000
94,93,4,7.114000,7.114000
94,94,4,6.926000,6.926000
94,95,4,7.096000,7.096000
94,96,4,7.155000,7.155000
94,97,4,7.078000,7.078000
94,98,4,7.220000,7.220000
94,99,4,7.072000,7.072000
95,0,0,7.151000,7.151000
95,1,0,6.951000,6.951000
95,2,0,7.150000,7.150000
95,3,0,7.190000,7.190000
95,4,0,6.995000,6.995000
95,5,0,6.933000,6.933000
95,6,0,7.128000,7.128000
95,7,0,7.061000,7.061000
95,8,0,7.149000,7.149000
95,9,0,7.237000,7.237000
95,10,0,7.171000,7.171000
95,11,0,7.245000,7.245000
95,12,0,7.002000,7.002000
95,13,0,7.185000,7.185000
95,14,0,7.172000,7.172000
95,15,0,6.872000,6.872000
95,16,0,6.970000,6.970000
95,17,0,7.038000,7.038000
95,18,0,7.078000,7.078000
95,19,0,6.341000,6.341000
95,20,1,7.227000,7.227000
95,21,1,7.132000,7.132000
95,22,1,7.221000,7.221000
95,23,1,7.143000,7.143000
95,24,1,7.113000,7.113000
95,25,1,6.707000,6.707000
95,26,1,7.252000,7.252000
95,27,1,6.940000,6.940000
95,28,1,7.237000,7.237000
95,29,1,7.124000,7.124000
95,30,1,7.010000,7.010000
95,31,1,7.167000,7.167000
95,32,1,6.992000,6.992000
95,33,1,6.821000,6.821000
95,34,1,7.062000,7.062000
95,35,1,7.056000,7.056000
95,36,1,7.147000,7.147000
95,37,1,6.345000,6.345000
95,38,1,6.819000,6.819000
95,39,1,7.236000,7.236000
95,40,2,6.624000,6.624000
95,41,2,7.244000,7.244000
95,42,2,6.676000,6.676000
95,43,2,7.169000,7.169000
95,44,2,6.901000,6.901000
95,45,2,6.901000,6.901000
95,46,2,7.018000,7.018000
95,47,2,6.728000,6.728000
95,48,2,6.982000,6.982000
95,49,2,6.645000,6.645000
95,50,2,7.017000,7.017000
95,51,2,7.080000,7.080000
95,52,2,6.987000,6.987000
95,53,2,7.285000,7.285000
95,54,2,6.973000,6.973000
95,55,2,7.045000,7.045000
95,56,2,7.064000,7.064000
95,57,2,6.177000,6.177000
95,58,2,7.137000,7.137000
95,59,2,7.044000,7.044000
95,60,3,6.877000,6.877000
95,61,3,7.141000,7.141000
95,62,3,7.211000,7.211000
95,63,3,7.052000,7.052000
95,64,3,6.876000,6.876000
95,65,3,6.982000,6.982000
95,66,3,6.883000,6.883000
95,67,3,6.945000,6.945000
95,68,3,6.880000,6.880000
95,69,3,7.093000,7.093000
95,70,3,6.892000,6.892000
95,71,3,7.105000,7.105000
95,72,3,6.455000,6.455000
95,73,3,6.845000,6.845000
95,74,3,6.763000,6.763000
95,75,3,6.964000,6.964000
95,76,3,6.997000,6.997000
95,77,3,7.052000,7.052000
95,78,3,6.855000,6.855000
95,79,3,6.492000,6.492000
95,80,4,6.711000,6.711000
95,81,4,7.206000,7.206000
95,82,4,7.174000,7.174000
95,83,4,7.225000,7.225000
95,84,4,6.980000,6.980000
95,85,4,6.991000,6.991000
95,86,4,7.227000,7.227000
95,87,4,6.887000,6.887000
95,88,4,7.271000,7.271000
95,89,4,7.154000,7.154000
95,90,4,7.185000,7.185000
95,91,4,6.891000,6.891000
95,92,4,7.235000,7.235000
95,93,4,7.112000,7.112000
95,94,4,7.027000,7.027000
95,95,4,7.267000,7.267000
95,96,4,7.080000,7.080000
95,97,4,7.024000,7.024000
95,98,4,7.255000,7.255000
95,99,4,7.200000,7.200000
96,0,0,6.863000,6.863000
96,1,0,5.848000,5.848000
96,2,0,7.107000,7.107000
96,3,0,7.126000,7.126000
96,4,0,6.848000,6.848000
96,5,0,6.460000,6.460000
96,6,0,7.007000,7.007000
96,7,0,7.186000,7.186000
96,8,0,6.850000,6.850000
96,9,0,7.197000,7.197000
96,10,0,7.298000,7.298000
96,11,0,6.713000,6.713000
96,12,0,6.916000,6.916000
96,13,0,7.270000,7.270000
96,14,0,7.194000,7.194000
96,15,0,7.076000,7.076000
96,16,0,6.513000,6.513000
96,17,0,6.600000,6.600000
96,18,0,6.890000,6.890000
96,19,0,7.044000,7.044000
96,20,1,7.071000,7.071000
96,21,1,7.245000,7.245000
96,22,1,7.125000,7.125000
96,23,1,7.087000,7.087000
96,24,1,6.488000,6.488000
96,25,1,7.047000,7.047000
96,26,1,7.360000,7.360000
96,27,1,6.601000,6.601000
96,28,1,6.978000,6.978000
96,29,1,7.136000,7.136000
96,30,1,7.374000,7.374000
96,31,1,6.980000,6.980000
96,32,1,7.046000,7.046000
96,33,1,6.937000,6.937000
96,34,1,7.164000,7.164000
96,35,1,6.769000,6.769000
96,36,1,6.938000,6.938000
96,37,1,7.124000,7.124000
96,38,1,7.237000,7.237000
96,39,1,7.028000,7.028000
96,40,2,7.155000,7.155000
96,41,2,7.168000,7.168000
96,42,2,7.113000,7.113000
96,43,2,7.055000,7.055000
96,44,2,6.910000,6.910000
96,45,2,7.049000,7.049000
96,46,2,7.232000,7.232000
96,47,2,7.011000,7.011000
96,48,2,7.122000,7.122000
96,49,2,6.671000,6.671000
96,50,2,7.288000,7.288000
96,51,2,7.178000,7.178000
96,52,2,7.072000,7.072000
96,53,2,7.131000,7.131000
96,54,2,7.141000,7.141000
96,55,2,6.787000,6.787000
96,56,2,7.079000,7.079000
96,57,2,7.161000,7.161000
96,58,2,7.152000,7.152000
96,59,2,7.243000,7.243000
96,60,3,6.720000,6.720000
96,61,3,6.877000,6.877000
96,62,3,6.997000,6.997000
96,63,3,6.883000,6.883000
96,64,3,6.975000,6.975000
96,65,3,6.874000,6.874000
96,66,3,6.770000,6.770000
96,67,3,7.028000,7.028000
96,68,3,6.536000,6.536000
96,69,3,7.049000,7.049000
96,70,3,6.987000,6.987000
96,71,3,6.544000,6.544000
96,72,3,6.706000,6.706000
96,73,3,6.605000,6.605000
96,74,3,6.474000,6.474000
96,75,3,6.704000,6.704000
96,76,3,7.070000,7.070000
96,77,3,7.075000,7.075000
96,78,3,6.973000,6.973000
96,79,3,7.100000,7.100000
96,80,4,7.164000,7.164000
96,81,4,6.381000,6.381000
96,82,4,7.106000,7.106000
96,83,4,6.791000,6.791000
96,84,4,7.103000,7.103000
96,85,4,7.158000,7.158000
96,86,4,7.133000,7.133000
96,87,4,7.002000,7.002000
96,88,4,7.085000,7.085000
96,89,4,7.023000,7.023000
96,90,4,7.020000,7.020000
96,91,4,6.834000,6.834000
96,92,4,7.235000,7.235000
96,93,4,7.307000,7.307000
96,94,4,7.188000,7.188000
96,95,4,7.052000,7.052000
96,96,4,6.878000,6.878000
96,97,4,6.838000,6.838000
96,98,4,6.982000,6.982000
96,99,4,7.091000,7.091000
97,0,0,6.580000,6.580000
97,1,0,7.112000,7.112000
97,2,0,6.970000,6.970000
97,3,0,7.057000,7.057000
97,4,0,6.992000,6.992000
97,5,0,7.175000,7.175000
97,6,0,6.872000,6.872000
97,7,0,6.068000,6.068000
97,8,0,6.888000,6.888000
97,9,0,7.189000,7.189000
97,10,0,7.000000,7.000000
97,11,0,6.565000,6.565000
97,12,0,7.043000,7.043000
97,13,0,7.039000,7.039000
97,14,0,6.968000,6.968000
97,15,0,6.902000,6.902000
97,16,0,7.003000,7.003000
97,17,0,6.806000,6.806000
97,18,0,6.641000,6.641000
97,19,0,7.003000,7.003000
97,20,1,7.178000,7.178000
97,21,1,7.314000,7.314000
97,22,1,6.870000,6.870000
97,23,1,7.111000,7.111000
97,24,1,7.191000,7.191000
97,25,1,7.225000,7.225000
97,26,1,7.156000,7.156000
97,27,1,7.306000,7.306000
97,28,1,7.122000,7.122000
97,29,1,7.173000,7.173000
97,30,1,7.118000,7.118000
97,31,1,6.946000,6.946000
97,32,1,7.326000,7.326000
97,33,1,6.794000,6.794000
97,34,1,6.894000,6.894000
97,35,1,7.203000,7.203000
97,36,1,7.046000,7.046000
97,37,1,6.933000,6.933000
97,38,1,7.225000,7.225000
97,39,1,7.293000,7.293000
97,40,2,7.214000,7.214000
97,41,2,6.877000,6.877000
97,42,2,7.224000,7.224000
97,43,2,7.142000,7.142000
97,44,2,6.994000,6.994000
97,45,2,7.185000,7.185000
97,46,2,7.011000,7.011000
97,47,2,7.073000,7.073000
97,48,2,7.063000,7.063000
97,49,2,7.325000,7.325000
97,50,2,6.498000,6.498000
97,51,2,7.084000,7.084000
97,52,2,7.390000,7.390000
97,53,2,6.969000,6.969000
97,54,2,7.199000,7.199000
97,55,2,7.305000,7.305000
97,56,2,7.280000,7.280000
97,57,2,7.189000,7.189000
97,58,2,7.125000,7.125000
97,59,2,7.146000,7.146000
97,60,3,7.008000,7.008000
97,61,3,6.909000,6.909000
97,62,3,6.891000,6.891000
97,63,3,7.023000,7.023000
97,64,3,6.874000,6.874000
97,65,3,6.781000,6.781000
97,66,3,7.089000,7.089000
97,67,3,7.001000,7.001000
97,68,3,6.979000,6.979000
97,69,3,7.230000,7.230000
97,70,3,6.982000,6.982000
97,71,3,6.468000,6.468000
97,72,3,6.852000,6.852000
97,73,3,7.136000,7.136000
97,74,3,7.041000,7.041000
97,75,3,6.842000,6.842000
97,76,3,7.177000,7.177000
97,77,3,7.093000,7.093000
97,78,3,6.854000,6.854000
97,79,3,6.530000,6.530000
97,80,4,7.091000,7.091000
97,81,4,7.376000,7.376000
97,82,4,7.141000,7.141000
97,83,4,7.090000,7.090000
97,84,4,6.984000,6.984000
97,85,4,7.129000,7.129000
97,86,4,7.177000,7.177000
97,87,4,7.209000,7.209000
97,88,4,7.046000,7.046000
97,89,4,7.051000,7.051000
97,90,4,7.063000,7.063000
97,91,4,7.060000,7.060000
97,92,4,7.091000,7.091000
97,93,4,7.235000,7.235000
97,94,4,6.956000,6.956000
97,95,4,7.299000,7.299000
97,96,4,7.153000,7.153000
97,97,4,6.713000,6.713000
97,98,4,7.266000,7.266000
97,99,4,7.146000,7.146000
98,0,0,7.031000,7.031000
98,1,0,7.240000,7.240000
98,2,0,6.756000,6.756000
98,3,0,7.267000,7.267000
98,4,0,7.400000,7.400000
98,5,0,6.986000,6.986000
98,6,0,7.094000,7.094000
98,7,0,7.175000,7.175000
98,8,0,7.059000,7.059000
98,9,0,6.970000,6.970000
98,10,0,7.135000,7.135000
98,11,0,6.651000,6.651000
98,12,0,7.061000,7.061000
98,13,0,6.723000,6.723000
98,14,0,7.167000,7.167000
98,15,0,6.936000,6.936000
98,16,0,7.291000,7.291000
98,17,0,7.025000,7.025000
98,18,0,7.276000,7.276000
98,19,0,7.125000,7.125000
98,20,1,7.237000,7.237000
98,21,1,7.290000,7.290000
98,22,1,7.170000,7.170000
98,23,1,7.201000,7.201000
98,24,1,7.405000,7.405000
98,25,1,6.562000,6.562000
98,26,1,7.076000,7.076000
98,27,1,7.093000,7.093000
98,28,1,7.101000,7.101000
98,29,1,6.128000,6.128000
98,30,1,6.965000,6.965000
98,31,1,7.182000,7.182000
98,32,1,7.302000,7.302000
98,33,1,7.072000,7.072000
98,34,1,6.214000,6.214000
98,35,1,6.722000,6.722000
98,36,1,7.329000,7.329000
98,37,1,7.080000,7.080000
98,38,1,6.745000,6.745000
98,39,1,7.339000,7.339000
98,40,2,7.059000,7.059000
98,41,2,7.055000,7.055000
98,42,2,7.173000,7.173000
98,43,2,6.936000,6.936000
98,44,2,7.233000,7.233000
98,45,2,6.790000,6.790000
98,46,2,7.116000,7.116000
98,47,2,6.795000,6.795000
98,48,2,7.128000,7.128000
98,49,2,6.790000,6.790000
98,50,2,6.842000,6.842000
98,51,2,7.250000,7.250000
98,52,2,7.157000,7.157000
98,53,2,7.163000,7.163000
98,54,2,7.047000,7.047000
98,55,2,7.251000,7.251000
98,56,2,7.208000,7.208000
98,57,2,7.375000,7.375000
98,58,2,7.172000,7.172000
98,59,2,7.212000,7.212000
98,60,3,6.997000,6.997000
98,61,3,6.967000,6.967000
98,62,3,6.956000,6.956000
98,63,3,6.947000,6.947000
98,64,3,7.020000,7.020000
98,65,3,6.735000,6.735000
98,66,3,6.891000,6.891000
98,67,3,6.639000,6.639000
98,68,3,7.283000,7.283000
98,69,3,6.917000,6.917000
98,70,3,7.036000,7.036000
98,71,3,7.126000,7.126000
98,72,3,6.977000,6.977000
98,73,3,6.999000,6.999000
98,74,3,7.024000,7.024000
98,75,3,7.062000,7.062000
98,76,3,6.949000,6.949000
98,77,3,7.035000,7.035000
98,78,3,7.060000,7.060000
98,79,3,6.774000,6.774000
98,80,4,7.289000,7.289000
98,81,4,7.367000,7.367000
98,82,4,7.204000,7.204000
98,83,4,6.724000,6.724000
98,84,4,6.716000,6.716000
98,85,4,7.176000,7.176000
98,86,4,7.173000,7.173000
98,87,4,6.878000,6.878000
98,88,4,7.109000,7.109000
98,89,4,7.246000,7.246000
98,90,4,6.747000,6.747000
98,91,4,7.186000,7.186000
98,92,4,7.192000,7.192000
98,93,4,7.007000,7.007000
98,94,4,7.253000,7.253000
98,95,4,7.300000,7.300000
98,96,4,6.993000,6.993000
98,97,4,6.929000,6.929000
98,98,4,6.382000,6.382000
98,99,4,7.089000,7.089000
99,0,0,7.329000,7.329000
99,1,0,6.706000,6.706000
99,2,0,7.068000,7.068000
99,3,0,6.752000,6.752000
99,4,0,6.843000,6.843000
99,5,0,7.132000,7.132000
99,6,0,6.484000,6.484000
99,7,0,7.089000,7.089000
99,8,0,7.162000,7.162000
99,9,0,7.120000,7.120000
99,10,0,7.012000,7.012000
99,11,0,4.856000,4.856000
99,12,0,7.385000,7.385000
99,13,0,6.871000,6.871000
99,14,0,7.357000,7.357000
99,15,0,6.963000,6.963000
99,16,0,7.067000,7.067000
99,17,0,7.271000,7.271000
99,18,0,7.148000,7.148000
99,19,0,7.307000,7.307000
99,20,1,6.999000,6.999000
99,21,1,7.102000,7.102000
99,22,1,7.078000,7.078000
99,23,1,7.119000,7.119000
99,24,1,7.238000,7.238000
99,25,1,6.881000,6.881000
99,26,1,7.168000,7.168000
99,27,1,7.064000,7.064000
99,28,1,7.089000,7.089000
99,29,1,7.144000,7.144000
99,30,1,7.069000,7.069000
99,31,1,7.034000,7.034000
99,32,1,7.187000,7.187000
99,33,1,5.720000,5.720000
99,34,1,6.318000,6.318000
99,35,1,7.068000,7.068000
99,36,1,7.229000,7.229000
99,37,1,7.029000,7.029000
99,38,1,7.113000,7.113000
99,39,1,7.098000,7.098000
99,40,2,7.017000,7.017000
99,41,2,7.123000,7.123000
99,42,2,6.863000,6.863000
99,43,2,7.122000,7.122000
99,44,2,6.469000,6.469000
99,45,2,7.115000,7.115000
99,46,2,6.917000,6.917000
99,47,2,7.225000,7.225000
99,48,2,7.164000,7.164000
99,49,2,7.186000,7.186000
99,50,2,7.059000,7.059000
99,51,2,7.126000,7.126000
99,52,2,7.232000,7.232000
99,53,2,7.040000,7.040000
99,54,2,7.225000,7.225000
99,55,2,7.150000,7.150000
99,56,2,7.123000,7.123000
99,57,2,6.999000,6.999000
99,58,2,7.241000,7.241000
99,59,2,7.016000,7.016000
99,60,3,7.110000,7.110000
99,61,3,6.864000,6.864000
99,62,3,7.162000,7.162000
99,63,3,6.755000,6.755000
99,64,3,6.810000,6.810000
99,65,3,7.131000,7.131000
99,66,3,7.136000,7.136000
99,67,3,6.447000,6.447000
99,68,3,7.037000,7.037000
99,69,3,6.558000,6.558000
99,70,3,6.724000,6.724000
99,71,3,6.286000,6.286000
99,72,3,7.008000,7.008000
99,73,3,6.713000,6.713000
99,74,3,6.880000,6.880000
99,75,3,6.805000,6.805000
99,76,3,6.926000,6.926000
99,77,3,7.025000,7.025000
99,78,3,6.940000,6.940000
99,79,3,6.917000,6.917000
99,80,4,7.174000,7.174000
99,81,4,7.041000,7.041000
99,82,4,6.662000,6.662000
99,83,4,7.149000,7.149000
99,84,4,7.217000,7.217000
99,85,4,6.870000,6.870000
99,86,4,7.237000,7.237000
99,87,4,7.145000,7.145000
99,88,4,7.095000,7.095000
99,89,4,6.394000,6.394000
99,90,4,6.749000,6.749000
99,91,4,6.810000,6.810000
99,92,4,6.962000,6.962000
99,93,4,6.623000,6.623000
99,94,4,7.069000,7.069000
99,95,4,7.258000,7.258000
99,96,4,7.225000,7.225000
99,97,4,6.836000,6.836000
99,98,4,7.276000,7.276000
99,99,4,6.798000,6.798000
